coefficient,rule_id,canonical_rule,relation,rule_role,global_support,discovery_effect_class,scope_candidate_frozen
-0.18174204135983255,rule_0013f5001834df67,purpose has different explicit values,different_value,RULE_CANDIDATE,12,UNCERTAIN,UNCERTAIN
-0.18409015851119723,rule_001e9e5140280b39,base_type has different explicit values,different_value,RULE_CANDIDATE,63,NEGATIVE,CATEGORY_SPECIFIC
-0.9067219705959155,rule_0034fc42d6b2dbf9,gemstone_insert is explicitly known on only one side,missing_one_side,CONTEXT_ONLY,69,NEGATIVE,CATEGORY_SPECIFIC
-0.713684289860009,rule_004c75dc5b95a55f,decoration is explicitly known on only one side,missing_one_side,CONTEXT_ONLY,52,NEGATIVE,GLOBAL
0.4009237114129129,rule_005ad7b6970ee99a,puzzle_type has different explicit values,different_value,RULE_CANDIDATE,16,UNCERTAIN,UNCERTAIN
-0.16105147267027198,rule_00674f02d74047be,seat_location is explicitly known on only one side,missing_one_side,CONTEXT_ONLY,11,UNCERTAIN,UNCERTAIN
-0.30745498833145135,rule_008b813c8c12564d,guitar_size has different explicit values,different_value,RULE_CANDIDATE,12,UNCERTAIN,UNCERTAIN
-0.06686651507389449,rule_008f8c94b3a41494,gpu_memory_capacity has different explicit values,different_value,RULE_CANDIDATE,13,UNCERTAIN,CATEGORY_SPECIFIC
-0.024902214382787547,rule_0091290dacf7ce39,scale_length is explicitly known on only one side,missing_one_side,CONTEXT_ONLY,138,UNCERTAIN,UNCERTAIN
0.06592940006007794,rule_00a60745e8c2f71b,stone_count is explicitly known on only one side,missing_one_side,CONTEXT_ONLY,28,UNCERTAIN,UNCERTAIN
-0.6025747736836825,rule_00c50f995184f9b3,hook_size is explicitly known on only one side,missing_one_side,CONTEXT_ONLY,42,NEGATIVE,CATEGORY_SPECIFIC
0.4058501758961897,rule_00d9fac5537672d9,connectivity is explicitly known on only one side,missing_one_side,CONTEXT_ONLY,15,UNCERTAIN,CATEGORY_SPECIFIC
-0.5863850394624701,rule_00f9cd446880112a,back_length_cm is explicitly known on only one side,missing_one_side,CONTEXT_ONLY,14,UNCERTAIN,CATEGORY_SPECIFIC
-0.02632899894205584,rule_011b2b09cec51b79,pickup_configuration is explicitly known on only one side,missing_one_side,CONTEXT_ONLY,50,UNCERTAIN,UNCERTAIN
0.20838111331369835,rule_01268c77b75b5e3a,product_type has a subset or specificity difference,specificity_difference,RULE_CANDIDATE,183,POSITIVE,GLOBAL
-0.3363285593964974,rule_0137d6ea2ccb0a50,item_length is explicitly known on only one side,missing_one_side,CONTEXT_ONLY,10,UNCERTAIN,UNCERTAIN
0.052985157523459996,rule_01b017ef63e2f992,gemstone_cut is explicitly known on only one side,missing_one_side,CONTEXT_ONLY,13,UNCERTAIN,UNCERTAIN
0.17997317727097947,rule_01d9f8077d7cb58e,game_type has different explicit values,different_value,RULE_CANDIDATE,46,POSITIVE,CATEGORY_SPECIFIC
0.11274742711167629,rule_01e2fbdb30425625,special_effect is explicitly known on only one side,missing_one_side,CONTEXT_ONLY,35,UNCERTAIN,UNCERTAIN
-0.1333039556354436,rule_0217ed3b9d781e48,seat_height has different explicit values,different_value,RULE_CANDIDATE,81,UNCERTAIN,UNCERTAIN
0.5163707453815594,rule_021c39fcef98a382,feed_class has different explicit values,different_value,RULE_CANDIDATE,40,POSITIVE,CATEGORY_SPECIFIC
0.21833556326712295,rule_025224df1948cd6d,laundry_purpose has different explicit values,different_value,RULE_CANDIDATE,13,UNCERTAIN,UNCERTAIN
-0.22295209138118785,rule_0287b5a0d4538773,graphics_card_model has different explicit values,different_value,RULE_CANDIDATE,20,NEGATIVE,CATEGORY_SPECIFIC
0.34209547115488576,rule_02bb1edb29a9f7d4,lamp_count is explicitly known on only one side,missing_one_side,CONTEXT_ONLY,63,POSITIVE,CATEGORY_SPECIFIC
-0.06277671793715542,rule_02d6d493d5c4e107,installation_position is explicitly known on only one side,missing_one_side,CONTEXT_ONLY,64,UNCERTAIN,UNCERTAIN
-0.1872042452065646,rule_03027b67105b9cce,finish is explicitly known on only one side,missing_one_side,CONTEXT_ONLY,70,UNCERTAIN,UNCERTAIN
0.3081456227236143,rule_030282eae95336cb,power_watts is explicitly known on only one side,missing_one_side,CONTEXT_ONLY,11,UNCERTAIN,UNCERTAIN
-0.045316201704957544,rule_03685ed9e3765cb0,age_group has different explicit values,different_value,RULE_CANDIDATE,45,UNCERTAIN,UNCERTAIN
-0.14431195239661754,rule_0388ee71e4e41d2c,output_voltage is explicitly known on only one side,missing_one_side,CONTEXT_ONLY,26,UNCERTAIN,UNCERTAIN
0.42890362151669736,rule_03b945c513b6243a,shelf_count is explicitly known on only one side,missing_one_side,CONTEXT_ONLY,77,UNCERTAIN,UNCERTAIN
-0.41195872321091687,rule_03da68ea90bfabe5,bulb_count has different explicit values,different_value,RULE_CANDIDATE,18,UNCERTAIN,UNCERTAIN
-0.6200265446845641,rule_03f1ae8a0ecdbbf9,upper_material has different explicit values,different_value,RULE_CANDIDATE,1387,NEGATIVE,CATEGORY_SPECIFIC
-0.6892304933129458,rule_03fc8403c96891fe,height has different explicit values,different_value,RULE_CANDIDATE,1837,NEGATIVE,GLOBAL
-0.1605154538537583,rule_0432f3646ef257b5,stone_color is explicitly known on only one side,missing_one_side,CONTEXT_ONLY,14,UNCERTAIN,UNCERTAIN
-0.39620078702989464,rule_04442439b217ce54,compatible_laptop_model has different explicit values,different_value,RULE_CANDIDATE,12,UNCERTAIN,UNCERTAIN
-0.16867472235620465,rule_04711a12cc6e3027,layout_type is explicitly known on only one side,missing_one_side,CONTEXT_ONLY,23,UNCERTAIN,UNCERTAIN
-0.004189875436339078,rule_04719453e7f93a42,case_material is explicitly known on only one side,missing_one_side,CONTEXT_ONLY,58,UNCERTAIN,CATEGORY_SPECIFIC
-0.2803235544314483,rule_0474eccbaa48287d,max_load_capacity has different explicit values,different_value,RULE_CANDIDATE,13,UNCERTAIN,UNCERTAIN
-0.23042970936705517,rule_04b2f29dad289e89,age_limit has different explicit values,different_value,RULE_CANDIDATE,59,NEGATIVE,CATEGORY_SPECIFIC
-0.3849941595305617,rule_04bfe8fc163214f4,frame_material is explicitly known on only one side,missing_one_side,CONTEXT_ONLY,100,UNCERTAIN,UNCERTAIN
-0.11174336032116283,rule_0514464cad188e43,product_features is explicitly known on only one side,missing_one_side,CONTEXT_ONLY,11,UNCERTAIN,UNCERTAIN
0.4858733914790586,rule_0540b6200a48bfee,stone_color has different explicit values,different_value,RULE_CANDIDATE,11,UNCERTAIN,CATEGORY_SPECIFIC
0.4190166987856684,rule_0547d76322753d29,target_pet is explicitly known on only one side,missing_one_side,CONTEXT_ONLY,39,POSITIVE,CATEGORY_SPECIFIC
0.023508835724982854,rule_05501e59534dee7b,bead_size is explicitly known on only one side,missing_one_side,CONTEXT_ONLY,13,UNCERTAIN,UNCERTAIN
-0.3841147587916647,rule_05577bb3c58e8913,bed_width_cm has different explicit values,different_value,RULE_CANDIDATE,18,UNCERTAIN,UNCERTAIN
-0.23593398269890922,rule_0559a5f454748792,volume has conflicting title/attribute sources,conflicting_sources,REVIEW_BEFORE_USE,34,UNCERTAIN,UNCERTAIN
-0.342908797270233,rule_055e7a025eab2847,included_components has different explicit values,different_value,RULE_CANDIDATE,13,UNCERTAIN,UNCERTAIN
-0.07835094325210616,rule_059847a947a4a70a,metal_composition has different explicit values,different_value,RULE_CANDIDATE,36,UNCERTAIN,UNCERTAIN
-0.10216530854341496,rule_05b022ab31684133,storage_max_temp has different explicit values,different_value,RULE_CANDIDATE,10,UNCERTAIN,UNCERTAIN
0.4989067388976723,rule_05b5f57af32e8de8,purpose is explicitly known on only one side,missing_one_side,CONTEXT_ONLY,15,UNCERTAIN,UNCERTAIN
0.3199177080364801,rule_060a9ac51f9c9776,theme is explicitly known on only one side,missing_one_side,CONTEXT_ONLY,110,POSITIVE,GLOBAL
0.20157172742455162,rule_062ed3fed5507285,gemstone_color has different explicit values,different_value,RULE_CANDIDATE,14,UNCERTAIN,UNCERTAIN
-0.3761054482216873,rule_07244c4871245b51,fragrance_group is explicitly known on only one side,missing_one_side,CONTEXT_ONLY,11,UNCERTAIN,UNCERTAIN
-0.11190799811220976,rule_074b7ab53caff387,target_species is explicitly known on only one side,missing_one_side,CONTEXT_ONLY,13,UNCERTAIN,UNCERTAIN
0.842630568023303,rule_07561cc123d9f0b7,min_players is explicitly known on only one side,missing_one_side,CONTEXT_ONLY,46,POSITIVE,CATEGORY_SPECIFIC
-0.21130168353778425,rule_075baa02b5b6b73e,wall_thickness has different explicit values,different_value,RULE_CANDIDATE,23,UNCERTAIN,UNCERTAIN
0.12758798267800203,rule_078a6dcf90987266,target_application has different explicit values,different_value,RULE_CANDIDATE,12,UNCERTAIN,UNCERTAIN
-0.12084810171517031,rule_078e4b9833bbbf3f,protein_content has different explicit values,different_value,RULE_CANDIDATE,28,UNCERTAIN,CATEGORY_SPECIFIC
-0.3121548773836059,rule_0790b1860571a49a,package_material has different explicit values,different_value,RULE_CANDIDATE,10,UNCERTAIN,UNCERTAIN
-0.38824569620294813,rule_07c294c252dabb23,plant_variety is explicitly known on only one side,missing_one_side,CONTEXT_ONLY,18,UNCERTAIN,UNCERTAIN
-0.03066649386867662,rule_07d38591442e8166,target_age has a subset or specificity difference,specificity_difference,RULE_CANDIDATE,38,UNCERTAIN,UNCERTAIN
-0.13581811527187848,rule_07e99cecec26c8d0,compartment_count is explicitly known on only one side,missing_one_side,CONTEXT_ONLY,34,UNCERTAIN,UNCERTAIN
-0.2394334795130289,rule_082f89682f8ebf6e,led_count is explicitly known on only one side,missing_one_side,CONTEXT_ONLY,15,UNCERTAIN,UNCERTAIN
-0.5842354803056822,rule_0864a015e6c5811b,frame_size is explicitly known on only one side,missing_one_side,CONTEXT_ONLY,40,NEGATIVE,CATEGORY_SPECIFIC
-0.2427942890401,rule_086620f4e85396d3,installation_position has different explicit values,different_value,RULE_CANDIDATE,36,UNCERTAIN,UNCERTAIN
0.3132773367572176,rule_08bdf55638992c16,lamp_type has different explicit values,different_value,RULE_CANDIDATE,22,UNCERTAIN,UNCERTAIN
-0.003982869078789554,rule_08c1d68a1ac50ed1,seat_depth has different explicit values,different_value,RULE_CANDIDATE,148,NEGATIVE,CATEGORY_SPECIFIC
-1.0146169207061395,rule_090d8f9f5837c6ce,model_variant has different explicit values,different_value,RULE_CANDIDATE,94,NEGATIVE,CATEGORY_SPECIFIC
0.2833566340392231,rule_09139a947760084b,installation_side is explicitly known on only one side,missing_one_side,CONTEXT_ONLY,54,UNCERTAIN,CATEGORY_SPECIFIC
-0.39201108689415576,rule_092f29bfc37c7553,sink_shape has different explicit values,different_value,RULE_CANDIDATE,61,NEGATIVE,CATEGORY_SPECIFIC
0.609168826335406,rule_09355beb039a793f,stove_compatibility has different explicit values,different_value,RULE_CANDIDATE,11,UNCERTAIN,CATEGORY_SPECIFIC
-0.08421466275771117,rule_0974e334b39ae949,gpu_model is explicitly known on only one side,missing_one_side,CONTEXT_ONLY,17,UNCERTAIN,CATEGORY_SPECIFIC
-0.16995616245941159,rule_098d834b8f970533,bed_type has different explicit values,different_value,RULE_CANDIDATE,28,UNCERTAIN,UNCERTAIN
-0.7813974023289092,rule_09a2deab7c8eca90,scale has different explicit values,different_value,RULE_CANDIDATE,25,NEGATIVE,CATEGORY_SPECIFIC
-0.30685664937338514,rule_09b3d8796facdcad,backlight is explicitly known on only one side,missing_one_side,CONTEXT_ONLY,14,UNCERTAIN,UNCERTAIN
-0.2069224208316614,rule_0a319283c9cb723e,output_current is explicitly known on only one side,missing_one_side,CONTEXT_ONLY,15,UNCERTAIN,UNCERTAIN
-0.10467446364316549,rule_0a58df62fff82501,card_slots_count is explicitly known on only one side,missing_one_side,CONTEXT_ONLY,12,UNCERTAIN,UNCERTAIN
-0.09763861228646036,rule_0a5905cba2bb4267,pillowcase_size_set has different explicit values,different_value,RULE_CANDIDATE,17,UNCERTAIN,UNCERTAIN
0.04157876126421629,rule_0a7ffa63e26bcd6b,connection_type is explicitly known on only one side,missing_one_side,CONTEXT_ONLY,13,UNCERTAIN,UNCERTAIN
-3.1644316598868643,rule_0a862a81c61e7fbd,optical_power has different explicit values,different_value,RULE_CANDIDATE,1782,NEGATIVE,CATEGORY_SPECIFIC
-0.21892516346988844,rule_0aa20a3c5d1f6999,cover_design has different explicit values,different_value,RULE_CANDIDATE,18,UNCERTAIN,UNCERTAIN
0.11474942323913462,rule_0ab238962bb597d0,capacity is explicitly known on only one side,missing_one_side,CONTEXT_ONLY,42,UNCERTAIN,UNCERTAIN
-0.279309038015531,rule_0ad04eb741596b91,ukulele_size has different explicit values,different_value,RULE_CANDIDATE,31,UNCERTAIN,UNCERTAIN
-0.28415911718489256,rule_0ae450435e65ebde,case_size has different explicit values,different_value,RULE_CANDIDATE,19,UNCERTAIN,CATEGORY_SPECIFIC
-0.24182255767126676,rule_0b2ad38495ebb474,folded_length has different explicit values,different_value,RULE_CANDIDATE,22,UNCERTAIN,UNCERTAIN
-0.4564657581128892,rule_0b37676997f994d6,ram_type has different explicit values,different_value,RULE_CANDIDATE,135,NEGATIVE,CATEGORY_SPECIFIC
-0.3245372224345495,rule_0b4cab0b5865c957,pencil_case_type is explicitly known on only one side,missing_one_side,CONTEXT_ONLY,10,UNCERTAIN,UNCERTAIN
0.07269981482955122,rule_0b8ea62812ea5da1,lighting_area is explicitly known on only one side,missing_one_side,CONTEXT_ONLY,36,POSITIVE,CATEGORY_SPECIFIC
-0.2980519929832873,rule_0be21973a98a8137,bed_height has different explicit values,different_value,RULE_CANDIDATE,16,UNCERTAIN,CATEGORY_SPECIFIC
0.23526979404656334,rule_0c3b7743ac6d643d,fretboard_material has different explicit values,different_value,RULE_CANDIDATE,61,UNCERTAIN,UNCERTAIN
-0.1914841107000999,rule_0cc3c95a5a910782,target_area has different explicit values,different_value,RULE_CANDIDATE,41,UNCERTAIN,UNCERTAIN
-0.12247609826964152,rule_0cd22a59b6572ab1,filter_type is explicitly known on only one side,missing_one_side,CONTEXT_ONLY,12,UNCERTAIN,UNCERTAIN
-0.14421526079130417,rule_0cd563042f972a07,thickness is explicitly known on only one side,missing_one_side,CONTEXT_ONLY,104,UNCERTAIN,CATEGORY_SPECIFIC
-0.3121361984822808,rule_0cd81f0b71b5439d,max_depth is explicitly known on only one side,missing_one_side,CONTEXT_ONLY,20,NEGATIVE,CATEGORY_SPECIFIC
-0.23293895145374843,rule_0cf00940427a8250,bed_size_category has different explicit values,different_value,RULE_CANDIDATE,13,UNCERTAIN,UNCERTAIN
-0.2544838683391093,rule_0d1e40609c3929eb,filler_material has different explicit values,different_value,RULE_CANDIDATE,86,NEGATIVE,UNCERTAIN
0.19538509887270245,rule_0d2417388dc673fc,toy_type is explicitly known on only one side,missing_one_side,CONTEXT_ONLY,30,UNCERTAIN,UNCERTAIN
-0.09599456105549997,rule_0d28e503d6058fbc,fishing_method has different explicit values,different_value,RULE_CANDIDATE,12,UNCERTAIN,UNCERTAIN
-0.488070974585072,rule_0d5e2e8efa29e4d6,vehicle_model has different explicit values,different_value,RULE_CANDIDATE,152,UNCERTAIN,UNCERTAIN
-0.4291776438776432,rule_0dc455fbda6f0252,poster_dimensions is explicitly known on only one side,missing_one_side,CONTEXT_ONLY,10,UNCERTAIN,CATEGORY_SPECIFIC
-0.19684733977955887,rule_0df15bf58c9043f9,lens_height is explicitly known on only one side,missing_one_side,CONTEXT_ONLY,12,UNCERTAIN,UNCERTAIN
-0.03466054741168891,rule_0e0346fbb4e4e8fc,region_version is explicitly known on only one side,missing_one_side,CONTEXT_ONLY,10,UNCERTAIN,UNCERTAIN
-0.4421042105969972,rule_0e17db8191de1c11,sphere_power is explicitly known on only one side,missing_one_side,CONTEXT_ONLY,13,UNCERTAIN,UNCERTAIN
0.24391344668515327,rule_0e23900be4982c8a,mattress_type has different explicit values,different_value,RULE_CANDIDATE,18,UNCERTAIN,UNCERTAIN
-0.9185505568487679,rule_0e3ee4f7599e00f2,table_dimensions has different explicit values,different_value,RULE_CANDIDATE,28,NEGATIVE,CATEGORY_SPECIFIC
0.41766615992243694,rule_0e4958f74788e40b,dispenser_included is explicitly known on only one side,missing_one_side,CONTEXT_ONLY,52,POSITIVE,CATEGORY_SPECIFIC
-0.03832277837436078,rule_0e65e777de0768b5,binding_type is explicitly known on only one side,missing_one_side,CONTEXT_ONLY,134,UNCERTAIN,UNCERTAIN
0.5411130208097878,rule_0e7994d73c5bc364,package_contents has conflicting title/attribute sources,conflicting_sources,REVIEW_BEFORE_USE,15,UNCERTAIN,UNCERTAIN
-0.822545664761655,rule_0eadbc1d22a4fba1,strap_width has different explicit values,different_value,RULE_CANDIDATE,115,NEGATIVE,CATEGORY_SPECIFIC
0.10427174229557032,rule_0f3cb9c479c39144,thread_size is explicitly known on only one side,missing_one_side,CONTEXT_ONLY,10,UNCERTAIN,UNCERTAIN
-0.08632392954760149,rule_0f4f0aa2647ff16d,thread_length is explicitly known on only one side,missing_one_side,CONTEXT_ONLY,16,UNCERTAIN,CATEGORY_SPECIFIC
-0.6150940018037178,rule_0f98b92fbc5ad07b,working_length has different explicit values,different_value,RULE_CANDIDATE,27,NEGATIVE,CATEGORY_SPECIFIC
-0.8613302973368366,rule_0fa37685fed54822,main_ingredient has different explicit values,different_value,RULE_CANDIDATE,78,NEGATIVE,GLOBAL
0.02585940801274276,rule_0fab17518d91db83,heel_type is explicitly known on only one side,missing_one_side,CONTEXT_ONLY,80,UNCERTAIN,UNCERTAIN
-0.302874495024484,rule_0fb8890c5345742e,chain_length has different explicit values,different_value,RULE_CANDIDATE,88,UNCERTAIN,UNCERTAIN
0.0052705411078818945,rule_0fc6c89140843848,height has conflicting title/attribute sources,conflicting_sources,REVIEW_BEFORE_USE,14,UNCERTAIN,UNCERTAIN
0.021053462194885696,rule_104391bd1c465e09,bike_type has different explicit values,different_value,RULE_CANDIDATE,35,NEGATIVE,CATEGORY_SPECIFIC
-0.3713791218509473,rule_1049a370e0800815,product_size has different explicit values,different_value,RULE_CANDIDATE,12,UNCERTAIN,UNCERTAIN
0.2666951264110805,rule_1158220e4eac3a29,diamond_specification is explicitly known on only one side,missing_one_side,CONTEXT_ONLY,16,UNCERTAIN,CATEGORY_SPECIFIC
-0.14729623789431312,rule_117265adc3ba99e1,bulb_type is explicitly known on only one side,missing_one_side,CONTEXT_ONLY,13,UNCERTAIN,UNCERTAIN
-0.1710687818451515,rule_118c19fa50387cb8,hdd_capacity has different explicit values,different_value,RULE_CANDIDATE,48,NEGATIVE,CATEGORY_SPECIFIC
-0.13113820584716665,rule_119d925c3601ba3a,needle_type has different explicit values,different_value,RULE_CANDIDATE,12,UNCERTAIN,UNCERTAIN
0.21352596865088685,rule_12326f603b802399,power_output is explicitly known on only one side,missing_one_side,CONTEXT_ONLY,14,UNCERTAIN,UNCERTAIN
-0.1436142802216374,rule_126c812e9ec412c7,temple_flex has different explicit values,different_value,RULE_CANDIDATE,19,UNCERTAIN,UNCERTAIN
-0.348178418218551,rule_12924103538622b8,base_curve has different explicit values,different_value,RULE_CANDIDATE,117,NEGATIVE,CATEGORY_SPECIFIC
0.00510286465251641,rule_129bd1f8d17a5e1c,width_fitting has different explicit values,different_value,RULE_CANDIDATE,10,UNCERTAIN,UNCERTAIN
0.27723393589762463,rule_12e499507d0a50c5,primary_function has different explicit values,different_value,RULE_CANDIDATE,11,UNCERTAIN,UNCERTAIN
-0.012099586108683828,rule_131b72b3734c352c,packaging_material is explicitly known on only one side,missing_one_side,CONTEXT_ONLY,13,UNCERTAIN,UNCERTAIN
-0.17175966085874317,rule_131da79af61c15b1,plating_type has different explicit values,different_value,RULE_CANDIDATE,14,UNCERTAIN,UNCERTAIN
-0.21727986720637482,rule_1347dbe52f2fedcd,vehicle_make has different explicit values,different_value,RULE_CANDIDATE,33,UNCERTAIN,UNCERTAIN
-0.19598385389155212,rule_134c29f6bb80c482,installation_side has different explicit values,different_value,RULE_CANDIDATE,18,UNCERTAIN,UNCERTAIN
-0.2542401150763268,rule_135671ca2b163e15,brake_type has different explicit values,different_value,RULE_CANDIDATE,90,NEGATIVE,CATEGORY_SPECIFIC
-0.4846618097907499,rule_13810e9cc52267b7,product_name has different explicit values,different_value,RULE_CANDIDATE,48,UNCERTAIN,CATEGORY_SPECIFIC
-0.025863705390422143,rule_14260beea68e599b,seating_capacity is explicitly known on only one side,missing_one_side,CONTEXT_ONLY,54,UNCERTAIN,UNCERTAIN
-0.45985196612038504,rule_1426337fe8f27e8e,material_composition is explicitly known on only one side,missing_one_side,CONTEXT_ONLY,39,UNCERTAIN,UNCERTAIN
-0.6221137041132618,rule_142d6e0dde1aea8b,product_function has different explicit values,different_value,RULE_CANDIDATE,35,NEGATIVE,CATEGORY_SPECIFIC
-0.3709534481032825,rule_143b16fcdd2c4406,processing_method has different explicit values,different_value,RULE_CANDIDATE,23,UNCERTAIN,UNCERTAIN
-0.1565705002460713,rule_1472b3234a20e9a5,video_memory has different explicit values,different_value,RULE_CANDIDATE,15,UNCERTAIN,CATEGORY_SPECIFIC
0.22386566174473124,rule_14bde8ec2204c677,net_weight_per_unit has different explicit values,different_value,RULE_CANDIDATE,12,UNCERTAIN,UNCERTAIN
-0.2523864990838656,rule_14d10f0f1b0e5082,overall_length has different explicit values,different_value,RULE_CANDIDATE,21,UNCERTAIN,CATEGORY_SPECIFIC
-0.0416904633264889,rule_14d3da1873fcb683,suspension_position has different explicit values,different_value,RULE_CANDIDATE,15,UNCERTAIN,UNCERTAIN
0.09928937095327746,rule_1515ba715b202d04,gender_target has different explicit values,different_value,RULE_CANDIDATE,48,UNCERTAIN,UNCERTAIN
-0.041650293589322936,rule_151fb0f59f75a975,roast_level has different explicit values,different_value,RULE_CANDIDATE,72,UNCERTAIN,UNCERTAIN
0.003663076090808343,rule_1556ca0d222272e3,upholstery_material has different explicit values,different_value,RULE_CANDIDATE,628,UNCERTAIN,UNCERTAIN
-0.3991985442323279,rule_1589d98f77cb6ccc,product_variant is explicitly known on only one side,missing_one_side,CONTEXT_ONLY,12,UNCERTAIN,UNCERTAIN
-0.6548976444899341,rule_15e2327516c89fb2,season is explicitly known on only one side,missing_one_side,CONTEXT_ONLY,97,UNCERTAIN,UNCERTAIN
-1.792951242642384,rule_1602b0a85156ffb7,sphere_power has different explicit values,different_value,RULE_CANDIDATE,367,NEGATIVE,CATEGORY_SPECIFIC
0.26397966624055474,rule_16739b406f89145d,case_included is explicitly known on only one side,missing_one_side,CONTEXT_ONLY,40,UNCERTAIN,UNCERTAIN
-0.23345610800787278,rule_1683df458020426d,main_camera_resolution has different explicit values,different_value,RULE_CANDIDATE,25,NEGATIVE,CATEGORY_SPECIFIC
-0.5026347499514872,rule_1684a96d46936bbf,flavor_additive has different explicit values,different_value,RULE_CANDIDATE,23,UNCERTAIN,UNCERTAIN
-0.24738945229502984,rule_169eb19035f0b305,unit_volume is explicitly known on only one side,missing_one_side,CONTEXT_ONLY,17,UNCERTAIN,UNCERTAIN
-0.002335077950604156,rule_172447fd649d477e,product_type_detail has different explicit values,different_value,RULE_CANDIDATE,13,UNCERTAIN,UNCERTAIN
-0.10780490757963639,rule_174ec0866d9c316d,suspension_type has different explicit values,different_value,RULE_CANDIDATE,32,NEGATIVE,CATEGORY_SPECIFIC
0.26023095022120357,rule_17e77cc768b41842,ruling is explicitly known on only one side,missing_one_side,CONTEXT_ONLY,13,UNCERTAIN,UNCERTAIN
0.3769563898895269,rule_18119006eeb0d3ec,spf_level is explicitly known on only one side,missing_one_side,CONTEXT_ONLY,15,UNCERTAIN,UNCERTAIN
-0.45942578663289174,rule_182dcc4aaccd79c5,mounting_method has different explicit values,different_value,RULE_CANDIDATE,10,UNCERTAIN,UNCERTAIN
0.1155497469815114,rule_182e391cbe4c44ee,device_type has different explicit values,different_value,RULE_CANDIDATE,37,UNCERTAIN,UNCERTAIN
0.13301747555636592,rule_185a9ec89fac652c,string_material is explicitly known on only one side,missing_one_side,CONTEXT_ONLY,92,UNCERTAIN,UNCERTAIN
0.8628806317307641,rule_18a4cd1e5848d7ea,max_players is explicitly known on only one side,missing_one_side,CONTEXT_ONLY,68,POSITIVE,CATEGORY_SPECIFIC
-1.9934789565961455,rule_18a60636e63690ba,model_number has different explicit values,different_value,RULE_CANDIDATE,7366,NEGATIVE,GLOBAL
-0.1368743993206343,rule_18ba28ba4f163c40,texture has different explicit values,different_value,RULE_CANDIDATE,64,UNCERTAIN,UNCERTAIN
-0.486151241175992,rule_18e3949c34487832,fabric_density is explicitly known on only one side,missing_one_side,CONTEXT_ONLY,58,NEGATIVE,CATEGORY_SPECIFIC
0.0992144635521368,rule_193fb1475b490e28,size_variant is explicitly known on only one side,missing_one_side,CONTEXT_ONLY,14,UNCERTAIN,UNCERTAIN
0.4114139706712651,rule_1949c32a68b143c2,target_age_group is explicitly known on only one side,missing_one_side,CONTEXT_ONLY,20,POSITIVE,UNCERTAIN
-0.344300397564886,rule_19bd9c822287e28e,lens_coating has different explicit values,different_value,RULE_CANDIDATE,122,NEGATIVE,CATEGORY_SPECIFIC
-0.001367543322580753,rule_19d42508bdee4eaa,design_motif is explicitly known on only one side,missing_one_side,CONTEXT_ONLY,16,UNCERTAIN,UNCERTAIN
0.10646319209481878,rule_19f3f8dbc9896898,package_height has different explicit values,different_value,RULE_CANDIDATE,34,UNCERTAIN,UNCERTAIN
0.3077357020443305,rule_1a3ac5779fbca9d3,compatible_car_model has different explicit values,different_value,RULE_CANDIDATE,28,POSITIVE,CATEGORY_SPECIFIC
0.15978491283087617,rule_1a48701730bc5654,max_height has different explicit values,different_value,RULE_CANDIDATE,16,UNCERTAIN,UNCERTAIN
-0.14001497665076673,rule_1a7b0367aa3c5fa8,purity has different explicit values,different_value,RULE_CANDIDATE,22,UNCERTAIN,UNCERTAIN
-0.298599870636533,rule_1a9efb53f4fa8d52,power_rating is explicitly known on only one side,missing_one_side,CONTEXT_ONLY,15,UNCERTAIN,UNCERTAIN
0.2157285593834487,rule_1ac68c28924e57fc,protection_rating is explicitly known on only one side,missing_one_side,CONTEXT_ONLY,11,UNCERTAIN,UNCERTAIN
0.3087522804862917,rule_1ad5a2c3c4be57c7,diving_depth is explicitly known on only one side,missing_one_side,CONTEXT_ONLY,36,UNCERTAIN,UNCERTAIN
0.47953309022622564,rule_1af1b3b6d40f9349,assembled_width is explicitly known on only one side,missing_one_side,CONTEXT_ONLY,25,POSITIVE,CATEGORY_SPECIFIC
-0.4565045072096011,rule_1b340edda1155e0c,model_series is explicitly known on only one side,missing_one_side,CONTEXT_ONLY,61,UNCERTAIN,UNCERTAIN
-0.28742095036358767,rule_1b3d7f4b404d383f,screen_size is explicitly known on only one side,missing_one_side,CONTEXT_ONLY,40,UNCERTAIN,UNCERTAIN
-0.2097094894769025,rule_1b601263ded8ccc2,lure_type is explicitly known on only one side,missing_one_side,CONTEXT_ONLY,16,UNCERTAIN,CATEGORY_SPECIFIC
0.10906345802693986,rule_1b8ae3413aad3546,control_range is explicitly known on only one side,missing_one_side,CONTEXT_ONLY,21,UNCERTAIN,UNCERTAIN
0.002680727986209214,rule_1bbe31a235338d06,strap_width is explicitly known on only one side,missing_one_side,CONTEXT_ONLY,108,UNCERTAIN,UNCERTAIN
-0.1430733503331124,rule_1bce384278a6aea2,graphics_model has different explicit values,different_value,RULE_CANDIDATE,26,NEGATIVE,CATEGORY_SPECIFIC
0.061593040157657264,rule_1bddcca3f7dfdb12,active_ingredient is explicitly known on only one side,missing_one_side,CONTEXT_ONLY,69,UNCERTAIN,UNCERTAIN
-0.1811967886940916,rule_1c088984cb17b597,brush_type has different explicit values,different_value,RULE_CANDIDATE,13,UNCERTAIN,UNCERTAIN
-0.6726723868841441,rule_1c15928e72f2cdf9,brush_size has different explicit values,different_value,RULE_CANDIDATE,19,UNCERTAIN,CATEGORY_SPECIFIC
-0.14353424885229502,rule_1c3971262faeb6ed,fabric_density has different explicit values,different_value,RULE_CANDIDATE,61,NEGATIVE,CATEGORY_SPECIFIC
-0.08866240577449278,rule_1c556a7769a07a86,table_shape has different explicit values,different_value,RULE_CANDIDATE,14,UNCERTAIN,UNCERTAIN
0.21759333242216783,rule_1cd362aaef16d2fe,wearing_mode has different explicit values,different_value,RULE_CANDIDATE,68,UNCERTAIN,UNCERTAIN
-0.0753133780054431,rule_1d014a2b9e3f9ad1,voltage has different explicit values,different_value,RULE_CANDIDATE,49,UNCERTAIN,CATEGORY_SPECIFIC
-0.06567745588468601,rule_1d50fe34d508fb0c,weight is explicitly known on only one side,missing_one_side,CONTEXT_ONLY,765,POSITIVE,GLOBAL_WITH_EXCEPTIONS
-0.15101862815874523,rule_1d6cf5ee0fa7bdbe,shaft_height_cm has different explicit values,different_value,RULE_CANDIDATE,10,UNCERTAIN,UNCERTAIN
-0.7158918362142772,rule_1d71d7ba76f34685,child_gender is explicitly known on only one side,missing_one_side,CONTEXT_ONLY,11,UNCERTAIN,UNCERTAIN
0.48794559912582436,rule_1d89279a4c311fab,paper_type is explicitly known on only one side,missing_one_side,CONTEXT_ONLY,14,UNCERTAIN,CATEGORY_SPECIFIC
-0.6846426203881791,rule_1d90d26f1ef9ac18,brush_size_number has different explicit values,different_value,RULE_CANDIDATE,11,UNCERTAIN,CATEGORY_SPECIFIC
-0.03148345110477412,rule_1d9a37826e436834,compatible_model is explicitly known on only one side,missing_one_side,CONTEXT_ONLY,19,UNCERTAIN,UNCERTAIN
-0.11924138933614763,rule_1dc0bf0573d99e15,special_diet is explicitly known on only one side,missing_one_side,CONTEXT_ONLY,54,UNCERTAIN,UNCERTAIN
0.6991282765862755,rule_1dc2e9d841177027,antibacterial_property is explicitly known on only one side,missing_one_side,CONTEXT_ONLY,15,UNCERTAIN,UNCERTAIN
0.037994829635950605,rule_1e0025d209870a54,connectivity has different explicit values,different_value,RULE_CANDIDATE,16,UNCERTAIN,UNCERTAIN
-0.04661016002123775,rule_1e03a7d0ce66f79c,ip_rating is explicitly known on only one side,missing_one_side,CONTEXT_ONLY,103,POSITIVE,CATEGORY_SPECIFIC
-0.32626361898127515,rule_1e054c51757e9dc2,vehicle_type is explicitly known on only one side,missing_one_side,CONTEXT_ONLY,14,UNCERTAIN,UNCERTAIN
-0.41796591297716307,rule_1e14475d4ef555f1,neck_girth has different explicit values,different_value,RULE_CANDIDATE,13,UNCERTAIN,CATEGORY_SPECIFIC
-0.29739061399241673,rule_1e1f8f0e1215f7a3,glass_material has different explicit values,different_value,RULE_CANDIDATE,78,NEGATIVE,CATEGORY_SPECIFIC
-0.07071954049516091,rule_1e3c10d21f3189f7,strap_length is explicitly known on only one side,missing_one_side,CONTEXT_ONLY,61,UNCERTAIN,UNCERTAIN
-0.07712045910805038,rule_1e7600fd10b3d6b6,sink_material has different explicit values,different_value,RULE_CANDIDATE,10,UNCERTAIN,UNCERTAIN
-0.6051912945552101,rule_1ea05db468e3e2fb,neck_circumference has different explicit values,different_value,RULE_CANDIDATE,24,NEGATIVE,CATEGORY_SPECIFIC
0.009515603436866069,rule_1ecda632327203aa,duvet_cover_size has different explicit values,different_value,RULE_CANDIDATE,58,NEGATIVE,CATEGORY_SPECIFIC
-0.2758766526118208,rule_1eee67bf08d64a86,bedding_size_standard has different explicit values,different_value,RULE_CANDIDATE,15,UNCERTAIN,UNCERTAIN
-0.09830986722830702,rule_1f7412c495980207,working_medium is explicitly known on only one side,missing_one_side,CONTEXT_ONLY,14,UNCERTAIN,UNCERTAIN
-0.38800351725529597,rule_1feaaeec8861b04c,roll_width has different explicit values,different_value,RULE_CANDIDATE,15,UNCERTAIN,UNCERTAIN
-0.9863485298625883,rule_1ffb8ef68c1848b0,net_weight has different explicit values,different_value,RULE_CANDIDATE,1176,NEGATIVE,GLOBAL
-0.1880250074955307,rule_2018d508acf83034,additives has different explicit values,different_value,RULE_CANDIDATE,10,UNCERTAIN,UNCERTAIN
-0.5177158869022102,rule_2022f22067b64903,honey_variety has different explicit values,different_value,RULE_CANDIDATE,10,UNCERTAIN,UNCERTAIN
-0.8337810524599312,rule_2083280f63f7acc2,height_cm has different explicit values,different_value,RULE_CANDIDATE,85,NEGATIVE,CATEGORY_SPECIFIC
-0.4312223458458977,rule_20a100d02a647092,insert_material has different explicit values,different_value,RULE_CANDIDATE,50,NEGATIVE,CATEGORY_SPECIFIC
0.19137690522766937,rule_20c013a9571e6500,depth_cm has different explicit values,different_value,RULE_CANDIDATE,44,UNCERTAIN,UNCERTAIN
-0.6588654967656924,rule_20f0fdee9966b563,corner_orientation has different explicit values,different_value,RULE_CANDIDATE,28,NEGATIVE,CATEGORY_SPECIFIC
-0.015139120662076296,rule_2127fd499e03fffb,total_item_count has different explicit values,different_value,RULE_CANDIDATE,13,UNCERTAIN,UNCERTAIN
-0.4388755866437874,rule_212fb2e07407feae,mirror_presence has different explicit values,different_value,RULE_CANDIDATE,22,NEGATIVE,CATEGORY_SPECIFIC
-0.03143472665457945,rule_21673283d44831ec,handle_type is explicitly known on only one side,missing_one_side,CONTEXT_ONLY,30,UNCERTAIN,UNCERTAIN
0.029095561404247603,rule_21b315f2ebdc9b1f,handedness is explicitly known on only one side,missing_one_side,CONTEXT_ONLY,13,UNCERTAIN,UNCERTAIN
0.5670173873116501,rule_21d2ee42eda57012,plating is explicitly known on only one side,missing_one_side,CONTEXT_ONLY,28,POSITIVE,CATEGORY_SPECIFIC
-0.2512686467399783,rule_21dd904c407359b3,product_length is explicitly known on only one side,missing_one_side,CONTEXT_ONLY,27,UNCERTAIN,UNCERTAIN
-0.30058799475119596,rule_223554d9bb342f9b,frame_width is explicitly known on only one side,missing_one_side,CONTEXT_ONLY,19,UNCERTAIN,UNCERTAIN
-0.1156629766264459,rule_2266050c3aac2620,special_features is explicitly known on only one side,missing_one_side,CONTEXT_ONLY,34,UNCERTAIN,UNCERTAIN
-0.48033595405909124,rule_22b71c492539e0d5,test_range has different explicit values,different_value,RULE_CANDIDATE,14,UNCERTAIN,UNCERTAIN
-0.055679890341526844,rule_2318e9bb35fc3b31,pet_size_category has different explicit values,different_value,RULE_CANDIDATE,18,UNCERTAIN,UNCERTAIN
0.32014730413894865,rule_232c479cf3a101f1,service_life is explicitly known on only one side,missing_one_side,CONTEXT_ONLY,39,POSITIVE,UNCERTAIN
-0.1916004797638854,rule_232e3491b759f699,tape_width has different explicit values,different_value,RULE_CANDIDATE,11,UNCERTAIN,UNCERTAIN
-0.8511286474362943,rule_234359c2718fc81e,total_volume has different explicit values,different_value,RULE_CANDIDATE,153,NEGATIVE,GLOBAL
-0.3334800139752295,rule_236073f17d467bda,luminous_flux has different explicit values,different_value,RULE_CANDIDATE,60,NEGATIVE,CATEGORY_SPECIFIC
-0.3782958985614044,rule_23d2724fd64287d9,max_speed is explicitly known on only one side,missing_one_side,CONTEXT_ONLY,33,UNCERTAIN,UNCERTAIN
-0.039388506317550066,rule_23d4bf8efb3196b4,target_hair_type is explicitly known on only one side,missing_one_side,CONTEXT_ONLY,18,UNCERTAIN,UNCERTAIN
0.34432700145261746,rule_23f081ddd16ccea5,brand has conflicting title/attribute sources,conflicting_sources,REVIEW_BEFORE_USE,15,UNCERTAIN,UNCERTAIN
0.06706337921732387,rule_2467f6e7d1d94f18,cover_finish is explicitly known on only one side,missing_one_side,CONTEXT_ONLY,10,UNCERTAIN,UNCERTAIN
0.3504824057562196,rule_2491462fa2a42d53,is_concentrate is explicitly known on only one side,missing_one_side,CONTEXT_ONLY,14,UNCERTAIN,UNCERTAIN
-0.25489209511507716,rule_24a379ee5664dc86,weave_pattern is explicitly known on only one side,missing_one_side,CONTEXT_ONLY,36,UNCERTAIN,UNCERTAIN
-0.1909684061225794,rule_24db61da9b976968,model_line is explicitly known on only one side,missing_one_side,CONTEXT_ONLY,129,UNCERTAIN,UNCERTAIN
-0.6396814352247525,rule_24ee3410e7dd750c,pillowcase_size has different explicit values,different_value,RULE_CANDIDATE,50,NEGATIVE,CATEGORY_SPECIFIC
-0.6035804025805696,rule_24fefb908be163c6,intended_surface has different explicit values,different_value,RULE_CANDIDATE,23,UNCERTAIN,UNCERTAIN
0.31507987955913996,rule_250b8f172268b567,handle_material is explicitly known on only one side,missing_one_side,CONTEXT_ONLY,74,POSITIVE,GLOBAL
0.2748984175563896,rule_252ddc4a9e4bba87,gold_purity has different explicit values,different_value,RULE_CANDIDATE,55,UNCERTAIN,UNCERTAIN
-0.13452561747618846,rule_256359903c634f53,target_age has different explicit values,different_value,RULE_CANDIDATE,322,UNCERTAIN,CATEGORY_SPECIFIC
-0.1382086656324455,rule_25c6ee4c5ab922c9,material has different explicit values,different_value,RULE_CANDIDATE,2671,NEGATIVE,GLOBAL
0.1698475700938128,rule_25c7da9094be9081,fat_content has different explicit values,different_value,RULE_CANDIDATE,25,UNCERTAIN,UNCERTAIN
-0.1558763092728488,rule_25e8db79bebffe63,min_depth is explicitly known on only one side,missing_one_side,CONTEXT_ONLY,16,UNCERTAIN,CATEGORY_SPECIFIC
-0.004883439482812703,rule_26122482a6c6684a,oleophobic_coating is explicitly known on only one side,missing_one_side,CONTEXT_ONLY,11,UNCERTAIN,UNCERTAIN
-0.5327629930690482,rule_262cd675b493cdff,bulb_count is explicitly known on only one side,missing_one_side,CONTEXT_ONLY,20,UNCERTAIN,UNCERTAIN
-0.047173299733584854,rule_264e8e74b27eb9d3,product_color has different explicit values,different_value,RULE_CANDIDATE,21,UNCERTAIN,UNCERTAIN
-0.2848437819077036,rule_26542e713cae946d,closure_type is explicitly known on only one side,missing_one_side,CONTEXT_ONLY,728,UNCERTAIN,CATEGORY_SPECIFIC
-0.086055761671023,rule_265c766c574d8e8f,max_depth_m is explicitly known on only one side,missing_one_side,CONTEXT_ONLY,20,UNCERTAIN,UNCERTAIN
0.038401909318068035,rule_266e2923dce920ae,fixture_color has different explicit values,different_value,RULE_CANDIDATE,10,UNCERTAIN,UNCERTAIN
-0.2863844339307327,rule_269e02e53ba6fc94,ip_rating has different explicit values,different_value,RULE_CANDIDATE,58,UNCERTAIN,UNCERTAIN
0.21621005185493655,rule_26ec824a77ef66ec,button_count has different explicit values,different_value,RULE_CANDIDATE,11,UNCERTAIN,UNCERTAIN
-0.5908142524153577,rule_26f2212ac444efa4,total_width has different explicit values,different_value,RULE_CANDIDATE,37,NEGATIVE,UNCERTAIN
-0.45306228357178224,rule_26f2de8171513ebc,earring_style is explicitly known on only one side,missing_one_side,CONTEXT_ONLY,24,NEGATIVE,CATEGORY_SPECIFIC
0.012954263211800024,rule_27377f764e531db1,max_speed has different explicit values,different_value,RULE_CANDIDATE,14,UNCERTAIN,UNCERTAIN
-0.12296153202552228,rule_2770d11d782137b2,lens_tint is explicitly known on only one side,missing_one_side,CONTEXT_ONLY,12,UNCERTAIN,UNCERTAIN
0.3191483807445178,rule_277ec92b815f854d,battery_type has different explicit values,different_value,RULE_CANDIDATE,25,UNCERTAIN,UNCERTAIN
-0.20148122090455986,rule_27b8e1911548af33,cover_design is explicitly known on only one side,missing_one_side,CONTEXT_ONLY,17,UNCERTAIN,UNCERTAIN
-0.9126187028423696,rule_27c9d0d3eaae9c26,gpu_model has different explicit values,different_value,RULE_CANDIDATE,358,NEGATIVE,CATEGORY_SPECIFIC
0.3630573109931503,rule_27e3097697a7afd7,construction_type has different explicit values,different_value,RULE_CANDIDATE,28,UNCERTAIN,UNCERTAIN
-0.3836549666775609,rule_280842fc972b3033,tabletop_thickness has different explicit values,different_value,RULE_CANDIDATE,23,UNCERTAIN,UNCERTAIN
0.2615555357953171,rule_28167a0af61b513e,printer_compatibility is explicitly known on only one side,missing_one_side,CONTEXT_ONLY,12,UNCERTAIN,UNCERTAIN
-0.2591487574389489,rule_28473d422920012f,gpu_memory has different explicit values,different_value,RULE_CANDIDATE,83,NEGATIVE,CATEGORY_SPECIFIC
-0.1987305310221355,rule_28b660b8af07ee8f,shoe_width is explicitly known on only one side,missing_one_side,CONTEXT_ONLY,24,UNCERTAIN,UNCERTAIN
-0.039363001684737886,rule_28d5b17a4094b9d8,taste_intensity has different explicit values,different_value,RULE_CANDIDATE,40,UNCERTAIN,UNCERTAIN
-1.882087983748641,rule_28e4f1c6e900dd03,package_weight has different explicit values,different_value,RULE_CANDIDATE,503,NEGATIVE,GLOBAL
-0.30269218547918086,rule_292217b2568df83b,seat_width is explicitly known on only one side,missing_one_side,CONTEXT_ONLY,19,UNCERTAIN,UNCERTAIN
-1.3713355253352328,rule_2927e486f6832204,design_pattern has different explicit values,different_value,RULE_CANDIDATE,141,NEGATIVE,GLOBAL
-1.2088027104125338,rule_2950346aed6f5f45,model_name has different explicit values,different_value,RULE_CANDIDATE,1741,NEGATIVE,GLOBAL_WITH_EXCEPTIONS
-0.1166426283810683,rule_298865e7d4c60b7b,compatible_car_brand has different explicit values,different_value,RULE_CANDIDATE,26,NEGATIVE,CATEGORY_SPECIFIC
-0.723545808562892,rule_29916d5d6ddbe52f,compatible_model_family has different explicit values,different_value,RULE_CANDIDATE,12,UNCERTAIN,UNCERTAIN
-0.6155379607024473,rule_29e61bcc6ffc6638,scale is explicitly known on only one side,missing_one_side,CONTEXT_ONLY,48,NEGATIVE,CATEGORY_SPECIFIC
-0.20542514049394664,rule_29f25482b44e2ca4,case_features has different explicit values,different_value,RULE_CANDIDATE,12,UNCERTAIN,UNCERTAIN
-1.1382774166397656,rule_29f632198488660a,paper_format has different explicit values,different_value,RULE_CANDIDATE,52,NEGATIVE,CATEGORY_SPECIFIC
-0.2168582765683479,rule_2a231f2795ce0efc,battery_count is explicitly known on only one side,missing_one_side,CONTEXT_ONLY,92,UNCERTAIN,UNCERTAIN
0.3716561669867975,rule_2a731f3332d3e1d0,wrap_type is explicitly known on only one side,missing_one_side,CONTEXT_ONLY,25,POSITIVE,CATEGORY_SPECIFIC
-0.3489596339138165,rule_2a919257fd3a013a,photo_format has different explicit values,different_value,RULE_CANDIDATE,16,UNCERTAIN,UNCERTAIN
-0.12875886468023084,rule_2abacbac78c90899,production_type is explicitly known on only one side,missing_one_side,CONTEXT_ONLY,11,UNCERTAIN,UNCERTAIN
-0.16259315204021532,rule_2adb9153ed6183bf,battery_count has different explicit values,different_value,RULE_CANDIDATE,10,UNCERTAIN,UNCERTAIN
0.16669886151660088,rule_2b093a3e500dfb9f,steering_wheel_diameter has different explicit values,different_value,RULE_CANDIDATE,78,UNCERTAIN,UNCERTAIN
-0.07222091357449716,rule_2b2b984ba651f57a,paint_type has different explicit values,different_value,RULE_CANDIDATE,23,UNCERTAIN,UNCERTAIN
-0.2827583177662443,rule_2b57edca8c1ce201,magnification has different explicit values,different_value,RULE_CANDIDATE,16,UNCERTAIN,UNCERTAIN
-1.068107038824088,rule_2b6bcfd0e4a8b0d1,overall_dimensions has different explicit values,different_value,RULE_CANDIDATE,63,NEGATIVE,CATEGORY_SPECIFIC
-0.3308280866591585,rule_2b8029e0ca00b114,axle_position is explicitly known on only one side,missing_one_side,CONTEXT_ONLY,49,UNCERTAIN,UNCERTAIN
0.3806456257462204,rule_2b9472e9b5b2281a,gear_count is explicitly known on only one side,missing_one_side,CONTEXT_ONLY,22,UNCERTAIN,UNCERTAIN
-0.19191776000451688,rule_2b9868d743da5759,pickup_configuration has different explicit values,different_value,RULE_CANDIDATE,37,UNCERTAIN,UNCERTAIN
-0.1937468574697151,rule_2baa3e56f7b49743,arbor_diameter has different explicit values,different_value,RULE_CANDIDATE,11,UNCERTAIN,UNCERTAIN
-0.2460094422708792,rule_2bad396e7a87683b,product_class has different explicit values,different_value,RULE_CANDIDATE,19,UNCERTAIN,UNCERTAIN
0.19469025268704465,rule_2bd0a9f6c9ac42ea,case_thickness is explicitly known on only one side,missing_one_side,CONTEXT_ONLY,35,UNCERTAIN,UNCERTAIN
0.2839675159016576,rule_2be9c6e804d1abe3,package_dimensions is explicitly known on only one side,missing_one_side,CONTEXT_ONLY,164,POSITIVE,CATEGORY_SPECIFIC
-0.13758387029139246,rule_2c005f9fe91d9127,vehicle_year_range has different explicit values,different_value,RULE_CANDIDATE,24,UNCERTAIN,UNCERTAIN
-0.1408204494224414,rule_2c5572b826223642,fingerboard_material is explicitly known on only one side,missing_one_side,CONTEXT_ONLY,22,UNCERTAIN,UNCERTAIN
-0.28332233324239053,rule_2cf5f56161dd51b4,duration is explicitly known on only one side,missing_one_side,CONTEXT_ONLY,11,UNCERTAIN,UNCERTAIN
-0.6412577099487616,rule_2cfc51f70d65956d,size_class has different explicit values,different_value,RULE_CANDIDATE,15,UNCERTAIN,CATEGORY_SPECIFIC
0.02666534196095443,rule_2d3bd97d6c2df8d6,target_animal has a subset or specificity difference,specificity_difference,RULE_CANDIDATE,83,UNCERTAIN,UNCERTAIN
-0.2910705042637677,rule_2d8ab3cb6c125adf,style is explicitly known on only one side,missing_one_side,CONTEXT_ONLY,57,UNCERTAIN,UNCERTAIN
-0.18123792013538723,rule_2de6f1611734b173,storage_type has different explicit values,different_value,RULE_CANDIDATE,17,UNCERTAIN,CATEGORY_SPECIFIC
-0.38008807651785975,rule_2dee938015fa4b6b,seed_weight is explicitly known on only one side,missing_one_side,CONTEXT_ONLY,11,UNCERTAIN,CATEGORY_SPECIFIC
-0.054836251292713356,rule_2df2dacd107d568c,rim_width has different explicit values,different_value,RULE_CANDIDATE,23,UNCERTAIN,UNCERTAIN
0.2944838417216651,rule_2e05586417a384b0,material has a subset or specificity difference,specificity_difference,RULE_CANDIDATE,95,POSITIVE,CATEGORY_SPECIFIC
-0.470123022149808,rule_2e151dc42ad8480b,fingerboard_material has different explicit values,different_value,RULE_CANDIDATE,16,UNCERTAIN,CATEGORY_SPECIFIC
-0.01235420135079181,rule_2e28aa98b6bbf493,product_type_label has different explicit values,different_value,RULE_CANDIDATE,15,UNCERTAIN,UNCERTAIN
-0.4257634307501151,rule_2e4a46066259f1c6,pin_diameter has different explicit values,different_value,RULE_CANDIDATE,10,UNCERTAIN,UNCERTAIN
0.12398965685585213,rule_2e9985c9983458d7,max_power_per_channel has different explicit values,different_value,RULE_CANDIDATE,12,UNCERTAIN,UNCERTAIN
-0.6228685295521196,rule_2ee3449e691902f5,fabric_type has different explicit values,different_value,RULE_CANDIDATE,80,NEGATIVE,CATEGORY_SPECIFIC
-0.006920009053917996,rule_2f369529ab1d80b4,sleeping_width is explicitly known on only one side,missing_one_side,CONTEXT_ONLY,16,UNCERTAIN,UNCERTAIN
-0.4190759574540526,rule_2f8cb21f41a36e68,volume_unit has different explicit values,different_value,RULE_CANDIDATE,10,UNCERTAIN,UNCERTAIN
-0.6491428124543803,rule_2fb4cd40cb52ecb6,brush_number has different explicit values,different_value,RULE_CANDIDATE,14,UNCERTAIN,CATEGORY_SPECIFIC
-0.4197671816539123,rule_2fceca258d6b86ea,handedness has different explicit values,different_value,RULE_CANDIDATE,13,UNCERTAIN,CATEGORY_SPECIFIC
-0.09777112539339908,rule_3003d12e7b6463ce,screen_size has different explicit values,different_value,RULE_CANDIDATE,131,NEGATIVE,CATEGORY_SPECIFIC
-0.2684483304519521,rule_30043db055b384db,top_material is explicitly known on only one side,missing_one_side,CONTEXT_ONLY,93,UNCERTAIN,UNCERTAIN
-0.490427861300237,rule_305440401e74b4db,brand has different explicit values,different_value,RULE_CANDIDATE,7385,NEGATIVE,GLOBAL
0.06481040415655424,rule_3073a43a0dd65496,lid_included is explicitly known on only one side,missing_one_side,CONTEXT_ONLY,12,UNCERTAIN,UNCERTAIN
0.037909347928492335,rule_308c35750b7009ec,ink_base is explicitly known on only one side,missing_one_side,CONTEXT_ONLY,26,UNCERTAIN,UNCERTAIN
-0.14787325969284965,rule_309282328b712ba5,chocolate_type has different explicit values,different_value,RULE_CANDIDATE,21,UNCERTAIN,UNCERTAIN
-0.11791651605283854,rule_309a26f386ffef5f,diameter is explicitly known on only one side,missing_one_side,CONTEXT_ONLY,186,UNCERTAIN,CATEGORY_SPECIFIC
0.07886009226743278,rule_30a1d18ff93a475a,battery_capacity is explicitly known on only one side,missing_one_side,CONTEXT_ONLY,119,POSITIVE,CATEGORY_SPECIFIC
-0.1261443665447106,rule_30a3303a2f5982cd,binding_type has different explicit values,different_value,RULE_CANDIDATE,47,UNCERTAIN,UNCERTAIN
-0.19753743694153728,rule_30ca17d4f7bd3055,lens_tint has different explicit values,different_value,RULE_CANDIDATE,21,UNCERTAIN,UNCERTAIN
-0.3949275335252606,rule_30e9ee3baa5e8ef1,decoration_type has different explicit values,different_value,RULE_CANDIDATE,38,UNCERTAIN,UNCERTAIN
-0.4461601424881962,rule_3163ccceb6746d3e,speed_count has different explicit values,different_value,RULE_CANDIDATE,11,UNCERTAIN,UNCERTAIN
0.16501766636404852,rule_318eb00ebf49710b,power_source has different explicit values,different_value,RULE_CANDIDATE,90,UNCERTAIN,UNCERTAIN
0.19439784417585237,rule_3216cd460990f41a,size_category has different explicit values,different_value,RULE_CANDIDATE,25,UNCERTAIN,UNCERTAIN
-0.46484543911023607,rule_32711389528447c8,pattern_design has different explicit values,different_value,RULE_CANDIDATE,10,UNCERTAIN,UNCERTAIN
-0.11826138063104905,rule_32866f6a9d598d0c,car_compatibility has different explicit values,different_value,RULE_CANDIDATE,17,UNCERTAIN,UNCERTAIN
-0.7611429525213748,rule_32adc3151c6998e9,gemstone_inclusion is explicitly known on only one side,missing_one_side,CONTEXT_ONLY,58,NEGATIVE,CATEGORY_SPECIFIC
0.251660879837716,rule_32bb192a5ae16fa3,toe_shape is explicitly known on only one side,missing_one_side,CONTEXT_ONLY,19,UNCERTAIN,UNCERTAIN
-0.12374117702201338,rule_32cb117a0f97dfb9,height is explicitly known on only one side,missing_one_side,CONTEXT_ONLY,385,POSITIVE,UNCERTAIN
-0.2745042798976618,rule_32cc8bc98b7a1fa6,energy_value has different explicit values,different_value,RULE_CANDIDATE,26,UNCERTAIN,UNCERTAIN
0.09520833448878428,rule_32cccf404ddec5c3,intended_use is explicitly known on only one side,missing_one_side,CONTEXT_ONLY,80,UNCERTAIN,UNCERTAIN
0.17204640587519315,rule_330710c03935adae,spoke_count is explicitly known on only one side,missing_one_side,CONTEXT_ONLY,11,UNCERTAIN,UNCERTAIN
0.13738253711650675,rule_333837086b0f5619,deck_width is explicitly known on only one side,missing_one_side,CONTEXT_ONLY,12,UNCERTAIN,UNCERTAIN
-0.5412683470027261,rule_336410769efd3cb5,led_count has different explicit values,different_value,RULE_CANDIDATE,10,UNCERTAIN,UNCERTAIN
-0.8878193377929792,rule_3366013ae4eee987,size_variant has different explicit values,different_value,RULE_CANDIDATE,31,NEGATIVE,CATEGORY_SPECIFIC
-0.3691153606145158,rule_337a40f4df2d9d9d,water_content has different explicit values,different_value,RULE_CANDIDATE,52,NEGATIVE,CATEGORY_SPECIFIC
-0.48737185220947643,rule_33a35bff8d59cb1d,gemstone_presence has different explicit values,different_value,RULE_CANDIDATE,22,NEGATIVE,CATEGORY_SPECIFIC
-0.3551755882027057,rule_33b9221653adfdd5,plant_height has different explicit values,different_value,RULE_CANDIDATE,12,UNCERTAIN,UNCERTAIN
0.5065860608399004,rule_3427c70bcd479466,min_age has conflicting title/attribute sources,conflicting_sources,REVIEW_BEFORE_USE,12,UNCERTAIN,UNCERTAIN
-0.3138639202598999,rule_34341b95e3880cd0,body_type is explicitly known on only one side,missing_one_side,CONTEXT_ONLY,35,UNCERTAIN,UNCERTAIN
-0.27834412256778196,rule_343f8b573d213921,surface_treatment is explicitly known on only one side,missing_one_side,CONTEXT_ONLY,21,UNCERTAIN,UNCERTAIN
-0.1759879410920903,rule_34475a40b4dea628,variety_name is explicitly known on only one side,missing_one_side,CONTEXT_ONLY,10,UNCERTAIN,UNCERTAIN
-0.6871056748978042,rule_348f6851c2187d43,product_volume has different explicit values,different_value,RULE_CANDIDATE,26,UNCERTAIN,UNCERTAIN
-0.6804499443357308,rule_34b2d76786d612aa,volume_per_unit has different explicit values,different_value,RULE_CANDIDATE,21,NEGATIVE,CATEGORY_SPECIFIC
-0.27286908855465725,rule_34c878f5bc88fad5,neck_girth is explicitly known on only one side,missing_one_side,CONTEXT_ONLY,10,UNCERTAIN,UNCERTAIN
-0.10150160884457644,rule_34ced7ba0380c447,animal_size has different explicit values,different_value,RULE_CANDIDATE,26,UNCERTAIN,UNCERTAIN
-0.15824810478680296,rule_34e0a5a3b69fb7fb,pet_age has different explicit values,different_value,RULE_CANDIDATE,29,UNCERTAIN,UNCERTAIN
0.5861760836692536,rule_350bb3e2df724dc6,granule_size is explicitly known on only one side,missing_one_side,CONTEXT_ONLY,25,POSITIVE,CATEGORY_SPECIFIC
-0.3629628449321797,rule_352a97eeaa98ae92,table_type has different explicit values,different_value,RULE_CANDIDATE,51,UNCERTAIN,UNCERTAIN
-0.286462864692505,rule_354c3e4bd46a0dca,weight_range has different explicit values,different_value,RULE_CANDIDATE,16,UNCERTAIN,CATEGORY_SPECIFIC
-0.08844804685935036,rule_355850c8f42ff5a1,addition_power has different explicit values,different_value,RULE_CANDIDATE,13,UNCERTAIN,UNCERTAIN
-0.14003909958607244,rule_355f7fd487762e38,cover_material is explicitly known on only one side,missing_one_side,CONTEXT_ONLY,98,UNCERTAIN,UNCERTAIN
-0.41262042589098813,rule_35686556c27c025c,bracelet_material has different explicit values,different_value,RULE_CANDIDATE,32,NEGATIVE,CATEGORY_SPECIFIC
-0.31071590399565985,rule_35915d8915c7c62e,car_model has different explicit values,different_value,RULE_CANDIDATE,137,UNCERTAIN,CATEGORY_SPECIFIC
-0.4120432619709994,rule_35b9efec863f19fb,gemstone_insert has different explicit values,different_value,RULE_CANDIDATE,17,UNCERTAIN,UNCERTAIN
-0.9912015315317009,rule_35f12577457fc677,frame_shape has different explicit values,different_value,RULE_CANDIDATE,1016,NEGATIVE,GLOBAL
-0.42494887486965244,rule_35f543d366e07d37,sink_width has different explicit values,different_value,RULE_CANDIDATE,39,NEGATIVE,CATEGORY_SPECIFIC
-0.6449974299519312,rule_360ef3a88794878e,size has different explicit values,different_value,RULE_CANDIDATE,432,NEGATIVE,GLOBAL_WITH_EXCEPTIONS
0.11686547099088565,rule_367008798906eeb4,height_cm is explicitly known on only one side,missing_one_side,CONTEXT_ONLY,30,UNCERTAIN,UNCERTAIN
0.47241635315723324,rule_367b7f9f1bd35873,hose_length is explicitly known on only one side,missing_one_side,CONTEXT_ONLY,14,UNCERTAIN,UNCERTAIN
0.4667520426099827,rule_3685d66f08a0be17,sink_included is explicitly known on only one side,missing_one_side,CONTEXT_ONLY,11,UNCERTAIN,UNCERTAIN
-0.0925138459174005,rule_36883e742e492891,tension has different explicit values,different_value,RULE_CANDIDATE,12,UNCERTAIN,UNCERTAIN
0.11127693670947515,rule_368bc09a3b0074d8,instrument_size is explicitly known on only one side,missing_one_side,CONTEXT_ONLY,25,UNCERTAIN,UNCERTAIN
0.07970703485247982,rule_369309560562096f,duvet_closure is explicitly known on only one side,missing_one_side,CONTEXT_ONLY,13,UNCERTAIN,UNCERTAIN
0.43296397414398125,rule_36d0dfd5115dcc05,lead_diameter is explicitly known on only one side,missing_one_side,CONTEXT_ONLY,16,UNCERTAIN,CATEGORY_SPECIFIC
0.004831820033217139,rule_36dfb5bfd501439a,stone_weight has different explicit values,different_value,RULE_CANDIDATE,22,UNCERTAIN,UNCERTAIN
-0.12968537511524816,rule_36e62627f86bc2c7,folding_mechanism has different explicit values,different_value,RULE_CANDIDATE,54,NEGATIVE,CATEGORY_SPECIFIC
-0.32570888736796744,rule_3708f9f75244eef6,sink_material is explicitly known on only one side,missing_one_side,CONTEXT_ONLY,12,UNCERTAIN,UNCERTAIN
0.3623221864190311,rule_372fff8b1fa03ff6,target_age is explicitly known on only one side,missing_one_side,CONTEXT_ONLY,87,POSITIVE,CATEGORY_SPECIFIC
-0.9886870122954811,rule_3730905f6ccc4633,base_material has different explicit values,different_value,RULE_CANDIDATE,180,NEGATIVE,GLOBAL
-0.42675967177949026,rule_3751d79eb64d2586,insole_material is explicitly known on only one side,missing_one_side,CONTEXT_ONLY,33,NEGATIVE,CATEGORY_SPECIFIC
-0.6555307641703572,rule_3769c475ca5c181a,thread_length has different explicit values,different_value,RULE_CANDIDATE,13,UNCERTAIN,CATEGORY_SPECIFIC
0.20783447603579275,rule_378a449f28c55668,model_name is explicitly known on only one side,missing_one_side,CONTEXT_ONLY,914,POSITIVE,GLOBAL
0.0599461488777375,rule_37b271e58ed29696,diamond_weight is explicitly known on only one side,missing_one_side,CONTEXT_ONLY,29,UNCERTAIN,UNCERTAIN
-0.3510250830595385,rule_37cb1b56058305de,design_pattern is explicitly known on only one side,missing_one_side,CONTEXT_ONLY,118,UNCERTAIN,CATEGORY_SPECIFIC
0.7169641106289879,rule_37fa6a3651c17e94,skin_type has different explicit values,different_value,RULE_CANDIDATE,61,POSITIVE,CATEGORY_SPECIFIC
-0.10510678489594813,rule_38114e03a766f371,pattern is explicitly known on only one side,missing_one_side,CONTEXT_ONLY,37,UNCERTAIN,UNCERTAIN
-0.15192266205559496,rule_381e7da489bf80ac,tip_shape is explicitly known on only one side,missing_one_side,CONTEXT_ONLY,45,UNCERTAIN,UNCERTAIN
-0.24665204762516904,rule_382b6bd008d9ef36,compatible_model has a subset or specificity difference,specificity_difference,RULE_CANDIDATE,20,UNCERTAIN,UNCERTAIN
-0.38029897953383346,rule_3882ac87440d9485,diopter_power has different explicit values,different_value,RULE_CANDIDATE,14,UNCERTAIN,UNCERTAIN
-0.010348190282495996,rule_3891bd96e0cbe4b1,load_capacity is explicitly known on only one side,missing_one_side,CONTEXT_ONLY,10,UNCERTAIN,UNCERTAIN
-0.1795328475141251,rule_38a931d2d033c798,total_carat_weight has different explicit values,different_value,RULE_CANDIDATE,89,UNCERTAIN,UNCERTAIN
-0.15515873516202813,rule_38b5c8b3c8a97ab7,special_diet has different explicit values,different_value,RULE_CANDIDATE,28,UNCERTAIN,UNCERTAIN
-0.4629505012338197,rule_38bee0b7a2f04c1d,weight has different explicit values,different_value,RULE_CANDIDATE,3958,NEGATIVE,GLOBAL_WITH_EXCEPTIONS
0.4543411350897377,rule_38cf8048b55550d3,filling_status is explicitly known on only one side,missing_one_side,CONTEXT_ONLY,14,UNCERTAIN,CATEGORY_SPECIFIC
-0.02671616672341937,rule_39393d6bd025c8f7,audio_power has different explicit values,different_value,RULE_CANDIDATE,11,UNCERTAIN,UNCERTAIN
-0.03898020221712294,rule_39542bdcc14ac6f4,product_effect has different explicit values,different_value,RULE_CANDIDATE,16,UNCERTAIN,UNCERTAIN
0.19219672384379305,rule_396a323ed4544bae,wash_count is explicitly known on only one side,missing_one_side,CONTEXT_ONLY,158,POSITIVE,CATEGORY_SPECIFIC
0.09352713230879488,rule_396eacc22f384e74,target_species has a subset or specificity difference,specificity_difference,RULE_CANDIDATE,15,UNCERTAIN,UNCERTAIN
-0.6721911202878729,rule_3987db3d8b7a8a10,product_dimensions has different explicit values,different_value,RULE_CANDIDATE,40,UNCERTAIN,UNCERTAIN
-0.2664893890886549,rule_39c0d5b0491a7831,lens_height has different explicit values,different_value,RULE_CANDIDATE,1059,NEGATIVE,GLOBAL
-0.3150350495859943,rule_39c3c336f26af913,compatibility has different explicit values,different_value,RULE_CANDIDATE,21,UNCERTAIN,UNCERTAIN
0.3798790944318137,rule_3a35e945bb07d064,effect has different explicit values,different_value,RULE_CANDIDATE,50,POSITIVE,CATEGORY_SPECIFIC
0.13234977064594153,rule_3a3b6797d4d74f2f,wash_type is explicitly known on only one side,missing_one_side,CONTEXT_ONLY,39,POSITIVE,CATEGORY_SPECIFIC
-0.1109740822095198,rule_3a3cad2168087a66,seat_count has different explicit values,different_value,RULE_CANDIDATE,19,UNCERTAIN,UNCERTAIN
0.15682918052320505,rule_3a533331225ba0b7,flex_hinges is explicitly known on only one side,missing_one_side,CONTEXT_ONLY,46,UNCERTAIN,UNCERTAIN
-0.24087279300345213,rule_3a89c4b2c2ef3601,included_accessory is explicitly known on only one side,missing_one_side,CONTEXT_ONLY,15,UNCERTAIN,UNCERTAIN
-0.5085049720386787,rule_3aa92e4cfbe796ae,lamp_count has different explicit values,different_value,RULE_CANDIDATE,78,NEGATIVE,CATEGORY_SPECIFIC
-0.3390349643681528,rule_3aaebac4a9f2af35,bangs is explicitly known on only one side,missing_one_side,CONTEXT_ONLY,13,UNCERTAIN,CATEGORY_SPECIFIC
-0.7674785296880849,rule_3b6501f7ecfdc479,roll_length has different explicit values,different_value,RULE_CANDIDATE,19,UNCERTAIN,UNCERTAIN
0.2996632833550637,rule_3b661f4810fee8cf,storage_box is explicitly known on only one side,missing_one_side,CONTEXT_ONLY,52,UNCERTAIN,UNCERTAIN
-0.06540862244687023,rule_3b95309412fde006,package_quantity is explicitly known on only one side,missing_one_side,CONTEXT_ONLY,2497,POSITIVE,GLOBAL_WITH_EXCEPTIONS
-0.7316737910744966,rule_3c2d246a50ab38bd,product_purpose has different explicit values,different_value,RULE_CANDIDATE,58,NEGATIVE,CATEGORY_SPECIFIC
0.11397130362916587,rule_3c3e199a7fedfb81,heel_type has different explicit values,different_value,RULE_CANDIDATE,32,UNCERTAIN,UNCERTAIN
0.7439423870931672,rule_3c545d462fedfd4b,insole_length has different explicit values,different_value,RULE_CANDIDATE,46,POSITIVE,CATEGORY_SPECIFIC
-0.09514832743371625,rule_3cb0ec5a0351b07f,special_feature is explicitly known on only one side,missing_one_side,CONTEXT_ONLY,27,UNCERTAIN,UNCERTAIN
0.16518898688973932,rule_3cec57390c5cb13b,leg_color is explicitly known on only one side,missing_one_side,CONTEXT_ONLY,11,UNCERTAIN,UNCERTAIN
0.32476727194393895,rule_3d311fd7f94dcc18,noise_cancellation is explicitly known on only one side,missing_one_side,CONTEXT_ONLY,16,UNCERTAIN,CATEGORY_SPECIFIC
-0.09183021848173772,rule_3d6f54946c8d4794,lampshade_material has different explicit values,different_value,RULE_CANDIDATE,10,UNCERTAIN,UNCERTAIN
0.08978356853776262,rule_3d88ba3072f0343b,key_count is explicitly known on only one side,missing_one_side,CONTEXT_ONLY,29,UNCERTAIN,UNCERTAIN
-1.5306239647314146,rule_3dafe3e882f84fb0,curl_type has different explicit values,different_value,RULE_CANDIDATE,73,NEGATIVE,CATEGORY_SPECIFIC
0.15766475521535758,rule_3df6ccf82e3a4e9b,gender has conflicting title/attribute sources,conflicting_sources,REVIEW_BEFORE_USE,22,UNCERTAIN,UNCERTAIN
-0.61164686324728,rule_3e514b3b74cfd9ca,fragrance_type has different explicit values,different_value,RULE_CANDIDATE,81,UNCERTAIN,UNCERTAIN
0.06045133038984103,rule_3e60aeee279fb603,fastener_type has different explicit values,different_value,RULE_CANDIDATE,11,UNCERTAIN,UNCERTAIN
-0.3098093640887067,rule_3e672470c62accae,table_height has different explicit values,different_value,RULE_CANDIDATE,11,UNCERTAIN,UNCERTAIN
0.21802033176023505,rule_3e6eb8ec73ceeaff,vehicle_compatibility is explicitly known on only one side,missing_one_side,CONTEXT_ONLY,388,POSITIVE,CATEGORY_SPECIFIC
-0.1388041624495686,rule_3e76b1dec344eae7,wash_type has different explicit values,different_value,RULE_CANDIDATE,48,UNCERTAIN,UNCERTAIN
0.3505793303749683,rule_3e7dd5dd1c883098,luminous_flux is explicitly known on only one side,missing_one_side,CONTEXT_ONLY,34,POSITIVE,CATEGORY_SPECIFIC
-0.1448245256172549,rule_3eb2edafd79fa323,tip_size has different explicit values,different_value,RULE_CANDIDATE,10,UNCERTAIN,UNCERTAIN
-0.5489561673193468,rule_3ed58b92a15c7115,strap_material has different explicit values,different_value,RULE_CANDIDATE,235,NEGATIVE,CATEGORY_SPECIFIC
-1.338315002748552,rule_3ef3ce1e761d912b,gemstone_type has different explicit values,different_value,RULE_CANDIDATE,486,NEGATIVE,CATEGORY_SPECIFIC
-0.07230700399577662,rule_3f2d032cecd32a8a,protection_category has different explicit values,different_value,RULE_CANDIDATE,10,UNCERTAIN,UNCERTAIN
0.12420902328517842,rule_3f5f4866b3e54a8e,induction_compatible has different explicit values,different_value,RULE_CANDIDATE,10,UNCERTAIN,UNCERTAIN
-0.2782583904686176,rule_3f6ced35114680fe,design_shape has different explicit values,different_value,RULE_CANDIDATE,13,UNCERTAIN,UNCERTAIN
-0.24319244779187785,rule_3f73f201f71d225f,shaft_height has different explicit values,different_value,RULE_CANDIDATE,52,NEGATIVE,CATEGORY_SPECIFIC
0.2306433895642912,rule_3f7c01aa1a19bb02,pillowcase_closure is explicitly known on only one side,missing_one_side,CONTEXT_ONLY,20,UNCERTAIN,UNCERTAIN
-0.6205246910033129,rule_4027fb60fec7ff28,target_surface has different explicit values,different_value,RULE_CANDIDATE,102,NEGATIVE,CATEGORY_SPECIFIC
-0.3878594259383458,rule_4115e9f764c72eb6,compatible_printer_series has different explicit values,different_value,RULE_CANDIDATE,16,UNCERTAIN,CATEGORY_SPECIFIC
-0.956309913517504,rule_4121b1f0e222be12,orientation has different explicit values,different_value,RULE_CANDIDATE,147,NEGATIVE,CATEGORY_SPECIFIC
-1.2999875265780119,rule_4137453645248326,instrument_size has different explicit values,different_value,RULE_CANDIDATE,66,NEGATIVE,CATEGORY_SPECIFIC
-0.4637301237472537,rule_413ccd91780083b0,pencil_type has different explicit values,different_value,RULE_CANDIDATE,14,UNCERTAIN,UNCERTAIN
0.03171445357099692,rule_419d66874f9897f5,pickup is explicitly known on only one side,missing_one_side,CONTEXT_ONLY,14,UNCERTAIN,UNCERTAIN
0.6895444591708791,rule_41ab1454c3770950,storage_temp_min has different explicit values,different_value,RULE_CANDIDATE,47,POSITIVE,CATEGORY_SPECIFIC
-0.6005348447732595,rule_41b906e676d3cda0,tire_width has different explicit values,different_value,RULE_CANDIDATE,123,NEGATIVE,CATEGORY_SPECIFIC
-0.2923596779500354,rule_41dc538518e0515b,target_condition has different explicit values,different_value,RULE_CANDIDATE,27,UNCERTAIN,UNCERTAIN
-0.8682921038102636,rule_41eac3b0dcec95a9,sleeping_width has different explicit values,different_value,RULE_CANDIDATE,136,NEGATIVE,CATEGORY_SPECIFIC
-0.16387136222121462,rule_421c5d2ea1a52cc1,scent_notes is explicitly known on only one side,missing_one_side,CONTEXT_ONLY,10,UNCERTAIN,UNCERTAIN
0.7780501553917586,rule_4284e7d4c677fbbe,plating_color has different explicit values,different_value,RULE_CANDIDATE,14,UNCERTAIN,CATEGORY_SPECIFIC
-0.15472530673938475,rule_4293adb9b42af045,included_peripherals has different explicit values,different_value,RULE_CANDIDATE,26,NEGATIVE,CATEGORY_SPECIFIC
-0.2777329734071581,rule_42967d26f8e5e844,color has conflicting title/attribute sources,conflicting_sources,REVIEW_BEFORE_USE,205,UNCERTAIN,CATEGORY_SPECIFIC
-0.7132588130045869,rule_42e8b6d746fbfa8e,pattern_type is explicitly known on only one side,missing_one_side,CONTEXT_ONLY,27,NEGATIVE,CATEGORY_SPECIFIC
-0.15257060039978862,rule_4306b54e3bcaf709,fragrance_family is explicitly known on only one side,missing_one_side,CONTEXT_ONLY,27,UNCERTAIN,UNCERTAIN
-0.6291386030544569,rule_432236a91dfc0b97,print_subject has different explicit values,different_value,RULE_CANDIDATE,13,UNCERTAIN,CATEGORY_SPECIFIC
-0.16763524537886895,rule_4350f8581bb2062f,special_needs has different explicit values,different_value,RULE_CANDIDATE,33,UNCERTAIN,UNCERTAIN
0.34719397364684285,rule_4363c79ab09b7d6a,composition has different explicit values,different_value,RULE_CANDIDATE,75,UNCERTAIN,CATEGORY_SPECIFIC
-0.5194325658971752,rule_43a975684b078e56,hair_type has different explicit values,different_value,RULE_CANDIDATE,27,UNCERTAIN,UNCERTAIN
-1.2868816309002484,rule_43e773fb47a2bb7c,custom_name has different explicit values,different_value,RULE_CANDIDATE,34,NEGATIVE,CATEGORY_SPECIFIC
-0.22602829137015898,rule_43ee582f853925e4,sole_height has different explicit values,different_value,RULE_CANDIDATE,179,NEGATIVE,CATEGORY_SPECIFIC
-0.2531472225811923,rule_43f0465de6c57b0e,door_count has different explicit values,different_value,RULE_CANDIDATE,11,UNCERTAIN,UNCERTAIN
0.15652353973994057,rule_447d700a3f02c1b0,operating_system is explicitly known on only one side,missing_one_side,CONTEXT_ONLY,23,UNCERTAIN,UNCERTAIN
0.2905429979760958,rule_447fa06959d28600,bristle_material is explicitly known on only one side,missing_one_side,CONTEXT_ONLY,29,UNCERTAIN,UNCERTAIN
0.034774259951150785,rule_44c24df984b61615,primary_effect has different explicit values,different_value,RULE_CANDIDATE,82,POSITIVE,CATEGORY_SPECIFIC
0.3776735105203221,rule_44c4b42ce8f7dbc8,warranty_period has different explicit values,different_value,RULE_CANDIDATE,829,POSITIVE,GLOBAL_WITH_EXCEPTIONS
-0.21711802859863388,rule_44d5cb7263890dfe,position is explicitly known on only one side,missing_one_side,CONTEXT_ONLY,44,UNCERTAIN,UNCERTAIN
-0.365726915534547,rule_44d8c4fb621cd0b5,frame_type has different explicit values,different_value,RULE_CANDIDATE,45,NEGATIVE,CATEGORY_SPECIFIC
0.06921884906643169,rule_44f5f389a53032b0,wear_mode has different explicit values,different_value,RULE_CANDIDATE,50,UNCERTAIN,UNCERTAIN
-0.3626663363404259,rule_4541792944bd267d,compatible_printer_brand has different explicit values,different_value,RULE_CANDIDATE,12,UNCERTAIN,UNCERTAIN
-0.318599820028998,rule_454eb0c8173ee8ad,volume_capacity has different explicit values,different_value,RULE_CANDIDATE,25,UNCERTAIN,UNCERTAIN
-0.6706286955420757,rule_4566586a3da82fcd,scent_profile has different explicit values,different_value,RULE_CANDIDATE,14,UNCERTAIN,UNCERTAIN
-0.05924067842678939,rule_4575efe8e2b8afc3,sleeping_length has different explicit values,different_value,RULE_CANDIDATE,93,NEGATIVE,CATEGORY_SPECIFIC
0.32427895357863573,rule_45bc5928fd911159,seat_height is explicitly known on only one side,missing_one_side,CONTEXT_ONLY,47,UNCERTAIN,UNCERTAIN
-0.03377153197273842,rule_45e6720e164f167f,size is explicitly known on only one side,missing_one_side,CONTEXT_ONLY,199,UNCERTAIN,HETEROGENEOUS
0.3600280538685251,rule_4631ed2f7e4d5eb0,assembly_state is explicitly known on only one side,missing_one_side,CONTEXT_ONLY,46,UNCERTAIN,CATEGORY_SPECIFIC
-0.05618781274158151,rule_46a4bcf322e4f27b,product_format has different explicit values,different_value,RULE_CANDIDATE,12,UNCERTAIN,UNCERTAIN
-0.06902371574823632,rule_46bcf56f8aff06d8,collar_type has different explicit values,different_value,RULE_CANDIDATE,12,UNCERTAIN,UNCERTAIN
0.14306275523749534,rule_46fc57fe3eaa6e61,target_breed_size is explicitly known on only one side,missing_one_side,CONTEXT_ONLY,12,UNCERTAIN,UNCERTAIN
-0.6958688286832367,rule_4722dce4222c6776,color_shade has different explicit values,different_value,RULE_CANDIDATE,13,UNCERTAIN,UNCERTAIN
0.10582762067550815,rule_47882b27ca823740,offset_et has different explicit values,different_value,RULE_CANDIDATE,15,UNCERTAIN,UNCERTAIN
0.10149866106190314,rule_47c455561a268994,installation_type has different explicit values,different_value,RULE_CANDIDATE,35,UNCERTAIN,UNCERTAIN
0.5830862732876673,rule_47d13cbab80f8a54,hook_count is explicitly known on only one side,missing_one_side,CONTEXT_ONLY,17,UNCERTAIN,UNCERTAIN
0.03198843379549723,rule_47eafbf6ea87aa81,compartment_count has different explicit values,different_value,RULE_CANDIDATE,40,UNCERTAIN,UNCERTAIN
-1.0346172838220333,rule_48229d5cb91d22b4,leash_length has different explicit values,different_value,RULE_CANDIDATE,32,NEGATIVE,CATEGORY_SPECIFIC
0.1380982996721292,rule_4850469915cbcac8,cut_type is explicitly known on only one side,missing_one_side,CONTEXT_ONLY,16,UNCERTAIN,UNCERTAIN
0.0040337182142987545,rule_48698b7fa5e58adc,android_version has different explicit values,different_value,RULE_CANDIDATE,12,UNCERTAIN,UNCERTAIN
-0.5544068559422497,rule_4872d506919ac7ed,water_resistance has different explicit values,different_value,RULE_CANDIDATE,352,NEGATIVE,CATEGORY_SPECIFIC
0.18072806077284412,rule_48cc4a8939c72619,target_hair_type has a subset or specificity difference,specificity_difference,RULE_CANDIDATE,11,UNCERTAIN,UNCERTAIN
-0.10664887628404952,rule_48d4784dd336ac13,refresh_rate has different explicit values,different_value,RULE_CANDIDATE,31,UNCERTAIN,UNCERTAIN
-0.16014217158566244,rule_49451f08d3e68799,uv_filter is explicitly known on only one side,missing_one_side,CONTEXT_ONLY,12,UNCERTAIN,UNCERTAIN
0.26405097775720904,rule_4989bdb4b4ad5015,room_assignment has different explicit values,different_value,RULE_CANDIDATE,58,UNCERTAIN,UNCERTAIN
-0.20227692826557145,rule_49da43a4007fda7c,bead_shape is explicitly known on only one side,missing_one_side,CONTEXT_ONLY,39,UNCERTAIN,UNCERTAIN
-0.7957165601911409,rule_4a4db8f28bdd9dc0,battery_capacity has different explicit values,different_value,RULE_CANDIDATE,150,NEGATIVE,CATEGORY_SPECIFIC
-0.2971010032687508,rule_4a6571d9a1ea6487,length is explicitly known on only one side,missing_one_side,CONTEXT_ONLY,407,UNCERTAIN,CATEGORY_SPECIFIC
-0.5186887468352411,rule_4a9f4289560ea77d,internal_configuration has different explicit values,different_value,RULE_CANDIDATE,47,NEGATIVE,CATEGORY_SPECIFIC
-1.3904760108214382,rule_4aa0f48b79ae60d8,color has different explicit values,different_value,RULE_CANDIDATE,12159,NEGATIVE,GLOBAL
0.052663233462126244,rule_4b1b2dcd7426d7b4,backpack_type is explicitly known on only one side,missing_one_side,CONTEXT_ONLY,12,UNCERTAIN,UNCERTAIN
0.010374911001994213,rule_4b1c8b0011e1fcce,bolt_pattern has different explicit values,different_value,RULE_CANDIDATE,10,UNCERTAIN,UNCERTAIN
0.039754638403628265,rule_4b4d37fdd6d17e61,gold_purity is explicitly known on only one side,missing_one_side,CONTEXT_ONLY,10,UNCERTAIN,UNCERTAIN
-0.448545201708775,rule_4b5882d17abe6f84,color has a subset or specificity difference,specificity_difference,RULE_CANDIDATE,53,UNCERTAIN,UNCERTAIN
-0.14888324102462663,rule_4b80e780a9e4c111,case_included has different explicit values,different_value,RULE_CANDIDATE,14,UNCERTAIN,UNCERTAIN
0.15889770074320267,rule_4b9cac139162df26,design_style has different explicit values,different_value,RULE_CANDIDATE,197,UNCERTAIN,UNCERTAIN
-0.09994823376084117,rule_4c1505e41c8e2f42,filling_type has different explicit values,different_value,RULE_CANDIDATE,57,UNCERTAIN,UNCERTAIN
-0.19639760145070354,rule_4c48871802603e2b,door_mechanism has different explicit values,different_value,RULE_CANDIDATE,15,UNCERTAIN,UNCERTAIN
0.2396846500431989,rule_4c5a1ceb6572e1de,model_compatibility has a subset or specificity difference,specificity_difference,RULE_CANDIDATE,14,UNCERTAIN,UNCERTAIN
-0.0008620529519926801,rule_4c5ccea4eeef220a,case_shape has different explicit values,different_value,RULE_CANDIDATE,40,UNCERTAIN,UNCERTAIN
0.21315458364307033,rule_4c99c0bd4e59cad9,manufacturer_country is explicitly known on only one side,missing_one_side,CONTEXT_ONLY,13,UNCERTAIN,UNCERTAIN
-0.37250125227070563,rule_4cad5de48848b7a2,focal_length has different explicit values,different_value,RULE_CANDIDATE,15,UNCERTAIN,UNCERTAIN
0.35134968840366504,rule_4cce66d97c65a664,blade_material is explicitly known on only one side,missing_one_side,CONTEXT_ONLY,22,POSITIVE,UNCERTAIN
-0.47881381890884,rule_4d2edc7f17d132df,tabletop_color has different explicit values,different_value,RULE_CANDIDATE,20,UNCERTAIN,UNCERTAIN
0.01306372567068293,rule_4d2ee85a5b7feabd,cocoa_content has different explicit values,different_value,RULE_CANDIDATE,12,UNCERTAIN,UNCERTAIN
-0.01266249741027192,rule_4d3810ba257743f0,purity_mark is explicitly known on only one side,missing_one_side,CONTEXT_ONLY,11,UNCERTAIN,UNCERTAIN
0.24326340412541275,rule_4d6aaae0ecc6be62,marker_type is explicitly known on only one side,missing_one_side,CONTEXT_ONLY,13,UNCERTAIN,UNCERTAIN
-0.013416802685299654,rule_4d76b56c48600d4e,ingredients_composition has different explicit values,different_value,RULE_CANDIDATE,14,UNCERTAIN,UNCERTAIN
-0.2886594365932254,rule_4d974d2cf8cb55aa,sport_purpose is explicitly known on only one side,missing_one_side,CONTEXT_ONLY,75,NEGATIVE,UNCERTAIN
-0.17720349998229012,rule_4dadc5363cb2a0bc,seller_sku is explicitly known on only one side,missing_one_side,CONTEXT_ONLY,11,UNCERTAIN,UNCERTAIN
0.6253271149983723,rule_4daeb6e491ab4225,charging_time has different explicit values,different_value,RULE_CANDIDATE,19,UNCERTAIN,CATEGORY_SPECIFIC
-1.627850920694541,rule_4deadb4b65365dba,volume has different explicit values,different_value,RULE_CANDIDATE,920,NEGATIVE,GLOBAL
0.8146202847316775,rule_4e0c172d9afcb828,package_dimensions has different explicit values,different_value,RULE_CANDIDATE,302,POSITIVE,GLOBAL
-0.12312586475503241,rule_4e3d66e43891a9f1,packaging_type has different explicit values,different_value,RULE_CANDIDATE,585,UNCERTAIN,HETEROGENEOUS
0.15286243419682344,rule_4e73fda53f580102,display_type has different explicit values,different_value,RULE_CANDIDATE,13,UNCERTAIN,UNCERTAIN
-0.5640283299613663,rule_4e919e0e0c232ecc,connector_type has different explicit values,different_value,RULE_CANDIDATE,42,NEGATIVE,UNCERTAIN
0.46888591309425065,rule_4edc8f03cf9ba16e,volume_capacity is explicitly known on only one side,missing_one_side,CONTEXT_ONLY,29,POSITIVE,UNCERTAIN
0.06892246737586195,rule_4f236c3c28529d01,package_height is explicitly known on only one side,missing_one_side,CONTEXT_ONLY,22,UNCERTAIN,UNCERTAIN
-0.805645594562864,rule_4f26ba1e2c457371,processor_model has different explicit values,different_value,RULE_CANDIDATE,351,NEGATIVE,CATEGORY_SPECIFIC
-0.10924438051607763,rule_4f482a12056c0733,strand_count is explicitly known on only one side,missing_one_side,CONTEXT_ONLY,13,UNCERTAIN,UNCERTAIN
-0.05471787539445541,rule_4f63f92c6a73f601,size_us is explicitly known on only one side,missing_one_side,CONTEXT_ONLY,46,UNCERTAIN,UNCERTAIN
-0.21025818610248279,rule_4f7a6e2c71e8b1ca,sole_height is explicitly known on only one side,missing_one_side,CONTEXT_ONLY,90,UNCERTAIN,UNCERTAIN
0.34078907236601264,rule_4fa7e6a81d297b85,warranty is explicitly known on only one side,missing_one_side,CONTEXT_ONLY,19,UNCERTAIN,UNCERTAIN
-0.6392613442304106,rule_4fc25daf8c1bf599,fruit_type has different explicit values,different_value,RULE_CANDIDATE,10,UNCERTAIN,CATEGORY_SPECIFIC
0.31470157995201226,rule_4fc67f5fd54da86d,toy_type has different explicit values,different_value,RULE_CANDIDATE,32,UNCERTAIN,UNCERTAIN
0.2997911993865488,rule_4fdf27956d0b1043,product_type is explicitly known on only one side,missing_one_side,CONTEXT_ONLY,326,POSITIVE,GLOBAL
0.08378116767331376,rule_500720dc3dbc47f4,collection is explicitly known on only one side,missing_one_side,CONTEXT_ONLY,530,POSITIVE,CATEGORY_SPECIFIC
-0.05377029920829261,rule_50cad9d9096c5e6f,faucet_type has different explicit values,different_value,RULE_CANDIDATE,10,UNCERTAIN,UNCERTAIN
-0.1365287375996479,rule_50eddab36a1175c1,glass_thickness has different explicit values,different_value,RULE_CANDIDATE,11,UNCERTAIN,UNCERTAIN
-0.7197430858154131,rule_5118c4743358329b,size_length has different explicit values,different_value,RULE_CANDIDATE,30,NEGATIVE,UNCERTAIN
-0.5632825025121073,rule_511c0e70bd0f5278,bristle_material has different explicit values,different_value,RULE_CANDIDATE,22,NEGATIVE,CATEGORY_SPECIFIC
-0.4233675428934653,rule_51254a71ace09ff7,objective_diameter has different explicit values,different_value,RULE_CANDIDATE,18,UNCERTAIN,UNCERTAIN
0.03342619811931716,rule_513b9c4f0458cb28,breaking_capacity is explicitly known on only one side,missing_one_side,CONTEXT_ONLY,18,UNCERTAIN,UNCERTAIN
0.03573477575490124,rule_51450c48755ac069,height_adjustment has different explicit values,different_value,RULE_CANDIDATE,13,UNCERTAIN,UNCERTAIN
-0.31191857640700243,rule_516fdf0997cec108,lining_material is explicitly known on only one side,missing_one_side,CONTEXT_ONLY,113,UNCERTAIN,UNCERTAIN
0.35967932114983503,rule_51e3d2ac9a0c12d2,dimensions has conflicting title/attribute sources,conflicting_sources,REVIEW_BEFORE_USE,12,UNCERTAIN,UNCERTAIN
-0.15550059600006896,rule_51ef40e7aed3ff08,compatibility is explicitly known on only one side,missing_one_side,CONTEXT_ONLY,61,UNCERTAIN,UNCERTAIN
0.450242772310888,rule_521ac933bc0ae808,target_fabric has a subset or specificity difference,specificity_difference,RULE_CANDIDATE,15,UNCERTAIN,CATEGORY_SPECIFIC
0.379354063766121,rule_5234bf0f1177bbf8,vehicle_years has different explicit values,different_value,RULE_CANDIDATE,17,UNCERTAIN,UNCERTAIN
-0.16670623721271893,rule_5252f144fc03c23c,strap_length has different explicit values,different_value,RULE_CANDIDATE,32,NEGATIVE,CATEGORY_SPECIFIC
-0.09232942380793722,rule_5270fffb2ed7d00a,model_number is explicitly known on only one side,missing_one_side,CONTEXT_ONLY,3597,POSITIVE,GLOBAL_WITH_EXCEPTIONS
-0.17459007496418422,rule_5279f1e4ad5d8e87,seat_location has different explicit values,different_value,RULE_CANDIDATE,11,UNCERTAIN,UNCERTAIN
0.09476536679061849,rule_527b3698679228a1,design_style has a subset or specificity difference,specificity_difference,RULE_CANDIDATE,23,UNCERTAIN,UNCERTAIN
-0.5743217332437919,rule_52a175a4ffef0a5d,tea_type has different explicit values,different_value,RULE_CANDIDATE,80,NEGATIVE,CATEGORY_SPECIFIC
-0.18485047469347096,rule_52b4968d202bdcc1,case_shape is explicitly known on only one side,missing_one_side,CONTEXT_ONLY,30,UNCERTAIN,UNCERTAIN
0.0008754198581721287,rule_534dfd4ecf86a217,tip_type has different explicit values,different_value,RULE_CANDIDATE,10,UNCERTAIN,UNCERTAIN
0.35939365252118444,rule_5368c7a74ef6d0ed,bean_origin_country is explicitly known on only one side,missing_one_side,CONTEXT_ONLY,17,UNCERTAIN,UNCERTAIN
-0.2753671175721894,rule_5379bdc9ad3f42a4,line_width has different explicit values,different_value,RULE_CANDIDATE,23,UNCERTAIN,UNCERTAIN
-0.10514146915046238,rule_539e8dfcf3e568a0,pupillary_distance_range has different explicit values,different_value,RULE_CANDIDATE,12,UNCERTAIN,UNCERTAIN
0.012986903521819183,rule_53d6ba98b608562a,european_size is explicitly known on only one side,missing_one_side,CONTEXT_ONLY,152,UNCERTAIN,UNCERTAIN
-0.3291362774245678,rule_5431ca4d5b26ec36,application_scope has different explicit values,different_value,RULE_CANDIDATE,26,UNCERTAIN,CATEGORY_SPECIFIC
-0.4575994324241956,rule_547ea8cb2eb444ce,grain_type has different explicit values,different_value,RULE_CANDIDATE,16,UNCERTAIN,CATEGORY_SPECIFIC
-0.3497555736102132,rule_5489296504aa2a4b,hair_length is explicitly known on only one side,missing_one_side,CONTEXT_ONLY,14,UNCERTAIN,UNCERTAIN
-0.06762325457199281,rule_548d10d4308a8d7d,width is explicitly known on only one side,missing_one_side,CONTEXT_ONLY,370,UNCERTAIN,UNCERTAIN
0.0445396771757595,rule_54976e2421b1e183,package_width has different explicit values,different_value,RULE_CANDIDATE,12,UNCERTAIN,UNCERTAIN
-0.3875178821626023,rule_54cf7b47f681696c,offset has different explicit values,different_value,RULE_CANDIDATE,20,NEGATIVE,CATEGORY_SPECIFIC
0.39728840813709987,rule_54e9910d8b79a67e,target_surface is explicitly known on only one side,missing_one_side,CONTEXT_ONLY,19,UNCERTAIN,CATEGORY_SPECIFIC
-0.04523327348842389,rule_54f2ecd2adfd2bf9,package_quantity has conflicting title/attribute sources,conflicting_sources,REVIEW_BEFORE_USE,44,UNCERTAIN,UNCERTAIN
0.06058019117913944,rule_5518cebf99d45eed,ply_count is explicitly known on only one side,missing_one_side,CONTEXT_ONLY,27,UNCERTAIN,CATEGORY_SPECIFIC
0.0629355680143204,rule_554800316f69ad27,pet_size is explicitly known on only one side,missing_one_side,CONTEXT_ONLY,24,UNCERTAIN,UNCERTAIN
-0.23496439406829586,rule_5549068a65bd405c,gold_color is explicitly known on only one side,missing_one_side,CONTEXT_ONLY,12,UNCERTAIN,UNCERTAIN
-0.2207437530020958,rule_555a66807fb7d42a,neck_material is explicitly known on only one side,missing_one_side,CONTEXT_ONLY,79,NEGATIVE,CATEGORY_SPECIFIC
-0.7271770429486041,rule_55db3a675ae9a15d,heel_height is explicitly known on only one side,missing_one_side,CONTEXT_ONLY,483,NEGATIVE,CATEGORY_SPECIFIC
-0.7809185810670897,rule_56459e50897c94f4,body_color has different explicit values,different_value,RULE_CANDIDATE,38,NEGATIVE,CATEGORY_SPECIFIC
-0.4589154806139652,rule_5665af258ce70a03,main_stone has different explicit values,different_value,RULE_CANDIDATE,16,UNCERTAIN,UNCERTAIN
0.5915911559675215,rule_568c489a1d82dd79,puzzle_shape is explicitly known on only one side,missing_one_side,CONTEXT_ONLY,10,UNCERTAIN,CATEGORY_SPECIFIC
0.398115129104697,rule_56b503c9bf03a40f,objective_diameter is explicitly known on only one side,missing_one_side,CONTEXT_ONLY,10,UNCERTAIN,UNCERTAIN
-0.18410554053786,rule_573ed157312bacce,surface_texture has different explicit values,different_value,RULE_CANDIDATE,12,UNCERTAIN,UNCERTAIN
0.05384375032346932,rule_57544b09d5dd8ce0,product_line is explicitly known on only one side,missing_one_side,CONTEXT_ONLY,3542,POSITIVE,GLOBAL_WITH_EXCEPTIONS
-0.1995353577392243,rule_5755f73e3bd42430,country_of_origin has different explicit values,different_value,RULE_CANDIDATE,4138,NEGATIVE,GLOBAL
-0.06795810796238408,rule_57af9c3b90089669,package_weight is explicitly known on only one side,missing_one_side,CONTEXT_ONLY,145,POSITIVE,UNCERTAIN
-0.28892815357393764,rule_57d56df29ecb5c25,silver_purity is explicitly known on only one side,missing_one_side,CONTEXT_ONLY,19,UNCERTAIN,UNCERTAIN
0.10896084943853551,rule_57eff9996e9fb379,arabica_content is explicitly known on only one side,missing_one_side,CONTEXT_ONLY,12,UNCERTAIN,UNCERTAIN
-0.3182130972482492,rule_5870fe91f17e5e9c,canvas_base_type has different explicit values,different_value,RULE_CANDIDATE,18,UNCERTAIN,UNCERTAIN
-0.4708940766433926,rule_5889f334f308daaf,bridge_width is explicitly known on only one side,missing_one_side,CONTEXT_ONLY,365,NEGATIVE,GLOBAL
-0.13003879380768749,rule_5894a434c4f9977d,disc_type is explicitly known on only one side,missing_one_side,CONTEXT_ONLY,18,UNCERTAIN,UNCERTAIN
0.1308196418670752,rule_58dc45dd16bf3e18,grind_size is explicitly known on only one side,missing_one_side,CONTEXT_ONLY,11,UNCERTAIN,UNCERTAIN
0.03863999573507202,rule_58e894aa325fcb0d,model_style has different explicit values,different_value,RULE_CANDIDATE,71,UNCERTAIN,UNCERTAIN
-0.052047658951012904,rule_58f6d039f69fc049,hair_type has a subset or specificity difference,specificity_difference,RULE_CANDIDATE,11,UNCERTAIN,UNCERTAIN
0.032861627572271526,rule_58f88cf73ce46943,suspension_type is explicitly known on only one side,missing_one_side,CONTEXT_ONLY,12,UNCERTAIN,UNCERTAIN
-1.2681094180241932,rule_591d7a3f67190d5d,wheel_diameter has different explicit values,different_value,RULE_CANDIDATE,159,NEGATIVE,GLOBAL
-0.05545084675065639,rule_593add4cea351b86,filler_material is explicitly known on only one side,missing_one_side,CONTEXT_ONLY,39,UNCERTAIN,UNCERTAIN
0.1389304097266525,rule_5957726dee01ea4e,breaking_load is explicitly known on only one side,missing_one_side,CONTEXT_ONLY,16,UNCERTAIN,UNCERTAIN
-0.7461566352163841,rule_59aecfa63ef8f6b2,part_type has different explicit values,different_value,RULE_CANDIDATE,52,UNCERTAIN,UNCERTAIN
-0.09621839952963311,rule_59bbdcf028218ea6,drain_valve_included has different explicit values,different_value,RULE_CANDIDATE,10,UNCERTAIN,UNCERTAIN
0.4341236155526785,rule_59e9f009206b90ec,sport_purpose has different explicit values,different_value,RULE_CANDIDATE,33,UNCERTAIN,UNCERTAIN
-1.0072255616013213,rule_5a1a43ccb60fffa8,wire_diameter has different explicit values,different_value,RULE_CANDIDATE,22,NEGATIVE,CATEGORY_SPECIFIC
-0.39356530516826216,rule_5a367c7ed2e8b357,rim_diameter has different explicit values,different_value,RULE_CANDIDATE,159,NEGATIVE,CATEGORY_SPECIFIC
0.381959048175253,rule_5a40b5aa8546fcc9,model_features has different explicit values,different_value,RULE_CANDIDATE,51,UNCERTAIN,UNCERTAIN
0.6059446467372754,rule_5a534d8160ebd975,bulbs_included is explicitly known on only one side,missing_one_side,CONTEXT_ONLY,23,POSITIVE,CATEGORY_SPECIFIC
0.21764171667740193,rule_5a7ef8f815489192,has_armrests is explicitly known on only one side,missing_one_side,CONTEXT_ONLY,13,UNCERTAIN,UNCERTAIN
0.035195044427006,rule_5a89d25fef6bcd4a,blade_length is explicitly known on only one side,missing_one_side,CONTEXT_ONLY,41,UNCERTAIN,UNCERTAIN
0.28679138643963153,rule_5acbe6b6612263fb,compatible_os has different explicit values,different_value,RULE_CANDIDATE,12,UNCERTAIN,UNCERTAIN
-1.2478120713673648,rule_5af69a5fb1bf105b,curtain_width has different explicit values,different_value,RULE_CANDIDATE,112,NEGATIVE,CATEGORY_SPECIFIC
0.17834895262752345,rule_5b35a797687a4fab,pole_count is explicitly known on only one side,missing_one_side,CONTEXT_ONLY,10,UNCERTAIN,CATEGORY_SPECIFIC
0.0038312584541499556,rule_5b9b5bcde62828c8,formulation_type is explicitly known on only one side,missing_one_side,CONTEXT_ONLY,23,UNCERTAIN,UNCERTAIN
-0.21129716325219328,rule_5bcc6f2d419b8e50,ink_type has different explicit values,different_value,RULE_CANDIDATE,18,UNCERTAIN,UNCERTAIN
-0.7466698283779529,rule_5c25648691dcd22d,product_length has different explicit values,different_value,RULE_CANDIDATE,57,UNCERTAIN,UNCERTAIN
-0.5896526494778657,rule_5c42a8092e105c84,sofa_shape has different explicit values,different_value,RULE_CANDIDATE,49,NEGATIVE,CATEGORY_SPECIFIC
0.0818206337099497,rule_5c76b6e27c840e1d,handle_length has different explicit values,different_value,RULE_CANDIDATE,10,UNCERTAIN,UNCERTAIN
-0.16227915700139653,rule_5c9194cb1c4905da,compatible_printer_models has different explicit values,different_value,RULE_CANDIDATE,12,UNCERTAIN,UNCERTAIN
-0.15517251673375557,rule_5d1323cbfb98ac50,fretboard_material is explicitly known on only one side,missing_one_side,CONTEXT_ONLY,60,NEGATIVE,CATEGORY_SPECIFIC
0.1907419598305273,rule_5d6cc22d014e4e3b,product_form is explicitly known on only one side,missing_one_side,CONTEXT_ONLY,166,UNCERTAIN,CATEGORY_SPECIFIC
-0.4171288482623343,rule_5d850fc9cecaae2c,gender has a subset or specificity difference,specificity_difference,RULE_CANDIDATE,13,UNCERTAIN,UNCERTAIN
0.06593744196270176,rule_5daada91dad3a661,voltage is explicitly known on only one side,missing_one_side,CONTEXT_ONLY,34,UNCERTAIN,UNCERTAIN
0.3658523647855356,rule_5db65b9502c9def0,lamp_shade_material has different explicit values,different_value,RULE_CANDIDATE,11,UNCERTAIN,UNCERTAIN
-0.28632571515185945,rule_5dbb63f009b34eac,back_length_cm has different explicit values,different_value,RULE_CANDIDATE,10,UNCERTAIN,UNCERTAIN
-0.29063209753443653,rule_5dd9eea30559814c,coffee_form has different explicit values,different_value,RULE_CANDIDATE,14,UNCERTAIN,UNCERTAIN
-0.26113241206675064,rule_5deae472de367566,wrap_material has different explicit values,different_value,RULE_CANDIDATE,20,NEGATIVE,CATEGORY_SPECIFIC
0.5256832685290445,rule_5dec7cb845376c17,wrap_material is explicitly known on only one side,missing_one_side,CONTEXT_ONLY,14,UNCERTAIN,CATEGORY_SPECIFIC
0.11959193396935643,rule_5e39197bbec08985,charger_included is explicitly known on only one side,missing_one_side,CONTEXT_ONLY,12,UNCERTAIN,CATEGORY_SPECIFIC
-0.1401984058204898,rule_5e9f930317e30943,connection_diameter has different explicit values,different_value,RULE_CANDIDATE,12,UNCERTAIN,UNCERTAIN
-0.9315270810756656,rule_5ea52a12d464360f,socket_size has different explicit values,different_value,RULE_CANDIDATE,25,NEGATIVE,CATEGORY_SPECIFIC
-0.16133614871697136,rule_5f0878553319cd8f,pd_range has different explicit values,different_value,RULE_CANDIDATE,200,NEGATIVE,CATEGORY_SPECIFIC
-0.28365226357469964,rule_5f1f97a0fd45f832,storage_capacity is explicitly known on only one side,missing_one_side,CONTEXT_ONLY,40,UNCERTAIN,UNCERTAIN
0.14537579215197816,rule_5f28b9dabff74fb4,fret_count has different explicit values,different_value,RULE_CANDIDATE,120,NEGATIVE,CATEGORY_SPECIFIC
-0.08991706785287773,rule_5f535986d4c1f6b0,watch_features has different explicit values,different_value,RULE_CANDIDATE,15,UNCERTAIN,UNCERTAIN
-0.35881993111124627,rule_5f729ce186b1ba4d,neck_width has different explicit values,different_value,RULE_CANDIDATE,25,NEGATIVE,CATEGORY_SPECIFIC
-0.5730983897630457,rule_5fa1ea8caede8788,accessory_color has different explicit values,different_value,RULE_CANDIDATE,32,NEGATIVE,CATEGORY_SPECIFIC
-0.31778351836175395,rule_5fe8e33daf9df2d7,suspension_position is explicitly known on only one side,missing_one_side,CONTEXT_ONLY,16,UNCERTAIN,UNCERTAIN
-0.16723844733454363,rule_600ef7e5a90d1e0c,corner_orientation is explicitly known on only one side,missing_one_side,CONTEXT_ONLY,16,UNCERTAIN,UNCERTAIN
-0.02630919672098043,rule_6024afb3b10651e0,model_size has different explicit values,different_value,RULE_CANDIDATE,15,UNCERTAIN,UNCERTAIN
-0.7723883157638044,rule_6047127be08858b3,variety_name has different explicit values,different_value,RULE_CANDIDATE,19,UNCERTAIN,CATEGORY_SPECIFIC
-0.3429344614279797,rule_60a14fa9e860b719,pattern has different explicit values,different_value,RULE_CANDIDATE,18,UNCERTAIN,CATEGORY_SPECIFIC
-0.19923222999737236,rule_60c54b77388e3f3d,hallmark is explicitly known on only one side,missing_one_side,CONTEXT_ONLY,13,UNCERTAIN,UNCERTAIN
-0.3420741868817648,rule_60ca25f8351f066c,genre has different explicit values,different_value,RULE_CANDIDATE,11,UNCERTAIN,CATEGORY_SPECIFIC
0.0971834076792672,rule_60fe999344d875f5,coverage_area is explicitly known on only one side,missing_one_side,CONTEXT_ONLY,23,UNCERTAIN,UNCERTAIN
-0.36735288199815225,rule_610895b77d859e4d,steering_wheel_features is explicitly known on only one side,missing_one_side,CONTEXT_ONLY,13,UNCERTAIN,UNCERTAIN
-0.2762264144280626,rule_6125e0df38c18d37,door_material has different explicit values,different_value,RULE_CANDIDATE,13,UNCERTAIN,UNCERTAIN
0.11951261893137487,rule_612a2e011a87b3e2,max_lamp_power has different explicit values,different_value,RULE_CANDIDATE,12,UNCERTAIN,UNCERTAIN
0.4997293417369985,rule_6149a4306160789e,assembled_dimensions is explicitly known on only one side,missing_one_side,CONTEXT_ONLY,13,UNCERTAIN,CATEGORY_SPECIFIC
-0.0786670485296252,rule_61621b64594ec76a,compatible_printer_models is explicitly known on only one side,missing_one_side,CONTEXT_ONLY,18,UNCERTAIN,UNCERTAIN
-0.1449196448684105,rule_617affb3513d04b0,max_load is explicitly known on only one side,missing_one_side,CONTEXT_ONLY,147,UNCERTAIN,UNCERTAIN
-0.11483990638296854,rule_6184ab6b008d0c6b,string_count is explicitly known on only one side,missing_one_side,CONTEXT_ONLY,74,UNCERTAIN,UNCERTAIN
-0.5533181300575389,rule_61d45ecd5ddc0b70,frame_color is explicitly known on only one side,missing_one_side,CONTEXT_ONLY,44,UNCERTAIN,UNCERTAIN
0.22787265862786069,rule_632e28ebebe7da96,seat_coverage has different explicit values,different_value,RULE_CANDIDATE,57,UNCERTAIN,UNCERTAIN
0.18636922911809412,rule_6362428442b73c23,power_consumption is explicitly known on only one side,missing_one_side,CONTEXT_ONLY,56,POSITIVE,CATEGORY_SPECIFIC
-0.48318397395290624,rule_636366d303817c9e,thickness_mm has different explicit values,different_value,RULE_CANDIDATE,29,NEGATIVE,CATEGORY_SPECIFIC
-0.12449013319041827,rule_63b7a841719b28a0,tea_variety is explicitly known on only one side,missing_one_side,CONTEXT_ONLY,16,UNCERTAIN,UNCERTAIN
-0.8218427042858514,rule_63c3662888b5a9a8,temple_length has different explicit values,different_value,RULE_CANDIDATE,1208,NEGATIVE,GLOBAL
-0.5604300972019001,rule_63cf1d877f93c652,labels_per_sheet has different explicit values,different_value,RULE_CANDIDATE,15,UNCERTAIN,UNCERTAIN
-0.19937028344209554,rule_63e687f5ccad9042,spout_height has different explicit values,different_value,RULE_CANDIDATE,17,UNCERTAIN,UNCERTAIN
-0.6886853241857591,rule_64032e16c06ba6cc,ssd_capacity has different explicit values,different_value,RULE_CANDIDATE,178,NEGATIVE,CATEGORY_SPECIFIC
0.5755985350134802,rule_641718138c999bfc,gross_weight has different explicit values,different_value,RULE_CANDIDATE,28,POSITIVE,CATEGORY_SPECIFIC
-0.26857876944705666,rule_6419c67b1f32aa78,curtain_attachment is explicitly known on only one side,missing_one_side,CONTEXT_ONLY,12,UNCERTAIN,CATEGORY_SPECIFIC
0.17918681007361656,rule_644d3c78c0a6ceed,material is explicitly known on only one side,missing_one_side,CONTEXT_ONLY,2415,POSITIVE,GLOBAL
0.17177889839643143,rule_646c87d60c193ed0,production_country has different explicit values,different_value,RULE_CANDIDATE,19,UNCERTAIN,UNCERTAIN
0.4092139984332764,rule_646f008b72df88c4,format_size is explicitly known on only one side,missing_one_side,CONTEXT_ONLY,93,POSITIVE,CATEGORY_SPECIFIC
-0.19257140552103807,rule_64708034eae531c7,target_fabric_type is explicitly known on only one side,missing_one_side,CONTEXT_ONLY,16,UNCERTAIN,UNCERTAIN
-1.0360021251283622,rule_64807014a9be9396,plant_species has different explicit values,different_value,RULE_CANDIDATE,32,NEGATIVE,CATEGORY_SPECIFIC
0.05865604892250033,rule_6483a60f0cab3d6f,sole_material is explicitly known on only one side,missing_one_side,CONTEXT_ONLY,89,UNCERTAIN,UNCERTAIN
-0.1706868910136509,rule_64b9c29327f18627,effect_type has different explicit values,different_value,RULE_CANDIDATE,10,UNCERTAIN,UNCERTAIN
-0.9139077655505715,rule_64efc841b931c1e5,size_mm is explicitly known on only one side,missing_one_side,CONTEXT_ONLY,35,NEGATIVE,CATEGORY_SPECIFIC
-0.9838483602256889,rule_65095f5840403051,material_type has different explicit values,different_value,RULE_CANDIDATE,152,NEGATIVE,GLOBAL
-0.3287500341282932,rule_652812dea1882206,russian_size is explicitly known on only one side,missing_one_side,CONTEXT_ONLY,293,UNCERTAIN,CATEGORY_SPECIFIC
-0.16747105693739683,rule_6546c9e06d6b872e,instrument_compatibility is explicitly known on only one side,missing_one_side,CONTEXT_ONLY,10,UNCERTAIN,UNCERTAIN
-0.8619003359369983,rule_6571ad3b5ba7aa38,key_tuning has different explicit values,different_value,RULE_CANDIDATE,20,NEGATIVE,CATEGORY_SPECIFIC
-1.1790837264869805,rule_6574354b2cf5bf1f,string_note has different explicit values,different_value,RULE_CANDIDATE,21,NEGATIVE,CATEGORY_SPECIFIC
0.41752523971604727,rule_658feab30c2dfe09,target_animal_age has different explicit values,different_value,RULE_CANDIDATE,37,POSITIVE,CATEGORY_SPECIFIC
-0.3715807407071474,rule_65df84ca75e429cf,bracelet_material is explicitly known on only one side,missing_one_side,CONTEXT_ONLY,17,UNCERTAIN,UNCERTAIN
0.2606518500463016,rule_660c8b492cd49f45,max_age is explicitly known on only one side,missing_one_side,CONTEXT_ONLY,462,POSITIVE,GLOBAL
0.13614574792570455,rule_66304f9d57792c3c,handle_material has different explicit values,different_value,RULE_CANDIDATE,44,UNCERTAIN,UNCERTAIN
-0.4720199975291535,rule_6672ac91c20f6235,lens_color has different explicit values,different_value,RULE_CANDIDATE,119,NEGATIVE,CATEGORY_SPECIFIC
0.005338630826510746,rule_667b3bb557f0b77c,mechanism_type has different explicit values,different_value,RULE_CANDIDATE,17,UNCERTAIN,UNCERTAIN
-0.4135384324264515,rule_670c44ee77d72a66,cable_length is explicitly known on only one side,missing_one_side,CONTEXT_ONLY,74,UNCERTAIN,UNCERTAIN
0.30906281388895795,rule_671c2c236ad08b24,spout_type is explicitly known on only one side,missing_one_side,CONTEXT_ONLY,10,UNCERTAIN,UNCERTAIN
-0.27118577904444413,rule_6724ecac395991b2,temperature_range is explicitly known on only one side,missing_one_side,CONTEXT_ONLY,27,UNCERTAIN,UNCERTAIN
-0.3752501931415994,rule_673205517c213322,size_group has different explicit values,different_value,RULE_CANDIDATE,10,UNCERTAIN,UNCERTAIN
0.28102055278768906,rule_6745455be2cdc71a,foot_length_cm is explicitly known on only one side,missing_one_side,CONTEXT_ONLY,242,POSITIVE,CATEGORY_SPECIFIC
-0.7334839653064085,rule_6775f5223f0a6f03,oil_type has different explicit values,different_value,RULE_CANDIDATE,29,UNCERTAIN,UNCERTAIN
-1.5179301923305744,rule_6781877044ead9dd,axis has different explicit values,different_value,RULE_CANDIDATE,368,NEGATIVE,CATEGORY_SPECIFIC
-0.3326792300392097,rule_678d689ea663d840,flavor_composition has different explicit values,different_value,RULE_CANDIDATE,16,UNCERTAIN,UNCERTAIN
0.6457150044588529,rule_67a4297623b5c07d,bulb_included is explicitly known on only one side,missing_one_side,CONTEXT_ONLY,42,POSITIVE,CATEGORY_SPECIFIC
0.07073563722561883,rule_67d683b0ff800e1b,target_pest has a subset or specificity difference,specificity_difference,RULE_CANDIDATE,30,UNCERTAIN,UNCERTAIN
0.14470745141133368,rule_67fa175826b25fd4,cover_type is explicitly known on only one side,missing_one_side,CONTEXT_ONLY,61,POSITIVE,CATEGORY_SPECIFIC
-0.460086771350062,rule_685a9b51004209cc,power_consumption has different explicit values,different_value,RULE_CANDIDATE,65,NEGATIVE,UNCERTAIN
-0.23853063943896574,rule_687645c1eee244cf,seat_depth is explicitly known on only one side,missing_one_side,CONTEXT_ONLY,23,UNCERTAIN,UNCERTAIN
-0.10420808981878396,rule_68924abb37bf1dea,diamond_carat_weight has different explicit values,different_value,RULE_CANDIDATE,19,UNCERTAIN,UNCERTAIN
-1.1588927412458276,rule_68c8199ccf6b8847,gold_color has different explicit values,different_value,RULE_CANDIDATE,223,NEGATIVE,CATEGORY_SPECIFIC
0.4119622837297922,rule_68d2f490ae5d69d6,bulb_included has different explicit values,different_value,RULE_CANDIDATE,35,POSITIVE,CATEGORY_SPECIFIC
-0.5816337676482145,rule_69089d70359aa26f,brush_size is explicitly known on only one side,missing_one_side,CONTEXT_ONLY,14,UNCERTAIN,CATEGORY_SPECIFIC
-0.16415946992433528,rule_691e417d48bb9812,treat_type has different explicit values,different_value,RULE_CANDIDATE,14,UNCERTAIN,UNCERTAIN
-1.2269277724012089,rule_69400ace6bb2982f,product_theme has different explicit values,different_value,RULE_CANDIDATE,26,NEGATIVE,CATEGORY_SPECIFIC
-0.6920187172459745,rule_699861a7429d2c4d,image_subject has different explicit values,different_value,RULE_CANDIDATE,17,UNCERTAIN,CATEGORY_SPECIFIC
-0.12967841948937825,rule_69ca7a0d389bbf28,body_shape has different explicit values,different_value,RULE_CANDIDATE,95,NEGATIVE,CATEGORY_SPECIFIC
0.12576172489040788,rule_69dd86eb98e471a7,stone_carat_weight has different explicit values,different_value,RULE_CANDIDATE,22,UNCERTAIN,UNCERTAIN
-0.15931028460829666,rule_6a44a1a35fc4c84e,lens_coating is explicitly known on only one side,missing_one_side,CONTEXT_ONLY,93,NEGATIVE,CATEGORY_SPECIFIC
-0.45795212265740126,rule_6a9a21539c70d22e,tip_shape has different explicit values,different_value,RULE_CANDIDATE,27,NEGATIVE,UNCERTAIN
0.12498925104011877,rule_6abbf22111b92836,uv_protection has different explicit values,different_value,RULE_CANDIDATE,15,UNCERTAIN,UNCERTAIN
-0.4421222237195722,rule_6ae00770a16b7d3f,connection_type has different explicit values,different_value,RULE_CANDIDATE,41,UNCERTAIN,UNCERTAIN
0.2964972490894228,rule_6ba851a99a54c30c,target_fish is explicitly known on only one side,missing_one_side,CONTEXT_ONLY,20,UNCERTAIN,UNCERTAIN
0.4617685530642135,rule_6bbccfb9c8525d21,coffee_composition is explicitly known on only one side,missing_one_side,CONTEXT_ONLY,13,UNCERTAIN,CATEGORY_SPECIFIC
-0.7862370460883794,rule_6bc4c1873e05a014,bed_length has different explicit values,different_value,RULE_CANDIDATE,49,NEGATIVE,CATEGORY_SPECIFIC
-0.17829829852378182,rule_6c004436feff71ed,paper_density is explicitly known on only one side,missing_one_side,CONTEXT_ONLY,163,UNCERTAIN,UNCERTAIN
0.072760590416051,rule_6c009e492cd87fc4,package_includes is explicitly known on only one side,missing_one_side,CONTEXT_ONLY,16,UNCERTAIN,UNCERTAIN
0.3470599574438763,rule_6c03e2bbfe2315bd,lighting_area has different explicit values,different_value,RULE_CANDIDATE,153,UNCERTAIN,UNCERTAIN
-0.51889483182207,rule_6c17cf51563b81db,power has different explicit values,different_value,RULE_CANDIDATE,35,NEGATIVE,UNCERTAIN
-0.17618091186472445,rule_6c5e8fc7632e88c0,shape has different explicit values,different_value,RULE_CANDIDATE,94,NEGATIVE,UNCERTAIN
-0.7434342706199518,rule_6c6cac9b9ca5085a,table_length has different explicit values,different_value,RULE_CANDIDATE,29,NEGATIVE,CATEGORY_SPECIFIC
0.1717980402378293,rule_6cffd83554ccdfe1,guitar_type_compatibility has different explicit values,different_value,RULE_CANDIDATE,24,UNCERTAIN,UNCERTAIN
-0.36328846365885387,rule_6d23d59edeb866bc,optical_power_sph has different explicit values,different_value,RULE_CANDIDATE,10,UNCERTAIN,UNCERTAIN
-0.2856156198912804,rule_6d24a61771e36c4c,instrument_compatibility has different explicit values,different_value,RULE_CANDIDATE,23,UNCERTAIN,UNCERTAIN
-0.09356672541892197,rule_6d387e5e2cb5f0c8,battery_life has different explicit values,different_value,RULE_CANDIDATE,18,UNCERTAIN,UNCERTAIN
0.007330656790524341,rule_6e20aba245131f0c,gear_count has different explicit values,different_value,RULE_CANDIDATE,71,NEGATIVE,CATEGORY_SPECIFIC
0.0480257398206272,rule_6e23314a0b7652a2,fret_count is explicitly known on only one side,missing_one_side,CONTEXT_ONLY,155,UNCERTAIN,UNCERTAIN
-0.47547772698287133,rule_6e3ab8a7da8aa833,sheet_size is explicitly known on only one side,missing_one_side,CONTEXT_ONLY,24,UNCERTAIN,UNCERTAIN
0.03333069426260318,rule_6e3f9ee5c060819a,total_height is explicitly known on only one side,missing_one_side,CONTEXT_ONLY,10,UNCERTAIN,UNCERTAIN
0.11327423549638618,rule_6e47f05abbaecb97,antibacterial_effect is explicitly known on only one side,missing_one_side,CONTEXT_ONLY,44,UNCERTAIN,UNCERTAIN
-0.18851813324034739,rule_6e55579ce6b4a929,internal_layout has different explicit values,different_value,RULE_CANDIDATE,18,UNCERTAIN,UNCERTAIN
0.3573677869769379,rule_6e8d4585abd8032e,power is explicitly known on only one side,missing_one_side,CONTEXT_ONLY,29,UNCERTAIN,UNCERTAIN
-0.4509435101664834,rule_6eb5f622184959cc,breaking_load_kg has different explicit values,different_value,RULE_CANDIDATE,22,NEGATIVE,CATEGORY_SPECIFIC
-0.3590199739486621,rule_6f227f449dcae889,medical_condition has different explicit values,different_value,RULE_CANDIDATE,11,UNCERTAIN,UNCERTAIN
-0.09523192185371301,rule_6f3e140d5f083ca6,target_animal_age is explicitly known on only one side,missing_one_side,CONTEXT_ONLY,10,UNCERTAIN,UNCERTAIN
0.16896421219448773,rule_6fd4b7777e51c752,design_theme is explicitly known on only one side,missing_one_side,CONTEXT_ONLY,97,POSITIVE,GLOBAL_WITH_EXCEPTIONS
-0.8001728594021693,rule_700fb73ce645d505,width has different explicit values,different_value,RULE_CANDIDATE,2070,NEGATIVE,GLOBAL
-0.387179909002713,rule_70331c469440d636,wash_count has different explicit values,different_value,RULE_CANDIDATE,54,NEGATIVE,CATEGORY_SPECIFIC
-1.2168515081725468,rule_705059c9d33be349,model_design has different explicit values,different_value,RULE_CANDIDATE,59,NEGATIVE,UNCERTAIN
-0.06908552998215212,rule_7053fbc519fc6928,paper_texture is explicitly known on only one side,missing_one_side,CONTEXT_ONLY,13,UNCERTAIN,UNCERTAIN
-0.3403184895771845,rule_7075893c4f158181,ring_size is explicitly known on only one side,missing_one_side,CONTEXT_ONLY,144,UNCERTAIN,UNCERTAIN
-1.0058616592098335,rule_709966113032491e,string_count has different explicit values,different_value,RULE_CANDIDATE,117,NEGATIVE,CATEGORY_SPECIFIC
-0.29552114331742346,rule_709f7af70798f343,facade_material has different explicit values,different_value,RULE_CANDIDATE,64,UNCERTAIN,UNCERTAIN
0.11321259701917431,rule_70a9ac149b4aba79,target_pet_size has different explicit values,different_value,RULE_CANDIDATE,35,UNCERTAIN,UNCERTAIN
-0.4157389599430876,rule_70dd3e799a6d7303,weight_per_unit has different explicit values,different_value,RULE_CANDIDATE,19,UNCERTAIN,UNCERTAIN
-0.7339564787979646,rule_71257c8108f64a16,main_stone_type has different explicit values,different_value,RULE_CANDIDATE,29,NEGATIVE,CATEGORY_SPECIFIC
-0.27628493082994465,rule_718e81809c1073ae,polarization has different explicit values,different_value,RULE_CANDIDATE,39,NEGATIVE,CATEGORY_SPECIFIC
-0.18631792255689986,rule_722fa165b57d4160,faucet_model has different explicit values,different_value,RULE_CANDIDATE,21,UNCERTAIN,UNCERTAIN
0.14406479817276166,rule_72a5ecf5ec0047bb,headrest is explicitly known on only one side,missing_one_side,CONTEXT_ONLY,20,UNCERTAIN,UNCERTAIN
0.5196225987179143,rule_72cec838b94cba35,insert_type is explicitly known on only one side,missing_one_side,CONTEXT_ONLY,36,POSITIVE,CATEGORY_SPECIFIC
-0.29022459640065007,rule_72d0422d19ad52fc,steering_wheel_diameter is explicitly known on only one side,missing_one_side,CONTEXT_ONLY,15,UNCERTAIN,UNCERTAIN
0.12125793973685046,rule_734eb2e5db18526f,case_color has different explicit values,different_value,RULE_CANDIDATE,19,UNCERTAIN,UNCERTAIN
-0.024228511180486897,rule_73665faf39595b25,insert_type has different explicit values,different_value,RULE_CANDIDATE,68,UNCERTAIN,UNCERTAIN
0.22340103199354366,rule_73becd95521b5bde,product_class is explicitly known on only one side,missing_one_side,CONTEXT_ONLY,12,UNCERTAIN,UNCERTAIN
-1.1630555745889144,rule_73c9906d6506efcd,string_gauge has different explicit values,different_value,RULE_CANDIDATE,183,NEGATIVE,CATEGORY_SPECIFIC
-0.6238891100593826,rule_740b798142149935,tabletop_shape has different explicit values,different_value,RULE_CANDIDATE,26,UNCERTAIN,UNCERTAIN
-0.13144653346131704,rule_741611f97691f43e,handle_type has different explicit values,different_value,RULE_CANDIDATE,18,UNCERTAIN,UNCERTAIN
-0.8005272293152693,rule_746f6d13df223623,bead_diameter has different explicit values,different_value,RULE_CANDIDATE,15,UNCERTAIN,UNCERTAIN
-0.26992188219792235,rule_7499a51c7c89fd07,manufacturer_size is explicitly known on only one side,missing_one_side,CONTEXT_ONLY,253,UNCERTAIN,UNCERTAIN
0.5910466864695239,rule_74b54b2489c854dc,has_headrest is explicitly known on only one side,missing_one_side,CONTEXT_ONLY,17,UNCERTAIN,CATEGORY_SPECIFIC
-0.64209024471231,rule_74bde91c997b592a,has_mirror has different explicit values,different_value,RULE_CANDIDATE,43,NEGATIVE,CATEGORY_SPECIFIC
-0.12359796681407278,rule_74e64ced881314a0,neck_material has different explicit values,different_value,RULE_CANDIDATE,71,NEGATIVE,CATEGORY_SPECIFIC
-0.532489833085125,rule_74f44f11354a7d0a,pick_thickness has different explicit values,different_value,RULE_CANDIDATE,13,UNCERTAIN,CATEGORY_SPECIFIC
-0.7922004060293152,rule_7509445783d5cb6b,compatible_vehicle has different explicit values,different_value,RULE_CANDIDATE,47,NEGATIVE,CATEGORY_SPECIFIC
0.34436192232317675,rule_750b4830ecdd6f06,form_factor is explicitly known on only one side,missing_one_side,CONTEXT_ONLY,108,POSITIVE,CATEGORY_SPECIFIC
-0.1236748813988373,rule_751991f07a0d7de8,frame_construction is explicitly known on only one side,missing_one_side,CONTEXT_ONLY,10,UNCERTAIN,UNCERTAIN
-0.8895454247479249,rule_752de8ed42ce63b5,pupillary_distance has different explicit values,different_value,RULE_CANDIDATE,884,NEGATIVE,CATEGORY_SPECIFIC
0.24280852664413213,rule_7539160138a2f683,target_animal_size is explicitly known on only one side,missing_one_side,CONTEXT_ONLY,12,UNCERTAIN,UNCERTAIN
-0.011676050852813641,rule_754d4111df07dda6,string_type has different explicit values,different_value,RULE_CANDIDATE,14,UNCERTAIN,UNCERTAIN
-1.6356509002616255,rule_755fccc70551246d,cable_length has different explicit values,different_value,RULE_CANDIDATE,170,NEGATIVE,GLOBAL
0.3146093182149068,rule_757641e63b73c17b,car_brand has different explicit values,different_value,RULE_CANDIDATE,64,UNCERTAIN,UNCERTAIN
0.08850943720419199,rule_7579201294cc31dc,material has conflicting title/attribute sources,conflicting_sources,REVIEW_BEFORE_USE,35,UNCERTAIN,UNCERTAIN
-0.00429602830866655,rule_75804926f64395b2,bridge_type is explicitly known on only one side,missing_one_side,CONTEXT_ONLY,26,UNCERTAIN,UNCERTAIN
-0.2957277345588073,rule_759efc6a2615de00,fabric_composition has different explicit values,different_value,RULE_CANDIDATE,25,UNCERTAIN,UNCERTAIN
-0.11155040944697313,rule_75aa99305cae1b0b,stone_cut is explicitly known on only one side,missing_one_side,CONTEXT_ONLY,15,UNCERTAIN,UNCERTAIN
0.1976537063636215,rule_75d7f7e6789693f4,bracelet_length has different explicit values,different_value,RULE_CANDIDATE,11,UNCERTAIN,UNCERTAIN
0.06137868037157838,rule_75e1e4c73f8f7249,hook_type is explicitly known on only one side,missing_one_side,CONTEXT_ONLY,32,UNCERTAIN,UNCERTAIN
-0.17491344977233592,rule_75f832ba33676b40,bed_size_type has different explicit values,different_value,RULE_CANDIDATE,12,UNCERTAIN,UNCERTAIN
-0.5369716828684213,rule_75f9b587a5e051f3,axis is explicitly known on only one side,missing_one_side,CONTEXT_ONLY,98,NEGATIVE,CATEGORY_SPECIFIC
-0.15153544967191906,rule_764c7a0529132aaa,graphics_card has different explicit values,different_value,RULE_CANDIDATE,10,UNCERTAIN,UNCERTAIN
-0.28607903574924326,rule_76622c26c15f754e,drive_type has different explicit values,different_value,RULE_CANDIDATE,12,UNCERTAIN,UNCERTAIN
-0.22923377428551206,rule_7696326ca7d2403a,item_dimensions is explicitly known on only one side,missing_one_side,CONTEXT_ONLY,19,UNCERTAIN,UNCERTAIN
-0.2951111034444466,rule_76bce3e5791ad498,finish_type has different explicit values,different_value,RULE_CANDIDATE,91,NEGATIVE,CATEGORY_SPECIFIC
-0.020330060786461743,rule_76cc6c6e391d2cd6,chlorine_free is explicitly known on only one side,missing_one_side,CONTEXT_ONLY,10,UNCERTAIN,UNCERTAIN
-0.1749557892915734,rule_76e1420bfc791c7b,surface_coating is explicitly known on only one side,missing_one_side,CONTEXT_ONLY,26,UNCERTAIN,UNCERTAIN
-0.0806991947889412,rule_76f00fa447e6adaf,tabletop_material has different explicit values,different_value,RULE_CANDIDATE,49,UNCERTAIN,UNCERTAIN
-0.4359183854749708,rule_77083b022d430315,surface_texture is explicitly known on only one side,missing_one_side,CONTEXT_ONLY,11,UNCERTAIN,UNCERTAIN
-0.5650022314933107,rule_771a3fbe549ac618,chest_girth has different explicit values,different_value,RULE_CANDIDATE,18,UNCERTAIN,CATEGORY_SPECIFIC
-0.12616637303566966,rule_771d61afd0162424,back_material has different explicit values,different_value,RULE_CANDIDATE,28,UNCERTAIN,UNCERTAIN
-0.25045767335738284,rule_771df413f5a85577,wheel_count is explicitly known on only one side,missing_one_side,CONTEXT_ONLY,17,UNCERTAIN,UNCERTAIN
-0.11334473539500983,rule_77540eaf1851b797,target_size has different explicit values,different_value,RULE_CANDIDATE,124,UNCERTAIN,UNCERTAIN
-0.4331827222566568,rule_775dee8edfa17b5a,frame_material has different explicit values,different_value,RULE_CANDIDATE,1140,NEGATIVE,GLOBAL
-0.012722267988997863,rule_777381058125c7e9,door_orientation has different explicit values,different_value,RULE_CANDIDATE,15,UNCERTAIN,UNCERTAIN
0.09725174535939264,rule_778619f41f977b55,theme has different explicit values,different_value,RULE_CANDIDATE,71,UNCERTAIN,UNCERTAIN
0.09944338798815774,rule_778950b041d37dd4,lens_coating_type has different explicit values,different_value,RULE_CANDIDATE,19,UNCERTAIN,UNCERTAIN
-0.12005813166526359,rule_77e62b63b4d29265,max_output_current has different explicit values,different_value,RULE_CANDIDATE,12,UNCERTAIN,UNCERTAIN
-0.12662428154653102,rule_77eab1c8c88a921c,decoration has different explicit values,different_value,RULE_CANDIDATE,12,UNCERTAIN,UNCERTAIN
0.171603040780151,rule_7820773a71c8392a,food_class has different explicit values,different_value,RULE_CANDIDATE,108,UNCERTAIN,UNCERTAIN
-0.44919260077031287,rule_787648386394f637,target_dog_size has different explicit values,different_value,RULE_CANDIDATE,25,UNCERTAIN,UNCERTAIN
-0.02217174089398379,rule_78ce9051e1e0bb14,armature_color is explicitly known on only one side,missing_one_side,CONTEXT_ONLY,12,UNCERTAIN,UNCERTAIN
0.15517671687401055,rule_78d0f2cc0334dea3,active_ingredients is explicitly known on only one side,missing_one_side,CONTEXT_ONLY,13,UNCERTAIN,UNCERTAIN
-0.7277393718440974,rule_78d20a78abb2a385,design_feature has different explicit values,different_value,RULE_CANDIDATE,48,NEGATIVE,CATEGORY_SPECIFIC
-0.2645090706372844,rule_79146e7e284ca4c9,special_needs is explicitly known on only one side,missing_one_side,CONTEXT_ONLY,31,UNCERTAIN,UNCERTAIN
-0.14258368838058263,rule_791dfaf9cfd36e83,brake_position is explicitly known on only one side,missing_one_side,CONTEXT_ONLY,11,UNCERTAIN,UNCERTAIN
0.03072751044499989,rule_79936470d767e2ce,max_length is explicitly known on only one side,missing_one_side,CONTEXT_ONLY,13,UNCERTAIN,UNCERTAIN
-0.09106575047330698,rule_79cae870ea4c520f,active_ingredients has different explicit values,different_value,RULE_CANDIDATE,12,UNCERTAIN,UNCERTAIN
-0.03330743662316749,rule_7a0a08e7e72f2d6c,model_family is explicitly known on only one side,missing_one_side,CONTEXT_ONLY,242,UNCERTAIN,UNCERTAIN
-1.2080155914536537,rule_7a185e3c12ff2fe4,gemstone_type is explicitly known on only one side,missing_one_side,CONTEXT_ONLY,195,NEGATIVE,CATEGORY_SPECIFIC
0.32338389990882355,rule_7a1cd2fb1842ddd9,country_of_origin is explicitly known on only one side,missing_one_side,CONTEXT_ONLY,2416,POSITIVE,GLOBAL
-0.468404922999276,rule_7a8e4d4b43e88bb6,power_rating has different explicit values,different_value,RULE_CANDIDATE,24,UNCERTAIN,UNCERTAIN
-0.17802306130871595,rule_7ace790143774170,os_included is explicitly known on only one side,missing_one_side,CONTEXT_ONLY,13,UNCERTAIN,CATEGORY_SPECIFIC
-0.12751528337276602,rule_7ad031920ac9d7ba,material_type has conflicting title/attribute sources,conflicting_sources,REVIEW_BEFORE_USE,14,UNCERTAIN,UNCERTAIN
-0.47335673174186105,rule_7ad41ec1710774bd,page_numbering is explicitly known on only one side,missing_one_side,CONTEXT_ONLY,13,UNCERTAIN,CATEGORY_SPECIFIC
-0.34333947170238316,rule_7ad6252536d99938,canvas_height has different explicit values,different_value,RULE_CANDIDATE,10,UNCERTAIN,UNCERTAIN
-1.4057123525000057,rule_7af2f92316ee9d66,curtain_height has different explicit values,different_value,RULE_CANDIDATE,131,NEGATIVE,CATEGORY_SPECIFIC
-0.41148531487768586,rule_7b0dddb0ae8d4cf9,propulsion_type is explicitly known on only one side,missing_one_side,CONTEXT_ONLY,20,NEGATIVE,CATEGORY_SPECIFIC
-0.902199970169933,rule_7b149acc7c2dd828,vehicle_type has different explicit values,different_value,RULE_CANDIDATE,53,NEGATIVE,CATEGORY_SPECIFIC
-0.4569495556198611,rule_7bcdc8472f8f2faa,lift_mechanism has different explicit values,different_value,RULE_CANDIDATE,24,NEGATIVE,CATEGORY_SPECIFIC
-0.31305455782591135,rule_7c05e9997a952a35,application_area has different explicit values,different_value,RULE_CANDIDATE,52,UNCERTAIN,UNCERTAIN
-0.7203249898843138,rule_7c473970927367fc,product_line has different explicit values,different_value,RULE_CANDIDATE,3224,NEGATIVE,GLOBAL_WITH_EXCEPTIONS
-0.031226557005616898,rule_7c4be544a32884ab,deck_length is explicitly known on only one side,missing_one_side,CONTEXT_ONLY,10,UNCERTAIN,UNCERTAIN
-0.6869753477210008,rule_7c5f48b546b0dab0,sheet_dimensions has different explicit values,different_value,RULE_CANDIDATE,20,NEGATIVE,CATEGORY_SPECIFIC
-0.26437489215795135,rule_7c6e4d4debbd8a30,leg_count has different explicit values,different_value,RULE_CANDIDATE,10,UNCERTAIN,UNCERTAIN
-0.13465440224269354,rule_7c9b5a73d94eb56e,shade_material has different explicit values,different_value,RULE_CANDIDATE,23,UNCERTAIN,UNCERTAIN
-0.16659516067865923,rule_7cc15676a4d89aca,hdd_capacity is explicitly known on only one side,missing_one_side,CONTEXT_ONLY,44,NEGATIVE,CATEGORY_SPECIFIC
-0.3997984094494208,rule_7ccf0b19f4cea075,tension is explicitly known on only one side,missing_one_side,CONTEXT_ONLY,74,UNCERTAIN,UNCERTAIN
-0.07892304667711611,rule_7cdbcaac349b57d7,tire_type is explicitly known on only one side,missing_one_side,CONTEXT_ONLY,12,UNCERTAIN,UNCERTAIN
0.31378195222855937,rule_7ce38b7fe15f4ee4,display_technology has different explicit values,different_value,RULE_CANDIDATE,22,UNCERTAIN,UNCERTAIN
-0.05937954503280256,rule_7ceba929a80de28d,control_type is explicitly known on only one side,missing_one_side,CONTEXT_ONLY,18,UNCERTAIN,UNCERTAIN
-0.9940875206024475,rule_7cf1ef1fdf525008,active_ingredient has different explicit values,different_value,RULE_CANDIDATE,120,NEGATIVE,GLOBAL
-0.008098851877612842,rule_7d0ca0970c0eefc4,style has different explicit values,different_value,RULE_CANDIDATE,192,UNCERTAIN,UNCERTAIN
-0.04379219702305835,rule_7d336d841a993e62,tape_width is explicitly known on only one side,missing_one_side,CONTEXT_ONLY,12,UNCERTAIN,UNCERTAIN
-0.31702791281903553,rule_7d39c89ad0aa0c39,target_breed_size has different explicit values,different_value,RULE_CANDIDATE,138,NEGATIVE,CATEGORY_SPECIFIC
-0.651779440180611,rule_7d49f5a34bbfd76d,case_diameter has different explicit values,different_value,RULE_CANDIDATE,375,NEGATIVE,CATEGORY_SPECIFIC
-0.6324016136325948,rule_7d510b05b04a466c,grit_size has different explicit values,different_value,RULE_CANDIDATE,18,UNCERTAIN,UNCERTAIN
-0.34682205856004766,rule_7d5aaecc2bf75d45,compatible_device has different explicit values,different_value,RULE_CANDIDATE,61,UNCERTAIN,UNCERTAIN
0.17151290327804647,rule_7d690a5e058e0040,concentration is explicitly known on only one side,missing_one_side,CONTEXT_ONLY,11,UNCERTAIN,UNCERTAIN
0.02965813337237422,rule_7d7e5ce7038e0e26,surface_type is explicitly known on only one side,missing_one_side,CONTEXT_ONLY,15,UNCERTAIN,UNCERTAIN
-0.48583958197326094,rule_7d893a30a8becc51,cutaway is explicitly known on only one side,missing_one_side,CONTEXT_ONLY,47,NEGATIVE,CATEGORY_SPECIFIC
0.27137806566669037,rule_7daca433ca1c4639,door_count is explicitly known on only one side,missing_one_side,CONTEXT_ONLY,23,UNCERTAIN,UNCERTAIN
-0.23858839507038976,rule_7dbebf737db98e1d,glow_feature is explicitly known on only one side,missing_one_side,CONTEXT_ONLY,17,UNCERTAIN,CATEGORY_SPECIFIC
-0.15077775742387065,rule_7dc46aceb8375f1c,transformation_mechanism has different explicit values,different_value,RULE_CANDIDATE,31,NEGATIVE,CATEGORY_SPECIFIC
-0.0434866162862484,rule_7de0c2743e510216,lens_brand has different explicit values,different_value,RULE_CANDIDATE,17,UNCERTAIN,UNCERTAIN
0.0553228966210816,rule_7df0e103614f5508,flavor is explicitly known on only one side,missing_one_side,CONTEXT_ONLY,118,POSITIVE,GLOBAL
-0.11466233512187676,rule_7dfcf62bbce2b9e1,leg_height has different explicit values,different_value,RULE_CANDIDATE,10,UNCERTAIN,UNCERTAIN
-0.470087070598199,rule_7e16fc9f13e7410f,oxygen_permeability has different explicit values,different_value,RULE_CANDIDATE,324,NEGATIVE,CATEGORY_SPECIFIC
-0.41952457223796497,rule_7e59be9736bb5169,condition is explicitly known on only one side,missing_one_side,CONTEXT_ONLY,13,UNCERTAIN,UNCERTAIN
0.1976938999668023,rule_7e7ac59e0ed4854f,doll_features has different explicit values,different_value,RULE_CANDIDATE,10,UNCERTAIN,UNCERTAIN
-0.10968622995273619,rule_7e9645cf598da37e,material_thickness is explicitly known on only one side,missing_one_side,CONTEXT_ONLY,27,UNCERTAIN,UNCERTAIN
0.22221345003183937,rule_7f0cf57133374c3a,total_height has different explicit values,different_value,RULE_CANDIDATE,39,UNCERTAIN,UNCERTAIN
-0.7702903070159661,rule_7f2dfe71fcc54bd6,spine_width is explicitly known on only one side,missing_one_side,CONTEXT_ONLY,33,NEGATIVE,CATEGORY_SPECIFIC
-0.3141773246434379,rule_7f538c59d73bfe71,material_density is explicitly known on only one side,missing_one_side,CONTEXT_ONLY,11,UNCERTAIN,UNCERTAIN
-0.13738965688524238,rule_7fb18e0d3864dd3d,mechanism_type is explicitly known on only one side,missing_one_side,CONTEXT_ONLY,25,UNCERTAIN,UNCERTAIN
-0.696511877262725,rule_7fda0cd3c9f1afcb,scale_ratio is explicitly known on only one side,missing_one_side,CONTEXT_ONLY,15,UNCERTAIN,CATEGORY_SPECIFIC
-0.08213620705087094,rule_7fe68eb3a63310f4,kit_contents has different explicit values,different_value,RULE_CANDIDATE,16,UNCERTAIN,UNCERTAIN
0.050042625756382485,rule_7ffe012b0d038d5d,material_type is explicitly known on only one side,missing_one_side,CONTEXT_ONLY,26,UNCERTAIN,UNCERTAIN
0.12717578174643934,rule_8015e6ab5d8efb44,country_of_origin has conflicting title/attribute sources,conflicting_sources,REVIEW_BEFORE_USE,14,UNCERTAIN,UNCERTAIN
0.49170592818428455,rule_8023dc7b758a0c8b,gemstone_weight is explicitly known on only one side,missing_one_side,CONTEXT_ONLY,29,UNCERTAIN,UNCERTAIN
-0.29280876660046207,rule_805d587d68d9e040,sleeping_area_width has different explicit values,different_value,RULE_CANDIDATE,16,UNCERTAIN,UNCERTAIN
-1.0689759881050664,rule_8066b3533bb1cfe1,engraving_text has different explicit values,different_value,RULE_CANDIDATE,38,NEGATIVE,CATEGORY_SPECIFIC
0.12894059543942932,rule_8077a7d56e1d10c5,os_version has different explicit values,different_value,RULE_CANDIDATE,46,UNCERTAIN,UNCERTAIN
-0.21078505690729107,rule_80c28a5dcbffe50e,metal_purity has different explicit values,different_value,RULE_CANDIDATE,40,UNCERTAIN,UNCERTAIN
-0.19045213990573018,rule_80cce2b05067a1db,bracelet_size has different explicit values,different_value,RULE_CANDIDATE,12,UNCERTAIN,UNCERTAIN
0.3553372976698117,rule_80e12af5d75b3eb8,total_width is explicitly known on only one side,missing_one_side,CONTEXT_ONLY,63,UNCERTAIN,UNCERTAIN
-0.4498963644336749,rule_80fd76274fec1cab,case_diameter is explicitly known on only one side,missing_one_side,CONTEXT_ONLY,254,NEGATIVE,CATEGORY_SPECIFIC
-0.033272169992946715,rule_813f1bb5e9ab4d5c,intended_room has different explicit values,different_value,RULE_CANDIDATE,55,UNCERTAIN,UNCERTAIN
-0.862657185413047,rule_81958d698d3c2671,flow_rate has different explicit values,different_value,RULE_CANDIDATE,22,NEGATIVE,UNCERTAIN
-1.2302157914628826,rule_81eb43b20ec65422,design_theme has different explicit values,different_value,RULE_CANDIDATE,109,NEGATIVE,CATEGORY_SPECIFIC
-0.5005085033140506,rule_81eb6ddfd037758b,socket_count has different explicit values,different_value,RULE_CANDIDATE,31,NEGATIVE,CATEGORY_SPECIFIC
-0.1947831699052524,rule_81fbdbd92aa6f0c9,instrument_type is explicitly known on only one side,missing_one_side,CONTEXT_ONLY,11,UNCERTAIN,UNCERTAIN
0.5327097498411667,rule_821089769641bc02,max_memory_card_capacity has different explicit values,different_value,RULE_CANDIDATE,10,UNCERTAIN,CATEGORY_SPECIFIC
0.578122983594471,rule_822eb780b6ae4581,lamp_type is explicitly known on only one side,missing_one_side,CONTEXT_ONLY,28,POSITIVE,CATEGORY_SPECIFIC
-0.11736019803584564,rule_8243669293cab1d3,leaf_size has different explicit values,different_value,RULE_CANDIDATE,10,UNCERTAIN,UNCERTAIN
-0.46443847951765327,rule_82583456093be019,interpupillary_distance has different explicit values,different_value,RULE_CANDIDATE,55,NEGATIVE,CATEGORY_SPECIFIC
-0.11065591293242068,rule_82a663e70cda696b,brand is explicitly known on only one side,missing_one_side,CONTEXT_ONLY,7965,NEUTRAL,UNCERTAIN
0.12993305618309833,rule_8318e37b6b395659,target_animal_size has different explicit values,different_value,RULE_CANDIDATE,94,POSITIVE,CATEGORY_SPECIFIC
-0.7184840363909101,rule_831ec41b463c09a9,max_weight_capacity has different explicit values,different_value,RULE_CANDIDATE,13,UNCERTAIN,CATEGORY_SPECIFIC
0.2590500019558859,rule_83221d301a4379d7,pump_included is explicitly known on only one side,missing_one_side,CONTEXT_ONLY,12,UNCERTAIN,UNCERTAIN
-0.004010206666997438,rule_833903b66e99edc4,brake_type is explicitly known on only one side,missing_one_side,CONTEXT_ONLY,26,UNCERTAIN,UNCERTAIN
-0.009684154282654726,rule_8356bcfc19ae1a78,spf_protection is explicitly known on only one side,missing_one_side,CONTEXT_ONLY,10,UNCERTAIN,UNCERTAIN
-0.7353993517933527,rule_836e7446da2c5260,compatible_models has different explicit values,different_value,RULE_CANDIDATE,43,NEGATIVE,CATEGORY_SPECIFIC
-0.2501302018590584,rule_838b9b83dbdcef17,vram_capacity has different explicit values,different_value,RULE_CANDIDATE,31,NEGATIVE,CATEGORY_SPECIFIC
0.33184043116789924,rule_83d4da5841a52f69,filling_type is explicitly known on only one side,missing_one_side,CONTEXT_ONLY,25,UNCERTAIN,UNCERTAIN
-0.772820794408424,rule_83fc748250a1c916,shade_name has different explicit values,different_value,RULE_CANDIDATE,31,NEGATIVE,CATEGORY_SPECIFIC
0.05686771344172654,rule_8477b465670c408a,fabric_compatibility has different explicit values,different_value,RULE_CANDIDATE,38,UNCERTAIN,UNCERTAIN
-0.1074136134393494,rule_8477f6cb4205d961,grain_free is explicitly known on only one side,missing_one_side,CONTEXT_ONLY,12,UNCERTAIN,UNCERTAIN
0.2779881319770354,rule_84a2baca0db72142,light_source_type has different explicit values,different_value,RULE_CANDIDATE,23,UNCERTAIN,UNCERTAIN
-0.4055498801029754,rule_84b09275aed2279a,max_load has different explicit values,different_value,RULE_CANDIDATE,336,NEGATIVE,GLOBAL
-0.45991295059227405,rule_84c32d2c34ef4495,attachment_type is explicitly known on only one side,missing_one_side,CONTEXT_ONLY,11,UNCERTAIN,UNCERTAIN
-0.3535085162399942,rule_84eda15f808d1a27,surface_finish is explicitly known on only one side,missing_one_side,CONTEXT_ONLY,140,UNCERTAIN,UNCERTAIN
-0.45486491354784264,rule_85331d6b2187153f,doll_height is explicitly known on only one side,missing_one_side,CONTEXT_ONLY,18,UNCERTAIN,UNCERTAIN
0.005084734769216409,rule_8538dbe98142f084,tip_size is explicitly known on only one side,missing_one_side,CONTEXT_ONLY,30,UNCERTAIN,UNCERTAIN
-0.1946855441424717,rule_8550006198c10284,intended_use has different explicit values,different_value,RULE_CANDIDATE,368,UNCERTAIN,CATEGORY_SPECIFIC
0.1683405237961712,rule_85a30c489e816128,lens_diameter has different explicit values,different_value,RULE_CANDIDATE,11,UNCERTAIN,UNCERTAIN
-0.11104296617227988,rule_862ffea095c9d280,string_tension is explicitly known on only one side,missing_one_side,CONTEXT_ONLY,27,UNCERTAIN,UNCERTAIN
-0.3447226864311625,rule_8630bc2161d81676,strap_material is explicitly known on only one side,missing_one_side,CONTEXT_ONLY,82,UNCERTAIN,UNCERTAIN
-0.5416831062834934,rule_86421409b09c60bd,lock_type has different explicit values,different_value,RULE_CANDIDATE,57,NEGATIVE,CATEGORY_SPECIFIC
0.025380673200204706,rule_8653bf71f7fb24f9,target_hair_type has different explicit values,different_value,RULE_CANDIDATE,55,UNCERTAIN,UNCERTAIN
-0.9138114917991718,rule_86a804769b0751e4,breaking_load has different explicit values,different_value,RULE_CANDIDATE,73,NEGATIVE,CATEGORY_SPECIFIC
-0.018004253248974377,rule_86af020927916faf,effect is explicitly known on only one side,missing_one_side,CONTEXT_ONLY,26,UNCERTAIN,UNCERTAIN
0.1797964927755893,rule_86bf40c5e85022f0,body_material is explicitly known on only one side,missing_one_side,CONTEXT_ONLY,155,UNCERTAIN,CATEGORY_SPECIFIC
0.5027288338422391,rule_8731b7762494dcb4,height_adjustment is explicitly known on only one side,missing_one_side,CONTEXT_ONLY,14,UNCERTAIN,UNCERTAIN
0.3574142716133107,rule_873fa9e999bb2918,connectivity_type has different explicit values,different_value,RULE_CANDIDATE,13,UNCERTAIN,UNCERTAIN
-0.30461702610449626,rule_87407f08fae54d05,flavor_additives has different explicit values,different_value,RULE_CANDIDATE,30,UNCERTAIN,UNCERTAIN
-0.5993641143171136,rule_875bf4fcb922c60b,size_range has different explicit values,different_value,RULE_CANDIDATE,96,NEGATIVE,HETEROGENEOUS
0.01529573297479784,rule_8778e8491a1055dc,switch_type has different explicit values,different_value,RULE_CANDIDATE,18,UNCERTAIN,UNCERTAIN
-0.20629493722481324,rule_877fc964cb9d9eac,package_includes_case is explicitly known on only one side,missing_one_side,CONTEXT_ONLY,31,UNCERTAIN,UNCERTAIN
-0.27396148330449943,rule_87a800567e813e2a,fiber_type has different explicit values,different_value,RULE_CANDIDATE,13,UNCERTAIN,CATEGORY_SPECIFIC
-0.2717149064921445,rule_87efddbb8513676a,fitting_type has different explicit values,different_value,RULE_CANDIDATE,12,UNCERTAIN,UNCERTAIN
-1.147520023846847,rule_881b64caa04f7de6,bed_width has different explicit values,different_value,RULE_CANDIDATE,65,NEGATIVE,CATEGORY_SPECIFIC
-0.0011167042353338646,rule_88443d8b061e0d07,side_material is explicitly known on only one side,missing_one_side,CONTEXT_ONLY,10,UNCERTAIN,UNCERTAIN
0.34845523261982514,rule_885435a332720cb4,insole_length is explicitly known on only one side,missing_one_side,CONTEXT_ONLY,185,POSITIVE,CATEGORY_SPECIFIC
-0.16926771542286176,rule_885e171d3adcd96b,folding_mechanism is explicitly known on only one side,missing_one_side,CONTEXT_ONLY,48,UNCERTAIN,UNCERTAIN
-0.030648466448133883,rule_8863816b439a9c08,paint_type is explicitly known on only one side,missing_one_side,CONTEXT_ONLY,16,UNCERTAIN,UNCERTAIN
-0.40203143413032205,rule_88975524bc746ad7,model_style is explicitly known on only one side,missing_one_side,CONTEXT_ONLY,82,UNCERTAIN,UNCERTAIN
-1.2828927717108476,rule_8898512a84d2227a,color_count has different explicit values,different_value,RULE_CANDIDATE,57,NEGATIVE,GLOBAL
0.3503202268203811,rule_89079e8653064d67,material_finish has different explicit values,different_value,RULE_CANDIDATE,13,UNCERTAIN,UNCERTAIN
-0.20101105992904167,rule_8941b962de631403,package_width is explicitly known on only one side,missing_one_side,CONTEXT_ONLY,20,UNCERTAIN,UNCERTAIN
-0.32618215646323506,rule_8942ac850ac4853f,publication_year is explicitly known on only one side,missing_one_side,CONTEXT_ONLY,16,UNCERTAIN,UNCERTAIN
-0.7449415118060896,rule_894629acee5b9a10,cpu_model has different explicit values,different_value,RULE_CANDIDATE,164,NEGATIVE,CATEGORY_SPECIFIC
0.2006197823494987,rule_897acc7a0722702b,pillowcase_count has different explicit values,different_value,RULE_CANDIDATE,21,UNCERTAIN,UNCERTAIN
0.15572390316603837,rule_89b7d324a2fce544,ring_style has different explicit values,different_value,RULE_CANDIDATE,26,UNCERTAIN,UNCERTAIN
-0.1160276697110478,rule_89c75a1a31bd2ef3,cutting_width has different explicit values,different_value,RULE_CANDIDATE,10,UNCERTAIN,UNCERTAIN
-0.6044969913300388,rule_8a2e4af72effe503,compatible_brand has different explicit values,different_value,RULE_CANDIDATE,45,NEGATIVE,CATEGORY_SPECIFIC
0.045969552332300434,rule_8a33bd3b0375b7e9,connector_type is explicitly known on only one side,missing_one_side,CONTEXT_ONLY,40,POSITIVE,UNCERTAIN
0.12718623462604428,rule_8ac97b607cfade41,toy_height is explicitly known on only one side,missing_one_side,CONTEXT_ONLY,33,UNCERTAIN,UNCERTAIN
0.2183140296721724,rule_8aecf2298a8b26d8,fork_travel has different explicit values,different_value,RULE_CANDIDATE,18,UNCERTAIN,UNCERTAIN
-0.5257040225096502,rule_8b3171c6f85f26f5,canvas_base has different explicit values,different_value,RULE_CANDIDATE,47,NEGATIVE,CATEGORY_SPECIFIC
-0.34681236355606,rule_8b544894e50e655a,profile_color has different explicit values,different_value,RULE_CANDIDATE,11,UNCERTAIN,UNCERTAIN
-0.26535837090078007,rule_8b70ca33da51229a,backrest_height has different explicit values,different_value,RULE_CANDIDATE,21,UNCERTAIN,UNCERTAIN
-0.31704894564705904,rule_8b78865aba31f348,size_number has different explicit values,different_value,RULE_CANDIDATE,15,UNCERTAIN,UNCERTAIN
0.3983068124168592,rule_8bd5d47d058597aa,expiration_date is explicitly known on only one side,missing_one_side,CONTEXT_ONLY,10,UNCERTAIN,UNCERTAIN
-0.11234544129707028,rule_8be54e50b75ee338,net_volume has different explicit values,different_value,RULE_CANDIDATE,18,UNCERTAIN,UNCERTAIN
-0.07737252114457281,rule_8c042406fb1feb42,metal_color is explicitly known on only one side,missing_one_side,CONTEXT_ONLY,14,UNCERTAIN,UNCERTAIN
-0.4624018392597793,rule_8c1295b6f1ff02d5,body_type has different explicit values,different_value,RULE_CANDIDATE,26,NEGATIVE,CATEGORY_SPECIFIC
0.26756827202863637,rule_8c1ab2ff0c505580,insole_material has different explicit values,different_value,RULE_CANDIDATE,493,UNCERTAIN,UNCERTAIN
0.1509027344258779,rule_8c2d51dd7fc9659b,packaging_type is explicitly known on only one side,missing_one_side,CONTEXT_ONLY,395,POSITIVE,GLOBAL
-0.2756545230918402,rule_8c30c5fd007b7b60,net_weight is explicitly known on only one side,missing_one_side,CONTEXT_ONLY,189,UNCERTAIN,UNCERTAIN
-0.08472497044496054,rule_8c3fad5e2fa264c0,chip_included is explicitly known on only one side,missing_one_side,CONTEXT_ONLY,35,UNCERTAIN,UNCERTAIN
0.7374388381247113,rule_8c630b5f52eb55fb,manufacturer has different explicit values,different_value,RULE_CANDIDATE,17,UNCERTAIN,UNCERTAIN
0.2953764732718001,rule_8ccd27a2a0240bcf,scent_description has different explicit values,different_value,RULE_CANDIDATE,19,UNCERTAIN,UNCERTAIN
-0.18503097819028344,rule_8d3e0ec9303256e5,product_feature is explicitly known on only one side,missing_one_side,CONTEXT_ONLY,11,UNCERTAIN,UNCERTAIN
-0.4057627651321477,rule_8d63cf32d2fed52e,room_type has different explicit values,different_value,RULE_CANDIDATE,10,UNCERTAIN,UNCERTAIN
-0.4331918679114892,rule_8d6a3a18dd4e13df,tool_type has different explicit values,different_value,RULE_CANDIDATE,21,UNCERTAIN,UNCERTAIN
-0.09706499542654663,rule_8d6fe675ff8116e7,chain_width is explicitly known on only one side,missing_one_side,CONTEXT_ONLY,11,UNCERTAIN,UNCERTAIN
-0.16927620939213076,rule_8d89383e3751dbe8,mounting_type is explicitly known on only one side,missing_one_side,CONTEXT_ONLY,99,UNCERTAIN,CATEGORY_SPECIFIC
-0.6123073204697428,rule_8dc017e0de7a692a,panel_width has different explicit values,different_value,RULE_CANDIDATE,12,UNCERTAIN,UNCERTAIN
-0.4144971725736113,rule_8df9e76a5d2efd63,car_model_compatibility is explicitly known on only one side,missing_one_side,CONTEXT_ONLY,12,UNCERTAIN,UNCERTAIN
-0.32687962672487303,rule_8e08d032801e9e93,thread_size has different explicit values,different_value,RULE_CANDIDATE,13,UNCERTAIN,UNCERTAIN
-0.22802790361389594,rule_8e509838c244af6d,plating has different explicit values,different_value,RULE_CANDIDATE,31,UNCERTAIN,UNCERTAIN
-0.4128012713502973,rule_8e5a5e2c315fe42a,operating_system has different explicit values,different_value,RULE_CANDIDATE,98,NEGATIVE,CATEGORY_SPECIFIC
-0.2989895169816867,rule_8e6cbc0921699f5a,steel_grade has different explicit values,different_value,RULE_CANDIDATE,12,UNCERTAIN,UNCERTAIN
-0.2013689287632479,rule_8e6cd996f2667dec,bag_type is explicitly known on only one side,missing_one_side,CONTEXT_ONLY,15,UNCERTAIN,UNCERTAIN
-0.5740043921774288,rule_8e82137f7157d410,closure_type has different explicit values,different_value,RULE_CANDIDATE,755,NEGATIVE,GLOBAL
-0.14412557779214144,rule_8ea3d9064e889dd2,scent is explicitly known on only one side,missing_one_side,CONTEXT_ONLY,496,UNCERTAIN,CATEGORY_SPECIFIC
-0.3079621336203936,rule_8eaff9b8cfdcc255,case_type is explicitly known on only one side,missing_one_side,CONTEXT_ONLY,21,UNCERTAIN,UNCERTAIN
-1.09580017622052,rule_8eb0649a5cc85498,lash_length has different explicit values,different_value,RULE_CANDIDATE,59,NEGATIVE,CATEGORY_SPECIFIC
0.05254884568119784,rule_8eda47e7400eeab8,color_temperature has different explicit values,different_value,RULE_CANDIDATE,81,UNCERTAIN,UNCERTAIN
-0.5691995520161297,rule_8edca95ca01358cf,rated_current has different explicit values,different_value,RULE_CANDIDATE,55,UNCERTAIN,UNCERTAIN
-0.35983547265037347,rule_8eddd4bf86a06569,glass_type is explicitly known on only one side,missing_one_side,CONTEXT_ONLY,25,UNCERTAIN,UNCERTAIN
0.01565149237048718,rule_8ef236212f552019,bed_base_type has different explicit values,different_value,RULE_CANDIDATE,21,UNCERTAIN,UNCERTAIN
0.7151714785561012,rule_8efea6761f9bc057,lumbar_support is explicitly known on only one side,missing_one_side,CONTEXT_ONLY,19,UNCERTAIN,CATEGORY_SPECIFIC
-1.2710593795745746,rule_8f34258cfe0a4f40,flavor_profile has different explicit values,different_value,RULE_CANDIDATE,292,NEGATIVE,GLOBAL
0.2053699221444815,rule_8f3587d7f9b0e3d7,design_style is explicitly known on only one side,missing_one_side,CONTEXT_ONLY,39,UNCERTAIN,UNCERTAIN
-0.37519689976423115,rule_8f3cbcf9bfa922ee,table_depth has different explicit values,different_value,RULE_CANDIDATE,22,UNCERTAIN,UNCERTAIN
-0.6916759479202195,rule_8f7cc5c5bb5b7eac,brush_shape is explicitly known on only one side,missing_one_side,CONTEXT_ONLY,28,UNCERTAIN,UNCERTAIN
0.06358761201670607,rule_8f9db12c86229ca5,line_width_mm is explicitly known on only one side,missing_one_side,CONTEXT_ONLY,17,UNCERTAIN,UNCERTAIN
-0.9733650891652041,rule_8fa25cdb4fe1bd4d,sheet_size has different explicit values,different_value,RULE_CANDIDATE,83,NEGATIVE,CATEGORY_SPECIFIC
-0.0701911575635685,rule_8fc0c127667d3388,working_length is explicitly known on only one side,missing_one_side,CONTEXT_ONLY,11,UNCERTAIN,UNCERTAIN
0.07707826510121252,rule_8fc488457ddf8e45,keyboard_layout has different explicit values,different_value,RULE_CANDIDATE,31,UNCERTAIN,UNCERTAIN
-1.5059174143848557,rule_8fe2341b24666d69,canvas_size has different explicit values,different_value,RULE_CANDIDATE,45,NEGATIVE,CATEGORY_SPECIFIC
-0.19736780139444185,rule_8fec042cdfc7ddc9,target_audience has different explicit values,different_value,RULE_CANDIDATE,483,UNCERTAIN,HETEROGENEOUS
-0.4552614697330678,rule_8ff5f8a6a5373b55,optical_power is explicitly known on only one side,missing_one_side,CONTEXT_ONLY,24,UNCERTAIN,UNCERTAIN
0.3004224805507329,rule_900287337dc16d80,storage_temperature_min has different explicit values,different_value,RULE_CANDIDATE,179,POSITIVE,CATEGORY_SPECIFIC
0.038630296225854864,rule_9042315532ff2d32,laptop_compatibility is explicitly known on only one side,missing_one_side,CONTEXT_ONLY,11,UNCERTAIN,UNCERTAIN
0.025819705389810634,rule_9059298ad3a48944,vehicle_model_compatibility has different explicit values,different_value,RULE_CANDIDATE,13,UNCERTAIN,UNCERTAIN
-0.3872208775079559,rule_907d36b4623edd57,collar_width has different explicit values,different_value,RULE_CANDIDATE,15,UNCERTAIN,UNCERTAIN
-0.013529238509156293,rule_9091769d9542d5d0,diameter_cm has different explicit values,different_value,RULE_CANDIDATE,11,UNCERTAIN,UNCERTAIN
-0.3966531159548866,rule_90b00f1e496aad0f,frame_shape is explicitly known on only one side,missing_one_side,CONTEXT_ONLY,98,NEGATIVE,GLOBAL
0.13499320425372338,rule_90d8c9f304aae0d9,hole_count is explicitly known on only one side,missing_one_side,CONTEXT_ONLY,22,UNCERTAIN,UNCERTAIN
-0.9738429678494932,rule_90e2417b07fa7ab2,sole_material has different explicit values,different_value,RULE_CANDIDATE,1107,NEGATIVE,CATEGORY_SPECIFIC
-0.25707563725481036,rule_910928571502506a,light_transmission is explicitly known on only one side,missing_one_side,CONTEXT_ONLY,15,UNCERTAIN,UNCERTAIN
-0.5421904621412377,rule_91815554840c6873,print_design has different explicit values,different_value,RULE_CANDIDATE,36,NEGATIVE,UNCERTAIN
0.6056470230541969,rule_9183148d1ea6aee6,target_surface has a subset or specificity difference,specificity_difference,RULE_CANDIDATE,30,POSITIVE,CATEGORY_SPECIFIC
0.027559484527879957,rule_918d47c7d0f9ea22,sheet_count is explicitly known on only one side,missing_one_side,CONTEXT_ONLY,59,UNCERTAIN,UNCERTAIN
-0.08131149161679847,rule_91bd04412d5c9c25,movement_type is explicitly known on only one side,missing_one_side,CONTEXT_ONLY,56,UNCERTAIN,UNCERTAIN
0.23113013439506028,rule_91bddd10a04bfbde,sheet_capacity is explicitly known on only one side,missing_one_side,CONTEXT_ONLY,22,UNCERTAIN,UNCERTAIN
-0.0007113732668239433,rule_91cccc9b5980c637,vehicle_brand has different explicit values,different_value,RULE_CANDIDATE,38,UNCERTAIN,UNCERTAIN
-0.022729251961912982,rule_91f234aa6cc145ef,product_dimensions is explicitly known on only one side,missing_one_side,CONTEXT_ONLY,63,UNCERTAIN,UNCERTAIN
0.5942304858454681,rule_920e1308557b8371,total_weight is explicitly known on only one side,missing_one_side,CONTEXT_ONLY,24,POSITIVE,CATEGORY_SPECIFIC
0.10207149439275093,rule_922f9f79398aa181,size_length is explicitly known on only one side,missing_one_side,CONTEXT_ONLY,16,UNCERTAIN,UNCERTAIN
-0.1575530938253621,rule_924946995e4c2812,glass_thickness is explicitly known on only one side,missing_one_side,CONTEXT_ONLY,11,UNCERTAIN,UNCERTAIN
-0.8733465094355992,rule_92570f96416ccbbd,model_line has different explicit values,different_value,RULE_CANDIDATE,214,NEGATIVE,GLOBAL
-0.049938643447899604,rule_92685f167768fd1b,platform_height is explicitly known on only one side,missing_one_side,CONTEXT_ONLY,67,UNCERTAIN,UNCERTAIN
-0.45770263334535816,rule_926a4319dbe7b3d9,tabletop_width has different explicit values,different_value,RULE_CANDIDATE,12,UNCERTAIN,UNCERTAIN
-0.13391645579784775,rule_929d7a2d970b3566,section_count has different explicit values,different_value,RULE_CANDIDATE,11,UNCERTAIN,UNCERTAIN
0.07196090799908621,rule_92c97306f2d1100c,package_volume is explicitly known on only one side,missing_one_side,CONTEXT_ONLY,22,UNCERTAIN,UNCERTAIN
0.5201897010428365,rule_92e1f4c156f3544d,gross_weight is explicitly known on only one side,missing_one_side,CONTEXT_ONLY,31,POSITIVE,CATEGORY_SPECIFIC
-0.09816288739358253,rule_92f75bcbc2deeefa,belt_length has different explicit values,different_value,RULE_CANDIDATE,11,UNCERTAIN,UNCERTAIN
-0.17174924969236724,rule_937e8a8ed4137115,package_contents has different explicit values,different_value,RULE_CANDIDATE,1462,NEGATIVE,GLOBAL_WITH_EXCEPTIONS
-0.3674185316733524,rule_93ca37219449a3b0,disc_thickness is explicitly known on only one side,missing_one_side,CONTEXT_ONLY,21,UNCERTAIN,UNCERTAIN
-0.24432288077725206,rule_93cb0b061dd847c0,steering_wheel_feature is explicitly known on only one side,missing_one_side,CONTEXT_ONLY,14,UNCERTAIN,UNCERTAIN
-0.8970126337066422,rule_93eab4418433d2d1,color_pattern has different explicit values,different_value,RULE_CANDIDATE,58,NEGATIVE,CATEGORY_SPECIFIC
-0.06375990747966885,rule_941f755155286741,replacement_schedule is explicitly known on only one side,missing_one_side,CONTEXT_ONLY,18,UNCERTAIN,UNCERTAIN
-0.09035504838389767,rule_943cc5c90eeca548,backpack_type has different explicit values,different_value,RULE_CANDIDATE,11,UNCERTAIN,UNCERTAIN
-0.622054386541547,rule_94472bdf900c7c71,connector_size has different explicit values,different_value,RULE_CANDIDATE,19,UNCERTAIN,CATEGORY_SPECIFIC
0.20930661826523703,rule_9487ce5e7cefacf5,model_design is explicitly known on only one side,missing_one_side,CONTEXT_ONLY,11,UNCERTAIN,UNCERTAIN
-0.521915291370769,rule_94d9563a45e8ced2,dietary_purpose has different explicit values,different_value,RULE_CANDIDATE,10,UNCERTAIN,CATEGORY_SPECIFIC
-0.4544637217469397,rule_951f6c30c0d1ac1c,uv_protection is explicitly known on only one side,missing_one_side,CONTEXT_ONLY,53,NEGATIVE,UNCERTAIN
0.06960908364208826,rule_956d566fde0ca574,volume is explicitly known on only one side,missing_one_side,CONTEXT_ONLY,612,POSITIVE,GLOBAL
0.0540550816978541,rule_957801bea28e0615,target_fish has different explicit values,different_value,RULE_CANDIDATE,14,UNCERTAIN,UNCERTAIN
-0.1518041214216488,rule_95b369202498b667,string_gauge_range is explicitly known on only one side,missing_one_side,CONTEXT_ONLY,16,UNCERTAIN,UNCERTAIN
0.5245497481060151,rule_95e827fc2f3a1c05,width_mm is explicitly known on only one side,missing_one_side,CONTEXT_ONLY,20,POSITIVE,UNCERTAIN
-0.7002963915535543,rule_9651a19993ac1de7,lens_material has different explicit values,different_value,RULE_CANDIDATE,212,NEGATIVE,GLOBAL
-0.20588590388885714,rule_9686f340f45674e7,sleeping_area_dimensions has different explicit values,different_value,RULE_CANDIDATE,19,UNCERTAIN,CATEGORY_SPECIFIC
-0.2720722951474586,rule_96d00284f68afec1,ruling_type has different explicit values,different_value,RULE_CANDIDATE,20,UNCERTAIN,UNCERTAIN
-0.8365789610193892,rule_97453a21395328ce,lens_width has different explicit values,different_value,RULE_CANDIDATE,1462,NEGATIVE,GLOBAL
0.22585852790026986,rule_97511a5a6fac29ae,storage_conditions is explicitly known on only one side,missing_one_side,CONTEXT_ONLY,22,UNCERTAIN,UNCERTAIN
0.2506955987877786,rule_98b6f7ab7367eaae,stone_shape is explicitly known on only one side,missing_one_side,CONTEXT_ONLY,23,UNCERTAIN,UNCERTAIN
-0.3116023919119547,rule_98bde0790583b1c4,car_body_type has different explicit values,different_value,RULE_CANDIDATE,32,UNCERTAIN,UNCERTAIN
-0.5263400644278531,rule_98da84a73e0b9b5b,target_fabric_type has different explicit values,different_value,RULE_CANDIDATE,33,UNCERTAIN,UNCERTAIN
0.007337886399952375,rule_98febdaa72fba26a,cover_material has different explicit values,different_value,RULE_CANDIDATE,44,UNCERTAIN,UNCERTAIN
0.056656495365403604,rule_9913934470ceff39,growing_location is explicitly known on only one side,missing_one_side,CONTEXT_ONLY,11,UNCERTAIN,UNCERTAIN
0.18236194756053783,rule_99269334d9099aef,wifi_standard has different explicit values,different_value,RULE_CANDIDATE,12,UNCERTAIN,UNCERTAIN
-0.07305852373053558,rule_994bc1aff58a21a6,fullness is explicitly known on only one side,missing_one_side,CONTEXT_ONLY,13,UNCERTAIN,UNCERTAIN
0.9442124870632639,rule_99569e39e1716d1c,has_headrest has different explicit values,different_value,RULE_CANDIDATE,10,UNCERTAIN,CATEGORY_SPECIFIC
-0.9223603941243512,rule_9956d24285e87cff,sink_model has different explicit values,different_value,RULE_CANDIDATE,42,NEGATIVE,CATEGORY_SPECIFIC
-1.2669448438038753,rule_9985fc48a8512f98,cylinder_power has different explicit values,different_value,RULE_CANDIDATE,294,NEGATIVE,CATEGORY_SPECIFIC
-0.05574363095832797,rule_998a9ae48c0c469d,battery_life is explicitly known on only one side,missing_one_side,CONTEXT_ONLY,10,UNCERTAIN,UNCERTAIN
-0.3911951823198276,rule_9a4d3fa8854e8179,headboard_height has different explicit values,different_value,RULE_CANDIDATE,21,NEGATIVE,CATEGORY_SPECIFIC
-0.19641209237619728,rule_9a5e10105727a207,polymer_coating is explicitly known on only one side,missing_one_side,CONTEXT_ONLY,15,UNCERTAIN,UNCERTAIN
-1.1702902865210558,rule_9a63e5a726d04290,thickness has different explicit values,different_value,RULE_CANDIDATE,119,NEGATIVE,GLOBAL
-0.14372118032821873,rule_9ae2241e466102fc,tilt_mechanism has different explicit values,different_value,RULE_CANDIDATE,16,UNCERTAIN,UNCERTAIN
-0.3883895155990122,rule_9b119c930810eeb7,power_watts has different explicit values,different_value,RULE_CANDIDATE,27,NEGATIVE,CATEGORY_SPECIFIC
-0.16194085621403087,rule_9b5d3d7684c2cd46,shoe_size is explicitly known on only one side,missing_one_side,CONTEXT_ONLY,98,UNCERTAIN,UNCERTAIN
-0.07800544168566803,rule_9bec83aac087035c,shade_color is explicitly known on only one side,missing_one_side,CONTEXT_ONLY,13,UNCERTAIN,UNCERTAIN
-0.21700496306860637,rule_9c39f047ad365f77,hook_type has different explicit values,different_value,RULE_CANDIDATE,14,UNCERTAIN,UNCERTAIN
-0.08263742854698393,rule_9c721303f57e5239,frame_size_inches has different explicit values,different_value,RULE_CANDIDATE,10,UNCERTAIN,UNCERTAIN
-0.5333248448495703,rule_9cc56d3ce384aa97,cocoa_percentage is explicitly known on only one side,missing_one_side,CONTEXT_ONLY,10,UNCERTAIN,UNCERTAIN
0.04105571033728582,rule_9cee8b136987cb22,us_size is explicitly known on only one side,missing_one_side,CONTEXT_ONLY,15,UNCERTAIN,UNCERTAIN
0.37781114972116175,rule_9cfb1ad672049cde,coverage_type is explicitly known on only one side,missing_one_side,CONTEXT_ONLY,10,UNCERTAIN,UNCERTAIN
0.013501256490661091,rule_9d01fed3af16c344,door_surface has different explicit values,different_value,RULE_CANDIDATE,26,UNCERTAIN,UNCERTAIN
-0.1526532918550982,rule_9d28dd02ae828657,model_compatibility is explicitly known on only one side,missing_one_side,CONTEXT_ONLY,10,UNCERTAIN,UNCERTAIN
-0.4139121596035185,rule_9d4cbc37174f42f5,axis_angle has different explicit values,different_value,RULE_CANDIDATE,20,UNCERTAIN,UNCERTAIN
0.09207799087246933,rule_9d62be3c40e35360,coating_type is explicitly known on only one side,missing_one_side,CONTEXT_ONLY,27,UNCERTAIN,UNCERTAIN
-0.3101935199828572,rule_9d6cc938f2268eee,storage_configuration has different explicit values,different_value,RULE_CANDIDATE,113,NEGATIVE,CATEGORY_SPECIFIC
-0.9782079400696183,rule_9d805cab5fcf4619,reed_strength has different explicit values,different_value,RULE_CANDIDATE,41,NEGATIVE,CATEGORY_SPECIFIC
-0.5444138094380148,rule_9d9726145d6e7f6a,aspect_ratio has different explicit values,different_value,RULE_CANDIDATE,96,NEGATIVE,CATEGORY_SPECIFIC
-1.1268500910005665,rule_9e212b7c1b373ac2,personalized_name has different explicit values,different_value,RULE_CANDIDATE,29,NEGATIVE,UNCERTAIN
-0.052377207173044005,rule_9e29d446c741d227,plating_material has different explicit values,different_value,RULE_CANDIDATE,11,UNCERTAIN,UNCERTAIN
0.15688384644335812,rule_9e2b05729c5716c3,vehicle_compatibility has a subset or specificity difference,specificity_difference,RULE_CANDIDATE,36,POSITIVE,CATEGORY_SPECIFIC
0.6268198675363619,rule_9e57222696b1756a,layout_type has different explicit values,different_value,RULE_CANDIDATE,18,UNCERTAIN,UNCERTAIN
-0.5142641374410214,rule_9e7ea8b196b7117a,lens_type has different explicit values,different_value,RULE_CANDIDATE,217,NEGATIVE,CATEGORY_SPECIFIC
-0.11814254863202495,rule_9eaf556b36290afa,bridge_type has different explicit values,different_value,RULE_CANDIDATE,11,UNCERTAIN,UNCERTAIN
-0.38006427104071466,rule_9eef4bf5c9bb4b37,depth has different explicit values,different_value,RULE_CANDIDATE,859,NEGATIVE,GLOBAL
-0.28826806952904305,rule_9f08e7bf225b4b41,shaft_circumference is explicitly known on only one side,missing_one_side,CONTEXT_ONLY,31,NEGATIVE,CATEGORY_SPECIFIC
-0.20392684263301125,rule_9f0b2b2e72825400,absorbency_level is explicitly known on only one side,missing_one_side,CONTEXT_ONLY,11,UNCERTAIN,UNCERTAIN
0.5710919698698583,rule_9f1317e79fb5dc15,max_power is explicitly known on only one side,missing_one_side,CONTEXT_ONLY,105,POSITIVE,CATEGORY_SPECIFIC
0.3933037908711633,rule_9f64cfa3d319e19d,model_year has different explicit values,different_value,RULE_CANDIDATE,130,NEGATIVE,GLOBAL
0.12041264559194938,rule_9f890945cbc7651d,neck_width is explicitly known on only one side,missing_one_side,CONTEXT_ONLY,28,UNCERTAIN,UNCERTAIN
-0.4469707903952036,rule_9fb963e1e6734e64,pole_count has different explicit values,different_value,RULE_CANDIDATE,12,UNCERTAIN,CATEGORY_SPECIFIC
0.16117377010440978,rule_9fe5f599e1e456f6,min_storage_temp has different explicit values,different_value,RULE_CANDIDATE,10,UNCERTAIN,UNCERTAIN
-0.39237471114347006,rule_9ff035ab5325ac97,storage_boxes is explicitly known on only one side,missing_one_side,CONTEXT_ONLY,27,UNCERTAIN,UNCERTAIN
-0.7517562156307832,rule_9ff2e15383cc18cc,needle_size has different explicit values,different_value,RULE_CANDIDATE,13,UNCERTAIN,CATEGORY_SPECIFIC
0.009017969960059193,rule_a032222ad87f1ebe,base_material is explicitly known on only one side,missing_one_side,CONTEXT_ONLY,22,UNCERTAIN,UNCERTAIN
0.05958011832288033,rule_a08fff3bd9b9be04,target_size is explicitly known on only one side,missing_one_side,CONTEXT_ONLY,22,UNCERTAIN,UNCERTAIN
0.3622699639862109,rule_a0926f7094d7d6fb,leaf_size is explicitly known on only one side,missing_one_side,CONTEXT_ONLY,14,UNCERTAIN,UNCERTAIN
-1.1492144503514792,rule_a0ec3419882746d1,frame_color has different explicit values,different_value,RULE_CANDIDATE,888,NEGATIVE,GLOBAL
-0.30529399780093736,rule_a1008245cf714dc6,season has different explicit values,different_value,RULE_CANDIDATE,1174,NEGATIVE,GLOBAL
0.17531963767294262,rule_a11dbeda3c378429,glue_included is explicitly known on only one side,missing_one_side,CONTEXT_ONLY,14,UNCERTAIN,UNCERTAIN
-0.3601916801097801,rule_a122c698d67ba1be,volume_per_unit is explicitly known on only one side,missing_one_side,CONTEXT_ONLY,19,UNCERTAIN,UNCERTAIN
-0.14303626916680057,rule_a147a72febf8bf5f,printer_compatibility has different explicit values,different_value,RULE_CANDIDATE,23,NEGATIVE,CATEGORY_SPECIFIC
-0.6681540107311326,rule_a14a776b0bbb7869,plant_type has different explicit values,different_value,RULE_CANDIDATE,21,NEGATIVE,CATEGORY_SPECIFIC
-0.8811779992151769,rule_a1580f188148c1d5,tea_variety has different explicit values,different_value,RULE_CANDIDATE,35,NEGATIVE,CATEGORY_SPECIFIC
0.5190863266675355,rule_a160180ded1f6898,age_restriction is explicitly known on only one side,missing_one_side,CONTEXT_ONLY,17,UNCERTAIN,CATEGORY_SPECIFIC
-0.30437282081789774,rule_a186f1c7141d8a15,rod_length has different explicit values,different_value,RULE_CANDIDATE,17,UNCERTAIN,UNCERTAIN
0.5012165098872866,rule_a198d4303d6b4b91,skin_type is explicitly known on only one side,missing_one_side,CONTEXT_ONLY,35,POSITIVE,CATEGORY_SPECIFIC
0.2961235336966252,rule_a19930e2796bb6f4,food_class is explicitly known on only one side,missing_one_side,CONTEXT_ONLY,12,UNCERTAIN,UNCERTAIN
-0.28885747929121736,rule_a1de677fccaae1b2,shelf_type has different explicit values,different_value,RULE_CANDIDATE,11,UNCERTAIN,UNCERTAIN
-0.24183892768510784,rule_a1e1f2ef10eb4972,surface_coating has different explicit values,different_value,RULE_CANDIDATE,10,UNCERTAIN,UNCERTAIN
-0.6697531549701106,rule_a231222a1885738c,neck_circumference_range has different explicit values,different_value,RULE_CANDIDATE,21,NEGATIVE,CATEGORY_SPECIFIC
0.8474902393934236,rule_a23b08181823c6db,minifigure_count is explicitly known on only one side,missing_one_side,CONTEXT_ONLY,47,POSITIVE,CATEGORY_SPECIFIC
-0.8321729018478004,rule_a2fcbf01af309678,table_width has different explicit values,different_value,RULE_CANDIDATE,32,NEGATIVE,CATEGORY_SPECIFIC
0.07347257778390834,rule_a312a285bfe706a4,total_net_weight has different explicit values,different_value,RULE_CANDIDATE,12,UNCERTAIN,UNCERTAIN
0.02980622935662452,rule_a373232e84508df7,fullness has different explicit values,different_value,RULE_CANDIDATE,11,UNCERTAIN,UNCERTAIN
0.0011129757263723865,rule_a38abde56306044c,shoe_size has different explicit values,different_value,RULE_CANDIDATE,352,UNCERTAIN,UNCERTAIN
-0.10905730871402682,rule_a38c8940aab48635,gender has different explicit values,different_value,RULE_CANDIDATE,1884,NEGATIVE,HETEROGENEOUS
-0.24057339410438935,rule_a3d0b773d88fcb50,capacity has different explicit values,different_value,RULE_CANDIDATE,29,UNCERTAIN,UNCERTAIN
-0.43814303515002306,rule_a3eb5e847ad7eee4,psu_power has different explicit values,different_value,RULE_CANDIDATE,130,NEGATIVE,CATEGORY_SPECIFIC
0.20559718220644885,rule_a424384806e7b3a5,upholstery_material is explicitly known on only one side,missing_one_side,CONTEXT_ONLY,56,UNCERTAIN,UNCERTAIN
0.1591601930807311,rule_a43f5ca99e184dfc,max_height is explicitly known on only one side,missing_one_side,CONTEXT_ONLY,14,UNCERTAIN,UNCERTAIN
0.2057475616321106,rule_a463b6569e9f7a67,bluetooth_version has different explicit values,different_value,RULE_CANDIDATE,29,UNCERTAIN,UNCERTAIN
-0.970372133637975,rule_a488f60e29897411,frame_size has different explicit values,different_value,RULE_CANDIDATE,149,NEGATIVE,GLOBAL
-0.374787256165743,rule_a4afe31e20897c9a,material_composition has different explicit values,different_value,RULE_CANDIDATE,320,NEGATIVE,GLOBAL
0.5862572130690707,rule_a4c895c606aca886,age_range is explicitly known on only one side,missing_one_side,CONTEXT_ONLY,356,POSITIVE,GLOBAL
0.3104988625880502,rule_a4fef2985c56afa0,ink_type is explicitly known on only one side,missing_one_side,CONTEXT_ONLY,18,UNCERTAIN,UNCERTAIN
0.007365369038254782,rule_a5078f17cd490564,density has different explicit values,different_value,RULE_CANDIDATE,10,UNCERTAIN,UNCERTAIN
-0.8120311780775679,rule_a508af91c6190806,ink_color is explicitly known on only one side,missing_one_side,CONTEXT_ONLY,55,NEGATIVE,CATEGORY_SPECIFIC
-0.18964166208539357,rule_a51d8cc4bd14152f,cas_latency has different explicit values,different_value,RULE_CANDIDATE,11,UNCERTAIN,UNCERTAIN
-0.5528452890447693,rule_a5340a1c85937a3e,model_series has different explicit values,different_value,RULE_CANDIDATE,98,NEGATIVE,CATEGORY_SPECIFIC
-0.7103649281838345,rule_a5395e9d9bd2a017,outer_diameter has different explicit values,different_value,RULE_CANDIDATE,40,NEGATIVE,CATEGORY_SPECIFIC
-0.07957655699539182,rule_a547d67f2ef6f3d9,armrests is explicitly known on only one side,missing_one_side,CONTEXT_ONLY,28,UNCERTAIN,UNCERTAIN
-0.15150309326348446,rule_a56fcd623a5318b7,pen_type has different explicit values,different_value,RULE_CANDIDATE,18,UNCERTAIN,UNCERTAIN
0.4095005305050651,rule_a5e2b775ff241103,application_area is explicitly known on only one side,missing_one_side,CONTEXT_ONLY,16,UNCERTAIN,UNCERTAIN
-0.08387064316568352,rule_a5f20dc669b4b439,coating is explicitly known on only one side,missing_one_side,CONTEXT_ONLY,203,UNCERTAIN,UNCERTAIN
-0.6046977617278988,rule_a617395b205fc444,collection has different explicit values,different_value,RULE_CANDIDATE,199,NEGATIVE,GLOBAL
-0.2507860239103441,rule_a61fb09722dbcd9e,video_memory_capacity has different explicit values,different_value,RULE_CANDIDATE,19,UNCERTAIN,CATEGORY_SPECIFIC
-0.15363044648301755,rule_a637803aeb0959b8,application_method has different explicit values,different_value,RULE_CANDIDATE,19,UNCERTAIN,UNCERTAIN
0.33834310308365695,rule_a6553ba4cdd0e3ce,coating has different explicit values,different_value,RULE_CANDIDATE,75,UNCERTAIN,UNCERTAIN
0.4604537713391227,rule_a657c560ab81b3b8,processing_method is explicitly known on only one side,missing_one_side,CONTEXT_ONLY,23,POSITIVE,CATEGORY_SPECIFIC
-0.3170713374544754,rule_a6a787fe43ec1117,lens_width is explicitly known on only one side,missing_one_side,CONTEXT_ONLY,54,NEGATIVE,CATEGORY_SPECIFIC
-0.16100234679308653,rule_a7a3770555fc5620,folder_type has different explicit values,different_value,RULE_CANDIDATE,45,UNCERTAIN,UNCERTAIN
0.03283298908762227,rule_a7b9015baad60f33,page_count is explicitly known on only one side,missing_one_side,CONTEXT_ONLY,145,POSITIVE,CATEGORY_SPECIFIC
0.12982457896300365,rule_a7cf972b96910140,experiment_count is explicitly known on only one side,missing_one_side,CONTEXT_ONLY,18,UNCERTAIN,CATEGORY_SPECIFIC
-0.9056106937571492,rule_a7d48af850b67d17,instrument_type has different explicit values,different_value,RULE_CANDIDATE,242,NEGATIVE,CATEGORY_SPECIFIC
-0.350155590448892,rule_a81acde6f7722e6b,gemstone is explicitly known on only one side,missing_one_side,CONTEXT_ONLY,15,UNCERTAIN,UNCERTAIN
-0.2139051608021904,rule_a832f1b83038bba6,has_pickup has different explicit values,different_value,RULE_CANDIDATE,25,NEGATIVE,CATEGORY_SPECIFIC
-0.1934957598617804,rule_a853a305d90dde71,buoyancy is explicitly known on only one side,missing_one_side,CONTEXT_ONLY,57,NEGATIVE,CATEGORY_SPECIFIC
0.35269997193969926,rule_a8772405a9bddae5,backrest_height is explicitly known on only one side,missing_one_side,CONTEXT_ONLY,45,UNCERTAIN,UNCERTAIN
-0.4417791661557969,rule_a89a7d2ec5515aa4,neck_circumference is explicitly known on only one side,missing_one_side,CONTEXT_ONLY,15,UNCERTAIN,UNCERTAIN
-0.04605651163758679,rule_a8ad4246aa3d4a18,metal_coating has different explicit values,different_value,RULE_CANDIDATE,15,UNCERTAIN,UNCERTAIN
-0.07177249687616831,rule_a8ada83d3f036e45,lens_color is explicitly known on only one side,missing_one_side,CONTEXT_ONLY,68,NEGATIVE,CATEGORY_SPECIFIC
0.16230699058420456,rule_a90c619542bce405,min_age has different explicit values,different_value,RULE_CANDIDATE,569,UNCERTAIN,CATEGORY_SPECIFIC
0.05495956976382524,rule_a90fbc044b6ea0dc,product_subtype has different explicit values,different_value,RULE_CANDIDATE,13,UNCERTAIN,UNCERTAIN
0.6420153537337886,rule_a94ee05a994cdd06,manufacturer_part_number has a subset or specificity difference,specificity_difference,RULE_CANDIDATE,11,UNCERTAIN,UNCERTAIN
0.25459038107360976,rule_a99d5958d079f2d2,age_group is explicitly known on only one side,missing_one_side,CONTEXT_ONLY,19,UNCERTAIN,UNCERTAIN
-0.7644946611885031,rule_aa6cec5f8cf9fe18,temple_length is explicitly known on only one side,missing_one_side,CONTEXT_ONLY,81,NEGATIVE,GLOBAL
0.06425492447441025,rule_aa6eb0bf66f0b812,overall_height is explicitly known on only one side,missing_one_side,CONTEXT_ONLY,15,UNCERTAIN,UNCERTAIN
0.02956786761152271,rule_aaa89c1e251d5d3f,special_feature has different explicit values,different_value,RULE_CANDIDATE,16,UNCERTAIN,UNCERTAIN
-0.11759071311858134,rule_aabaee02ac2aab6a,drawer_count is explicitly known on only one side,missing_one_side,CONTEXT_ONLY,36,UNCERTAIN,UNCERTAIN
-0.36679638152150856,rule_aaecd93b369a391d,speed_index has different explicit values,different_value,RULE_CANDIDATE,103,NEGATIVE,CATEGORY_SPECIFIC
0.07407389170733268,rule_aafbf026826cd647,waterproof is explicitly known on only one side,missing_one_side,CONTEXT_ONLY,22,UNCERTAIN,UNCERTAIN
0.07364433142430275,rule_ab10061059d41160,arabica_percentage is explicitly known on only one side,missing_one_side,CONTEXT_ONLY,16,UNCERTAIN,UNCERTAIN
-0.41356881148874025,rule_ab2c304e3f64bc25,control_type has different explicit values,different_value,RULE_CANDIDATE,18,UNCERTAIN,UNCERTAIN
0.15109000812929138,rule_ab3851525c7aa4b6,gift_packaging is explicitly known on only one side,missing_one_side,CONTEXT_ONLY,15,UNCERTAIN,UNCERTAIN
0.38333834474450124,rule_ab4bd6536257cb55,installation_type is explicitly known on only one side,missing_one_side,CONTEXT_ONLY,13,UNCERTAIN,UNCERTAIN
-1.703405948335791,rule_ab550131d7febbdf,flavor has different explicit values,different_value,RULE_CANDIDATE,659,NEGATIVE,GLOBAL
-0.3078992326218145,rule_ab6d802fb8b4b3d4,foot_length is explicitly known on only one side,missing_one_side,CONTEXT_ONLY,93,NEGATIVE,CATEGORY_SPECIFIC
0.24392206346622583,rule_ab72ea2ac1572637,battery_included is explicitly known on only one side,missing_one_side,CONTEXT_ONLY,31,UNCERTAIN,CATEGORY_SPECIFIC
0.023457445597112,rule_ab81ec6b0d405ec0,door_type is explicitly known on only one side,missing_one_side,CONTEXT_ONLY,14,UNCERTAIN,UNCERTAIN
-1.5714674350283921,rule_ab95c0ea912d67a0,storage_capacity has different explicit values,different_value,RULE_CANDIDATE,224,NEGATIVE,GLOBAL
-1.1116042481752293,rule_ab9eda25613ae846,print_name has different explicit values,different_value,RULE_CANDIDATE,49,NEGATIVE,CATEGORY_SPECIFIC
-0.419988679182649,rule_abe6bd5d8ca44aac,ruling_type is explicitly known on only one side,missing_one_side,CONTEXT_ONLY,52,UNCERTAIN,UNCERTAIN
0.3670626771081962,rule_ac2dc234d5442406,manufacturer_size has different explicit values,different_value,RULE_CANDIDATE,58,POSITIVE,CATEGORY_SPECIFIC
0.2526428489774723,rule_ac8f150dff46a405,item_width is explicitly known on only one side,missing_one_side,CONTEXT_ONLY,11,UNCERTAIN,UNCERTAIN
-0.11588566728080028,rule_accede07e71ebf1d,car_year_range has different explicit values,different_value,RULE_CANDIDATE,24,UNCERTAIN,UNCERTAIN
-0.31981456796104946,rule_acf770bc1ce10aa2,filler_type has different explicit values,different_value,RULE_CANDIDATE,31,UNCERTAIN,UNCERTAIN
-0.26418025734939404,rule_acfea7546d76d9bb,tabletop_finish has different explicit values,different_value,RULE_CANDIDATE,15,UNCERTAIN,UNCERTAIN
0.48901339242331093,rule_ad2ae7103801212f,skin_type has a subset or specificity difference,specificity_difference,RULE_CANDIDATE,18,UNCERTAIN,CATEGORY_SPECIFIC
-0.07637823502962243,rule_ad2f7499236c36ed,drawer_count has different explicit values,different_value,RULE_CANDIDATE,20,UNCERTAIN,UNCERTAIN
0.3587270759263197,rule_ad33f5e9696af1e9,color_temperature is explicitly known on only one side,missing_one_side,CONTEXT_ONLY,63,POSITIVE,CATEGORY_SPECIFIC
-0.32879383311413835,rule_ad85277882595a95,gender is explicitly known on only one side,missing_one_side,CONTEXT_ONLY,1518,POSITIVE,GLOBAL_WITH_EXCEPTIONS
-0.17893174475567308,rule_ad86dc61e30aaa9d,battery_included has different explicit values,different_value,RULE_CANDIDATE,13,UNCERTAIN,UNCERTAIN
-0.0787636479650311,rule_adbb0b06f5afebc9,manufacturer_part_number is explicitly known on only one side,missing_one_side,CONTEXT_ONLY,4427,NEUTRAL,UNCERTAIN
0.23837493095221132,rule_adbb27794bf75f1a,effects is explicitly known on only one side,missing_one_side,CONTEXT_ONLY,12,UNCERTAIN,UNCERTAIN
-0.9788454373808385,rule_ae05d1e2541db252,dimensions has different explicit values,different_value,RULE_CANDIDATE,937,NEGATIVE,GLOBAL
-0.7077546445715277,rule_ae174fb979f237ab,wire_length has different explicit values,different_value,RULE_CANDIDATE,13,UNCERTAIN,CATEGORY_SPECIFIC
-0.2535149873130097,rule_ae21471a433fdd8b,installation_axle is explicitly known on only one side,missing_one_side,CONTEXT_ONLY,17,UNCERTAIN,UNCERTAIN
-1.3257697696885555,rule_ae3d49dcfc9edd55,model_family has different explicit values,different_value,RULE_CANDIDATE,419,NEGATIVE,GLOBAL
0.26814265693877454,rule_aea197c2b50e038d,target_pests has a subset or specificity difference,specificity_difference,RULE_CANDIDATE,13,UNCERTAIN,UNCERTAIN
-0.22143534686430355,rule_aea388f72acd5648,shaft_height_cm is explicitly known on only one side,missing_one_side,CONTEXT_ONLY,20,UNCERTAIN,UNCERTAIN
-0.7512183746515109,rule_aea44a773bdac177,size_label has different explicit values,different_value,RULE_CANDIDATE,73,NEGATIVE,CATEGORY_SPECIFIC
-0.20309149551930072,rule_aeab3709824f51a8,manufacturer_country has different explicit values,different_value,RULE_CANDIDATE,78,UNCERTAIN,CATEGORY_SPECIFIC
0.5378305823291915,rule_aeebb5de9f4b2c44,track_length is explicitly known on only one side,missing_one_side,CONTEXT_ONLY,15,UNCERTAIN,CATEGORY_SPECIFIC
-0.5883137869555521,rule_aef7e901c0e59ab1,case_type has different explicit values,different_value,RULE_CANDIDATE,146,NEGATIVE,HETEROGENEOUS
-0.21058124836123693,rule_af84806c6fe1d54c,max_pressure has different explicit values,different_value,RULE_CANDIDATE,12,UNCERTAIN,UNCERTAIN
-0.5040969864028161,rule_af880adc98176a18,sink_dimensions has different explicit values,different_value,RULE_CANDIDATE,16,UNCERTAIN,CATEGORY_SPECIFIC
-0.035593002400606484,rule_af97ec2d0ff85626,water_resistance is explicitly known on only one side,missing_one_side,CONTEXT_ONLY,187,UNCERTAIN,CATEGORY_SPECIFIC
-0.11625685160990455,rule_afcfc1dcf8846c04,drive_type is explicitly known on only one side,missing_one_side,CONTEXT_ONLY,15,UNCERTAIN,UNCERTAIN
0.09946628527688525,rule_b03b6a1a177b1a96,sugar_content has different explicit values,different_value,RULE_CANDIDATE,14,UNCERTAIN,UNCERTAIN
-0.13553095214499444,rule_b03e26d4e00ad3f4,pendant_length is explicitly known on only one side,missing_one_side,CONTEXT_ONLY,12,UNCERTAIN,UNCERTAIN
-0.16053666083665147,rule_b04610df767b6134,density is explicitly known on only one side,missing_one_side,CONTEXT_ONLY,13,UNCERTAIN,UNCERTAIN
-1.0192774401731688,rule_b04d7730a8e98dca,blade_length has different explicit values,different_value,RULE_CANDIDATE,55,NEGATIVE,UNCERTAIN
0.23686062378949643,rule_b0c49c1f66ae599b,bulb_type has different explicit values,different_value,RULE_CANDIDATE,22,UNCERTAIN,UNCERTAIN
-0.4345218323791049,rule_b0e5c6b6f0b0c152,page_count has different explicit values,different_value,RULE_CANDIDATE,61,NEGATIVE,CATEGORY_SPECIFIC
0.14468805563609588,rule_b0ed74d95eb391e9,inner_diameter is explicitly known on only one side,missing_one_side,CONTEXT_ONLY,20,UNCERTAIN,UNCERTAIN
-0.0420260359122902,rule_b11d46063c206ee7,pencil_shape is explicitly known on only one side,missing_one_side,CONTEXT_ONLY,18,UNCERTAIN,UNCERTAIN
-0.30988969630678165,rule_b1605c0965a560b0,has_stones has different explicit values,different_value,RULE_CANDIDATE,13,UNCERTAIN,UNCERTAIN
0.500641383765383,rule_b19285e6004e0c11,fixture_type has different explicit values,different_value,RULE_CANDIDATE,82,POSITIVE,CATEGORY_SPECIFIC
-0.006802443035397881,rule_b1aeacd5df0fdbbd,overall_depth has different explicit values,different_value,RULE_CANDIDATE,173,NEGATIVE,CATEGORY_SPECIFIC
-0.18867286754681295,rule_b1bc62b8ea4a0c8f,stone_weight is explicitly known on only one side,missing_one_side,CONTEXT_ONLY,37,UNCERTAIN,UNCERTAIN
0.10466882212059087,rule_b1f3001ef0052330,tip_type is explicitly known on only one side,missing_one_side,CONTEXT_ONLY,18,UNCERTAIN,UNCERTAIN
0.47913718806051403,rule_b2091733f8dc670a,chain_weave has different explicit values,different_value,RULE_CANDIDATE,14,UNCERTAIN,UNCERTAIN
-0.23503861803811837,rule_b2797d4c90523be9,tire_size has different explicit values,different_value,RULE_CANDIDATE,12,UNCERTAIN,UNCERTAIN
0.030469139825388607,rule_b29e8aa25d3a40f6,width_fit has different explicit values,different_value,RULE_CANDIDATE,14,UNCERTAIN,UNCERTAIN
-0.4391474070452837,rule_b2d2c9a916506f4c,color_finish has different explicit values,different_value,RULE_CANDIDATE,33,UNCERTAIN,UNCERTAIN
-0.03217006354943909,rule_b2de93f5ecc38779,neck_joint is explicitly known on only one side,missing_one_side,CONTEXT_ONLY,10,UNCERTAIN,UNCERTAIN
-0.8855710117009596,rule_b2e71035a8461d7d,diameter_mm has different explicit values,different_value,RULE_CANDIDATE,39,NEGATIVE,CATEGORY_SPECIFIC
-0.17870884414123311,rule_b2fc01fcb664ff9d,marker_type has different explicit values,different_value,RULE_CANDIDATE,24,UNCERTAIN,UNCERTAIN
0.6535512698141765,rule_b3087c37ebd99264,age_range has different explicit values,different_value,RULE_CANDIDATE,99,POSITIVE,CATEGORY_SPECIFIC
-0.2250626745912732,rule_b3172bcc8a79040b,gauge_range has different explicit values,different_value,RULE_CANDIDATE,13,UNCERTAIN,CATEGORY_SPECIFIC
-0.4760624732272643,rule_b32acf4565bc9823,metal_type has different explicit values,different_value,RULE_CANDIDATE,23,NEGATIVE,CATEGORY_SPECIFIC
-0.9991923542515021,rule_b362b538179effbe,frame_included has different explicit values,different_value,RULE_CANDIDATE,48,NEGATIVE,GLOBAL
0.5173424108429757,rule_b3922e791202f412,storage_temperature_max has different explicit values,different_value,RULE_CANDIDATE,138,POSITIVE,CATEGORY_SPECIFIC
0.2900249666329446,rule_b3bb96e5a69a717e,internal_sku is explicitly known on only one side,missing_one_side,CONTEXT_ONLY,21,UNCERTAIN,UNCERTAIN
0.42105029779763514,rule_b3d884f2bc455e80,assembly_status has different explicit values,different_value,RULE_CANDIDATE,25,UNCERTAIN,UNCERTAIN
-0.7229061643453377,rule_b41d6be1006f8733,character_name has different explicit values,different_value,RULE_CANDIDATE,12,UNCERTAIN,CATEGORY_SPECIFIC
0.09807947686362303,rule_b42fa074b9419c2e,position has different explicit values,different_value,RULE_CANDIDATE,14,UNCERTAIN,UNCERTAIN
-0.08621318969874142,rule_b44a26748e7f79e1,key_ingredient has different explicit values,different_value,RULE_CANDIDATE,41,UNCERTAIN,UNCERTAIN
-0.05690890722947607,rule_b44c59c9d856fd0a,sleeping_length is explicitly known on only one side,missing_one_side,CONTEXT_ONLY,11,UNCERTAIN,UNCERTAIN
-0.17509151362562342,rule_b457e02a1cebcc35,countertop_width has different explicit values,different_value,RULE_CANDIDATE,20,UNCERTAIN,UNCERTAIN
-0.6725166860451516,rule_b46f71b525b6c94c,blade_diameter has different explicit values,different_value,RULE_CANDIDATE,12,UNCERTAIN,CATEGORY_SPECIFIC
-0.041071078592713486,rule_b4c4688669e0972c,line_width is explicitly known on only one side,missing_one_side,CONTEXT_ONLY,60,UNCERTAIN,UNCERTAIN
-0.2330454024277275,rule_b4c77a58a9031a9f,paper_density has different explicit values,different_value,RULE_CANDIDATE,53,UNCERTAIN,UNCERTAIN
-0.26345549648709427,rule_b4e5489124fa7f34,frame_construction has different explicit values,different_value,RULE_CANDIDATE,192,NEGATIVE,CATEGORY_SPECIFIC
0.5492985446189612,rule_b4fb5eddaae7917e,magnification is explicitly known on only one side,missing_one_side,CONTEXT_ONLY,11,UNCERTAIN,UNCERTAIN
-0.1626840464247067,rule_b504903b917b5c8f,canvas_material has different explicit values,different_value,RULE_CANDIDATE,18,UNCERTAIN,UNCERTAIN
0.1367727492647931,rule_b525096504e169be,metal_finish has different explicit values,different_value,RULE_CANDIDATE,17,UNCERTAIN,UNCERTAIN
-1.3197760467559525,rule_b52991c951b3c51d,main_flavor has different explicit values,different_value,RULE_CANDIDATE,47,NEGATIVE,CATEGORY_SPECIFIC
0.026256259018653656,rule_b557d209a28e422b,difficulty_level is explicitly known on only one side,missing_one_side,CONTEXT_ONLY,24,UNCERTAIN,UNCERTAIN
-0.4129873205567506,rule_b5670a9c7df60e3b,scent_family has different explicit values,different_value,RULE_CANDIDATE,18,UNCERTAIN,UNCERTAIN
-0.5980944352774364,rule_b58151b253bc8b0c,vehicle_compatibility has different explicit values,different_value,RULE_CANDIDATE,414,NEGATIVE,CATEGORY_SPECIFIC
-0.1783349541656556,rule_b5c5621d2e52d60d,product_line has a subset or specificity difference,specificity_difference,RULE_CANDIDATE,20,UNCERTAIN,UNCERTAIN
-0.34670058801876136,rule_b5c66baf9430a0e3,axle_position has different explicit values,different_value,RULE_CANDIDATE,21,UNCERTAIN,UNCERTAIN
-0.1230268772504909,rule_b635f78ea97caf42,bag_type has different explicit values,different_value,RULE_CANDIDATE,76,UNCERTAIN,UNCERTAIN
0.1255571953232148,rule_b6384a3ad6f2f778,internal_compartments has different explicit values,different_value,RULE_CANDIDATE,41,UNCERTAIN,CATEGORY_SPECIFIC
0.26196435539102647,rule_b6792a4ce6b4f278,power_source is explicitly known on only one side,missing_one_side,CONTEXT_ONLY,133,POSITIVE,GLOBAL
-0.0409234055310232,rule_b6dc5fbe6cbc165e,tape_length is explicitly known on only one side,missing_one_side,CONTEXT_ONLY,10,UNCERTAIN,UNCERTAIN
-0.45623401903380795,rule_b6f964f914fa6dc8,calories_per_100g has different explicit values,different_value,RULE_CANDIDATE,27,UNCERTAIN,UNCERTAIN
-0.8277988459436776,rule_b725db2807fcd7e4,product_variant has different explicit values,different_value,RULE_CANDIDATE,59,NEGATIVE,CATEGORY_SPECIFIC
-0.36341335978882977,rule_b734331ee64b1fc7,target_pest has different explicit values,different_value,RULE_CANDIDATE,37,UNCERTAIN,UNCERTAIN
-0.1620297690881867,rule_b74ddcf59bd4eeb3,cable_type has different explicit values,different_value,RULE_CANDIDATE,16,UNCERTAIN,UNCERTAIN
-0.29469611246116845,rule_b78c7dbafbfb03ba,metal_purity is explicitly known on only one side,missing_one_side,CONTEXT_ONLY,52,UNCERTAIN,UNCERTAIN
-0.7283796670696971,rule_b811da5adc403203,body_shape is explicitly known on only one side,missing_one_side,CONTEXT_ONLY,110,NEGATIVE,CATEGORY_SPECIFIC
0.08577242358825503,rule_b832952895402d87,tea_type is explicitly known on only one side,missing_one_side,CONTEXT_ONLY,11,UNCERTAIN,UNCERTAIN
-0.04936625942127547,rule_b83b6622a04462ee,science_type is explicitly known on only one side,missing_one_side,CONTEXT_ONLY,10,UNCERTAIN,UNCERTAIN
-0.28033312780132436,rule_b85b9e37869a4219,buoyancy has different explicit values,different_value,RULE_CANDIDATE,38,NEGATIVE,CATEGORY_SPECIFIC
-0.6714839184375903,rule_b888ac570e7249cb,frame_width has different explicit values,different_value,RULE_CANDIDATE,88,NEGATIVE,GLOBAL
-0.10837321791918476,rule_b8a95f36272dcfb8,pickup_system is explicitly known on only one side,missing_one_side,CONTEXT_ONLY,35,UNCERTAIN,UNCERTAIN
-0.5671411634939515,rule_b8e3908926a8611c,screw_length has different explicit values,different_value,RULE_CANDIDATE,17,UNCERTAIN,CATEGORY_SPECIFIC
0.5708227038382547,rule_b8e65f7bc9814a04,min_storage_temperature has different explicit values,different_value,RULE_CANDIDATE,19,UNCERTAIN,CATEGORY_SPECIFIC
-0.16141845179058903,rule_b8f576c4daeb2fa8,corner_valves_included has different explicit values,different_value,RULE_CANDIDATE,10,UNCERTAIN,UNCERTAIN
0.075183844509623,rule_b91bf303102c9088,seat_count is explicitly known on only one side,missing_one_side,CONTEXT_ONLY,49,UNCERTAIN,UNCERTAIN
-0.27204767245393985,rule_b99ea356508eb0d8,product_composition has different explicit values,different_value,RULE_CANDIDATE,22,UNCERTAIN,UNCERTAIN
-0.42275344282797783,rule_b9b65372fd8127dd,ram_capacity is explicitly known on only one side,missing_one_side,CONTEXT_ONLY,44,UNCERTAIN,UNCERTAIN
-0.06761890891400024,rule_b9be2067d340934f,gpu_type has different explicit values,different_value,RULE_CANDIDATE,31,NEGATIVE,CATEGORY_SPECIFIC
0.10420680545225158,rule_b9ca36ff7d2d463d,coating_type has different explicit values,different_value,RULE_CANDIDATE,38,UNCERTAIN,UNCERTAIN
0.05056555143397232,rule_b9ce2519cdea6119,roll_length is explicitly known on only one side,missing_one_side,CONTEXT_ONLY,14,UNCERTAIN,UNCERTAIN
0.10020043534640154,rule_b9f123edd02e550b,sheet_count has different explicit values,different_value,RULE_CANDIDATE,50,UNCERTAIN,UNCERTAIN
0.04887139397748884,rule_baa2008a7847823c,stone_count has different explicit values,different_value,RULE_CANDIDATE,22,UNCERTAIN,UNCERTAIN
-0.48696576031524286,rule_bb0feaddfc127785,sheet_type has different explicit values,different_value,RULE_CANDIDATE,37,NEGATIVE,CATEGORY_SPECIFIC
0.009429147346339076,rule_bb1a2492e9b575cb,dimensions is explicitly known on only one side,missing_one_side,CONTEXT_ONLY,979,POSITIVE,GLOBAL
-0.019713244786339554,rule_bb1c37456d5eb21c,leg_material has different explicit values,different_value,RULE_CANDIDATE,14,UNCERTAIN,UNCERTAIN
0.14018808870383925,rule_bb1f2fc13b1361e2,light_color is explicitly known on only one side,missing_one_side,CONTEXT_ONLY,27,POSITIVE,UNCERTAIN
-1.6931807420835134,rule_bb2f42faedb2794f,lens_power has different explicit values,different_value,RULE_CANDIDATE,303,NEGATIVE,CATEGORY_SPECIFIC
-0.8536550143292473,rule_bb3aa5cca0382a2a,string_gauge_range has different explicit values,different_value,RULE_CANDIDATE,96,NEGATIVE,CATEGORY_SPECIFIC
0.5476790663693532,rule_bbf06a177f2837a9,age_limit is explicitly known on only one side,missing_one_side,CONTEXT_ONLY,62,POSITIVE,CATEGORY_SPECIFIC
-0.21618567310822576,rule_bc01bf0d3372f0c8,scale_length has different explicit values,different_value,RULE_CANDIDATE,115,NEGATIVE,CATEGORY_SPECIFIC
0.3043766664282919,rule_bc253182eb41920a,hair_type is explicitly known on only one side,missing_one_side,CONTEXT_ONLY,24,POSITIVE,CATEGORY_SPECIFIC
0.22197406342781717,rule_bc3553bd8177f1c7,paper_format is explicitly known on only one side,missing_one_side,CONTEXT_ONLY,49,POSITIVE,CATEGORY_SPECIFIC
-0.4382323173104352,rule_bc48bd56517b1d1c,coffee_composition has different explicit values,different_value,RULE_CANDIDATE,28,NEGATIVE,CATEGORY_SPECIFIC
-1.0305512880901986,rule_bc7b0b32c9bf33fd,metal_color has different explicit values,different_value,RULE_CANDIDATE,154,NEGATIVE,CATEGORY_SPECIFIC
-0.6195481075711844,rule_bca6fd266c606a70,height_mm has different explicit values,different_value,RULE_CANDIDATE,45,NEGATIVE,CATEGORY_SPECIFIC
-0.032251486086960324,rule_bcfbdcca95d2b96a,sink_included has different explicit values,different_value,RULE_CANDIDATE,18,UNCERTAIN,UNCERTAIN
0.5139656242267894,rule_bd4dca3350014094,shelf_life is explicitly known on only one side,missing_one_side,CONTEXT_ONLY,592,POSITIVE,GLOBAL
-0.03315301588486348,rule_bd598baf93f3dbba,total_power has different explicit values,different_value,RULE_CANDIDATE,23,UNCERTAIN,UNCERTAIN
0.3002726666427233,rule_bd6c8bc18167ba87,total_length is explicitly known on only one side,missing_one_side,CONTEXT_ONLY,13,UNCERTAIN,UNCERTAIN
-0.5856982387369932,rule_bd91c58deb9252e2,guitar_compatibility has different explicit values,different_value,RULE_CANDIDATE,15,UNCERTAIN,UNCERTAIN
-0.48433799800807825,rule_bdc05d2110a0b595,packaging has different explicit values,different_value,RULE_CANDIDATE,43,UNCERTAIN,UNCERTAIN
0.5072024561332843,rule_bdd0f3887fe945cb,pet_size has different explicit values,different_value,RULE_CANDIDATE,58,UNCERTAIN,UNCERTAIN
0.6285831349914773,rule_bdeaa8c4cb704ad4,warranty_period is explicitly known on only one side,missing_one_side,CONTEXT_ONLY,137,POSITIVE,GLOBAL
-0.4124958308259123,rule_bdee812f48391b41,sheet_capacity has different explicit values,different_value,RULE_CANDIDATE,14,UNCERTAIN,CATEGORY_SPECIFIC
0.25913267686643293,rule_be1dbce2dbd0c76f,pool_volume is explicitly known on only one side,missing_one_side,CONTEXT_ONLY,11,UNCERTAIN,CATEGORY_SPECIFIC
0.06909834743118419,rule_be1f83d0fdb488dc,paper_size has different explicit values,different_value,RULE_CANDIDATE,11,UNCERTAIN,UNCERTAIN
-0.13979618468688992,rule_be91b4906f22f73a,shoe_type has different explicit values,different_value,RULE_CANDIDATE,77,UNCERTAIN,UNCERTAIN
-0.1962842585238041,rule_beafc2d98a79e0e0,battery_voltage is explicitly known on only one side,missing_one_side,CONTEXT_ONLY,23,UNCERTAIN,UNCERTAIN
0.22818234042860372,rule_bf2811d5b225a751,labels_per_sheet is explicitly known on only one side,missing_one_side,CONTEXT_ONLY,10,UNCERTAIN,UNCERTAIN
0.5889199647457206,rule_bf320f7d8fdfab63,bluetooth_version is explicitly known on only one side,missing_one_side,CONTEXT_ONLY,20,POSITIVE,CATEGORY_SPECIFIC
-0.4087101639696625,rule_bf3850c901cc58bd,needle_length has different explicit values,different_value,RULE_CANDIDATE,12,UNCERTAIN,UNCERTAIN
-0.20989361291765435,rule_bf3ddea7e96e2f6c,compartments_count is explicitly known on only one side,missing_one_side,CONTEXT_ONLY,12,UNCERTAIN,UNCERTAIN
-0.9946570960396967,rule_bf4e1af70a1cb5c8,line_diameter has different explicit values,different_value,RULE_CANDIDATE,53,NEGATIVE,CATEGORY_SPECIFIC
-0.056632467823845296,rule_bf6aa97b035a58d1,compatible_vehicle_brand has different explicit values,different_value,RULE_CANDIDATE,44,UNCERTAIN,UNCERTAIN
0.56576238583973,rule_bf6dc10f553c7dba,sleeping_places_count is explicitly known on only one side,missing_one_side,CONTEXT_ONLY,10,UNCERTAIN,CATEGORY_SPECIFIC
-0.321839371801807,rule_bf99043dcdca01a5,total_volume is explicitly known on only one side,missing_one_side,CONTEXT_ONLY,12,UNCERTAIN,UNCERTAIN
-0.4984906451515422,rule_bfa577ab2741b7b1,line_length has different explicit values,different_value,RULE_CANDIDATE,14,UNCERTAIN,CATEGORY_SPECIFIC
-0.8919248623668381,rule_bfc7bc621ab05b6a,bead_size has different explicit values,different_value,RULE_CANDIDATE,18,UNCERTAIN,CATEGORY_SPECIFIC
-0.8444060953778013,rule_bffb6cd7cab06286,package_volume has different explicit values,different_value,RULE_CANDIDATE,39,UNCERTAIN,UNCERTAIN
-0.4123624033753558,rule_c08dbfe1be23cc95,spout_length is explicitly known on only one side,missing_one_side,CONTEXT_ONLY,17,UNCERTAIN,CATEGORY_SPECIFIC
-0.29955903056475264,rule_c08ecc7d9a7ab37c,target_animal is explicitly known on only one side,missing_one_side,CONTEXT_ONLY,26,UNCERTAIN,UNCERTAIN
-0.20358639335918127,rule_c0e89d159f62ce86,russian_size has different explicit values,different_value,RULE_CANDIDATE,1689,NEUTRAL,GLOBAL
0.21788505802628,rule_c1026f351bb707a7,product_features has different explicit values,different_value,RULE_CANDIDATE,14,UNCERTAIN,UNCERTAIN
-0.2875316889557857,rule_c1074893e44cb3ce,spout_length has different explicit values,different_value,RULE_CANDIDATE,26,UNCERTAIN,UNCERTAIN
-0.03543474790525215,rule_c158cc53799110c7,mounting_position is explicitly known on only one side,missing_one_side,CONTEXT_ONLY,10,UNCERTAIN,UNCERTAIN
-0.34272437155041197,rule_c1707ab914a4c2cb,spool_size has different explicit values,different_value,RULE_CANDIDATE,10,UNCERTAIN,UNCERTAIN
0.21688357200856223,rule_c17e33ed2af197c5,dispenser is explicitly known on only one side,missing_one_side,CONTEXT_ONLY,24,UNCERTAIN,UNCERTAIN
0.27681974066047027,rule_c1883263d7a0ede0,armature_color has different explicit values,different_value,RULE_CANDIDATE,13,UNCERTAIN,UNCERTAIN
-0.2383211437529696,rule_c188daf5f212634c,orthopedic_support is explicitly known on only one side,missing_one_side,CONTEXT_ONLY,11,UNCERTAIN,UNCERTAIN
-0.46964555904436966,rule_c1de63c305015bbd,design_shape is explicitly known on only one side,missing_one_side,CONTEXT_ONLY,54,UNCERTAIN,CATEGORY_SPECIFIC
-0.019035332560876014,rule_c23f3c8bf3fd5bcd,consistency has different explicit values,different_value,RULE_CANDIDATE,25,UNCERTAIN,UNCERTAIN
-0.5560547970395149,rule_c24b177bde65adf3,cylinder_power is explicitly known on only one side,missing_one_side,CONTEXT_ONLY,98,NEGATIVE,CATEGORY_SPECIFIC
-0.08569549294424152,rule_c24e89adf3156409,screen_technology has different explicit values,different_value,RULE_CANDIDATE,12,UNCERTAIN,UNCERTAIN
0.36719837214244366,rule_c264aade9e5b728e,max_players has different explicit values,different_value,RULE_CANDIDATE,22,POSITIVE,CATEGORY_SPECIFIC
-0.5375013755900224,rule_c28cee8f1c9845c3,dosage_strength has different explicit values,different_value,RULE_CANDIDATE,16,UNCERTAIN,UNCERTAIN
-0.48485257397640563,rule_c2988f456870b180,chest_circumference has different explicit values,different_value,RULE_CANDIDATE,20,NEGATIVE,CATEGORY_SPECIFIC
0.1972866789046284,rule_c2ad17db12a1db8a,paper_size is explicitly known on only one side,missing_one_side,CONTEXT_ONLY,10,UNCERTAIN,UNCERTAIN
-0.4354956886388222,rule_c2ad634dcb922582,lead_hardness has different explicit values,different_value,RULE_CANDIDATE,10,UNCERTAIN,UNCERTAIN
-0.442071618937377,rule_c2b36bb9afb6685a,hair_length has different explicit values,different_value,RULE_CANDIDATE,12,UNCERTAIN,CATEGORY_SPECIFIC
-0.18456778665664228,rule_c2b6e52ba4c00413,finish_effect is explicitly known on only one side,missing_one_side,CONTEXT_ONLY,10,UNCERTAIN,UNCERTAIN
-0.5906996548766003,rule_c2d463e154b4d74f,pile_height has different explicit values,different_value,RULE_CANDIDATE,44,NEGATIVE,CATEGORY_SPECIFIC
0.44466690907745743,rule_c37d1cd14887c0b9,assembled_height is explicitly known on only one side,missing_one_side,CONTEXT_ONLY,20,POSITIVE,CATEGORY_SPECIFIC
0.22353918241635606,rule_c3bce979345bec46,depth is explicitly known on only one side,missing_one_side,CONTEXT_ONLY,159,UNCERTAIN,HETEROGENEOUS
-0.1581207513091418,rule_c400ea91fe192d3e,print_design is explicitly known on only one side,missing_one_side,CONTEXT_ONLY,40,UNCERTAIN,CATEGORY_SPECIFIC
-0.037370113989457714,rule_c43793269ad72dc2,model_year_range has different explicit values,different_value,RULE_CANDIDATE,20,UNCERTAIN,UNCERTAIN
0.04061782238775223,rule_c45aa78335fc66c3,storage_temperature_range has different explicit values,different_value,RULE_CANDIDATE,41,UNCERTAIN,UNCERTAIN
-0.8085681945784922,rule_c468e766f15511f7,compatible_phone_model has different explicit values,different_value,RULE_CANDIDATE,25,NEGATIVE,CATEGORY_SPECIFIC
0.3565569032659901,rule_c48bcb6a933c02b9,chain_weave is explicitly known on only one side,missing_one_side,CONTEXT_ONLY,14,UNCERTAIN,UNCERTAIN
0.451205312987369,rule_c495a0140d105291,light_source_type is explicitly known on only one side,missing_one_side,CONTEXT_ONLY,20,POSITIVE,CATEGORY_SPECIFIC
-0.1729621462842455,rule_c51960b4a7e75139,target_instrument has different explicit values,different_value,RULE_CANDIDATE,28,UNCERTAIN,UNCERTAIN
-0.05532247354259211,rule_c552a2b10e3ad4fd,product_width has different explicit values,different_value,RULE_CANDIDATE,18,UNCERTAIN,UNCERTAIN
0.983212091442312,rule_c57e04c71a1d38be,game_type is explicitly known on only one side,missing_one_side,CONTEXT_ONLY,46,POSITIVE,CATEGORY_SPECIFIC
-0.2120541659781819,rule_c5a00b8093d9ef47,adhesive_type has different explicit values,different_value,RULE_CANDIDATE,11,UNCERTAIN,UNCERTAIN
-0.003075351171623949,rule_c613e8c7e95169ab,sku has different explicit values,different_value,RULE_CANDIDATE,719,NEUTRAL,UNCERTAIN
0.21893404827967286,rule_c6255e50e781173b,paper_weight is explicitly known on only one side,missing_one_side,CONTEXT_ONLY,29,UNCERTAIN,CATEGORY_SPECIFIC
-0.03774992458792826,rule_c632ba24c9524952,office_version has different explicit values,different_value,RULE_CANDIDATE,11,UNCERTAIN,UNCERTAIN
-0.6403950490514677,rule_c646b430efd80adb,profile_thickness is explicitly known on only one side,missing_one_side,CONTEXT_ONLY,12,UNCERTAIN,CATEGORY_SPECIFIC
-0.6311500828866147,rule_c6cd904309c9de0c,output_current has different explicit values,different_value,RULE_CANDIDATE,33,NEGATIVE,CATEGORY_SPECIFIC
-0.5382466165519727,rule_c72e7385895110a6,hose_length has different explicit values,different_value,RULE_CANDIDATE,13,UNCERTAIN,UNCERTAIN
-0.9995653620001799,rule_c75cf2c16300b316,unit_volume has different explicit values,different_value,RULE_CANDIDATE,62,NEGATIVE,GLOBAL
0.2843277592341508,rule_c76040ab03083356,base_type is explicitly known on only one side,missing_one_side,CONTEXT_ONLY,22,UNCERTAIN,UNCERTAIN
-0.28168989768486474,rule_c776f94a06cdfcb4,crystal_shape is explicitly known on only one side,missing_one_side,CONTEXT_ONLY,14,UNCERTAIN,UNCERTAIN
-0.7767179168171718,rule_c77cc5c0d98182ff,format_size has different explicit values,different_value,RULE_CANDIDATE,40,NEGATIVE,CATEGORY_SPECIFIC
-0.20694765542275942,rule_c78b50e64fabe189,product_height has different explicit values,different_value,RULE_CANDIDATE,12,UNCERTAIN,UNCERTAIN
0.04067766518026856,rule_c794cd5edf4bff59,wall_thickness is explicitly known on only one side,missing_one_side,CONTEXT_ONLY,17,UNCERTAIN,UNCERTAIN
0.271892387476936,rule_c7dd395051b01b90,candy_type has different explicit values,different_value,RULE_CANDIDATE,15,UNCERTAIN,UNCERTAIN
-1.2250398313761217,rule_c8279513c21f3c1b,needle_diameter has different explicit values,different_value,RULE_CANDIDATE,72,NEGATIVE,CATEGORY_SPECIFIC
0.23793036194488598,rule_c836b5ddfbdf163a,armrests has different explicit values,different_value,RULE_CANDIDATE,14,UNCERTAIN,UNCERTAIN
-0.6046866562475078,rule_c87fcd36285d9f1c,nut_type has different explicit values,different_value,RULE_CANDIDATE,18,UNCERTAIN,CATEGORY_SPECIFIC
0.5287481963335204,rule_c89cf2379554bb15,string_material has different explicit values,different_value,RULE_CANDIDATE,98,UNCERTAIN,UNCERTAIN
-0.19337448513298347,rule_c8a984078de6f8c9,size_range is explicitly known on only one side,missing_one_side,CONTEXT_ONLY,33,UNCERTAIN,UNCERTAIN
-0.223632098453027,rule_c8b016e46dd2baaa,diamond_weight has different explicit values,different_value,RULE_CANDIDATE,37,UNCERTAIN,UNCERTAIN
-1.0505959744912434,rule_c8ce3baa85300007,diamond_count has different explicit values,different_value,RULE_CANDIDATE,56,NEGATIVE,CATEGORY_SPECIFIC
-0.7179710523249592,rule_c8cef42ae1ab41b6,movement_type has different explicit values,different_value,RULE_CANDIDATE,88,NEGATIVE,CATEGORY_SPECIFIC
-0.027554044404525656,rule_c90c3ced7965bb77,back_material is explicitly known on only one side,missing_one_side,CONTEXT_ONLY,25,UNCERTAIN,UNCERTAIN
-0.3452411219583351,rule_c92affe2769467a8,compatible_models is explicitly known on only one side,missing_one_side,CONTEXT_ONLY,13,UNCERTAIN,UNCERTAIN
-0.6705838508920781,rule_c92b7a9f9d69e7cf,scale_ratio has different explicit values,different_value,RULE_CANDIDATE,16,UNCERTAIN,CATEGORY_SPECIFIC
0.4072038340144047,rule_c9404c24569fa853,foot_length_cm has different explicit values,different_value,RULE_CANDIDATE,51,UNCERTAIN,UNCERTAIN
-0.07830817541288704,rule_c99bf6edf6c70570,target_fish has a subset or specificity difference,specificity_difference,RULE_CANDIDATE,10,UNCERTAIN,UNCERTAIN
-0.059398419615917776,rule_ca88a4b7102ff4d2,paint_code has different explicit values,different_value,RULE_CANDIDATE,105,NEGATIVE,CATEGORY_SPECIFIC
-0.43241054520965344,rule_ca9af2cfcb23cf89,season has a subset or specificity difference,specificity_difference,RULE_CANDIDATE,14,UNCERTAIN,UNCERTAIN
0.07411517442939883,rule_caa4a122f38aad11,mattress_included is explicitly known on only one side,missing_one_side,CONTEXT_ONLY,22,UNCERTAIN,UNCERTAIN
-0.30752197035358636,rule_cab99603a397f37b,package_configuration has different explicit values,different_value,RULE_CANDIDATE,11,UNCERTAIN,UNCERTAIN
-0.41682279610147815,rule_cabae3b99f7df9f5,section_count is explicitly known on only one side,missing_one_side,CONTEXT_ONLY,35,UNCERTAIN,UNCERTAIN
-0.33231601413165224,rule_cad58883f9b4266c,pet_age_group has different explicit values,different_value,RULE_CANDIDATE,16,UNCERTAIN,UNCERTAIN
-0.3291706765972325,rule_cb0bd0e18a8e0f93,body_size has different explicit values,different_value,RULE_CANDIDATE,13,UNCERTAIN,CATEGORY_SPECIFIC
0.0743430641101332,rule_cb2b8d89bc6c25fa,earring_type is explicitly known on only one side,missing_one_side,CONTEXT_ONLY,17,UNCERTAIN,UNCERTAIN
0.0037266569705382037,rule_cb5c18039ce053fa,key_count has different explicit values,different_value,RULE_CANDIDATE,13,UNCERTAIN,UNCERTAIN
-0.13990419985682562,rule_cb5cc854a65adb18,top_wood_material has different explicit values,different_value,RULE_CANDIDATE,28,UNCERTAIN,UNCERTAIN
-0.24090478563021067,rule_cbb592b5ee7bf34d,cylinder_axis has different explicit values,different_value,RULE_CANDIDATE,10,UNCERTAIN,UNCERTAIN
-0.11612481495767397,rule_cbebf11aa97a9c33,spout_height is explicitly known on only one side,missing_one_side,CONTEXT_ONLY,12,UNCERTAIN,UNCERTAIN
-0.5144004304196407,rule_cc1dda6a2d4eab6f,craft_technique has different explicit values,different_value,RULE_CANDIDATE,16,UNCERTAIN,CATEGORY_SPECIFIC
-0.19363667460934472,rule_cca1e9bdace6f682,max_power has different explicit values,different_value,RULE_CANDIDATE,110,UNCERTAIN,UNCERTAIN
-0.026196188454747308,rule_ccbf3a690bd055cc,print_pattern is explicitly known on only one side,missing_one_side,CONTEXT_ONLY,13,UNCERTAIN,UNCERTAIN
-0.3481882203857241,rule_cce96b5c5e0a9247,cabinet_width has different explicit values,different_value,RULE_CANDIDATE,29,UNCERTAIN,CATEGORY_SPECIFIC
-0.695418393819081,rule_cd61488ce125b64c,plant_variety has different explicit values,different_value,RULE_CANDIDATE,25,NEGATIVE,CATEGORY_SPECIFIC
-0.3696923054906417,rule_cd8e6552240c39b2,battery_chemistry has different explicit values,different_value,RULE_CANDIDATE,10,UNCERTAIN,UNCERTAIN
0.39710071843643147,rule_cdd30d5c8f120be1,construction_type is explicitly known on only one side,missing_one_side,CONTEXT_ONLY,21,UNCERTAIN,UNCERTAIN
-0.18342502009946493,rule_cdd4e367abad43b8,vehicle_model is explicitly known on only one side,missing_one_side,CONTEXT_ONLY,15,UNCERTAIN,UNCERTAIN
-0.15489212177760367,rule_ce2caeaf886234f0,adjustable_height is explicitly known on only one side,missing_one_side,CONTEXT_ONLY,12,UNCERTAIN,UNCERTAIN
0.28185652734074046,rule_ce2dcf038477ff14,interface_type has different explicit values,different_value,RULE_CANDIDATE,12,UNCERTAIN,UNCERTAIN
-0.11592446318473054,rule_ce3bae9f0e9058ff,color_count is explicitly known on only one side,missing_one_side,CONTEXT_ONLY,83,UNCERTAIN,UNCERTAIN
-0.16181615039370015,rule_ce5afee0c8e72c80,insert_material is explicitly known on only one side,missing_one_side,CONTEXT_ONLY,48,UNCERTAIN,UNCERTAIN
-0.383111897771427,rule_ce7bf86159e6908d,total_carat_weight is explicitly known on only one side,missing_one_side,CONTEXT_ONLY,14,UNCERTAIN,UNCERTAIN
-1.1152387563616188,rule_ce87285952d9cd21,drill_diameter has different explicit values,different_value,RULE_CANDIDATE,34,NEGATIVE,CATEGORY_SPECIFIC
0.2976914988888773,rule_ce8aaf4a393c2a9f,additives is explicitly known on only one side,missing_one_side,CONTEXT_ONLY,18,UNCERTAIN,UNCERTAIN
-0.9924334778731045,rule_ce9e88fd2105ab31,compatible_tv_model has different explicit values,different_value,RULE_CANDIDATE,18,UNCERTAIN,CATEGORY_SPECIFIC
-0.5144147340313715,rule_ceab2bc302f65307,gemstone_insertion is explicitly known on only one side,missing_one_side,CONTEXT_ONLY,31,UNCERTAIN,UNCERTAIN
-0.4999108505574077,rule_ceda78ce8a0fa0d7,mattress_included has different explicit values,different_value,RULE_CANDIDATE,21,NEGATIVE,CATEGORY_SPECIFIC
-0.125288308342125,rule_cf2bb3f599a124ba,platform_height_cm is explicitly known on only one side,missing_one_side,CONTEXT_ONLY,13,UNCERTAIN,UNCERTAIN
-0.6232719917534507,rule_cf475e092be650be,chipset has different explicit values,different_value,RULE_CANDIDATE,129,NEGATIVE,CATEGORY_SPECIFIC
0.20309794194119643,rule_cf8ae21b371cdff9,upholstery_material has a subset or specificity difference,specificity_difference,RULE_CANDIDATE,13,UNCERTAIN,UNCERTAIN
0.03909369843729093,rule_cfbe59b50a2620c6,shape is explicitly known on only one side,missing_one_side,CONTEXT_ONLY,73,UNCERTAIN,CATEGORY_SPECIFIC
0.20838645888269633,rule_d00534698dd04390,size_us has different explicit values,different_value,RULE_CANDIDATE,20,UNCERTAIN,UNCERTAIN
-0.46308826555877913,rule_d00acfe1ac2f80e7,size_code has different explicit values,different_value,RULE_CANDIDATE,12,UNCERTAIN,UNCERTAIN
0.53626511893258,rule_d025adc3e6258216,shade_material is explicitly known on only one side,missing_one_side,CONTEXT_ONLY,21,POSITIVE,CATEGORY_SPECIFIC
0.7188845116629302,rule_d02c9a36c492a1e3,lego_compatibility is explicitly known on only one side,missing_one_side,CONTEXT_ONLY,16,UNCERTAIN,CATEGORY_SPECIFIC
-1.0306722153581889,rule_d052156904fbe814,diameter has different explicit values,different_value,RULE_CANDIDATE,444,NEGATIVE,GLOBAL
-0.5583287347182379,rule_d0691cb200eea552,fragrance_family has different explicit values,different_value,RULE_CANDIDATE,149,NEGATIVE,CATEGORY_SPECIFIC
-0.08507837870506033,rule_d093a39d91c26d8a,brush_size_number is explicitly known on only one side,missing_one_side,CONTEXT_ONLY,12,UNCERTAIN,UNCERTAIN
-0.7299099586099483,rule_d09a52e3bf670e29,bridge_width has different explicit values,different_value,RULE_CANDIDATE,836,NEGATIVE,GLOBAL
-0.044931308128549834,rule_d0eb83f40ab00ecf,placement_type has different explicit values,different_value,RULE_CANDIDATE,22,UNCERTAIN,UNCERTAIN
0.0621373218871814,rule_d0f8676b2f315b81,ingredients is explicitly known on only one side,missing_one_side,CONTEXT_ONLY,24,UNCERTAIN,UNCERTAIN
-0.31883932625163797,rule_d0f9a7c9b1cf91c5,overall_height has different explicit values,different_value,RULE_CANDIDATE,92,NEGATIVE,CATEGORY_SPECIFIC
0.20144425441560818,rule_d1311a59b25cdffc,body_material has different explicit values,different_value,RULE_CANDIDATE,197,UNCERTAIN,HETEROGENEOUS
0.04601870236670634,rule_d15e4200468f7a40,hypoallergenic is explicitly known on only one side,missing_one_side,CONTEXT_ONLY,22,UNCERTAIN,UNCERTAIN
-0.3082213014312138,rule_d17182d8692e48c8,chest_circumference_cm is explicitly known on only one side,missing_one_side,CONTEXT_ONLY,10,UNCERTAIN,CATEGORY_SPECIFIC
-0.509152627918413,rule_d177b9b4c2ceafef,reed_strength is explicitly known on only one side,missing_one_side,CONTEXT_ONLY,22,UNCERTAIN,UNCERTAIN
0.0035862780073003357,rule_d1a6725c4f39a867,dial_color is explicitly known on only one side,missing_one_side,CONTEXT_ONLY,97,UNCERTAIN,UNCERTAIN
-0.3225162807240172,rule_d1eeedd78daea6c9,target_pet_age has different explicit values,different_value,RULE_CANDIDATE,11,UNCERTAIN,UNCERTAIN
-0.1656307053537188,rule_d2140c5145110fd6,lens_protection_category has different explicit values,different_value,RULE_CANDIDATE,15,UNCERTAIN,CATEGORY_SPECIFIC
-0.005293361783450033,rule_d2c8b76b849a62fc,cabinet_material has different explicit values,different_value,RULE_CANDIDATE,82,UNCERTAIN,UNCERTAIN
-0.5321662021625712,rule_d2eb81f52f4108e1,thread_pitch has different explicit values,different_value,RULE_CANDIDATE,16,UNCERTAIN,CATEGORY_SPECIFIC
-1.2316607731354705,rule_d33c469d623e1c3c,length has different explicit values,different_value,RULE_CANDIDATE,1151,NEGATIVE,GLOBAL
-0.6646611533222581,rule_d384051f186f5995,back_length has different explicit values,different_value,RULE_CANDIDATE,23,NEGATIVE,CATEGORY_SPECIFIC
-0.1257373359244734,rule_d38ecd722ecbc2c2,organic_certification is explicitly known on only one side,missing_one_side,CONTEXT_ONLY,11,UNCERTAIN,UNCERTAIN
-0.11420937299016541,rule_d3980db4263164fb,storage_config has different explicit values,different_value,RULE_CANDIDATE,34,NEGATIVE,CATEGORY_SPECIFIC
-0.4877611881686182,rule_d39f79190d09ff93,frame_included is explicitly known on only one side,missing_one_side,CONTEXT_ONLY,22,UNCERTAIN,CATEGORY_SPECIFIC
-0.06984472699595823,rule_d3f2996ed6c39427,pupil_distance has different explicit values,different_value,RULE_CANDIDATE,15,UNCERTAIN,UNCERTAIN
-0.19561680264023248,rule_d40c269eec510011,compatible_vehicle_model has different explicit values,different_value,RULE_CANDIDATE,47,UNCERTAIN,UNCERTAIN
0.869005522723811,rule_d449d3626ae4d848,storage_conditions has different explicit values,different_value,RULE_CANDIDATE,70,POSITIVE,CATEGORY_SPECIFIC
0.1424125522323373,rule_d4654be1bc0e01a3,pronation_type has different explicit values,different_value,RULE_CANDIDATE,13,UNCERTAIN,UNCERTAIN
-0.007502782445984189,rule_d4a2bc440a0d7d33,form_factor has different explicit values,different_value,RULE_CANDIDATE,110,UNCERTAIN,UNCERTAIN
-0.9061441917173757,rule_d4f8f7df60eacbb6,brush_shape has different explicit values,different_value,RULE_CANDIDATE,24,NEGATIVE,CATEGORY_SPECIFIC
-0.05451138013183341,rule_d4fb81c9f2324b98,replacement_schedule has different explicit values,different_value,RULE_CANDIDATE,14,UNCERTAIN,UNCERTAIN
0.045541285071596924,rule_d5201cad2ead5d6f,primary_action has different explicit values,different_value,RULE_CANDIDATE,12,UNCERTAIN,UNCERTAIN
0.11422024361314737,rule_d55309a4ed20f1e2,model_year is explicitly known on only one side,missing_one_side,CONTEXT_ONLY,32,UNCERTAIN,UNCERTAIN
-0.05318749602451777,rule_d5bf4be6ae8cdfea,component_type has different explicit values,different_value,RULE_CANDIDATE,14,UNCERTAIN,UNCERTAIN
0.46356805122831896,rule_d5c8d3a77fc80413,polyphony is explicitly known on only one side,missing_one_side,CONTEXT_ONLY,14,UNCERTAIN,CATEGORY_SPECIFIC
-0.01830561907924231,rule_d5e11de98d52207f,shelf_life has different explicit values,different_value,RULE_CANDIDATE,1644,NEUTRAL,UNCERTAIN
-0.04388880622933116,rule_d5ec376590b65b59,flow_rate is explicitly known on only one side,missing_one_side,CONTEXT_ONLY,16,UNCERTAIN,UNCERTAIN
-0.006300482480819411,rule_d611918c14224221,vehicle_body_type has different explicit values,different_value,RULE_CANDIDATE,19,UNCERTAIN,UNCERTAIN
0.15240583185299336,rule_d678dc653b9e63bf,battery_type is explicitly known on only one side,missing_one_side,CONTEXT_ONLY,118,UNCERTAIN,UNCERTAIN
-0.9123706942790744,rule_d6b6e578d82a5a0b,guitar_type has different explicit values,different_value,RULE_CANDIDATE,147,NEGATIVE,CATEGORY_SPECIFIC
-0.06718385301935362,rule_d6bf6ee8c2196a92,size_uk is explicitly known on only one side,missing_one_side,CONTEXT_ONLY,16,UNCERTAIN,UNCERTAIN
0.4008054776527497,rule_d706a2fc45104340,earring_style has different explicit values,different_value,RULE_CANDIDATE,24,UNCERTAIN,UNCERTAIN
-0.5492194882752153,rule_d72b383e5fdd66e3,target_animal has different explicit values,different_value,RULE_CANDIDATE,192,NEGATIVE,CATEGORY_SPECIFIC
-0.1241200072835316,rule_d73e66cce0c4365c,target_audience has conflicting title/attribute sources,conflicting_sources,REVIEW_BEFORE_USE,10,UNCERTAIN,UNCERTAIN
-0.5758932458978447,rule_d77d1d73b975a171,length_range has different explicit values,different_value,RULE_CANDIDATE,31,NEGATIVE,CATEGORY_SPECIFIC
0.5856942042665233,rule_d78bfc305898b963,neck_type is explicitly known on only one side,missing_one_side,CONTEXT_ONLY,11,UNCERTAIN,UNCERTAIN
0.4713046167459621,rule_d858e82d54e668a3,fabric_type is explicitly known on only one side,missing_one_side,CONTEXT_ONLY,68,POSITIVE,CATEGORY_SPECIFIC
0.025321959317221504,rule_d85c2326034c2400,application_time has different explicit values,different_value,RULE_CANDIDATE,23,UNCERTAIN,CATEGORY_SPECIFIC
-0.3050622352691303,rule_d861e6999466b307,surface_finish has different explicit values,different_value,RULE_CANDIDATE,101,UNCERTAIN,UNCERTAIN
-0.1568612755417874,rule_d884c5db8d539287,item_height is explicitly known on only one side,missing_one_side,CONTEXT_ONLY,10,UNCERTAIN,UNCERTAIN
-0.6618884709034445,rule_d94d172791d7e937,model_theme has different explicit values,different_value,RULE_CANDIDATE,15,UNCERTAIN,UNCERTAIN
-0.2778411076505896,rule_d9591ea1763d5f82,dial_indication has different explicit values,different_value,RULE_CANDIDATE,17,UNCERTAIN,CATEGORY_SPECIFIC
-0.700589790272025,rule_d9721635660370db,polarization is explicitly known on only one side,missing_one_side,CONTEXT_ONLY,58,NEGATIVE,CATEGORY_SPECIFIC
-0.5788681630456023,rule_d990e19a1609f450,format has different explicit values,different_value,RULE_CANDIDATE,17,UNCERTAIN,UNCERTAIN
0.5036909215472357,rule_d99dc3c4eb32b04a,roast_level is explicitly known on only one side,missing_one_side,CONTEXT_ONLY,83,POSITIVE,CATEGORY_SPECIFIC
-0.1541175566944246,rule_d9a2a0630c57bc34,format is explicitly known on only one side,missing_one_side,CONTEXT_ONLY,74,UNCERTAIN,UNCERTAIN
-0.09039807202992904,rule_d9acd6bf0ea2ed99,product_form has conflicting title/attribute sources,conflicting_sources,REVIEW_BEFORE_USE,18,UNCERTAIN,UNCERTAIN
-0.6688964211129631,rule_da571626526e22c4,cabinet_color has different explicit values,different_value,RULE_CANDIDATE,23,NEGATIVE,CATEGORY_SPECIFIC
-0.4536655816497634,rule_da85cbfb902004c8,lure_type has different explicit values,different_value,RULE_CANDIDATE,42,NEGATIVE,CATEGORY_SPECIFIC
0.29402345621299997,rule_db02478dad84c6c8,add_power is explicitly known on only one side,missing_one_side,CONTEXT_ONLY,21,UNCERTAIN,UNCERTAIN
0.7281470363175603,rule_db0c118506495b3d,target_pet_size is explicitly known on only one side,missing_one_side,CONTEXT_ONLY,15,UNCERTAIN,CATEGORY_SPECIFIC
0.26631001833655676,rule_db10481d46ea73be,battery_requirements is explicitly known on only one side,missing_one_side,CONTEXT_ONLY,10,UNCERTAIN,UNCERTAIN
-0.40011655056650003,rule_db13d7fea9b0d6a2,bearing_count has different explicit values,different_value,RULE_CANDIDATE,10,UNCERTAIN,CATEGORY_SPECIFIC
-0.8573819503396042,rule_db5f251f19888b60,product_design has different explicit values,different_value,RULE_CANDIDATE,22,NEGATIVE,UNCERTAIN
0.1240315939145761,rule_db7601e0c6e78885,lead_hardness is explicitly known on only one side,missing_one_side,CONTEXT_ONLY,13,UNCERTAIN,UNCERTAIN
-0.5902176722578307,rule_dbee2d247506d8e9,profile_height has different explicit values,different_value,RULE_CANDIDATE,29,NEGATIVE,CATEGORY_SPECIFIC
0.011531369518672601,rule_dc25539af3a338e8,hardware_color is explicitly known on only one side,missing_one_side,CONTEXT_ONLY,14,UNCERTAIN,UNCERTAIN
0.010016331683982816,rule_dc2f1ddee9f59e5b,dating_type is explicitly known on only one side,missing_one_side,CONTEXT_ONLY,14,UNCERTAIN,UNCERTAIN
0.09308318194241563,rule_dc43c7c3d5549877,string_coating is explicitly known on only one side,missing_one_side,CONTEXT_ONLY,10,UNCERTAIN,UNCERTAIN
0.05540204986674133,rule_dc70fa4ec0ae79c5,gluten_free is explicitly known on only one side,missing_one_side,CONTEXT_ONLY,10,UNCERTAIN,UNCERTAIN
0.4108261949919108,rule_dc825458facbf51f,key_ingredient is explicitly known on only one side,missing_one_side,CONTEXT_ONLY,26,POSITIVE,CATEGORY_SPECIFIC
-0.1302343555638637,rule_dc8ce0f102cb317d,glass_type has different explicit values,different_value,RULE_CANDIDATE,93,NEGATIVE,UNCERTAIN
0.2582043315267986,rule_dc9d704326cd30ff,wireless_interfaces has different explicit values,different_value,RULE_CANDIDATE,17,UNCERTAIN,CATEGORY_SPECIFIC
-0.4327838352098295,rule_dc9d9ec915967d96,edge_finish is explicitly known on only one side,missing_one_side,CONTEXT_ONLY,13,UNCERTAIN,UNCERTAIN
0.12156255970150634,rule_dcb485b2c6079666,filler_type is explicitly known on only one side,missing_one_side,CONTEXT_ONLY,13,UNCERTAIN,UNCERTAIN
-0.06335014902679141,rule_dcfa77c207771500,bedding_size_class has different explicit values,different_value,RULE_CANDIDATE,19,UNCERTAIN,UNCERTAIN
0.15724437601363908,rule_dd38b1bc72a1040c,manufacturer is explicitly known on only one side,missing_one_side,CONTEXT_ONLY,43,POSITIVE,UNCERTAIN
1.339586137379018,rule_dd6027a4909032f8,gemstone_weight has different explicit values,different_value,RULE_CANDIDATE,24,POSITIVE,CATEGORY_SPECIFIC
-0.21250183487064425,rule_de84b01e12ece134,motherboard_chipset has different explicit values,different_value,RULE_CANDIDATE,39,NEGATIVE,CATEGORY_SPECIFIC
-0.27111606264539,rule_de963baa69f0c8e0,sauce_type has different explicit values,different_value,RULE_CANDIDATE,22,UNCERTAIN,UNCERTAIN
0.45472471444646206,rule_dea024912cf8c815,bulbs_included has different explicit values,different_value,RULE_CANDIDATE,20,UNCERTAIN,UNCERTAIN
0.09661840734669412,rule_dec9c70431866dd7,max_current has different explicit values,different_value,RULE_CANDIDATE,16,UNCERTAIN,UNCERTAIN
0.5895583302848395,rule_def497bb13f1dc2d,button_count is explicitly known on only one side,missing_one_side,CONTEXT_ONLY,13,UNCERTAIN,CATEGORY_SPECIFIC
-0.2590645643907667,rule_defd7799db037b05,ink_color has different explicit values,different_value,RULE_CANDIDATE,39,UNCERTAIN,UNCERTAIN
-0.05093142318720172,rule_df017e31cd14d393,package_contents is explicitly known on only one side,missing_one_side,CONTEXT_ONLY,592,UNCERTAIN,CATEGORY_SPECIFIC
0.21807859968205312,rule_df248d977e7fc5fc,max_age has different explicit values,different_value,RULE_CANDIDATE,12,UNCERTAIN,UNCERTAIN
-0.4798557784921519,rule_df6d0d49de157cf7,filter_type has different explicit values,different_value,RULE_CANDIDATE,29,UNCERTAIN,UNCERTAIN
-0.21054744995523236,rule_df8c54543eb1cab7,bean_composition has different explicit values,different_value,RULE_CANDIDATE,16,UNCERTAIN,UNCERTAIN
0.5939710930554025,rule_df9aae0ff9fd0401,paper_type has different explicit values,different_value,RULE_CANDIDATE,29,POSITIVE,CATEGORY_SPECIFIC
-0.49456268758838123,rule_dfb66c3fc2e3f244,spine_width has different explicit values,different_value,RULE_CANDIDATE,23,NEGATIVE,CATEGORY_SPECIFIC
-0.17231079533639043,rule_dfe5c38d85585abb,handle_length is explicitly known on only one side,missing_one_side,CONTEXT_ONLY,16,UNCERTAIN,UNCERTAIN
0.0005082493066686627,rule_e0200457b96cb488,earring_type has different explicit values,different_value,RULE_CANDIDATE,23,UNCERTAIN,UNCERTAIN
-0.01222674037665521,rule_e04647921583e62f,output_power has different explicit values,different_value,RULE_CANDIDATE,10,UNCERTAIN,UNCERTAIN
0.22697731534055215,rule_e050c9727ee7291b,model_variant is explicitly known on only one side,missing_one_side,CONTEXT_ONLY,14,UNCERTAIN,UNCERTAIN
-0.08383380425012289,rule_e06e8e1b390cb851,sport_type is explicitly known on only one side,missing_one_side,CONTEXT_ONLY,81,UNCERTAIN,UNCERTAIN
-1.2329225960618233,rule_e07ac5a17e241f11,manufacturer_part_number has different explicit values,different_value,RULE_CANDIDATE,2744,NEGATIVE,GLOBAL_WITH_EXCEPTIONS
0.18651404725905982,rule_e0a10c9fa3e99477,wheel_diameter is explicitly known on only one side,missing_one_side,CONTEXT_ONLY,16,UNCERTAIN,UNCERTAIN
-0.7367635745874073,rule_e0ac5f32e0551448,pasta_shape has different explicit values,different_value,RULE_CANDIDATE,24,NEGATIVE,CATEGORY_SPECIFIC
-0.2968095609996199,rule_e0ad4fe65bbedd7c,drive_size has different explicit values,different_value,RULE_CANDIDATE,14,UNCERTAIN,CATEGORY_SPECIFIC
-0.2650624741245455,rule_e0e4e4f5136a0776,metal_finish is explicitly known on only one side,missing_one_side,CONTEXT_ONLY,12,UNCERTAIN,UNCERTAIN
-0.30016911967983056,rule_e0eea6010aa8c5b2,print_type is explicitly known on only one side,missing_one_side,CONTEXT_ONLY,53,UNCERTAIN,CATEGORY_SPECIFIC
0.0424833967223331,rule_e10b48d1e4fc26dc,spout_type has different explicit values,different_value,RULE_CANDIDATE,22,UNCERTAIN,UNCERTAIN
-0.339535051657971,rule_e13e42b1669a5626,socket_type is explicitly known on only one side,missing_one_side,CONTEXT_ONLY,50,UNCERTAIN,UNCERTAIN
-0.5040756543187755,rule_e17b1bf153e267d1,model_type has different explicit values,different_value,RULE_CANDIDATE,76,NEGATIVE,CATEGORY_SPECIFIC
-0.25392896629441425,rule_e18f91be16e017ca,keyboard_layout is explicitly known on only one side,missing_one_side,CONTEXT_ONLY,28,UNCERTAIN,UNCERTAIN
-0.2789729779290908,rule_e1a740f345c9b19d,production_method has different explicit values,different_value,RULE_CANDIDATE,12,UNCERTAIN,UNCERTAIN
-0.17740325500270157,rule_e1bcc807e2e2bcfa,body_size is explicitly known on only one side,missing_one_side,CONTEXT_ONLY,12,UNCERTAIN,CATEGORY_SPECIFIC
-0.33118674677232496,rule_e1fdbc0faa17cc65,canvas_size is explicitly known on only one side,missing_one_side,CONTEXT_ONLY,12,UNCERTAIN,UNCERTAIN
0.8057682688522989,rule_e213b171386bb061,shelf_life has conflicting title/attribute sources,conflicting_sources,REVIEW_BEFORE_USE,17,UNCERTAIN,UNCERTAIN
-0.1584470584060946,rule_e24486856da99598,internal_compartments is explicitly known on only one side,missing_one_side,CONTEXT_ONLY,12,UNCERTAIN,UNCERTAIN
-0.127580169905179,rule_e2984288c663d54e,finish has different explicit values,different_value,RULE_CANDIDATE,26,UNCERTAIN,UNCERTAIN
0.11795925443830398,rule_e2bff579c3306580,target_breed is explicitly known on only one side,missing_one_side,CONTEXT_ONLY,11,UNCERTAIN,UNCERTAIN
-0.1765120543981129,rule_e2c20c49ed86d612,base_metal has different explicit values,different_value,RULE_CANDIDATE,16,UNCERTAIN,UNCERTAIN
0.04008899623912578,rule_e32cacffe3fb365d,case_form_factor has different explicit values,different_value,RULE_CANDIDATE,16,UNCERTAIN,UNCERTAIN
-0.04503825594072407,rule_e3326a56e6020d39,reed_count is explicitly known on only one side,missing_one_side,CONTEXT_ONLY,12,UNCERTAIN,UNCERTAIN
-1.5189285018781569,rule_e35082696c4369a5,lash_curl has different explicit values,different_value,RULE_CANDIDATE,59,NEGATIVE,CATEGORY_SPECIFIC
-1.1583056776503735,rule_e371f7f4b943ac6a,ram_capacity has different explicit values,different_value,RULE_CANDIDATE,390,NEGATIVE,CATEGORY_SPECIFIC
0.12221478632216455,rule_e3853bb6776eb888,ring_size has different explicit values,different_value,RULE_CANDIDATE,1552,POSITIVE,GLOBAL
-0.20206000678669178,rule_e394489d09bb2464,lock_type is explicitly known on only one side,missing_one_side,CONTEXT_ONLY,16,UNCERTAIN,UNCERTAIN
-0.620946878673734,rule_e3ae3a440a7726ff,light_color has different explicit values,different_value,RULE_CANDIDATE,26,UNCERTAIN,UNCERTAIN
0.6026903747366504,rule_e3d91d075f9de1cb,game_duration is explicitly known on only one side,missing_one_side,CONTEXT_ONLY,16,UNCERTAIN,CATEGORY_SPECIFIC
-0.2170268589430295,rule_e3db3b487f4d9273,application_type has different explicit values,different_value,RULE_CANDIDATE,11,UNCERTAIN,UNCERTAIN
-0.23093316651926998,rule_e3e7298157aeb560,power_supply_wattage has different explicit values,different_value,RULE_CANDIDATE,29,NEGATIVE,CATEGORY_SPECIFIC
0.2293258236395859,rule_e3f4509b73895f7a,screen_resolution has different explicit values,different_value,RULE_CANDIDATE,81,UNCERTAIN,UNCERTAIN
-0.1897420944082524,rule_e449c7222ead1090,orthopedic is explicitly known on only one side,missing_one_side,CONTEXT_ONLY,71,UNCERTAIN,UNCERTAIN
0.1641785011102229,rule_e45d7bc84ef6c5b1,european_size has different explicit values,different_value,RULE_CANDIDATE,357,POSITIVE,CATEGORY_SPECIFIC
-0.19796988307370672,rule_e46f0e50249c2540,pile_density has different explicit values,different_value,RULE_CANDIDATE,12,UNCERTAIN,CATEGORY_SPECIFIC
-1.705947349661197,rule_e47906aec49b09ca,compatible_model has different explicit values,different_value,RULE_CANDIDATE,333,NEGATIVE,CATEGORY_SPECIFIC
0.07966695796799732,rule_e4afc9d76c42430f,product_volume is explicitly known on only one side,missing_one_side,CONTEXT_ONLY,13,UNCERTAIN,UNCERTAIN
-0.06742074391665764,rule_e4e9a4917f960ac7,gender_target is explicitly known on only one side,missing_one_side,CONTEXT_ONLY,28,UNCERTAIN,UNCERTAIN
0.26748386328027596,rule_e54d32ebd8508c7a,target_audience is explicitly known on only one side,missing_one_side,CONTEXT_ONLY,474,POSITIVE,GLOBAL
-0.6435935026408122,rule_e579457d52006709,craft_type has different explicit values,different_value,RULE_CANDIDATE,23,NEGATIVE,CATEGORY_SPECIFIC
0.6261627876029701,rule_e5c31466f41ebb6f,target_audience has a subset or specificity difference,specificity_difference,RULE_CANDIDATE,15,UNCERTAIN,UNCERTAIN
-0.3234558397744993,rule_e5d5e5a756f8bb42,socket_type has different explicit values,different_value,RULE_CANDIDATE,67,UNCERTAIN,UNCERTAIN
-0.49949855014121086,rule_e5e3845bd0d6529c,thread_diameter has different explicit values,different_value,RULE_CANDIDATE,22,NEGATIVE,CATEGORY_SPECIFIC
0.6673623320070227,rule_e5f3774d727b4a6a,assembly_status is explicitly known on only one side,missing_one_side,CONTEXT_ONLY,89,POSITIVE,CATEGORY_SPECIFIC
-0.729353905057855,rule_e5fc8f60b235bdb4,zipper_length has different explicit values,different_value,RULE_CANDIDATE,15,UNCERTAIN,CATEGORY_SPECIFIC
-1.330177783173193,rule_e6089842c9cca12b,scent has different explicit values,different_value,RULE_CANDIDATE,548,NEGATIVE,GLOBAL
-0.08038211439843423,rule_e629333679567488,case_material has different explicit values,different_value,RULE_CANDIDATE,131,NEGATIVE,CATEGORY_SPECIFIC
-0.39552857302775696,rule_e6412cbc0453f12a,total_length has different explicit values,different_value,RULE_CANDIDATE,38,NEGATIVE,UNCERTAIN
-0.6021488634226824,rule_e673b26d29b68160,heating_area has different explicit values,different_value,RULE_CANDIDATE,14,UNCERTAIN,CATEGORY_SPECIFIC
-0.13148326080702963,rule_e69f83ada5bacddc,special_features has different explicit values,different_value,RULE_CANDIDATE,39,UNCERTAIN,UNCERTAIN
-0.7286323623122765,rule_e6ac6d7a1d2c303a,wrench_size has different explicit values,different_value,RULE_CANDIDATE,21,NEGATIVE,CATEGORY_SPECIFIC
-0.586755776604122,rule_e6b52222fadfad8e,frame_type is explicitly known on only one side,missing_one_side,CONTEXT_ONLY,41,NEGATIVE,CATEGORY_SPECIFIC
-0.10426745680994004,rule_e6b9d93124d9f759,package_length is explicitly known on only one side,missing_one_side,CONTEXT_ONLY,26,UNCERTAIN,UNCERTAIN
-0.5953533677969644,rule_e7334549e9b945f9,gemstone_composition has different explicit values,different_value,RULE_CANDIDATE,83,UNCERTAIN,UNCERTAIN
0.27997252960874636,rule_e734b9690680956f,target_area is explicitly known on only one side,missing_one_side,CONTEXT_ONLY,14,UNCERTAIN,UNCERTAIN
0.44495875584505357,rule_e740d0f7c349f7d6,seat_width has different explicit values,different_value,RULE_CANDIDATE,49,UNCERTAIN,UNCERTAIN
0.08098286043776239,rule_e7742e3d03acb159,drying_time has different explicit values,different_value,RULE_CANDIDATE,10,UNCERTAIN,UNCERTAIN
0.0949760253222695,rule_e79f86f94b5af516,leash_type has different explicit values,different_value,RULE_CANDIDATE,13,UNCERTAIN,UNCERTAIN
0.04115900162723288,rule_e7a88e6d5a5634e7,seating_capacity has different explicit values,different_value,RULE_CANDIDATE,12,UNCERTAIN,UNCERTAIN
-0.3510250706263164,rule_e803bfbced24595e,upper_material is explicitly known on only one side,missing_one_side,CONTEXT_ONLY,133,UNCERTAIN,UNCERTAIN
-0.7071702138592755,rule_e8214d7f52da6c81,board_size has different explicit values,different_value,RULE_CANDIDATE,11,UNCERTAIN,CATEGORY_SPECIFIC
-0.6851782072700113,rule_e82461c328cdaa46,tape_length has different explicit values,different_value,RULE_CANDIDATE,15,UNCERTAIN,UNCERTAIN
0.018647426142992876,rule_e82a7ab57b41f182,neck_attachment is explicitly known on only one side,missing_one_side,CONTEXT_ONLY,12,UNCERTAIN,UNCERTAIN
-0.1342219625255843,rule_e84c2003f56ffaa4,back_side_material is explicitly known on only one side,missing_one_side,CONTEXT_ONLY,21,NEGATIVE,CATEGORY_SPECIFIC
-1.302184123541109,rule_e9386a206fb4c758,total_weight has different explicit values,different_value,RULE_CANDIDATE,310,NEGATIVE,GLOBAL
0.6418590370909664,rule_e951cde8f8deefde,player_count is explicitly known on only one side,missing_one_side,CONTEXT_ONLY,63,POSITIVE,CATEGORY_SPECIFIC
0.10093584898453142,rule_e9d5b1d4c2928991,top_wood_material is explicitly known on only one side,missing_one_side,CONTEXT_ONLY,12,UNCERTAIN,UNCERTAIN
0.11477544618560405,rule_e9ff41bff3fe7bce,cabinet_finish has different explicit values,different_value,RULE_CANDIDATE,24,UNCERTAIN,UNCERTAIN
-0.6279653477119082,rule_ea2a5eb796499587,model_compatibility has different explicit values,different_value,RULE_CANDIDATE,66,UNCERTAIN,UNCERTAIN
-0.12770613501069839,rule_ea373d519b5d7142,compatible_models has a subset or specificity difference,specificity_difference,RULE_CANDIDATE,27,UNCERTAIN,UNCERTAIN
-0.3335003301719384,rule_ea580329d05be311,car_model_compatibility has different explicit values,different_value,RULE_CANDIDATE,56,UNCERTAIN,UNCERTAIN
0.39370834847510844,rule_eb223bf4d25407b4,target_fabric is explicitly known on only one side,missing_one_side,CONTEXT_ONLY,32,UNCERTAIN,UNCERTAIN
-0.09811235342863893,rule_eb45005abc9242f8,packaging_material has different explicit values,different_value,RULE_CANDIDATE,14,UNCERTAIN,UNCERTAIN
0.16036916858243805,rule_eb827040176bcaf3,installation_location is explicitly known on only one side,missing_one_side,CONTEXT_ONLY,19,UNCERTAIN,UNCERTAIN
0.5471729274511163,rule_eb8789173f624ce9,max_storage_temperature has different explicit values,different_value,RULE_CANDIDATE,47,POSITIVE,CATEGORY_SPECIFIC
-0.19638665740170486,rule_ebb523cc117b5219,pocket_count is explicitly known on only one side,missing_one_side,CONTEXT_ONLY,19,UNCERTAIN,UNCERTAIN
-0.20928731195900666,rule_ebce304ffd08c1e2,outer_diameter is explicitly known on only one side,missing_one_side,CONTEXT_ONLY,23,UNCERTAIN,UNCERTAIN
-0.5108967659955376,rule_ecc190f189db5b4b,shelf_count has different explicit values,different_value,RULE_CANDIDATE,146,NEGATIVE,CATEGORY_SPECIFIC
0.19037692437184867,rule_ecc4cfa545cd0dce,sku is explicitly known on only one side,missing_one_side,CONTEXT_ONLY,4016,POSITIVE,GLOBAL_WITH_EXCEPTIONS
-0.3208548143258927,rule_ece00deb73d43d55,pickup_presence is explicitly known on only one side,missing_one_side,CONTEXT_ONLY,14,UNCERTAIN,CATEGORY_SPECIFIC
-1.1528641970616773,rule_ecedb87a894f9151,hook_size has different explicit values,different_value,RULE_CANDIDATE,72,NEGATIVE,CATEGORY_SPECIFIC
-0.365923797433557,rule_ecff9b1d108c3322,toilet_model has different explicit values,different_value,RULE_CANDIDATE,11,UNCERTAIN,UNCERTAIN
0.10045284593809532,rule_ed0240d04c2d78f2,finish_type is explicitly known on only one side,missing_one_side,CONTEXT_ONLY,122,UNCERTAIN,UNCERTAIN
-0.02024986789732782,rule_ed4913badee295dc,spring_type has different explicit values,different_value,RULE_CANDIDATE,14,UNCERTAIN,UNCERTAIN
0.039084484184890085,rule_edd09734bc559e23,scent_notes has different explicit values,different_value,RULE_CANDIDATE,15,UNCERTAIN,UNCERTAIN
0.2986600531737056,rule_edeac34086503b23,model_number has a subset or specificity difference,specificity_difference,RULE_CANDIDATE,11,UNCERTAIN,UNCERTAIN
-0.24301512187172325,rule_ee04e3d59e0d7494,color is explicitly known on only one side,missing_one_side,CONTEXT_ONLY,5736,POSITIVE,GLOBAL
0.02277155205713793,rule_ee18477f1eb32fad,functions has different explicit values,different_value,RULE_CANDIDATE,13,UNCERTAIN,UNCERTAIN
-0.18597257202614734,rule_ee53a796cdd2417f,gemstone_inclusion has different explicit values,different_value,RULE_CANDIDATE,14,UNCERTAIN,UNCERTAIN
-0.5100208552790758,rule_eea162033aa62967,output_voltage has different explicit values,different_value,RULE_CANDIDATE,33,UNCERTAIN,UNCERTAIN
-0.051042389255269535,rule_eee8eb8e541cb603,texture is explicitly known on only one side,missing_one_side,CONTEXT_ONLY,43,UNCERTAIN,UNCERTAIN
-1.6140419100002665,rule_ef045536d4e538fb,shade_number has different explicit values,different_value,RULE_CANDIDATE,58,NEGATIVE,CATEGORY_SPECIFIC
-0.17969708626900915,rule_ef35ee88af70d20c,fragrance_group has different explicit values,different_value,RULE_CANDIDATE,11,UNCERTAIN,UNCERTAIN
-0.3229591714971412,rule_ef96dae3c95cfb22,storage_box has different explicit values,different_value,RULE_CANDIDATE,24,NEGATIVE,CATEGORY_SPECIFIC
-0.21559673493089393,rule_ef9d9955edb3e30e,orientation is explicitly known on only one side,missing_one_side,CONTEXT_ONLY,70,UNCERTAIN,UNCERTAIN
0.010269091137539725,rule_efed9bd765f773d9,washing_type has different explicit values,different_value,RULE_CANDIDATE,10,UNCERTAIN,UNCERTAIN
0.300481254432893,rule_f00c9c6f761f6655,target_vehicle_brand has different explicit values,different_value,RULE_CANDIDATE,10,UNCERTAIN,UNCERTAIN
-0.6363242792445949,rule_f01b5f2224a20682,engraved_name has different explicit values,different_value,RULE_CANDIDATE,12,UNCERTAIN,UNCERTAIN
0.012459064457295521,rule_f082cb9c12701dd0,shade_name is explicitly known on only one side,missing_one_side,CONTEXT_ONLY,15,UNCERTAIN,UNCERTAIN
-0.08924855063428455,rule_f084d31ef5457352,canopy_diameter has different explicit values,different_value,RULE_CANDIDATE,17,UNCERTAIN,UNCERTAIN
-0.1310933985004137,rule_f08805680be5a0c4,cover_type has different explicit values,different_value,RULE_CANDIDATE,21,UNCERTAIN,UNCERTAIN
0.3677201410553137,rule_f090406f7910d5d5,chest_circumference is explicitly known on only one side,missing_one_side,CONTEXT_ONLY,12,UNCERTAIN,UNCERTAIN
0.20220894072605855,rule_f0a418f7b3a3acdd,mounting_type has different explicit values,different_value,RULE_CANDIDATE,166,UNCERTAIN,CATEGORY_SPECIFIC
-0.11636099255887289,rule_f0d01b4261585cf1,page_yield is explicitly known on only one side,missing_one_side,CONTEXT_ONLY,64,UNCERTAIN,UNCERTAIN
-0.4645812574784565,rule_f0fc662b39fcd86e,inner_diameter has different explicit values,different_value,RULE_CANDIDATE,23,NEGATIVE,CATEGORY_SPECIFIC
-0.5845885123959154,rule_f0fdc0541d669246,pattern_type has different explicit values,different_value,RULE_CANDIDATE,44,NEGATIVE,CATEGORY_SPECIFIC
-0.009714125801566355,rule_f104de69803cb124,countertop_material has different explicit values,different_value,RULE_CANDIDATE,17,UNCERTAIN,UNCERTAIN
-1.402012273732121,rule_f11355f5aed07cbc,heel_height has different explicit values,different_value,RULE_CANDIDATE,495,NEGATIVE,CATEGORY_SPECIFIC
-0.6433566989821101,rule_f1171894b0434a6f,top_material has different explicit values,different_value,RULE_CANDIDATE,78,NEGATIVE,CATEGORY_SPECIFIC
-0.6227471174415319,rule_f1234858703f212d,print_name is explicitly known on only one side,missing_one_side,CONTEXT_ONLY,22,NEGATIVE,CATEGORY_SPECIFIC
-0.2693922718894919,rule_f1283aa216700fdb,production_years has different explicit values,different_value,RULE_CANDIDATE,22,UNCERTAIN,UNCERTAIN
-1.0256300453965275,rule_f14d19617e2b7dd1,page_yield has different explicit values,different_value,RULE_CANDIDATE,113,NEGATIVE,CATEGORY_SPECIFIC
-0.1518605529644675,rule_f1573722c30aff00,string_gauge is explicitly known on only one side,missing_one_side,CONTEXT_ONLY,160,UNCERTAIN,UNCERTAIN
0.05074985976203339,rule_f1b849a1c8fcf6da,external_pockets_count is explicitly known on only one side,missing_one_side,CONTEXT_ONLY,17,UNCERTAIN,UNCERTAIN
0.010848913781270035,rule_f20ae8cff536824e,dispenser_type is explicitly known on only one side,missing_one_side,CONTEXT_ONLY,16,UNCERTAIN,UNCERTAIN
-0.05761059829819749,rule_f2975e8976b74252,ingredients has different explicit values,different_value,RULE_CANDIDATE,212,UNCERTAIN,HETEROGENEOUS
-0.25203276719722917,rule_f2dd5d4eb57025ab,target_breed has different explicit values,different_value,RULE_CANDIDATE,40,UNCERTAIN,UNCERTAIN
0.49666896343811834,rule_f3039332c4262321,storage_temperature has different explicit values,different_value,RULE_CANDIDATE,157,POSITIVE,CATEGORY_SPECIFIC
-0.2730189970343,rule_f303d938e7427e3d,memory_type has different explicit values,different_value,RULE_CANDIDATE,12,UNCERTAIN,UNCERTAIN
-0.32099167694611436,rule_f3461275a70faa91,metal_coating is explicitly known on only one side,missing_one_side,CONTEXT_ONLY,26,UNCERTAIN,UNCERTAIN
-0.2399024927511523,rule_f3868559c5ce164e,sound_effects is explicitly known on only one side,missing_one_side,CONTEXT_ONLY,17,UNCERTAIN,UNCERTAIN
-1.8566966850485513,rule_f3a0a3942325774a,package_quantity has different explicit values,different_value,RULE_CANDIDATE,4998,NEGATIVE,GLOBAL_WITH_EXCEPTIONS
-0.2314872202670247,rule_f3ae5faedb4e5f09,shaft_height is explicitly known on only one side,missing_one_side,CONTEXT_ONLY,143,NEGATIVE,CATEGORY_SPECIFIC
0.055324145387931664,rule_f3be9823980cfd5f,target_fabric has different explicit values,different_value,RULE_CANDIDATE,52,UNCERTAIN,UNCERTAIN
-0.23504281535545035,rule_f3cca8fbb8aa4df4,bulb_shape has different explicit values,different_value,RULE_CANDIDATE,14,UNCERTAIN,UNCERTAIN
0.012729749439885103,rule_f3dd99801725d05a,chocolate_type is explicitly known on only one side,missing_one_side,CONTEXT_ONLY,13,UNCERTAIN,UNCERTAIN
0.08453082697363341,rule_f3eb0c81ef0d4baf,special_effect has different explicit values,different_value,RULE_CANDIDATE,31,UNCERTAIN,UNCERTAIN
-0.5852478197528811,rule_f42b895fbd0ebd49,decorative_elements is explicitly known on only one side,missing_one_side,CONTEXT_ONLY,19,UNCERTAIN,UNCERTAIN
-0.8468742505796021,rule_f470d60a4a5c6f83,package_length has different explicit values,different_value,RULE_CANDIDATE,24,NEGATIVE,CATEGORY_SPECIFIC
-0.10242902843607109,rule_f5018097b983aa26,leash_width has different explicit values,different_value,RULE_CANDIDATE,12,UNCERTAIN,UNCERTAIN
0.2905892880369107,rule_f50d95f54f577d10,has_armrests has different explicit values,different_value,RULE_CANDIDATE,48,UNCERTAIN,UNCERTAIN
-0.760568930319837,rule_f53bb79d59252242,load_index has different explicit values,different_value,RULE_CANDIDATE,177,NEGATIVE,CATEGORY_SPECIFIC
-0.276954250411016,rule_f54bd77d15e3e7e3,weave_type has different explicit values,different_value,RULE_CANDIDATE,54,UNCERTAIN,UNCERTAIN
0.05118007648325226,rule_f55f3d6ed68ad6b2,lamp_type_compatibility has different explicit values,different_value,RULE_CANDIDATE,10,UNCERTAIN,UNCERTAIN
0.3835213991807579,rule_f5692074417ca0f8,warranty has different explicit values,different_value,RULE_CANDIDATE,11,UNCERTAIN,UNCERTAIN
-0.45765768404349944,rule_f56fb75e2b08cce8,bottom_diameter has different explicit values,different_value,RULE_CANDIDATE,21,NEGATIVE,CATEGORY_SPECIFIC
0.3072276743610557,rule_f587ccc9d90100ce,impedance has different explicit values,different_value,RULE_CANDIDATE,10,UNCERTAIN,UNCERTAIN
-0.48124036902363077,rule_f5be52162f94c32d,wheel_type has different explicit values,different_value,RULE_CANDIDATE,14,UNCERTAIN,CATEGORY_SPECIFIC
-0.02286456203483091,rule_f5f1a78ef15e4e36,temple_flex is explicitly known on only one side,missing_one_side,CONTEXT_ONLY,11,UNCERTAIN,UNCERTAIN
-0.41062193602729147,rule_f63813c5acadbc61,weave_pattern has different explicit values,different_value,RULE_CANDIDATE,39,NEGATIVE,CATEGORY_SPECIFIC
-0.6158625911497065,rule_f63c58ab0b7fda1d,product_type has different explicit values,different_value,RULE_CANDIDATE,4011,NEGATIVE,GLOBAL_WITH_EXCEPTIONS
-0.060699090944121875,rule_f671d2e1fe5e6538,neck_joint has different explicit values,different_value,RULE_CANDIDATE,12,UNCERTAIN,UNCERTAIN
0.4422467416867238,rule_f67619ecfd43ef1f,storage_temp_max has different explicit values,different_value,RULE_CANDIDATE,18,UNCERTAIN,CATEGORY_SPECIFIC
-0.3466995283698585,rule_f6e9a265e33d8ac5,product_form has different explicit values,different_value,RULE_CANDIDATE,425,NEGATIVE,GLOBAL
-1.1832926337954979,rule_f6fe500617600790,lash_thickness has different explicit values,different_value,RULE_CANDIDATE,51,NEGATIVE,CATEGORY_SPECIFIC
0.24441131355428106,rule_f740106f72a82ed8,duvet_cover_count has different explicit values,different_value,RULE_CANDIDATE,10,UNCERTAIN,UNCERTAIN
0.08122585851163282,rule_f746c7fcd4ba68cc,tea_form has different explicit values,different_value,RULE_CANDIDATE,42,UNCERTAIN,CATEGORY_SPECIFIC
-0.07905986945664559,rule_f7668b6630386aab,diameter_mm is explicitly known on only one side,missing_one_side,CONTEXT_ONLY,11,UNCERTAIN,UNCERTAIN
0.3017713522951883,rule_f7c08f98dcbde8cf,neck_attachment has different explicit values,different_value,RULE_CANDIDATE,17,UNCERTAIN,UNCERTAIN
0.048137478083332144,rule_f88e3a35edc03d5d,height_mm is explicitly known on only one side,missing_one_side,CONTEXT_ONLY,14,UNCERTAIN,UNCERTAIN
-0.44224698361709075,rule_f8ae231554692177,center_bore has different explicit values,different_value,RULE_CANDIDATE,19,UNCERTAIN,CATEGORY_SPECIFIC
0.08195336125756823,rule_f8e0563d19d757cc,front_camera_resolution has different explicit values,different_value,RULE_CANDIDATE,15,UNCERTAIN,UNCERTAIN
0.7113667124784063,rule_f8e2fa56750d134b,figure_count is explicitly known on only one side,missing_one_side,CONTEXT_ONLY,27,POSITIVE,CATEGORY_SPECIFIC
-0.26966005816423977,rule_f8fd0a6fb771d0c6,cymbal_type has different explicit values,different_value,RULE_CANDIDATE,11,UNCERTAIN,CATEGORY_SPECIFIC
0.10609391082659894,rule_f94782b61ce27b53,compatible_device_brand has different explicit values,different_value,RULE_CANDIDATE,12,UNCERTAIN,UNCERTAIN
-0.31493925891148167,rule_f94e33885f05150b,weave_type is explicitly known on only one side,missing_one_side,CONTEXT_ONLY,27,UNCERTAIN,UNCERTAIN
-0.4882979951940381,rule_f9673ff2a111338b,spice_type has different explicit values,different_value,RULE_CANDIDATE,10,UNCERTAIN,CATEGORY_SPECIFIC
-0.1628050929508914,rule_f967a869aa1d2703,car_make has different explicit values,different_value,RULE_CANDIDATE,35,UNCERTAIN,UNCERTAIN
-0.7910851725941935,rule_f97896490038a76a,leg_color has different explicit values,different_value,RULE_CANDIDATE,26,NEGATIVE,CATEGORY_SPECIFIC
0.06693669553386272,rule_f9be40e51e1fd273,supply_voltage has different explicit values,different_value,RULE_CANDIDATE,10,UNCERTAIN,UNCERTAIN
-0.4167709048099105,rule_f9c60ea6a039c732,conductor_cross_section has different explicit values,different_value,RULE_CANDIDATE,26,NEGATIVE,CATEGORY_SPECIFIC
-0.38758589975518604,rule_f9fbb7f26a5e8266,gemstone_presence is explicitly known on only one side,missing_one_side,CONTEXT_ONLY,23,UNCERTAIN,UNCERTAIN
0.1741723157260871,rule_fa0a8d936305677d,product_type has conflicting title/attribute sources,conflicting_sources,REVIEW_BEFORE_USE,194,POSITIVE,HETEROGENEOUS
-0.2634123269426886,rule_fa3b0ca77d6731e6,sim_configuration has different explicit values,different_value,RULE_CANDIDATE,10,UNCERTAIN,UNCERTAIN
-0.07849278800945939,rule_fa64b7b06fcdbafb,chain_length is explicitly known on only one side,missing_one_side,CONTEXT_ONLY,71,UNCERTAIN,CATEGORY_SPECIFIC
-0.025921528416346984,rule_fa6514ba58575119,stone_type has different explicit values,different_value,RULE_CANDIDATE,39,UNCERTAIN,UNCERTAIN
-1.125217084861582,rule_fa80b37a3b847ffc,overall_width has different explicit values,different_value,RULE_CANDIDATE,276,NEGATIVE,CATEGORY_SPECIFIC
-0.3125404330030835,rule_fa95e5512603ac9f,size_mm has different explicit values,different_value,RULE_CANDIDATE,12,UNCERTAIN,UNCERTAIN
0.4596514269279546,rule_fa9667a92c040277,us_size has different explicit values,different_value,RULE_CANDIDATE,10,UNCERTAIN,CATEGORY_SPECIFIC
0.31593489445021683,rule_fa987989d40c8740,min_age is explicitly known on only one side,missing_one_side,CONTEXT_ONLY,762,POSITIVE,GLOBAL
-0.8746539277375899,rule_faacac41a797f98b,product_code has different explicit values,different_value,RULE_CANDIDATE,18,UNCERTAIN,UNCERTAIN
-0.01669231021762289,rule_faafa3c871129ea4,installation_location has different explicit values,different_value,RULE_CANDIDATE,12,UNCERTAIN,UNCERTAIN
-0.15345923956517402,rule_facfa2b9ffc59159,plant_height is explicitly known on only one side,missing_one_side,CONTEXT_ONLY,23,UNCERTAIN,UNCERTAIN
-0.26358044794667795,rule_fb5b5b68fb8f3e77,weight_grams has different explicit values,different_value,RULE_CANDIDATE,30,UNCERTAIN,UNCERTAIN
0.09447245388757823,rule_fb63223b5a68aba7,wash_cycles_count is explicitly known on only one side,missing_one_side,CONTEXT_ONLY,10,UNCERTAIN,UNCERTAIN
0.004624833285926983,rule_fb64bd635d0001a9,material_grade has different explicit values,different_value,RULE_CANDIDATE,17,UNCERTAIN,UNCERTAIN
-0.41712986779337763,rule_fbdba90fc1298db9,sport_type has different explicit values,different_value,RULE_CANDIDATE,54,UNCERTAIN,UNCERTAIN
-0.11304214475029466,rule_fbdbc5edce184210,design_feature is explicitly known on only one side,missing_one_side,CONTEXT_ONLY,33,UNCERTAIN,UNCERTAIN
-1.1892307928773282,rule_fc075d4bde61dec2,width_mm has different explicit values,different_value,RULE_CANDIDATE,125,NEGATIVE,GLOBAL
-0.3590927012988083,rule_fc0a0682b43cca04,vehicle_generation has different explicit values,different_value,RULE_CANDIDATE,11,UNCERTAIN,UNCERTAIN
0.15482964897321616,rule_fc1ecda0817cac44,sensor_type has different explicit values,different_value,RULE_CANDIDATE,14,UNCERTAIN,UNCERTAIN
-0.33356866313332345,rule_fc3500133adf5518,packaging is explicitly known on only one side,missing_one_side,CONTEXT_ONLY,18,UNCERTAIN,UNCERTAIN
-1.1768364447312352,rule_fc7a7788e034ade8,target_species has different explicit values,different_value,RULE_CANDIDATE,88,NEGATIVE,CATEGORY_SPECIFIC
0.28524812639272307,rule_fcda38afd050d02a,seat_shape is explicitly known on only one side,missing_one_side,CONTEXT_ONLY,12,UNCERTAIN,UNCERTAIN
0.2548344799619858,rule_fcdbd84121dc0fbe,dishwasher_safe is explicitly known on only one side,missing_one_side,CONTEXT_ONLY,23,UNCERTAIN,CATEGORY_SPECIFIC
-0.14945902944588302,rule_fcf554ce89d164d6,life_stage has different explicit values,different_value,RULE_CANDIDATE,10,UNCERTAIN,UNCERTAIN
0.09164297676575898,rule_fd2a53652d5f9334,model_features is explicitly known on only one side,missing_one_side,CONTEXT_ONLY,20,UNCERTAIN,UNCERTAIN
-0.6686645288213018,rule_fd4e27b07dcb0f34,engraving is explicitly known on only one side,missing_one_side,CONTEXT_ONLY,13,UNCERTAIN,UNCERTAIN
0.1557004413981345,rule_fd753e06b43144f0,diamond_clarity_color has different explicit values,different_value,RULE_CANDIDATE,10,UNCERTAIN,UNCERTAIN
0.05457040251945829,rule_fd7f852cc3306889,cover_color is explicitly known on only one side,missing_one_side,CONTEXT_ONLY,10,UNCERTAIN,UNCERTAIN
0.1666646020099235,rule_fdac3682e68c53ae,isbn is explicitly known on only one side,missing_one_side,CONTEXT_ONLY,25,UNCERTAIN,CATEGORY_SPECIFIC
-2.348330325402024,rule_fdcb40de9809d8cb,color_code has different explicit values,different_value,RULE_CANDIDATE,628,NEGATIVE,GLOBAL
0.07537122740204483,rule_fdd7ae76daee21ca,facade_finish has different explicit values,different_value,RULE_CANDIDATE,11,UNCERTAIN,UNCERTAIN
0.1485703981251759,rule_fdd849d15c6ff4fc,formulation_type has different explicit values,different_value,RULE_CANDIDATE,15,UNCERTAIN,UNCERTAIN
0.06242309966150267,rule_fe2e6d0dca5674e2,lens_material is explicitly known on only one side,missing_one_side,CONTEXT_ONLY,48,UNCERTAIN,CATEGORY_SPECIFIC
-0.25931944947110697,rule_fe4f49329e615f56,rated_current is explicitly known on only one side,missing_one_side,CONTEXT_ONLY,10,UNCERTAIN,UNCERTAIN
-0.5004516163938398,rule_fe62844c440685f2,target_age_group has different explicit values,different_value,RULE_CANDIDATE,38,NEGATIVE,UNCERTAIN
-0.6794803577160335,rule_fe6dbc2e7ff9d634,design_variant has different explicit values,different_value,RULE_CANDIDATE,12,UNCERTAIN,UNCERTAIN
0.7792185178271679,rule_fe8ddaa3df7e18ed,mattress_type is explicitly known on only one side,missing_one_side,CONTEXT_ONLY,23,POSITIVE,CATEGORY_SPECIFIC
-0.31274246270493433,rule_fea29ed8011d5f1a,lens_category has different explicit values,different_value,RULE_CANDIDATE,18,UNCERTAIN,CATEGORY_SPECIFIC
0.10058843293401135,rule_fee5ae792b3090bd,wash_loads_count is explicitly known on only one side,missing_one_side,CONTEXT_ONLY,13,UNCERTAIN,UNCERTAIN
-0.3949983379275583,rule_ff33edfd2c52b6fb,body_color is explicitly known on only one side,missing_one_side,CONTEXT_ONLY,21,UNCERTAIN,UNCERTAIN
-0.29970294216165116,rule_ff44aa7b616ea56a,ring_style is explicitly known on only one side,missing_one_side,CONTEXT_ONLY,26,UNCERTAIN,UNCERTAIN
-0.2676630290092928,rule_ff525e1bad2b8e04,dial_color has different explicit values,different_value,RULE_CANDIDATE,53,UNCERTAIN,UNCERTAIN
-0.40467486830102156,rule_ff5e31281beb6f55,tabletop_length has different explicit values,different_value,RULE_CANDIDATE,12,UNCERTAIN,UNCERTAIN
-1.1886771041821325,rule_ff6205e30790e54c,color_code is explicitly known on only one side,missing_one_side,CONTEXT_ONLY,94,NEGATIVE,CATEGORY_SPECIFIC
0.5849211734332902,rule_ff873f04da34bd78,ring_width is explicitly known on only one side,missing_one_side,CONTEXT_ONLY,24,POSITIVE,CATEGORY_SPECIFIC
-0.40633057625720137,rule_ffa65a656e27f739,author is explicitly known on only one side,missing_one_side,CONTEXT_ONLY,17,UNCERTAIN,UNCERTAIN
0.7599407957523437,rule_ffba044c8663f914,channel_count is explicitly known on only one side,missing_one_side,CONTEXT_ONLY,21,POSITIVE,CATEGORY_SPECIFIC
-0.5731338221484531,rule_ffbf6902d5cf3068,pin_diameter is explicitly known on only one side,missing_one_side,CONTEXT_ONLY,22,UNCERTAIN,UNCERTAIN
-0.35889809559403923,rule_ffca1c80d89f3934,lining_material has different explicit values,different_value,RULE_CANDIDATE,847,NEGATIVE,CATEGORY_SPECIFIC
