pattern,category,analogy_score,lexical_analogy,structure_analogy,target1_id1,target1_id2,target1_target,target1_title1,target1_title2,target1_attributes1,target1_attributes2,target1_numbers1,target1_numbers2,target1_codes1,target1_codes2,target1_shared_title_tokens,target1_s2_score,target1_catboost_score,target1_title_token_jaccard,target1_numeric_context_conflict_count,target1_unit_conflict_count,target1_code_conflict,target1_model_conflict,target1_memory_conflict,target1_color_conflict,target1_sku_human_asymmetry,target1_token_budget_hit,target0_id1,target0_id2,target0_target,target0_title1,target0_title2,target0_attributes1,target0_attributes2,target0_numbers1,target0_numbers2,target0_codes1,target0_codes2,target0_shared_title_tokens,target0_s2_score,target0_catboost_score,target0_title_token_jaccard,target0_numeric_context_conflict_count,target0_unit_conflict_count,target0_code_conflict,target0_model_conflict,target0_memory_conflict,target0_color_conflict,target0_sku_human_asymmetry,target0_token_budget_hit,manual_policy_verdict,manual_comment
code_conflict,Электроника,0.9810419252546803,1.0000000000000002,0.92416770101872,377957240319,283467891972,1.0,для acer a315-42-r9rd aspire зарядное устройство блок питания ноутбука (зарядка адаптер + кабель\шнур),для acer a315-21-68x1 aspire зарядное устройство блок питания ноутбука (зарядка адаптер + кабель/шнур),назначение: блок питания; совместимость: acer; выходное напряжение: 19 в; наличие сетевого кабеля: в комплекте; гарантийный срок: 12 мес.,бренд: acer; цвет товара: черный; партномер: 59189; комплектация: полный комплект с кабелем; тип: блок питания для ноутбука; гарантийный срок: 12 мес,12 | 19 | 42,12 | 21 | 59189,a31542r9rd,a3152168x1,a315 | acer | aspire | адаптер | блок | для | зарядка | зарядное | кабель | ноутбука | питания | устройство | шнур,0.021488719,0.027043298,0.7647058823529411,0,0,1.0,0.0,0.0,0.0,0.0,False,661425025392,171798845530,0.0,для acer a315-42g-r61r aspire зарядное устройство блок питания ноутбука (зарядка адаптер + кабель\шнур),для acer a315-42g-r9xv aspire зарядное устройство блок питания ноутбука (зарядка адаптер + кабель/шнур),назначение: блок питания; совместимость: acer; выходное напряжение: 19 в; наличие сетевого кабеля: в комплекте; гарантийный срок: 12 мес.,бренд: acer; цвет товара: черный; партномер: 59360; комплектация: полный комплект с кабелем; тип: блок питания для ноутбука; гарантийный срок: 12 мес,12 | 19,12 | 59360,a31542gr61r,a31542gr9xv,42g | a315 | acer | aspire | адаптер | блок | для | зарядка | зарядное | кабель | ноутбука | питания | устройство | шнур,0.024066737,0.033212032,0.875,0,0,1.0,0.0,0.0,0.0,0.0,False,,
code_conflict,Музыкальные инструменты,0.9585058931975239,1.0000000000000002,0.8340235727900944,566935794596,154618865586,1.0,акустическая гитара greg bennett gd100s,greg bennett gd100rs/n акустическая гитара,"бренд: greg bennett; страна-изготовитель: индонезия; партномер: 1; комплектация: гитара 1 шт; количество струн: 6; тип: акустическая гитара; гарантийный срок: 12 месяцев; вес товара, г: 4000","тип: акустическая гитара; тип корпуса: drednought; тип грифа: вклеенный; размер: 4/4; ориентация: правосторонняя; наличие звукоснимателя: без звукоснимателя; количество ладов: 20; мензура: 648 mm; колки: закрытые; количество струн: 6; тип обмотки струн: круглая; материал корпуса: ель, палисандр; отделка: матовая; материал грифа: красное дерево; материал накладки на гриф: палисандр; материал нижней деки и обечайки: палисандр; материал верхней деки: ель; цвет: бежевый",1 | 12 | 4000 | 6,20 | 4 | 6 | 648,gd100s,gd100rs,bennett | greg | акустическая | гитара,0.018644555,0.022791648,0.5714285714285714,0,0,1.0,0.0,0.0,0.0,0.0,False,343597412393,798864002048,0.0,акустическая гитара greg bennett gj100s/n,акустическая гитара greg bennett gd100s,тип: акустическая гитара; тип корпуса: jumbo; количество ладов: 20; мензура: 255 mm; количество струн: 6; цвет: бежевый,"материал корпуса/верхней деки: ель; материал нижней деки: палисандр; бренд: greg bennett guitars; цвет товара: бежевый; название цвета: natural; страна-изготовитель: сша; материал накладки грифа: палисандр; ширина грифа, мм: 43; количество ладов, шт.: 20; форма гитары: дредноут; мензура, мм: 650; партномер: gd100s; комплектация: акустическая гитара - 1 шт, документация - 1 шт; материал обечайки: палисандр; наличие звукоснимателя: false; материал струн: металл; количество струн: 6; тип: акустическая гитара; гарантийный срок: 12 мес; вес товара, г: 3000",20 | 255 | 6,1 | 12 | 20 | 3000 | 43 | 6 | 650,gj100s,gd100s,bennett | greg | акустическая | гитара,0.0464614,0.031114815,0.5714285714285714,0,0,1.0,0.0,0.0,0.0,0.0,False,,
code_conflict,Музыкальные инструменты,0.9311761225538715,0.9674644071497462,0.8223112687662475,644245146877,68719538253,1.0,"электро-акустическая гитара с чехлом cort gold-oc6-nat gold series с вырезом, цвет натуральный, ","gold-oc6-wcase-nat электро-акустическая гитара, с вырезом, цвет натуральный, с чехлом, cort","материал корпуса/верхней деки: ель; материал нижней деки: красное дерево; бренд: cort; цвет товара: светло-коричневый; название цвета: натуральный; материал накладки грифа: черное дерево; ширина грифа, мм: 42; количество ладов, шт.: 20; мензура, мм: 643; партномер: pc110; материал грифа: красное дерево; крепление грифа: вклеенный; комплектация: гитара, чехол; материал обечайки: красное дерево; наличие звукоснимателя: false; материал струн: бронза; количество струн: 6; тип: электроакустическая гитара; гарантийный срок: 12 месяцев; вес товара, г: 3900","тип: электроакустическая гитара; тип корпуса: orchestra model; размер: 4/4; с вырезом: да; количество ладов: 20; мензура: 643 mm; количество струн: 6; материал корпуса: ель, пау ферро; материал грифа: красное дерево; материал накладки на гриф: черное дерево; материал нижней деки и обечайки: ель; материал верхней деки: ель",12 | 20 | 3900 | 42 | 6 | 643,20 | 4 | 6 | 643,goldoc6nat | pc110,goldoc6wcasenat,cort | gold | nat | oc6 | акустическая | вырезом | гитара | натуральный | с | цвет | чехлом | электро,0.4162684,0.3582392,0.8571428571428571,0,0,1.0,0.0,0.0,0.0,0.0,False,249108226340,68719538253,0.0,"gold-a6-nat gold series электро-акустическая гитара, с вырезом, цвет натуральный, с чехлом, cort","gold-oc6-wcase-nat электро-акустическая гитара, с вырезом, цвет натуральный, с чехлом, cort","бренд: cort; цвет товара: бежевый; название цвета: натуральный; материал накладки грифа: черное дерево; ширина грифа, мм: 44; количество ладов, шт.: 20; наличие звукоснимателя: false; количество струн: 6; тип: акустическая гитара; вес товара, г: 4100","тип: электроакустическая гитара; тип корпуса: orchestra model; размер: 4/4; с вырезом: да; количество ладов: 20; мензура: 643 mm; количество струн: 6; материал корпуса: ель, пау ферро; материал грифа: красное дерево; материал накладки на гриф: черное дерево; материал нижней деки и обечайки: ель; материал верхней деки: ель",20 | 4100 | 44 | 6,20 | 4 | 6 | 643,golda6nat,goldoc6wcasenat,cort | gold | nat | акустическая | вырезом | гитара | натуральный | с | цвет | чехлом | электро,0.013832669,0.026548091,0.7333333333333333,0,0,1.0,0.0,0.0,0.0,0.0,False,,
code_conflict,Музыкальные инструменты,0.9203317096225809,1.0000000000000004,0.6813268384903223,695784751110,644245159731,1.0,пластик для барабана evans b12ecsrd,"ec reverse dot пластик для малого, том и тимбалес барабана 10"", evans b10ecsrd","цвет товара: белый; тип: пластик; количество в наборе: 1 шт.; диаметр: 12""; количество слоев: 1; резонансный: есть; особенности: с усиленным центром; покрытие: прозрачное; толщина пластика: 7 мил",бренд: evans; назначение муз. аксессуара: для барабана; тип: аксессуар для ударных,1 | 12 | 7,10,b12ecsrd,b10ecsrd,evans | барабана | для | пластик,0.014632332,0.023261879,0.2857142857142857,0,0,1.0,0.0,0.0,0.0,0.0,False,618475404863,188978648710,0.0,пластик для барабана evans b08g14,пластик для барабана evans b12gpw,"цвет товара: белый; тип: пластик; назначение: для малого и том барабанов; диаметр: 8""; количество слоев: 1; материал: пленка; покрытие: матовое","бренд: evans; цвет товара: белый; страна-изготовитель: великобритания; материал муз. инструмента/аксессуара: пластик; партномер: b12gpw; назначение муз. аксессуара: для барабана; комплектация: пластик для барабана - 1 шт; количество в упаковке, шт: 1; тип: аксессуар для ударных",1 | 8,1,b08g14,b12gpw,evans | барабана | для | пластик,0.021224905,0.028393405,0.6666666666666666,0,0,1.0,0.0,0.0,0.0,0.0,False,,
code_conflict,Музыкальные инструменты,0.9171648476414006,1.0000000000000002,0.6686593905656014,249108153951,429496743834,1.0,"evans / tt14ec2s пластик для малого и том барабана 14""","genera resonant пластик для том барабана 14"", резонансный, evans tt14gr",цвет: прозрачный; комплектация: 1 упаковка; валюта: rub,бренд: evans; цвет товара: разноцветный; вид музыкального аксессуара: пластик для барабана; назначение муз. аксессуара: для барабана; тип: аксессуар для ударных,1 | 14,14,tt14ec2s,tt14gr,14 | evans | барабана | для | пластик | том,0.026612375,0.024763135,0.46153846153846156,0,0,1.0,0.0,0.0,1.0,0.0,False,249108153951,154618833459,0.0,"evans / tt14ec2s пластик для малого и том барабана 14""","g plus clear пластик для том барабана 10"", evans tt10gp",цвет: прозрачный; комплектация: 1 упаковка; валюта: rub,бренд: evans; тип: аксессуар для ударных,1 | 14,10,tt14ec2s,tt10gp,evans | барабана | для | пластик | том,0.011048911,0.020764733,0.35714285714285715,0,0,1.0,0.0,0.0,0.0,0.0,False,,
code_conflict,Музыкальные инструменты,0.8479767800219855,0.827866650186502,0.9083071695284362,566935731358,489626309637,1.0,c. a. seydel sohne seydel sohne 16301c 1847 silver c губная гармошка,"1847 noble high bb губная гармошка, seydel sohne 16501hbb",цвет товара: серебристый; тип: губная гармошка; вид гармоники: диатоническая; тональность: c; количество отверстий: 10; количество язычков: 20; материал крышки: сталь; материал гребенки: пластик; материал пластин: нейзильбер,бренд: seydel sohne; тип: губная гармошка,10 | 1847 | 20,1847,16301c,16501hbb,1847 | seydel | sohne | гармошка | губная,0.029017825,0.03301514,0.38461538461538464,0,0,1.0,0.0,0.0,0.0,0.0,False,489626309637,481036415143,0.0,"1847 noble high bb губная гармошка, seydel sohne 16501hbb","c. a. seydel sohne 16501hab 1847 noble high ab губная гармошка, seydel sohne",бренд: seydel sohne; тип: губная гармошка,тип: губная гармошка; вид гармоники: диатоническая; тональность: ab,1847,1847,16501hbb,16501hab,1847 | high | noble | seydel | sohne | гармошка | губная,0.023288716,0.023218941,0.5384615384615384,0,0,1.0,0.0,0.0,0.0,0.0,False,,
code_conflict,Музыкальные инструменты,0.7888691822080371,0.7399065487687805,0.9357570825258071,352187382045,188978590027,1.0,"sr2635 java трости для саксофона альт №3,5 (10шт) vandoren","vandoren sr2615 трости для саксофона альт №1,5 (10шт)",бренд: vandoren; тип: аксессуар для духовых,"цвет товара: зеленый; тип аксессуара: трость; тип комплектующей: трость; назначение: саксофон; вид инструмента: альт-саксофон, саксофон; материал: дерево; маркировка трости: 1.5; количество в упаковке: 10 шт.; длина: 60 cm; ширина: 30 cm; высота: 110 cm",5,1.5 | 10 | 110 | 30 | 5 | 60,sr2635,sr2615,10шт | 5 | vandoren | альт | для | саксофона | трости,0.021960936,0.034222275,0.5833333333333334,0,0,1.0,0.0,0.0,0.0,0.0,False,403727060961,472446512139,0.0,sr343 java трости для саксофона баритон №3 (5шт) vandoren,"sr3425 трости для саксофона баритон №2,5 (5шт) vandoren",бренд: vandoren; тип: аксессуар для духовых,цвет товара: бежевый; тип комплектующей: трость; назначение: саксофон; вид инструмента: баритон; материал: дерево; маркировка трости: 2.5; количество в упаковке: 5 шт.; подробная комплектация: 1 шт.,,1 | 2.5 | 5,sr343,sr3425,5шт | vandoren | баритон | для | саксофона | трости,0.01402688,0.03670369,0.5,0,0,1.0,0.0,0.0,0.0,0.0,False,,
code_conflict,Автотовары,0.7683828284998849,0.846998644903389,0.5325353792893724,326417593886,592705600876,1.0,стойка стабилизатора avantech арт. asl0203,стойка стабилизатора арт. asl0103,"альтернативные артикулы товара: sl-n030 (555); cln-66 (ctr); 0223-r20 (febest); артикул: 111035; бренд: avantech; страна-изготовитель: турция; количество в упаковке, шт: 1; oem-номер: 54618-0f000; 54618-mb40a; 54618-50y00; 54618-4m400; 54618-d5000; 54618-d5010; 54618-2u600; комплектация: стойка стабилизатора avantech арт. asl0203 - 1 шт.; партномер (артикул производителя): asl0203; тип: стойка стабилизатора; вид техники: легковые автомобили",тип: стойка стабилизатора; гарантийный срок: 1 g.,0223 | 1 | 111035 | 54618 | 555 | 66,1,0223r20 | 546180f000 | 546182u600 | 546184m400 | 5461850y00 | 54618d5000 | 54618d5010 | 54618mb40a | asl0203 | cln66 | sln030,asl0103,арт | стабилизатора | стойка,0.04124835,0.030506661,0.5,0,0,1.0,0.0,0.0,0.0,0.0,False,240518251555,652835088793,0.0,стойка стабилизатора asp rj30036,стойка стабилизатора asp rj30006,бренд: asp; артикул производителя: rj30036; примечание: внешний вид изделия может отличаться от фотографий; цена за: 1 шт.; код товара: 600007559226,артикул: asp_rj30006; бренд: asp; партномер (артикул производителя): rj30006; тип: стойка стабилизатора,1 | 600007559226,,rj30036,rj30006,asp | стабилизатора | стойка,0.027106136,0.045484517,0.6,0,0,1.0,1.0,0.0,0.0,0.0,False,,
code_conflict,Музыкальные инструменты,0.765070950245517,0.8106875611436566,0.628221117551098,420906803236,180388630458,1.0,чехол для классической гитары 3/4 flight fbg-5055,flight fbg-7055 чехол для 12-струнной акустической гитары,бренд: flight; цвет товара: черный; страна-изготовитель: россия; материал муз. инструмента/аксессуара: полиэстер; назначение муз. аксессуара: для классической гитары; тип: чехол для музыкального инструмента,цвет товара: черный; тип: чехол; назначение: для акустической гитары; особенности: утепленный,3 | 4 | 5055,12 | 7055,fbg5055,12струнной | fbg7055,fbg | flight | гитары | для | чехол,0.041350614,0.043205563,0.38461538461538464,0,0,1.0,0.0,0.0,0.0,0.0,False,240518268372,369367192649,0.0,flight fbg-1009 чехол для классической гитары,flight / fbg-1039 butterfly чехол для классической гитары,"бренд: flight; цвет товара: черный; страна-изготовитель: россия; материал муз. инструмента/аксессуара: полиэстер; назначение муз. аксессуара: для классической гитары; количество в упаковке, шт: 1; тип: чехол для музыкального инструмента; вес товара, г: 540",длина упаковки: 110 cm; высота упаковки: 16 cm; ширина упаковки: 45 cm; валюта: rub,1 | 1009 | 540,1039 | 110 | 16 | 45,fbg1009,fbg1039,fbg | flight | гитары | для | классической | чехол,0.012230016,0.029252473,0.6666666666666666,0,0,1.0,0.0,0.0,0.0,0.0,False,,
code_conflict,Музыкальные инструменты,0.722436949782952,0.7121399242394815,0.7533280264133636,532575964141,111669238953,1.0,"w81-12e-wbag-op электро-акустическая гитара 12-струнная с чехлом, parkwood",cort / af510e-op standard series электро-акустическая гитара,"материал корпуса/верхней деки: ель; материал нижней деки: красное дерево; бренд: parkwood; тип бриджа: фиксированный; название цвета: натуральный; образец цвета: https://cdn1.ozone.ru/s3/multimedia-w/6782113292.jpg; материал накладки грифа: палисандр; ширина грифа, мм: 42; количество ладов, шт.: 20; материал грифа: красное дерево; крепление грифа: вклеенный; материал обечайки: красное дерево; наличие звукоснимателя: true; звукосниматели: cort ce304t eq; вид обмотки струн: круглая; материал струн: бронза; количество струн: 12; тип: акустическая гитара; гарантийный срок: 12 месяцев при соблюдении правил хранения и эксплуатации",цвет: натуральный; материал грифа: красное дерево; материал верхней деки: ель; материал нижней деки: красное дерево; материал обечайки: красное дерево; количество струн инструмента: 6 шт.; количество ладов: 20 шт.; крепление грифа: ласточкин хвост; форма корпуса гитары: фолк; мензура: 647 mm; страна производства: индонезия; комплектация: электро-акустическая гитара cort af510e standard series - 1 шт; вес товара без упаковки (г): 2 g; длина упаковки: 108 cm; высота упаковки: 14 cm; ширина упаковки: 46 cm; валюта: rub,12 | 20 | 42 | 6782113292,1 | 108 | 14 | 2 | 20 | 46 | 6 | 647,12струнная | ce304t | w8112ewbagop,af510e | af510eop,op | акустическая | гитара | электро,0.007524566,0.015016398,0.25,0,0,1.0,0.0,0.0,0.0,0.0,False,549755895162,377957131400,0.0,гитара акустическая aria-205 n,гитара акустическая foix za-83cm-na,"материал корпуса/верхней деки: ель; материал нижней деки: палисандр; бренд: aria; цвет товара: бежевый; название цвета: натуральный; страна-изготовитель: индонезия; материал накладки грифа: палисандр; ширина грифа, мм: 44; количество ладов, шт.: 20; мензура, мм: 650; материал грифа: махагони; материал обечайки: палисандр; количество струн: 6; тип: акустическая гитара; гарантийный срок: 1 мес",тип: акустическая гитара; с вырезом: да; материал корпуса: ель; материал накладки на гриф: палисандр,1 | 20 | 205 | 44 | 6 | 650,,aria205,za83cmna,акустическая | гитара,0.00876884,0.0095103,0.2222222222222222,0,0,1.0,0.0,0.0,0.0,0.0,False,,
code_conflict,Музыкальные инструменты,0.7176397224026023,0.65285014914875,0.9120084421641594,335007475854,601295532036,1.0,струны для бас-гитары d'addario esxl170 45-100,комплект струн для бас-гитары d'addario exl170s,инструмент: бас-гитара; форма оплетки: круглая,"бренд: d'addario; страна-изготовитель: сша; вид музыкального аксессуара: струны; материал муз. инструмента/аксессуара: никель; назначение муз. аксессуара: для бас-гитары; тип: аксессуар для струнных; вес товара, г: 110",100 | 45,110,esxl170,exl170s,addario | d | бас | гитары | для,0.02692581,0.04170231,0.4166666666666667,0,0,1.0,0.0,0.0,0.0,0.0,False,103079324526,77309459712,0.0,d'addario nw017 - одиночная струна,струна для электрогитары d'addario nw018 обмотка никелированная сталь,размер инструмента: 4/4; инструмент: акустическая гитара; калибр: 17; полимерное покрытие: есть,бренд: d'addario; вид музыкального аксессуара: струны; назначение муз. аксессуара: для электрогитары; тип: аксессуар для струнных,17 | 4,,nw017,nw018,addario | d | струна,0.020860448,0.030125717,0.2727272727272727,0,0,1.0,0.0,0.0,0.0,0.0,False,,
code_conflict,Музыкальные инструменты,0.7007277222760014,0.6420757146936786,0.8766837450229699,34359848929,206158434920,1.0,чехол для уменьшенной гитары martin romas гк-1 кант чёрный размер 1/2-3/4,dasmax / mrгк-2 чехол для классической гитары 1/2,"бренд: martin romas; цвет товара: черный; страна-изготовитель: китай; вид музыкального аксессуара: защита; материал муз. инструмента/аксессуара: ткань; партномер: гк-1 кант черный размер 1/2-3/4; назначение муз. аксессуара: для классической гитары; комплектация: чехол для гитары - 1 шт; количество в упаковке, шт: 1; тип: чехол для музыкального инструмента; гарантийный срок: 1 год",цвет: черный; вид застежки: молния по всей длине; материал изделия: полиэстер; вид чехла: для классической гитары; особенности чехла: лямки рюкзачного типа; теплый - 5 mm; карманы: наружный на молнии; страна производства: россия; комплектация: один чехол; длина упаковки: 35 cm; высота упаковки: 4 cm; ширина упаковки: 35 cm; валюта: rub,1 | 2 | 3 | 4,1 | 2 | 35 | 4 | 5,гк1,mrгк2,1 | 2 | гитары | для | чехол,0.022394415,0.026786763,0.29411764705882354,0,0,1.0,0.0,0.0,0.0,0.0,False,738734511852,807453886143,0.0,"mz-chgb-3b/skull2 чехол для бас-гитары, черный/черепа, mezzo","mz-chgc-3grey чехол для классической гитары, mezzo",бренд: mezzo; тип: аксессуар для струнных,"в комплекте: 1 шт.; цвет товара: серый; тип: чехол; назначение: для акустической гитары, для классической гитары; материал: оксфорд; особенности: утепленный; длина: 105 cm",,1 | 105,mzchgb3b | skull2,mzchgc3grey,mezzo | mz | гитары | для | чехол,0.010331561,0.02660071,0.35714285714285715,0,0,1.0,0.0,0.0,0.0,0.0,False,,
code_conflict,Музыкальные инструменты,0.7006400202365751,0.6805723513013946,0.760843027042117,326417598736,292057895067,1.0,"rico rgc10asx350 трости для альт-саксофона grand concert alto sax 3.5, 10 шт.",трости для сопрано-саксофона rico grand concert select rgc10ssx350,"цвет товара: -; тип комплектующей: трость; назначение: саксофон; вид инструмента: альт, альт-саксофон, саксофон; материал: -; особенности: прозрачная; маркировка трости: 2.5, 3.5; количество в упаковке: 10 шт.",бренд: d'addario; тип: аксессуар для духовых,10 | 2.5 | 3.5,,rgc10asx350,rgc10ssx350,concert | grand | rico | для | саксофона | трости,0.067647904,0.06752031,0.35294117647058826,0,0,1.0,0.0,0.0,0.0,0.0,False,549755927738,231928332064,0.0,rico rsf10ssx3m трости для саксофона,rico rsf10ssx4m трости для саксофона,бренд: rico; тип: народный духовой инструмент,"цвет товара: черный; тип комплектующей: трость; назначение: саксофон; вид инструмента: саксофон, сопрано; материал: -; маркировка трости: 4.0; количество в упаковке: 10 шт.; вместимость: 10 шт.; длина: 0.8 cm; ширина: 0.6 cm",,0.6 | 0.8 | 10 | 4.0,rsf10ssx3m,rsf10ssx4m,rico | для | саксофона | трости,0.013701603,0.020772537,0.6666666666666666,0,0,1.0,0.0,0.0,0.0,0.0,False,,
code_conflict,Музыкальные инструменты,0.6861240235386362,0.7019805311843887,0.6385545006013786,670014935937,146028988414,1.0,fabio / stratocaster электрогитара h-s-s st200 bk,flight est13 bk электрогитара,цвет: черный; материал грифа: клен; материал корпуса: дерево; количество струн инструмента: 6 шт.; количество ладов: 21 шт.; размер музыкального инструмента: 4/4; материал верхней деки: липа; материал нижней деки: липа; материал обечайки: липа; материал топа: липа; тип корпуса музыкального инструмента: stratocaster; ширина грифа: 42 mm; тип бриджа: тремоло; звукосниматели: hss; схема звукоснимателей: h-s-s; мензура: 645 mm; высота предмета: 99 cm; глубина предмета: 6 cm; ширина предмета: 33 cm; комплектация: электрогитара 1 шт; провод подключения к комбоусилителю 3 метра - 1шт; вес без упаковки (кг): 4.5 kg; валюта: rub,бренд: flight; цвет товара: черный; страна-изготовитель: китай; тип: электрогитара,1 | 21 | 3 | 33 | 4 | 4.5 | 42 | 6 | 645 | 99,,st200,est13,bk | электрогитара,0.022039324,0.022405237,0.2222222222222222,0,0,1.0,0.0,0.0,0.0,0.0,False,369367190723,395137014936,0.0,jet js-450 tbl - электрогитара шестиструнная,"jet electric / jt-450q - электрогитара, telecaster","материал корпуса/верхней деки: липа; материал нижней деки: липа; бренд: jet; тип бриджа: тремоло; цвет товара: разноцветный; образец цвета: https://cdn1.ozone.ru/s3/multimedia-u/6670335486.jpg; страна-изготовитель: китай; материал накладки грифа: клен; количество ладов, шт.: 22; мензура, мм: 648; материал грифа: клен; крепление грифа: на болтах; материал обечайки: липа; регулировки звука: громкость воспроизведения; наличие звукоснимателя: true; звукосниматели: hss ceramic; вид колков: закрытые; материал струн: металл; количество струн: 6; тип: электрогитара; гарантийный срок: 12 месяцев при соблюдении правил хранения и эксплуатации","цвет: розовый; материал грифа: канадский печеный клен; материал корпуса: липа; количество струн инструмента: 6 шт.; количество ладов: 22 шт.; материал топа: огненный клен; тип корпуса музыкального инструмента: telecaster; материал накладки грифа: канадский печеный клен; крепление грифа: на болтах; ширина грифа: 42 mm; тип бриджа: фиксированный; звукосниматели: hh, alnico; схема звукоснимателей: h-h; мензура: 647.7 mm; высота предмета: 101 cm; глубина предмета: 5 cm; страна производства: китай; комплектация: коробка; электрогитара; ключи настройка; вес без упаковки (кг): 4 kg; валюта: rub",12 | 22 | 450 | 6 | 648 | 6670335486,101 | 22 | 4 | 42 | 5 | 6 | 647.7,js450,jt450q,jet | электрогитара,0.00905846,0.008462412,0.2,0,0,1.0,0.0,0.0,1.0,0.0,False,,
code_conflict,Музыкальные инструменты,0.6838865760527348,0.652868855986127,0.7769397362525584,549755877410,755914252835,1.0,трость для бас-кларнета rigotti gold classic rg.ccb-2.5,трость для саксофона-альт rigotti gold classic rg. csa-4,бренд: rigotti; страна-изготовитель: франция; тип: аксессуар для духовых,"цвет товара: золотистый; тип комплектующей: трость; назначение: саксофон; вид инструмента: альт, саксофон; количество в упаковке: 10 шт.",2.5,10 | 4,ccb2,csa4,classic | gold | rg | rigotti | для | трость,0.038079925,0.02710077,0.4,0,0,1.0,0.0,0.0,0.0,0.0,False,601295571914,721554593974,0.0,трость для бас-кларнета rigotti gold jazz rg.jcb-3.5,трость для бас-кларнета rigotti gold classic rg.ccb-3.5,бренд: rigotti; страна-изготовитель: франция; тип: аксессуар для духовых,артикул производителя: rg.ccb-3.5; бренд: rigotti; код товара: 100042338109,3.5,100042338109 | 3.5,jcb3,ccb3,3 | 5 | gold | rg | rigotti | бас | для | кларнета | трость,0.03445722,0.04946262,0.6923076923076923,0,0,1.0,0.0,0.0,0.0,0.0,False,,
code_conflict,Музыкальные инструменты,0.680180773385858,0.5982407239195757,0.9260009217847048,755914276266,721554612224,1.0,dasmax / mrгк-2 чехол для классической гитары 4/4,"martin romas гк-2bl - чехол для классической гитары  цвет - голубой, утепленный",цвет: синий; вид застежки: молния по всей длине; материал изделия: полиэстер; вид чехла: для классической гитары; особенности чехла: лямки рюкзачного типа; теплый - 5 mm; карманы: наружный на молнии; страна производства: россия; комплектация: один чехол; длина упаковки: 35 cm; высота упаковки: 4 cm; ширина упаковки: 35 cm; валюта: rub,"бренд: martin romas; страна-изготовитель: китай; материал муз. инструмента/аксессуара: полиэстер; назначение муз. аксессуара: для классической гитары; тип: чехол для музыкального инструмента; вес товара, г: 500",2 | 35 | 4 | 5,500,mrгк2,гк2bl,гитары | для | классической | чехол,0.013628273,0.022391109,0.26666666666666666,0,0,1.0,0.0,0.0,0.0,0.0,False,618475308981,687194932920,0.0,valencia vc104bus гитара классическая,гитара belucci классическая 7/8 bc3825 bls,"материал корпуса/верхней деки: липа; материал нижней деки: липа; бренд: valencia; цвет товара: синий; страна-изготовитель: китай; материал накладки грифа: палисандр; количество ладов, шт.: 18; форма гитары: классическая; размер инструмента: 4/4; материал грифа: клен; крепление грифа: вклеенный; материал обечайки: липа; материал струн: нейлон; количество струн: 6; тип: классическая гитара; вес товара, г: 2",группа музыкальных инструментов: струнные; страна производства: китай,18 | 2 | 4 | 6,7 | 8,vc104bus,bc3825,гитара | классическая,0.0052310117,0.013194165,0.2222222222222222,0,0,1.0,0.0,0.0,0.0,0.0,False,,
color_conflict,Детские товары,1.0000000000000002,1.0000000000000002,1.0,223338314794,377957183557,1.0,мягкая плюшевая игрушка подушка гусь обнимусь 130 см,asras - toy / мягкая игрушка подушка гусь обнимусь 130 см большая,"бренд: toy enjoy; цвет товара: белый; высота игрушки, см: 130; минимальный возраст ребенка: 0 месяцев; пол ребенка: унисекс; вид мягкой игрушки: гусь; тип: мягкая игрушка",цвет: розовый; материал игрушки: плюш; мех плюшевый; синтепух; наполнитель: плюшевый; эффекты: позитив и яркие эмоции; вид упаковки: пакет; высота предмета: 130 cm; глубина предмета: 13 cm; ширина предмета: 9 cm; страна производства: китай; комплектация: набор мягких игрушек гусь и фламинго по 90 cm - 2 шт; вес товара с упаковкой (г): 125 g; длина упаковки: 30 cm; высота упаковки: 30 cm; ширина упаковки: 20 cm; валюта: rub,0 | 130,125 | 13 | 130 | 2 | 20 | 30 | 9 | 90,,,130 | cm | гусь | игрушка | мягкая | обнимусь | подушка,0.21230611,0.1708061,0.6363636363636364,0,0,0.0,0.0,0.0,1.0,0.0,False,377957183557,240518299856,0.0,asras - toy / мягкая игрушка подушка гусь обнимусь 130 см большая,мягкая плюшевая игрушка подушка гусь обнимусь 130 см,цвет: розовый; материал игрушки: плюш; мех плюшевый; синтепух; наполнитель: плюшевый; эффекты: позитив и яркие эмоции; вид упаковки: пакет; высота предмета: 130 cm; глубина предмета: 13 cm; ширина предмета: 9 cm; страна производства: китай; комплектация: набор мягких игрушек гусь и фламинго по 90 cm - 2 шт; вес товара с упаковкой (г): 125 g; длина упаковки: 30 cm; высота упаковки: 30 cm; ширина упаковки: 20 cm; валюта: rub,"бренд: toy enjoy; цвет товара: белый; высота игрушки, см: 130; минимальный возраст ребенка: 0 месяцев; пол ребенка: унисекс; вид мягкой игрушки: гусь; тип: мягкая игрушка",125 | 13 | 130 | 2 | 20 | 30 | 9 | 90,0 | 130,,,130 | cm | гусь | игрушка | мягкая | обнимусь | подушка,0.21230611,0.1708061,0.6363636363636364,0,0,0.0,0.0,0.0,1.0,0.0,False,,
color_conflict,Галантерея и аксессуары,0.9837410099334538,0.9999999999999992,0.9349640397338173,326417614524,584115569197,1.0,"наручные часы восток командирские, синий, черный",восток часы наручные механические,"цвет товара: синий; тип механизма: механические; пол: мужской; особенности: водонепроницаемые, подсветка стрелок; класс водонепроницаемости: wr20 (2 атм); источник энергии: пружинный механизм; толщина корпуса: 12 mm; страна бренда: россия; форма: круг; циферблат: аналоговый (стрелки); материал корпуса: латунь; стекло: пластиковое; материал браслета: натуральная кожа; индикация: арабские цифры; запас хода: 36 ч; гарантийный срок: 2 g.","целевая аудитория: взрослая; бренд: восток; материал корпуса: латунь; коллекция: базовая коллекция; цвет товара: хром; страна-изготовитель: россия; диаметр корпуса, мм: 40; особенности часов: грязеустойчивые; функции часов: календарь; стекло: органическое стекло; тип индикации: арабские цифры; комплектация: часы, коробка, паспорт, гарантия; упаковка: картонная коробка; пол: мужской; тип: часы наручные; тип часов: механические; водонепроницаемость: 2 bar; вес товара, г: 61; ширина ремешка, мм: 18",12 | 2 | 36,18 | 2 | 40 | 61,,,восток | наручные | часы,0.00781541,0.013377968,0.42857142857142855,0,0,0.0,0.0,0.0,1.0,0.0,False,584115569197,816043800777,0.0,восток часы наручные механические,"наручные часы восток командирские, оранжевый","целевая аудитория: взрослая; бренд: восток; материал корпуса: латунь; коллекция: базовая коллекция; цвет товара: хром; страна-изготовитель: россия; диаметр корпуса, мм: 40; особенности часов: грязеустойчивые; функции часов: календарь; стекло: органическое стекло; тип индикации: арабские цифры; комплектация: часы, коробка, паспорт, гарантия; упаковка: картонная коробка; пол: мужской; тип: часы наручные; тип часов: механические; водонепроницаемость: 2 bar; вес товара, г: 61; ширина ремешка, мм: 18","цвет товара: нейлон оранжевый; тип механизма: механические; пол: мужской; номер механизма: 2414а; особенности: поворотный безель, подсветка стрелок, противоударные, тактические; класс водонепроницаемости: wr20 (2 атм); источник энергии: пружинный механизм; ширина корпуса: 40.90 mm; диаметр корпуса: 40.9 mm; вес: 75 g; страна бренда: россия; страна производства: россия; форма: круг; циферблат: аналоговый (стрелки); материал корпуса: латунь + нерж. сталь; покрытие корпуса: нитрид титана; тип вставки: отсутствует; стекло: органическое; материал браслета: нейлон; ширина ремешка: 18 mm; минутная стрелка: центральная; секундная стрелка: центральная; индикация: арабские цифры; отображение даты и в…",18 | 2 | 40 | 61,12 | 18 | 2 | 40.9 | 40.90 | 75 | 80,,2414а,восток | наручные | часы,0.017818848,0.010845829,0.5,0,0,0.0,0.0,0.0,1.0,0.0,False,,
color_conflict,Мебель,0.981055606464001,1.0,0.9242224258560041,523986101903,231928335658,1.0,"лига диванов прямой диван, механизм еврокнижка, 224х80х91 см",прямой диван лига диванов меркурий лайт 112924,"артикул: 112923; бренд: лига диванов; цвет товара: бежевый; название цвета: корфу 02, коричневый; страна-изготовитель: россия; глубина, см: 80; материал наполнителя: пенополиуретан; высота, см: 91; длина спального места в разложенном виде, см: 192; вид выпуска товара: фабричное производство; материал обивки: рогожка; материал корпуса: лдсп; высота сиденья, см: 40; глубина сиденья, см: 69; тип: прямой диван; вид раскладывания: еврокнижка; гарантийный срок: 18 месяцев; вес товара, г: 95000; ширина, см: 224; ширина спального места в разложенном виде, см: 127","цвет: корфу 02/коричневый; форма: прямой; материал каркаса: дсп, лдсп; материал обивки: рогожка/экокожа; наполнитель: ппу; раскладной: есть; механизм трансформации: еврокнижка; количество спальных мест: 1.5; длина спального места в разложенном виде: 1920 mm; ширина спального места в разложенном виде: 1270 mm; высота сиденья: 400 mm; модульный: нет; ящик для белья: есть; полки: нет; подлокотники: есть; декоративные подушки в комплекте: нет; ножки: есть; материал ножек: пластик; цвет ножек: черный; max нагрузка: 150 kg; длина: 800 mm; ширина: 2240 mm; высота: 910 mm; габариты без упаковки: 2240x910x800 мм; вес нетто: 95 kg; стиль: современный; единица товара: штука; вес, кг: 95,00; длина, мм:…",02 | 112923 | 127 | 18 | 192 | 224 | 40 | 69 | 80 | 91 | 95000,02 | 1.5 | 112924 | 1270 | 150 | 1920 | 2240 | 400 | 800 | 910 | 95 | 95.00,224х80х91,2240x910x800,диван | диванов | лига | прямой,0.33550888,0.2878644,0.36363636363636365,0,0,0.0,0.0,0.0,1.0,1.0,False,128849085235,146029009453,0.0,"лига диванов прямой диван, механизм аккордеон, 132х110х93 см",лига диванов прямой диван меркурий 100,"артикул: 105493; бренд: лига диванов; цвет товара: коричневый; название цвета: коричневый, бежевый; страна-изготовитель: россия; глубина, см: 110; материал наполнителя: пенополиуретан; высота, см: 93; длина спального места в разложенном виде, см: 190; вид выпуска товара: фабричное производство; материал обивки: велюр искусственный; материал корпуса: лдсп; высота сиденья, см: 41; глубина сиденья, см: 57; тип: прямой диван; вид раскладывания: аккордеон; гарантийный срок: 18 мес; вес товара, г: 75000; ширина, см: 132; ширина спального места в разложенном виде, см: 100","ширина общая: 110 cm; цвет товара: бежевый\коричневый; тип: диван прямой; назначение: детская,гостиная; число мест: 1; особенности: с подлокотниками, ящик для белья; механизм трансформации: аккордеон; наполнитель: пенополиуретан; материал каркаса: дсп, лдсп; габариты транспортной упаковки: 132х110х93 см; вес в транспортной упаковке: 87 kg",100 | 105493 | 110 | 132 | 18 | 190 | 41 | 57 | 75000 | 93,1 | 100 | 110 | 87,132х110х93,132х110х93,диван | диванов | лига | прямой,0.79785365,0.7304627,0.4,0,0,0.0,0.0,0.0,1.0,1.0,False,,
color_conflict,Мебель,0.9344277187798474,0.9129167338314842,0.9989606736249369,704374749245,523986023033,1.0,кровать astria подъемным механизмом с размером спального места 160x200,без бренда кровать alfia подъемным механизмом с размером спального места 160x200,"артикул: 4532222346; кол-во уровней положения основания: 1; ширина спального места, см: 160; вид основания: ортопедические ламели; бренд: нет бренда; покрытие корпуса: матовое; цвет товара: бордовый; страна-изготовитель: россия; форма поставки: в разобранном виде; конструктивные особенности: мягкое изголовье; материал наполнителя: пенополиуретан; высота изножья, см: 30; расположение изголовья: сверху; высота, см: 120; высота изголовья, см: 120; исполнение: тканевое; длина, см: 210; длина спального места, см: 200; ящики для белья: да; вид выпуска товара: фабричное производство; материал обивки: велюр искусственный; материал корпуса: дсп; матрас в комплекте: нет; макс. нагрузка, кг: 230; комп…","тип: кровать; стиль: современный; число мест: двуспальная; количество ящиков: 2 шт.; особенности: мягкое изголовье, с подъемным механизмом, с ящиком для белья; тип основания: ортопедические ламели; материал каркаса: лдсп/дсп; материал обивки: велюр; максимальная нагрузка: 250 kg; высота кровати: 120 cm; высота спального места: 30 cm; высота изголовья: 120 cm; длина кровати: 210 cm; ширина кровати: 168; длина спального места: 200 cm; ширина спального места: 160; комплектация: изголовье, борта, ортопед, фурнитура; габариты транспортной упаковки: 200х120х8 см; вес в транспортной упаковке: 100 kg; гарантийный срок: 12 мес.; цвет товара: красный",1 | 120 | 160 | 168 | 18 | 200 | 210 | 230 | 30 | 4532222346 | 60000,100 | 12 | 120 | 160 | 168 | 2 | 200 | 210 | 250 | 30,160x200,160x200 | 200х120х8,160x200 | кровать | места | механизмом | подъемным | размером | с | спального,0.03434983,0.033877447,0.6666666666666666,0,0,0.0,0.0,0.0,1.0,0.0,True,463856561386,481036495307,0.0,без бренда кровать linch с подъемным механизмом с размером спального места 90x200,кровать sierra с подъемным механизмом с размером спального места 90x200,"тип: кровать; стиль: современный; число мест: двуспальная; количество ящиков: 2 шт.; особенности: мягкое изголовье, с подъемным механизмом, с ящиком для белья; тип основания: ортопедические ламели; материал каркаса: лдсп/дсп; материал обивки: велюр; максимальная нагрузка: 250 kg; высота кровати: 120 cm; высота спального места: 30 cm; высота изголовья: 120 cm; длина кровати: 210 cm; ширина кровати: 98; длина спального места: 200 cm; ширина спального места: 90; комплектация: изголовье, борта, ортопед, фурнитура; габариты транспортной упаковки: 200х120х8 см; вес в транспортной упаковке: 100 kg; цвет товара: бордовый","артикул: 13332006879; кол-во уровней положения основания: 1; ширина спального места, см: 90; вид основания: ортопедические ламели; бренд: нет бренда; покрытие корпуса: матовое; цвет товара: бежевый; страна-изготовитель: россия; форма поставки: в разобранном виде; конструктивные особенности: мягкое изголовье; материал наполнителя: пенополиуретан; высота изножья, см: 30; расположение изголовья: сверху; высота, см: 120; высота изголовья, см: 120; исполнение: тканевое; длина, см: 210; длина спального места, см: 200; ящики для белья: да; вид выпуска товара: фабричное производство; материал обивки: велюр искусственный; материал корпуса: дсп; матрас в комплекте: нет; макс. нагрузка, кг: 250; компл…",100 | 120 | 2 | 200 | 210 | 250 | 30 | 90 | 98,1 | 120 | 13332006879 | 18 | 200 | 210 | 250 | 30 | 60000 | 90 | 98,200х120х8 | 90x200,90x200,90x200 | кровать | места | механизмом | подъемным | размером | с | спального,0.01940222,0.023005113,0.6666666666666666,0,0,0.0,0.0,0.0,1.0,0.0,True,,
color_conflict,Музыкальные инструменты,0.9217612056146232,1.0000000000000002,0.6870448224584919,695784744485,395137104071,1.0,электрогитара aria stg-003/m 3ts,электрогитара aria stg-003 3ts,"материал корпуса/верхней деки: липа; бренд: aria pro ii; тип бриджа: тремоло; цвет товара: желтый; название цвета: санберст (3 tone sunburst); страна-изготовитель: китай; материал накладки грифа: клен; количество ладов, шт.: 22; форма гитары: stratocaster; мензура, мм: 648; партномер: 888880031806; материал грифа: клен; крепление грифа: на болтах; комплектация: гитара; регулировки звука: громкость воспроизведения; наличие звукоснимателя: true; звукосниматели: три сингла os-1; количество струн: 6; тип: электрогитара; гарантийный срок: 12 месяцев; вес товара, г: 7080","цвет товара: санберст; тип: электрогитара; мензура: 25.5""; количество струн: 6; тип крепления грифа: болченый; форма корпуса электрогитары: stratocaster; отделка: глянцевая; тип бриджа: тремоло, система fender; название бриджа: vft-1 tremolo; материал грифа: клен, накладка: палисандр; материал верхнего порожка: пластик; количество ладов: 22; ширина грифа у порожка: 43 mm; инкрустация: в виде точек; схема звукоснимателей: s-s-s; производитель звукоснимателей: изготовитель гитары; регуляторов громкости: 1; регуляторов тона: 2; цвет фурнитуры: хром; ориентация: правосторонняя",003 | 1 | 12 | 22 | 3 | 6 | 648 | 7080 | 888880031806,003 | 1 | 2 | 22 | 25.5 | 43 | 6,os1 | stg003,stg003 | vft1,003 | 3ts | aria | stg | электрогитара,0.03364905,0.02495474,0.8333333333333334,0,0,0.0,0.0,0.0,1.0,0.0,False,395137104071,481036392141,0.0,электрогитара aria stg-003 3ts,электрогитара леворукая aria stg-003-l 3ts,"цвет товара: санберст; тип: электрогитара; мензура: 25.5""; количество струн: 6; тип крепления грифа: болченый; форма корпуса электрогитары: stratocaster; отделка: глянцевая; тип бриджа: тремоло, система fender; название бриджа: vft-1 tremolo; материал грифа: клен, накладка: палисандр; материал верхнего порожка: пластик; количество ладов: 22; ширина грифа у порожка: 43 mm; инкрустация: в виде точек; схема звукоснимателей: s-s-s; производитель звукоснимателей: изготовитель гитары; регуляторов громкости: 1; регуляторов тона: 2; цвет фурнитуры: хром; ориентация: правосторонняя","материал нижней деки: ольха; бренд: aria; цвет товара: светло-коричневый; название цвета: 3-х тоновый санбест; страна-изготовитель: китай; материал накладки грифа: орех; количество ладов, шт.: 22; форма гитары: stratocaster; мензура, мм: 648; материал грифа: клен; материал обечайки: ольха; количество струн: 6; тип: электрогитара",003 | 1 | 2 | 22 | 25.5 | 43 | 6,003 | 22 | 3 | 6 | 648,stg003 | vft1,3х | stg003l,003 | 3ts | aria | stg | электрогитара,0.10765031,0.059020445,0.7142857142857143,0,0,1.0,0.0,0.0,1.0,0.0,False,,
color_conflict,Хобби и творчество,0.9062554660224307,1.0000000000000002,0.6250218640897216,463856506577,8590052118,1.0,хоббимагазин / алмазная мозаика на подрамнике 33*43,"алмазная мозаика на подрамнике, набор для творчества, картина для выкладки стразами 33*43 см, алмазная россыпь","материал изделия: дерево; текстиль; пластик; размер картины: 33*43 cm.; возрастные ограничения: 10+; уровень сложности: 3; основа картины: ткань; холст на клеевой основе; холст на подрамнике; тип страз: круглые; тип выкладки: полная; комплектация: схема на ткани с клеевой поверхностью; стразы; лоток для страз; стилус; инструкция; страна производства: китай; цвет: белый песок, голубой туман, черный сапфир, черный меланж; состав набора для творчества: стразы, лоток для страз; стилус; инструкция; вес товара с упаковкой (г): 250 g; длина упаковки: 1 cm; высота упаковки: 45 cm; ширина упаковки: 35 cm; валюта: rub","возрастные ограничения: от 10 лет; бренд: диамант; основа холста: подрамник; цвет товара: серый; образец цвета: https://cdn1.ozone.ru/s3/multimedia-1-n/6916591859.jpg; страна-изготовитель: россия; форма страз: круглая; размеры, мм: 330*430; выкладка/вышивка: полная; длина по горизонтали, см: 33; материалы набора: канва; комплектация: цветная схема на ткани с клеевым покрытием для алмазной мозаики - 1шт, круглые стразы - комплект, подрамник - 1шт, стилус -1шт, поднос - 1шт, инструкция.; основа картины: флизелиновое полотно; тематика: животные и птицы; число полотен: 1; тип: алмазная мозаика; длина по вертикали, см: 43",1 | 10 | 250 | 3 | 33 | 35 | 43 | 45,1 | 10 | 33 | 330 | 43 | 430 | 6916591859,,multimedia1n,33 | 43 | алмазная | мозаика | на | подрамнике,0.21454898,0.18784955,0.4,0,0,0.0,0.0,0.0,1.0,0.0,True,498216303684,214748511772,0.0,алмазная мозаика на подрамнике 40х50,алмазная мозаика 40х50cm на подрамнике,"количество цветов (шт.): 30; материал изделия: акрил; хлопок; дерево; размер картины: 40х50; возрастные ограничения: 6+; уровень сложности: 4; основа картины: подрамник; тканевая; тип страз: круглые; тип выкладки: полная; комплектация: холст на подрамнике; стразы; клей; стилус; лоток для страз; страна производства: китай; цвет: розовый, зеленый; состав набора для творчества: холст с клеевым слоем; стразы; стилус; вес товара с упаковкой (г): 650 g; валюта: rub","возрастные ограничения: от 6 лет; бренд: нет бренда; основа холста: подрамник; название цвета: ga73217; образец цвета: https://cdn1.ozone.ru/s3/multimedia-p/6768918853.jpg; страна-изготовитель: китай; форма страз: круглая; размеры, мм: 400×500; выкладка/вышивка: полная; длина по горизонтали, см: 40; минимальный возраст ребенка: от 6 лет; комплектация: 1. страна 2. карандаш 3. емкость для страхования 4. жидкий клей; основа картины: деревянное панно; тематика: города и замки; число полотен: 1; тип: алмазная мозаика; длина по вертикали, см: 50",30 | 4 | 6 | 650,1 | 2 | 3 | 4 | 40 | 400 | 50 | 500 | 6 | 6768918853,40х50,40х50cm | ga73217,алмазная | мозаика | на | подрамнике,0.124345675,0.063845575,0.6666666666666666,0,0,1.0,0.0,0.0,1.0,0.0,False,,
color_conflict,Обувь,0.9011907010935039,0.9999999999999999,0.6047628043740159,764504322606,661424984429,1.0,туфли tendance,"tendance туфли tendance, размер 35, белый","целевая аудитория: взрослая; бренд в одежде и обуви: tendance; страна бренда: франция; коллекция: базовая коллекция; цвет товара: прозрачный; страна-изготовитель: китай; высота каблука, см: 5.5; материал подкладки обуви: натуральная кожа; материал верха: натуральная кожа; материал: натуральная кожа; российский размер: 39; сезон: лето; пол: женский; высота подошвы, см: 0.3",цвет товара: white; тип: туфли; материал верха: кожа натуральная; материал подошвы: тунит; материал подкладки: кожа натуральная; высота каблука: 5.5 cm; полнота: f; сезон: лето; размер: 35,0.3 | 39 | 5.5,35 | 5.5,,,tendance | туфли,0.021974472,0.025766052,0.4,0,0,0.0,0.0,0.0,1.0,0.0,False,85899461058,154618885029,0.0,туфли женские tendance pz-d2218-2 черные 40 eu,туфли tendance,"бренд: tendance; модель: pz-d2218-2; артикул производителя: pz-d2218-2; страна-производитель: китай; пол: женский; тип: туфли; размер ru: 40; размер производителя: 40 eu; сезон: лето; материал верха: натуральная замша; материал подкладки: кожа; материал стельки: натуральная кожа; материал подошвы: тунит; резина; цвет: черный (3428129); цвет производителя: черный (3428129); узор: без узора; вид каблука: kitten heel; высота каблука/платформы: средний; высота каблука/платформы, см: 5.5; длина стопы, см: 25.5; стиль: вечерний; особенности: бархатные; вид мыса: закрытый; вид задника: открытый; вид застежки: без застежки; форма носа: острый; код товара: 100064929326; размер: 40 40 eu","целевая аудитория: взрослая; бренд в одежде и обуви: tendance; страна бренда: франция; коллекция: базовая коллекция; цвет товара: черный; страна-изготовитель: китай; высота каблука, см: 5.7; внутренний материал: натуральная кожа; материал верха: замша; материал: натуральная замша; российский размер (обуви): 40; сезон: на любой сезон; пол: женский; высота подошвы, см: 0.3; материал подошвы: резина; вид каблука: шпилька",100064929326 | 2 | 25.5 | 3428129 | 40 | 5.5,0.3 | 40 | 5.7,pzd22182,,tendance | туфли,0.55112207,0.6244114,0.2222222222222222,0,0,0.0,0.0,0.0,1.0,1.0,False,,
color_conflict,Музыкальные инструменты,0.8997599592636136,0.9695229912597197,0.6904708632752953,369367221367,180388762835,1.0,terris / электрогитара шестиструнная tlp 039 wh,terris tlp-039 wh - электрогитара шестиструнная,цвет: белый; материал грифа: клен; материал корпуса: липа; количество струн инструмента: 6 шт.; количество ладов: 22 шт.; материал верхней деки: липа; материал нижней деки: липа; материал обечайки: липа; материал топа: липа; тип корпуса музыкального инструмента: les paul; материал накладки грифа: техновуд; крепление грифа: на болтах; ширина грифа: 43 mm; тип бриджа: фиксированный; звукосниматели: hh; схема звукоснимателей: h-h; мензура: 628.7 mm; высота предмета: 100 cm; глубина предмета: 2 cm; ширина предмета: 42 cm; страна производства: китай; комплектация: ключи настройка - 1 комп.; коробка - 1 шт.; электрогитара - 1 шт.; вес без упаковки (кг): 4.8 kg; валюта: rub,бренд: terris; образец цвета: https://cdn1.ozone.ru/s3/multimedia-2/6695771366.jpg; регулировки звука: громкость воспроизведения; наличие звукоснимателя: true; вид обмотки струн: круглая; тип: электрогитара; гарантийный срок: 12 месяцев при соблюдении правил хранения и эксплуатации,039 | 1 | 100 | 2 | 22 | 4.8 | 42 | 43 | 6 | 628.7,039 | 12 | 2 | 6695771366,,multimedia2 | tlp039,039 | terris | tlp | wh | шестиструнная | электрогитара,0.8057137,0.90328306,1.0,0,0,0.0,0.0,0.0,1.0,1.0,False,360777290873,369367221367,0.0,terris tlp-039 bk электрогитара шестиструнная,terris / электрогитара шестиструнная tlp 039 wh,"материал корпуса/верхней деки: липа; бренд: terris; тип бриджа: тремоло; цвет товара: черный; название цвета: черный; страна-изготовитель: китай; размеры, мм: 1000*400*50; материал накладки грифа: tech-ebony; ширина грифа, мм: 42; количество ладов, шт.: 22; форма гитары: les paul; мензура, мм: 648; материал грифа: клен; крепление грифа: на болтах; комплектация: коробка, электрогитара, ключи для настройки; звукосниматели: hh; материал струн: металл; количество струн: 6; тип: электрогитара; гарантийный срок: 12 месяцев; вес товара, г: 4500",цвет: белый; материал грифа: клен; материал корпуса: липа; количество струн инструмента: 6 шт.; количество ладов: 22 шт.; материал верхней деки: липа; материал нижней деки: липа; материал обечайки: липа; материал топа: липа; тип корпуса музыкального инструмента: les paul; материал накладки грифа: техновуд; крепление грифа: на болтах; ширина грифа: 43 mm; тип бриджа: фиксированный; звукосниматели: hh; схема звукоснимателей: h-h; мензура: 628.7 mm; высота предмета: 100 cm; глубина предмета: 2 cm; ширина предмета: 42 cm; страна производства: китай; комплектация: ключи настройка - 1 комп.; коробка - 1 шт.; электрогитара - 1 шт.; вес без упаковки (кг): 4.8 kg; валюта: rub,039 | 1000 | 12 | 22 | 400 | 42 | 4500 | 50 | 6 | 648,039 | 1 | 100 | 2 | 22 | 4.8 | 42 | 43 | 6 | 628.7,tlp039,,039 | terris | tlp | шестиструнная | электрогитара,0.013575476,0.025243014,0.7142857142857143,0,0,0.0,0.0,0.0,1.0,1.0,False,,
color_conflict,Автотовары,0.890823989842594,0.9085935914260691,0.8375151850921688,171798799993,489626365385,1.0,"краска для сколов во флаконе с кисточкой color1 для peugeot, цвет u17 - gris titanium","краска для сколов во флаконе с кисточкой color1 для skoda, цвет lf7u - seda stone/stone grey","вес: 0.075 kg; объем: 20 ml; цвет товара: gris titanium; тип: автоэмаль; назначение: бампер, колесные диски, кузов; форма выпуска: кисточка; дополнительная информация: средство для ремонта царапин. не требует печной сушки. на любой сезон. не опасен.; срок годности: 365 дн.","сезон: на любой сезон; бренд: color1; название цвета: seda stone/stone grey; образец цвета: https://cdn1.ozone.ru/s3/multimedia-b/6694191191.jpg; страна-изготовитель: россия; комплектация: флакон с краской - 1 шт; флакон с лаком - 1 шт; вид краски: быстросохнущая; тип: средство для ремонта царапин; вид техники: легковые автомобили; объем, мл: 20",0.075 | 20 | 365,1 | 20 | 6694191191,color1,color1,color1 | во | для | кисточкой | краска | с | сколов | флаконе | цвет,0.009356994,0.024286322,0.5,0,0,0.0,0.0,0.0,1.0,0.0,False,352187351110,30137,0.0,"краска для сколов во флаконе с кисточкой color1 для toyota, цвет d02 - silver","краска для сколов во флаконе с кисточкой color1 для toyota, цвет 22u - dahlia blue","вес: 0.075 kg; объем: 20 ml; цвет товара: silver; тип: автоэмаль; назначение: бампер, колесные диски, кузов; форма выпуска: кисточка; дополнительная информация: средство для ремонта царапин. не требует печной сушки. на любой сезон. не опасен.; срок годности: 365 дн.",сезон: на любой сезон; форма выпуска: готовый раствор; область применения: кузов; бренд: color1; название цвета: dahlia blue; страна-изготовитель: россия; упаковка: картонная коробка; тип: средство для ремонта царапин; вид техники: легковые автомобили,0.075 | 20 | 365,,color1,color1,color1 | toyota | во | для | кисточкой | краска | с | сколов | флаконе | цвет,0.008171796,0.028072394,0.6666666666666666,0,0,0.0,0.0,0.0,1.0,0.0,False,,
color_conflict,Музыкальные инструменты,0.8551902060977573,0.8805696334944182,0.7790519239077746,249108153951,429496743834,1.0,"evans / tt14ec2s пластик для малого и том барабана 14""","genera resonant пластик для том барабана 14"", резонансный, evans tt14gr",цвет: прозрачный; комплектация: 1 упаковка; валюта: rub,бренд: evans; цвет товара: разноцветный; вид музыкального аксессуара: пластик для барабана; назначение муз. аксессуара: для барабана; тип: аксессуар для ударных,1 | 14,14,tt14ec2s,tt14gr,14 | evans | барабана | для | пластик | том,0.026612375,0.024763135,0.46153846153846156,0,0,1.0,0.0,0.0,1.0,0.0,False,584115708283,240518275757,0.0,"evans bd22emad пластик для бас-барабана 22""","evans bd22rsw eq3 пластик для бас-барабана 22""",бренд: evans; цвет товара: прозрачный; вид музыкального аксессуара: пластик для барабана; назначение муз. аксессуара: для барабана; тип: аксессуар для ударных,"цвет товара: белый; тип: пластик; назначение: для бас-барабана; диаметр: 22""; количество слоев: 1; резонансный: есть; особенности: с демпфирующим кольцом",22,1 | 22,bd22emad,bd22rsw,22 | evans | барабана | бас | для | пластик,0.015414301,0.018347817,0.6666666666666666,0,0,1.0,0.0,0.0,1.0,0.0,False,,
color_conflict,Автотовары,0.7928054487679956,0.7293021234957449,0.9833154245847477,446676616895,704374690422,1.0,"краска для сколов во флаконе с кисточкой color1 для renault, цвет h30 - orange","краска для сколов во флаконе с кисточкой color1 для renault, цвет hnd - jaune","сезон: на любой сезон; бренд: color1; название цвета: orange; образец цвета: https://cdn1.ozone.ru/s3/multimedia-r/6691349835.jpg; страна-изготовитель: россия; комплектация: флакон с краской - 1 шт; флакон с лаком - 1 шт; вид краски: быстросохнущая; тип: средство для ремонта царапин; вид техники: легковые автомобили; объем, мл: 20","вес: 0.075 kg; объем: 20 ml; цвет товара: jaune; тип: автоэмаль; назначение: бампер, колесные диски, кузов; форма выпуска: кисточка; дополнительная информация: средство для ремонта царапин. не требует печной сушки. на любой сезон. не опасен.; срок годности: 365 дн.",1 | 20 | 6691349835,0.075 | 20 | 365,color1,color1,color1 | renault | во | для | кисточкой | краска | с | сколов | флаконе | цвет,0.006706863,0.024677016,0.7142857142857143,0,0,0.0,0.0,0.0,1.0,0.0,False,790274065220,850403548577,0.0,"краска для сколов во флаконе с кисточкой color1 для ford, цвет pvv - ice blue","краска для сколов во флаконе с кисточкой color1 для ford, цвет 3cta - blue print","сезон: на любой сезон; форма выпуска: готовый раствор; область применения: кузов; бренд: color1; название цвета: ice blue; образец цвета: https://cdn1.ozone.ru/s3/multimedia-q/6681396626.jpg; страна-изготовитель: россия; комплектация: флакон с краской - 1 шт; флакон с лаком - 1 шт; упаковка: картонная коробка; вид краски: быстросохнущая; тип: средство для ремонта царапин; вид техники: легковые автомобили; объем, мл: 20","вес: 0.075 kg; объем: 20 ml; цвет товара: blue print; тип: автоэмаль; назначение: бампер, колесные диски, кузов; форма выпуска: кисточка; дополнительная информация: средство для ремонта царапин. не требует печной сушки. на любой сезон. не опасен.; срок годности: 365 дн.",1 | 20 | 6681396626,0.075 | 20 | 365,color1,color1,blue | color1 | ford | во | для | кисточкой | краска | с | сколов | флаконе | цвет,0.024693077,0.031388,0.7333333333333333,0,0,0.0,0.0,0.0,1.0,0.0,False,,
color_conflict,Электроника,0.7795143631110295,0.7930714155114624,0.7388432059097306,566935828581,85899446507,1.0,дизайнерский силиконовый чехол для tecno spark 20 pro амонг ас обои,tecno / чехол на tecno spark 20 pro/текно спарк 20 про,код продавца: 82867_71_print_21880; бренд: 100gadgets; цвет товара: разноцветный; название цвета: амонг ас обои; вид чехла: накладка; тип: чехол для смартфона,"комплектация: чехол на tecno spark 20 pro/текно спарк 20 про - 1шт.; тип чехлов: силиконовый защитный бампер; совместимость: текно спарк 20 про; tecno spark 20 pro; материал изделия: силикон; тпу; полиуретан; цвет: вишнево-красный, бордово-фиолетовый, глубокий коричневый; декоративные элементы: принт; вид застежки: без застежки; особенности чехла: противоударный; чехол с напечатанным принтом; страна производства: китай; вес товара с упаковкой (г): 25 g; длина упаковки: 16 cm; высота упаковки: 1 cm; ширина упаковки: 8 cm; валюта: rub",20 | 21880 | 71 | 82867,1 | 16 | 20 | 25 | 8,100gadgets,,20 | pro | spark | tecno | чехол,0.014241369,0.015460778,0.3333333333333333,0,0,0.0,0.0,0.0,1.0,0.0,False,85899446507,455266589138,0.0,tecno / чехол на tecno spark 20 pro/текно спарк 20 про,"чехол на tecno spark 20 pro (для техно спарк 20 про) силикон с рисунком ""капли на филетовой траве""","комплектация: чехол на tecno spark 20 pro/текно спарк 20 про - 1шт.; тип чехлов: силиконовый защитный бампер; совместимость: текно спарк 20 про; tecno spark 20 pro; материал изделия: силикон; тпу; полиуретан; цвет: вишнево-красный, бордово-фиолетовый, глубокий коричневый; декоративные элементы: принт; вид застежки: без застежки; особенности чехла: противоударный; чехол с напечатанным принтом; страна производства: китай; вес товара с упаковкой (г): 25 g; длина упаковки: 16 cm; высота упаковки: 1 cm; ширина упаковки: 8 cm; валюта: rub","артикул: 115322; бренд: lovely case; цвет товара: белый; название цвета: капли на филетовой траве; страна-изготовитель: россия; подходит для устройств: tecno spark 20 pro; особенности: поддержка беспроводной зарядки; размеры основного отделения, мм: 77,6 x 169,6 x 9,4; вид чехла: накладка; материал: силикон; мин. диагональ, дюймы: 6.78; внешние размеры, мм: 77,6 x 169,6 x 9,4; комплектация: чехол; тип: чехол для смартфона; застежка: без застежки; вес товара, г: 24; макс. диагональ экрана, дюймы: 6.78",1 | 16 | 20 | 25 | 8,115322 | 169.6 | 20 | 24 | 6.78 | 77.6 | 9.4,,,20 | pro | spark | tecno | на | про | спарк | чехол,0.0076102987,0.012808555,0.47058823529411764,0,0,0.0,0.0,0.0,1.0,0.0,False,,
color_conflict,Ювелирные изделия,0.7764924856961576,0.7390749203903721,0.8887451816135141,730144522831,231928280817,1.0,обручальное кольцо золотое,золотой parad / обручальное кольцо золотое,"целевая аудитория: взрослая; артикул: оба040/18.5; бренд: золотой parad; коллекция: осень-зима 2023; цвет товара: желтый; страна-изготовитель: россия; о драгоценном металле: красное золото - золото в сплаве с серебром и медью. такое золото имеет много плюсов: оно не тускнеет, прочное и долговечное, устойчиво к деформациям. украшения из красного золота смотрятся благородно и всегда обращают на себя внимание.; вставка: без вставок; модель кольца: обручальное; проба: 585; комплектация: кольцо, бирка, бархатный мешочек; размер изделия: 18,5; пол: женский; тематика: свадебная; тип: кольцо; средний вес изделия, гр: 1.17; основной материал украшения: золото красное","состав ювелирного изделия: золото красное; золотое кольцо для подарка, свадьбы и помолвки; золотое кольцо ювелирные изделия; проба: 375; вставка: без вставки; покрытие: без покрытия; состав комплекта: кольцо; минимальный вес (г): 1.2 g; комплектация: пломба с биркой; подарочная упаковка; кольцо золотое; страна производства: россия; валюта: rub; российский размер: 18,5; цвет: золотистый, красный, желтый",1.17 | 18.5 | 2023 | 585,1.2 | 18.5 | 375,оба040,,золотое | кольцо | обручальное,0.12621012,0.075910605,0.6,0,0,0.0,0.0,0.0,1.0,0.0,False,515396146123,824633753269,0.0,sokolov / обручальное кольцо серебро 925 пробы ювелирное,роскошь кольцо обручальное серебро позолоченное 925 пробы,"состав ювелирного изделия: серебро; золото; проба: 925; вставка: без вставки; покрытие: золочение; серебро; золото; состав комплекта: кольцо; подарочная упаковка; минимальный вес (г): 2.94 g; комплектация: кольцо; бирка; пломба; упаковка; страна производства: россия; валюта: rub; российский размер: 16,5; цвет: золотистый","целевая аудитория: взрослая; артикул: 93110001_20,5; бренд: роскошь; коллекция: базовая коллекция; цвет товара: золотой; страна-изготовитель: россия; о драгоценном металле: позолоченное серебро. декоративное покрытие тонким слоем золота позволяет серебряным украшениям быть более стойкими к факторам окружающей среды, не окисляться и не чернеть. золото, предназначенное для нанесения позолоты, не имеет примесей.; детские украшения: нет; проба: 925; комплектация: кольцо, бирка, пломба; упаковка: подарочный мешочек; размер изделия: 20,5; пол: мужской; тематика: свадебная; тип: кольцо; вес товара, г: 1.52; средний вес изделия, гр: 1.52; основной материал украшения: серебро позолоченное",16.5 | 2.94 | 925,1.52 | 20.5 | 925 | 93110001,,,925 | кольцо | обручальное | пробы | серебро,0.16947159,0.13445084,0.5555555555555556,0,0,0.0,0.0,0.0,1.0,0.0,False,,
color_conflict,Электроника,0.7544456598659959,0.7200141217252829,0.8577402742881348,128849158901,8590061496,1.0,"soundcore наушники беспроводные с микрофоном, серый",soundcore / полноразмерные беспроводные наушники soundcore life tune,"акустическое оформление: закрытое; модуль связи bluetooth: 5,0; бренд: soundcore; цвет товара: серый; название цвета: серый; страна-изготовитель: китай; материал амбушюров: искусственная кожа; конструкция наушников: накладные; макс. частота, гц: 40000; наличие микрофона: да; мин. частота, гц: 16; шумоподавление: активное; комплектация: кабель для зарядки usb; импеданс, ом: 16; тип: наушники; гарантийный срок: 12 мес.; защита от влаги: да; вес товара, г: 240; подключение: беспроводное",модель: life tune; вид наушников: беспроводные tws наушники; тип подключения: bluetooth 5.0; совместимость: android; ios; тип крепления наушников: на голове; тип акустического оформления: закрытые беспроводные наушники; чувствительность: 95 дб; минимальная воспроизводимая частота: 16 hz; максимальная воспроизводимая частота: 40000 hz; импеданс: 16 ом; радиус беспроводной связи: 15 м; разъем подключения наушников: usb type-c; беспроводные интерфейсы: bluetooth; емкость аккумулятора: 720 мач; время зарядки: 120 мин; время работы от аккумулятора: 40 ч; цвет: черный; материал корпуса: пластик abs; гарантийный срок: 12 мес; страна производства: китай; вес товара без упаковки (г): 235 g; вес това…,12 | 16 | 240 | 40000 | 5.0,12 | 120 | 15 | 16 | 18 | 22 | 235 | 40 | 40000 | 5.0 | 535 | 7 | 720 | 95,,,soundcore | беспроводные | наушники,0.05093854,0.034084026,0.3333333333333333,0,0,0.0,0.0,0.0,1.0,0.0,False,463856522963,695784715984,0.0,наушники air беспроводные,наушники airpods беспроводные,"акустическое оформление: закрытое; время зарядки аккумулятора, мин: 90; модуль связи bluetooth: 5,0; бренд: exporium; способ зарядки: от кейса; цвет товара: белый; совместимые платформы: android; длина кабеля, см: 100; страна-изготовитель: китай; диаметр динамика, мм: 3; размеры, мм: 55*40*22; материал амбушюров: силикон; конструкция наушников: внутриканальные; разъем: lightning; управление наушниками: сенсорное; особенности наушников: голосовой помощник; крепление наушников: в ушной раковине; макс. частота, гц: 20000; наличие микрофона: да; мин. частота, гц: 20; шумоподавление: нет; комплектация: - коробка - 2 беспроводных наушника - кабель для зарядки lightning/usb type c - инструкция - к…",модель: pro; max; вид наушников: беспроводные внутриканальные; тип подключения: беспроводные; совместимость: apple; беспроводные интерфейсы: bluetooth; доп. опции наушников: беспроводные; микрофон; поддержка iphone; цвет: зеленый; материал корпуса: пластик; вес товара с упаковкой (г): 210 g; комплектация: наушники airpods pro; индивидуальная оригинальная упаковка; 2 пары сменных амбушюр; зарядная станция-футляр; кабель для зарядки; длина упаковки: 6 cm; высота упаковки: 23 cm; ширина упаковки: 23 cm; валюта: rub,1 | 100 | 120 | 2 | 20 | 20000 | 22 | 3 | 4 | 40 | 5.0 | 50 | 55 | 90,2 | 210 | 23 | 6,,,беспроводные | наушники,0.09041695,0.03821569,0.5,0,0,0.0,0.0,0.0,1.0,0.0,False,,
color_conflict,Автотовары,0.7325762450966466,0.6481856605065164,0.9857479988670377,231928386929,841813656219,1.0,"краска для сколов во флаконе с кисточкой color1 для nissan, цвет 54a - green golden","краска для сколов во флаконе с кисточкой color1 для nissan, цвет nh0 - dk green","вес: 0.075 kg; объем: 20 ml; цвет товара: green golden; тип: автоэмаль; назначение: бампер, колесные диски, кузов; форма выпуска: кисточка; дополнительная информация: средство для ремонта царапин. не требует печной сушки. на любой сезон. не опасен.; срок годности: 1 g.","сезон: на любой сезон; бренд: color1; название цвета: dk green; образец цвета: https://cdn1.ozone.ru/s3/multimedia-n/6663718679.jpg; страна-изготовитель: россия; комплектация: флакон с краской - 1 шт; флакон с лаком - 1 шт; вид краски: быстросохнущая; тип: средство для ремонта царапин; вид техники: легковые автомобили; объем, мл: 20",0.075 | 1 | 20,1 | 20 | 6663718679,color1,color1,color1 | green | nissan | во | для | кисточкой | краска | с | сколов | флаконе | цвет,0.019724227,0.031768825,0.7333333333333333,0,0,0.0,0.0,0.0,1.0,0.0,False,154618976756,584115714705,0.0,"краска для сколов во флаконе с кисточкой color1 для mazda, цвет 34m - cosmic blue","краска для сколов во флаконе с кисточкой color1 для mazda, цвет u1 - arctic blue","вес: 0.075 kg; объем: 40 ml; цвет товара: 34m - cosmic blue; тип: автоэмаль; назначение: бампер, колесные диски, кузов; форма выпуска: кисточка; дополнительная информация: средство для ремонта царапин. не требует печной сушки. на любой сезон. не опасен.; срок годности: 365 дн.","сезон: на любой сезон; бренд: color1; название цвета: arctic blue; образец цвета: https://cdn1.ozone.ru/s3/multimedia-h/6650572769.jpg; страна-изготовитель: россия; комплектация: флакон с краской - 1 шт; флакон с лаком - 1 шт; вид краски: быстросохнущая; тип: средство для ремонта царапин; вид техники: легковые автомобили; объем, мл: 20",0.075 | 365 | 40,1 | 20 | 6650572769,color1,color1,blue | color1 | mazda | во | для | кисточкой | краска | с | сколов | флаконе | цвет,0.013599181,0.0256496,0.7333333333333333,0,0,0.0,0.0,0.0,1.0,0.0,False,,
color_conflict,Ювелирные изделия,0.721157954437119,0.762914381777494,0.5958886724159939,670014983471,94489283066,1.0,sokolov / подвеска кулон из серебра 925 пробы с корундами,подвеска из серебра балерина,"состав ювелирного изделия: серебро; проба: 925; вставка: корунд; чистота вставки: 7 × корунд синт.недраг розовый трапеция 5.00*2.50*1.50 ~1,400 кар; покрытие: родий; серебро; минимальный вес (г): 1.9 g; длина подвески: 34 mm; ширина подвески: 17 mm; состав комплекта: подвеска; подарочная упаковка; комплектация: подвеска; бирка; пломба; упаковка; страна производства: россия; валюта: rub; цвет: серебристый","целевая аудитория: взрослая; артикул: 894032833; бренд: serebro; коллекция: базовая коллекция; цвет товара: розовый; страна-изготовитель: россия; о драгоценном металле: родированное серебро - покрытие тонким слоем родия (металл платиновой группы) предохраняет серебряные изделия от почернения и позволяет сохранить блеск. внешний вид изделий с родированным покрытием отличается более блестящей и белой поверхностью.; вставка: корунд синтетический; количество камней: россыпь камней; о главном камне украшения: корунд синтетический часто выступает как аналог сапфира и/или рубина. цена на ювелирные изделия с натуральными сапфирами и рубинами довольно высока, но благодаря производству синтетических …",1.400 | 1.50 | 1.9 | 17 | 2.50 | 34 | 5.00 | 7 | 925,2.02 | 894032833 | 925,,,из | подвеска | серебра,0.026274633,0.023564357,0.3,0,0,0.0,0.0,0.0,1.0,0.0,True,206158567090,249108223508,0.0,multisilver / подвеска на шею серебро 925,подвеска на шею серебро 925,"состав ювелирного изделия: серебро; проба: 925; вставка: без вставки; покрытие: родий; минимальный вес (г): 0.3 g; состав комплекта: подвеска; подарочная упаковка; комплектация: серебряная подвеска; бирка; пломба; подарочная упаковка; страна производства: россия; валюта: rub; цвет: серый, серебристый","целевая аудитория: взрослая; артикул: 41030001-3; бренд: кустов; коллекция: базовая коллекция; цвет товара: серебристый; страна-изготовитель: россия; размеры, мм: 20; о драгоценном металле: оксидированное серебро - серебро, покрытое тонкой оксидной пленкой. эта пленка наносится на поверхность серебра с целью защитить металл от потускнения, улучшить его декоративные свойства и сделать его стойким к коррозии.; вставка: без вставки; дизайн: заяц; детские украшения: да; длина украшения, см: 2.0; вид замка: без замка; проба: 925; комплектация: подвеска подарочная упаковка; упаковка: картонная коробка; пол: женский; тематика украшения: животные и птицы; тип: подвеска ювелирная; вес товара, г: 1.7…",0.3 | 925,1.7 | 2.0 | 20 | 3 | 41030001 | 925,,,925 | на | подвеска | серебро | шею,0.043703154,0.030546943,0.8333333333333334,0,0,0.0,0.0,0.0,1.0,0.0,False,,
color_conflict,Дом и сад,0.7188515107633952,0.8389029321486797,0.35869724660754143,8589978073,68719499678,1.0,ковровая дорожка 100х550 см на войлочной основе,star-carpet / ковровая дорожка 100х500 см p2421a1r51 на войлочной основе,"артикул: p2616a2p.r.91-100550; бренд: star carpet; основа ковра: войлок; плотность ковра, узлов/кв.м: 168000; цвет товара: светло-серый; название цвета: p2616a2p r 91; образец цвета: https://cdn1.ozone.ru/s3/multimedia-1/6831667765.jpg; страна-изготовитель: беларусь; форма ковра: дорожка; длина, м: 5.5; вид выпуска товара: фабричное производство; материал: полиамид; комплектация: ковровая дорожка - 1 шт; вид принта: геометрический; комната: балкон; стиль дизайна: молодежный; размер упаковки (длина х ширина х высота), см: 25х100х25; тип: ковровая дорожка; ширина, м: 1; высота ворса, мм: 3","материал изделия: полиамид; основа коврика: войлок; толщина предмета: 0.3 cm; ширина предмета: 100 cm; вес без упаковки (кг): 4.5 kg; вес с упаковкой (кг): 4.6 kg; цвет: черный, серый, оранжево-желтый; декоративные элементы: без элементов; страна производства: беларусь; комплектация: ковровая дорожка - 1 шт; длина упаковки: 21 cm; высота упаковки: 21 cm; ширина упаковки: 100 cm; валюта: rub",1 | 100550 | 168000 | 3 | 5.5 | 6831667765 | 91,0.3 | 1 | 100 | 21 | 4.5 | 4.6,100х550 | 25х100х25 | multimedia1 | p2616a2p,100х500 | p2421a1r51,войлочной | дорожка | ковровая | на | основе | см,0.0061428356,0.011531127,0.5454545454545454,0,0,1.0,0.0,0.0,1.0,0.0,False,515396199553,438086754763,0.0,"витебские ковры ковровая дорожка ширина 90 см, длина 380 см / ковровая дорожка на войлочной основе / ковровая дорожка ширина 0,9 м","ковровая дорожка / ковровая дорожка ширина 110 см, длина 400 см / ковровая дорожка на войлочной основе / ковровая дорожка метражом",цвет товара: серый/темно-серый; тип: ковровая дорожка; длина: 3.8; ширина: 0.9; толщина: 3 mm; высота ворса: 3 mm; форма: прямоугольная; материал основы: войлок; способ производства: машинный; тип рисунка: классический; вес: 3.77 kg; габариты транспортной упаковки: 22.50х93х22.50 см; вес в транспортной упаковке: 3.77 kg,"артикул: д260\110\400; бренд: нет бренда; основа ковра: войлок; цвет товара: серый; образец цвета: https://cdn1.ozone.ru/s3/multimedia-l/6834979317.jpg; форма ковра: дорожка; длина, м: 4; вид выпуска товара: фабричное производство; материал: искусственные материалы; комплектация: одна ковровая дорожка; единиц в одном товаре: 1; комната: гардероб; тип: ковровая дорожка; ширина, м: 1.1; высота ворса, мм: 3",0.9 | 22 | 3 | 3.77 | 3.8 | 380 | 50 | 90,1 | 1.1 | 110 | 3 | 4 | 400 | 6834979317,50х93х22,,cm | войлочной | длина | дорожка | ковровая | на | основе | ширина,0.0031463634,0.012899272,0.4444444444444444,1,1,0.0,0.0,0.0,1.0,0.0,False,,
memory_conflict,Автотовары,0.7910262203426773,0.8381820776238768,0.6495586484990791,773094138586,790274125558,1.0,штатная магнитола teyes cc2 plus 4/64 hyundai santa fe 2 (2006-2012),штатная магнитола teyes spro plus 4/64 nissan qashqai 2 (2013-2021) f2 климат контроль тип-c,"bluetooth: да; бренд: teyes; количество ядер: 8; модель тс: santa fe; совместимые платформы: android; страна-изготовитель: китай; диагональ экрана: 9""; количество встроенной памяти, гб: 64; особенности: ос android; навигационные системы: gps; комплектация: полный комплект для установки - планшет, рамка, проводка (can - при необходимости); партномер (артикул производителя): 1474cc2plus4-9; оперативная память, гб: 4; разрешение экрана: 1280x720; особенности экрана: сенсорное управление; тип экрана: qled; марка тс: hyundai; гарантийный срок: 3 года; беспроводная связь: bluetooth","поддержка sim-карты: есть; процессор: unisoc ums512, ядра: 8; усилитель: есть; gps: есть; глонасс: есть; напряжение питания: 12 в; rds: есть; эквалайзер: есть; количество полос эквалайзера: 16; тип интерфейса cd-ченджера: нет; типоразмер: 2 din; марка автомобиля: nissan; модель автомобиля: nissan qashqai+2; ширина: 300 mm; высота: 200 mm; вес: 2100 g; подробная комплектация: салфетка; крепление на салазках: есть; встроенная память: есть; объем встроенной памяти: 64 gb; объем оперативной памяти: 4 gb; usb-порт: есть; bluetooth: есть; wi-fi: есть; поддержка камеры заднего вида: есть; тип дисплея: многоцветный; русскоязычное меню: есть; диагональ дисплея: 10 ""; сенсорный дисплей: есть; поддерж…",2 | 2006 | 2012 | 3 | 4 | 64 | 8 | 9,10 | 12 | 16 | 2 | 200 | 2013 | 2021 | 2100 | 300 | 4 | 64 | 8,1280x720 | 1474cc2plus49,ums512,2 | 4 | 64 | plus | teyes | магнитола | штатная,0.015460946,0.011051151,0.30434782608695654,2,0,0.0,1.0,1.0,0.0,0.0,False,343597454791,386547074714,0.0,"штатная магнитола teyes cc2l plus renault duster 1 2010-2015 / nissan terrano 3 2014-2022 9"", 1+16g","штатная магнитола teyes cc2l plus mitsubishi lancer 9 cs 2000-2010 9"" 1+16g","bluetooth: да; бренд: teyes; страна-изготовитель: китай; количество встроенной памяти, гб: 1; передняя панель: фиксированная; комплектация: установочный комплект, магнитола; оперативная память, гб: 16; разрешение экрана: 1280x720; типоразмер: штатное место; гарантийный срок: 1 год","процессор: unisoc uis8141e, ядра: 4; цвет товара: черный; усилитель: есть; gps: есть; глонасс: есть; напряжение питания: 12 в; радиоприемник: есть; автопоиск станций: есть; эквалайзер: есть; количество полос эквалайзера: 15; тип интерфейса cd-ченджера: нет; типоразмер: в штатное место; марка автомобиля: mitsubishi; модель автомобиля: mitsubishi lancer; вес: 1800 g; подробная комплектация: головное устройство, переходная рамка, комплект проводов для подключения к авто, gps антенна, usb провод, провода аудио и видео, шурупы и отвертка, схема подключения проводов, электронная инструкция; крепление на салазках: есть; встроенная память: есть; тип встроенной памяти: жесткий диск; объем встроенной…",1 | 16 | 2010 | 2014 | 2015 | 2022 | 3 | 9,1 | 12 | 1280 | 15 | 16 | 1800 | 2000 | 2010 | 4 | 50 | 720 | 8.1 | 9,1280x720,uis8141e,1 | 16 | 2010 | 9 | cc2l | g | plus | teyes | магнитола | штатная,0.136608,0.09234531,0.45454545454545453,1,0,0.0,0.0,1.0,0.0,0.0,True,,
model_conflict,Обувь,0.991264208870775,0.9999999999999998,0.9650568354831011,11135,575525698156,1.0,кроссовки dunks nike,shoeslaboratory / кроссовки nike sb dunk,"целевая аудитория: взрослая; бренд в одежде и обуви: dunks; страна бренда: сша; коллекция: весна-лето 2024; цвет товара: разноцветный; название цвета: color2; страна-изготовитель: китай; особенности модели: контрастная строчка; высота каблука, см: 3; материал подкладки обуви: eva; материал стельки: lunarlon+текстиль; материал верха: композиционная кожа; ортопедический: нет; высота платформы, см: 3; российский размер: 36; сезон: на любой сезон; серия в одежде и обуви: nike; пол: мужской; вид застежки: шнурки; посадка: нормальная; высота подошвы, см: 3; информация о размерах: 36-47; размер производителя: eur37; материал подошвы обуви: резиновая смесь; тип пронации: нейтральная; спортивное наз…","состав: текстиль; цвет: дикий кактус, бежевый, коричневый; сезон: круглогодичный; демисезон; лето; материал подошвы обуви: резина; материал подкладки обуви: текстиль; материал стельки: текстиль; высота подошвы: 4 cm; полнота обуви (eur): f (6); особенности модели: cactus jack; страна производства: тайвань; тип пронации: нейтральная; комплектация: кроссовки кроссовки nike sb dunk - 1 пара; валюта: rub; российский размер: 39",1 | 2024 | 3 | 36 | 47,1 | 39 | 4 | 6,color2 | eur37,,nike | кроссовки,0.06305103,0.0404724,0.3333333333333333,0,0,0.0,1.0,0.0,1.0,0.0,False,343597525347,704374636756,0.0,кроссовки nike,"кроссовки nike air max, размер 42 eu, серый",целевая аудитория: взрослая; бренд в одежде и обуви: nike; страна бренда: германия; коллекция: базовая коллекция; цвет товара: разноцветный; страна-изготовитель: китай; особенности модели: легкая модель; материал подкладки обуви: текстилен; материал стельки: эва (вспененный полимер)+текстиль; материал верха: натуральная кожа; материал: натуральная кожа; ортопедический: нет; российский размер: 36; сезон: на любой сезон; пол: мужской; вид застежки: шнурки; посадка: нормальная; размер производителя: eur 37; материал подошвы обуви: резиновая смесь; спортивное назначение: городошный спорт; вид каблука: без каблука,"цвет товара: серый; бренд: nike; артикул: cw4555-015; модель: air max; вид спорта: бег, повседневные, спорт-стиль, фитнес; материал верха: искусственная кожа, натуральная кожа, текстиль; материал подкладки: текстиль; материал стельки: текстиль; материал подошвы: резина; шнуровка: шнуровка; особенности модели: низкие; технология: max air; сезон: демисезон/лето; размер: 42 eu",36 | 37,015 | 42,,cw4555015,nike | кроссовки,0.10244918,0.12154503,0.25,0,0,0.0,1.0,0.0,1.0,0.0,False,,
model_conflict,Автотовары,0.9413719238462248,1.0000000000000002,0.7654876953848981,171798769501,738734465274,1.0,фильтр топливный,mahle/knecht фильтр топливный,"артикул: sakurafc62150; бренд: sakura; количество, штук: 1; oem-номер: fc62150; wdk9401; ff5785; 17224161; 5361117075; fg1066; 11170016300000; 1117011630000 w; 111705073d; f026402151; cs0162m; sk3045; 93735; 6113; т6113; nf3511; eko03328; 93047; 01182671; wp4160; еко0353; фт0471117010; 536111707501; 0471117010; 0461117010; d5010477855; difaт6113; 6501117075; фт0461117010; фт30559; 8220531sx; 2415500; 120035rx; t6103; 75111117075; kfфт010001; nf3551; еко031; leo100044a; wdk999; vg1092080009; 11170116300000 w; 6501117039b; дфт1901; фт010003; sn70440; 471117010; kfфт010003; фт305480471117010; ft0461117010; 534431117010; fcp2426; eko328; kfфt010002; zp3379fmb; h563wk; 053600111707500; дфт190104…",артикул производителя: kl174; бренд: mahle/knecht; код товара: 100040430893,01182671 | 0461117010 | 0471117010 | 053600111707500 | 1 | 11015020 | 11170016300000 | 1117011630000 | 11170116300000 | 17224161 | 2415500 | 410030172 | 41117010 | 471117010 | 53401117075 | 534431117010 | 5361117075 | 536111707501 | 53611170756104 | 5602 | 6113 | 6501117075 | 70104068 | 75111117075 | 93047 | 93735,100040430893,111705073d | 111705073d1 | 120035rx | 6501117039b | 8220531sx | cs0162m | d5010477855 | difaт6113 | eko03328 | eko328 | f026402151 | fc62150 | fcp2426 | ff5470 | ff5785 | fg1066 | ft0461117010 | ft0471117010 | gb6482 | h563wk | kf3047pr | kf3047sp | kf3941pr | kfft0100010p | kfфt010002 | kfфт010001 | kfфт010003 | leo100044a | mf7005 | nf3511 | nf3551 | psp9401 | rg5361117075 | rl6141bd63 | sakurafc62150 | sk3045 | sn70440 | t12395001 | t12397009 | t6103 | ut5219l | vg1092080009 | vg1540080310 | wdk9401 | wdk999 | wk94020 | wp4160 | ws15003001 | ya00078643 | z34620 | zp3379fmb | дфт1901 | дфт19010471117010 | еко031 | еко0353 | т6113 | фт010003 | фт0461117010 | фт0471117010 | фт305480471117010 | фт30559,kl174,топливный | фильтр,0.017587384,0.024170285,0.5,0,0,0.0,1.0,0.0,0.0,0.0,True,137438998770,463856484503,0.0,фильтр топливный,metaco фильтр топливный,артикул: milestaffm078; бренд: miles; партномер (артикул производителя): affm078; тип: фильтр топливный; вид техники: легковые автомобили,бренд: metaco; артикул производителя: 1030013; примечание: внешний вид изделия может отличаться от фотографий; код товара: 100054905313,,100054905313 | 1030013,affm078 | milestaffm078,,топливный | фильтр,0.04454855,0.027642405,0.6666666666666666,0,0,0.0,1.0,0.0,0.0,0.0,False,,
model_conflict,Автотовары,0.8812021091503507,1.0,0.5248084366014029,627065378814,704374644620,1.0,tmi tatsumi колодки тормозные tca1075,/ колодки тормозные дисковые задние toyota,артикул: tmi tatsumi_tca1075; бренд: tmi tatsumi; oem-номер: 0446533270; 0446504080; 0446508030; 0446521020; 0446528510; 0446533280; 0446533350; 0446565020; 0446565021; 04465yzzea; партномер (артикул производителя): tca1075; тип: колодки тормозные; вид техники: легковые автомобили,артикул производителя: tca1053; оем номер: tca1053; страна производства: япония; комплектация: комплектация в описании; длина упаковки: 5 cm; высота упаковки: 30 cm; ширина упаковки: 35 cm; валюта: rub,0446504080 | 0446508030 | 0446521020 | 0446528510 | 0446533270 | 0446533280 | 0446533350 | 0446565020 | 0446565021,30 | 35 | 5,04465yzzea | tca1075,tca1053,колодки | тормозные,0.043941207,0.04420651,0.25,0,0,0.0,1.0,0.0,0.0,1.0,False,601295449044,103079263397,0.0,partra колодки тормозные,"ween колодки тормозные дисковые, арт. 1511118",тип: колодки тормозные; модель автомобиля: mazda cx-5,артикул: 1593610; бренд: ween; партномер (артикул производителя): 1511118; тип: колодки тормозные; вид колодок: дисковые,5,1511118 | 1593610,cx5,,колодки | тормозные,0.11646592,0.1294228,0.2857142857142857,0,0,0.0,1.0,0.0,0.0,0.0,False,,
model_conflict,Ювелирные изделия,0.8793759782818226,0.8654358818869773,0.9211962674663585,386547170680,163208885069,1.0,zoloto.gold кольцо золото красное 585 пробы,"zoloto.gold кольцо обручальное zoloto.gold, золото, 585 проба, размер 23.5","целевая аудитория: взрослая; артикул: классика 4.0-23,5z; бренд: zoloto.gold; коллекция: базовая коллекция; цвет товара: красный; страна-изготовитель: россия; вставка: без вставки; вид кольца: обручальное; проба: 585; комплектация: кольцо, бирка, пломба, стильная белая коробочка с черным бархатом внутри, в которой украшения плотно фиксируются. каждое изделие проверяется и полируется вручную!; упаковка: подарочная коробка; размер изделия: 23,5; пол: мужской; тематика украшения: свадебная; тип: кольцо ювелирное; средний вес изделия, гр: 2.75; состав ювелирного изделия: золото красное","размер кольца: 23.5; тип: кольцо; модель: обручальное; пол: женский, мужской, унисекс; вид металла: золото; проба: 585; средний вес изделия: 2.75; вставка: без вставок",2.75 | 23 | 23.5 | 4.0 | 585,2.75 | 23.5 | 585,,,585 | gold | zoloto | золото | кольцо,0.11019552,0.10029199,0.4166666666666667,0,0,0.0,1.0,0.0,0.0,0.0,False,730144459299,386547170680,0.0,"zoloto.gold кольцо обручальное zoloto.gold, красное золото, 585 проба, размер 15.5",zoloto.gold кольцо золото красное 585 пробы,"размер кольца: 15.5; тип: кольцо; модель: обручальное; пол: женский, мужской, унисекс; вид металла: золото; тип золота: красное; проба: 585; средний вес изделия: 1.42; вставка: без вставок","целевая аудитория: взрослая; артикул: классика 4.0-23,5z; бренд: zoloto.gold; коллекция: базовая коллекция; цвет товара: красный; страна-изготовитель: россия; вставка: без вставки; вид кольца: обручальное; проба: 585; комплектация: кольцо, бирка, пломба, стильная белая коробочка с черным бархатом внутри, в которой украшения плотно фиксируются. каждое изделие проверяется и полируется вручную!; упаковка: подарочная коробка; размер изделия: 23,5; пол: мужской; тематика украшения: свадебная; тип: кольцо ювелирное; средний вес изделия, гр: 2.75; состав ювелирного изделия: золото красное",1.42 | 15.5 | 585,2.75 | 23 | 23.5 | 4.0 | 585,,,585 | gold | zoloto | золото | кольцо | красное,0.13750878,0.1253748,0.5,0,0,0.0,1.0,0.0,0.0,0.0,False,,
model_conflict,Автотовары,0.7925287860401007,0.7857461106851505,0.8128768121049511,420906881228,738734459274,1.0,"metaco фильтр топливный арт. 1030126, 1 шт.",фильтр топливный metaco 1030-078,артикул: nsii0019779745.6987; бренд: metaco; oem-номер: gb95090; fap2265; ma1379; ta4100; 8450033130; 77143; af27040; an1173; fa180; gir04033; glaf15; ib771140; lf1151; pf1794; sb2436; партномер (артикул производителя): 1030126; единиц в одном товаре: 1; тип: фильтр топливный,"модель автомобиля: alfa romeo 164, citroen ax, citroen bx, citroen c15, citroen visa, citroen xantia, citroen zx, fiat regata, great wall safe, opel astra, opel calibra, opel frontera, opel kadett, opel monterey, opel omega, opel vectra, peugeot 306, peugeot 309, skoda felicia; тип: топливный фильтр; код производителя: 1030-078",1 | 1030126 | 6987 | 77143 | 8450033130,078 | 1030 | 164 | 306 | 309,af27040 | an1173 | fa180 | fap2265 | gb95090 | gir04033 | glaf15 | ib771140 | lf1151 | ma1379 | nsii0019779745 | pf1794 | sb2436 | ta4100,,metaco | топливный | фильтр,0.048768118,0.057964895,0.3333333333333333,0,0,0.0,1.0,0.0,0.0,0.0,False,369367320764,463856484503,0.0,фильтр топливный,metaco фильтр топливный,альтернативные артикулы товара: 3111226055|kr1116f|3111226050|hs110049; артикул: patronhs110049; бренд: patron; oem-номер: 3111226055; партномер (артикул производителя): hs110049; тип: фильтр топливный; вид техники: легковые автомобили,бренд: metaco; артикул производителя: 1030013; примечание: внешний вид изделия может отличаться от фотографий; код товара: 100054905313,3111226050 | 3111226055,100054905313 | 1030013,hs110049 | kr1116f | patronhs110049,,топливный | фильтр,0.026915088,0.022356298,0.6666666666666666,0,0,0.0,1.0,0.0,0.0,0.0,False,,
model_conflict,Автотовары,0.7915842910483433,0.8381614343493069,0.6518528611454526,704374793569,17179945333,1.0,bsg / колодки тормозные дисковые передние,bsg колодки тормозные bsg 30-200-037,артикул производителя: bsg90-200-016; длина упаковки: 15 cm; высота упаковки: 20 cm; ширина упаковки: 15 cm; валюта: rub,"артикул: nsii0012977260.6987; бренд: bsg; количество, штук: 1; oem-номер: 1815287; bk3w1109ja; ft23075; партномер (артикул производителя): bsg 30-200-037; тип: колодки тормозные",016 | 15 | 20 | 200,037 | 1 | 1815287 | 200 | 30 | 6987,bsg90200016,bk3w1109ja | ft23075 | nsii0012977260,bsg | колодки | тормозные,0.030597227,0.040172003,0.375,0,0,0.0,1.0,0.0,0.0,0.0,False,764504318389,790274109401,0.0,колодки тормозные,колодки тормозные,артикул: quattrofreniqf84600; бренд: qf quattro freni; oem-номер: adr340211; 3000048; kdy93328z9c; k0y13328za; партномер (артикул производителя): qf84600; тип: колодки тормозные,артикул производителя: 47104; страна производства: китай; вес товара с упаковкой (г): 520 g; длина упаковки: 8 cm; высота упаковки: 19 cm; ширина упаковки: 8 cm; валюта: rub,3000048,19 | 47104 | 520 | 8,adr340211 | k0y13328za | kdy93328z9c | qf84600 | quattrofreniqf84600,,колодки | тормозные,0.0129994545,0.008095387,1.0,0,0,0.0,1.0,0.0,0.0,0.0,False,,
model_conflict,Ювелирные изделия,0.7575054146293111,0.7514782381849644,0.7755869439623511,738734488669,798863956026,1.0,юверос кольцо серебряное обручальное мужское,"юверос кольцо обручальное юверос, серебро, 925 проба, родирование, размер 16, белый","целевая аудитория: взрослая; артикул: а086/19.0; бренд: юверос; бриллиант: 0; коллекция: весна-лето 2022; цвет товара: белый; страна-изготовитель: россия; размеры, мм: 190; о драгоценном металле: родированное серебро - покрытие тонким слоем родия (металл платиновой группы) предохраняет серебряные изделия от почернения и позволяет сохранить блеск. внешний вид изделий с родированным покрытием отличается более блестящей и белой поверхностью.; проба: 925; комплектация: кольцо, бирка; упаковка: подарочная упаковка; размер изделия: 19; пол: мужской; тематика: свадебная; тип: кольцо; вес товара, г: 3.68; средний вес изделия, гр: 3.68; основной материал украшения: серебро",тип: кольцо; модель: обручальное; пол: женский; вид металла: серебро; отделка: родирование; проба: 925; средний вес изделия: 2.92; вставка: без вставок; размер кольца: 16,0 | 19 | 19.0 | 190 | 2022 | 3.68 | 925,16 | 2.92 | 925,,,кольцо | обручальное | юверос,0.11022404,0.121989034,0.25,0,0,0.0,1.0,0.0,0.0,0.0,False,377957139375,120259123302,0.0,юверос кольцо,"юверос кольцо обручальное юверос, комбинированное золото, 585 проба, размер 18.5","целевая аудитория: взрослая; артикул: 100307/17.5; бренд: юверос; коллекция: базовая коллекция; страна-изготовитель: россия; вставка: без вставок; детские украшения: нет; проба: 585; размер изделия: 17,5; пол: женский; тематика: свадебная; тип: кольцо ювелирное; средний вес изделия, гр: 5.17; основной материал украшения: золото комбинированное",тип: кольцо; модель: обручальное; пол: мужской; вид металла: золото; тип золота: комбинированное; проба: 585; средний вес изделия: 7.92; размер кольца: 18.5,100307 | 17.5 | 5.17 | 585,18.5 | 585 | 7.92,,,кольцо | юверос,0.23786068,0.4506572,0.2,0,0,0.0,1.0,0.0,0.0,0.0,False,,
model_conflict,Автотовары,0.7250048524367982,0.6800501532536463,0.8598689499862544,627065377073,17179913693,1.0,амортизатор подвески miles dg02229,"miles амортизатор подвески, арт. dg00224-01",артикул производителя: dg02229; бренд: miles; примечание: внешний вид изделия может отличаться от фотографий; цена за: 1 шт.; тип: амортизатор; oem: нет; материал: металл; код товара: 100038232146,"артикул: 219667; бренд: miles; oem-номер: 365025, 90236448, 90272631, 96208556, 665036, o22049lr, 0344077, 96226992, dm00205, 365501; комплектация: амортизатор - 1 шт.; партномер (артикул производителя): dg00224-01; тип: амортизатор подвески",1 | 100038232146,01 | 0344077 | 1 | 219667 | 365025 | 365501 | 665036 | 90236448 | 90272631 | 96208556 | 96226992,dg02229,dg0022401 | dm00205 | o22049lr,miles | амортизатор | подвески,0.031580865,0.057348628,0.42857142857142855,0,0,1.0,1.0,0.0,0.0,0.0,False,609885502253,755914365151,0.0,амортизатор подвески monroe g16767,амортизатор подвески monroe g16598,артикул производителя: g16767; бренд: monroe; примечание: внешний вид изделия может отличаться от фотографий; цена за: 1 шт.; тип: амортизатор; oem: нет; материал: металл; код товара: 100023956879,"артикул: 3212382; бренд: нет бренда; страна-изготовитель: сша; количество, штук: 1; партномер (артикул производителя): 3212382; тип: амортизатор рулевого управления",1 | 100023956879,1 | 3212382,g16767,g16598,monroe | амортизатор | подвески,0.020466179,0.03226292,0.6,0,0,1.0,1.0,0.0,0.0,0.0,False,,
model_conflict,Автотовары,0.6972917679186572,0.7608655882434061,0.5065703069444104,438086776977,274877949292,1.0,"aplus наконечник рулевой, арт. 25338ap, 1 шт.",aplus / наконечник рулевой тяги перед прав,"артикул: nsii0022055695.6987; бренд: aplus; количество, штук: 1; oem-номер: c9077; sabbhrl; 0801001 l; 20201fa060; 20201fa080; 20204fe120; pse1758; qf30d00056; ru353l; tef1721; grm14273; ru708; 42789; 20201aa061; 86942789; aw1420250; bu8402; goj708; gom708; n4237002; s58801; skta1060428; susb14935; партномер (артикул производителя): 25338ap; тип: наконечник рулевой",артикул производителя: 15615ap; оем номер: g26a32280; gj6e32280a; gj6e32280; 3802013; ta1971; 24024; 917075; 51933; cemz41; mdes2362; 3432901; me1631r; 325023220; sgst2121; 5104504sx; l50151; 35160200033; j4833001; dlzgj6e32280; rema701r; 5710419; tsp1162; 5033242; gj6a32280; se1631r; 0521ggr; g26a32280a; adm58740; zvgj6e32280; 42470; 83942470; c4098r; adm58760; mzgj6e32280; ate0405r; 23020515; su20114; skzmz019; mdes2362; 0521ggr; j4833001; 07030741; sn2169; rugj32280m6; jse0011r; degj32280m6; 22111ap; aw1310518r; as3207; c16fdm0200; mza78559; n1315; r8g26a32280; sp32002; 11103348r; ti348r; 5171019asx; v329549; q0350195; qf33e00092; ste11413ar; 3844600480; cemz41p; 7030741; 1130030182; se1…,0801001 | 1 | 42789 | 6987 | 86942789,01747 | 07030741 | 09768 | 1130030182 | 1309209 | 23020515 | 24024 | 27 | 301191605430 | 325023220 | 3432901 | 35160200033 | 3802013 | 3844600480 | 4204545 | 42470 | 49401821 | 5033242 | 51341 | 51933 | 5710419 | 600741 | 690750 | 7 | 7030741 | 76905 | 83924024 | 83942470 | 840107610 | 850050151 | 9 | 91080451 | 917075 | 9951933,20201aa061 | 20201fa060 | 20201fa080 | 20204fe120 | 25338ap | aw1420250 | bu8402 | c9077 | goj708 | gom708 | grm14273 | n4237002 | nsii0022055695 | pse1758 | qf30d00056 | ru353l | ru708 | s58801 | skta1060428 | susb14935 | tef1721,0521ggr | 0521mz6r | 11103348r | 14aj355 | 14tr768 | 14tr804 | 151ce2357 | 15615ap | 22111ap | 4000115r | 460n10038z | 4rkf34738 | 5104504sx | 5171019asx | 777c32711 | a0248010 | a321162 | adm58740 | adm58760 | as3207 | asb42705 | asi05187 | ate0405r | aw1310518r | btr5093 | c16fdm0200 | c4098r | ce0462 | cemz41 | cemz41p | ctre2158 | dc17229 | degj32280m6 | dlzgj6e32280 | dra39505 | el1239 | et25631r | ff3u34312 | frx34760 | fs1134r | g11279 | g26a32280 | g26a32280a | gj6a32280 | gj6e32280 | gj6e32280a | gj6e32280map | gsp201153 | hqe0099r | j4833001 | jse0011r | jte7585 | k301095 | kat0927maz | ktr1316 | l50151 | ln10127 | m410a25 | m8070102 | ma701 | mdes2362 | me1631r | mtg055237 | mz330019r | mz711 | mza78559 | mzgj6e32280 | n1315 | n1a35355 | nu7se33974 | pq5100254 | ps1373r | ps21137 | q0350195 | q0350436 | qf33e00092 | qs0542hq | r8g26a32280 | re2701r | rema701r | rugj32280m6 | se141 | se1472 | se1631r | sgst2121 | skzmz019 | skzmz020 | sn2169 | sp32002 | ste11413ar | stgj6e32280 | su20114 | ta1971 | tec1744r | ti348r | tsp1162 | v329549 | z10923 | zvgj6e32280 | zzxv37220,aplus | наконечник | рулевой,0.027392205,0.037150353,0.3,0,0,0.0,1.0,0.0,0.0,1.0,True,747324476277,51539662154,0.0,moog наконечник рулевой тяги,наконечник рулевой тяги 53434,артикул производителя: voes8227; бренд: moog; примечание: внешний вид изделия может отличаться от фотографий; тип запчасти: рулевой наконечник; цена за: 1 шт.; код товара: 100056306480,артикул: pk#53434@sidem; бренд: нет бренда; партномер (артикул производителя): 53434; тип: наконечник рулевой,1 | 100056306480,53434,voes8227,,наконечник | рулевой | тяги,0.08111578,0.06791719,0.6,0,0,0.0,1.0,0.0,0.0,0.0,False,,
model_conflict,Автотовары,0.6474246046058098,0.5704602281877971,0.8783177338598479,498216259854,335007531518,1.0,filtron / фильтр воздушный filtron ap134 10,filtron фильтр воздушный арт. ap1347,артикул производителя: ap134/10; оем номер: paf5469; caf101106p; b13mr0140; lx 2061/1; la-2070; 16-12 321 0018; wg1216183; 180042410; wg2222276; ag 325/3; 1715042; p523a; 30.688.00; wg1019291; adr162221; dp1110.10.0538; 20043; 33006-lf-pcs-ms; lvfa1626; 728700; 20-00-043; b2r067pr; lfaf572; s 3688 a; v46-0896; fai152; ag 325; 50014568; afau133; qfa0921; ca11652; 26-0998; a-25990; sb 2343; wg2152157; f228801; md-8738; a141769; r132t04; 1500582; wg2206426; a43001; e1104l; 60126; elp9343; k 7046; 801001290; eaf3629.10; fa1051; dfa0701; daf2061/1; fa194z; a1576; cp 0120 f; a2500; f 026 400 377; sa 4128; 18597; ar11652pms; eaf828; 1682949680; 140-4002; lf-1975; b13cr0068; pa3613; wa9754; bfa2463…,"артикул: 1090198; бренд: filtron; высота, мм: 57; oem-номер: e147244; 165460588r; 165469040r; 1654600qar; 16546bn70a; 1654600q2m; 16546bc40a; 16546bn701; 2232400qab; 1000204; 8200216005; 8200399214; 8200437229; партномер (артикул производителя): ap1347; тип: фильтр воздушный; вид техники: легковые автомобили; длина, мм: 239",00 | 0018 | 006 | 01092 | 0120 | 026 | 043 | 0460.2 | 0896 | 0998 | 1 | 10 | 10.0538 | 12 | 140 | 1500582 | 16 | 1682949680 | 1715042 | 180042410 | 18597 | 1975 | 20 | 20043 | 2061 | 2070 | 2294 | 2312 | 2343 | 25990 | 26 | 28 | 28.0002 | 3 | 30.688 | 3043 | 321 | 325 | 33 | 33006 | 34 | 3688 | 377 | 400 | 4002 | 4128 | 48538 | 50014568 | 54 | 60126 | 694 | 701007 | 7046 | 71 | 728700 | 801001290 | 8738,1000204 | 1090198 | 239 | 57 | 8200216005 | 8200399214 | 8200437229,33006lfpcsms | 7101092sx | a141769 | a1576 | a2500 | a25990 | a43001 | a63613 | adr162221 | afau133 | ap134 | ar11652pms | b13cr0068 | b13mr0140 | b2r067pr | bfa2463 | ca11652 | caf101106p | daf2061 | dfa0701 | dp1110 | e1104l | eaf3629 | eaf828 | elp9343 | f228801 | fa043s | fa1051 | fa194z | fai152 | la2070 | lf1975 | lfaf572 | lvfa1626 | ma3186 | maf3043 | md8738 | p523a | pa3613 | pa7785 | paf5469 | pf1961 | qfa0921 | r132t04 | v460896 | wa9754 | wg1019291 | wg1216183 | wg1700358 | wg2152157 | wg2206426 | wg2222276,1654600q2m | 1654600qar | 165460588r | 165469040r | 16546bc40a | 16546bn701 | 16546bn70a | 2232400qab | ap1347 | e147244,filtron | воздушный | фильтр,0.022369526,0.026357215,0.42857142857142855,0,0,1.0,1.0,0.0,0.0,0.0,True,463856617047,8590012909,0.0,fenox фильтр воздушный арт. fai168,фильтр воздушный fenox fai167,"артикул: 2-186032; бренд: fenox; высота, мм: 58; oem-номер: 2811322051; партномер (артикул производителя): fai168; тип: фильтр воздушный; вид техники: легковые автомобили; ширина, мм: 169; длина, мм: 282","тип: фильтр воздушный; модель автомобиля: hyundai sonata, hyundai trajet, kia magentis; код производителя: fai167; гарантийный срок: 3 g.",169 | 186032 | 2 | 2811322051 | 282 | 58,3,fai168,fai167,fenox | воздушный | фильтр,0.07223081,0.055989694,0.5,0,0,1.0,1.0,0.0,0.0,0.0,False,,
model_conflict,Автотовары,0.6333850248712024,0.6190155976040415,0.6764933066726853,790274124859,223338307330,1.0,"zimmermann колодки тормозные, арт. 243.9116.01",zimmermann / колодки тормозные дисковые,"артикул: nsin0020858493.6987; бренд: zimmermann; количество, штук: 1; oem-номер: np9017; 301804; pf2402; akd9803; bp43264; pa801af; p23105; 2439101; gdb1673; m2624391; 3363601910; bp6192; 0252439116 w; 05p1245; 121501; 13046027152; 1511928; 179889; 181758700; 2121501; 2207020; 225218; 243911602; 24510z; 3000052; 37532; 50001875; 5008801; 50801; 55370; 71750033; 7180; 8db355012511; adk84235; adr380111; b110963; b1g10207742; bb0351; bs1545; d9044h; d9057m; d9057mh; e100163; fdb1875; fo926081; ft29139; gdb1673zfr; ib153085; j3608028; j3608031; jbp0372; lp1966; mdb2797; pbp1501; pcp1278; rb1758700; rnz280; tca1059; 598804; 670013; 12359; bp12359; mbf015502; 16658; vkbp80185a; 5581079j00; 01784b…",артикул производителя: 24458.170.1; оем номер: 3421 2 365 766; fdb4259; fbp-1391; 6118922; 12540; bp-12540; qp3703; 181949; prp1446; gdb1892dte; aa0650; bl2620a1; 510117; rb1949; 402b0188; 2445801; 301820; 3421 6 783 555; pp-0117af; 221581; 598820; 24458.970.1; 3421 6 794 879; 1051362; 51-00-0117; adb114203; bp3410; 5502221581; 789.9; 8db 355 013-171; 025 237 3017; mdb2879; gdb1892; 822-773-9; 22-0773-9; prp1446-3m; skbp-0010188; c2b031abe; p 06 050; 08.35.202; bs-1582; 244581701; марка автомобиля: bmw; длина упаковки: 10 cm; высота упаковки: 20 cm; ширина упаковки: 10 cm; валюта: rub,01 | 0252439116 | 1 | 1050232 | 10808208 | 121242 | 121501 | 12359 | 13046027152 | 1501225218 | 1511928 | 16658 | 179889 | 181758 | 181758700 | 191150 | 2121501 | 2135138 | 2207020 | 225218 | 243.9116 | 2439101 | 243911602 | 3000052 | 301804 | 325230 | 3363601910 | 350992 | 363702161165 | 363916060241 | 37532 | 50001875 | 5008801 | 50801 | 5502225218 | 55370 | 598804 | 6003330 | 6116731 | 670013 | 6987 | 70416100 | 71742853 | 71750033 | 7180 | 7779 | 811010566 | 8227020 | 8460 | 847281 | 84916658 | 9001131 | 9010602,00 | 0010188 | 0117 | 013 | 025 | 050 | 06 | 0773 | 08.35 | 1 | 10 | 1051362 | 12540 | 1391 | 1582 | 171 | 181949 | 2 | 20 | 202 | 22 | 221581 | 237 | 24458.170 | 24458.970 | 2445801 | 244581701 | 3017 | 301820 | 3421 | 355 | 365 | 51 | 510117 | 5502221581 | 555 | 598820 | 6 | 6118922 | 766 | 773 | 783 | 789.9 | 794 | 822 | 879 | 9,01784b | 05p1245 | 10808208a | 13046027152nsetms | 24510z | 402b0297 | 5581079j00 | 573288b | 573288ch | 573288j | 70416100p | 70416100x | 8db355012511 | adb31513 | adk84235 | adr380111 | akd9803 | b110963 | b1g10207742 | bb0351 | bbp1968 | bl2016a4 | bp12359 | bp1597 | bp3242 | bp43264 | bp6192 | bp8529 | bpd1181 | bpfi1020 | bs1545 | cbp31513 | d9044h | d9057m | d9057mh | dp1010100071 | e100163 | fbp1546 | fbp4024 | fdb1875 | fk10140 | fo926081 | ft29139 | gdb1673 | gdb1673zfr | ib153085 | j3608028 | j3608031 | jbp0372 | jq1013750 | kbp1968 | lp1966 | m2624391 | mbf015502 | md8527ms | mdb2797 | np9017 | nsin0020858493 | p11325 | p1315301 | p23105 | pa1706 | pa801af | pbp0160 | pbp1501 | pcp1278 | pf1058 | pf1519 | pf2402 | prp1224 | qp8059 | qp8059c | ra08460 | rb1758700 | rnz280 | s360i31 | sgbp2731 | skbp0010298 | spb242 | t1616 | tca1059 | tx1519 | v240102 | vbs1673ps | vkbp80185a | wbp24391a | x40959,402b0188 | aa0650 | adb114203 | bl2620a1 | bp12540 | bp3410 | bs1582 | c2b031abe | fbp1391 | fdb4259 | gdb1892 | gdb1892dte | mdb2879 | pp0117af | prp1446 | prp14463m | qp3703 | rb1949 | skbp0010188,zimmermann | колодки | тормозные,0.02845153,0.033721153,0.375,0,0,0.0,1.0,0.0,0.0,0.0,True,352187387924,601295449044,0.0,колодки тормозные,partra колодки тормозные,альтернативные артикулы товара: 1605746|1605789|1605808|90398760|90399495|96349060|96391891|96405129|96495227|s4510011|96495227|96405129|96281937|96281937|96319060|96349060|s4510019|11046152|11046952012|1605454|93192637|96281939|d96253382|d96281937|96391891|96534655|96253383|96253383|96281939|s4510005|96405130|11046952012|s4510019|96281939|96391891|96281937|90399495|90398760|9007094|pbp1369|pbp1116|pbp1905; артикул: patron_pbp1369; бренд: patron; комплектация: передн daewoo: nubira 1.6/2.0/lanos 1.6 16v 97>; партномер (артикул производителя): pbp1369; тип: колодки тормозные,тип: колодки тормозные; модель автомобиля: mazda cx-5,1.6 | 11046152 | 11046952012 | 1605454 | 1605746 | 1605789 | 1605808 | 2.0 | 9007094 | 90398760 | 90399495 | 93192637 | 96253383 | 96281937 | 96281939 | 96319060 | 96349060 | 96391891 | 96405129 | 96405130 | 96495227 | 96534655 | 97,5,d96253382 | d96281937 | pbp1116 | pbp1369 | pbp1905 | s4510005 | s4510011 | s4510019,cx5,колодки | тормозные,0.19796705,0.088230096,0.6666666666666666,0,0,0.0,1.0,0.0,0.0,0.0,True,,
model_conflict,Ювелирные изделия,0.6294797093921269,0.5116860286830954,0.9828607515192214,455266630074,661424993003,1.0,"серьги из белого золота diamant 52-120-01945-1, фианит","diamant, серьги из белого золота с бриллиантами, 52-220-02092-1, декоративные, 585 проба","артикул производителя: 52-120-01945-1; модель: 52-120-01945-1; бренд: diamant; тип: серьги; вид: классические; тип замка: английский; пол: женский; материал изделия: белое золото; проба: 585; вставка: фианит; количество карат: 0; средний вес изделия, г: 2.25; размер (дхшхв), мм: 19х8; цвет материала: серебристый; цвет вставки: прозрачный; форма вставки: круг; покрытие: родирование; особенности дизайна: винтажные; изображение/надпись: нет; страна-производитель: россия; код товара: 100059793931","целевая аудитория: взрослая; артикул: 52-220-02092-1; бренд: diamant; бриллиант: 42 бр круг 17 0,90*1,00, 2 бр круг 57; как читать характеристику бриллианта: на примере ""1 бр. кр-57-0.26 6/6а"" расшифровываются параметры так: 1 бр. – число бриллиантов. кр-57 – форма огранки и число граней (""кр"" - ""круглая""). 0.26 – масса бриллианта в каратах. 6/6 – цвет/чистота бриллианта (зависит от количества граней: ""1/1"" – бесцветный идеальной чистоты; последнее значение цвета может быть ""4"" или ""7"" (коричневый), последнее значение чистоты – ""6"", ""9"" или ""12"" (много дефектов, низкая прозрачность). а – качество огранки (значения от ""а"" до ""г"").; коллекция: базовая коллекция; страна-изготовитель: россия; р…",0 | 01945 | 1 | 100059793931 | 120 | 2.25 | 52 | 585,0.197 | 0.26 | 0.90 | 02092 | 1 | 1.00 | 1.6 | 12 | 17 | 2 | 2.47 | 220 | 3 | 4 | 42 | 52 | 57 | 585 | 6 | 7 | 9,,7х4х16 | кр57 | кр570,1 | 52 | diamant | белого | золота | из | серьги,0.009487696,0.017380606,0.4117647058823529,2,0,0.0,1.0,0.0,0.0,0.0,True,463856537093,438086814533,0.0,"кольцо из серебра р. 20 diamant 93-310-01601-1, перламутр","diamant, кольцо из золочёного серебра с перламутром, 93-310-01602-1, 925 проба","бренд: diamant; модель: 93-310-01601-1; артикул производителя: 93-310-01601-1; тип: кольцо; вид: перстень; пол: женский; материал изделия: серебро; проба: 925; вставка: перламутр; количество карат: 0; размер: 20; средний вес изделия, г: 2.74; цвет материала: золотистый; цвет вставки: белый; форма вставки: овал; покрытие: золочение; особенности дизайна: с большим камнем; изображение/надпись: нет; страна-производитель: россия; код товара: 100048675185","целевая аудитория: взрослая; артикул: 93-310-01602-1_17; бренд: diamant; коллекция: базовая коллекция; страна-изготовитель: россия; размеры, мм: 4х21х14; вставка: перламутр; вес основных вставок, карат: 5.401; детские украшения: нет; длина украшения, см: 2.1; проба: 925; комплектация: кольцо, бирка, пломба, подарочная упаковка; упаковка: подарочная упаковка; размер изделия: 17; пол: женский; тип: кольцо ювелирное; гарантийный срок: гарантийный срок изделий составляет 6 (шесть) календарных месяцев для ювелирных изделий, 3 (три) года для часов из драгоценных металлов, 12 (двенадцать) месяцев для часов из недрагоценных металлов, и исчисляется со дня передачи изделия потребителю; средний вес из…",0 | 01601 | 1 | 100048675185 | 2.74 | 20 | 310 | 925 | 93,01602 | 1 | 12 | 17 | 2.1 | 3 | 3.23 | 310 | 5.401 | 6 | 925 | 93,,4х21х14,1 | 310 | 93 | diamant | из | кольцо | серебра,0.26139936,0.17883769,0.4117647058823529,2,0,0.0,1.0,0.0,0.0,0.0,True,,
model_conflict,Ювелирные изделия,0.6097035233955311,0.5401013493583502,0.8185100455070741,755914352816,712964732610,1.0,"яхонт кольцо яхонт, золото, 585 проба, фианит, размер 17.5, бесцветный",яхонт золотой кольцо золото красное 585 пробы,размер кольца: 17.5; артикул: 47974; тип: кольцо; пол: женский; вид металла: золото; проба: 585; средний вес изделия: 0.95; вставка: фианит,"артикул: 4797400155; бренд: яхонт золотой; коллекция: весна-лето 2024; страна-изготовитель: россия; о драгоценном металле: красное золото - золото в сплаве с серебром и медью. такое золото имеет много плюсов: оно не тускнеет, прочное и долговечное, устойчиво к деформациям. украшения из красного золота смотрятся благородно и всегда обращают на себя внимание.; вставка: фианит; о главном камне украшения: фианит - искусственный аналог бриллианта. изначально камень создавался как материал с определенными оптическими свойствами для лазерного оборудования и получил свое название по месту изобретения – физический институт академии наук им. лебедева (фиан). фианит по своему внешнему виду ничуть не у…",0.95 | 17.5 | 47974 | 585,0.9 | 15.5 | 2024 | 4797400155 | 585,,,585 | золото | кольцо | яхонт,0.031376675,0.032780293,0.3076923076923077,0,0,0.0,1.0,0.0,0.0,0.0,True,300647864178,188978683345,0.0,"кольцо обручальное из красного золота р. 19,5 яхонт ювелирный 149273",яхонт ювелирный кольцо из золота с алмазной гранью арт. 149273,"артикул производителя: 149273; бренд: яхонт ювелирный; модель: 149273; тип: кольцо; вид: обручальное; пол: женский; материал изделия: красное золото; проба: 585; вставка: без вставки; количество карат: 0; размер: 19,5; средний вес изделия, г: 1,34; цвет материала: золотистый; цвет вставки: без вставки; форма вставки: без вставки; покрытие: без покрытия; особенности дизайна: с алмазной гранью; изображение/надпись: узоры; страна-производитель: россия; код товара: 100058010017","целевая аудитория: взрослая; артикул: 1492730022; бренд: яхонт ювелирный; коллекция: осень-зима 2023; страна-изготовитель: россия; о драгоценном металле: красное золото - золото в сплаве с серебром и медью. такое золото имеет много плюсов: оно не тускнеет, прочное и долговечное, устойчиво к деформациям. украшения из красного золота смотрятся благородно и всегда обращают на себя внимание.; вставка: без вставок; модель кольца: обручальное; детские украшения: нет; проба: 585; комплектация: ювелирное изделие с биркой и пломбой, фирменная упаковка яхонт, размерник и полировочная салфетка.; упаковка: коробка; размер изделия: 22; пол: женский; тематика: свадебная; тип: кольцо; средний вес изделия,…",0 | 1.34 | 100058010017 | 149273 | 19.5 | 585,1.75 | 149273 | 1492730022 | 2023 | 22 | 585,,,149273 | золота | из | кольцо | ювелирный | яхонт,0.870883,0.8460265,0.4,0,0,0.0,1.0,0.0,0.0,0.0,True,,
model_conflict,Автотовары,0.5858837590757917,0.5372129613189643,0.7318961523462739,755914384904,214748381772,1.0,колодки тормозные дисковые задние lynxauto bd7602,колодки тормозные lynxauto bd7611,альтернативные артикулы товара: hn-142c;np1046;pf-1142c;adb0388;ckt-120;gdb872;04466-22090;04466-30010;04466-yzzc1;36626;51-02-206;akd-1147;av914;bb0118;d2042;d2062;dfp872;j3612006;jbp0218;ms-1142;pn1142;sn764;sp1123;tabp2187;adb0388hd;ckt-110;9412;p 83 017;2000401;gdb777;0 986 460 040;0986495330;04466-14010;04466-14030;0446614090;0446614100;04466-22020;04466-22030;04466-22040;04466-22070;04466-22080;04466-22110;0446622120;04466-40010;04466-40020;04466-40030;04492-14080;04492-14081;04492-14090;04492-14100;04492-14110;04492-14120;04492-14130;04492-22030;04492-22040;04492-22041;04492-22042;04492-22043;04492-22050;04492-22060;04492-22070;04492-22080;04492-22090;04492-22100;04492-22101;04492-22…,"бренд: lynxauto; артикул производителя: bd7611; oem: нет; тип: дисковые; год выпуска: 1991-1997; марка автомобиля: toyota; модель автомобиля: camry седан iii; место установки: передняя ось; аналоги: bd-7611; sn641; akd-1149; adb0923; cd2102; примечание: внешний вид изделия может отличаться от фотографий; датчик износа: нет; колодки стояночного тормоза: нет; вес, кг: 1.385; высота, мм: 46; длина, мм: 144.4; толщина, мм: 15.5; код товара: 600002809698",0 | 017 | 02 | 040 | 04466 | 0446614090 | 0446614100 | 0446622120 | 04492 | 0986495330 | 110 | 1142 | 1147 | 120 | 14010 | 14030 | 14080 | 14081 | 14090 | 14100 | 14110 | 14120 | 14130 | 2000401 | 206 | 2104 | 22020 | 22030 | 22040 | 22041 | 22042 | 22043 | 22050 | 22060 | 22070 | 22080 | 22090 | 22100 | 22101 | 22110 | 22111 | 22120 | 22121 | 22130 | 22131 | 22140 | 22141 | 224521 | 30010 | 30080 | 30100 | 30101 | 30102 | 30110 | 30111 | 30120 | 30130 | 36626 | 40010 | 40020 | 40030 | 4117 | 460 | 51 | 51206 | 83 | 9412 | 986,1.385 | 1149 | 144.4 | 15.5 | 1991 | 1997 | 46 | 600002809698 | 7611,04466yzzc1 | adb0388 | adb0388hd | adt34221 | akd1147 | an227k | an227ke | av914 | bb0118 | bd7602 | bs2104 | ckt110 | ckt120 | d2042 | d2062 | dbp477 | dfp872 | fdb477 | gdb777 | gdb872 | gk1133 | hn142c | j3612006 | jbp0218 | lp577 | ms1142 | np1046 | pf1142c | pn1142 | pp206af | sn764 | sp1123 | t361a06 | tabp2187,adb0923 | akd1149 | bd7611 | cd2102 | sn641,lynxauto | колодки | тормозные,0.035797156,0.04458024,0.42857142857142855,0,0,1.0,1.0,0.0,0.0,0.0,True,77309477747,42949809743,0.0,колодки тормозные ctr ckvw9,тормозные колодки ctr ckvo9,альтернативные артикулы товара: gk1236; артикул: ckvw9; бренд: ctr; oem-номер: 272343; 2723435; 272370; 2723700; 2723708; 31262795; 312627950; партномер (артикул производителя): ckvw9; тип: колодки тормозные,"тип: дисковые тормозные колодки; назначение: задние; модель автомобиля: volvo s60, s60",272343 | 2723435 | 272370 | 2723700 | 2723708 | 31262795 | 312627950,,ckvw9 | gk1236,ckvo9,ctr | колодки | тормозные,0.2661496,0.12716012,0.6,0,0,1.0,1.0,0.0,0.0,0.0,False,,
model_conflict,Автотовары,0.574194190505948,0.43513192431006253,0.9913809890936043,420906930148,446676620012,1.0,амортизатор,dynamatrix амортизатор,артикул: обнп00000000000000102353; бренд: kroner; oem-номер: e62103za0b; e6210je21b; e6210je21c; партномер (артикул производителя): k3501659g; тип: амортизатор подвески,артикул производителя: dsa341279; бренд: dynamatrix; примечание: внешний вид изделия может отличаться от фотографий; код товара: 100056038129,,100056038129,e62103za0b | e6210je21b | e6210je21c | k3501659g | обнп00000000000000102353,dsa341279,амортизатор,0.019650677,0.030905202,0.5,0,0,0.0,1.0,0.0,0.0,0.0,False,103079267937,429496797543,0.0,амортизатор,mando амортизатор,артикул: kt073570; бренд: kraft; oem-номер: 1207444; 1209717; 1231001; 1233564; 2n1118008aa; 2n1118008ab; 2n1118008ac; 2n1118008ad; партномер (артикул производителя): kt073570; тип: амортизатор подвески,артикул производителя: mss016842; бренд: mando; примечание: внешний вид изделия может отличаться от фотографий; цена за: 1 шт.; код товара: 100056269997,1207444 | 1209717 | 1231001 | 1233564,1 | 100056269997,2n1118008aa | 2n1118008ab | 2n1118008ac | 2n1118008ad | kt073570,mss016842,амортизатор,0.01750978,0.024173854,0.5,0,0,0.0,1.0,0.0,0.0,0.0,False,,
model_conflict,Автотовары,0.5229634070224464,0.5135048376554884,0.5513391151233202,180388712258,755914384273,1.0,тормозной диск zekkert bs-5831,диск тормозной brembo 09944711,артикул: zekkert_bs5831; бренд: zekkert; партномер (артикул производителя): bs5831; тип: диск тормозной,модель: ок; бренд: brembo; артикул производителя: 09944711; примечание: внешний вид изделия может отличаться от фотографий; цена за: 1 шт.; код товара: 600002712763,5831,09944711 | 1 | 600002712763,bs5831,,диск | тормозной,0.020623375,0.036233336,0.2857142857142857,0,0,0.0,1.0,0.0,0.0,1.0,False,618475440053,704374696166,0.0,krauf суппорт тормозной,суппорт тормозной,бренд: krauf; артикул производителя: bnz1141zw; код товара: 100040370823,артикул: 2147268_nk; бренд: nk; oem-номер: 1j0615424b; 8n0615424a; партномер (артикул производителя): 2147268; тип: суппорты тормозные,100040370823,2147268,bnz1141zw,1j0615424b | 8n0615424a,суппорт | тормозной,0.02008915,0.022613596,0.6666666666666666,0,0,0.0,1.0,0.0,0.0,0.0,False,,
model_conflict,Автотовары,0.5069563020426213,0.4914830692248496,0.5533760004959363,627065265573,721554613483,1.0,kiwix / автоэмаль peugeot 9s gris cool silver 20 мл,ремонт сколов кузова (подкраска) peugeot 9p gris shark 20 мл,объем (мл): 20 ml; страна производства: россия; комплектация: краска (подкраска) для сколов peugeot 9s gris cool silver 20 ml; вес товара с упаковкой (г): 30 g; артикул производителя: 9s-041257k; длина упаковки: 4 cm; высота упаковки: 10 cm; ширина упаковки: 4 cm; валюта: rub,альтернативные артикулы товара: 9p-041224k; сезон: на любой сезон; форма выпуска: готовый раствор; область применения: кузов; бренд: kiwix; страна-изготовитель: россия; комплектация: ремонт сколов кузова (подкраска) peugeot 9p gris shark 20 ml; упаковка: коробка; партномер (артикул производителя): 9p-041224k; тип: средство для ремонта царапин; вид техники: внедорожники,10 | 20 | 30 | 4,20,9s041257k,9p041224k,20 | gris | ml | peugeot,0.026512064,0.030127555,0.26666666666666666,0,0,0.0,1.0,0.0,0.0,0.0,False,807453902935,386547148753,0.0,/ чехлы на сиденья пежо 206 (peugeot 206) с 1998-2008г.,чехлы на сиденья пежо 206 (peugeot 206) с 1998-2008г.,цвет: черный; доп. опции авточехла: комплект; защита салона автомобиля; не препятствуют airbag и установке детских кресел; тип чехла: чехол; на весь салон; накидка; марка автомобиля: peugeot; пежо; страна производства: россия; модель: peugeot 206; пежо 206; пежо 206 с 1998-2008г.; комплектация: комплект чехлов; вес с упаковкой (кг): 4 kg; материал изделия: экокожа; длина упаковки: 13 cm; высота упаковки: 70 cm; ширина упаковки: 50 cm; валюта: rub,бренд: avtolider1; кузов: хэтчбек; цвет товара: черный; название цвета: кк-1. середина: черный креп. боковины: черная экокожа. спинка: черная экокожа.; комплектация: подголовник; материал: текстиль; партномер (артикул производителя): pg21-0101-kk1; расположение сиденья: задние сиденья; тип: чехол на сиденье; вид техники: внедорожники,13 | 1998 | 206 | 4 | 50 | 70,0101 | 1 | 1998 | 206,19982008г,19982008г | avtolider1 | pg210101kk1 | кк1,1998 | 2008г | 206 | peugeot | на | пежо | с | сиденья | чехлы,0.49316102,0.5883729,1.0,0,0,0.0,1.0,0.0,0.0,0.0,False,,
model_conflict,Обувь,0.49665242311381463,0.4461389969404648,0.6481927016338641,171798835730,266288089170,1.0,chicshoes / adidas campus 00s,кроссовки adidas campus,состав: замша; цвет: голубой; сезон: круглогодичный; лето; демисезон; материал подошвы обуви: резина; материал подкладки обуви: текстиль; материал стельки: текстиль; полнота обуви (eur): f (6); особенности модели: логотип; страна производства: вьетнам; валюта: rub; российский размер: 41,"целевая аудитория: взрослая; бренд в одежде и обуви: adidas; страна бренда: германия; коллекция: весна-лето 2024; цвет товара: лазурный; название цвета: campus-218-3; особенности модели: анатомическая стелька; материал стельки: эва (вспененный полимер)+текстиль; материал верха: натуральная кожа; российский размер: 44; сезон: на любой сезон; серия в одежде и обуви: campus; пол: мужской; вид застежки: шнурки; высота подошвы, см: 3; информация о размерах: модель идет размер в размер по eu размерам. <br/><br/>перед заказом ознакомьтесь с таблицей размеров.; размер производителя: eu45=длина стопы 28 cm; материал подошвы обуви: eva; температурный режим: 1-30°с; спортивное назначение: туризм; вид …",41 | 6,1 | 2024 | 218 | 28 | 3 | 30 | 44,,campus2183,adidas | campus,0.012145201,0.009169049,0.4,0,0,0.0,1.0,0.0,1.0,0.0,False,352187482691,377957175558,0.0,кроссовки adidas adidas,кроссовки женские adidas performance ad541a28c белые 44 2/3 eu,"целевая аудитория: взрослая; бренд в одежде и обуви: adidas; страна бренда: вьетнам; коллекция: базовая коллекция; цвет товара: белый глянец; страна-изготовитель: китай; особенности модели: мягкая стелька; материал подкладки обуви: искусственные материалы; материал стельки: текстиль; материал верха: текстиль; материал: натуральные материалы; российский размер: 41; сезон: на любой сезон; серия в одежде и обуви: adidas; пол: женский; вид застежки: шнурки; информация о размерах: размерная сетка: ru35,5/eu36=uk3,5=22 cm; ru36,5/eu37=uk4,5=23 cm; ru37/eu38=uk5=23.5 cm; ru38/eu39=uk6=24 cm; ru38,5/eu40=uk6,5=24.5 cm; ru40/eu41=uk7,5=25.5 cm; ru40,5/eu42=uk8=26 cm; ru42/eu43=uk9=26.5 cm; ru42,5/eu…",артикул производителя: zalad541a28c-a130100000; модель: ad541a28c; бренд: adidas performance; тип: кроссовки; пол: женский; размер ru: 43.5; размер производителя: 44 2/3 eu; материал верха: текстиль; цвет: cloud white grey one grey two; цвет производителя: cloud white grey one grey two; для занятий спортом: да; назначение: лайфстайл; код товара: 600016062031; размер: 43.5 44 2/3 eu,22 | 23 | 23.5 | 24 | 24.5 | 25.5 | 26 | 26.5 | 27 | 28 | 41 | 5,2 | 3 | 43.5 | 44 | 600016062031,,ad541a28c | zalad541a28ca130100000,adidas | кроссовки,0.2934366,0.26119742,0.2,0,0,0.0,1.0,0.0,1.0,1.0,True,,
model_conflict,Мебель,0.48687385745383677,0.5228146817729036,0.3790513844966364,489626375862,60129620079,1.0,"комплект teymi 3 в 1: тумба helmi 85 дуб крафт/графит + раковина solli 51 накладная + смеситель diadonna высокий, черный матовый f07101",teymi / тумба helmi 85 дуб/графит + раковина + смеситель f07109,"артикул: 1215323; расположение: настенная; бренд: teymi; покрытие корпуса: пленочное; покрытие фасада: пленочное; цвет товара: бежевый; название цвета: helmi 85 дуб крафт/графит; образец цвета: https://cdn1.ozone.ru/s3/multimedia-y/6885021526.jpg; страна-изготовитель: финляндия; глубина, см: 46; форма поставки: в собранном виде; материал фасада: мдф; ориентация: универсальный; высота, см: 47; исполнение: деревянное; вид выпуска товара: фабричное производство; материал корпуса: лдсп; тип открывания дверей: выдвижные ящики; комплектация: тумба, раковина, смеситель, документация; назначение (помещение): для ванной; форма раковины: прямоугольник; стиль дизайна: современный; тип: тумба с раковин…",цвет: светлое дерево; материал корпуса мебели: лдсп; форма раковины: прямоугольная; тип монтажа: подвесной; диаметр слива: 4.5 cm; ширина тумбы (мм): 850; глубина предмета: 46 cm; раковина в комплекте: да; особенности тумбы: с ящиками; артикул производителя: f07109; комплектация: подвесная тумба; раковина; смеситель; документация; валюта: rub,1 | 1215323 | 3 | 46 | 47 | 51 | 6885021526 | 85,4.5 | 46 | 85 | 850,f07101,f07109,85 | helmi | teymi | графит | дуб | раковина | смеситель | тумба,0.016155977,0.017886302,0.36363636363636365,0,0,1.0,1.0,0.0,1.0,0.0,True,523986059453,558345806944,0.0,teymi комплект teymi: тумба nura 70 дуб эврика/графит матовый + раковина helmi mini 24 f03503,комплект teymi: тумба ritta 65 дуб эврика/графит матовый + раковина helmi mini 24 f03353,"артикул производителя: f03503; модель: nura f03503; бренд: teymi; монтаж: подвесной; высота, см: 62; ширина, см: 70; глубина, см: 45; тип раковины: накладная; форма раковины: квадратная; длина раковины, см: 24; ширина раковины, см: 24; материал корпуса: лдсп; покрытие корпуса: пленка; материал фасадов: мдф; покрытие фасадов: пленка; материал столешницы: мдф; цвет: серый; комплектация: раковина; страна-производитель: финляндия; код товара: 600015387515","артикул: 1211576; расположение: настенная; бренд: teymi; покрытие корпуса: пленочное; покрытие фасада: пленочное; цвет товара: серый; название цвета: ritta 65 графит; образец цвета: https://cdn1.ozone.ru/s3/multimedia-s/6897660580.jpg; страна-изготовитель: финляндия; глубина, см: 45; форма поставки: в собранном виде; материал фасада: мдф; ориентация: универсальный; высота, см: 51.6; исполнение: деревянное; вид выпуска товара: фабричное производство; материал корпуса: лдсп; тип открывания дверей: выдвижные ящики; комплектация: тумба, раковина, документация; назначение (помещение): для ванной; форма раковины: квадрат; стиль дизайна: современный; тип: тумба с раковиной; особенности: доводчик; …",24 | 45 | 600015387515 | 62 | 70,1211576 | 2 | 24 | 45 | 51.6 | 65 | 6897660580,f03503,f03353,24 | helmi | mini | teymi | графит | дуб | комплект | матовый | раковина | тумба | эврика,0.03077735,0.034754083,0.6470588235294118,1,0,1.0,1.0,0.0,0.0,0.0,True,,
model_conflict,Ювелирные изделия,0.45952591747491733,0.47691378859737055,0.4073623041075577,51539731677,575525671893,1.0,серьги кольца / золото 585 / серьги конго из золота / золотые серьги / круглые золотые серьги,"diamant online серьги конго diamant online, золото, 585 проба","целевая аудитория: взрослая; артикул: 140004; бренд: нет бренда; коллекция: базовая коллекция; цвет товара: золотой; страна-изготовитель: россия; диаметр, см: 4; размеры, мм: ширина 1.1 mm; о драгоценном металле: красное золото - золото в сплаве с серебром и медью. такое золото имеет много плюсов: оно не тускнеет, прочное и долговечное, устойчиво к деформациям. украшения из красного золота смотрятся благородно и всегда обращают на себя внимание.; вставка: без вставки; вставки дополнительные: без вставки; количество камней: без камней; дизайн: круг; детские украшения: да; длина украшения, см: 4; вид замка: конго; проба: 585; модель сережек: кольца; комплектация: серьги, бирка, пломба, коробо…",тип: серьги; модель: конго; пол: женский; вид металла: золото; проба: 585; вставка: без вставок; средний вес изделия: 2.27 g; тип замка: кольцо,1.1 | 140004 | 2.26 | 4 | 585,2.27 | 585,,,585 | золото | конго | серьги,0.2881168,0.27892688,0.3333333333333333,0,0,0.0,1.0,0.0,0.0,0.0,False,515396113760,455266542918,0.0,серьги из красного золота,серьги из красного золота 585gold 402004417,"целевая аудитория: взрослая; артикул: 095439_02_01_005_0001-0000532171-000013125-00000; бренд: newgold; бриллиант: кр-17 2/2; как читать характеристику бриллианта: на примере ""1 бр. кр-57-0.26 6/6а"" расшифровываются параметры так: 1 бр. – число бриллиантов. кр-57 – форма огранки и число граней (""кр"" - ""круглая""). 0.26 – масса бриллианта в каратах. 6/6 – цвет/чистота бриллианта (зависит от количества граней: ""1/1"" – бесцветный идеальной чистоты; последнее значение цвета может быть ""4"" или ""7"" (коричневый), последнее значение чистоты – ""6"", ""9"" или ""12"" (много дефектов, низкая прозрачность). а – качество огранки (значения от ""а"" до ""г"").; коллекция: весна-лето 2022; страна-изготовитель: росси…","модель: 402004417; бренд: 585gold; артикул производителя: 4300141360; тип: серьги; вид: классические; тип замка: английский; пол: женский; материал изделия: красное золото; проба: 375; вставка: без вставки; количество карат: 0; средний вес изделия, г: 2,00; цвет материала: золотистый; цвет вставки: без вставки; форма вставки: без вставки; покрытие: пассивирование; родирование; особенности дизайна: дизайнерские; изображение/надпись: узоры; страна-производитель: россия; код товара: 100055191606",0.26 | 00000 | 000013125 | 0000532171 | 0001 | 005 | 01 | 02 | 095439 | 1 | 12 | 17 | 2 | 2.548 | 2022 | 4 | 57 | 585 | 6 | 7 | 9,0 | 100055191606 | 2.00 | 375 | 402004417 | 4300141360,кр17 | кр57 | кр570,585gold,золота | из | красного | серьги,0.025210593,0.018462488,0.6666666666666666,0,0,0.0,1.0,0.0,0.0,1.0,True,,
numeric_or_unit_conflict,Ювелирные изделия,0.999193929377068,1.0000000000000018,0.9967757175082668,523986125043,116528,1.0,"sokolov, кольцо из серебра с жемчугом и фианитами, 92014447, 925 проба","sokolov кольцо sokolov, серебро, 925 проба, родирование, жемчуг пресноводный культивированный, фианит, размер 19","целевая аудитория: взрослая; артикул: 92014447_19; бренд: sokolov; коллекция: базовая коллекция; страна-изготовитель: россия; вставка: фианит; вес основных вставок, карат: 3.419; детские украшения: нет; проба: 925; комплектация: кольцо, бирка, пломба, подарочная упаковка; упаковка: подарочная упаковка; размер изделия: 19; пол: женский; тип: кольцо; гарантийный срок: гарантийный срок изделий составляет 6 (шесть) календарных месяцев для ювелирных изделий, 3 (три) года для часов из драгоценных металлов, 12 (двенадцать) месяцев для часов из недрагоценных металлов, и исчисляется со дня передачи изделия потребителю; средний вес изделия, гр: 2.79; основной материал украшения: серебро","размер кольца: 19; тип: кольцо; пол: женский; вид металла: серебро; отделка: родирование; проба: 925; средний вес изделия: 2.663 g; вставка: жемчуг пресноводный культивированный, фианит; форма вставки: кабошон, круг; вставка подробнее: 1 жемчуг преснов.культ. круг кабошон 8,00, 2 фианит недраг круг 1,50, 1 фианит недраг круг 2,50",12 | 19 | 2.79 | 3 | 3.419 | 6 | 92014447 | 925,1 | 1.50 | 19 | 2 | 2.50 | 2.663 | 8.00 | 925,,,925 | sokolov | кольцо | проба,0.19316655,0.35133514,0.21052631578947367,1,0,0.0,0.0,0.0,0.0,0.0,True,455266616305,523986125043,0.0,"sokolov кольцо sokolov, серебро, 925 проба, родирование, жемчуг пресноводный культивированный, фианит, размер 18","sokolov, кольцо из серебра с жемчугом и фианитами, 92014447, 925 проба","размер кольца: 18; тип: кольцо; пол: женский; вид металла: серебро; отделка: родирование; проба: 925; средний вес изделия: 2.663 g; вставка: жемчуг пресноводный культивированный, фианит; форма вставки: кабошон, круг; вставка подробнее: 1 жемчуг преснов.культ. круг кабошон 8,00, 2 фианит недраг круг 1,50, 1 фианит недраг круг 2,50","целевая аудитория: взрослая; артикул: 92014447_19; бренд: sokolov; коллекция: базовая коллекция; страна-изготовитель: россия; вставка: фианит; вес основных вставок, карат: 3.419; детские украшения: нет; проба: 925; комплектация: кольцо, бирка, пломба, подарочная упаковка; упаковка: подарочная упаковка; размер изделия: 19; пол: женский; тип: кольцо; гарантийный срок: гарантийный срок изделий составляет 6 (шесть) календарных месяцев для ювелирных изделий, 3 (три) года для часов из драгоценных металлов, 12 (двенадцать) месяцев для часов из недрагоценных металлов, и исчисляется со дня передачи изделия потребителю; средний вес изделия, гр: 2.79; основной материал украшения: серебро",1 | 1.50 | 18 | 2 | 2.50 | 2.663 | 8.00 | 925,12 | 19 | 2.79 | 3 | 3.419 | 6 | 92014447 | 925,,,925 | sokolov | кольцо | проба,0.1366477,0.17883253,0.21052631578947367,1,0,0.0,0.0,0.0,0.0,0.0,True,,
numeric_or_unit_conflict,Ювелирные изделия,0.9949332349889078,1.0000000000000018,0.979732939955626,240518292901,352187348637,1.0,"sokolov, кольцо из серебра с фианитами, 94013657, 925 проба","sokolov кольцо sokolov, серебро, 925 проба, родирование, фианит, размер 19","целевая аудитория: взрослая; артикул: 94013657_19; бренд: sokolov; коллекция: базовая коллекция; страна-изготовитель: россия; размеры, мм: 6х3х11; вставка: фианит; вес основных вставок, карат: 0.068; детские украшения: нет; длина украшения, см: 1.1; проба: 925; комплектация: кольцо, бирка, пломба, подарочная упаковка; упаковка: подарочная упаковка; размер изделия: 19; пол: женский; тип: кольцо; гарантийный срок: гарантийный срок изделий составляет 6 (шесть) календарных месяцев для ювелирных изделий, 3 (три) года для часов из драгоценных металлов, 12 (двенадцать) месяцев для часов из недрагоценных металлов, и исчисляется со дня передачи изделия потребителю; средний вес изделия, гр: 1.36; осн…","размер кольца: 19; тип: кольцо; пол: женский; вид металла: серебро; отделка: родирование; проба: 925; средний вес изделия: 1.303 g; вставка: фианит; форма вставки: круг; вставка подробнее: 6 фианит недраг круг 1,00, 1 фианит недраг круг 1,25",0.068 | 1.1 | 1.36 | 12 | 19 | 3 | 6 | 925 | 94013657,1 | 1.00 | 1.25 | 1.303 | 19 | 6 | 925,6х3х11,,925 | sokolov | кольцо | проба,0.34859943,0.32470906,0.2857142857142857,1,0,0.0,0.0,0.0,0.0,0.0,False,128849166337,85899416147,0.0,"sokolov кольцо sokolov, серебро, 925 проба, родирование, фианит, размер 21","sokolov, кольцо из серебра с фианитами, 94013850-9, 925 проба","размер кольца: 21; тип: кольцо; пол: женский; вид металла: серебро; отделка: родирование; проба: 925; средний вес изделия: 3.603 g; вставка: фианит; форма вставки: круг; вставка подробнее: 21 фианит недраг круг 3,00","целевая аудитория: взрослая; артикул: 94013850-9_18; бренд: sokolov; коллекция: базовая коллекция; страна-изготовитель: россия; вставка: фианит; вес основных вставок, карат: 3.412; о главном камне украшения: фианит - искусственный аналог бриллианта. изначально камень создавался как материал с определенными оптическими свойствами для лазерного оборудования и получил свое название по месту изобретения – физический институт академии наук им. лебедева (фиан). фианит по своему внешнему виду ничуть не уступает бриллианту, он идеально чист, прозрачен и играет на солнце как драгоценный, позволяя создавать настоящие ювелирные шедевры. фианиты представлены обширной гаммой цветов и оттенков, поэтому и…",21 | 3.00 | 3.603 | 925,12 | 18 | 3 | 3.15 | 3.412 | 6 | 9 | 925 | 94013850,,,925 | sokolov | кольцо | проба,0.12938686,0.1411146,0.26666666666666666,1,0,0.0,0.0,0.0,0.0,0.0,True,,
numeric_or_unit_conflict,Ювелирные изделия,0.9898215276411639,0.9999999999999999,0.9592861105646561,515396149854,429496874677,1.0,"zoloto.gold кольцо обручальное плоское унисекс из красного золота 585 пробы, ширина - 4 мм.","zoloto.gold кольцо обручальное zoloto.gold, золото, 585 проба, размер 17.5","целевая аудитория: взрослая; артикул: 224000-17z; бренд: zoloto.gold; коллекция: базовая коллекция; страна-изготовитель: россия; размеры, мм: ширина 4 mm.; вставка: без вставок; модель кольца: обручальное; проба: 585; комплектация: кольцо, бирка, пломба, стильная белая коробочка с черным бархатом внутри, в которой украшения плотно фиксируются. каждое изделие проверяется и полируется вручную!; упаковка: подарочная коробка; размер изделия: 17; пол: мужской; тематика: свадебная; тип: кольцо ювелирное; средний вес изделия, гр: 1.95; основной материал украшения: золото красное","размер кольца: 17.5; тип: кольцо; модель: обручальное; пол: женский, мужской, унисекс; вид металла: золото; проба: 585; средний вес изделия: 2.17; вставка: без вставок",1.95 | 17 | 224000 | 4 | 585,17.5 | 2.17 | 585,22400017z,,585 | gold | zoloto | кольцо | обручальное,0.17470886,0.26957396,0.2631578947368421,1,0,0.0,0.0,0.0,0.0,0.0,False,850403674730,103079254683,0.0,"zoloto.gold кольцо обручальное zoloto.gold, красное золото, 585 проба, размер 19.5","zoloto.gold кольцо широкое плоское обручальное  из красного золота 585 пробы, ширина - 6 мм.","размер кольца: 19.5; тип: кольцо; модель: обручальное; пол: женский, мужской, унисекс; вид металла: золото; тип золота: красное; проба: 585; средний вес изделия: 1.71; вставка: без вставок","целевая аудитория: взрослая; артикул: 226000-21z; бренд: zoloto.gold; коллекция: базовая коллекция; страна-изготовитель: россия; вставка: без вставок; модель кольца: обручальное; проба: 585; комплектация: кольцо, бирка, пломба, стильная белая коробочка с черным бархатом внутри, в которой украшения плотно фиксируются. каждое изделие проверяется и полируется вручную!; упаковка: подарочная коробка; размер изделия: 21; пол: мужской; тематика: свадебная; тип: кольцо ювелирное; средний вес изделия, гр: 3.99; основной материал украшения: золото красное",1.71 | 19.5 | 585,21 | 226000 | 3.99 | 585 | 6,,22600021z,585 | gold | zoloto | кольцо | обручальное,0.15442216,0.22742414,0.25,1,0,0.0,0.0,0.0,0.0,0.0,False,,
numeric_or_unit_conflict,Бытовая химия,0.9865898181945072,1.0000000000000004,0.9463592727780274,515396123240,670015043648,1.0,abc стиральный порошок для цветного белья 3кг,abc / порошок стиральный abc 3 кг,"бренд: abc; состав: анионные активные вещества, кислородный отбеливатель %5-15, неионогенные активные вещества, мыло, поликарбоксилат < % 5, оптические отбеливатели, энзим, парфюмерное средство +.; страна-изготовитель: турция; форма выпуска средства: порошок; особенности применения: антибактериальный эффект; вид стирки: автоматическая; комплектация: порошки в пакете 1шт; упаковка: картонная коробка; единиц в одном товаре: 1; название аромата: для цветного белья; размер упаковки (длина х ширина х высота), см: 17*16*34; тип: стиральный порошок; назначение средства для стирки: для цветных тканей; вес товара, г: 3000; с дозатором: нет",состав: мыло; поликарбоксилат; фосфонат; неиногенные пав; анионные активные вещества; парфюмерное средство; отбеливатель на кислородной основе; вес товара без упаковки (г): 3000 g; срок годности: 36 мес; количество стирок: 50 шт.; назначение стирального средства: универсальное; для цветного; для детской одежды и белья; эффект средства: удаление пятен; удаление запахов; устранение разводов; страна производства: турция; вес товара с упаковкой (г): 3200 g; комплектация: 1 порошок 3 kg; стиральный порошок 3 kg; стиральный порошок; длина упаковки: 20 cm; высота упаковки: 13 cm; ширина упаковки: 18 cm; валюта: rub,1 | 15 | 16 | 17 | 3 | 3000 | 34 | 5,1 | 13 | 18 | 20 | 3 | 3000 | 3200 | 36 | 50,,,3 | abc | kg | порошок | стиральный,0.80450606,0.72321385,0.625,1,1,0.0,0.0,0.0,0.0,0.0,True,515396123240,712964713972,0.0,abc стиральный порошок для цветного белья 3кг,abc / порошок стиральный abc 3 кг оригинал,"бренд: abc; состав: анионные активные вещества, кислородный отбеливатель %5-15, неионогенные активные вещества, мыло, поликарбоксилат < % 5, оптические отбеливатели, энзим, парфюмерное средство +.; страна-изготовитель: турция; форма выпуска средства: порошок; особенности применения: антибактериальный эффект; вид стирки: автоматическая; комплектация: порошки в пакете 1шт; упаковка: картонная коробка; единиц в одном товаре: 1; название аромата: для цветного белья; размер упаковки (длина х ширина х высота), см: 17*16*34; тип: стиральный порошок; назначение средства для стирки: для цветных тканей; вес товара, г: 3000; с дозатором: нет",состав: мыло; поликарбоксилат; фосфонат; неиногенные пав; анионные активные вещества; парфюмерное средство; отбеливатель на кислородной основе; срок годности: 36 мес; количество стирок: 30 шт.; назначение стирального средства: универсальное; для цветного; для детской одежды и белья; эффект средства: удаление пятен; удаление запахов; устранение разводов; страна производства: турция; длина упаковки: 28 cm; высота упаковки: 12 cm; ширина упаковки: 18 cm; валюта: rub,1 | 15 | 16 | 17 | 3 | 3000 | 34 | 5,12 | 18 | 28 | 3 | 30 | 36,,,3 | abc | kg | порошок | стиральный,0.72386307,0.58741945,0.5555555555555556,1,1,0.0,0.0,0.0,0.0,0.0,False,,
numeric_or_unit_conflict,Товары для животных,0.9708380490507774,1.0,0.8833521962031097,816043823309,8590032776,1.0,"комплект ""классика"", ширина 1 см, шлейка 21-35 см, поводок 120 см, капрон, голубой","пижон комплект прошитый ""лапки"", поводок 120 х 1 см, ог 23-35 см, голубой",бренд: нет бренда; предназначено для: для собак; тип: поводок,размер: 1 cm; размер собаки: средний; тип: шлейка с поводком; цвет товара: голубой; материал: полиэстер; вид шлейки: прогулочная; особенности: регулируемая; обхват шеи: 30 cm; обхват груди: 35 cm,1 | 120 | 21 | 35,1 | 120 | 23 | 30 | 35,,,1 | 120 | 35 | cm | голубой | комплект | поводок | см,0.021804176,0.034785323,0.42105263157894735,1,0,0.0,0.0,0.0,0.0,0.0,False,618475423053,8590032776,0.0,"комплект ""собачки"", ширина 1 см, поводок 1,2 м, шлейка 23-35 см, голубой","пижон комплект прошитый ""лапки"", поводок 120 х 1 см, ог 23-35 см, голубой","артикул: 1697076; бренд: пижон; обхват груди животного, см: 23 - 30; цвет товара: голубой; страна-изготовитель: китай; материал: металл; обхват шеи, см: 23 - 35; предназначено для: для собак; тип: шлейка; длина поводка, м: 1.2",размер: 1 cm; размер собаки: средний; тип: шлейка с поводком; цвет товара: голубой; материал: полиэстер; вид шлейки: прогулочная; особенности: регулируемая; обхват шеи: 30 cm; обхват груди: 35 cm,1 | 1.2 | 1697076 | 23 | 30 | 35,1 | 120 | 23 | 30 | 35,,,1 | 23 | 35 | cm | голубой | комплект | поводок | см,0.053069875,0.060953297,0.42105263157894735,1,0,0.0,0.0,0.0,0.0,0.0,False,,
numeric_or_unit_conflict,Ювелирные изделия,0.9267038577235212,1.0000000000000002,0.7068154308940838,163208799635,206158431449,1.0,"sokolov кольцо sokolov, серебро, 925 проба, золочение, эмаль, размер 20","кольцо серебро 925 женское с эмалью, 93010835",тип: кольцо; пол: женский; вид металла: серебро; отделка: золочение; проба: 925; средний вес изделия: 3.92; вставка: эмаль; вставка подробнее: 1 эмаль; размер кольца: 20,"целевая аудитория: взрослая; артикул: 93010835_16,5; бренд: sokolov; коллекция: базовая коллекция; цвет товара: золотой; страна-изготовитель: россия; размеры, мм: 3х23х19; вставка: без вставок; детские украшения: нет; длина украшения, см: 1.9; проба: 925; комплектация: кольцо, бирка, пломба, подарочная упаковка; упаковка: подарочная упаковка; размер изделия: 16,5; пол: женский; тип: кольцо; гарантийный срок: гарантийный срок изделий составляет 6 (шесть) календарных месяцев для ювелирных изделий, 3 (три) года для часов из драгоценных металлов, 12 (двенадцать) месяцев для часов из недрагоценных металлов, и исчисляется со дня передачи изделия потребителю; средний вес изделия, гр: 4.21; основно…",1 | 20 | 3.92 | 925,1.9 | 12 | 16.5 | 3 | 4.21 | 6 | 925 | 93010835,,3х23х19,925 | кольцо | серебро,0.16761422,0.18530713,0.23076923076923078,1,0,0.0,0.0,0.0,0.0,0.0,False,300647787474,17179933730,0.0,"diamant кольцо diamant, серебро, 925 проба, чернение, размер 19, белый","кольцо серебро 925, 95-110-00942-1","артикул: 95-110-00942-1; тип: кольцо; модель: классическое; коллекция: базовая коллекция; пол: женский, мужской; вид металла: серебро; отделка: чернение; проба: 925; средний вес изделия: 1.75; вставка: без вставок; комплектация: ювелирное изделие, бирка, пломба; дополнительная информация: черненое серебро получается при помощи гравировки чистого серебра с последующим покрытием его чернью - особого сплава сернистых окислов серебра, меди и свинца. чернь прочно сплавляется с серебром, создавая рисунки и узоры. не нуждается в чистке.; размер кольца: 19","пол: мужской; целевая аудитория: взрослая; размер изделия: 18,5; детские украшения: нет; комплектация: кольцо, бирка, пломба, подарочная упаковка; основной материал украшения: серебро; гарантийный срок: гарантийный срок изделий составляет 6 (шесть) календарных месяцев для ювелирных изделий, 3 (три) года для часов из драгоценных металлов, 12 (двенадцать) месяцев для часов из недрагоценных металлов, и исчисляется со дня передачи изделия потребителю; проба: 925; средний вес изделия, гр: 1.64; цвет товара: серебристый; тип: кольцо; вставка: без вставок; страна-изготовитель: россия; упаковка: подарочная упаковка; коллекция: базовая коллекция; артикул: 95-110-00942-1_18,5; бренд: diamant",00942 | 1 | 1.75 | 110 | 19 | 925 | 95,00942 | 1 | 1.64 | 110 | 12 | 18.5 | 3 | 6 | 925 | 95,,,925 | кольцо | серебро,0.9190633,0.86701936,0.23076923076923078,1,0,0.0,1.0,0.0,0.0,0.0,True,,
numeric_or_unit_conflict,Аптека,0.9172316439579844,0.9999999999999993,0.6689265758319396,472446408617,566935808036,1.0,очки с футляром-змейка melorsch мод. 2110 цвет 6 с линзами ecoplus 1.56 hmc -6.00 рц 60-62,очки с футляром-змейка melorsch мод. 2110 цвет 6 с линзами ecoplus 1.56 hmc -8.00 рц 58-60,"наличие флексов: нет; затемнение: без затемнения, с просветляющим покрытием.; бренд: melorsch; цвет товара: прозрачный; страна-изготовитель: россия; размер заушника, мм: 140; коллекция (год): 2023; конструкция очков: ободковые; форма оправы: бабочки; материал оправы очков: пластик; материал линз: пластик; стиль оправы: повседневный; форма лица: квадратная; покрытие линз: упрочняющее, просветляющее, металлизированное (защита от электромагнитных волн) uv400, водоотталкивающее и антистатическое; высота линзы, мм: 45; ширина линзы, мм: 52; размер моста на переносице, мм: 17; расстояние между оптическими центрами: 60-62; оптическая сила: -6.00; комплектация: очки melorsch с полимерными линзами c…","диоптрии: - 8.00; цвет оправы: синий; назначение: корректирующие; конструкция: ободковая; материал оправы: пластик; материал линз: пластик; форма оправы: бабочка; покрытие линз: упрочняющее, водоотталкивающее и антистатическое, металлизированное (защита от электромагнитных волн) uv400, просветляющее; пол: женские; ширина линзы: 52 mm; высота линзы: 45 mm; межцентровое расстояние: 58-60; длина заушника: 140 mm",1.56 | 138 | 140 | 17 | 2023 | 2110 | 45 | 52 | 6 | 6.00 | 60 | 62,1.56 | 140 | 2110 | 45 | 52 | 58 | 6 | 60 | 8.00,uv400,uv400,00 | 1 | 2110 | 56 | 6 | 60 | ecoplus | hmc | melorsch | змейка | линзами | мод | очки | рц | с | футляром | цвет,0.0006984833,0.0026108322,0.85,2,0,0.0,0.0,0.0,1.0,0.0,True,755914275998,283467901324,0.0,очки с футляром-змейка melorsch мод. 2098 цвет 1 с линзами ecoplus 1.56 hmc -0.50 рц 60-62,melorsh очки с футляром-змейка melorsch мод. 2098 цвет 1 с линзами ecoplus 1.56 hmc -0.75 рц 60-62,"наличие флексов: нет; затемнение: без затемнения, с просветляющим покрытием.; бренд: melorsch; цвет товара: черный; название цвета: black; страна-изготовитель: россия; размер заушника, мм: 144; коллекция (год): 2023; конструкция очков: ободковые; форма оправы: бабочки; материал оправы очков: пластик; материал линз: пластик; стиль оправы: повседневный; форма лица: квадратная; покрытие линз: упрочняющее, просветляющее, металлизированное (защита от электромагнитных волн) uv400, водоотталкивающее и антистатическое; высота линзы, мм: 47; ширина линзы, мм: 54; размер моста на переносице, мм: 17; расстояние между оптическими центрами: 60-62; оптическая сила: -0.50; комплектация: очки melorsch с по…","диоптрии: - 0.75; цвет оправы: черный; назначение: корректирующие; конструкция: ободковая; материал оправы: пластик; материал линз: пластик; форма оправы: бабочка; покрытие линз: упрочняющее, водоотталкивающее и антистатическое, металлизированное (защита от электромагнитных волн) uv400, просветляющее; пол: женские; ширина линзы: 54 mm; высота линзы: 47 mm; межцентровое расстояние: 60-62; длина заушника: 144 mm",0.50 | 1 | 1.56 | 140 | 144 | 17 | 2023 | 2098 | 47 | 54 | 60 | 62,0.75 | 1 | 1.56 | 144 | 2098 | 47 | 54 | 60 | 62,uv400,uv400,0 | 1 | 2098 | 56 | 60 | 62 | ecoplus | hmc | melorsch | змейка | линзами | мод | очки | рц | с | футляром | цвет,0.004505242,0.0063414536,0.85,1,0,0.0,0.0,0.0,0.0,0.0,True,,
numeric_or_unit_conflict,Красота и гигиена,0.8801097829014011,1.0,0.5204391316056044,317827580854,523986119098,1.0,lash&go / черные ресницы 16 линий / d / 0.15 / 10,"lash&go черные ресницы для наращивания, одна длина, изгиб d,16 линий, 0.10/d/15 mm лэш гоу",длина ресниц: 10; изгиб ресниц: d; толщина ресниц: 0.15; комплектация: ресницы 16 линий; страна производства: республика корея; валюта: rub,"бренд: lash&go; цвет товара: черный; название цвета: 16 линий; страна-изготовитель: южная корея; изгиб ресниц: d; тип волокна ресниц: матовые; длина ресниц, мм: 15; толщина ресниц, мм: 0.10; упаковка: коробка пластиковая; единиц в одном товаре: 1; тип: ресницы для наращивания",0.15 | 10 | 16,0.10 | 1 | 15 | 16,,,0 | 10 | 15 | 16 | d | go | lash | линий | ресницы | черные,0.093017325,0.07434006,0.5555555555555556,2,0,0.0,0.0,0.0,0.0,0.0,False,335007534311,532576012300,0.0,"lash&go ресницы черные 0,07/d/12 mm (16 линий)","lash&go ресницы черные 0,10/d+/7 mm (16 линий)","цвет товара: черный; вес: 30 g; толщина: 0.07 mm, 0, 07; изгиб: d; средство: ресницы; вид ресниц: ленточные; материал: искусственное волокно; количество линий: 16 шт.; цвет клея: черный; состав: искусственный материал 100 %; срок годности: 5 лет","бренд: lash&go; страна-изготовитель: южная корея; изгиб ресниц: d+; длина ресниц, мм: 7; толщина ресниц, мм: 0.10; тип: ресницы для наращивания",0 | 0.07 | 07 | 100 | 12 | 16 | 30 | 5,0.10 | 16 | 7,,,0 | 16 | d | go | lash | mm | линий | ресницы | черные,0.0076431064,0.017505603,0.6923076923076923,3,1,0.0,0.0,0.0,0.0,0.0,False,,
numeric_or_unit_conflict,Канцелярские товары,0.8767578184103622,0.9028213701618529,0.7985671631558899,326417600229,335007502753,1.0,"пастель сухая в карандаше koh-i-noor gioconda 8820/45 soft pastel, жёлто- коричневая","не определен пастель сухая в карандаше gioconda 8820/2 soft pastel, чeрная 12 шт",бренд: koh-i-noor; страна-изготовитель: чехия; тип: набор карандашей,"бренд: китай; тип: дерево, краска; вид: сухой; сечение: круглое; степень твердости: мягкая",45 | 8820,12 | 2 | 8820,,,8820 | gioconda | pastel | soft | в | карандаше | пастель | сухая,0.022035986,0.027546186,0.4,2,0,0.0,0.0,0.0,0.0,0.0,False,326417600229,206158504036,0.0,"пастель сухая в карандаше koh-i-noor gioconda 8820/45 soft pastel, жёлто- коричневая","пастель сухая в карандаше koh-i-noor gioconda 8820/03 soft pastel, тёмная охра",бренд: koh-i-noor; страна-изготовитель: чехия; тип: набор карандашей,цвет товара: желтый; линейка: gioconda; тип: карандаш; количество в упаковке: 1 шт.; количество цветов: 1; вид: пастельные; особенности: для художников; форма корпуса: круглая; упаковка: картонная; срок годности: 365 дн.,45 | 8820,03 | 1 | 365 | 8820,,,8820 | gioconda | i | koh | noor | pastel | soft | в | карандаше | пастель | сухая,0.03352622,0.026607167,0.6470588235294118,2,0,0.0,0.0,0.0,0.0,0.0,False,,
numeric_or_unit_conflict,Мебель,0.8517897634931743,0.8272370047938501,0.9254480395911466,93558,532575967061,1.0,"стол обеденный нераскладной кухонный loft со столешницей цвета антрацит из массива сосны 40 мм и белыми металлическими ножками, 100х75х75 см, 100х75х75 см","solarius стол кухонный loft со столешницей без покрытия из массива сосны 40 мм и черными металлическими ножками, 100х70х75 см","артикул: 700-10394; бренд: solarius; покрытие: лакированное; цвет товара: бежевый; название цвета: бежевый; страна-изготовитель: россия; глубина, см: 75; форма поставки: в разобранном виде; форма столешницы: прямоугольник; высота, см: 75; вид выпуска товара: фабричное производство; материал столешницы: массив дерева; материал подстолья: металл; количество ножек: 2; комплектация: стол - 1 шт.; назначение (помещение): для дачи; стиль дизайна: лофт; длина столешницы, см: 75; толщина столешницы, мм: 40; вид стола: компьютерный; ширина столешницы, см: 100; способ раскладывания столешницы: нераскладной; тип: стол обеденный; вес товара, г: 23500; ширина, см: 100; регулировка по высоте: нет","цвет товара: , бежевый; тип: стол кухонный; конструкция: стандартный; назначение: для кухни и столовой; форма столешницы: прямоугольная; материал столешницы: массив дерева; толщина столешницы: 4 cm; материал основания: металл; материал ножек: металл; количество ножек: 2 шт.; стиль: лофт; размеры (дхшхв): 70x100x75 см; вес: 21.9 kg; габариты транспортной упаковки: 102х72х21 см; вес в транспортной упаковке: 21.9 kg",1 | 100 | 10394 | 2 | 23500 | 40 | 700 | 75,2 | 21.9 | 4 | 40,100х75х75,100х70х75 | 102х72х21 | 70x100x75,40 | loft | mm | и | из | кухонный | массива | металлическими | ножками | см | со | сосны | стол | столешницей,0.021570422,0.016396735,0.56,1,1,1.0,0.0,0.0,1.0,0.0,False,154618964708,558345873675,0.0,"solarius стол журнальный loft со столешницей цвета ольхи из массива сосны 40 мм и белыми металлическими ножками, 140х60х50 см","стол журнальный loft со столешницей из массива сосны 40 мм без шлифовки и покраски с белыми металлическими ножками, 140х70х50 см","цвет товара: ольха (коричневый); тип: столик журнальный; конструкция: стандартный; назначение: для гостиной; форма столешницы: прямоугольная; материал столешницы: массив дерева, сосна; толщина столешницы: 4 cm; материал основания: металл; материал ножек: металл; количество ножек: 2 шт.; стиль: лофт; размеры (дхшхв): 60x140x50 см; вес: 21 kg; габариты транспортной упаковки: 142х62х21 см; вес в транспортной упаковке: 21 kg","артикул: 701-10242; бренд: solarius; покрытие: без покрытия; цвет товара: бежевый; название цвета: бежевый; страна-изготовитель: россия; глубина, см: 70; форма поставки: в разобранном виде; форма столешницы: прямоугольник; высота, см: 50; вид выпуска товара: фабричное производство; материал столешницы: массив дерева; материал подстолья: металл; количество ножек: 2; комплектация: стол журнальный - 1 шт.; назначение (помещение): для дачи; стиль дизайна: лофт; толщина столешницы, мм: 40; тип: журнальный стол; вес товара, г: 23600; колесики: нет; ширина, см: 140; регулировка по высоте: да; количество в комплекте, шт.: 1",2 | 21 | 4 | 40,1 | 10242 | 140 | 2 | 23600 | 40 | 50 | 70 | 701,140х60х50 | 142х62х21 | 60x140x50,140х70х50,40 | loft | mm | белыми | журнальный | и | из | массива | металлическими | ножками | см | со | сосны | стол | столешницей,0.0060261637,0.010434403,0.625,1,1,1.0,0.0,0.0,1.0,0.0,False,,
numeric_or_unit_conflict,Электроника,0.8407759441865992,0.8921828725470209,0.6865551591053339,154618961929,841813706227,1.0,"apple смартфон iphone 14 pro 6/512 гб, черный","apple / apple iphone 14 pro 512 гб, black","аутентификация: распознавание лица; модуль связи bluetooth: 5,3; основной материал корпуса: стекло; бренд: apple; бренд процессора: apple; число ядер процессора: 6; процессор: a16 bionic (6 ядер), 3.46 ггц; модель процессора: a16 bionic; емкость аккумулятора, мач: 3200; функции зарядки: беспроводная зарядка; цвет товара: черный; название цвета: black; страна-изготовитель: китай; степень защиты: ip68; размеры, мм: 147.5*71.5*7.85; особенности: безрамочный дисплей; форм-фактор sim: nano-sim; бренд графического процессора: apple; видеопроцессор: gpu; интерфейсы: lightning; технология матрицы: oled; макс. скорость видеосъемки, кадр/с: 60; стандарты связи: 2 g; навигация: gps; количество основны…",цвет: черный; стандарт связи: 3 g; 4 g (lte); 5 g; тип дисплея/экрана: oled; диагональ экрана: 6.1; защитное покрытие экрана: олеофобное покрытие; операционная система: ios; версия операционной системы: ios 16; объем встроенной памяти (гб): 512 gb; тип sim карты: nano-sim; esim; количество sim карт: 1 sim; esim; емкость аккумулятора: 3200; основная камера (млн. пикс.): 48 мп; доп. опции камеры: ночной режим; распознавание лиц; стабилизация изображения; беспроводные интерфейсы: wi-fi; bluetooth; nfc; вид разъема: lightning; процессор: a16 bionic; количество ядер процессора: 6; спутниковая навигация: beidou; gps; глонасс; степень пылевлагозащиты: ip68; доп. опции смартфона: беспроводная заряд…,1 | 12 | 14 | 147.5 | 172 | 2 | 2160 | 23 | 3 | 3.46 | 3200 | 3840 | 48 | 5.3 | 512 | 6 | 6.1 | 60 | 7.85 | 71.5 | 75 | 802,1 | 12 | 14 | 16 | 22 | 3 | 3200 | 4 | 48 | 5 | 512 | 6 | 6.1,2532x1170,,14 | 512 | apple | gb | iphone | pro,0.16092065,0.16038774,0.6,1,1,0.0,0.0,0.0,0.0,0.0,True,103079305064,386547074370,0.0,"apple смартфон iphone 11 4/128 гб, черный",apple / iphone 11 128gb,"аутентификация: распознавание лица; модуль связи bluetooth: 5,0; основной материал корпуса: стекло; бренд: apple; бренд процессора: apple; число ядер процессора: 6; процессор: a13 bionic (6 ядер), 2.65 ггц; модель процессора: a13 bionic; емкость аккумулятора, мач: 3110; функции зарядки: беспроводная зарядка; цвет товара: черный; название цвета: black - черный; страна-изготовитель: сша; степень защиты: ip68; размеры, мм: 75.7x150.9x8.3 мм; особенности: распознавание силы нажатия; форм-фактор sim: nano-sim; частота процессора, ггц: 2.65; функции камеры: двойная камера; бренд графического процессора: apple; видеопроцессор: gpu; интерфейсы: lightning; технология матрицы: oled; макс. скорость ви…","модель: iphone 11; цвет: черный; стандарт связи: 4 g; lte; тип дисплея/экрана: ips; диагональ экрана: 6.1""; разрешение экрана: 1792x828; защитное покрытие экрана: олеофобное покрытие; операционная система: ios; версия операционной системы: ios 13; объем встроенной памяти (гб): 128 gb; тип sim карты: nano-sim; количество sim карт: 1; время работы в режиме разговора (max): 25 час; основная камера (млн. пикс.): 12 мп; вторая основная камера (млн. пикс.): 12 мп; фронтальная камера (млн. пикс.): 12 мп; встроенная вспышка: да; беспроводные интерфейсы: bluetooth 5.0; nfc; wi-fi; вид разъема: lightning; процессор: apple a13 bionic; количество ядер процессора: 6 ядер; спутниковая навигация: глонасс;…",11 | 12 | 128 | 13 | 194 | 2 | 2.65 | 20 | 2160 | 240 | 3 | 30 | 3110 | 3840 | 4 | 5.0 | 6 | 6.1 | 60 | 75 | 802,0.83 | 1 | 10 | 11 | 12 | 128 | 13 | 15.09 | 18 | 194 | 25 | 4 | 5 | 5.0 | 6 | 6.1 | 7.57,1792x828 | 7x150,1792x828,11 | 128 | apple | gb | iphone,0.7039236,0.7014988,0.625,1,1,0.0,1.0,0.0,0.0,0.0,True,,
numeric_or_unit_conflict,Канцелярские товары,0.8196701471979555,0.8401863273037419,0.7581216068805967,704374758546,635655195723,1.0,"комплект 2 упаковок, бумага цветная promega jet (а3.160г, голубая пастель) 250л/уп","бумага цветная promega jet (а3, 160 грамм, голубая пастель) 250 листов в упаковке",цвет товара: комплект 2 упаковок; количество пачек: 2 шт.; тип: бумага; формат: a3; вид бумаги: офисная; особенности: цветная; количество листов: 250 шт.,"количество листов, шт: 250; бренд: promega; цвет товара: голубой; страна-изготовитель: россия; плотность, г/м2: 160; особенности бумаги: двухсторонняя; формат: a3 (29.7 × 42 cm); количество заводских упаковок: 1; единиц в одном товаре: 1; тип: бумага для принтера",2 | 250,1 | 160 | 250 | 29.7 | 42,,,250 | jet | promega | а3 | бумага | голубая | пастель | цветная,0.025168277,0.03464801,0.42105263157894735,1,0,0.0,0.0,0.0,1.0,0.0,False,266288039754,704374758546,0.0,"бумага цветная promega jet (а3, 160г, зеленая пастель) 250л/уп","комплект 2 упаковок, бумага цветная promega jet (а3.160г, голубая пастель) 250л/уп","количество листов, шт: 250; бренд: promega; цвет товара: зеленый; название цвета: зеленый; страна-изготовитель: россия; плотность, г/м2: 160; размеры, мм: 297x420; формат: a3 (29.7 × 42 cm); количество заводских упаковок: 1; комплектация: бумага цветная офисная - 1 упаковка; единиц в одном товаре: 1; тип: бумага цветная",цвет товара: комплект 2 упаковок; количество пачек: 2 шт.; тип: бумага; формат: a3; вид бумаги: офисная; особенности: цветная; количество листов: 250 шт.,1 | 160 | 250 | 29.7 | 42,2 | 250,297x420,,250 | jet | l | promega | а3 | бумага | пастель | уп | цветная,0.0046137692,0.020425096,0.5294117647058824,1,0,0.0,0.0,0.0,1.0,0.0,False,,
numeric_or_unit_conflict,Бытовая химия,0.8177776448183134,0.8591420128699209,0.6936845406634913,438086758417,498216316697,1.0,zhandaulet / стиральный порошок,"порошок стиральный, аква пудра насыщенный цвет 450 г.",вес товара без упаковки (г): 450 g; количество стирок: 3 шт.; страна производства: россия; длина упаковки: 22 cm; высота упаковки: 20 cm; ширина упаковки: 16 cm; валюта: rub; цвет: зеленый,"бренд: msn; состав: состав: менее 5%: неионогенные пав, пеногаситель, поликарбоксилаты, энзимы, кмц, эдта, мыло, отдушка; 5-15%: фосфаты, силикаты, анионные пав.; страна-изготовитель: беларусь; форма выпуска средства: порошок; особенности применения: эффективен в холодной воде; вид стирки: автоматическая; число стирок: 4; комплектация: в комплекте 1 шт.; единиц в одном товаре: 1; размер упаковки (длина х ширина х высота), см: 19 x 15 x 4; тип: стиральный порошок; назначение средства для стирки: для белых тканей; вес товара, г: 350",16 | 20 | 22 | 3 | 450,1 | 15 | 19 | 350 | 4 | 450 | 5,,,порошок | стиральный,0.12854613,0.12597036,0.2222222222222222,1,1,0.0,0.0,0.0,0.0,0.0,False,712964577168,824633746951,0.0,abc/стиральный порошок 9кг/лимон,abc бытовая химия / стиральный порошок abc 9 кг,"бренд: abc; состав: анионные активные вещества , кислородный отбеливатель% 5-15, неионогенные активные вещества ,мыло , поликарбоксилат меньше %5 ,оптические отбеливатели , энзим , парфюмерное средство.; страна-изготовитель: турция; форма выпуска средства: порошок; особенности применения: антибактериальный эффект; вид стирки: автоматическая; число стирок: 90; комплектация: стиральный порошок 1шт; упаковка: воздушно-пузырчатая пленка; единиц в одном товаре: 1; название аромата: лимон; размер упаковки (длина х ширина х высота), см: 45/30/11; аромат: лимон; тип: стиральный порошок; назначение средства для стирки: для белых тканей; вес товара, г: 9000; с дозатором: нет","состав: анионные пав, мыло, кислородный отбеливатель; вес товара без упаковки (г): 9000 g; срок годности: до 2025 g.; количество стирок: 90 шт.; назначение стирального средства: для цветного и белого; ароматизация; эффект средства: удаляет стойкие загрязнения; страна производства: турция; длина упаковки: 15 cm; высота упаковки: 35 cm; ширина упаковки: 24 cm; валюта: rub",1 | 11 | 15 | 30 | 45 | 5 | 9 | 90 | 9000,15 | 2025 | 24 | 35 | 9 | 90 | 9000,,,9 | abc | kg | порошок | стиральный,0.51442736,0.41732904,0.625,1,1,0.0,0.0,0.0,0.0,0.0,False,,
numeric_or_unit_conflict,Продукты питания,0.804414156774213,0.8602943894191358,0.6367734588394445,670015054496,25769893716,1.0,чай черный greenfield golden ceylon 100г х 2шт,чай черный листовой greenfield golden ceylon (гринфилд голден цейлон) 100г (комплект 20 шт.) 6003516,"бренд: greenfield; условия хранения: хранить в сухом прохладном месте, при относительной влажности воздуха не более 75%; состав: чай; страна-изготовитель: россия; единиц в одном товаре: 2; максимальная температура: 20; минимальная температура: 0; срок годности в днях: 1095; тип: чай листовой; вес товара, г: 100",бренд: greenfield; вид чая: черный; форма выпуска: листовой,0 | 100 | 1095 | 2 | 20 | 75,100 | 20 | 6003516,,,100 | ceylon | g | golden | greenfield | чай | черный,0.013819428,0.028443612,0.4117647058823529,1,1,0.0,0.0,0.0,0.0,0.0,False,25769893716,51539718056,0.0,чай черный листовой greenfield golden ceylon (гринфилд голден цейлон) 100г (комплект 20 шт.) 6003516,"чай черный greenfield golden ceylon листовой, 100г / 2 шт по 100 гр",бренд: greenfield; вид чая: черный; форма выпуска: листовой,"бренд: greenfield; условия хранения: в сухом прохладном месте; состав: чай черный байховый цейлонский; страна-изготовитель: россия; свойства чая: бодрящий; ферментация: ферментированный; упаковка: пачка; единиц в одном товаре: 3; максимальная температура: 25; минимальная температура: 5; срок годности в днях: 1095; сорт чая: цейлонский; размер чайного листа: крупнолистовой; вид чая: черный; тип: чай листовой; форма чая: рассыпной; вес товара, г: 100",100 | 20 | 6003516,100 | 1095 | 2 | 25 | 3 | 5,,,100 | ceylon | g | golden | greenfield | листовой | чай | черный | шт,0.009798558,0.01898172,0.5294117647058824,2,1,0.0,0.0,0.0,0.0,0.0,False,,
numeric_or_unit_conflict,Бытовая химия,0.7999614328359677,0.7839472043136206,0.8480041184030085,395137026453,773094160667,1.0,"lenor / концентрированный кондиционер для белья 1,785 л 51 стирок","lenor  кондиционер для белья концентрат от кутюр манифик 1,795 л",состав: химическая основа 100%; объем товара: 1785 ml; эффект средства: легкая глажка и мягкость; защита от выцветания и потери формы; страна производства: россия; вес товара с упаковкой (г): 1872 g; комплектация: кондиционер для белья - 1шт.; длина упаковки: 9 cm; высота упаковки: 29 cm; ширина упаковки: 12 cm; валюта: rub; цвет: черный,"артикул: o1agr58785; бренд: lenor; состав: 5-15% катионные пав, &lt;5% неионогенные пав, консерванты, ароматизирующие добавки, бензилбензоат, гексилкоричный альдегид, линалоол; страна-изготовитель: германия; форма выпуска средства: жидкость; особенности применения: экосредство; комплектация: 1 штука; упаковка: флакон; единиц в одном товаре: 1; название аромата: свежий; размер упаковки (длина х ширина х высота), см: 15х10х10; аромат: свежий; тип: кондиционер, ополаскиватель; объем, мл: 1795; назначение средства для стирки: для деликатных тканей",1.785 | 100 | 12 | 1785 | 1872 | 29 | 51 | 9,1 | 1.795 | 15 | 1795 | 5,,15х10х10 | o1agr58785,1 | l | lenor | белья | для | кондиционер,0.21011358,0.1270793,0.4,1,1,0.0,0.0,0.0,0.0,0.0,False,678604954580,730144607119,0.0,abc / кондиционер для белья,abc кондиционер для белья 2000 мл,"состав: кондиционер; катионновое активное вещество 5-15%; парфюмерное средство; объем товара: 1440 ml; срок годности: 36 мес; эффект средства: ароматизация, легкая глажка; парфюмированный запах; смягчение; вес товара с упаковкой (г): 1550 g; длина упаковки: 13 cm; высота упаковки: 32 cm; ширина упаковки: 8 cm; валюта: rub","артикул: 12573; бренд: abc; состав: вода (30% и более), катионные пав (5% или более, но менее 15%), парфюмерная композиция (менее 5%), консервант (менее 5%).; страна-изготовитель: турция; форма выпуска средства: жидкость; особенности применения: антистатический эффект; число стирок: 20; комплектация: abc кондиционер для белья 2000 ml; упаковка: бутыль; единиц в одном товаре: 1; название аромата: султан; размер упаковки (длина х ширина х высота), см: 140*70*330; аромат: цветочный; тип: кондиционер, ополаскиватель; объем, мл: 2000; назначение средства для стирки: для белых тканей; вес товара, г: 2100; с дозатором: да",13 | 1440 | 15 | 1550 | 32 | 36 | 5 | 8,1 | 12573 | 140 | 15 | 20 | 2000 | 2100 | 30 | 330 | 5 | 70,,,abc | белья | для | кондиционер,0.090337574,0.036789186,0.6666666666666666,1,1,0.0,0.0,0.0,0.0,0.0,False,,
numeric_or_unit_conflict,Бытовая химия,0.7946985334019621,1.0000000000000009,0.17879413360784566,652835030451,515396092341,1.0,"московский мыловаренный завод мыло хозяйственное гост-30266-2017 72%, 200 г","мыло хозяйственное гост-30266-2017 72%, 180 г","вес: 0.2 kg; объем: 0.2 l; бренд: московский мыловаренный завод; форма выпуска: кусковое мыло; назначение: для мытья пола, для мытья посуды; эффект: антибактериальный; особенности: с отдушкой; содержание жирных кислот: 72%; состав: см. на упаковке",артикул: 948056; бренд: ммз; страна-изготовитель: россия; тип: специальное чистящее средство,0.2 | 200 | 2017 | 30266 | 72,180 | 2017 | 30266 | 72 | 948056,гост302662017,гост302662017,2017 | 30266 | 72 | g | гост | мыло | хозяйственное,0.04664555,0.055397306,0.5833333333333334,2,1,0.0,0.0,0.0,0.0,0.0,False,240518290738,652835030451,0.0,"ммз, мыло хозяйственное, гост-30266-95 65%, 180 грамм, 60 штук в упаковке","московский мыловаренный завод мыло хозяйственное гост-30266-2017 72%, 200 г","артикул: sl-1632466-60-sl1449p1-251; бренд: ммз; состав: натриевые соли жирных кислот натуральных жиров и масел, вода, глицерин, хлорид натрия, антиоксидант.; страна-изготовитель: россия; особенности применения: антибактериальный эффект; комплектация: ммз, мыло хозяйственное, гост-30266-95 65%, 180 g - 60 штук в упаковке; упаковка: пакет; единиц в одном товаре: 60; форма выпуска мыла: кусковое мыло; размер упаковки (длина х ширина х высота), см: 6х3х9; аромат: без отдушки; тип: мыло хозяйственное; назначение средства для стирки: для белых тканей; вес товара, г: 180","вес: 0.2 kg; объем: 0.2 l; бренд: московский мыловаренный завод; форма выпуска: кусковое мыло; назначение: для мытья пола, для мытья посуды; эффект: антибактериальный; особенности: с отдушкой; содержание жирных кислот: 72%; состав: см. на упаковке",1632466 | 180 | 251 | 30266 | 60 | 65 | 95,0.2 | 200 | 2017 | 30266 | 72,6х3х9 | sl163246660sl1449p1251 | гост3026695,гост302662017,30266 | g | гост | мыло | хозяйственное,0.00944843,0.01549924,0.2631578947368421,4,1,1.0,0.0,0.0,0.0,0.0,False,,
numeric_or_unit_conflict,Мебель,0.7926402496285996,0.7887939672527423,0.8041790967561717,824633780853,180388800670,1.0,без бренда шкаф-пенал трикс левый цвет дуб крафт золотой 600-550-2200 наполнение платье,шкаф-пенал трикс левый цвет дуб крафт золотой с ящиками 600-550-2000 наполнение белье,"конструкция: шкаф для одежды; назначение: для прихожей, для спальни; расположение угла/петель: слева; тип установки: напольный; дверцы: распашные; количество дверей: 1; материал корпуса: лдсп; материал фасада: лдсп, зеркало; особенности: с зеркалом; стиль: современный; ширина: 60; глубина: 55; высота: 220; страна бренда: россия; габариты транспортной упаковки: 230х65х10 см; вес в транспортной упаковке: 75 kg; цвет товара: дуб крафт золотой","артикул: 50337; бренд: нет бренда; цвет товара: светло-коричневый; название цвета: дуб крафт золотой; образец цвета: https://cdn1.ozone.ru/s3/multimedia-1/6440294689.jpg; страна-изготовитель: россия; глубина, см: 55; форма поставки: в разобранном виде; материал фасада: лдсп; ориентация: левый; высота, см: 200; вид выпуска товара: фабричное производство; материал корпуса: лдсп; тип открывания дверей: открывающиеся влево; назначение (помещение): для дома; стиль дизайна: современный; тип: шкаф-пенал; конструкция: прямой; количество дверей: однодверный; особенности: с ящиками; гарантийный срок: 24 месяца; вес товара, г: 75000; ширина, см: 60; зеркало: нет",1 | 220 | 2200 | 55 | 550 | 60 | 600 | 75,1 | 200 | 2000 | 24 | 50337 | 55 | 550 | 60 | 600 | 6440294689 | 75000,230х65х10,multimedia1,550 | 600 | дуб | золотой | крафт | левый | наполнение | пенал | трикс | цвет | шкаф,0.019707344,0.024333537,0.5789473684210527,1,0,0.0,0.0,0.0,0.0,0.0,False,489626359316,618475298845,0.0,без бренда шкаф-пенал трикс левый цвет дуб крафт серый 500-550-2000 наполнение белье,шкаф-пенал трикс левый цвет дуб крафт серый 400-520-2000 наполнение белье,"конструкция: шкаф для одежды; назначение: для прихожей, для спальни; расположение угла/петель: слева; тип установки: напольный; дверцы: распашные; количество дверей: 1; материал корпуса: лдсп; материал фасада: лдсп, зеркало; особенности: с зеркалом; стиль: современный; ширина: 50; глубина: 55; высота: 200; страна бренда: россия; габариты транспортной упаковки: 210х65х10 см; вес в транспортной упаковке: 65 kg; цвет товара: дуб крафт серый","артикул: 50898; бренд: нет бренда; цвет товара: серый; название цвета: дуб крафт серый; образец цвета: https://cdn1.ozone.ru/s3/multimedia-q/6543117302.jpg; страна-изготовитель: россия; глубина, см: 52; форма поставки: в разобранном виде; материал фасада: лдсп; ориентация: левый; высота, см: 200; вид выпуска товара: фабричное производство; материал корпуса: лдсп; тип открывания дверей: открывающиеся влево; назначение (помещение): для дома; стиль дизайна: современный; тип: шкаф-пенал; конструкция: прямой; количество дверей: однодверный; особенности: с полками; гарантийный срок: 24 месяца; вес товара, г: 50000; ширина, см: 40; зеркало: нет",1 | 200 | 2000 | 50 | 500 | 55 | 550 | 65,200 | 2000 | 24 | 40 | 400 | 50000 | 50898 | 52 | 520 | 6543117302,210х65х10,,2000 | белье | дуб | крафт | левый | наполнение | пенал | серый | трикс | цвет | шкаф,0.009808246,0.01242917,0.6470588235294118,2,0,0.0,0.0,0.0,0.0,0.0,False,,
numeric_or_unit_conflict,Мебель,0.7867618017154189,0.7276903526391758,0.9639761489441478,188978567094,704374687025,1.0,шкаф арлин 3 с ящиками 1400-520-2200 дуб крафт золотой наполнение платье/белье,без бренда шкаф арлин 3 с ящиками 1400-550-2200 дуб крафт золотой наполнение платье/белье,"артикул: 36768; бренд: нет бренда; цвет товара: светло-коричневый; название цвета: дуб крафт золотой; образец цвета: https://cdn1.ozone.ru/s3/multimedia-e/6699230366.jpg; страна-изготовитель: россия; глубина, см: 52; форма поставки: в разобранном виде; материал фасада: лдсп; ориентация: универсальный; высота, см: 220; вид выпуска товара: фабричное производство; материал корпуса: лдсп; тип открывания дверей: открывающиеся в стороны; назначение (помещение): для дома; стиль дизайна: современный; тип: шкаф распашной; конструкция: прямой; количество дверей: трехдверный; особенности: с ящиками; гарантийный срок: 24 месяца; вес товара, г: 168000; ширина, см: 140; зеркало: нет",конструкция: шкаф для одежды; назначение: для гостиной; тип установки: напольный; дверцы: распашные; количество дверей: 3; количество секций: 2; материал корпуса: лдсп; материал фасада: лдсп; особенности: с ящикамис полкамисо штангой; стиль: современный; ширина: 140; глубина: 55; высота: 220; комплектация: шкаф -1 шт.; дополнительная информация: универсальный; страна бренда: россия; габариты транспортной упаковки: 230х65х10 см; вес в транспортной упаковке: 173 kg; цвет товара: дуб крафт золотой,140 | 1400 | 168000 | 220 | 2200 | 24 | 3 | 36768 | 52 | 520 | 6699230366,1 | 140 | 1400 | 173 | 2 | 220 | 2200 | 3 | 55 | 550,,230х65х10,1400 | 2200 | 3 | арлин | белье | дуб | золотой | крафт | наполнение | платье | с | шкаф | ящиками,0.009433544,0.012736021,0.7647058823529411,1,0,0.0,0.0,0.0,0.0,0.0,False,94489280804,42949739876,0.0,шкаф трикс 3 цвет дуб крафт золотой и белый 1200-550-2100 наполнение платье/белье,без бренда шкаф трикс 3 цвет дуб крафт золотой и белый 1200-520-2100 наполнение платье/белье/платье,"артикул: 50614; бренд: нет бренда; цвет товара: разноцветный; название цвета: дуб крафт золотой и белый; образец цвета: https://cdn1.ozone.ru/s3/multimedia-b/6453847475.jpg; страна-изготовитель: россия; глубина, см: 55; форма поставки: в разобранном виде; материал фасада: лдсп; ориентация: универсальный; высота, см: 210; вид выпуска товара: фабричное производство; материал корпуса: лдсп; тип открывания дверей: открывающиеся в стороны; назначение (помещение): для дома; стиль дизайна: современный; тип: шкаф распашной; конструкция: прямой; количество дверей: трехдверный; особенности: с полками; гарантийный срок: 24 месяца; вес товара, г: 150000; ширина, см: 120; зеркало: нет","конструкция: шкаф для одежды; назначение: для прихожей, для спальни; расположение угла/петель: универсальное; тип установки: напольный; дверцы: распашные; количество дверей: 3; материал корпуса: лдсп; материал фасада: лдсп, зеркало; особенности: с зеркалом; стиль: современный; ширина: 120; глубина: 52; высота: 210; страна бренда: россия; габариты транспортной упаковки: 220х62х10 см; вес в транспортной упаковке: 140 kg; цвет товара: дуб крафт золотой и белый",120 | 1200 | 150000 | 210 | 2100 | 24 | 3 | 50614 | 55 | 550 | 6453847475,120 | 1200 | 140 | 210 | 2100 | 3 | 52 | 520,,220х62х10,1200 | 2100 | 3 | белый | белье | дуб | золотой | и | крафт | наполнение | платье | трикс | цвет | шкаф,0.013135126,0.016742917,0.7777777777777778,1,0,0.0,0.0,0.0,0.0,0.0,False,,
numeric_or_unit_conflict,Бытовая химия,0.7678986190024828,0.7819341116885151,0.7257921409443859,94489311560,162202,1.0,средство для мытья посуды fairy нежные руки чайное дерево и мята 450мл 1 шт.,фейри / средство для мытья посуды,"артикул: 645941; бренд: fairy; состав: лимонная кислота; <5% апав и нпав; <5%: консервант, ароматизирующий компонент, d-лимонен, краситель.; единиц в одном товаре: 1; тип: средство чистящее для ванной и туалета",объем товара: 430 ml; срок годности: 3; 3 g; 3 года; тип средства: гель; жидкость; мыло; страна производства: россия; вес с упаковкой (кг): 0.5 kg; комплектация: фейри platinum средство для мытья посуды; средство для мытья посуды; гель; фейри platinum; фейри; длина упаковки: 7 cm; высота упаковки: 35 cm; ширина упаковки: 3 cm; валюта: rub,1 | 450 | 5 | 645941,0.5 | 3 | 35 | 430 | 7,,,для | мытья | посуды | средство,0.04830116,0.06657402,0.25,1,1,0.0,0.0,0.0,0.0,0.0,False,558345798791,249108176583,0.0,fairy / средство для мытья посуды,"fairy средство для мытья посуды, 450 мл","состав: анионных пав; неионогенных пав; бензизотиазолинон; метилизотиазолинон; феноксиэтанол; дифтофф; лимонен; объем товара: 3750 ml; аромат: яблоко; срок годности: 18 мес; тип средства: гель; мыло; жидкость; страна производства: германия; цвет: зеленый, серый, светло-серый; вес с упаковкой (кг): 4 kg; комплектация: средство для посуды; гель для мытья посуды 5 l; моющее средство для посуды 5 l; гель для посуды; средства для посуды, продуктов; гель для мытья посуды; fairy; средство для мытья посуды 5 l; для мытья посуды; fairy для посуды; моющее средство для посуды; средство для мытья посуды; длина упаковки: 25 cm; высота упаковки: 37 cm; ширина упаковки: 13 cm; валюта: rub","назначение моющего, чистящего средства: для посуды; артикул: jpyf31917; бренд: fairy; состав: 5-15% анионные пав, &lt;5% неионогенные пав, консерванты, ароматизирующие добавки.; форма выпуска средства: жидкость; комплектация: 1; количество в упаковке, шт: 1; единиц в одном товаре: 1; название аромата: яблоко; аромат: яблоко; тип: средство ручного мытья посуды; объем, мл: 450; вес товара, г: 450",13 | 18 | 25 | 37 | 3750 | 4 | 5,1 | 15 | 450 | 5,,jpyf31917,fairy | для | мытья | посуды | средство,0.22299784,0.13027564,0.7142857142857143,1,1,0.0,0.0,0.0,0.0,0.0,True,,
sku_human_asymmetry,Электроника,0.9999999999999994,0.9999999999999992,1.0,34359753075,515396087141,1.0,mypads / мужская поясная сумка-борсетка-чехол borsello для blackvi...,мужская поясная сумка-борсетка-чехол mypads borsello для blackview bv6000s с несколькими отделениями на молнии и двумя большими вместительными карманами из натуральной кожи,тип чехлов: сумка; совместимость: blackview bv9200; материал изделия: натуральная кожа; цвет: черный; особенности чехла: чехол с жидкостью; страна производства: россия; длина упаковки: 20 cm; высота упаковки: 4 cm; ширина упаковки: 22 cm; валюта: rub,артикул: 186263; бренд: mypads; цвет товара: черный; страна-изготовитель: россия; подходит для устройств: blackview bv6000s; особенности: отделение для аксессуаров; вид чехла: сумка; тип: чехол для смартфона; застежка: кнопки,20 | 22 | 4,186263,bv9200,bv6000s,borsello | mypads | борсетка | для | мужская | поясная | сумка | чехол,0.11189073,0.13278031,0.3333333333333333,0,0,0.0,0.0,0.0,0.0,1.0,False,163208882477,515396087141,0.0,mypads / мужская поясная сумка-борсетка-чехол borsello для blackvi...,мужская поясная сумка-борсетка-чехол mypads borsello для blackview bv6000s с несколькими отделениями на молнии и двумя большими вместительными карманами из натуральной кожи,тип чехлов: сумка; совместимость: blackview bv9300; материал изделия: натуральная кожа; цвет: черный; особенности чехла: чехол с жидкостью; страна производства: россия; длина упаковки: 20 cm; высота упаковки: 4 cm; ширина упаковки: 22 cm; валюта: rub,артикул: 186263; бренд: mypads; цвет товара: черный; страна-изготовитель: россия; подходит для устройств: blackview bv6000s; особенности: отделение для аксессуаров; вид чехла: сумка; тип: чехол для смартфона; застежка: кнопки,20 | 22 | 4,186263,bv9300,bv6000s,borsello | mypads | борсетка | для | мужская | поясная | сумка | чехол,0.113974735,0.14422889,0.3333333333333333,0,0,0.0,0.0,0.0,0.0,1.0,False,,
sku_human_asymmetry,Электроника,0.9999999999999994,0.9999999999999992,1.0,137439035695,515396087141,1.0,mypads / мужская поясная сумка-борсетка-чехол mypads borsello для ...,мужская поясная сумка-борсетка-чехол mypads borsello для blackview bv6000s с несколькими отделениями на молнии и двумя большими вместительными карманами из натуральной кожи,комплектация: чехол; совместимость: iphone se/ 5se; цвет: черный; страна производства: россия; вес товара с упаковкой (г): 60 g; ширина предмета: 5 cm; высота предмета: 3 cm; длина упаковки: 20 cm; высота упаковки: 3 cm; ширина упаковки: 5 cm; валюта: rub,артикул: 186263; бренд: mypads; цвет товара: черный; страна-изготовитель: россия; подходит для устройств: blackview bv6000s; особенности: отделение для аксессуаров; вид чехла: сумка; тип: чехол для смартфона; застежка: кнопки,20 | 3 | 5 | 60,186263,,bv6000s,borsello | mypads | борсетка | для | мужская | поясная | сумка | чехол,0.46972752,0.50800264,0.34782608695652173,0,0,0.0,0.0,0.0,0.0,1.0,False,506806211467,515396087141,0.0,mypads / мужская поясная сумка-борсетка-чехол mypads borsello для ...,мужская поясная сумка-борсетка-чехол mypads borsello для blackview bv6000s с несколькими отделениями на молнии и двумя большими вместительными карманами из натуральной кожи,комплектация: чехол; совместимость: nokia 130 2017; цвет: черный; страна производства: россия; вес товара с упаковкой (г): 60 g; ширина предмета: 5 cm; высота предмета: 3 cm; длина упаковки: 20 cm; высота упаковки: 3 cm; ширина упаковки: 5 cm; валюта: rub,артикул: 186263; бренд: mypads; цвет товара: черный; страна-изготовитель: россия; подходит для устройств: blackview bv6000s; особенности: отделение для аксессуаров; вид чехла: сумка; тип: чехол для смартфона; застежка: кнопки,130 | 20 | 2017 | 3 | 5 | 60,186263,,bv6000s,borsello | mypads | борсетка | для | мужская | поясная | сумка | чехол,0.4549492,0.4786488,0.34782608695652173,0,0,0.0,0.0,0.0,0.0,1.0,False,,
sku_human_asymmetry,Музыкальные инструменты,0.9977801357720746,0.9999999999999999,0.9911205430882988,798863959302,274877957911,1.0,трости для сопрано саксофона vandoren v16 №3 (10 шт),трости для саксофона-альт vandoren v16 sr703,тип комплектующей: трость; назначение: саксофон; вид инструмента: саксофон; количество в упаковке: 10 шт.; длина: 60 cm; ширина: 30 cm; высота: 110 cm,бренд: vandoren; страна-изготовитель: франция; вид музыкального аксессуара: трость; тип: аксессуар для духовых,10 | 110 | 30 | 60,,,sr703,v16 | vandoren | для | саксофона | трости,0.050231338,0.08431675,0.45454545454545453,0,0,0.0,0.0,0.0,0.0,1.0,False,274877957911,34359843799,0.0,трости для саксофона-альт vandoren v16 sr703,трости для сопрано саксофона vandoren v16 №4 (10 шт),бренд: vandoren; страна-изготовитель: франция; вид музыкального аксессуара: трость; тип: аксессуар для духовых,"тип комплектующей: трость; назначение: кларнет, саксофон; вид инструмента: саксофон; материал: тростник; маркировка трости: 4.0; количество в упаковке: 10 шт.; длина: 60 cm; ширина: 30 cm; высота: 110 cm",,10 | 110 | 30 | 4.0 | 60,sr703,,v16 | vandoren | для | саксофона | трости,0.03581288,0.064525545,0.45454545454545453,0,0,0.0,0.0,0.0,0.0,1.0,False,,
sku_human_asymmetry,Музыкальные инструменты,0.9332522098566978,0.935053756721468,0.9278475692623873,644245237178,704374740438,1.0,"pq-6225-00 tusq верхний порожек для акустической/электрогитары, graphtech",graphtech / tusq верхний порожек для акустической/электрогитары,бренд: graphtech; тип: аксессуар для струнных,страна производства: канада; валюта: rub,00 | 6225,,pq622500,,graphtech | tusq | акустической | верхний | для | порожек | электрогитары,0.8578359,0.89071643,0.7,0,0,0.0,0.0,0.0,0.0,1.0,False,455266602767,704374740438,0.0,"pq-6115-00 tusq верхний порожек для электрогитары, graphtech",graphtech / tusq верхний порожек для акустической/электрогитары,"бренд: graphtech; назначение муз. аксессуара: для электрогитары; тип: аксессуар для струнных; вес товара, г: 300",страна производства: канада; валюта: rub,00 | 300 | 6115,,pq611500,,graphtech | tusq | верхний | для | порожек | электрогитары,0.661751,0.70295966,0.6,0,0,0.0,0.0,0.0,0.0,1.0,False,,
sku_human_asymmetry,Музыкальные инструменты,0.919238311062952,1.0000000000000007,0.6769532442518061,438086694023,670015003204,1.0,"session steel natural minor e губная гармошка, seydel sohne 10313e","seydel sohne / губная гармошка, session steel natural minor e",бренд: seydel sohne; цвет товара: серый металлик; страна-изготовитель: германия; материал муз. инструмента/аксессуара: пластик; партномер: 10313e; тональность: e; комплектация: 1 шт.; тип: губная гармошка; гарантийный срок: 1 год,цвет: оранжевый; количество отверстий гармошки: 10 шт.; материал музыкального инструмента: нержавеющая сталь; пластик абс; нейзильбер; количество язычков: 20 шт.; тональность гармошки: e; ми; вид губной гармошки: диатоническая; страна производства: германия; комплектация: губная гармошка 1 шт; валюта: rub,1,1 | 10 | 20,10313e,,e | minor | natural | session | seydel | sohne | steel | гармошка | губная,0.18637559,0.2929587,0.9,0,0,0.0,0.0,0.0,1.0,1.0,False,670015003204,154618949702,0.0,"seydel sohne / губная гармошка, session steel natural minor e","10313d session steel natural minor d губная гармошка, seydel sohne",цвет: оранжевый; количество отверстий гармошки: 10 шт.; материал музыкального инструмента: нержавеющая сталь; пластик абс; нейзильбер; количество язычков: 20 шт.; тональность гармошки: e; ми; вид губной гармошки: диатоническая; страна производства: германия; комплектация: губная гармошка 1 шт; валюта: rub,бренд: seydel sohne; страна-изготовитель: китай; тип: губная гармошка,1 | 10 | 20,,,10313d,minor | natural | session | seydel | sohne | steel | гармошка | губная,0.030285452,0.06991013,0.7272727272727273,0,0,0.0,0.0,0.0,0.0,1.0,False,,
sku_human_asymmetry,Автотовары,0.8924502883612706,1.0,0.5698011534450823,627065378814,704374644620,1.0,tmi tatsumi колодки тормозные tca1075,/ колодки тормозные дисковые задние toyota,артикул: tmi tatsumi_tca1075; бренд: tmi tatsumi; oem-номер: 0446533270; 0446504080; 0446508030; 0446521020; 0446528510; 0446533280; 0446533350; 0446565020; 0446565021; 04465yzzea; партномер (артикул производителя): tca1075; тип: колодки тормозные; вид техники: легковые автомобили,артикул производителя: tca1053; оем номер: tca1053; страна производства: япония; комплектация: комплектация в описании; длина упаковки: 5 cm; высота упаковки: 30 cm; ширина упаковки: 35 cm; валюта: rub,0446504080 | 0446508030 | 0446521020 | 0446528510 | 0446533270 | 0446533280 | 0446533350 | 0446565020 | 0446565021,30 | 35 | 5,04465yzzea | tca1075,tca1053,колодки | тормозные,0.043941207,0.04420651,0.25,0,0,0.0,1.0,0.0,0.0,1.0,False,188978622245,403727070939,0.0,"lpr колодки тормозные дисковые, арт. 05p1272",ctr тормозные колодки,артикул: 05p1272; бренд: lpr; oem-номер: 1566234; lr003657; 1756395; me6g9j2m008gc; 6g912m008gb; 6g912m008gc; 6g912m008gf; 6g912m008gd; 6g912mm08gb; 6g912mm08gc; me6g9j2m008ga; 6g912m008ga; 71bg8200aa; 1459408; 6g9012m008gd; 1439867; 1477803; 15662234; 1682005; 6g912mm08ga; 1699667; 1917249; 1438867; lr003655; lr003772; lr023888; партномер (артикул производителя): 05p1272; тип: колодки тормозные; вид колодок: дисковые,тип: тормозные колодки; назначение: задние,1438867 | 1439867 | 1459408 | 1477803 | 15662234 | 1566234 | 1682005 | 1699667 | 1756395 | 1917249,,05p1272 | 6g9012m008gd | 6g912m008ga | 6g912m008gb | 6g912m008gc | 6g912m008gd | 6g912m008gf | 6g912mm08ga | 6g912mm08gb | 6g912mm08gc | 71bg8200aa | lr003655 | lr003657 | lr003772 | lr023888 | me6g9j2m008ga | me6g9j2m008gc,,колодки | тормозные,0.09466806,0.11781934,0.2857142857142857,0,0,0.0,0.0,0.0,0.0,1.0,False,,
sku_human_asymmetry,Бытовая химия,0.8812904985190928,1.0,0.5251619940763714,68540,317827630625,1.0,dr.tuttelle стиральный порошок 983 г 20  стирок для детского белья,dr.tuttelle / порошок стиральный dr.tuttelle детский 900г dt030,"бренд: dr.tuttelle; состав: мыло, ионные пав, фосфонаты; поликарбосилаты; анионные пав; кислородный пятновыводитель; активатор стирки при низкой температуре; вещества, препятствующие образованию накипи; страна-изготовитель: израиль; форма выпуска средства: порошок; вид стирки: автоматическая; число стирок: 20; единиц в одном товаре: 1; тип: стиральный порошок; назначение средства для стирки: для детского белья; вес товара, г: 983",длина упаковки: 6 cm; высота упаковки: 6 cm; ширина упаковки: 9 cm; валюта: rub,1 | 20 | 983,6 | 9 | 900,,dt030,dr | g | tuttelle | порошок | стиральный,0.08024334,0.085943416,0.35714285714285715,1,1,0.0,0.0,0.0,0.0,1.0,False,51539697453,317827630625,0.0,dr.tuttelle стиральный порошок,dr.tuttelle / порошок стиральный dr.tuttelle детский 900г dt030,"бренд: dr.tuttelle; состав: мыло, ионные пав, фосфонаты; поликарбосилаты; анионные пав; кислородный пятновыводитель; активатор стирки при низкой температуре; вещества, препятствующие образованию накипи; страна-изготовитель: литва; тип: стиральный порошок",длина упаковки: 6 cm; высота упаковки: 6 cm; ширина упаковки: 9 cm; валюта: rub,,6 | 9 | 900,,dt030,dr | tuttelle | порошок | стиральный,0.5888681,0.59135294,0.5,0,0,0.0,0.0,0.0,0.0,1.0,False,,
sku_human_asymmetry,Хобби и творчество,0.8329030066111254,1.0000000000000002,0.3316120264445006,206158484529,790274066538,1.0,"без бренда головоломка тетрис тонкая 27х18х0,5 см","детская развивающая головоломка тетрис 27 18 0,5 см","цвет товара: 14; тип: головоломка; особенности: танграм, катамино, тетрис; минимальный возраст: от 3 лет; материал: дерево","возраст ребенка: от 3 лет; артикул: 6759373; вид головоломки: танграм, тетрис, катамино; сложность головоломки: 3; принцип игры: собрать; бренд: нет бренда; цвет товара: разноцветный; страна-изготовитель: китай; размеры, мм: 18 cm × 27 cm; вид выпуска товара: фабричное производство; материал: дерево; минимальный возраст ребенка: от 3 лет; комплектация: головоломка.; упаковка: пленка; единиц в одном товаре: 40; тип: головоломка",14 | 3 | 5,0.5 | 18 | 27 | 3 | 40 | 6759373,27х18х0,,5 | cm | головоломка | тетрис,0.51774406,0.461941,0.3076923076923077,1,1,0.0,0.0,0.0,1.0,1.0,False,25769850402,627065229368,0.0,"лас играс головоломка «тетрис» тонкая 27х18х0,5 см","головоломка ""тетрис""","цвет товара: разноцветный; тип: головоломка; головоломка: головоломка-пазл; аксессуар: запчасти для головоломки; минимальный возраст: от 3 лет; принцип действия: собирание; материал: дерево; эффекты: без эффектов; размеры (дхшхв): 27 x 18 x 0.50 cm; вес: 150 g; комплектация: головоломка «тетрис»; дополнительная информация: 27х18х0,5 cm., материал дерево, сложность 3",артикул: 6743127; бренд: лесная мастерская; страна-изготовитель: китай; вид выпуска товара: фабричное производство; тип: головоломка,0.50 | 150 | 18 | 27 | 3 | 5,6743127,27х18х0,,головоломка | тетрис,0.7850518,0.84393066,0.25,0,0,0.0,0.0,0.0,0.0,1.0,False,,
sku_human_asymmetry,Галантерея и аксессуары,0.810021386437411,0.8337657005021115,0.7387884442433094,377957194828,566935840839,1.0,skmei часы наручные,daniel klein / часы наручные daniel klein dk-1547-1,бренд: skmei; коллекция: осень-зима 2023; пол: мальчики; тип: часы наручные,"цвет: черный, зеленый, серый; материал браслета: силикон; ширина ремешка: 20 cm; гарантийный срок: 1 год; диаметр корпуса: 38 cm; механизм часов: электронные; класс водонепроницаемости: wr50 (5 atm); вид стекла: минеральное; цвет циферблата: серый; особенности часов: хронограф; с датой и днем недели; комплектация: часы, фирменная упаковка, инструкция, гарантийный талон.; длина упаковки: 9 cm; высота упаковки: 9 cm; ширина упаковки: 9 cm; валюта: rub",2023,1 | 1547 | 20 | 38 | 5 | 9,,dk15471,наручные | часы,0.07801038,0.14653008,0.25,0,0,0.0,0.0,0.0,0.0,1.0,False,532575973142,498216271336,0.0,omax часы наручные кварцевые has221,"наручные часы omax premium, черный","целевая аудитория: взрослая; браслет/ремешок: сталь; бренд: omax; материал корпуса: металлический сплав; коллекция: базовая коллекция; цвет товара: черный; форма: круг; страна-изготовитель: китай (гонконг); диаметр корпуса, мм: 44; стекло: минеральное стекло; тип индикации: отметки; комплектация: наручные часы; коробка omax; гарантийный талон.; упаковка: картонная коробка; пол: мужской; длина ремешка, мм: 220; тип: часы наручные; тип батареи: 376, 377 (sr66, sr626); гарантийный срок: 12 месяцев.; тип часов: кварцевые; водонепроницаемость: 3 bar; вес товара, г: 111; ширина ремешка, мм: 22",цвет товара: черный; тип механизма: кварцевые; пол: мужской; особенности: водонепроницаемые; класс водонепроницаемости: wr30 (3 атм); источник энергии: от батарейки; диаметр корпуса: 44 mm; вес: 50 g; страна бренда: швейцария; страна производства: китай; форма: круг; циферблат: аналоговый (стрелки); материал корпуса: латунь; покрытие корпуса: ip; стекло: минеральное; материал браслета: искусственная кожа; ширина ремешка: 22 mm; минутная стрелка: центральная; индикация: отсутствует; срок службы элемента питания: 24 мес; гарантийный срок: 1 g.,111 | 12 | 22 | 220 | 3 | 376 | 377 | 44,1 | 22 | 24 | 3 | 44 | 50,has221 | sr626,,omax | наручные | часы,0.24585561,0.25594762,0.42857142857142855,0,0,0.0,0.0,0.0,0.0,1.0,False,,
sku_human_asymmetry,Музыкальные инструменты,0.8018474992683292,0.7591602744324166,0.9299091737760673,257698171659,420906831370,1.0,"foix / акустическая гитара с чехлом, ремнем, тюнером, foix","ffg-4101c-bk акустическая гитара, с вырезом, черная, foix",цвет: черный; длина упаковки: 100 cm; высота упаковки: 20 cm; ширина упаковки: 40 cm; валюта: rub,"вид бас-гитары: акустическая; материал корпуса/верхней деки: липа; материал нижней деки: липа; бренд: foix; тип бриджа: фиксированный; цвет товара: черный; название цвета: черный; страна-изготовитель: китай; материал накладки грифа: пластик; ширина грифа, мм: 43; форма гитары: дредноут; размер инструмента: 4/4; партномер: ffg-4101c-bk; материал грифа: махагони; крепление грифа: вклеенный; комплектация: гитара; материал обечайки: липа; наличие звукоснимателя: false; материал струн: металл; количество струн: 6; тип: акустическая гитара; гарантийный срок: 1 месяц",100 | 20 | 40,1 | 4 | 43 | 6,,ffg4101cbk,foix | акустическая | гитара | с,0.070594214,0.07755914,0.3333333333333333,0,0,0.0,0.0,0.0,0.0,1.0,False,309237752971,257698171659,0.0,"акустическая гитара, черная, naranda  cag280bk","foix / акустическая гитара с чехлом, ремнем, тюнером, foix","материал корпуса/верхней деки: ель; материал нижней деки: катальпа; бренд: naranda; тип бриджа: фиксированный; цвет товара: черный; название цвета: черный; страна-изготовитель: китай; размеры, мм: 991; материал накладки грифа: палисандр; ширина грифа, мм: 43; количество ладов, шт.: 21; форма гитары: фолк; размер инструмента: 4/4; мензура, мм: 650; партномер: cag280bk; крепление грифа: вклеенный; комплектация: акустическая гитара 1 шт; материал обечайки: катальпа; звукосниматели: нет; материал струн: бронза; количество струн: 6; тип: акустическая гитара; гарантийный срок: 6 месяцев; вес товара, г: 1600",цвет: черный; длина упаковки: 100 cm; высота упаковки: 20 cm; ширина упаковки: 40 cm; валюта: rub,1 | 1600 | 21 | 4 | 43 | 6 | 650 | 991,100 | 20 | 40,cag280bk,,акустическая | гитара,0.046149276,0.04612274,0.2,0,0,0.0,0.0,0.0,0.0,1.0,False,,
sku_human_asymmetry,Строительство и ремонт,0.7283204775361637,0.7869287810652736,0.5524955669488336,721554637617,489626384700,1.0,"ambrella light трековый светильник, 10 вт",ambrella light трековый светильник ambrella xt6322022,"бренд: ambrella light; тип цоколя: gu5.3; страна-изготовитель: китай; степень защиты: ip20; высота, мм: 185; макс. мощность ламп, вт: 10; вид ламп: светодиодная; материал плафона: металл; количество ламп, шт: 1; цвет плафона: белый; комната: бар; тип: трековый светильник; вес товара, г: 2000",тип: трековый светильник; назначение: для кафе; стиль: современный; количество лампочек: 1 шт.; длина: 18.5 cm; высота: 18.5 cm; мощность: 10 w; степень пылевлагозащиты: ip20; материал плафона: металл; направление плафонов: поворотные; диаметр плафона: 6 cm; материал арматуры: металл; тип цоколя: gu5.3; мощность одной лампы: 10 w,1 | 10 | 185 | 2000 | 3,1 | 10 | 18.5 | 3 | 6,,xt6322022,ambrella | light | светильник | трековый,0.90601707,0.88030034,0.5714285714285714,0,0,0.0,0.0,0.0,0.0,1.0,False,566935849972,42949791133,0.0,светильник спот ambrella light techno xm1102004,"ambrella light подвесной светильник, gu5.3, 10 вт","линейка: xm; тип: спот; размещение: потолок,стена; назначение: для гостиной, для кабинета, для коридора, для прихожей, для спальни; стиль: хай-тек; количество лампочек: 1 шт.; количество плафонов: 1 шт.; высота: 16 cm; напряжение: 220 в; мощность: 10 w; площадь освещения: 5 м2; степень пылевлагозащиты: 20; класс электробезопасности: ii; материал плафона: металл; направление плафонов: вниз, любое; материал арматуры: металл; тип цоколя: gu5.3; индекс цветопередачи: 80 ra; дополнительная информация: светильник декорирован светодиодной подсветкой общей мощностью 3 w","площадь освещения, кв.м: 3; бренд: ambrella light; тип цоколя: gu5.3; цвет товара: черный; страна-изготовитель: россия; высота, мм: 80; макс. мощность ламп, вт: 10; вид ламп: светодиодная; напряжение питания, в: 220; материал плафона: металл; количество ламп, шт: 2; цвет плафона: черный; единиц в одном товаре: 1; комната: кухня; тип: подвесной светильник; гарантия: 2 года; температура света, к: 4200",1 | 10 | 16 | 20 | 220 | 3 | 5 | 80,1 | 10 | 2 | 220 | 3 | 4200 | 80,xm1102004,,ambrella | light | светильник,0.5455396,0.62291735,0.2727272727272727,0,0,0.0,0.0,0.0,1.0,1.0,False,,
sku_human_asymmetry,Музыкальные инструменты,0.671991535548301,0.6140695844443691,0.8457573888600971,755914276266,704374704450,1.0,dasmax / mrгк-2 чехол для классической гитары 4/4,чехол для классической гитары 4/4 синий,цвет: синий; вид застежки: молния по всей длине; материал изделия: полиэстер; вид чехла: для классической гитары; особенности чехла: лямки рюкзачного типа; теплый - 5 mm; карманы: наружный на молнии; страна производства: россия; комплектация: один чехол; длина упаковки: 35 cm; высота упаковки: 4 cm; ширина упаковки: 35 cm; валюта: rub,бренд: prado; цвет товара: синий; назначение муз. аксессуара: для классической гитары; тип: чехол для музыкального инструмента,2 | 35 | 4 | 5,4,mrгк2,,4 | гитары | для | классической | чехол,0.18780744,0.26025936,0.5555555555555556,0,0,0.0,0.0,0.0,0.0,1.0,False,627065331850,369367312175,0.0,d'addario ej45c струны для классической гитары,d addario / d addario ej47 струны для классической гитары,бренд: d'addario; вид музыкального аксессуара: струны; назначение муз. аксессуара: для классической гитары; тип: аксессуар для струнных,страна производства: сша; комплектация: d'addario ej47 струны для классической гитары - 1 компл; валюта: rub,,1,ej45c,,addario | d | гитары | для | классической | струны,0.028275046,0.038676284,0.75,0,0,0.0,0.0,0.0,0.0,1.0,False,,
sku_human_asymmetry,Строительство и ремонт,0.6644256525550041,0.6155147477008992,0.8111583671173188,395137140094,558345801513,1.0,подвесной светильник st luce st603.243.22,st luce подвесной светильник,"цвет товара: золотой; тип: светильник; количество лампочек: 1 шт.; назначение: для гостиной, для магазина; стиль: хай-тек; тип крепления: планка; степень пылевлагозащиты: ip20; мощность: 22 w; площадь освещения: 3 м2; световой поток: 1430 лм; управление: механическое; особенности: лампы в комплекте; ширина: 49 cm; высота: 130 cm; вес: 2.11 kg; материал плафона/абажура: акрил, металл; материал арматуры: металл; тип цоколя: встроенный светодиодный светильник (led), встроенный светодиод [led]; цветовая температура: 4000 k; габариты транспортной упаковки: 12х12х49 см; вес в транспортной упаковке: 1.8 kg","бренд: st luce; тип: подвесной светильник; гарантия: 3 года; вес товара, г: 1800",1 | 1.8 | 130 | 1430 | 2.11 | 22 | 243.22 | 3 | 4000 | 49,1800 | 3,12х12х49 | st603,,luce | st | подвесной | светильник,0.50172687,0.5155219,0.5714285714285714,0,0,0.0,0.0,0.0,0.0,1.0,False,51539733280,695784767908,0.0,"wertmark подвесной светильник, g9, 40 вт",подвесной светильник wertmark berta we237.12.003,"площадь освещения, кв.м: 16.71; бренд: wertmark; комплектация лампочками: нет; тип цоколя: g9; цвет товара: черный; страна-изготовитель: австралия; степень защиты: ip20; высота, мм: 1; защищенность: пылезащищенность; макс. мощность ламп, вт: 40; вид ламп: светодиодная; напряжение питания, в: 220; материал плафона: стекло; количество режимов: 1; крепление: на планку; количество ламп, шт: 9; комплектация: отсутствуют; цвет плафона: белый; вид питания: от сети 220в; единиц в одном товаре: 1; комната: гостиная; тип выключателя: механический; тип: подвесной светильник; гарантия: 1 год; вес товара, г: 6500; ширина, мм: 900; длина, мм: 900",линейка: berta; количество лампочек: 4 шт.; назначение: для гостиной; стиль: модерн; степень пылевлагозащиты: ipip20; напряжение: 220-240 в; мощность: 160 w; площадь освещения: 8 м2; длина: 63 cm; ширина: 35 cm; высота: 32 cm; вес: 5 kg; материал плафона/абажура: стекло; направление плафонов: в стороны; материал арматуры: металл; тип цоколя: g9; мощность одной лампы: 40 w; вид ламп: галогенные; габариты транспортной упаковки: 75х68х23 см; вес в транспортной упаковке: 5 kg,1 | 16.71 | 220 | 40 | 6500 | 9 | 900,12.003 | 160 | 220 | 240 | 32 | 35 | 4 | 40 | 5 | 63 | 8,,75х68х23 | ipip20 | we237,wertmark | подвесной | светильник,0.57670736,0.5476615,0.3,0,0,0.0,0.0,0.0,0.0,1.0,False,,
sku_human_asymmetry,Музыкальные инструменты,0.6487641649176548,0.5830534942935843,0.8458961767898661,377957234884,584115637040,1.0,"струны для акустической гитары orphee tx620, 010-047, фосфорная бронза",orphee / струны для акустической гитары orphee tx,"бренд: orphee; цвет товара: бронза; страна-изготовитель: китай; вид музыкального аксессуара: струны; материал муз. инструмента/аксессуара: латунь; назначение муз. аксессуара: для акустической гитары; комплектация: струны для акустической гитары orphee tx620, 010-047, фосфорная бронза, 1 штука; количество в упаковке, шт: 1; тип: аксессуар для струнных; вес товара, г: 25",страна производства: китай; комплектация: уточните у продавца; валюта: rub,010 | 047 | 1 | 25,,tx620,,orphee | акустической | гитары | для | струны,0.26477766,0.34081185,0.45454545454545453,0,0,0.0,0.0,0.0,0.0,1.0,False,94489340779,420906839082,0.0,струны для акустической гитары dr string vta-12/56,dr vta 11 струны для акустической гитары,количество упаковок: 1 шт.; инструмент: акустическая гитара; количество струн в упаковке: 6 шт.; калибр: 12; форма оплетки: круглая; материал оплетки: фосфористая бронза; полимерное покрытие: есть; натяжение: -,бренд: dr; назначение муз. аксессуара: для акустической гитары; тип: аксессуар для струнных,1 | 12 | 56 | 6,11,vta12,,dr | vta | акустической | гитары | для | струны,0.012552418,0.029619494,0.6,0,0,0.0,0.0,0.0,0.0,1.0,False,,
sku_human_asymmetry,Аптека,0.6333277022110996,0.549764338953564,0.8840177919837062,369367355834,429496795912,1.0,acuvue / контактные линзы акувью trueye / труай 90 шт / 9.0 / -8.00,"acuvue контактные линзы 1-day trueye, 90 шт., -8.00 / 9/ 1 день","состав: силикон-гидрогель 100%; тип линз: прозрачные; ежедневные; контактные линзы; количество пар в упаковке: 45 шт.; цвет: прозрачный; режим ношения: дневной; гибкий; пролонгированный; коэффициент пропускания кислорода: 118 dk/t; страна производства: сша; влагосодержание: 46 %; количество предметов в упаковке: 90; 90 шт; 90 линз; режим замены: 1 день; ежедневно; однодневные; радиус кривизны: 9.0; 9,0; оптическая сила: -8.0; -8,0; -8; диаметр мкл: 14.2 mm; комплектация: однодневные; силикон-гидрогелевые; контактные линзы 1 day acuvue trueye 90 шт; валюта: rub","бренд: acuvue; цвет товара: прозрачный; страна-изготовитель: ирландия; диаметр, мм: 14.2; особенности контактных линз: уф-фильтр; радиус кривизны: 9; материал контактных линз: нарафилкон а; режим ношения: дневной; количество в упаковке: 90; оптическая сила: -8.00; кислородопропускание, dk/t: 118; дней до замены: 1 день; тип: контактные линзы; влагосодержание, %: 46",1 | 100 | 118 | 14.2 | 45 | 46 | 8 | 8.0 | 8.00 | 9.0 | 90,1 | 118 | 14.2 | 46 | 8.00 | 9 | 90,,1day,00 | 8 | 9 | 90 | acuvue | trueye | контактные | линзы | шт,0.23497246,0.2424,0.6,1,0,0.0,0.0,0.0,0.0,1.0,False,60129687923,300647750810,0.0,"acuvue / контактные линзы acuvue oasys 1-day with hydraluxe, 30 шт","контактные линзы acuvue, 1 day acuvue oasys with hydraluxe , однодневные, +3.00 /14.3 /b.c 9.0, 30 шт.",состав: сенофилкон а; тип линз: прозрачные; количество пар в упаковке: 15 шт.; цвет: прозрачный; режим ношения: дневной; пролонгированный; коэффициент пропускания кислорода: 121 dk/t; страна производства: сша; влагосодержание: 38 %; количество предметов в упаковке: 30 шт.; режим замены: 1 день; радиус кривизны: 8.5; оптическая сила: -0.75; диаметр мкл: 14.3 mm; валюта: rub,"бренд: acuvue; цвет товара: прозрачный; название цвета: прозрачный; страна-изготовитель: ирландия; диаметр, мм: 14.3; особенности контактных линз: уф-фильтр; радиус кривизны: 9; материал контактных линз: сенофилкон а; режим ношения: дневной; количество в упаковке: 30; оптическая сила: +3.00; кислородопропускание, dk/t: 121; дней до замены: 1 день; тип: контактные линзы; влагосодержание, %: 38",0.75 | 1 | 121 | 14.3 | 15 | 30 | 38 | 8.5,1 | 121 | 14.3 | 3.00 | 30 | 38 | 9 | 9.0,1day,,1 | 30 | acuvue | day | hydraluxe | oasys | with | контактные | линзы | шт,0.041598752,0.046632368,0.5555555555555556,0,0,0.0,0.0,0.0,0.0,1.0,False,,
sku_human_asymmetry,Галантерея и аксессуары,0.6274074196727943,0.7399331524034655,0.2898302214807809,678604971478,111669164622,1.0,солнцезащитные очки унисекс sf9416 dark,fila очки солнцезащитные,валюта: rub,"целевая аудитория: взрослая; артикул: fla-2sf9416510c03; бренд: fila; категория защиты линзы: 3 (18–8% светопропускания); коллекция: весна-лето 2021; цвет товара: синий; цвет линзы: синий; название цвета: matt blue; страна-изготовитель: китай; размер заушника, мм: 145; цвет оправы: темно-синий; материал оправы: биопластик; высота линзы, мм: 0; материал линзы: биопластик; ширина линзы, мм: 51; форма очков: квадратные; размер моста на переносице, мм: 23; комплектация: салфетка 1шт; футляр 1шт; очки 1шт.; пол: мужской; тип: очки солнцезащитные; вес товара, г: 200; поляризация: нет",,0 | 145 | 18 | 200 | 2021 | 23 | 3 | 51 | 8,sf9416,fla2sf9416510c03,очки | солнцезащитные,0.012001433,0.022659522,0.3333333333333333,0,0,0.0,0.0,0.0,0.0,1.0,False,755914267519,34359825675,0.0,thom richard очки солнцезащитные tr9517,thom richard очки солнцезащитные,"артикул: mp002xm23fhw; состав: материал 1: металл - 100%; материал 2: поликарбонат - 100%; ширина: 6 cm; расстояние между дужками: 14.5; сезон: мульти; цвет: серебряный; цвет линз: серый; защита от ультрафиолета: 1; светопропускаемость: 3; цвет линз изнутри: серый; комплектация: очки солнцезащитные, чехол; гарантийный период: 30 дней; страна производства: китай; коллекция: весна-лето 2023","целевая аудитория: взрослая; артикул: tr9506 col.17-g15; наличие флексов: нет; бренд: thom richard; категория защиты линзы: 3 (18–8% светопропускания); коллекция: весна-лето 2022; цвет товара: хаки; цвет линзы: темно-зеленый; страна-изготовитель: китай; размер заушника, мм: 148; цвет оправы: темно-зеленый; материал оправы: металл; высота линзы, мм: 41; материал линзы: поликарбонат; ширина линзы, мм: 64; форма очков: авиаторы; размер моста на переносице, мм: 13; комплектация: чехол;очки; упаковка: картонная коробка; пол: мужской; общая ширина, мм: 145; тип: очки солнцезащитные; поляризация: да",1 | 100 | 14.5 | 2 | 2023 | 3 | 30 | 6,13 | 145 | 148 | 17 | 18 | 2022 | 3 | 41 | 64 | 8,mp002xm23fhw | tr9517,17g15 | tr9506,richard | thom | очки | солнцезащитные,0.024036165,0.017517617,0.8,0,0,0.0,1.0,0.0,1.0,1.0,False,,
sku_human_asymmetry,Музыкальные инструменты,0.6263990391283727,0.6239831381902247,0.6336467419428168,755914257024,266288008664,1.0,vic firth pad 12h - тренировочный пэд,"vic firth pad12h пэд односторонний hard/ soft 12""",бренд: vic firth; образец цвета: https://cdn1.ozone.ru/s3/multimedia-5/6724062221.jpg; страна-изготовитель: сша; тип: аксессуар для ударных,"цвет товара: черно-серый; тип аксессуара: тренировочный пэд; особенности: две рабочие поверхности на одной стороне, односторонний; материал: дерево",5 | 6724062221,12,multimedia5,pad12h,firth | vic | пэд,0.7053642,0.7525277,0.2727272727272727,0,0,0.0,0.0,0.0,1.0,1.0,False,755914257024,816043787857,0.0,vic firth pad 12h - тренировочный пэд,vic firth / vic firth pad12 односторонний тренировочный пэд,бренд: vic firth; образец цвета: https://cdn1.ozone.ru/s3/multimedia-5/6724062221.jpg; страна-изготовитель: сша; тип: аксессуар для ударных,"материал пэда: каучук; диаметр пэда: 12""; страна производства: сша; комплектация: односторонний тренировочный пэд; валюта: rub",5 | 6724062221,12,multimedia5,pad12,firth | vic | пэд | тренировочный,0.15384491,0.18330824,0.5,0,0,0.0,0.0,0.0,0.0,1.0,False,,
sku_human_asymmetry,Электроника,0.5892704644733818,0.5779881954911916,0.6231172714199523,833223706423,841813655575,1.0,"картридж для лазерного принтера print-rite 1809972 purple, совместимый",картридж лазерный print-rite tfxacxmprj pr-106r01571 106r01571 пурпурный (17200стр.) для xerox phaser 7800,бренд: print-rite; артикул производителя: 1809972; тип: картридж; назначение: для лазерного принтера; цвет: пурпурный; количество в упаковке: 1 шт; совместимый бренд: xerox; совместимые модели: phaser 7800; совместимость: совместимый; код товара: 600012204676,бренд: print-rite; цвет тонера/чернил: пурпурный (magenta); цветность: черно-белый; оригинальность расходника: оригинал; комплектация: товар в фирменной упаковке; назначение: для лазерного принтера; тип: расходник для печати; ресурс: 17200,1 | 1809972 | 600012204676 | 7800,17200 | 7800,,106r01571 | 17200стр | pr106r01571,print | rite | для | картридж,0.2632145,0.21820892,0.2222222222222222,0,0,0.0,0.0,0.0,1.0,1.0,False,85935,807453901699,0.0,"картридж nv print совместимый cf360a для hp lj color m552/m553 (черный, 6000k) {40890}","nv print картридж, совместимый",цвет картриджа: черный; ресурс: 6000 страниц; тип: совместимый; назначение: для лазерной печати; производитель совместимого устройства: hp; совместимый: есть,бренд: nv print; оригинальность расходника: совместимый; тип расходного материала для печати: картридж; тип: расходник для печати; ресурс: 6000,40890 | 6000,6000,6000k | cf360a,,nv | print | картридж | совместимый,0.6550496,0.6574416,0.2857142857142857,0,0,0.0,0.0,0.0,0.0,1.0,False,,
