id1,id2,target,category,title1,title2,attributes1,attributes2,s2_score,catboost_score,catboost_rank_utility_delta,tokens_ab,tokens_ba,token_budget_hit,score_order_gap,title_token_jaccard,numeric_context_conflict_count,unit_conflict_count,code_conflict,model_conflict,memory_conflict,sku_human_asymmetry,attribute_value_overlap_ratio
472446408617,566935808036,1.0,Аптека,очки с футляром-змейка melorsch мод. 2110 цвет 6 с линзами ecoplus 1.56 hmc -6.00 рц 60-62,очки с футляром-змейка melorsch мод. 2110 цвет 6 с линзами ecoplus 1.56 hmc -8.00 рц 58-60,"наличие флексов: нет; затемнение: без затемнения, с просветляющим покрытием.; бренд: melorsch; цвет товара: прозрачный; страна-изготовитель: россия; размер заушника, мм: 140; коллекция (год): 2023; конструкция очков: ободковые; форма оправы: бабочки; материал оправы очков: пластик; материал линз: пластик; стиль оправы: повседневный; форма лица: квадратная; покрытие линз: упрочняющее, просветляющее, металлизированное (защита от электромагнитных волн) uv400, водоотталкивающее и антистатическое; в…","диоптрии: - 8.00; цвет оправы: синий; назначение: корректирующие; конструкция: ободковая; материал оправы: пластик; материал линз: пластик; форма оправы: бабочка; покрытие линз: упрочняющее, водоотталкивающее и антистатическое, металлизированное (защита от электромагнитных волн) uv400, просветляющее; пол: женские; ширина линзы: 52 mm; высота линзы: 45 mm; межцентровое расстояние: 58-60; длина заушника: 140 mm",0.0006984833,0.0026108322,0.12987012987012986,256,256,True,0.0002428976,0.85,2,0,0.0,0.0,0.0,0.0,0.029411764705882353
249108201388,94489421015,1.0,Аптека,"контактные линзы coopervision myday daily disposable toric, 30 шт., r 8,6, d -4,25, cyl: -0,75, aх: 170","coopervision астигматические линзы, 30 шт. , -4.25, 8.6, -0.75, 100, 1 день ","тип линз: астигматические; частота замены: день; диаметр: 14.5 mm; влагосодержание: 54%; кислородопроницаемость: 79 dk/t; вид материала: силикон-гидрогелевые; материал: сенофилкон а; режим ношения: дневной; количество линз в упаковке: 30; уф-фильтр: есть; страна-производитель: сша; линейка: myday; срок годности: 1 g.; срок службы: 1 дн., с момента вскрытия индивидуальной упаковки; оптическая сила: -4,25; ось: 170; цилиндр: -0,75","ось (axis): 100; бренд: coopervision; цилиндр (cyl): -0.75; цвет товара: прозрачный; страна-изготовитель: великобритания; диаметр, мм: 14.5; особенности контактных линз: уф-фильтр; радиус кривизны: 8.6; материал контактных линз: сенофилкон а; режим ношения: дневной; количество в упаковке: 30; оптическая сила: -4.25; кислородопропускание, dk/t: 86; дней до замены: 1 день; тип: астигматические линзы; влагосодержание, %: 54; вес товара, г: 100",0.0013090157,0.005106774,0.22402597402597396,221,221,False,0.0010592991,0.4166666666666667,1,0,0.0,0.0,0.0,0.0,0.1
463856533562,103079331815,1.0,Продукты питания,sosero желтый перец фаршированный сыром 290 г,sosero / острый перец sosero фаршированный сыром 300 г,"бренд: sosero; условия хранения: хранить при температуре не выше 27°с и относительной влажности не выше 75%; состав: перец, сыр, растительное масло, соль, регулятор кислотности; страна-изготовитель: турция; упаковка: стеклянная банка; единиц в одном товаре: 1; максимальная температура: 27; минимальная температура: 5; срок годности в днях: 730; тип: овощные консервы; вес товара, г: 290; вес с упаковкой, г: 290",состав: сыр 50%; перец 50%; вес товара без упаковки (г): 300 g; страна производства: турция; комплектация: острый перец; длина упаковки: 11 cm; высота упаковки: 11 cm; ширина упаковки: 11 cm; валюта: rub,0.0038372842,0.019612573,0.13183279742765272,129,129,False,0.00078860647,0.5555555555555556,1,1,0.0,0.0,0.0,0.0,0.0625
850403553508,738734491035,1.0,Электроника,"case / чехол на iphone 14 pro, райан гослинг флаг рф","чехол для iphone 14 pro, райан гослинг флаг рф",комплектация: упаковка 1 шт; защитный чехол 1 шт; тип чехлов: накладка; совместимость: iphone 14 pro; материал изделия: силикон; полиуретан; тпу; цвет: черный; декоративные элементы: принт; вид застежки: без застежки; особенности чехла: защита камеры; противоударный; страна производства: россия; вес товара с упаковкой (г): 50 g; ширина предмета: 10 cm; высота предмета: 2 cm; длина упаковки: 20 cm; высота упаковки: 2 cm; ширина упаковки: 10 cm; валюта: rub,"код продавца: cl0ip14progoslingmf1402.05; бренд: irevive print; цвет товара: прозрачный; название цвета: чехол для iphone 14 pro, райан гослинг флаг рф; страна-изготовитель: россия; особенности: защита камеры; размеры основного отделения, мм: 70,6x194; вид чехла: бампер; материал: силикон; мин. диагональ, дюймы: 6.1; внешние размеры, мм: 72,6x196; комплектация: чехол - 1 шт., упаковка - 1 шт.; тип: чехол для смартфона; застежка: без застежки; вес товара, г: 50; макс. диагональ экрана, дюймы: 6.1",0.0039389934,0.010912162,-0.04176904176904177,201,201,False,0.0001991964,0.7272727272727273,0,0,0.0,0.0,0.0,0.0,0.07407407407407407
601295429327,712964672536,1.0,Спорт и отдых,"country life / коэнзимы, b-complex, в-комплекс, 60 капсул","country life chelated magnesium glycinate, 90 таблеток","состав: целлюлоза, целлюлоза (оболочка капсулы), диоксид кремния, экстракт рисовых отрубей; растительная глазурь, подсолнечное масло; страна производства: сша; противопоказания: индивидуальная непереносимость; назначение лечебного питания: для повышения уровня энергии; для роста волос; для здоровья нервной системы; срок годности: 36 месяцев; вид упаковки: стеклянная банка; комплектация: 1 банка; валюта: rub","цель: восстановление; бренд: country life; условия хранения: в оригинальной упаковке; страна-изготовитель: сша; не содержит: без гмо; количество упаковок, шт: 1; количество в упаковке, шт: 90; количество порций: 30; упаковка: стеклянная банка; вид продукта: бад; единиц в одном товаре: 1; пол: женский; срок годности в днях: 1095; состав: магний (в виде бисглицината магния) 400 mg 95%; вкусовой акцент (вкус): без вкуса; тип: спортивные электролиты",0.0042630066,0.021487163,0.06999999999999999,189,189,False,0.0014773307,0.14285714285714285,0,0,0.0,0.0,0.0,0.0,0.09523809523809523
747324335652,841813687339,1.0,Мебель,дэрия столик журнальный в гостиную,"дэрия журнальный стол стол кубок, 60х60х60 см",цвет товара: светло-синий; тип: столик журнальный; особенности: на колесиках; назначение: для гостиной; форма столешницы: круглая; материал столешницы: лдсп; материал основания: лдсп; стиль: модерн; габариты транспортной упаковки: 64х64х64 см; вес в транспортной упаковке: 7 kg,"артикул: столкубокрускеалазолотой; бренд: дэрия; покрытие: матовое; цвет товара: серый; название цвета: рускеала золотой; образец цвета: https://cdn1.ozone.ru/s3/multimedia-p/6640831825.jpg; страна-изготовитель: россия; глубина, см: 60; форма поставки: в собранном виде; форма столешницы: круг; высота, см: 60; исполнение: металлическое; вид выпуска товара: фабричное производство; материал столешницы: лдсп; материал подстолья: лдсп; назначение (помещение): для дачи; стиль дизайна: классический; в…",0.004485394,0.012643228,0.05014749262536872,175,175,False,0.0011106175,0.2222222222222222,0,0,0.0,0.0,0.0,1.0,0.03333333333333333
343597392553,206158496391,1.0,Обувь,кроссовки geox,кеды geox,страна производства: мьянма; материал подошвы: eva; цвет: красный; сезон: демисезон; материал верха: натуральная кожа; материал (состав): 54% полиуретан 43% натуральная кожа 3% термополиуретан подкладка: 100% текстиль (полиэстер); внутренний материал: полиэстер; размер: 32,"целевая аудитория: детская; бренд в одежде и обуви: geox; страна бренда: италия; коллекция: базовая коллекция; цвет товара: темно-синий; страна-изготовитель: мьянма; материал верха: искусственная кожа; материал: искусственная кожа; российский размер (обуви): 31; сезон: демисезон; пол: мальчики; высота подошвы, см: 3.5; материал подошвы: резина",0.004913943,0.011375119,0.06153846153846154,111,111,False,0.0030483194,0.3333333333333333,0,0,0.0,0.0,0.0,0.0,0.1111111111111111
403727031849,17180028630,1.0,Галантерея и аксессуары,"наручные часы восток командирские, зеленый","часы наручные мужские механические восток командирские 439260, нейлон, синий","тип механизма: механические; пол: мужской; особенности: поворотный безель; класс водонепроницаемости: wr30 (брызги, дождь); источник энергии: пружинный механизм; страна бренда: россия; страна производства: россия; дополнительная информация: в комплекте два ремешка: ремешок из нейлона и классический ремешок из натуральной кожи; форма: круг; циферблат: аналоговый (стрелки); материал корпуса: латунь + нерж. сталь; покрытие корпуса: позолота; тип вставки: отсутствует; стекло: минеральное; материал …","целевая аудитория: взрослая; браслет/ремешок: нейлон; бренд: восток; материал корпуса: латунь; коллекция: базовая коллекция; цвет товара: синий; название цвета: нейлон синий; форма: круг; страна-изготовитель: россия; диаметр корпуса, мм: 41.8; особенности часов: командирские; функции часов: календарь; стекло: органическое стекло; тип индикации: цифры + отметки; комплектация: часы, документы, держатель, упаковка; упаковка: картонная коробка; пол: мужской; длина ремешка, мм: 225; тип: часы наручн…",0.0054902593,0.014441953,0.09740259740259744,234,234,False,0.002934699,0.4,0,0,0.0,0.0,0.0,0.0,0.13513513513513514
77309536599,618475366358,1.0,Галантерея и аксессуары,fabrizio сумка на плечо,fabrizio / сумка через плечо кросс-боди вечерняя маленькая,бренд: fabrizio; коллекция: осень-зима 2023; цвет товара: черный; название цвета: черный; пол: женский; тип: сумка на плечо,состав: искусственная кожа 100%; экокожа; цвет: шоколадно-коричневый; материал подкладки: текстиль; высота предмета: 16 cm; глубина предмета: 7 cm; ширина предмета: 25 cm; фактура материала: кожаный; особенности сумки: сумка кросс боди с широким ремнем; сумка женская через плечо большая; сумка женская через плечо белая; количество отделений: 1 шт.; карманы: внутренний открытый; внутренний на молнии; для документов; назначение ремня сумки: на плечо; на руку; крорссбоди; вид застежки: молния замо…,0.0055032196,0.026658304,0.21753246753246755,206,206,False,0.0022757868,0.3333333333333333,0,0,0.0,0.0,0.0,0.0,0.0
781684186361,592705606949,1.0,Спорт и отдых,okuma удилище удилище okuma revenger tele spin 240cm 15-40g 6sec,удилище okuma revenger tele spin 300cm 25-70g 7sec rv-s-1007m-t,бренд: okuma; тип: удилище,"цвет товара: черный/серебристый; тип: удилище; длина удилища: 3; транспортировочная длина: 0.69 м; вес удилища: 295 g; тест: 25-70 г; количество секций: 7; количество колец: 6; класс (power): тяжелый; строй (action): быстрый; назначение: спиннинговое; особенности: с кольцами; конструкция удилища: телескопическое; материал: углепластик, углепластик / карбон; материал рукоятки: eva; количество: 1 шт.; тест макс.: 70",0.005581818,0.02553675,0.12666666666666668,122,122,False,0.0020159073,0.3333333333333333,2,2,1.0,0.0,0.0,0.0,0.05555555555555555
627065303672,609885476143,1.0,Музыкальные инструменты,"акустическая гитара cort sfx me op, со звукоснимателем, с вырезом, цвет натуральный","s27-gt электро-акустическая гитара, с вырезом, с чехлом, глянец, parkwood","вид бас-гитары: акустическая; материал корпуса/верхней деки: ель; материал нижней деки: красное дерево; бренд: cort; тип бриджа: фиксированный; цвет товара: светло-коричневый; название цвета: натуральный; страна-изготовитель: индонезия; размеры, мм: 1040x450x150; материал накладки грифа: лавр; ширина грифа, мм: 43; количество ладов, шт.: 20; мензура, мм: 643; материал грифа: красное дерево; крепление грифа: вклеенный; комплектация: cort sfx-me-op, ключ для отстройки грифа, документация; материа…","тип: электроакустическая гитара; тип корпуса: concert; размер: 4/4; ориентация: правосторонняя; наличие звукоснимателя: со звукоснимателем; с вырезом: да; мензура: 650 mm; количество струн: 6; струны: нейлоновые; материал корпуса: дерево; отделка: глянцевая; материал грифа: красное дерево; материал накладки на гриф: ель, палисандр; материал верхней деки: ель; в комплекте: чехол; цвет: бежевый, коричневый",0.0056167785,0.011707958,-0.0069605568445475635,241,241,False,0.00091431104,0.2222222222222222,0,0,0.0,0.0,0.0,1.0,0.11428571428571428
8589978073,68719499678,1.0,Дом и сад,ковровая дорожка 100х550 см на войлочной основе,star-carpet / ковровая дорожка 100х500 см p2421a1r51 на войлочной основе,"артикул: p2616a2p.r.91-100550; бренд: star carpet; основа ковра: войлок; плотность ковра, узлов/кв.м: 168000; цвет товара: светло-серый; название цвета: p2616a2p r 91; образец цвета: https://cdn1.ozone.ru/s3/multimedia-1/6831667765.jpg; страна-изготовитель: беларусь; форма ковра: дорожка; длина, м: 5.5; вид выпуска товара: фабричное производство; материал: полиамид; комплектация: ковровая дорожка - 1 шт; вид принта: геометрический; комната: балкон; стиль дизайна: молодежный; размер упаковки (дл…","материал изделия: полиамид; основа коврика: войлок; толщина предмета: 0.3 cm; ширина предмета: 100 cm; вес без упаковки (кг): 4.5 kg; вес с упаковкой (кг): 4.6 kg; цвет: черный, серый, оранжево-желтый; декоративные элементы: без элементов; страна производства: беларусь; комплектация: ковровая дорожка - 1 шт; длина упаковки: 21 cm; высота упаковки: 21 cm; ширина упаковки: 100 cm; валюта: rub",0.0061428356,0.011531127,-0.04225352112676057,224,224,False,0.0006908681,0.5454545454545454,0,0,1.0,0.0,0.0,0.0,0.14285714285714285
730144503802,103079270313,1.0,Аптека,"coopervision мультифокальные линзы clariti 1-day multifocal_high (+3), 30 шт., -5.00 / 8.6/ 1 день","контактные линзы coopervision clariti 1 day multifocal, 30 шт., r 8,6, d -5, add: низкая, прозрачный","бренд: coopervision; цвет товара: прозрачный; страна-изготовитель: великобритания; диаметр, мм: 14; особенности контактных линз: асферический дизайн; аддидация: high (+3); радиус кривизны: 8.6; материал контактных линз: самфилкон а; количество в упаковке: 30; оптическая сила: -5.00; кислородопропускание, dk/t: 56; дней до замены: 1 день; тип: мультифокальные линзы; влагосодержание, %: 86","тип линз: мультифокальные; частота замены: день; диаметр: 14.1 mm; влагосодержание: 86%; кислородопроницаемость: 56 dk/t; материал: силикон-гидрогель; режим ношения: дневной; количество линз в упаковке: 30; уф-фильтр: есть; линейка: clariti; срок годности: 1 g.; срок службы: 1 дн., с момента вскрытия индивидуальной упаковки; аддидация: низкая; аддидация с доминантностью: low (до +1); оптическая сила: -5; цвет товара: прозрачный",0.0063586645,0.014059436,0.03246753246753242,196,196,False,0.0006165332,0.5,1,0,0.0,0.0,0.0,1.0,0.07142857142857142
773094194054,206158454274,1.0,Мебель,"не определен столик-корзина декоративный, l39 w39 h45 см","remecoclub журнальный стол мрамор, 35х35х42 см",бренд: goodgifts; цвет товара: золото/черный; тип: столик; форма столешницы: шестиугольная; габариты транспортной упаковки: 39х39х45 см; вес в транспортной упаковке: 1.426 kg,"артикул: 768485]rem; бренд: remecoclub; цвет товара: белый; образец цвета: https://cdn1.ozone.ru/s3/multimedia-s/6854806180.jpg; страна-изготовитель: китай; глубина, см: 35; форма поставки: в собранном виде; форма столешницы: шестиугольник; высота, см: 42; вид выпуска товара: фабричное производство; материал столешницы: мдф; материал подстолья: металл; комплектация: стол-корзина - 1 шт.; назначение (помещение): для дома; стиль дизайна: скандинавский; вид стола: журнальный; тип: журнальный стол;…",0.00644058,0.0056162337,-0.1799410029498525,169,169,False,0.0065357946,0.07142857142857142,0,0,0.0,0.0,0.0,1.0,0.0
609885428462,824633799539,1.0,Продукты питания,батончик мюсли mindy's с кокосом 35 г (30 штук в упаковке),батончик мюсли mindy's с бананом 35 г (30 штук в упаковке),"бренд: mindy's; условия хранения: в сухом месте; состав: патока, экструдированные злаковые шарики, молоко сгущенное с сахаром), эмульгатор лецитин соевый, антиокислитель , ароматизаторы; страна-изготовитель: россия; не содержит: без гмо; добавки: кокос; единиц в одном товаре: 30; максимальная температура: 25; минимальная температура: 0; срок годности в днях: 365; тип: батончик; вес товара, г: 1050","торговая марка: mindy's; вес, г: 1050; без сахара: нет; добавки: бананы; глазурь: нет; особенность: без гмо без искусственных красителей; срок хранения от даты производства (месяцев): 9; условия хранения: в сухом прохладном месте, с относительной влажностью воздуха не более 75%; тип упаковки: мягкая; количество единиц продаж в транспортной упаковке: 6; страна происхождения: россия; есть оферта на портале поставщиков: да",0.0064504677,0.024530564,0.1832797427652733,179,179,False,0.0029750518,0.8461538461538461,0,0,0.0,0.0,0.0,0.0,0.15
455266569745,335007527762,1.0,Обувь,"officine creative ботинки officine creative, размер 43.5, бордовый",ботинки officine creative,цвет товара: темно-бордовый; тип: ботинки; каблук высотой: 3 cm; особенности модели: высокие; сезон: демисезон/зима; материал верха: кожа натуральная; материал подкладки: кожа натуральная; материал стельки: натуральная кожа; материал подошвы: каучук; размер: 43.5,"целевая аудитория: взрослая; бренд в одежде и обуви: officine creative; страна бренда: италия; коллекция: осень-зима 2018; цвет товара: коричневый; страна-изготовитель: италия; высота каблука, см: 3; материал подкладки обуви: мех натуральный; материал верха: натуральная кожа; материал: натуральная кожа; российский размер: 42; сезон: зима; пол: мужской; высота подошвы, см: 1.5; материал подошвы обуви: каучук",0.0066858185,0.016139336,0.08615384615384616,123,123,False,0.004809128,0.42857142857142855,0,0,0.0,0.0,0.0,0.0,0.1
695784784292,309237742659,1.0,Мебель,столешница для кухни скиф 2600х600x38мм с кромкой. цвет - сахара белая,столешница для кухни размер 2300х600x38мм с кромкой. цвет - сахара белая,"цвет товара: сахара белая; тип: столешница; назначение: для кухни, для кухонных гарнитуров; материал: лдсп; длина: 260 cm; ширина: 60 cm; глубина: 60; высота: 3.8 cm; толщина: 3.8 cm; вес: 37.93 kg; форма столешницы: прямоугольная; форма внешнего края: скругленный край; особенности: влагостойкость; комплектация: кромка в цвет столешницы","артикул: pd-130-38x2300; бренд: wild wood; название цвета: сахара белая; образец цвета: https://cdn1.ozone.ru/s3/multimedia-i/6145083186.jpg; высота, мм: 38; длина, мм: 2300; вид выпуска товара: фабричное производство; тип: столешница; гарантийный срок: 1 год; ширина, мм: 600",0.0066951807,0.018856568,0.13864306784660765,189,189,False,0.000907843,0.6666666666666666,0,0,1.0,0.0,0.0,0.0,0.09523809523809523
446676616895,704374690422,1.0,Автотовары,"краска для сколов во флаконе с кисточкой color1 для renault, цвет h30 - orange","краска для сколов во флаконе с кисточкой color1 для renault, цвет hnd - jaune","сезон: на любой сезон; бренд: color1; название цвета: orange; образец цвета: https://cdn1.ozone.ru/s3/multimedia-r/6691349835.jpg; страна-изготовитель: россия; комплектация: флакон с краской - 1 шт; флакон с лаком - 1 шт; вид краски: быстросохнущая; тип: средство для ремонта царапин; вид техники: легковые автомобили; объем, мл: 20","вес: 0.075 kg; объем: 20 ml; цвет товара: jaune; тип: автоэмаль; назначение: бампер, колесные диски, кузов; форма выпуска: кисточка; дополнительная информация: средство для ремонта царапин. не требует печной сушки. на любой сезон. не опасен.; срок годности: 365 дн.",0.006706863,0.024677016,0.18670886075949367,184,184,False,0.00023418292,0.7142857142857143,0,0,0.0,0.0,0.0,0.0,0.0
670014974787,541166036002,1.0,Дом и сад,ng boutique / комплект постельного белья с готовым одеялом евро,"комплект постельного белья с одеялом , сатин люкс , хлопок 100%, ( комфортер ) , евро , roberto cavalli ,зима- лето ,сантфаир","состав: шелк15%; микрогель85%; цвет: лимонный крем; размер постельного белья: евро; размер простыни: 230х250 см; размер пододеяльника: одеяло 200х230; размер наволочки: 50*70; размер натяжной простыни: без натяжной простыни; без резинки; классическая; количество предметов в упаковке: 4; одеяло-пододеяльник, простыня, наволочки -2 шт; страна производства: китай; комплектация: одеяло200х230; простыня230х250; наволочки 2 шт. 50х70; фабричная сумка; валюта: rub","артикул: stn000110; бренд: santfair; застежка наволочки/чехла: с клапаном; цвет товара: темно-коричневый; название цвета: темно коричневый; образец цвета: https://cdn1.ozone.ru/s3/multimedia-1-l/6931237809.jpg; комплектация постельного белья: 1 одеяло, 1 простыня, 2 наволочки; страна-изготовитель: китай; отделка: стразы; плотность ткани, г/кв.м: 160; размерность комплекта: евро; состав материала: хлопок; название материала: сатин люкс; вид выпуска товара: фабричное производство; количество пред…",0.0067632003,0.01410161,0.024647887323943657,256,256,True,0.0009953324,0.3157894736842105,0,0,0.0,0.0,0.0,0.0,0.0625
790274137619,42949826689,1.0,Автотовары,toyo observe g3-ice шины зимние 275/40  r19 105t шипованные,автошина roadx rx frost wcs01 195/70 r15c 104/102q шип.,"бренд: toyo; конструкция покрышки: бескамерная; диаметр, дюймы: 19; индекс нагрузки: 105; партномер (артикул производителя): tw00253; runflat: нет; сезонность: зима; серия: observe g3-ice; индекс скорости: t; тип: шины для внедорожника; высота профиля, %: 40; вид шин: шипованные; ширина профиля, мм: 275; вид техники: легковые автомобили",ширина профиля: 195; высота профиля: 70; диаметр: r15; индекс нагрузки: 104; максимальная нагрузка (на одну шину): 900 kg; индекс максимальной скорости: q (до 160 км/ч); назначение: шины для легковых автомобилей; сезонность: зимние; шипы: есть,0.0070066396,0.0046770344,-0.012658227848101267,126,126,False,0.0034094905,0.0,1,0,1.0,0.0,0.0,0.0,0.0
506806251860,592705560130,1.0,Спорт и отдых,"novasport городской велосипед stels navigator 28"" 300 с z010, темно-зеленый, 2022","stels / велосипед горный v 29"" f020, рама 17.5""","целевая аудитория: взрослая; форма поставки: в разобранном виде; материал обода: алюминиевый сплав; вид велосипеда: городской; бренд: novasport; цвет товара: разноцветный; особенности велосипедов: подножка; материал рамы: сталь; размер рамы, дюймы: универсальный; макс. нагрузка, кг: 120; модельный год: 2022; количество колес: 2; тип педалей: классический; подседельный штырь: 3504009000 - прочие;871200 - велосипеды двухколесные и прочие велосипеды (включая трехколесные велосипеды для доставки гр…","цвет: серый, желтый; материал рамы/основания: сталь; металл; диаметр колес (дюймы): 29""; тип тормозов велосипеда: об одной; амортизация: hard tail (с амортизационной вилкой); тип велосипеда: горные; велосипедный модельный год: 2023; количество скоростей велосипеда: 21 шт.; конструкция вилки: амортизационная; вес с упаковкой (кг): 18.03 kg; страна производства: россия; длина упаковки: 19 cm; высота упаковки: 119 cm; ширина упаковки: 60 cm; валюта: rub",0.007218874,0.013878572,-0.0066666666666666645,192,192,False,8.398434e-05,0.10526315789473684,0,0,0.0,1.0,0.0,0.0,0.0
532575964141,111669238953,1.0,Музыкальные инструменты,"w81-12e-wbag-op электро-акустическая гитара 12-струнная с чехлом, parkwood",cort / af510e-op standard series электро-акустическая гитара,"материал корпуса/верхней деки: ель; материал нижней деки: красное дерево; бренд: parkwood; тип бриджа: фиксированный; название цвета: натуральный; образец цвета: https://cdn1.ozone.ru/s3/multimedia-w/6782113292.jpg; материал накладки грифа: палисандр; ширина грифа, мм: 42; количество ладов, шт.: 20; материал грифа: красное дерево; крепление грифа: вклеенный; материал обечайки: красное дерево; наличие звукоснимателя: true; звукосниматели: cort ce304t eq; вид обмотки струн: круглая; материал стру…",цвет: натуральный; материал грифа: красное дерево; материал верхней деки: ель; материал нижней деки: красное дерево; материал обечайки: красное дерево; количество струн инструмента: 6 шт.; количество ладов: 20 шт.; крепление грифа: ласточкин хвост; форма корпуса гитары: фолк; мензура: 647 mm; страна производства: индонезия; комплектация: электро-акустическая гитара cort af510e standard series - 1 шт; вес товара без упаковки (г): 2 g; длина упаковки: 108 cm; высота упаковки: 14 cm; ширина упаков…,0.007524566,0.015016398,0.009280742459396751,225,225,False,0.001454067,0.25,0,0,1.0,0.0,0.0,0.0,0.10344827586206896
618475378265,206158552756,1.0,Товары для животных,"tappi / когтеточка кейн из гофрированного картона, 22x60x20см","tappi когтеточка смик из гофрированного картона, 22x65x25см",вид животного: для кошек; страна производства: россия; вес без упаковки (кг): 2 kg; вес с упаковкой (кг): 2 kg; длина упаковки: 15 cm; высота упаковки: 20 cm; ширина упаковки: 20 cm; валюта: rub,"размер животного: крупный; материал основания: картон; размер основания, см: 22х25; бренд: tappi; страна-изготовитель: россия; размеры, мм: 220х650х250; высота, см: 65; длина столбика, см: 65; предназначено для: для кошек; тип: когтеточка",0.0076347906,0.026702354,0.12852664576802508,107,107,False,0.0016216715,0.5555555555555556,0,0,1.0,0.0,0.0,0.0,0.15384615384615385
326417614524,584115569197,1.0,Галантерея и аксессуары,"наручные часы восток командирские, синий, черный",восток часы наручные механические,"цвет товара: синий; тип механизма: механические; пол: мужской; особенности: водонепроницаемые, подсветка стрелок; класс водонепроницаемости: wr20 (2 атм); источник энергии: пружинный механизм; толщина корпуса: 12 mm; страна бренда: россия; форма: круг; циферблат: аналоговый (стрелки); материал корпуса: латунь; стекло: пластиковое; материал браслета: натуральная кожа; индикация: арабские цифры; запас хода: 36 ч; гарантийный срок: 2 g.","целевая аудитория: взрослая; бренд: восток; материал корпуса: латунь; коллекция: базовая коллекция; цвет товара: хром; страна-изготовитель: россия; диаметр корпуса, мм: 40; особенности часов: грязеустойчивые; функции часов: календарь; стекло: органическое стекло; тип индикации: арабские цифры; комплектация: часы, коробка, паспорт, гарантия; упаковка: картонная коробка; пол: мужской; тип: часы наручные; тип часов: механические; водонепроницаемость: 2 bar; вес товара, г: 61; ширина ремешка, мм: 18",0.00781541,0.013377968,0.038961038961038974,169,169,False,0.005510157,0.42857142857142855,0,0,0.0,0.0,0.0,0.0,0.16666666666666666
764504330022,755914271467,1.0,Галантерея и аксессуары,lazypanda / ложка для обуви металлическая,комплект рожков для обуви металлическая 20 см/серебро-3 шт,цвет: серебристый; материал изделия: металл; ширина предмета: 5 cm; комплектация: рожок для обуви 22 cm; вес товара с упаковкой (г): 70 g; страна производства: россия; валюта: rub,"бренд: нет бренда; коллекция: базовая коллекция; название цвета: серебро 20 cm-3 шт; страна-изготовитель: россия; длина, см: 20; материал: нержавеющая сталь; количество в упаковке: 3; комплектация: рожок для обуви 20 cm-3 шт; тип: ложка/рожок для обуви",0.007866745,0.019722547,0.13311688311688313,110,110,False,0.00057900697,0.25,1,1,0.0,0.0,0.0,1.0,0.06666666666666667
309237757607,223338311266,1.0,Ювелирные изделия,"master brilliant серьги master brilliant, белое, комбинированное, желтое золото, 585 проба, бриллиант",master brilliant серьги ювелирные золото красное 585 пробы,"тип: серьги; вид металла: золото; тип золота: белое, желтое, комбинированное; проба: 585; вставка: бриллиант","артикул: 4052038; бренд: master brilliant; коллекция: базовая коллекция; проба: 585; тип: серьги ювелирные; средний вес изделия, гр: 2.96; состав ювелирного изделия: золото красное",0.007953514,0.025326608,0.12280701754385964,107,107,False,0.0017193039,0.38461538461538464,0,0,0.0,0.0,0.0,0.0,0.09090909090909091
51539681009,566935722405,1.0,Детские товары,lovular подгузники giraffe m (6-11 кг) 60 шт,подгузники lovular giraffe s 4-8 кг 66 шт,вес ребенка: 6-11 кг; бренд: lovular; страна-изготовитель: великобритания; особенности подгузников и гигиенических товаров: дышащая поверхность; особое применение подгузников: для чувствительной кожи; приучение к горшку: да; тип застежки подгузника: на липучке; количество подгузников в одной упаковке: 60; единиц в одном товаре: 1; пол ребенка: унисекс; тип: подгузники,"бренд: lovular; артикул производителя: 5060434296924; модель: giraffe; тип: подгузники; вид: одноразовые; пол ребенка: унисекс; количество в упаковке: 66; размер: 2/s; минимальный вес ребенка, кг: 4; максимальный вес ребенка, кг: 8; страна-производитель: великобритания; применение: дневные; ночные; тип застежки: липучки; код товара: 600012767899",0.008062231,0.026206376,0.01360544217687075,126,126,False,0.00012495369,0.38461538461538464,1,1,0.0,0.0,0.0,0.0,0.19047619047619047
566935715933,171798846966,1.0,Мебель,"монолит стол приставной полукруг ""монолит"", 1400х700х750 мм, без опор (640137), цвет бук бавари","монолит письменный стол, 150х30х120 см","артикул производителя: пм35.1; бренд: монолит; модель: пм35.1; страна-производитель: россия; цвет производителя: бук бавария; разноцветная мебель: нет; форма поставки: в разобранном виде; форма столешницы: полукруглая; стиль: лофт (индустриальный); минимализм; регулировка: нет; размеры (шхгхв), см: 140х70х2; ширина, см: 140; глубина, см: 70; высота, см: 2; вес, кг: 8; для брифинга: да; опора: нет; барный: нет; компьютерный: нет; колесики: нет; раскладной: нет; открытые полки: нет; выдвижные ящи…","артикул: ом640131; бренд: монолит; страна-изготовитель: россия; глубина, см: 30; форма поставки: в разобранном виде; высота, см: 120; вид выпуска товара: фабричное производство; материал столешницы: массив дерева; тип: письменный стол; ширина, см: 150",0.00808581,0.018470144,0.10619469026548672,181,181,False,0.0048878035,0.13333333333333333,0,0,1.0,1.0,0.0,0.0,0.13043478260869565
317827658362,77309562561,1.0,Продукты питания,белевские сладости / мармелад,"эко пастила, десерт яблочный сыр, яблоко с грецким орехом, 120 грамм",вес товара без упаковки (г): 148 g; вес товара с упаковкой (г): 168 g; страна производства: россия; комплектация: мармелад 1 уп. 120 g; длина упаковки: 18 cm; высота упаковки: 6 cm; ширина упаковки: 12 cm; валюта: rub,"бренд: экопастила; условия хранения: от 5°с до +25°с и относительной влажности воздуха не более 75%.; состав: яблочное пюре, вяленые яблоки, грецкий орех.; страна-изготовитель: россия; название вкуса: яблоко с грецким орехом; особенности напитков, продуктов питания: диетический продукт; не содержит: без гмо; упаковка: картонная коробка; единиц в одном товаре: 1; максимальная температура: 25; минимальная температура: 5; срок годности в днях: 365; вкус: яблоко; тип: пастила; вес товара, г: 120",0.00814721,0.009141157,-0.07717041800643087,151,151,False,0.005010603,0.0,0,0,0.0,0.0,0.0,0.0,0.045454545454545456
670014959611,343597517502,1.0,Галантерея и аксессуары,arta / кулон подвеска с цепочкой ом,601 цепочка с подвеской ом /подвеска /кулон,цвет: фиолетовый; состав бижутерии: металл; вставка: стекло; длина подвески: 28 mm; ширина подвески: 28 mm; комплектация: подвеска 1 шт; шнурок - 1 шт.; страна производства: россия; валюта: rub,возраст украшения: современное; целевая аудитория: взрослая; стиль украшения: повседневный; бренд: нет бренда; коллекция: осень-зима 2023; цвет товара: бежевый; название цвета: alk601; страна-изготовитель: россия; покрытие: родирование; тип вставки: без вставок; дизайн: подарок; вид замка: карабин; материал: бижутерный сплав; вставка: металл; модель шейного украшения: на цепочке; количество в упаковке: 1; комплектация: подвеска с цепочкой 1шт; упаковка 1шт; упаковка: пакет; пол: женский; тип: п…,0.008325651,0.015567665,0.06493506493506496,155,155,False,0.0013195532,0.4444444444444444,0,0,0.0,0.0,0.0,0.0,0.07692307692307693
223338365933,231928263628,1.0,Спорт и отдых,discovery / бинокль field 8x42,бинокль discovery field 10x42,цвет: милитари; материал изделия: abs-пластик; пвх; металл; доп. параметры бинокля: материал оптики bk-7; относительная яркость 27; влагозащищенность есть; увеличение: 8; максимальное увеличение изображения: 8 крат; тип бинокля: discovery field 8x42; детский; военный; диаметр выходного зрачка: 5.2 mm; модель: discovery field 8x42; страна производства: китай; комплектация: discovery field 8x42; чехол; салфетка; крышки; валюта: rub,"тип призмы: porro; целевая аудитория: взрослая; артикул: 78664; материал корпуса: пластик; назначение бинокля: военный; бренд: discovery; относительная яркость: 42; цвет товара: хаки; конструктивные особенности: водонепроницаемость; страна-изготовитель: китай; диаметр объектива, мм: 42; диаметр выходного зрачка, мм: 3.5; удаление выходного зрачка, мм: 15; функциональные особенности оптического прибора: диоптрийная поправка; способ фокусировки: центральная; межзрачковое расстояние, мм: 54-74; ми…",0.008503759,0.018346263,-0.01666666666666667,182,182,False,0.0032533035,0.6,0,0,0.0,1.0,0.0,1.0,0.030303030303030304
850403546714,438086700248,1.0,Спорт и отдых,"мягкие приманки frapp geko  6.9"" pal# 02 (2шт)","не определен силикон frapp geko 5"" #pal02 (4 шт/уп)","материал приманки: силикон; бренд: frapp; цвет товара: салатовый; название цвета: pal# 02; страна-изготовитель: россия; плавучесть: тонущий (sinking); форма мягкой приманки: виброхвост; вид крючка: без крючка; длина, мм: 190; размер приманки, дюймы: 6.9; количество в упаковке, шт: 2; количество упаковок, шт: 1; тип: мягкая приманка для рыбалки; вид мягкой приманки: съедобная; вес, г: 32",длина: 127 mm; размер: 02; вид: виброхвост,0.008518369,0.02421128,0.04000000000000001,104,104,False,0.0026829732,0.11764705882352941,1,1,0.0,0.0,0.0,1.0,0.058823529411764705
103079328578,85899490211,1.0,Дом и сад,"грандпалас ковер рубик, 1.5 x 2 м",грандпалас / ковер комнатный 150х200 см в гостиную,"артикул: рубик_1.5х2; бренд: грандпалас; основа ковра: войлок; плотность ковра, узлов/кв.м: 164000; цвет товара: черный; название цвета: рубик; образец цвета: https://cdn1.ozone.ru/s3/multimedia-6/6680754906.jpg; страна-изготовитель: россия; форма ковра: прямоугольник; длина, м: 2; вид выпуска товара: фабричное производство; материал: полиамид; комплектация: 1 ковер, 1 инструкция; вид принта: абстракция; единиц в одном товаре: 1; комната: гостиная; стиль дизайна: бохо; размер упаковки (длина х …","материал изделия: полиамид (pa); основа коврика: войлок; длина предмета: 200 cm; толщина предмета: 0.5 cm; ширина предмета: 150 cm; вес без упаковки (кг): 2.5 kg; вес с упаковкой (кг): 2.6 kg; цвет: черный, синий, золотистый, серый, светло-серый; страна производства: россия; комплектация: ковер 150х200; ковер комнатный 150х200 см - 1 шт.; длина упаковки: 77 cm; высота упаковки: 8 cm; ширина упаковки: 33 cm; валюта: rub",0.008582704,0.012990256,-0.024647887323943657,205,205,False,0.0034111934,0.15384615384615385,0,0,0.0,0.0,0.0,1.0,0.06060606060606061
300647737916,386547065820,1.0,Товары для животных,"без бренда ошейник комбинированный кожа-брезент, безразмерный, 70 х 3,5 см, ош 25-60 см, чёрный","ошейник комбинированный кожа/брезент, безразмерный, 70*3,5 см, ош 25-60 см, синий",тип: ошейник; основной материал: брезент; обхват шеи: 25 - 60 cm; особенности: регулируемый; гарантийный срок: 1 g.,"бренд: пижон; вид ошейника: повседневный; ширина ошейника, мм: 3.6; цвет товара: синий; название цвета: синий; страна-изготовитель: россия; обхват шеи минимальный, см: 25; материал: кожа; обхват шеи, см: 25 - 60; комплектация: 1; предназначено для: для собак; размер упаковки (длина х ширина х высота), см: 11,5 x 8 x 4; тип: ошейник; вес товара, г: 150; обхват шеи максимальный, cм: 60",0.008644922,0.031494454,0.17554858934169276,133,133,False,0.0011032624,0.7222222222222222,0,0,0.0,0.0,0.0,0.0,0.05555555555555555
558345808119,360777293922,1.0,Электроника,"зарядное устройство для ноутбука asus rog g750js-ds71, 19.5v - 9,23a, 180 вт (штекер: 5.5-2.5мм) slim","не определен зарядное устройство для ноутбука asus rog gl752vw, 19v - 6.32a, 120 вт (штекер: 5.5-2.5мм) slim","бренд: asus; цвет товара: черный; список совместимых устройств: asus; входной коннектор: сетевая вилка; количество выходных разъемов: 1; страна-изготовитель: китай; партномер: 04-as-3803-(740516); макс. выходная мощность, вт: 180; выходное напряжение, в: 19.5; назначение: для ноутбуков; комплектация: блок питания, сетевая вилка.; макс. выходной ток, а: 9.23; выходной коннектор: dc 5.5 x 2.5 mm (штекер); подходит для: asus; тип: блок питания для ноутбука; гарантийный срок: 12; вес товара, г: 250…","назначение: для ноутбука; совместимость: asus; мощность: 120 w; макс. сила тока: 6.32 а; выходное напряжение: 19 в; особенности: защита от короткого замыкания, защита от перегрева, защита от перегрузки, защита от перенапряжения; разъемы: 5.5-2.5 мм; гарантийный срок: 12 мес.",0.008738119,0.016109606,0.03194103194103194,200,200,False,0.0027845842,0.46153846153846156,4,2,1.0,0.0,0.0,0.0,0.043478260869565216
231928281612,515396182426,1.0,Канцелярские товары,термоэтикетка 58х60 400 этикеток 2 рулона эко,"stickerwell термоэтикетки эко 58х30мм, 900 шт. в рулоне (2 шт в упаковке), втулка 40 мм","количество листов, шт: 400; бренд: нет бренда; тип покрытия: матовая; цвет товара: белый; страна-изготовитель: россия; плотность, г/м2: 65; особенности бумаги: самоклеящаяся; количество этикеток, шт: 400; длина большей стороны, мм: 60; материал: бумага; количество заводских упаковок: 1; комплектация: термоэтикетка 58х60 эко 2 рулона; диаметр втулки, мм: 40; тип печати: термопечать; число предметов, шт: 2; единиц в одном товаре: 2; длина меньшей стороны, мм: 58; размер одной этикетки: 5,8 x 6 cm…",материал: бумага; ширина этикетки/ценника: 30 mm; высота этикетки/ценника: 58 mm; количество в рулоне: 900 шт.; особенности этикетки: самоклеящаяся; тип печати: термопечать,0.008868203,0.026771452,0.0,145,145,False,0.0005148696,0.1111111111111111,2,1,1.0,0.0,0.0,0.0,0.14285714285714285
438086801508,618475379480,1.0,Товары для животных,влажный корм для кошек nature's table кусочки в соусе с курицей 28 шт х 85 г,"nature's table / влажный корм для взрослых кошек, индейка в cоусе 28х85гр","возраст животного: для взрослых; размер животного: крупный; бренд: nature's table; порода кошки: для любой породы; состав: курица, продукты животного происхождения, злаки и продукты их переработки, загустители, аминокислоты (в том числе таурин), минеральные вещества, рыбий жир, подсолнечное масло, сахара, витамины, натуральный карамельный краситель, мякоть сахарной свеклы, овощи (морковь, шпинат, томаты), антиоксиданты.; страна-изготовитель: россия; особенности: без искусственных красителей; кл…",состав: индейка; говядина; карамель; овощи; витамины; количество предметов в упаковке: 28 шт.; основной вкус корма: индейка; вид вкуса корма: птица; назначение корма: восстановление микрофлоры; диетический; с чувствительным пищеварением; вид животного: для кошек; порода кошки: для любой породы; консистенция корма: кусочки; кусочки в соусе; класс корма: супер-премиум; возраст животного: взрослые; размер животного: для всех пород; для средних пород; для крупных пород; срок годности: 24 месяца; ве…,0.009018796,0.023102319,0.07523510971786834,256,256,True,0.0035158591,0.38095238095238093,0,0,0.0,0.0,0.0,1.0,0.07894736842105263
206158538338,171798696005,1.0,Товары для животных,"дарэлл / миска для кошек и собак сфера малая , серый цвет , пластиковая , диаметр 11см","дарэлл, миска для кошек и собак сфера малая , изумрудный цвет , пластиковая , диаметр 11см",цвет: серебристый; вид миски для животных: сфера малая; материал изделия: пластик; страна производства: китай; комплектация: пластиковая; серый цвет; диаметр 11 cm; миска для кошек и собак сфера малая; валюта: rub,"артикул: zoo-102382; бренд: дарэлл; страна-изготовитель: китай; материал: пластик; комплектация: миска для кошек и собак сфера малая, изумрудный цвет, пластиковая, диаметр 11 cm; предназначено для: для кошек; тип: миска для животных",0.009215405,0.027144548,0.11912225705329153,146,146,False,0.0030395156,0.8666666666666667,0,0,0.0,0.0,0.0,0.0,0.18181818181818182
171798799993,489626365385,1.0,Автотовары,"краска для сколов во флаконе с кисточкой color1 для peugeot, цвет u17 - gris titanium","краска для сколов во флаконе с кисточкой color1 для skoda, цвет lf7u - seda stone/stone grey","вес: 0.075 kg; объем: 20 ml; цвет товара: gris titanium; тип: автоэмаль; назначение: бампер, колесные диски, кузов; форма выпуска: кисточка; дополнительная информация: средство для ремонта царапин. не требует печной сушки. на любой сезон. не опасен.; срок годности: 365 дн.","сезон: на любой сезон; бренд: color1; название цвета: seda stone/stone grey; образец цвета: https://cdn1.ozone.ru/s3/multimedia-b/6694191191.jpg; страна-изготовитель: россия; комплектация: флакон с краской - 1 шт; флакон с лаком - 1 шт; вид краски: быстросохнущая; тип: средство для ремонта царапин; вид техники: легковые автомобили; объем, мл: 20",0.009356994,0.024286322,0.15822784810126583,200,200,False,0.0016253283,0.5,0,0,0.0,0.0,0.0,0.0,0.0
274878016572,25769896169,1.0,Обувь,полуботинки officine creative,"officine creative полуботинки оксфорды officine creative, размер 44.5, коричневый","целевая аудитория: взрослая; бренд в одежде и обуви: officine creative; страна бренда: италия; коллекция: весна-лето 2019; цвет товара: темно-серый; страна-изготовитель: италия; высота каблука, см: 2.3; материал верха: натуральная кожа; материал: натуральная кожа; российский размер: 43,5; сезон: демисезон; пол: мужской; высота подошвы, см: 1; материал подошвы обуви: каучук",цвет товара: коричневый; тип: полуботинки; модель: оксфорды; сезон: демисезон; материал верха: кожа натуральная; материал подкладки: кожа натуральная; размер: 44.5,0.009421636,0.018731026,0.0646153846153846,116,116,False,0.0061161253,0.375,0,0,0.0,0.0,0.0,0.0,0.058823529411764705
188978567094,704374687025,1.0,Мебель,шкаф арлин 3 с ящиками 1400-520-2200 дуб крафт золотой наполнение платье/белье,без бренда шкаф арлин 3 с ящиками 1400-550-2200 дуб крафт золотой наполнение платье/белье,"артикул: 36768; бренд: нет бренда; цвет товара: светло-коричневый; название цвета: дуб крафт золотой; образец цвета: https://cdn1.ozone.ru/s3/multimedia-e/6699230366.jpg; страна-изготовитель: россия; глубина, см: 52; форма поставки: в разобранном виде; материал фасада: лдсп; ориентация: универсальный; высота, см: 220; вид выпуска товара: фабричное производство; материал корпуса: лдсп; тип открывания дверей: открывающиеся в стороны; назначение (помещение): для дома; стиль дизайна: современный; т…",конструкция: шкаф для одежды; назначение: для гостиной; тип установки: напольный; дверцы: распашные; количество дверей: 3; количество секций: 2; материал корпуса: лдсп; материал фасада: лдсп; особенности: с ящикамис полкамисо штангой; стиль: современный; ширина: 140; глубина: 55; высота: 220; комплектация: шкаф -1 шт.; дополнительная информация: универсальный; страна бренда: россия; габариты транспортной упаковки: 230х65х10 см; вес в транспортной упаковке: 173 kg; цвет товара: дуб крафт золотой,0.009433544,0.012736021,-0.06489675516224189,242,242,False,0.0035353382,0.7647058823529411,1,0,0.0,0.0,0.0,0.0,0.20588235294117646
455266630074,661424993003,1.0,Ювелирные изделия,"серьги из белого золота diamant 52-120-01945-1, фианит","diamant, серьги из белого золота с бриллиантами, 52-220-02092-1, декоративные, 585 проба","артикул производителя: 52-120-01945-1; модель: 52-120-01945-1; бренд: diamant; тип: серьги; вид: классические; тип замка: английский; пол: женский; материал изделия: белое золото; проба: 585; вставка: фианит; количество карат: 0; средний вес изделия, г: 2.25; размер (дхшхв), мм: 19х8; цвет материала: серебристый; цвет вставки: прозрачный; форма вставки: круг; покрытие: родирование; особенности дизайна: винтажные; изображение/надпись: нет; страна-производитель: россия; код товара: 100059793931","целевая аудитория: взрослая; артикул: 52-220-02092-1; бренд: diamant; бриллиант: 42 бр круг 17 0,90*1,00, 2 бр круг 57; как читать характеристику бриллианта: на примере ""1 бр. кр-57-0.26 6/6а"" расшифровываются параметры так: 1 бр. – число бриллиантов. кр-57 – форма огранки и число граней (""кр"" - ""круглая""). 0.26 – масса бриллианта в каратах. 6/6 – цвет/чистота бриллианта (зависит от количества граней: ""1/1"" – бесцветный идеальной чистоты; последнее значение цвета может быть ""4"" или ""7"" (коричне…",0.009487696,0.017380606,0.045112781954887216,256,256,True,0.0029137647,0.4117647058823529,2,0,0.0,1.0,0.0,0.0,0.17142857142857143
798863954421,816043938127,1.0,Продукты питания,кофе растворимый egoiste сублимированный 200г. 1шт.,"egoiste / кофе молотый в растворимом x.o., 100г",бренд: egoiste; состав кофе: арабика; условия хранения: хранить плотно закрытым в сухом прохладном месту без посторонних запахов.; состав: 100% натуральный растворимый сублимированный кофе из лучших сортов арабики; содержит: кофеин; страна-изготовитель: швейцария; технология производства: сублимированный; не содержит: вкусовые добавки; упаковка: стеклянная банка; единиц в одном товаре: 1; максимальная температура: 20; минимальная температура: 0; срок годности в днях: 730; тип: кофе растворимый;…,"состав: арабика 100%; вид зерен: арабика; вес товара без упаковки (г): 100 g; степень обжарки кофе: средней степени; интенсивность вкуса кофе: средняя обжарка; приготовление кофе: универсальный; форма выпуска напитка: растворимый; сублимированный; количество предметов в упаковке: 1 шт; максимальная температура хранения: 25 ° c; минимальная температура хранения: 5 ° c; особенности продукта: премиум сорт; без гмо , натуральный продукт; вес товара с упаковкой (г): 150 g; срок годности: 24 мес; стр…",0.009774176,0.017332267,0.025723472668810282,202,202,False,0.0039165756,0.23076923076923078,1,1,0.0,0.0,0.0,0.0,0.0625
188978701061,154618882476,1.0,Галантерея и аксессуары,khalima g / сумка guess тоут-багет,guess саквояж,состав: влагостойкий; искусственная лаковая кожа; влагозащитная; износостойкий; цвет: черный; материал подкладки: текстиль; синтетика; принт; высота предмета: 15 cm; глубина предмета: 8 cm; ширина предмета: 26 cm; фактура материала: лакированный под крокодиловую кожу; особенности сумки: жесткая форма; влагостойкий материал; количество отделений: 1 шт.; карманы: внутренний на молнии; внутренний открытый; назначение ремня сумки: на запястье; на плечо; на руку; вид застежки: молния; замок-молния м…,"целевая аудитория: взрослая; бренд: guess; коллекция: осень-зима 2023; цвет товара: черный; название цвета: светло серый; специальные отделения: отделение для мобильного телефона; глубина, см: 7; особенности конструкции сумки: водоотталкивающая пропитка; формат а4: не вмещает; ручки: плечевой ремень; высота, см: 15; длина плечевого ремня, см: 90; материал подкладки: нейлон; материал: экокожа; материал фурнитуры: металл; количество внутренних отделений: 2; упаковка: бумажная обертка; пол: женски…",0.010140573,0.010466373,-0.055194805194805185,247,247,False,0.0072034956,0.14285714285714285,0,0,0.0,0.0,0.0,0.0,0.023255813953488372
730144560382,515396117799,1.0,Спорт и отдых,"воблеры для рыбалки grfish striker 90f-dr, l13","lucky craft lucky craft, воблер slur body blow s, kanimiso","бренд: grfish; цвет товара: золотой; название цвета: l13; образец цвета: https://cdn1.ozone.ru/s3/multimedia-x/6155901273.jpg; мин. заглубление, м: 0.1; плавучесть: плавающий (floating); комплектация: воблер для рыбалки; кол-во в комплекте, шт: 1; тип: воблер; вид ловли воблером: спиннинг; вес, г: 16",цвет товара: kanimiso; тип: воблер; длина: 67 mm; вес: 5.2 g; плавучесть: тонущая,0.010292416,0.010618724,-0.07333333333333333,116,116,False,0.0034298645,0.0,0,0,0.0,0.0,0.0,1.0,0.06666666666666667
463856607208,326417617564,1.0,Обувь,ботинки рабочие факел,"эталон ботинки рабочие высокие (нат. мех) perfect protection кп мс пу/нитрил, размер: (43)",бренд в одежде и обуви: факел; коллекция: осень-зима 2023; цвет товара: темно-коричневый; название цвета: темно-коричневый / оранжевый; страна-изготовитель: россия; внутренний материал: овчина; материал стельки: овчина; материал верха: натуральная кожа; российский размер (обуви): 39; сезон: зима; пол: мужской; вид застежки: шнурки; размер производителя: 39; материал подошвы: полиуретан; тип: ботинки рабочие,"размер: 43; цвет товара: черный; тип: ботинки; назначение: защита от общих производственных загрязнений, защита от пониженных температур; сфера применения: охранное предприятие, строительство, сфера торговли, сфера услуг, транспорт; сезон: зима; пол: мужской; светоотражающие элементы: есть; материал верха: натуральная кожа; материал подкладки: натуральный мех; материал подошвы: полиуретан; материал защитного подноска: поликарбонат; стелька: антипрокольная; метод крепления подошвы: литьевой; соо…",0.010330061,0.016222287,0.046153846153846156,177,177,False,0.00039930083,0.13333333333333333,0,0,0.0,0.0,0.0,0.0,0.16666666666666666
420906912027,171798713297,1.0,Музыкальные инструменты,"7257mht goldin комплект басовых струн (3шт) для классической гитары, карбон/голдин hannabach","набор струн hannabach goldin 725 mht, 1 уп.","бренд: hannabach; цвет товара: желтый; образец цвета: https://cdn1.ozone.ru/s3/multimedia-6/6072768066.jpg; страна-изготовитель: германия; вид музыкального аксессуара: струны; партномер: 3719; назначение муз. аксессуара: для классической гитары; количество в упаковке, шт: 3; тип: аксессуар для струнных; гарантийный срок: 12 месяцев при соблюдении правил хранения и эксплуатации","количество упаковок: 1 шт.; инструмент: классическая гитара; количество струн в упаковке: 6 шт.; калибр: 28; подходит для мензуры: 25.591 ""; форма оплетки: круглая; материал сердечника: карбон; материал оплетки: -; натяжение: сильное, среднее",0.010450782,0.02973115,0.2389791183294664,148,148,False,0.004839937,0.17647058823529413,1,1,0.0,0.0,0.0,1.0,0.0
214748460672,146029004160,1.0,Спорт и отдых,luremax / воблер stinka 110f mdr-097 12 г.,"воблер для троллинга luremax stinka 90f mr-097 7,5 г., заглубление от 1,5-1,8м.",плавучесть: плавающий (floating); длина предмета: 11 cm; страна производства: китай; валюта: rub,"бренд: luremax; название цвета: 97; образец цвета: https://cdn1.ozone.ru/s3/multimedia-9/6329408181.jpg; мин. заглубление, м: 1.5; плавучесть: плавающий (floating); длина, см: 9; макс. заглубление, м: 1.8; количество упаковок, шт: 1; комплектация: 1 штука в комплекте; кол-во в комплекте, шт: 1; единиц в одном товаре: 1; тип: воблер; вид ловли воблером: спиннинг; вид воблера: минноу (minnow); вес, г: 7.5",0.010550882,0.025272219,0.043333333333333335,132,132,False,0.0034754314,0.2777777777777778,2,1,1.0,0.0,0.0,0.0,0.0625
807453924858,618475423805,1.0,Спорт и отдых,безынерционная катушка black side zodiac x 2500fd 9+1 подш. bszx2500fd,катушка безынерционная black side zodiac x 3000fd 9+1 подш. (bszx3000fd),"вид: безынерционная; фрикцион: передний; передаточное число: 5.2:1; размер шпули: 2500; материал шпули: алюминий; материал рукояти: алюминий; положение рукояти: под правую и левую руку; бейтраннер: нет; шариковый подшипник: 9; роликовый подшипник: 1; количество подшипников: 10; запасная шпуля в комплекте: графитовая; вес нетто: 0.269 kg; единица товара: штука; вес, кг: 0,32; длина, мм: 100; ширина, мм: 150; высота, мм: 150","бренд: black side; тормозная система катушки: фрикционный; цвет товара: зеленый; название цвета: черный; страна-изготовитель: китай; особенности снасти: дополнительная шпуля; лескоемкость: 0.25 mm/165м; 0.28 mm/120м; 0.3 mm/105м; нагрузка на фрикцион, кг: 10; передаточное число катушки: 5.2:1; ручка катушки: с двух сторон; вид ловли: спиннинг; материал: графит; фрикцион: передний; вид катушки: безынерционная; размер шпули: 3000; тип: катушка; вес товара, г: 277",0.01059252,0.027238397,0.08333333333333333,189,189,False,0.00036841165,0.6923076923076923,0,0,1.0,0.0,0.0,0.0,0.13793103448275862
498216271910,60129692874,1.0,Аптека,"acuvue астигматические линзы oasys for astigmatism with hydraclear plus, 6 шт., -6.50 / 8.6/-2.25/140, 2 недели","контактные линзы acuvue oasys for astigmatism with hydraclear plus, 6 шт., r 8,6, d -6,5, cyl: -2,25, aх: 140","ось (axis): 140; бренд: acuvue; цилиндр (cyl): -2.25; страна-изготовитель: сша; диаметр, мм: 14.5; радиус кривизны: 8.6; материал контактных линз: сенофилкон а; режим ношения: 24 часа; количество в упаковке: 6; оптическая сила: -6.50; кислородопропускание, dk/t: 129; дней до замены: 2 недели; тип: астигматические линзы; влагосодержание, %: 38; вес товара, г: 15","тип линз: астигматические; частота замены: две недели; диаметр: 14.5 mm; влагосодержание: 38%; кислородопроницаемость: 129 dk/t; вид материала: силикон-гидрогелевые; материал: сенофилкон а; режим ношения: гибкий; количество линз в упаковке: 6; уф-фильтр: есть; страна-производитель: сша; линейка: oasys for astigmatism; срок годности: 365 дн.; срок службы: 14 дн., с момента вскрытия индивидуальной упаковки; цилиндр: -2,25; состояние товара: новый; оптическая сила: -6,5; ось: 140",0.010669118,0.00775262,-0.0714285714285714,230,230,False,0.0063589853,0.6086956521739131,1,0,0.0,0.0,0.0,0.0,0.13793103448275862
506806187995,51539644534,1.0,Спорт и отдых,"блесна вертикальная ecopro detonator, 85мм, 11г, bib","вертикальная блесна ecopro detonator, 75мм, 9г, bib epvjdt75bib","бренд: ecopro; цвет товара: золотой; название цвета: bib; страна-изготовитель: россия; вид крючка: тройной; размер крючка, n: 10; длина, см: 8.5; количество в упаковке, шт: 1; количество упаковок, шт: 1; комплектация: блесна; упаковка: блистер; сезон снасти: зима; тип: блесна; вид блесны: вертикальная; вес, г: 11","тип: блесна; длина: 75 mm; цвет: bib; количество в упаковке: 1 шт; вес нетто: 9 g; тип блесны: вертикальная; крючок: тройник; единица товара: штука; вес, кг: 0,02; длина, мм: 85; ширина, мм: 20; высота, мм: 20",0.010978387,0.033874422,0.18,122,122,False,0.0010595229,0.5833333333333334,2,2,0.0,0.0,0.0,1.0,0.14285714285714285
515396106897,309237718629,1.0,Автотовары,"аэрозольная краска color1 для mercedes, цвет 7294 - lindgrau","аэрозольная краска color1 для opel, цвет 27e - cub blue","сезон: на любой сезон; форма выпуска: аэрозоль; область применения: кузов; бренд: color1; название цвета: lindgrau; образец цвета: https://cdn1.ozone.ru/s3/multimedia-y/6667223254.jpg; страна-изготовитель: россия; упаковка: аэрозольный баллон; основа краски: полимерная; единиц в одном товаре: 1; вид краски: быстросохнущая; тип: краска автомобильная; марка тс: mercedes-benz; вид техники: легковые автомобили; объем, мл: 520","вес: 0.4 kg; объем: 520 ml; цвет товара: cub blue; тип: автоэмаль; назначение: бампер, колесные диски, кузов; форма выпуска: аэрозольный баллон; дополнительная информация: не требует печной сушки.; срок годности: 360 дн.",0.011112295,0.016987182,0.015822784810126583,165,165,False,0.008036865,0.4166666666666667,0,0,0.0,0.0,0.0,0.0,0.045454545454545456
128849125580,249108193511,1.0,Хобби и творчество,"набор бусин ""рукоделие"" пластик, диаметр 8 мм, 25 грамм, голубой, 2 набора","рукоделие набор бусин ""рукоделие"" пластик, диаметр 3 мм, 25 гр, голубой","бренд: рукоделие; цвет товара: голубой; страна-изготовитель: китай; размер, мм: 8; материал: пластик; количество в упаковке, шт: 2; единиц в одном товаре: 2; тип: бусина; вес товара, г: 25",цвет товара: голубой; тип: бусины; материал: пластик,0.011178181,0.022948142,-0.023728813559322035,82,82,False,0.0030890564,0.6923076923076923,2,1,0.0,0.0,0.0,0.0,0.2222222222222222
721554620198,369367350005,1.0,Автотовары,kumho / шина зимняя 225/65 r17 wintercraft ws51 106t,kumho wintercraft suv ice ws51 шины 225/55  r18 102t,индекс нагрузки: 106; индекс скорости: t (до 190км/ч); сезонность: зимние; назначение шин: для легковых автомобилей; шипы: нет; технология runflat: нет; артикул производителя: 2248533; вес без упаковки (кг): 13.6 kg; страна производства: республика корея; модель: wintercraft ws51; комплектация: шина - 1 шт; вес с упаковкой (кг): 13.6 kg; длина упаковки: 72 cm; высота упаковки: 23 cm; ширина упаковки: 72 cm; валюта: rub,"бренд: kumho; конструкция покрышки: бескамерная; диаметр, дюймы: 18; индекс нагрузки: 102; количество, штук: 1; комплектация: kumho wintercraft suv ice ws51 225/55r18 102t; runflat: нет; сезонность: зима; серия: wintercraft suv ice ws51; индекс скорости: t; тип: шины для легковых автомобилей; высота профиля, %: 55; вид шин: нешипованные; ширина профиля, мм: 225; вид техники: легковые автомобили",0.011316713,0.015653387,-0.0031645569620253194,170,170,False,0.005277993,0.26666666666666666,2,0,0.0,0.0,0.0,0.0,0.037037037037037035
352187404632,833223776671,1.0,Спорт и отдых,"воблер rapala original floater 13 /ft /плавающий/ 1,2-1,8м, 13см, 7гр f13-ft","воблер rapala floating original плавающий 0,9-1,5м, 90мм 5гр, цвет ft","цвет товара: ft; тип: воблер; длина: 130; размер: 7; вес: 7; вид крючка/вертлюжка: подвесной, тройной; количество в наборе: 1 шт.; вид: минноу; материал: никель; плавучесть: плавающая; степень заглубления: глубоководные, поверхностные; заглубление: 1.2 - 1.8 м; вид ловли: спиннинговая; особенности: лето; номер: 7","бренд: rapala; название цвета: ft; страна-изготовитель: эстония; тип: воблер; вес, г: 5",0.011786874,0.03305885,0.14999999999999997,127,127,False,0.003076546,0.3181818181818182,5,2,0.0,0.0,0.0,1.0,0.125
609885510535,266288028311,1.0,Автотовары,fronway eurus 08 245/40 r17 95w,fronway eurus 08 шины летние 225/45  r17 94w,ширина профиля: 245; высота профиля: 40; диаметр: r17; индекс нагрузки: 95; максимальная нагрузка (на одну шину): 690 kg; индекс максимальной скорости: s (до 180 км/ч); назначение: для легкового автомобиля; сезонность: летние; тип рисунка протектора: асимметричный,"бренд: fronway; диаметр, дюймы: 17; индекс нагрузки: 94; oem-номер: 2efw021f; партномер (артикул производителя): 7264753; runflat: нет; сезонность: лето; серия: eurus 08; индекс скорости: w; тип: шины для легковых автомобилей; высота профиля, %: 45; вид шин: нешипованные; ширина профиля, мм: 225; вид техники: легковые автомобили; гарантийный срок: 1 год.",0.0118761975,0.008066109,-0.05063291139240506,119,119,False,0.0008248007,0.38461538461538464,5,1,0.0,0.0,0.0,0.0,0.0
652835073307,584115651570,1.0,Галантерея и аксессуары,часы наручные casio a-500wega-9e с хронографом,наручные часы мужские casio a-500wga-9d,"целевая аудитория: взрослая; браслет/ремешок: нержавеющая сталь с pvd покрытием; бренд: casio; материал корпуса: пластик; коллекция: базовая коллекция; цвет товара: золотой; название цвета: золотой, серый; форма: прямоугольник; страна-изготовитель: япония; диаметр корпуса, мм: 39; особенности часов: застежка с тремя звеньями; функции часов: будильник; стекло: пластик; тип индикации: арабские цифры; комплектация: часы, фирменная упаковка, инструкция, гарантийный талон.; упаковка: коробка; пол: ж…","бренд: casio; модель: a-500wga-9d; артикул производителя: a-500wga-9d; страна-производитель: япония; наименование модели: a-500wga-9d; пол: мужской; тип: наручные часы; стиль: повседневный; тип механизма: кварцевый; циферблат: цифровой; стекло: пластиковое; материал корпуса: пластик; материал браслета: сталь; цвет корпуса: золотистый; цвет браслета: золотистый; цвет циферблата: золотистый; размер, см: 3,9х3,4; особенности: подсветка; форма циферблата: прямоугольная; дополнительные функции: кале…",0.01191568,0.012267683,-0.025974025974025983,245,245,False,0.004187775,0.36363636363636365,0,0,1.0,0.0,0.0,0.0,0.07894736842105263
412316866211,85899457655,1.0,Продукты питания,макаронные изделия bottega del sole спагетти 500 г 5 шт,макаронные изделия bottega del sole фетучини 500 г 5 шт,"длина упаковки, см: 2.6; ширина упаковки, см: 7.9; высота упаковки, см: 27.0; вес упаковки, кг: 2.5; страна производства: россия","бренд: нет бренда; единиц в одном товаре: 30; максимальная температура: 29; минимальная температура: 21; срок годности в днях: 22; тип: макароны; вес товара, г: 500",0.011961961,0.037994523,0.22508038585209,62,62,False,0.0015214952,0.8181818181818182,0,0,0.0,0.0,0.0,0.0,0.0
438086765407,446676711127,1.0,Бытовая химия,"clever мыло жидкое клевер, канистра, 5 литров",мыло жидкое перламутровое ландыш 5 л,"бренд: clever; тип: жидкое мыло; объем, в миллилитрах: 5000; область применения: для лица; особенности состава: без парабенов; эффект: антибактериальный; тип кожи: для всех типов кожи; пол: женский; аромат: без аромата; особенности: крем-мыло; состав набора: жидкое мыло -1 шт; страна-производитель: россия; вид упаковки: пластиковая бутылка; код товара: 100025527150","артикул: 605714; бренд: aqualon; состав: очищенная вода, лауретсульфат натрия, хлорид натрия, этиленгликольдистеарат, диэтаноламид жирных кислот кокосового масла, лимонная кислота, парфюмерная композиция, 2-бром-2-нитропропан-1,3-диол.; форма выпуска мыла: жидкое мыло; тип: мыло хозяйственное",0.011996318,0.017933171,-0.0032154340836012887,184,184,False,0.001848313,0.4444444444444444,0,0,0.0,1.0,0.0,0.0,0.05555555555555555
678604971478,111669164622,1.0,Галантерея и аксессуары,солнцезащитные очки унисекс sf9416 dark,fila очки солнцезащитные,валюта: rub,"целевая аудитория: взрослая; артикул: fla-2sf9416510c03; бренд: fila; категория защиты линзы: 3 (18–8% светопропускания); коллекция: весна-лето 2021; цвет товара: синий; цвет линзы: синий; название цвета: matt blue; страна-изготовитель: китай; размер заушника, мм: 145; цвет оправы: темно-синий; материал оправы: биопластик; высота линзы, мм: 0; материал линзы: биопластик; ширина линзы, мм: 51; форма очков: квадратные; размер моста на переносице, мм: 23; комплектация: салфетка 1шт; футляр 1шт; оч…",0.012001433,0.022659522,0.10714285714285715,126,126,False,0.009311212,0.3333333333333333,0,0,0.0,0.0,0.0,1.0,0.0
171798835730,266288089170,1.0,Обувь,chicshoes / adidas campus 00s,кроссовки adidas campus,состав: замша; цвет: голубой; сезон: круглогодичный; лето; демисезон; материал подошвы обуви: резина; материал подкладки обуви: текстиль; материал стельки: текстиль; полнота обуви (eur): f (6); особенности модели: логотип; страна производства: вьетнам; валюта: rub; российский размер: 41,"целевая аудитория: взрослая; бренд в одежде и обуви: adidas; страна бренда: германия; коллекция: весна-лето 2024; цвет товара: лазурный; название цвета: campus-218-3; особенности модели: анатомическая стелька; материал стельки: эва (вспененный полимер)+текстиль; материал верха: натуральная кожа; российский размер: 44; сезон: на любой сезон; серия в одежде и обуви: campus; пол: мужской; вид застежки: шнурки; высота подошвы, см: 3; информация о размерах: модель идет размер в размер по eu размерам…",0.012145201,0.009169049,-0.046153846153846156,173,173,False,0.0044942712,0.4,0,0,0.0,1.0,0.0,0.0,0.0
137438975125,755914362551,1.0,Автотовары,ремонт сколов кузова (подкраска) + грунт комплект ford europe adag zinc/indian yellow 40 мл,kiwix / штрих корректор + грунт комплект skoda lha7 anthracite 40 мл,"альтернативные артикулы товара: adag-016911lg; сезон: на любой сезон; форма выпуска: готовый раствор; область применения: кузов; бренд: kiwix; страна-изготовитель: россия; комплектация: ремонт сколов кузова (подкраска) + грунт комплект ford europe adag zinc/indian yellow 40 ml; упаковка: коробка; партномер (артикул производителя): adag-016911lg; тип: средство для ремонта царапин; вид техники: внедорожники; объем, мл: 40",объем (мл): 40 ml; материал обработки: металл; пластик; время высыхания: 20 минут; срок годности: 24 мес; страна производства: россия; комплектация: маркер + грунт acura (акура) yr82m bahama gold 40 ml; вес товара с упаковкой (г): 150 g; артикул производителя: lha7-048827lg; длина упаковки: 3 cm; высота упаковки: 9 cm; ширина упаковки: 12 cm; валюта: rub,0.012269285,0.019504044,0.028481012658227847,184,184,False,0.006074141,0.2,0,0,0.0,1.0,0.0,0.0,0.045454545454545456
60129548383,438086689666,1.0,Автотовары,"автомобильная краска fixpaint spray bmw 4(f36), код цвета u21, название brilliant white, 2 аэрозольных баллончика по 520 мл, 1-й и 2-й слой","автомобильная краска fixpaint spray bmw 7(g11), код цвета w93, название frozen brilliant white metallic белый бриллиант металлик, в аэрозольном баллон","сезон: на любой сезон; форма выпуска: аэрозоль; область применения: кузов; бренд: fixpaint; название цвета: brilliant white, brilliantweiss; страна-изготовитель: россия; oem-номер: u21; комплектация: аэрозольный баллон, заправленный автоэмалью (первый слой), 520 ml - 1 шт.; -аэрозольный баллон, заправленный автоэмалью (второй слой), 520 ml - 1 шт.;- перчатки одноразовые- 1 пара; - инструкция по использованию - 1 шт.; упаковка: аэрозольный баллон; основа краски: базовая; партномер (артикул произ…","объем: 520 ml; эффект: металлик; тип: автохимия - краска-спрей, лак, краска автомобильная; химическая основа автоэмали: базовая; назначение: кузов, пластиковые элементы, восстановление, защита, обслуживание, универсальная применяемость, универсальное; форма выпуска: аэрозольный баллон; срок годности: 5 лет",0.012314734,0.032286014,0.28481012658227844,256,256,True,0.0022270419,0.29411764705882354,0,0,0.0,0.0,0.0,1.0,0.09090909090909091
609885391650,841813612159,1.0,Спорт и отдых,набор 20шт груз джиг с юбкой крючки gamakatsu крюк 4/0 10г,top gruzilo / набор 15шт груз джиг с юбкой крючки gamakatsu крюк 4/0 10г,"бренд: top-gruzilo; страна-изготовитель: россия; материал: свинец; количество упаковок, шт: 1; вес одной шт., г: 10; количество, шт: 20; тип: грузило; вес товара, г: 200",валюта: rub,0.012481991,0.036836058,0.20666666666666664,78,78,False,0.00048143324,0.75,1,1,0.0,0.0,0.0,0.0,0.0
77309549731,180388723628,1.0,Спорт и отдых,"пижон сумка-переноска каркасная ""медведи на черном фоне"", размер l, 52 х 28 х 28 см 7984424","сумка-переноска каркасная ""плюшевые медведи"", размер s, 37 х 15 х 22 см","цвет товара: коричневый; тип: переноска; тип переноски: сумка; вид животного: грызуны, кошки, собаки; размер животного: малый, средний; предельная нагрузка: 2 kg; вес: 0.54 kg; материал: пвх, текстиль; особенности конструкции: водонепроницаемая ткань, сетка, сфера для обзора, жесткое дно с карабином походная легко мыть складывается сетка, повседневная; длина: 52 cm; ширина: 28 cm; высота: 28 cm; назначение: универсальная; дополнительная информация: медведи медвежата анималистичный;застежка молн…",бренд: lisik.; страна-изготовитель: китай; тип: сумка для переноски чучел,0.012495291,0.023789851,-0.033333333333333326,201,201,False,0.0052708723,0.35,1,1,0.0,0.0,0.0,0.0,0.0
712964599731,833223781094,1.0,Строительство и ремонт,раковина для ванной wellsee cerulean в наборе 9 в 1 201006774,"раковина для ванной wellsee cerulean 201006754 в наборе 9 в 1: раковина белого глянцевого цвета, смеситель, сифон, выпуск, угловые вентили, аксессуары (цвет набора розовое золото)",расположение смесителя: посередине; отверстие для перелива: есть; кол-во отверстий под смеситель: 1; диаметр сливного отверстия: 45 mm; количество чаш: 1 шт; монтаж раковины: накладная; материал раковины: фаянс; ширина раковины: 600 mm; глубина раковины: 435 mm; высота раковины: 185 mm; покрытие: водоотталкивающее/устойчивое к царапинам; полотенцедержатель: да; для людей с ограниченными возможностями: нет; расположение крыла: без крыла; поверхность: глянцевая; донный клапан: нет; стиль: совреме…,"бренд: wellsee; минимальный размер тумбы: 60 cm; покрытие: глянцевое; цвет товара: светло-розовый; название цвета: розовое золото; форма: нестандартная; страна-изготовитель: польша; глубина, см: 43.5; диаметр слива, мм: 45; особенности: перелив; высота, см: 18.5; количество предметов в комплекте: 9; комплектация: 1 х керамическая раковина с клапаном на отверстие слива, арт. 151001000 (размер 60*43 cm, цвет глянцевый белый); 1 x декоративная заглушка на отверстие перелива раковины (цвет хром); 1…",0.012725042,0.008992547,-0.21476510067114096,256,256,True,0.00049068686,0.375,1,0,0.0,0.0,0.0,0.0,0.06976744186046512
824633774140,120259196360,1.0,Музыкальные инструменты,"напольная подставка для гитары из дерева с гравировкой магия (волшебство, луна, солнце) - 295",подставка для гитары бруталити из дерева с гравировкой гитара - 226,"бренд: бруталити; цвет товара: черный; образец цвета: https://cdn1.ozone.ru/s3/multimedia-5/6440278385.jpg; назначение муз. аксессуара: для электрогитары; комплектация: стойка для гитары - 1 шт.; количество в упаковке, шт: 1; тип: стойка для инструмента","бренд: бруталити; артикул производителя: wingsguitarstand-og-051022-0058; назначение: для акустических гитар; вид стойки: а-образная; материал: дерево; месторасположение: напольное; для нескольки гитар: нет; количество вмещаемых гитар: 1; вес, кг: 0.3; код товара: 600016228651",0.012813315,0.037493,0.3317865429234339,150,150,False,0.009934151,0.4375,0,0,0.0,0.0,0.0,0.0,0.13333333333333333
798863964305,446676733802,1.0,Аптека,alcon / контактные линзы dailies aquacomfort plus 30 / 8.7 / -2.00,"alcon астигматические линзы dailies aquacomfort plus toric_160_-1.25, 30 шт., -2.00 / 8.8/-1.25/160, 1 день",состав: гидрогель; тип линз: прозрачные; режим ношения: дневной; коэффициент пропускания кислорода: 26 dk/t; страна производства: сша; влагосодержание: 69 %; количество предметов в упаковке: 30 шт.; режим замены: 1 день; радиус кривизны: 8.7; оптическая сила: -2; диаметр мкл: 14 mm; комплектация: контактные линзы - 30 шт.; валюта: rub,"ось (axis): 160; бренд: alcon; цилиндр (cyl): -1.25; цвет товара: прозрачный; страна-изготовитель: сша; особенности контактных линз: гидрогель; радиус кривизны: 8.8; материал контактных линз: незофилкон а; режим ношения: дневной; количество в упаковке: 30; оптическая сила: -2.00; кислородопропускание, dk/t: 26; дней до замены: 1 день; тип: астигматические линзы; влагосодержание, %: 69",0.012815839,0.00969318,-0.05844155844155852,161,161,False,0.003487357,0.5,2,0,0.0,0.0,0.0,0.0,0.16666666666666666
17180018813,352187342411,1.0,Музыкальные инструменты,d'addario rgc10asx300,rico rgc10ssx350 - трости для саксофона сопрано - 3.5 (10шт),бренд: d'addario; страна-изготовитель: сша; вид музыкального аксессуара: трость; тип: аксессуар для духовых,тип комплектующей: трость; назначение: саксофон; вид инструмента: саксофон; особенности: шлифованный верхний слой; маркировка трости: 3.5; количество в упаковке: 10 шт.,0.012842389,0.02631347,0.1136890951276102,87,87,False,0.0014840057,0.0,0,0,1.0,0.0,0.0,0.0,0.125
77309449968,274878034678,1.0,Спорт и отдых,воблер osko evil floating 11 см / цвет 83 (3.5-4.0 м),osko / воблер ofe09-83 evil fl,"бренд: osko; цвет товара: салатовый; название цвета: 83; страна-изготовитель: польша; мин. заглубление, м: 3.5; плавучесть: плавающий (floating); длина, см: 11; макс. заглубление, м: 4.0; количество упаковок, шт: 1; комплектация: воблер- 1 шт.; кол-во в комплекте, шт: 1; единиц в одном товаре: 1; тип: воблер; вид ловли воблером: троллинг; вид воблера: шэд (shad); вес, г: 38","плавучесть: быстро всплывающий (fast floating); длина предмета: 9 cm; максимальное заглубление: 2,5-3,5 м; минимальное заглубление: 2,5 м; страна производства: польша; комплектация: воблер 1 шт; валюта: rub",0.012932859,0.027416186,0.03999999999999998,116,116,False,0.0060695894,0.26666666666666666,1,1,0.0,0.0,0.0,1.0,0.05
481036386785,420906911874,1.0,Бытовая химия,"гель master fresh gold black для стирки черного белья 2,75 л","master fresh гель для стирки концентрат 2,75л gold 45стирок universal 3шт","бренд: master fresh; объем, л: 2.75; вес, кг: 2.75; условия хранения: хранить в сухом прохладном месте. беречь от детей.; назначение средства: для черных и темных тканей; страна-производитель: турция; эффект: ароматизирующий; восстановление цвета; смягчающий; сохранение цвета; количество стирок: 45; особенности: без особенностей; вид упаковки: бутылка; тип средства: жидкость для стирки; аромат: нейтральный; состав: 30% вода; 5%, но 15% апав; 5%: хлорид натрия, нпав, парфюмерная композиция, сили…","бренд: master fresh; состав: ≥ 30 % вода; ≥ 5 %, но < 15 % апав; < 5 %: хлорид натрия, нпав, парфюмерная композиция, силиконовый пеногаситель, замутнитель, лимонная кислота, оптический отбеливатель, консервант; страна-изготовитель: россия; форма выпуска средства: гель; вид стирки: автоматическая; число стирок: 135; упаковка: пластиковая бутылка; единиц в одном товаре: 3; размер упаковки (длина х ширина х высота), см: 28,5*57*35; тип: жидкое средство для стирки; объем, мл: 8250; назначение средс…",0.0129994545,0.028278181,0.09324758842443731,256,256,True,0.006431156,0.5625,0,0,0.0,0.0,0.0,1.0,0.07407407407407407
180388735486,747324354262,1.0,Мебель,"комплект мебели для ванной комнаты с раковиной wellsee genuine tree 201015648: столешница, раковина, встраиваемый смеситель, сифон, донный клапан, аксессуары (цвет набора золото)",комплект мебели для ванной комнаты wellsee genuine tree с раковиной 201015728,"артикул: 201015648; расположение: настенная; бренд: wellsee; цвет товара: белый; название цвета: золото; образец цвета: https://cdn1.ozone.ru/s3/multimedia-h/6472033349.jpg; страна-изготовитель: польша; глубина, см: 50; форма поставки: в собранном виде; материал фасада: влдсп; высота, см: 10; исполнение: деревянное; вид крепления: подвесное; вид выпуска товара: фабричное производство; материал корпуса: влдсп; количество предметов в комплекте: 9; комплектация: 1 x cтолешница для раковины, арт. 1…",расположение смесителя: нет; отверстие для перелива: нет; кол-во отверстий под смеситель: нет; диаметр сливного отверстия: 45 mm; количество чаш: 1 шт; монтаж раковины: накладная; форма раковины: круглая; цвет раковины: белый; материал раковины: керамика; ширина раковины: 400 mm; глубина раковины: 400 mm; высота раковины: 110 mm; покрытие: антибактериальное/водоотталкивающее/глазурь; полотенцедержатель: нет; для людей с ограниченными возможностями: нет; расположение крыла: без крыла; поверхност…,0.013144642,0.007737137,-0.2920353982300885,256,256,True,0.002274586,0.43478260869565216,0,0,0.0,0.0,0.0,0.0,0.07407407407407407
395137147648,163208899284,1.0,Товары для животных,"лакомство для собак ""деревенские лакомства"", крылышки куриные, 2 уп.по 50 гр. ","деревенские лакомства лакомство для собак гребешки куриные, 50 г, 2 уп","возраст животного: для взрослых; размер животного: крупный; бренд: деревенские лакомства; состав: крыло куриное, пищевой глицерин, кукурузный крахмал, соль.; страна-изготовитель: китай; особенности: без гмо; вид лакомства: кусочки; основной ингредиент: птица; вкус корма для животных: птица; комплектация: 2 пакета лакомства; упаковка: пакет; предназначено для: для собак; количество лакомств в одной упаковке: 2; единиц в одном товаре: 2; срок годности в днях: 540; условия хранения: в сухом прохла…","бренд: деревенские лакомства; тип: кусочки; размер породы: крупная, малый, средняя; возраст: для взрослых; вкус: птица; особенности: без гмо; общий вес: 100 g; упаковка: пластиковый пакет; состав: гребешок куриный, пищевой глицерин, кукурузный крахмал, соль.; энергетическая ценность: 455; дополнительная информация: в сухом прохладном месте; срок годности: 1 g.",0.01326875,0.017600872,-0.07210031347962383,217,217,False,0.0014816355,0.7692307692307693,0,0,0.0,0.0,0.0,0.0,0.2608695652173913
850403606181,197568614985,1.0,Товары для животных,"alphapet wow superpremium / сухой корм альфапет для стерилизованных кошек индейка потрошки, 750 г","alphapet / wow superpremium для кошек цыпленок, 750 г.","возраст животного: для взрослых; размер животного: малый; артикул: 42002; бренд: alphapet; порода кошки: для любой породы; состав: мясные ингредиенты 44,5%, в том числе свежее мясо 10% (индейка, свиные субпродукты), дегидрированное мясо домашней птицы 32%, пшеница, рис 15%, сушеная мякоть сахарной свеклы, животный жир, гидролизованная куриная печень, желтый горошек, витаминно-минеральная смесь, пивные дрожжи, рыбий жир, комплекс alphapetbio® (зеленогубый моллюск, календула, одуванчик, льняное с…","состав: цыпленок:мясные ингредиенты 44,5%, в том числе свежее мясо 10% (цыпленок, свиные субпродукты); дегидрированное мясо домашней птицы 32%, пшеница,рис 15%, сушеная мякоть сахарной свеклы; животный жир, гидролизованная куриная печень, витаминно-минеральная смесь, пивные дрожжи; рыбий жир,комплекс alphapetbio (зеленогубый моллюск, календула, одуванчик, льняное семя, цикорий; клюква, юкка шидигера, розмарин), таурин,dl-метионин; антиоксидант.; количество предметов в упаковке: 1; вес товара бе…",0.013419503,0.017954618,-0.06896551724137931,256,256,True,0.0046089785,0.5,0,0,0.0,0.0,0.0,0.0,0.10344827586206896
755914276266,721554612224,1.0,Музыкальные инструменты,dasmax / mrгк-2 чехол для классической гитары 4/4,"martin romas гк-2bl - чехол для классической гитары  цвет - голубой, утепленный",цвет: синий; вид застежки: молния по всей длине; материал изделия: полиэстер; вид чехла: для классической гитары; особенности чехла: лямки рюкзачного типа; теплый - 5 mm; карманы: наружный на молнии; страна производства: россия; комплектация: один чехол; длина упаковки: 35 cm; высота упаковки: 4 cm; ширина упаковки: 35 cm; валюта: rub,"бренд: martin romas; страна-изготовитель: китай; материал муз. инструмента/аксессуара: полиэстер; назначение муз. аксессуара: для классической гитары; тип: чехол для музыкального инструмента; вес товара, г: 500",0.013628273,0.022391109,0.030162412993039442,133,133,False,0.0022006817,0.26666666666666666,0,0,1.0,0.0,0.0,0.0,0.13333333333333333
283467951806,60129633762,1.0,Музыкальные инструменты,цифровое пианино rockdale toccata rosewood,"цифровое пианино kurzweil ka150 wh, 88 молоточковых клавиш, полифония 68, цвет белый","цвет товара: палисандр; тип: цифровое пианино; количество клавиш: 88; жесткость клавиатуры: взвешенная; молоточковая механика: есть; размер клавиш: полноразмерные; педали: встроенные; корпус: классический; встроенная акустическая система: есть; ширина: 1375 mm; высота: 810 mm; глубина: 420 mm; вес: 42 kg; функции и опции: запись песен, метроном, обучение, реверберация, транспонирование; количество тембров: 26; полифония: 512; количество стилей автоаккомпанемента: 10; количество эффектов: 3; кол…","бренд: kurzweil; цвет товара: белый; страна-изготовитель: южная корея; размеры, мм: 1380х867х497; особенности: встроенная акустическая система; функции: метроном; интерфейсы: usb; количество клавиш, шт.: 88; размер клавиш: полноразмерные; жесткость клавиатуры: взвешенная; версия ос: windows; комплектация: цифровое пианино kurzweil ka150 wh, адаптер питания, документация; количество пэдов, шт.: 0; полифония: 68; вид питания: от сети 220в; звуковые эффекты: reverb; тембры: 128; тип: цифровое форт…",0.013656259,0.011929358,-0.0951276102088167,256,256,True,0.012734364,0.13333333333333333,0,0,0.0,0.0,0.0,1.0,0.07894736842105263
412316868627,506806229838,1.0,Электроника,"hiwatch ds-t101 (2.8 mm), 1 мп купольная hd-tvi видеокамера с ик-подсветкой до 20м",hiwatch / камера hd-tvi 2mp dome ds-t201(b) 2.8mm,"бренд: hiwatch; цвет товара: белый; тип связи: проводной; страна-изготовитель: китай; степень защиты: ip67; дальность ик-подсветки, м: 20; ик-подсветка: есть; место установки камеры: внутренняя; макс. температура эксплуатации, с°: 40; мин. температура эксплуатации, °с: 20; общее количество пикселей: 1 мпикс; выходное напряжение, в: 12; качество видео: 1280×720 hd; конструкция камеры: купольная; тип матрицы: cmos 1/4""; тип: камера видеонаблюдения; гарантийный срок: 12 месяцев","модель: ds-t201(b) 2.8 mm; угол обзора камеры: 103 градусов; разрешение (видео): 1920 х 1080; формат сжатия видео: mjpeg; размер матрицы: 1/2.7""; тип матрицы: cmos; питание: 12vdc; страна производства: китай; комплектация: камера - 1 шт.; максимальный уровень звука/шума: 62 дб; материал корпуса: пластик; высота предмета: 6.54 cm; глубина предмета: 9.8 cm; ширина предмета: 9.8 cm; вес без упаковки (кг): 0.24 kg; длина упаковки: 15 cm; высота упаковки: 10 cm; ширина упаковки: 15 cm; валюта: rub",0.013757257,0.014486959,-0.07125307125307125,187,187,False,0.0027469425,0.3181818181818182,0,0,1.0,0.0,0.0,0.0,0.03125
670015054496,25769893716,1.0,Продукты питания,чай черный greenfield golden ceylon 100г х 2шт,чай черный листовой greenfield golden ceylon (гринфилд голден цейлон) 100г (комплект 20 шт.) 6003516,"бренд: greenfield; условия хранения: хранить в сухом прохладном месте, при относительной влажности воздуха не более 75%; состав: чай; страна-изготовитель: россия; единиц в одном товаре: 2; максимальная температура: 20; минимальная температура: 0; срок годности в днях: 1095; тип: чай листовой; вес товара, г: 100",бренд: greenfield; вид чая: черный; форма выпуска: листовой,0.013819428,0.028443612,0.11897106109324757,101,101,False,0.004173928,0.4117647058823529,1,1,0.0,0.0,0.0,0.0,0.08333333333333333
833223773324,266287990859,1.0,Товары для животных,"сухой диетический корм для собак мелких пород hill's prescription diet i/d stress mini digestive care при расстройствах желудочно-кишечного тракта вызванных стрессом, с курицей 2шт по 1 кг","hill's / корм для собак малых пород, при расстройствах жкт курица 1кг","возраст животного: для взрослых; размер животного: малый; артикул: 606379; бренд: hill's; порода кошки: для любой породы; состав: злаки, мясо и производные животного происхождения, экстракты растительного белка, семена, производные растительного происхождения, масла и жиры, минералы, овощи, молоко и продукты молочного происхождения. легкоусваиваемые ингредиенты: рис, кукурузный крахмал, мука из кукурузного глютена, мука из мяса птицы, растительное масло, животный жир. источник пребиотических во…",состав: мясо курицы; рис; индейка; овощи; витамины; жирные кислоты; количество предметов в упаковке: 1 шт.; вес товара без упаковки (г): 1000 g; назначение корма: диетический; с заболеваниями жкт; с чувствительным пищеварением; вид вкуса корма: птица; основной вкус корма: курица; рис; индейка; вид животного: для собак; размер животного: для мелких пород; возраст животного: взрослые; пожилые; класс корма: премиум; срок годности: 18 мес; страна производства: нидерланды; вес товара с упаковкой (г)…,0.014119022,0.009167281,-0.1128526645768025,256,256,True,0.003943703,0.30303030303030304,1,1,0.0,0.0,0.0,0.0,0.08108108108108109
566935828581,85899446507,1.0,Электроника,дизайнерский силиконовый чехол для tecno spark 20 pro амонг ас обои,tecno / чехол на tecno spark 20 pro/текно спарк 20 про,код продавца: 82867_71_print_21880; бренд: 100gadgets; цвет товара: разноцветный; название цвета: амонг ас обои; вид чехла: накладка; тип: чехол для смартфона,"комплектация: чехол на tecno spark 20 pro/текно спарк 20 про - 1шт.; тип чехлов: силиконовый защитный бампер; совместимость: текно спарк 20 про; tecno spark 20 pro; материал изделия: силикон; тпу; полиуретан; цвет: вишнево-красный, бордово-фиолетовый, глубокий коричневый; декоративные элементы: принт; вид застежки: без застежки; особенности чехла: противоударный; чехол с напечатанным принтом; страна производства: китай; вес товара с упаковкой (г): 25 g; длина упаковки: 16 cm; высота упаковки: 1…",0.014241369,0.015460778,-0.061425061425061406,194,194,False,0.0033300444,0.3333333333333333,0,0,0.0,0.0,0.0,0.0,0.0
558345896211,566935766969,1.0,Спорт и отдых,"батут atlas sport pro, 312см, 10 ft, оранжевый",батут atlas sport pro 252 см 8ft orange 2071000482514,"артикул: 29718; бренд: atlas sport; цвет товара: оранжевый; название цвета: оранжевый; страна-изготовитель: китай; диаметр батута, см: 312; расположение защитной сетки: внешняя; материал прыжковой поверхности: перматрон; гарантия: гарантия производителя; макс. нагрузка, кг: 150; кол-во пружин, шт: 60; комплектация: батут 1 шт; материал защитной сетки: нейлон; материал опор: оцинкованная сталь; особенности батута: защитная сетка; форма батута: круг; тип: батут каркасный; вес, кг: 48","форма: круг; максимальная нагрузка: 120 kg; материал: сталь, полипропилен, pvc; цвет: оранжевый; высота основания: 550 mm; высота защитного ограждения: 1500 mm; ширина прыжковой поверхности: 2520 mm; длина прыжковой поверхности: 2520 mm; высота: 2050 mm; длина: 2520 mm; ширина: 2520 mm; габариты без упаковки: 2050x2520 мм; вес нетто: 36 kg; единица товара: штука; вес, кг: 36,00; длина, мм: 1320; ширина, мм: 530; высота, мм: 180",0.014456044,0.020962862,-0.11,172,172,False,0.0032696594,0.38461538461538464,1,1,0.0,0.0,0.0,0.0,0.06666666666666667
635655273060,446676673761,1.0,Спорт и отдых,фонарь светодиодный аккум. налобный li-po 3вт cob зарядка от 220в космос koc-lipoh3wcob (7шт.),фонарь светодиодный аккум. налобный li-po 3вт cob зарядка от 220в космос koc-lipoh3wcob (9шт.в упак.),тип: налобный фонарь; источник света: светодиоды; тип питания: встроенный аккумулятор; гарантийный срок: 1 g.,"комплектация элементом питания: не входит в комплект; бренд: космос; формат (типоразмер) элементов питания: батареи/аккумуляторы тип aa; оттенок света: теплый белый; тип: кемпинговый фонарь; вес товара, г: 100",0.014554065,0.035640333,0.12333333333333332,140,140,False,0.005643201,0.7894736842105263,1,1,0.0,0.0,0.0,0.0,0.0
8590083577,678604962657,1.0,Галантерея и аксессуары,"сима-ленд рюкзак на молнии, наружный карман, 2 боковых кармана, цвет фуксия",рюкзак,"цвет товара: розовый; линейка: базовая коллекция; тип: рюкзак; размеры (вxш): 40x10 см; минимальный возраст: 5 лет; возрастная группа: дошкольники, начальная школа, средняя и старшая школа; особенности: ортопедический, мягкая спинка; специальные отделения: внешние карманы, боковой карман для бутылки воды; материал: текстиль; застежка: молния; вес: 0.35 kg; комплектация: товар в фабричной упаковке; дополнительная информация: оттенок данного товара может незначительно отличаться от фото/видеоизоб…","целевая аудитория: взрослая; бренд: нет бренда; коллекция: базовая коллекция; цвет товара: красный; название цвета: красный; страна-изготовитель: китай; глубина, см: 12; высота, см: 40; материал: текстиль; пол: женский; тип: рюкзак; тип застежки: молния; вес товара, г: 600; ширина, см: 29",0.014590246,0.025586745,0.11038961038961037,195,195,False,0.0065169837,0.08333333333333333,0,0,0.0,0.0,0.0,0.0,0.17391304347826086
695784751110,644245159731,1.0,Музыкальные инструменты,пластик для барабана evans b12ecsrd,"ec reverse dot пластик для малого, том и тимбалес барабана 10"", evans b10ecsrd","цвет товара: белый; тип: пластик; количество в наборе: 1 шт.; диаметр: 12""; количество слоев: 1; резонансный: есть; особенности: с усиленным центром; покрытие: прозрачное; толщина пластика: 7 мил",бренд: evans; назначение муз. аксессуара: для барабана; тип: аксессуар для ударных,0.014632332,0.023261879,0.027842227378190254,89,89,False,0.002304459,0.2857142857142857,0,0,1.0,0.0,0.0,0.0,0.0
506806273395,154618914101,1.0,Автотовары,"маркер с краской color1 для volkswagen, цвет ll5g - tuerkisblau","маркер с краской color1 для volkswagen, цвет ld5u - hellblau","вес: 0.06 kg; цвет товара: tuerkisblau; тип: автоэмаль; назначение: бампер, колесные диски, кузов; форма выпуска: карандаш; дополнительная информация: не требует печной сушки.; срок годности: 365 дн.","сезон: на любой сезон; форма выпуска: готовый раствор; область применения: кузов; бренд: color1; название цвета: hellblau; образец цвета: https://cdn1.ozone.ru/s3/multimedia-d/6658447225.jpg; страна-изготовитель: россия; комплектация: маркер с краской и маркер с лаком; упаковка: картонная коробка; единиц в одном товаре: 1; тип: средство для ремонта царапин; вид техники: легковые автомобили; объем, мл: 20",0.014705456,0.019291013,-0.006329113924050639,165,165,False,0.0032693427,0.6363636363636364,0,0,0.0,0.0,0.0,0.0,0.0
678604962813,850403665102,1.0,Бытовая химия,"""жидкая кожа"", бежевый, блистер, 20 мл","без бренда ""жидкая кожа"", черный, 20 мл","целевая аудитория: взрослая; бренд: нет бренда; состав: >30% вода; >15%, но <30% - алифатические углеводороды (бутан, изобутан, пропан); >5%, но <15% - углеводородный растворитель; <5%: силиконы, неионогенное поверхностно-активное вещество (нпав), воск, нитрит натрия, отдушка.; тип: средство чистящее для мебели",цвет товара: черный,0.01486217,0.030115042,0.08681672025723472,135,135,False,0.011331235,0.4444444444444444,0,0,0.0,0.0,0.0,0.0,0.0
154618931947,257698082477,1.0,Бытовая химия,"synergetic средство для мытья посуды ""лимон"",500 мл, 2 штуки","synergetic / средство для мытья посуды сочный лимон, 500мл","назначение моющего, чистящего средства: для посуды; артикул: fr-syne0001-0500-2-fr19p26; бренд: synergetic; состав: а-тензиды 5 - 15% (растительного происхождения), глицерин, натуральный экстракт лимона, пищевой краситель.дистиллированная вода ˃30%, а-тензиды ( растительного происхождения ) 5-15%, н-тензиды ( на основе глюкозы ) ˂5%, глицерин (glycerol) ˂5%, парфюмерная композиция «лимон» ( масла: лимона, лемонграсса, лайма), пищевой краситель (тартразин).; страна-изготовитель: россия; форма вы…",состав: глицерин; а-тензиды; н-тензиды; лайма масло; лемонграсса эфирное масло; лимона масло; вода подготовленная; петитгрейна эфирное масло; померанца горького экстракт; пищевой краситель тартразин; объем товара: 1000 ml; срок годности: 24 месяца; 2 года; 730 суток; тип средства: синергетик для посуды; synergetic для посуды; гель для мытья посуды; страна производства: россия; цвет: лимонно-желтый; вес с упаковкой (кг): 1.1 kg; комплектация: средство для мытья посуды моющее средство; длина упак…,0.014964066,0.019844107,-0.0064308681672025705,256,256,True,0.0009209728,0.7272727272727273,0,0,0.0,0.0,0.0,0.0,0.041666666666666664
687194774174,103079237348,1.0,Дом и сад,"термокружка ""визави"", 380 мл, 12 х 17 см, микс","comfort термокружка, 400 мл, комфорт ""визави"", 12 х 17 см, красная","артикул: 5377410; бренд: promarket; страна-изготовитель: китай; тип: термокружка; объем, л: 0.38; вес товара, г: 182; сохраняет холод до, ч: 1; сохраняет тепло до, ч: 1",,0.015011015,0.010726186,-0.13732394366197184,64,64,False,0.00367813,0.5384615384615384,2,1,0.0,0.0,0.0,0.0,0.0
42949769172,506806250754,1.0,Электроника,"aoc 24"" монитор 24g2ze, черный","27"" монитор aoc черный 165hz 1920x1080 ips","бренд: aoc; цвет товара: черный; страна-изготовитель: китай; макс. частота обновления, гц: 240; соотношение сторон: 16:9; комплектация: кабель hdmi; диагональ экрана, дюймы: 24; время отклика, мс: 1; разрешение: 1920×1080 full hd; тип: монитор; стандарт крепления vesa: 100x100 мм; гарантийный срок: 12 месяцев","бренд: aoc; артикул производителя: 27g2spu; назначение: игровой; диагональ, в дюймах: 27; разрешение: 1920x1080; тип матрицы: ips; частота обновления, гц: 165; время отклика, в мс: 1; яркость, в кд/м?: 350; контрастность: 1000:1; формат: 16:9; изогнутый экран: нет; тип подсветки: led; покрытие экрана: матовое; угол обзора по горизонтали, в градусах: 178; угол обзора по вертикали, в градусах: 178; разъемы видео: hdmi - 2; разъемы usb: отсутствуют; выход на наушники: да; технология защиты зрения:…",0.015189491,0.023587128,0.012285012285012276,174,174,False,0.00023372564,0.3,0,0,1.0,0.0,0.0,0.0,0.12121212121212122
455266673977,738734470443,1.0,Продукты питания,wowman / набор crazy box чай ройбуш+улун те гуань инь,подарочный набор wowman crazy box чай ройбуш классический/улун медовая дыня/чай с бергамотом классический,"вкус: классический,классический,кокос; вес товара без упаковки (г): 300 g; вид чая: зеленый; улун; черный; форма выпуска напитка: рассыпной; листовой; особенности продукта: без гмо; без консервантов; натуральный; срок годности: 24 мес.; максимальная температура хранения: +25°с; минимальная температура хранения: 0 °c; страна производства: китай; комплектация: драже - 1 шт.; чай ройбуш классический 200 g - 1 шт.; чай улун те гуань инь 100 g - 1 шт.; чай улун кокосовый - 1 шт.; длина упаковки: 16 …","бренд: wowman; условия хранения: хранить при температуре от 0°с до +25°с и относительной влажности воздуха не более 75%; состав: ройбуш 200 g - 1 шт. улун дыня 100 g - 1 шт. чай с бергамотом 100 g - 1 шт.; страна-изготовитель: россия; свойства чая: бодрящий; особенности напитков, продуктов питания: натуральный продукт; не содержит: без гмо; упаковка: дой-пак; единиц в одном товаре: 3; максимальная температура: 25; минимальная температура: 0; срок годности в днях: 730; сорт чая: ройбуш; вкус/доб…",0.015198014,0.01894132,-0.04823151125401931,256,256,True,0.0010519568,0.4375,0,0,0.0,0.0,0.0,0.0,0.0
214748394604,163208810704,1.0,Автотовары,nexen roadian htx rh5 шины летние 225/75  r16 115q,шины nexen roadian htx2 225/70 r16 103t,"бренд: nexen; диаметр, дюймы: 16; индекс нагрузки: 115; количество, штук: 1; oem-номер: 12685; партномер (артикул производителя): 12685; runflat: нет; сезонность: лето; серия: roadian htx rh5; индекс скорости: q; тип протектора: дорожный; тип: шины для легковых автомобилей; высота профиля, %: 75; ширина профиля, мм: 225","бренд: nexen; серия: roadian htx2; артикул производителя: nxk18478; модель: roadian htx2; сезонность: всесезонная; конструкция каркаса: радиальная; ширина профиля, в миллиметрах: 225; высота профиля, в процентах: 70; диаметр, в дюймах: 16; индекс скорости: t (до 190 км/ч); индекс нагрузки: 103; шипы: нет; способ герметизации: бескамерная; технология runflat: нет; индикатор износа: да; вес, в килограммах: 14.2; код товара: 600014801362",0.015237678,0.015547879,-0.06645569620253164,145,145,False,0.0071909055,0.38461538461538464,2,0,0.0,1.0,0.0,0.0,0.16666666666666666
850403549022,764504231527,1.0,Товары для животных,"nobrand туалет глубокий с сеткой 36 х 26 х 9 см, синий","туалет глубокий с сеткой 36х25х9 см, голубой","бренд: nobrand; артикул производителя: 1430476; тип товара: лоток; форма лотка: прямоугольный; высота борта: с низким бортом; комплектация: лоток; цвет: синий; цвет производителя: синий; материал: пластик; длина, в сантиметрах: 36; ширина, в сантиметрах: 26; высота, в сантиметрах: 9; код товара: 100045816064","бренд: noname; цвет товара: голубой; страна-изготовитель: россия; размеры, мм: 360х250х90; высота, см: 9; особенности туалета: с решеткой; материал: abs пластик; комплектация: лоток 36х25х9 см, 1 штука; предназначено для: для кошек; тип туалета: открытый; вес товара, г: 381",0.015394047,0.028502157,0.06583072100313478,131,131,False,0.005046594,0.2857142857142857,0,0,0.0,0.0,0.0,1.0,0.047619047619047616
85899457403,151200,1.0,Строительство и ремонт,"teymi комплект teymi: раковина ellie 60 + смеситель potato высокий, сатин f06969","комплект teymi: раковина ellie 60 + смеситель potato высокий, сатин f07149","модель: ellie f06969; артикул производителя: f06969; бренд: teymi; тип раковины: накладная; форма раковины: нестандартная; диаметр сливного отверстия, в дюймах: 1 3/4; количество отверстий под смеситель: 0; ширина чаши, см: 59; материал раковины: фарфор; цвет раковины: белый; управление: рычажное; механизм: керамический картридж; материал смесителя: нержавеющая сталь; поверхность: глянцевая; цвет смесителя: серебристый; тип пьедестала: полупьедестал для раковины; форма пьедестала: нестандартная…","бренд: teymi; покрытие: глянцевое; цвет товара: хром; название цвета: ellie 60 + смеситель; образец цвета: https://cdn1.ozone.ru/s3/multimedia-o/6768379428.jpg; форма: треугольник; страна-изготовитель: финляндия; глубина, см: 39; диаметр слива, мм: 45; высота, см: 13; комплектация: раковина, смеситель, документация; материал: фарфор; тип: раковина; гарантия: 10 лет; ширина, см: 59; крыло: отсутствует; число основных чаш: 1; установка: накладная",0.015433649,0.014407066,-0.18120805369127518,246,246,False,0.0010680109,0.8181818181818182,0,0,1.0,0.0,0.0,0.0,0.13157894736842105
773094138586,790274125558,1.0,Автотовары,штатная магнитола teyes cc2 plus 4/64 hyundai santa fe 2 (2006-2012),штатная магнитола teyes spro plus 4/64 nissan qashqai 2 (2013-2021) f2 климат контроль тип-c,"bluetooth: да; бренд: teyes; количество ядер: 8; модель тс: santa fe; совместимые платформы: android; страна-изготовитель: китай; диагональ экрана: 9""; количество встроенной памяти, гб: 64; особенности: ос android; навигационные системы: gps; комплектация: полный комплект для установки - планшет, рамка, проводка (can - при необходимости); партномер (артикул производителя): 1474cc2plus4-9; оперативная память, гб: 4; разрешение экрана: 1280x720; особенности экрана: сенсорное управление; тип экран…","поддержка sim-карты: есть; процессор: unisoc ums512, ядра: 8; усилитель: есть; gps: есть; глонасс: есть; напряжение питания: 12 в; rds: есть; эквалайзер: есть; количество полос эквалайзера: 16; тип интерфейса cd-ченджера: нет; типоразмер: 2 din; марка автомобиля: nissan; модель автомобиля: nissan qashqai+2; ширина: 300 mm; высота: 200 mm; вес: 2100 g; подробная комплектация: салфетка; крепление на салазках: есть; встроенная память: есть; объем встроенной памяти: 64 gb; объем оперативной памяти:…",0.015460946,0.011051151,-0.08227848101265824,227,227,False,0.0021372205,0.30434782608695654,2,0,0.0,1.0,1.0,0.0,0.027777777777777776
764504252495,730144515823,1.0,Спорт и отдых,ninebot by segway / электросамокат ninebot kickscooter f25e,acer электросамокат aes103,"модель: kickscooter f25e; цвет: серый; материал рамы/основания: алюминий; страна производства: китай; максимальный рост: 200 cm; нагрузка максимальная: 100 kg; максимальная скорость: 25 км/ч; мощность устройства: 250 w; емкость аккумулятора: 7650 мач; тип тормоза: ручной дисковый; время зарядки: до 3,5 часов; диаметр колес (дюймы): 10 дюймов; питание: собственный аккумулятор; количество колес: 2 шт.; комплектация: зарядное устройство; электросамокат; документация; вес без упаковки (кг): 15 kg; …","бренд: acer; емкость аккумулятора, мач: 10000; время полной зарядки, часов: 4.500000000000000000000000001; цвет товара: черный; название цвета: черный; страна-изготовитель: китай; материал рамы: алюминий; макс. нагрузка, кг: 120; мощность, вт: 350; особенности самоката: складной; максимальная скорость, км/ч: 25; тип: электросамокат; гарантийный срок: 12 мес.; вес товара, г: 13000; вес, кг: 13",0.015647944,0.0141378,-0.17,167,167,False,0.01353254,0.125,0,0,0.0,0.0,0.0,1.0,0.05714285714285714
558345849063,781684123553,1.0,Музыкальные инструменты,"dunlop / kirk hammett jazz iii медиаторы, 6шт, толщина 1.38мм","медиаторы kirk hammett jazz iii, 24шт, толщина 1.38мм, dunlop 47rkh3nps",количество предметов в упаковке: 6; комплектация: 1 комплект; валюта: rub,"бренд: dunlop; цвет товара: розовый; страна-изготовитель: сша; вид музыкального аксессуара: медиатор; материал муз. инструмента/аксессуара: нейлон; партномер: 47rkh3nps; назначение муз. аксессуара: для электрогитары; комплектация: медиаторы, 24 шт в уп.; количество в упаковке, шт: 24; тип: аксессуар для струнных; вес товара, г: 14",0.015653625,0.05342255,0.4013921113689095,108,108,False,0.0025225775,0.7692307692307693,1,1,0.0,0.0,0.0,1.0,0.0
523986040615,635655285611,1.0,Спорт и отдых,звено соединительное быстроразъёмное 10 мм,зубр / карабин винтовой с муфтой диаметр 8 мм оцинкованный 20 шт,"бренд: нет бренда; страна-изготовитель: китай; комплектация: звено соединительное быстроразъемное 10 mm, нержавеющее; тип: запчасти для лодочных моторов; гарантийный срок: 1267 недели",рабочая нагрузка (кг/сил): 3.5; диаметр (мм): 8 mm; количество предметов в упаковке: 20 шт; высота предмета: 2 cm; ширина предмета: 15.8 cm; цвет: серый; комплектация: карабин – 20 шт; страна производства: китай; валюта: rub,0.01569519,0.008155551,-0.19666666666666668,102,102,False,0.00042240229,0.06666666666666667,1,1,0.0,0.0,0.0,0.0,0.07692307692307693
68719554518,790274061553,1.0,Спорт и отдых,levenhuk / бинокль nitro 8x42 азотонаполненный и водозащищенный,бинокль туристический levenhuk nitro 8x32,"цвет: серый; материал изделия: высокопрочный abs-пластик; доп. параметры бинокля: заполнение азотом/аргоном; защита от влаги; обрезиненная поверхность корпуса; увеличение: x8; максимальное увеличение изображения: 8 крат; тип бинокля: roof; диаметр выходного зрачка: 5.1 mm; модель: nitro 8x42; страна производства: китай; комплектация: бинокль, защитные крышки, ремешок, чехол; валюта: rub","целевая аудитория: взрослая; артикул: 30841; материал корпуса: пластик; назначение бинокля: для туризма и походов; бренд: levenhuk; относительная яркость: 15.21; цвет товара: серый; конструктивные особенности: водонепроницаемость; страна-изготовитель: сша; диаметр объектива, мм: 32; диаметр выходного зрачка, мм: 3.9; удаление выходного зрачка, мм: 18; минимальная дистанция фокусировки, м: 4; материал призмы: bak-7; сумеречное число: 16; тип: бинокль; поле зрения на расстоянии 1000 м, м: 119; ре…",0.01587934,0.018940048,-0.15333333333333332,176,176,False,0.0006713839,0.3333333333333333,0,0,0.0,1.0,0.0,0.0,0.03225806451612903
17179969191,45114,1.0,Красота и гигиена,shamtu / шампунь питание и сила с экстрактами фруктов 500мл 2шт,"shamtu шампунь для волос, 1000 мл",тип волос: для всех типов волос; для смешанных волос; для поврежденных волос; действие: укрепление; питание; создание объема; объем товара: 500 ml; комплектация: шампунь для волос; валюта: rub,"способ применения: нанесите шампунь на влажные волосы и массирующими движениями пальцев распределите его по коже головы, тщательно смойте водой, при попадании в глаза тщательно промойте водой; бренд: shamtu; состав: aqua (water, eau), sodium laureth sulfate, cocamidopropyl betaine, sodium chloride, nobilis (mandarin orange) fruit extract, ficus carica (fig) fruit extract, actinidia chinensis (kiwi) fruit extract, simmondsia chinensis (jojoba) seed oil, disodium cocoamphodiacetate, glycol distea…",0.015923044,0.022259573,0.02439024390243902,256,256,True,0.0014679907,0.21428571428571427,1,1,0.0,0.0,0.0,0.0,0.058823529411764705
489626375862,60129620079,1.0,Мебель,"комплект teymi 3 в 1: тумба helmi 85 дуб крафт/графит + раковина solli 51 накладная + смеситель diadonna высокий, черный матовый f07101",teymi / тумба helmi 85 дуб/графит + раковина + смеситель f07109,"артикул: 1215323; расположение: настенная; бренд: teymi; покрытие корпуса: пленочное; покрытие фасада: пленочное; цвет товара: бежевый; название цвета: helmi 85 дуб крафт/графит; образец цвета: https://cdn1.ozone.ru/s3/multimedia-y/6885021526.jpg; страна-изготовитель: финляндия; глубина, см: 46; форма поставки: в собранном виде; материал фасада: мдф; ориентация: универсальный; высота, см: 47; исполнение: деревянное; вид выпуска товара: фабричное производство; материал корпуса: лдсп; тип открыва…",цвет: светлое дерево; материал корпуса мебели: лдсп; форма раковины: прямоугольная; тип монтажа: подвесной; диаметр слива: 4.5 cm; ширина тумбы (мм): 850; глубина предмета: 46 cm; раковина в комплекте: да; особенности тумбы: с ящиками; артикул производителя: f07109; комплектация: подвесная тумба; раковина; смеситель; документация; валюта: rub,0.016155977,0.017886302,-0.026548672566371667,256,256,True,0.008665161,0.36363636363636365,0,0,1.0,1.0,0.0,0.0,0.05555555555555555
