split,route_expert,oracle_policy,score_mode,route_budget,pairs,routed_pairs,route_coverage,positive_benefit_pairs,baseline_macro_ap,macro_ap,macro_ap_gain,gain_per_route_coverage,baseline_overall_ap,overall_ap,ap_category_count,routed_minilm,routed_rumodernbert,selection_uses_label
iid,minilm,global_directional,replace,0.05,12000,600,0.05,5842,0.7822219461825138,0.8225073714721925,0.04028542528967871,0.8057085057935742,0.8366439668804049,0.8639474329618239,18,600,0,True
iid,minilm,global_directional,replace,0.1,12000,1200,0.1,5842,0.7822219461825138,0.8400217570085919,0.0577998108260781,0.577998108260781,0.8366439668804049,0.8761712533446857,18,1200,0,True
iid,minilm,global_directional,replace,0.15,12000,1800,0.15,5842,0.7822219461825138,0.8506069285220705,0.0683849823395567,0.45589988226371136,0.8366439668804049,0.8841551076822778,18,1800,0,True
iid,minilm,global_directional,replace,0.2,12000,2400,0.2,5842,0.7822219461825138,0.8563316542863126,0.0741097081037988,0.370548540518994,0.8366439668804049,0.8884118333499461,18,2400,0,True
iid,minilm,global_directional,replace,0.3,12000,3600,0.3,5842,0.7822219461825138,0.8615330648950648,0.07931111871255092,0.26437039570850307,0.8366439668804049,0.8934284382758065,18,3600,0,True
iid,minilm,global_directional,replace,0.4,12000,4800,0.4,5842,0.7822219461825138,0.8625970268207683,0.08037508063825449,0.20093770159563623,0.8366439668804049,0.8944830690844806,18,4800,0,True
iid,minilm,category_balanced_directional,replace,0.05,12000,593,0.049416666666666664,5842,0.7822219461825138,0.8252180943947672,0.04299614821225339,0.8700738255430704,0.8366439668804049,0.8629197903661532,18,593,0,True
iid,minilm,category_balanced_directional,replace,0.1,12000,1192,0.09933333333333333,5842,0.7822219461825138,0.8407291191325837,0.05850717295006991,0.5889983854033883,0.8366439668804049,0.8740495650720336,18,1192,0,True
iid,minilm,category_balanced_directional,replace,0.15,12000,1793,0.14941666666666667,5842,0.7822219461825138,0.8511134209898619,0.06889147480734803,0.4610695469538072,0.8366439668804049,0.8822502076852503,18,1793,0,True
iid,minilm,category_balanced_directional,replace,0.2,12000,2391,0.19925,5842,0.7822219461825138,0.8555688793931312,0.07334693321061736,0.36811509766934686,0.8366439668804049,0.8869165143072074,18,2391,0,True
iid,minilm,category_balanced_directional,replace,0.3,12000,3593,0.29941666666666666,5842,0.7822219461825138,0.8605680173162674,0.07834607113375358,0.2616623583648881,0.8366439668804049,0.8923742260579045,18,3593,0,True
iid,minilm,category_balanced_directional,replace,0.4,12000,4723,0.39358333333333334,5842,0.7822219461825138,0.862354046453608,0.08013210027109419,0.20359627424372861,0.8366439668804049,0.8942666060159948,18,4723,0,True
iid,rumodernbert,global_directional,replace,0.05,12000,600,0.05,3367,0.7822219461825138,0.8249081228800565,0.04268617669754271,0.8537235339508542,0.8366439668804049,0.8668201247908702,18,0,600,True
iid,rumodernbert,global_directional,replace,0.1,12000,1200,0.1,3367,0.7822219461825138,0.8428946016464268,0.06067265546391298,0.6067265546391298,0.8366439668804049,0.8797255661559071,18,0,1200,True
iid,rumodernbert,global_directional,replace,0.15,12000,1800,0.15,3367,0.7822219461825138,0.8529398428236747,0.0707178966411609,0.47145264427440603,0.8366439668804049,0.8873940162112025,18,0,1800,True
iid,rumodernbert,global_directional,replace,0.2,12000,2400,0.2,3367,0.7822219461825138,0.8590166809492072,0.0767947347666934,0.38397367383346703,0.8366439668804049,0.8932141747535358,18,0,2400,True
iid,rumodernbert,global_directional,replace,0.3,12000,3367,0.28058333333333335,3367,0.7822219461825138,0.8611150467212192,0.07889310053870535,0.28117529149523734,0.8366439668804049,0.8950013409488681,18,0,3367,True
iid,rumodernbert,global_directional,replace,0.4,12000,3367,0.28058333333333335,3367,0.7822219461825138,0.8611150467212192,0.07889310053870535,0.28117529149523734,0.8366439668804049,0.8950013409488681,18,0,3367,True
iid,rumodernbert,category_balanced_directional,replace,0.05,12000,593,0.049416666666666664,3367,0.7822219461825138,0.8258787735574005,0.04365682737488663,0.8834433870128829,0.8366439668804049,0.8647179450429464,18,0,593,True
iid,rumodernbert,category_balanced_directional,replace,0.1,12000,1192,0.09933333333333333,3367,0.7822219461825138,0.8438180080661271,0.06159606188361322,0.6200945827209384,0.8366439668804049,0.8786397767571845,18,0,1192,True
iid,rumodernbert,category_balanced_directional,replace,0.15,12000,1793,0.14941666666666667,3367,0.7822219461825138,0.852129192520354,0.06990724633784018,0.46786779478755275,0.8366439668804049,0.8851758378786633,18,0,1793,True
iid,rumodernbert,category_balanced_directional,replace,0.2,12000,2383,0.19858333333333333,3367,0.7822219461825138,0.8580860555444793,0.07586410936196541,0.3820265683355371,0.8366439668804049,0.8913543949688297,18,0,2383,True
iid,rumodernbert,category_balanced_directional,replace,0.3,12000,3141,0.26175,3367,0.7822219461825138,0.8609447645751724,0.0787228183926586,0.3007557531715706,0.8366439668804049,0.8948662030239982,18,0,3141,True
iid,rumodernbert,category_balanced_directional,replace,0.4,12000,3339,0.27825,3367,0.7822219461825138,0.8611110558633137,0.07888910968079987,0.28351881286900227,0.8366439668804049,0.8949950260157764,18,0,3339,True
iid,best_expert,global_directional,replace,0.05,12000,600,0.05,6979,0.7822219461825138,0.8327218508913221,0.050499904708808274,1.0099980941761655,0.8366439668804049,0.8717591507723088,18,343,257,True
iid,best_expert,global_directional,replace,0.1,12000,1200,0.1,6979,0.7822219461825138,0.8575543882588283,0.07533244207631451,0.7533244207631451,0.8366439668804049,0.8882271904772892,18,682,518,True
iid,best_expert,global_directional,replace,0.15,12000,1800,0.15,6979,0.7822219461825138,0.8725882684610694,0.09036632227855557,0.6024421485237038,0.8366439668804049,0.8996292928169121,18,1051,749,True
iid,best_expert,global_directional,replace,0.2,12000,2400,0.2,6979,0.7822219461825138,0.8830430779640254,0.10082113178151153,0.5041056589075577,0.8366439668804049,0.9076549000484033,18,1407,993,True
iid,best_expert,global_directional,replace,0.3,12000,3600,0.3,6979,0.7822219461825138,0.8946645613474024,0.11244261516488852,0.37480871721629505,0.8366439668804049,0.9179319311364572,18,2195,1405,True
iid,best_expert,global_directional,replace,0.4,12000,4800,0.4,6979,0.7822219461825138,0.8968012913707641,0.1145793451882503,0.28644836297062576,0.8366439668804049,0.9198704337730489,18,3096,1704,True
iid,best_expert,category_balanced_directional,replace,0.05,12000,593,0.049416666666666664,6979,0.7822219461825138,0.8360581818418666,0.053836235659352805,1.0894347856867348,0.8366439668804049,0.8700240018099351,18,336,257,True
iid,best_expert,category_balanced_directional,replace,0.1,12000,1192,0.09933333333333333,6979,0.7822219461825138,0.858736349917292,0.07651440373477814,0.7702792322293102,0.8366439668804049,0.8861170828908534,18,673,519,True
iid,best_expert,category_balanced_directional,replace,0.15,12000,1793,0.14941666666666667,6979,0.7822219461825138,0.8736261934177719,0.09140424723525808,0.6117406396113201,0.8366439668804049,0.8978485185838301,18,1048,745,True
iid,best_expert,category_balanced_directional,replace,0.2,12000,2391,0.19925,6979,0.7822219461825138,0.8828013902069471,0.1005794440244333,0.5047901833095774,0.8366439668804049,0.9048531265827776,18,1448,943,True
iid,best_expert,category_balanced_directional,replace,0.3,12000,3593,0.29941666666666666,6979,0.7822219461825138,0.89174261089827,0.10952066471575617,0.3657801215110142,0.8366439668804049,0.9144156771486752,18,2266,1327,True
iid,best_expert,category_balanced_directional,replace,0.4,12000,4792,0.3993333333333333,6979,0.7822219461825138,0.8963983762361989,0.11417643005368505,0.2859176044750043,0.8366439668804049,0.9193208337268507,18,3153,1639,True
iid,minilm,global_directional,blend_specialist_25,0.05,12000,600,0.05,5842,0.7822219461825138,0.7960075455842658,0.013785599401751947,0.27571198803503894,0.8366439668804049,0.8458361377234803,18,600,0,True
iid,minilm,global_directional,blend_specialist_25,0.1,12000,1200,0.1,5842,0.7822219461825138,0.8013222263278987,0.019100280145384896,0.19100280145384896,0.8366439668804049,0.8498668464038548,18,1200,0,True
iid,minilm,global_directional,blend_specialist_25,0.15,12000,1800,0.15,5842,0.7822219461825138,0.8048354714889826,0.022613525306468762,0.15075683537645843,0.8366439668804049,0.8524927617640973,18,1800,0,True
iid,minilm,global_directional,blend_specialist_25,0.2,12000,2400,0.2,5842,0.7822219461825138,0.8063599724077883,0.0241380262252745,0.1206901311263725,0.8366439668804049,0.8537568027755287,18,2400,0,True
iid,minilm,global_directional,blend_specialist_25,0.3,12000,3600,0.3,5842,0.7822219461825138,0.8081484421484152,0.025926495965901353,0.08642165321967119,0.8366439668804049,0.8554733614983513,18,3600,0,True
iid,minilm,global_directional,blend_specialist_25,0.4,12000,4800,0.4,5842,0.7822219461825138,0.8084076898171607,0.026185743634646874,0.06546435908661719,0.8366439668804049,0.855800660546294,18,4800,0,True
iid,minilm,category_balanced_directional,blend_specialist_25,0.05,12000,593,0.049416666666666664,5842,0.7822219461825138,0.7970464480231324,0.014824501840618565,0.29998991920307383,0.8366439668804049,0.8455646479748232,18,593,0,True
iid,minilm,category_balanced_directional,blend_specialist_25,0.1,12000,1192,0.09933333333333333,5842,0.7822219461825138,0.8017618947011109,0.019539948518597083,0.19671089112681628,0.8366439668804049,0.849067801358023,18,1192,0,True
iid,minilm,category_balanced_directional,blend_specialist_25,0.15,12000,1793,0.14941666666666667,5842,0.7822219461825138,0.8047021295505701,0.02248018336805624,0.15045298405837973,0.8366439668804049,0.8516598618882724,18,1793,0,True
iid,minilm,category_balanced_directional,blend_specialist_25,0.2,12000,2391,0.19925,5842,0.7822219461825138,0.8061510250148699,0.023929078832356065,0.12009575323641689,0.8366439668804049,0.8532817358908021,18,2391,0,True
iid,minilm,category_balanced_directional,blend_specialist_25,0.3,12000,3593,0.29941666666666666,5842,0.7822219461825138,0.8078948521289646,0.025672905946450775,0.08574307580222915,0.8366439668804049,0.8551423499084798,18,3593,0,True
iid,minilm,category_balanced_directional,blend_specialist_25,0.4,12000,4723,0.39358333333333334,5842,0.7822219461825138,0.8083549635872602,0.026133017404746384,0.06639767284712188,0.8366439668804049,0.8557398810363415,18,4723,0,True
iid,rumodernbert,global_directional,blend_specialist_25,0.05,12000,600,0.05,3367,0.7822219461825138,0.7971843629728073,0.01496241679029342,0.2992483358058684,0.8366439668804049,0.8471994415535589,18,0,600,True
iid,rumodernbert,global_directional,blend_specialist_25,0.1,12000,1200,0.1,3367,0.7822219461825138,0.8028692969432433,0.020647350760729433,0.20647350760729433,0.8366439668804049,0.8514379693264988,18,0,1200,True
iid,rumodernbert,global_directional,blend_specialist_25,0.15,12000,1800,0.15,3367,0.7822219461825138,0.8057859428394214,0.02356399665690756,0.1570933110460504,0.8366439668804049,0.8537723193604337,18,0,1800,True
iid,rumodernbert,global_directional,blend_specialist_25,0.2,12000,2400,0.2,3367,0.7822219461825138,0.8077428394562323,0.025520893273718426,0.12760446636859213,0.8366439668804049,0.8559100702419933,18,0,2400,True
iid,rumodernbert,global_directional,blend_specialist_25,0.3,12000,3367,0.28058333333333335,3367,0.7822219461825138,0.8085035331916992,0.02628158700918537,0.09366766976840642,0.8366439668804049,0.8564485989382897,18,0,3367,True
iid,rumodernbert,global_directional,blend_specialist_25,0.4,12000,3367,0.28058333333333335,3367,0.7822219461825138,0.8085035331916992,0.02628158700918537,0.09366766976840642,0.8366439668804049,0.8564485989382897,18,0,3367,True
iid,rumodernbert,category_balanced_directional,blend_specialist_25,0.05,12000,593,0.049416666666666664,3367,0.7822219461825138,0.7971261331957709,0.01490418701325702,0.30160243534415554,0.8366439668804049,0.8464504843275673,18,0,593,True
iid,rumodernbert,category_balanced_directional,blend_specialist_25,0.1,12000,1192,0.09933333333333333,3367,0.7822219461825138,0.8031069077872794,0.020884961604765606,0.21025129132314369,0.8366439668804049,0.8510876531894447,18,0,1192,True
iid,rumodernbert,category_balanced_directional,blend_specialist_25,0.15,12000,1793,0.14941666666666667,3367,0.7822219461825138,0.8055549563295934,0.023333010147079558,0.15616069256271872,0.8366439668804049,0.853087990690296,18,0,1793,True
iid,rumodernbert,category_balanced_directional,blend_specialist_25,0.2,12000,2383,0.19858333333333333,3367,0.7822219461825138,0.8074712989322218,0.025249352749707965,0.12714739110218026,0.8366439668804049,0.8552905717894064,18,0,2383,True
iid,rumodernbert,category_balanced_directional,blend_specialist_25,0.3,12000,3141,0.26175,3367,0.7822219461825138,0.8084701745847784,0.026248228402264595,0.10027976466958777,0.8366439668804049,0.8564074244040621,18,0,3141,True
iid,rumodernbert,category_balanced_directional,blend_specialist_25,0.4,12000,3339,0.27825,3367,0.7822219461825138,0.8085027903207398,0.026280844138225956,0.09445047309335473,0.8366439668804049,0.8564473487596463,18,0,3339,True
iid,best_expert,global_directional,blend_specialist_25,0.05,12000,600,0.05,6979,0.7822219461825138,0.8004338351607789,0.01821188897826509,0.3642377795653018,0.8366439668804049,0.8491653253924171,18,343,257,True
iid,best_expert,global_directional,blend_specialist_25,0.1,12000,1200,0.1,6979,0.7822219461825138,0.808763226203998,0.026541280021484148,0.2654128002148415,0.8366439668804049,0.8548545169565501,18,682,518,True
iid,best_expert,global_directional,blend_specialist_25,0.15,12000,1800,0.15,6979,0.7822219461825138,0.8136873972991058,0.031465451116591936,0.20976967411061292,0.8366439668804049,0.8588017026944117,18,1051,749,True
iid,best_expert,global_directional,blend_specialist_25,0.2,12000,2400,0.2,6979,0.7822219461825138,0.816853167850332,0.03463122166781818,0.1731561083390909,0.8366439668804049,0.861547524392985,18,1407,993,True
iid,best_expert,global_directional,blend_specialist_25,0.3,12000,3600,0.3,6979,0.7822219461825138,0.8207824822972793,0.03856053611476551,0.12853512038255172,0.8366439668804049,0.8651501952538379,18,2195,1405,True
iid,best_expert,global_directional,blend_specialist_25,0.4,12000,4800,0.4,6979,0.7822219461825138,0.8215341492638882,0.0393122030813744,0.098280507703436,0.8366439668804049,0.865810990849777,18,3096,1704,True
iid,best_expert,category_balanced_directional,blend_specialist_25,0.05,12000,593,0.049416666666666664,6979,0.7822219461825138,0.8016522817594557,0.01943033557694185,0.3931939745755518,0.8366439668804049,0.8484887665636776,18,336,257,True
iid,best_expert,category_balanced_directional,blend_specialist_25,0.1,12000,1192,0.09933333333333333,6979,0.7822219461825138,0.8092268511838145,0.027004905001300705,0.271861459744638,0.8366439668804049,0.8540421787308764,18,673,519,True
iid,best_expert,category_balanced_directional,blend_specialist_25,0.15,12000,1793,0.14941666666666667,6979,0.7822219461825138,0.8138906290382146,0.03166868285570079,0.21194879769571082,0.8366439668804049,0.8581117321179087,18,1048,745,True
iid,best_expert,category_balanced_directional,blend_specialist_25,0.2,12000,2391,0.19925,6979,0.7822219461825138,0.8166867837996499,0.034464837617136035,0.17297283622151083,0.8366439668804049,0.8603756881623015,18,1448,943,True
iid,best_expert,category_balanced_directional,blend_specialist_25,0.3,12000,3593,0.29941666666666666,6979,0.7822219461825138,0.8196778975037025,0.03745595132118862,0.1250964140980416,0.8366439668804049,0.8638412370109053,18,2266,1327,True
iid,best_expert,category_balanced_directional,blend_specialist_25,0.4,12000,4792,0.3993333333333333,6979,0.7822219461825138,0.821396283152638,0.03917433697012418,0.09809934132752299,0.8366439668804049,0.8656206891747972,18,3153,1639,True
iid,minilm,global_directional,blend_50_50,0.05,12000,600,0.05,5842,0.7822219461825138,0.806798616458389,0.02457667027587518,0.4915334055175036,0.8366439668804049,0.8530627325775215,18,600,0,True
iid,minilm,global_directional,blend_50_50,0.1,12000,1200,0.1,5842,0.7822219461825138,0.8167802307255652,0.03455828454305132,0.3455828454305132,0.8366439668804049,0.8602655201044039,18,1200,0,True
iid,minilm,global_directional,blend_50_50,0.15,12000,1800,0.15,5842,0.7822219461825138,0.8228520230196845,0.04063007683717068,0.2708671789144712,0.8366439668804049,0.8649163584836942,18,1800,0,True
iid,minilm,global_directional,blend_50_50,0.2,12000,2400,0.2,5842,0.7822219461825138,0.82570456377475,0.04348261759223615,0.21741308796118075,0.8366439668804049,0.867312479012612,18,2400,0,True
iid,minilm,global_directional,blend_50_50,0.3,12000,3600,0.3,5842,0.7822219461825138,0.8288774332073969,0.04665548702488309,0.15551829008294366,0.8366439668804049,0.8703576316757454,18,3600,0,True
iid,minilm,global_directional,blend_50_50,0.4,12000,4800,0.4,5842,0.7822219461825138,0.8293857507784117,0.04716380459589786,0.11790951148974466,0.8366439668804049,0.8709395299354802,18,4800,0,True
iid,minilm,category_balanced_directional,blend_50_50,0.05,12000,593,0.049416666666666664,5842,0.7822219461825138,0.8085057868743912,0.02628384069187739,0.5318821050632861,0.8366439668804049,0.8524470889881715,18,593,0,True
iid,minilm,category_balanced_directional,blend_50_50,0.1,12000,1192,0.09933333333333333,5842,0.7822219461825138,0.8172667084096159,0.035044762227102066,0.3527996197359269,0.8366439668804049,0.8588895861932426,18,1192,0,True
iid,minilm,category_balanced_directional,blend_50_50,0.15,12000,1793,0.14941666666666667,5842,0.7822219461825138,0.8228299063653904,0.0406079601828766,0.2717766437225428,0.8366439668804049,0.863621396447249,18,1793,0,True
iid,minilm,category_balanced_directional,blend_50_50,0.2,12000,2391,0.19925,5842,0.7822219461825138,0.8253628091093149,0.04314086292680108,0.21651625057365662,0.8366439668804049,0.8664315335824676,18,2391,0,True
iid,minilm,category_balanced_directional,blend_50_50,0.3,12000,3593,0.29941666666666666,5842,0.7822219461825138,0.828281417687282,0.04605947150476819,0.15383068690710222,0.8366439668804049,0.8697466126165747,18,3593,0,True
iid,minilm,category_balanced_directional,blend_50_50,0.4,12000,4723,0.39358333333333334,5842,0.7822219461825138,0.8292634834997736,0.047041537317259796,0.11952116193248308,0.8366439668804049,0.8708255633488199,18,4723,0,True
iid,rumodernbert,global_directional,blend_50_50,0.05,12000,600,0.05,3367,0.7822219461825138,0.8080575933992031,0.025835647216689295,0.5167129443337859,0.8366439668804049,0.8549853754711753,18,0,600,True
iid,rumodernbert,global_directional,blend_50_50,0.1,12000,1200,0.1,3367,0.7822219461825138,0.8184217390356112,0.03619979285309738,0.3619979285309738,0.8366439668804049,0.8626440633065154,18,0,1200,True
iid,rumodernbert,global_directional,blend_50_50,0.15,12000,1800,0.15,3367,0.7822219461825138,0.823891166580854,0.0416692203983402,0.27779480265560136,0.8366439668804049,0.8669656156539749,18,0,1800,True
iid,rumodernbert,global_directional,blend_50_50,0.2,12000,2400,0.2,3367,0.7822219461825138,0.8273735395054829,0.04515159332296903,0.22575796661484515,0.8366439668804049,0.8705257540301294,18,0,2400,True
iid,rumodernbert,global_directional,blend_50_50,0.3,12000,3367,0.28058333333333335,3367,0.7822219461825138,0.8286903657806313,0.04646841959811743,0.16561361306130357,0.8366439668804049,0.8715159142301935,18,0,3367,True
iid,rumodernbert,global_directional,blend_50_50,0.4,12000,3367,0.28058333333333335,3367,0.7822219461825138,0.8286903657806313,0.04646841959811743,0.16561361306130357,0.8366439668804049,0.8715159142301935,18,0,3367,True
iid,rumodernbert,category_balanced_directional,blend_50_50,0.05,12000,593,0.049416666666666664,3367,0.7822219461825138,0.808311609984572,0.026089663802058127,0.5279527244935878,0.8366439668804049,0.8536923956708043,18,0,593,True
iid,rumodernbert,category_balanced_directional,blend_50_50,0.1,12000,1192,0.09933333333333333,3367,0.7822219461825138,0.8189666265837292,0.03674468040121537,0.36991288994512117,0.8366439668804049,0.861993396565751,18,0,1192,True
iid,rumodernbert,category_balanced_directional,blend_50_50,0.15,12000,1793,0.14941666666666667,3367,0.7822219461825138,0.823531673687285,0.04130972750477113,0.276473357533326,0.8366439668804049,0.8656942020809733,18,0,1793,True
iid,rumodernbert,category_balanced_directional,blend_50_50,0.2,12000,2383,0.19858333333333333,3367,0.7822219461825138,0.8269522525806272,0.04473030639811337,0.22524703179914413,0.8366439668804049,0.8694306939111505,18,0,2383,True
iid,rumodernbert,category_balanced_directional,blend_50_50,0.3,12000,3141,0.26175,3367,0.7822219461825138,0.8286163742462217,0.04639442806370786,0.1772470986197053,0.8366439668804049,0.8714379598822907,18,0,3141,True
iid,rumodernbert,category_balanced_directional,blend_50_50,0.4,12000,3339,0.27825,3367,0.7822219461825138,0.8286879807623586,0.04646603457984477,0.16699383496799558,0.8366439668804049,0.871511762853432,18,0,3339,True
iid,best_expert,global_directional,blend_50_50,0.05,12000,600,0.05,6979,0.7822219461825138,0.8138902724475077,0.03166832626499383,0.6333665252998766,0.8366439668804049,0.8585418267896059,18,343,257,True
iid,best_expert,global_directional,blend_50_50,0.1,12000,1200,0.1,6979,0.7822219461825138,0.8289757812337429,0.0467538350512291,0.467538350512291,0.8366439668804049,0.8686545278143688,18,682,518,True
iid,best_expert,global_directional,blend_50_50,0.15,12000,1800,0.15,6979,0.7822219461825138,0.8378905486208461,0.05566860243833227,0.3711240162555485,0.8366439668804049,0.8756124663308809,18,1051,749,True
iid,best_expert,global_directional,blend_50_50,0.2,12000,2400,0.2,6979,0.7822219461825138,0.8437719915372944,0.06155004535478059,0.30775022677390296,0.8366439668804049,0.8803907606971948,18,1407,993,True
iid,best_expert,global_directional,blend_50_50,0.3,12000,3600,0.3,6979,0.7822219461825138,0.8505720911904706,0.06835014500795678,0.22783381669318925,0.8366439668804049,0.8865939862596393,18,2195,1405,True
iid,best_expert,global_directional,blend_50_50,0.4,12000,4800,0.4,6979,0.7822219461825138,0.8517824415801892,0.06956049539767539,0.17390123849418848,0.8366439668804049,0.8877754908588205,18,3096,1704,True
iid,best_expert,category_balanced_directional,blend_50_50,0.05,12000,593,0.049416666666666664,6979,0.7822219461825138,0.8159163224481356,0.03369437626562177,0.6818423527613175,0.8366439668804049,0.8573275205435308,18,336,257,True
iid,best_expert,category_balanced_directional,blend_50_50,0.1,12000,1192,0.09933333333333333,6979,0.7822219461825138,0.8296672273109669,0.04744528112845303,0.4776370583401312,0.8366439668804049,0.8672433271438377,18,673,519,True
iid,best_expert,category_balanced_directional,blend_50_50,0.15,12000,1793,0.14941666666666667,6979,0.7822219461825138,0.8383704147436644,0.05614846856115052,0.37578450793854223,0.8366439668804049,0.8744026862041093,18,1048,745,True
iid,best_expert,category_balanced_directional,blend_50_50,0.2,12000,2391,0.19925,6979,0.7822219461825138,0.8435098800173545,0.06128793383484066,0.30759314346218647,0.8366439668804049,0.8785052127675897,18,1448,943,True
iid,best_expert,category_balanced_directional,blend_50_50,0.3,12000,3593,0.29941666666666666,6979,0.7822219461825138,0.8486582870807546,0.0664363408982408,0.22188591449454204,0.8366439668804049,0.8843672922319511,18,2266,1327,True
iid,best_expert,category_balanced_directional,blend_50_50,0.4,12000,4792,0.3993333333333333,6979,0.7822219461825138,0.8515132937897619,0.06929134760724809,0.17351756495971976,0.8366439668804049,0.8874150719289442,18,3153,1639,True
iid,minilm,global_directional,blend_specialist_75,0.05,12000,600,0.05,5842,0.7822219461825138,0.8153645901070723,0.03314264392455846,0.6628528784911691,0.8366439668804049,0.8588990291220769,18,600,0,True
iid,minilm,global_directional,blend_specialist_75,0.1,12000,1200,0.1,5842,0.7822219461825138,0.8294918760575278,0.047269929875013994,0.47269929875013994,0.8366439668804049,0.8687428539716543,18,1200,0,True
iid,minilm,global_directional,blend_specialist_75,0.15,12000,1800,0.15,5842,0.7822219461825138,0.8379320876491749,0.05571014146666109,0.37140094311107397,0.8366439668804049,0.8751867898508238,18,1800,0,True
iid,minilm,global_directional,blend_specialist_75,0.2,12000,2400,0.2,5842,0.7822219461825138,0.8422596410238181,0.06003769484130428,0.3001884742065214,0.8366439668804049,0.8785735745254653,18,2400,0,True
iid,minilm,global_directional,blend_specialist_75,0.3,12000,3600,0.3,5842,0.7822219461825138,0.846664322211939,0.06444237602942515,0.21480792009808386,0.8366439668804049,0.8826942178008941,18,3600,0,True
iid,minilm,global_directional,blend_specialist_75,0.4,12000,4800,0.4,5842,0.7822219461825138,0.8474643637218632,0.06524241753934934,0.16310604384837335,0.8366439668804049,0.883523762312314,18,4800,0,True
iid,minilm,category_balanced_directional,blend_specialist_75,0.05,12000,593,0.049416666666666664,5842,0.7822219461825138,0.8176809657943492,0.035459019611835396,0.7175518302563656,0.8366439668804049,0.8580295830631354,18,593,0,True
iid,minilm,category_balanced_directional,blend_specialist_75,0.1,12000,1192,0.09933333333333333,5842,0.7822219461825138,0.8301051129072391,0.04788316672472526,0.4820453025979053,0.8366439668804049,0.8669418733623308,18,1192,0,True
iid,minilm,category_balanced_directional,blend_specialist_75,0.15,12000,1793,0.14941666666666667,5842,0.7822219461825138,0.8383120658684535,0.05609011968593969,0.3753939967826415,0.8366439668804049,0.8735240101836289,18,1793,0,True
iid,minilm,category_balanced_directional,blend_specialist_75,0.2,12000,2391,0.19925,5842,0.7822219461825138,0.8418811188743843,0.05965917269187049,0.299418683522562,0.8366439668804049,0.8773553142163769,18,2391,0,True
iid,minilm,category_balanced_directional,blend_specialist_75,0.3,12000,3593,0.29941666666666666,5842,0.7822219461825138,0.8459605637544542,0.06373861757194033,0.21287598409776898,0.8366439668804049,0.8818244622685552,18,3593,0,True
iid,minilm,category_balanced_directional,blend_specialist_75,0.4,12000,4723,0.39358333333333334,5842,0.7822219461825138,0.8473065991989327,0.06508465301641886,0.165364352360158,0.8366439668804049,0.8833625768179774,18,4723,0,True
iid,rumodernbert,global_directional,blend_specialist_75,0.05,12000,600,0.05,3367,0.7822219461825138,0.8174068201130766,0.0351848739305628,0.703697478611256,0.8366439668804049,0.8613717222913695,18,0,600,True
iid,rumodernbert,global_directional,blend_specialist_75,0.1,12000,1200,0.1,3367,0.7822219461825138,0.832124086422122,0.04990214023960815,0.4990214023960815,0.8366439668804049,0.8718678496250593,18,0,1200,True
iid,rumodernbert,global_directional,blend_specialist_75,0.15,12000,1800,0.15,3367,0.7822219461825138,0.8398709554451357,0.05764900926262184,0.38432672841747895,0.8366439668804049,0.8779363200063466,18,0,1800,True
iid,rumodernbert,global_directional,blend_specialist_75,0.2,12000,2400,0.2,3367,0.7822219461825138,0.8447131611566026,0.062491214974088716,0.3124560748704436,0.8366439668804049,0.8827159391246181,18,0,2400,True
iid,rumodernbert,global_directional,blend_specialist_75,0.3,12000,3367,0.28058333333333335,3367,0.7822219461825138,0.8463243410709835,0.0641023948884697,0.22846116384366982,0.8366439668804049,0.8841101197213153,18,0,3367,True
iid,rumodernbert,global_directional,blend_specialist_75,0.4,12000,3367,0.28058333333333335,3367,0.7822219461825138,0.8463243410709835,0.0641023948884697,0.22846116384366982,0.8366439668804049,0.8841101197213153,18,0,3367,True
iid,rumodernbert,category_balanced_directional,blend_specialist_75,0.05,12000,593,0.049416666666666664,3367,0.7822219461825138,0.8181333811250711,0.03591143494255722,0.726706946561023,0.8366439668804049,0.8596311980341146,18,0,593,True
iid,rumodernbert,category_balanced_directional,blend_specialist_75,0.1,12000,1192,0.09933333333333333,3367,0.7822219461825138,0.832657231874268,0.05043528569175415,0.5077377754203438,0.8366439668804049,0.8709537898318951,18,0,1192,True
iid,rumodernbert,category_balanced_directional,blend_specialist_75,0.15,12000,1793,0.14941666666666667,3367,0.7822219461825138,0.8391352169016592,0.056913270719145315,0.38090309460666133,0.8366439668804049,0.8761609589204867,18,0,1793,True
iid,rumodernbert,category_balanced_directional,blend_specialist_75,0.2,12000,2383,0.19858333333333333,3367,0.7822219461825138,0.8439559520039465,0.061734005821432625,0.3108720393861483,0.8366439668804049,0.881208820915645,18,0,2383,True
iid,rumodernbert,category_balanced_directional,blend_specialist_75,0.3,12000,3141,0.26175,3367,0.7822219461825138,0.846194620999917,0.06397267481740321,0.2444037242307668,0.8366439668804049,0.8840074736875811,18,0,3141,True
iid,rumodernbert,category_balanced_directional,blend_specialist_75,0.4,12000,3339,0.27825,3367,0.7822219461825138,0.8463198637111181,0.06409791752860428,0.23036088959067125,0.8366439668804049,0.8841053227311108,18,0,3339,True
iid,best_expert,global_directional,blend_specialist_75,0.05,12000,600,0.05,6979,0.7822219461825138,0.8246549924872042,0.04243304630469036,0.8486609260938072,0.8366439668804049,0.8658422315559937,18,343,257,True
iid,best_expert,global_directional,blend_specialist_75,0.1,12000,1200,0.1,6979,0.7822219461825138,0.8456258994466807,0.06340395326416681,0.6340395326416681,0.8366439668804049,0.8794562236843061,18,682,518,True
iid,best_expert,global_directional,blend_specialist_75,0.15,12000,1800,0.15,6979,0.7822219461825138,0.8575729591352729,0.07535101295275903,0.5023400863517269,0.8366439668804049,0.8888473159441032,18,1051,749,True
iid,best_expert,global_directional,blend_specialist_75,0.2,12000,2400,0.2,6979,0.7822219461825138,0.8658107754430173,0.08358882926050348,0.4179441463025174,0.8366439668804049,0.8953772303115088,18,1407,993,True
iid,best_expert,global_directional,blend_specialist_75,0.3,12000,3600,0.3,6979,0.7822219461825138,0.875217996508818,0.0929960503263042,0.30998683442101405,0.8366439668804049,0.9037745148121221,18,2195,1405,True
iid,best_expert,global_directional,blend_specialist_75,0.4,12000,4800,0.4,6979,0.7822219461825138,0.8769410504988265,0.0947191043163127,0.23679776079078174,0.8366439668804049,0.9053660294217369,18,3096,1704,True
iid,best_expert,category_balanced_directional,blend_specialist_75,0.05,12000,593,0.049416666666666664,6979,0.7822219461825138,0.8274844858623847,0.04526253967987082,0.9159367220209946,0.8366439668804049,0.8642681296326562,18,336,257,True
iid,best_expert,category_balanced_directional,blend_specialist_75,0.1,12000,1192,0.09933333333333333,6979,0.7822219461825138,0.8462962881265588,0.06407434194404493,0.6450437108460899,0.8366439668804049,0.8776418922920051,18,673,519,True
iid,best_expert,category_balanced_directional,blend_specialist_75,0.15,12000,1793,0.14941666666666667,6979,0.7822219461825138,0.8582711202758547,0.07604917409334089,0.5089738366537037,0.8366439668804049,0.88728233105102,18,1048,745,True
iid,best_expert,category_balanced_directional,blend_specialist_75,0.2,12000,2391,0.19925,6979,0.7822219461825138,0.8655026930345195,0.0832807468520057,0.4179711259824627,0.8366439668804049,0.8929566591208954,18,1448,943,True
iid,best_expert,category_balanced_directional,blend_specialist_75,0.3,12000,3593,0.29941666666666666,6979,0.7822219461825138,0.8727071579047195,0.0904852117222057,0.3022049932275169,0.8366439668804049,0.9008215757785577,18,2266,1327,True
iid,best_expert,category_balanced_directional,blend_specialist_75,0.4,12000,4792,0.3993333333333333,6979,0.7822219461825138,0.8766250122910895,0.09440306610857563,0.23640166805152496,0.8366439668804049,0.9048984412891787,18,3153,1639,True
iid,minilm,global_directional,mean_normalized_rank,0.05,12000,600,0.05,6039,0.7822219461825138,0.7892380762226425,0.0070161300401286875,0.14032260080257375,0.8366439668804049,0.8413814511619262,18,600,0,True
iid,minilm,global_directional,mean_normalized_rank,0.1,12000,1200,0.1,6039,0.7822219461825138,0.7963379135923464,0.014115967409832564,0.14115967409832564,0.8366439668804049,0.8462172069264846,18,1200,0,True
iid,minilm,global_directional,mean_normalized_rank,0.15,12000,1800,0.15,6039,0.7822219461825138,0.8026407971114027,0.020418850928888843,0.13612567285925897,0.8366439668804049,0.8510141763475879,18,1800,0,True
iid,minilm,global_directional,mean_normalized_rank,0.2,12000,2400,0.2,6039,0.7822219461825138,0.8099579995663486,0.02773605338383478,0.1386802669191739,0.8366439668804049,0.8557093587560102,18,2400,0,True
iid,minilm,global_directional,mean_normalized_rank,0.3,12000,3600,0.3,6039,0.7822219461825138,0.8205989921743018,0.03837704599178793,0.1279234866392931,0.8366439668804049,0.8639370861166373,18,3600,0,True
iid,minilm,global_directional,mean_normalized_rank,0.4,12000,4800,0.4,6039,0.7822219461825138,0.8268783085627783,0.04465636238026449,0.11164090595066123,0.8366439668804049,0.869002090143767,18,4800,0,True
iid,minilm,category_balanced_directional,mean_normalized_rank,0.05,12000,593,0.049416666666666664,6039,0.7822219461825138,0.7890785806786937,0.006856634496179903,0.13875145692100985,0.8366439668804049,0.8419733043276348,18,593,0,True
iid,minilm,category_balanced_directional,mean_normalized_rank,0.1,12000,1192,0.09933333333333333,6039,0.7822219461825138,0.7965667514131012,0.014344805230587343,0.14441079091195314,0.8366439668804049,0.8471686772596704,18,1192,0,True
iid,minilm,category_balanced_directional,mean_normalized_rank,0.15,12000,1793,0.14941666666666667,6039,0.7822219461825138,0.8036646889445687,0.021442742762054823,0.14350971173712096,0.8366439668804049,0.8522963633568973,18,1793,0,True
iid,minilm,category_balanced_directional,mean_normalized_rank,0.2,12000,2391,0.19925,6039,0.7822219461825138,0.8104068321708195,0.028184885988305708,0.1414548857631403,0.8366439668804049,0.8573255324665957,18,2391,0,True
iid,minilm,category_balanced_directional,mean_normalized_rank,0.3,12000,3589,0.2990833333333333,6039,0.7822219461825138,0.8189150573951212,0.03669311121260732,0.12268524228233153,0.8366439668804049,0.8639545895953348,18,3589,0,True
iid,minilm,category_balanced_directional,mean_normalized_rank,0.4,12000,4718,0.39316666666666666,6039,0.7822219461825138,0.8257478215504119,0.04352587536789809,0.11070591445840973,0.8366439668804049,0.8686525318467905,18,4718,0,True
iid,rumodernbert,global_directional,mean_normalized_rank,0.05,12000,600,0.05,5978,0.7822219461825138,0.7904427513642814,0.008220805181767599,0.16441610363535197,0.8366439668804049,0.8421695326516734,18,0,600,True
iid,rumodernbert,global_directional,mean_normalized_rank,0.1,12000,1200,0.1,5978,0.7822219461825138,0.797396870174458,0.0151749239919442,0.151749239919442,0.8366439668804049,0.8466174860498148,18,0,1200,True
iid,rumodernbert,global_directional,mean_normalized_rank,0.15,12000,1800,0.15,5978,0.7822219461825138,0.8042680402413853,0.02204609405887148,0.14697396039247654,0.8366439668804049,0.851779511894117,18,0,1800,True
iid,rumodernbert,global_directional,mean_normalized_rank,0.2,12000,2400,0.2,5978,0.7822219461825138,0.8112601835079195,0.02903823732540567,0.14519118662702835,0.8366439668804049,0.8561247793455101,18,0,2400,True
iid,rumodernbert,global_directional,mean_normalized_rank,0.3,12000,3600,0.3,5978,0.7822219461825138,0.8210882560700236,0.03886630988750972,0.12955436629169909,0.8366439668804049,0.8633596554603682,18,0,3600,True
iid,rumodernbert,global_directional,mean_normalized_rank,0.4,12000,4800,0.4,5978,0.7822219461825138,0.8263942010254736,0.044172254842959724,0.11043063710739931,0.8366439668804049,0.867894418461205,18,0,4800,True
iid,rumodernbert,category_balanced_directional,mean_normalized_rank,0.05,12000,593,0.049416666666666664,5978,0.7822219461825138,0.790364165438469,0.008142219255955152,0.1647666628523808,0.8366439668804049,0.8433966562004811,18,0,593,True
iid,rumodernbert,category_balanced_directional,mean_normalized_rank,0.1,12000,1192,0.09933333333333333,5978,0.7822219461825138,0.7980045809218388,0.015782634739324952,0.1588855846240767,0.8366439668804049,0.8489406885489272,18,0,1192,True
iid,rumodernbert,category_balanced_directional,mean_normalized_rank,0.15,12000,1793,0.14941666666666667,5978,0.7822219461825138,0.8056449907964178,0.023423044613903987,0.15676326568145446,0.8366439668804049,0.8540730724573683,18,0,1793,True
iid,rumodernbert,category_balanced_directional,mean_normalized_rank,0.2,12000,2391,0.19925,5978,0.7822219461825138,0.8107876361934127,0.028565690010898814,0.14336607282759756,0.8366439668804049,0.8576103413525535,18,0,2391,True
iid,rumodernbert,category_balanced_directional,mean_normalized_rank,0.3,12000,3593,0.29941666666666666,5978,0.7822219461825138,0.8190557556537454,0.036833809471231604,0.1230185676745837,0.8366439668804049,0.8635499186204921,18,0,3593,True
iid,rumodernbert,category_balanced_directional,mean_normalized_rank,0.4,12000,4792,0.3993333333333333,5978,0.7822219461825138,0.8247629928275563,0.042541046645042435,0.10653016689075735,0.8366439668804049,0.867634241706123,18,0,4792,True
iid,best_expert,global_directional,mean_normalized_rank,0.05,12000,600,0.05,8323,0.7822219461825138,0.7906083973983896,0.008386451215875779,0.16772902431751557,0.8366439668804049,0.8422760837323973,18,310,290,True
iid,best_expert,global_directional,mean_normalized_rank,0.1,12000,1200,0.1,8323,0.7822219461825138,0.7971105214638777,0.014888575281363892,0.14888575281363892,0.8366439668804049,0.8468541142810455,18,616,584,True
iid,best_expert,global_directional,mean_normalized_rank,0.15,12000,1800,0.15,8323,0.7822219461825138,0.8050050700277165,0.022783123845202646,0.15188749230135098,0.8366439668804049,0.8519569571377387,18,926,874,True
iid,best_expert,global_directional,mean_normalized_rank,0.2,12000,2400,0.2,8323,0.7822219461825138,0.8131593779874204,0.0309374318049066,0.154687159024533,0.8366439668804049,0.8573063852239232,18,1241,1159,True
iid,best_expert,global_directional,mean_normalized_rank,0.3,12000,3600,0.3,8323,0.7822219461825138,0.8277028096937272,0.04548086351121339,0.1516028783707113,0.8366439668804049,0.8672985648294519,18,1860,1740,True
iid,best_expert,global_directional,mean_normalized_rank,0.4,12000,4800,0.4,8323,0.7822219461825138,0.8395510457963733,0.05732909961385946,0.14332274903464864,0.8366439668804049,0.8763108877956981,18,2434,2366,True
iid,best_expert,category_balanced_directional,mean_normalized_rank,0.05,12000,593,0.049416666666666664,8323,0.7822219461825138,0.790158641569576,0.00793669538706221,0.16060766381913408,0.8366439668804049,0.843179653446644,18,320,273,True
iid,best_expert,category_balanced_directional,mean_normalized_rank,0.1,12000,1192,0.09933333333333333,8323,0.7822219461825138,0.7977678839464379,0.0155459377639241,0.15650272916702115,0.8366439668804049,0.8486008637872975,18,633,559,True
iid,best_expert,category_balanced_directional,mean_normalized_rank,0.15,12000,1793,0.14941666666666667,8323,0.7822219461825138,0.8059848934349501,0.023762947252436217,0.15903812996610964,0.8366439668804049,0.854290810869315,18,958,835,True
iid,best_expert,category_balanced_directional,mean_normalized_rank,0.2,12000,2391,0.19925,8323,0.7822219461825138,0.8137361612256241,0.03151421504311025,0.15816419093154455,0.8366439668804049,0.8598693882375172,18,1256,1135,True
iid,best_expert,category_balanced_directional,mean_normalized_rank,0.3,12000,3593,0.29941666666666666,8323,0.7822219461825138,0.8267445977239481,0.04452265154143431,0.1486979734197639,0.8366439668804049,0.869383240297921,18,1862,1731,True
iid,best_expert,category_balanced_directional,mean_normalized_rank,0.4,12000,4792,0.3993333333333333,8323,0.7822219461825138,0.8366415652688352,0.054419619086321314,0.1362761746735926,0.8366439668804049,0.8760338585419754,18,2451,2341,True
hard,minilm,global_directional,replace,0.05,5814,290,0.04987960096319229,2979,0.3759746515593398,0.402036205650982,0.026061554091642236,0.5224892258234758,0.42671110574515686,0.45488777272957404,18,290,0,True
hard,minilm,global_directional,replace,0.1,5814,581,0.0999312005503956,2979,0.3759746515593398,0.42141928143574153,0.04544462987640174,0.4547591705703954,0.42671110574515686,0.4737995978007129,18,581,0,True
hard,minilm,global_directional,replace,0.15,5814,872,0.1499828001375989,2979,0.3759746515593398,0.43443792452489205,0.05846327296555226,0.38979984979555143,0.42671110574515686,0.48798511610737183,18,872,0,True
hard,minilm,global_directional,replace,0.2,5814,1162,0.1998624011007912,2979,0.3759746515593398,0.4443022809657999,0.06832762940646009,0.34187335401820906,0.42671110574515686,0.4987741461326174,18,1162,0,True
hard,minilm,global_directional,replace,0.3,5814,1744,0.2999656002751978,2979,0.3759746515593398,0.45956303359355616,0.08358838203421637,0.27865989285948045,0.42671110574515686,0.517238144579573,18,1744,0,True
hard,minilm,global_directional,replace,0.4,5814,2325,0.39989680082559337,2979,0.3759746515593398,0.464353983446389,0.08837933188704922,0.22100534864142116,0.42671110574515686,0.525771231934902,18,2325,0,True
hard,minilm,category_balanced_directional,replace,0.05,5814,281,0.048331613347093225,2979,0.3759746515593398,0.40063327046914665,0.024658618909806862,0.5101964780840466,0.42671110574515686,0.4519925318906195,18,281,0,True
hard,minilm,category_balanced_directional,replace,0.1,5814,572,0.09838321293429653,2979,0.3759746515593398,0.42135752982573704,0.04538287826639725,0.4612868081133455,0.42671110574515686,0.47128256292654963,18,572,0,True
hard,minilm,category_balanced_directional,replace,0.15,5814,864,0.14860681114551083,2979,0.3759746515593398,0.4360584848127503,0.06008383325341049,0.40431412793440813,0.42671110574515686,0.4854834433170139,18,864,0,True
hard,minilm,category_balanced_directional,replace,0.2,5814,1155,0.19865841073271415,2979,0.3759746515593398,0.44585944669862815,0.06988479513928836,0.35178372202582037,0.42671110574515686,0.49765903075623097,18,1155,0,True
hard,minilm,category_balanced_directional,replace,0.3,5814,1737,0.29876160990712075,2979,0.3759746515593398,0.4570475367102578,0.08107288515091798,0.27136312853623323,0.42671110574515686,0.5138637058881063,18,1737,0,True
hard,minilm,category_balanced_directional,replace,0.4,5814,2306,0.39662882696938423,2979,0.3759746515593398,0.46363565681672003,0.08766100525738024,0.22101521446938802,0.42671110574515686,0.5234161809242293,18,2306,0,True
hard,rumodernbert,global_directional,replace,0.05,5814,290,0.04987960096319229,2015,0.3759746515593398,0.4006654818502859,0.024690830290946097,0.4950085769364159,0.42671110574515686,0.45373916622273686,18,0,290,True
hard,rumodernbert,global_directional,replace,0.1,5814,581,0.0999312005503956,2015,0.3759746515593398,0.4184186420111878,0.04244399045184799,0.42473211787787296,0.42671110574515686,0.4724646451510922,18,0,581,True
hard,rumodernbert,global_directional,replace,0.15,5814,872,0.1499828001375989,2015,0.3759746515593398,0.43432245166562544,0.05834780010628565,0.3890299424517715,0.42671110574515686,0.48857523728694413,18,0,872,True
hard,rumodernbert,global_directional,replace,0.2,5814,1162,0.1998624011007912,2015,0.3759746515593398,0.4487163255891537,0.07274167402981391,0.3639587717808417,0.42671110574515686,0.5041707713931282,18,0,1162,True
hard,rumodernbert,global_directional,replace,0.3,5814,1744,0.2999656002751978,2015,0.3759746515593398,0.46416487269904305,0.08819022113970326,0.2940011156572447,0.42671110574515686,0.5274394647584622,18,0,1744,True
hard,rumodernbert,global_directional,replace,0.4,5814,2015,0.34657722738218094,2015,0.3759746515593398,0.4651731948557765,0.08919854329643673,0.2573698911788998,0.42671110574515686,0.5287392687833951,18,0,2015,True
hard,rumodernbert,category_balanced_directional,replace,0.05,5814,281,0.048331613347093225,2015,0.3759746515593398,0.40031114014114366,0.024336488581803872,0.5035314754968246,0.42671110574515686,0.45273231570188766,18,0,281,True
hard,rumodernbert,category_balanced_directional,replace,0.1,5814,572,0.09838321293429653,2015,0.3759746515593398,0.4216220606520348,0.04564740909269499,0.46397558822539975,0.42671110574515686,0.47135439297522047,18,0,572,True
hard,rumodernbert,category_balanced_directional,replace,0.15,5814,864,0.14860681114551083,2015,0.3759746515593398,0.43432735833632324,0.058352706776983454,0.3926650893534512,0.42671110574515686,0.4861647504345358,18,0,864,True
hard,rumodernbert,category_balanced_directional,replace,0.2,5814,1155,0.19865841073271415,2015,0.3759746515593398,0.4478395799499075,0.07186492839056768,0.36175124992446794,0.42671110574515686,0.5007395274020401,18,0,1155,True
hard,rumodernbert,category_balanced_directional,replace,0.3,5814,1695,0.2915376676986584,2015,0.3759746515593398,0.4607244621008248,0.084749810541485,0.29069935014052734,0.42671110574515686,0.5203253248846075,18,0,1695,True
hard,rumodernbert,category_balanced_directional,replace,0.4,5814,1987,0.3417612659098727,2015,0.3759746515593398,0.4651614195162095,0.0891867679568697,0.26096218867702087,0.42671110574515686,0.528703784173607,18,0,1987,True
hard,best_expert,global_directional,replace,0.05,5814,290,0.04987960096319229,3678,0.3759746515593398,0.4057810453397927,0.02980639378045291,0.5975668049639766,0.42671110574515686,0.46018821232140195,18,200,90,True
hard,best_expert,global_directional,replace,0.1,5814,581,0.0999312005503956,3678,0.3759746515593398,0.43058380570831933,0.054609154148979544,0.5464675081276541,0.42671110574515686,0.4835963002777835,18,355,226,True
hard,best_expert,global_directional,replace,0.15,5814,872,0.1499828001375989,3678,0.3759746515593398,0.451677628905654,0.0757029773463142,0.5047443925360904,0.42671110574515686,0.5040787604281134,18,507,365,True
hard,best_expert,global_directional,replace,0.2,5814,1162,0.1998624011007912,3678,0.3759746515593398,0.46905296287620146,0.09307831131686167,0.4657119638521805,0.42671110574515686,0.5223684914895709,18,672,490,True
hard,best_expert,global_directional,replace,0.3,5814,1744,0.2999656002751978,3678,0.3759746515593398,0.49809535677136907,0.12212070521202928,0.40711569960019395,0.42671110574515686,0.5518961643184558,18,999,745,True
hard,best_expert,global_directional,replace,0.4,5814,2325,0.39989680082559337,3678,0.3759746515593398,0.5162758203607062,0.1403011688013664,0.35084343888651365,0.42671110574515686,0.576402294805408,18,1338,987,True
hard,best_expert,category_balanced_directional,replace,0.05,5814,281,0.048331613347093225,3678,0.3759746515593398,0.40485532978344785,0.02888067822410806,0.597552538060371,0.42671110574515686,0.45700861592653164,18,187,94,True
hard,best_expert,category_balanced_directional,replace,0.1,5814,572,0.09838321293429653,3678,0.3759746515593398,0.43034755352919585,0.05437290196985606,0.5526644266656349,0.42671110574515686,0.48010330327545353,18,348,224,True
hard,best_expert,category_balanced_directional,replace,0.15,5814,864,0.14860681114551083,3678,0.3759746515593398,0.45305351270260324,0.07707886114326346,0.518676503109877,0.42671110574515686,0.499956338035484,18,506,358,True
hard,best_expert,category_balanced_directional,replace,0.2,5814,1155,0.19865841073271415,3678,0.3759746515593398,0.4705409064421636,0.09456625488282383,0.4760244206828898,0.42671110574515686,0.5174205765614044,18,662,493,True
hard,best_expert,category_balanced_directional,replace,0.3,5814,1737,0.29876160990712075,3678,0.3759746515593398,0.496307275778589,0.12033262421924923,0.40277137432971505,0.42671110574515686,0.5459345282844856,18,1014,723,True
hard,best_expert,category_balanced_directional,replace,0.4,5814,2318,0.39869281045751637,3678,0.3759746515593398,0.5127470111414882,0.13677235958214845,0.34305198386997887,0.42671110574515686,0.567173460033931,18,1377,941,True
hard,minilm,global_directional,blend_specialist_25,0.05,5814,290,0.04987960096319229,2979,0.3759746515593398,0.3838651097582357,0.007890458198895889,0.15819008264958861,0.42671110574515686,0.43532438640630366,18,290,0,True
hard,minilm,global_directional,blend_specialist_25,0.1,5814,581,0.0999312005503956,2979,0.3759746515593398,0.3890778838204894,0.013103232261149622,0.13112253419332856,0.42671110574515686,0.44094366165974375,18,581,0,True
hard,minilm,global_directional,blend_specialist_25,0.15,5814,872,0.1499828001375989,2979,0.3759746515593398,0.39227113158143534,0.01629648002209555,0.10865565922988936,0.42671110574515686,0.4449707361238946,18,872,0,True
hard,minilm,global_directional,blend_specialist_25,0.2,5814,1162,0.1998624011007912,2979,0.3759746515593398,0.3950684492826719,0.019093797723332084,0.09553471597543264,0.42671110574515686,0.44787188380846177,18,1162,0,True
hard,minilm,global_directional,blend_specialist_25,0.3,5814,1744,0.2999656002751978,2979,0.3759746515593398,0.3986434058837232,0.022668754324383422,0.07557117984057639,0.42671110574515686,0.45257371273409486,18,1744,0,True
hard,minilm,global_directional,blend_specialist_25,0.4,5814,2325,0.39989680082559337,2979,0.3759746515593398,0.3999287026218521,0.023954051062512305,0.05990058188277271,0.42671110574515686,0.4543663392945531,18,2325,0,True
hard,minilm,category_balanced_directional,blend_specialist_25,0.05,5814,281,0.048331613347093225,2979,0.3759746515593398,0.38358338687462484,0.007608735315285053,0.15742771218173415,0.42671110574515686,0.4346673036215043,18,281,0,True
hard,minilm,category_balanced_directional,blend_specialist_25,0.1,5814,572,0.09838321293429653,2979,0.3759746515593398,0.3888501496190943,0.01287549805975452,0.13087088412484751,0.42671110574515686,0.44018733329613213,18,572,0,True
hard,minilm,category_balanced_directional,blend_specialist_25,0.15,5814,864,0.14860681114551083,2979,0.3759746515593398,0.3923600416557551,0.01638539009641532,0.11026002085712809,0.42671110574515686,0.44424870822040385,18,864,0,True
hard,minilm,category_balanced_directional,blend_specialist_25,0.2,5814,1155,0.19865841073271415,2979,0.3759746515593398,0.39498610874441487,0.019011457185075076,0.09569923123292337,0.42671110574515686,0.4477431575457166,18,1155,0,True
hard,minilm,category_balanced_directional,blend_specialist_25,0.3,5814,1737,0.29876160990712075,2979,0.3759746515593398,0.3978673959073902,0.021892744348050386,0.07327830491627227,0.42671110574515686,0.4518892404619531,18,1737,0,True
hard,minilm,category_balanced_directional,blend_specialist_25,0.4,5814,2306,0.39662882696938423,2979,0.3759746515593398,0.3996708960224581,0.0236962444631183,0.059744130662866345,0.42671110574515686,0.45399850085700116,18,2306,0,True
hard,rumodernbert,global_directional,blend_specialist_25,0.05,5814,290,0.04987960096319229,2015,0.3759746515593398,0.38353593446751066,0.007561282908170874,0.15159068561415678,0.42671110574515686,0.4348320349723861,18,0,290,True
hard,rumodernbert,global_directional,blend_specialist_25,0.1,5814,581,0.0999312005503956,2015,0.3759746515593398,0.38896523779866593,0.01299058623932614,0.12999529844310184,0.42671110574515686,0.44074621182671625,18,0,581,True
hard,rumodernbert,global_directional,blend_specialist_25,0.15,5814,872,0.1499828001375989,2015,0.3759746515593398,0.3927393376114442,0.016764686052104405,0.11177739071896216,0.42671110574515686,0.44569061055558806,18,0,872,True
hard,rumodernbert,global_directional,blend_specialist_25,0.2,5814,1162,0.1998624011007912,2015,0.3759746515593398,0.39690264280011445,0.020927991240774657,0.10471199748181054,0.42671110574515686,0.45034178383934825,18,0,1162,True
hard,rumodernbert,global_directional,blend_specialist_25,0.3,5814,1744,0.2999656002751978,2015,0.3759746515593398,0.4010072277738228,0.025032576214483016,0.0834514897425483,0.42671110574515686,0.4557045317804788,18,0,1744,True
hard,rumodernbert,global_directional,blend_specialist_25,0.4,5814,2015,0.34657722738218094,2015,0.3759746515593398,0.4012652886439008,0.02529063708456103,0.07297258759783515,0.42671110574515686,0.455980542293431,18,0,2015,True
hard,rumodernbert,category_balanced_directional,blend_specialist_25,0.05,5814,281,0.048331613347093225,2015,0.3759746515593398,0.3836661313881286,0.007691479828788816,0.15913972855721772,0.42671110574515686,0.4346855420961451,18,0,281,True
hard,rumodernbert,category_balanced_directional,blend_specialist_25,0.1,5814,572,0.09838321293429653,2015,0.3759746515593398,0.3888315659056366,0.012856914346296822,0.13068199302337363,0.42671110574515686,0.44036439755365525,18,0,572,True
hard,rumodernbert,category_balanced_directional,blend_specialist_25,0.15,5814,864,0.14860681114551083,2015,0.3759746515593398,0.3929728904096196,0.01699823885027979,0.1143839822633411,0.42671110574515686,0.44503694676326894,18,0,864,True
hard,rumodernbert,category_balanced_directional,blend_specialist_25,0.2,5814,1155,0.19865841073271415,2015,0.3759746515593398,0.39668289592005684,0.020708244360717054,0.10424046122355753,0.42671110574515686,0.4494072253012493,18,0,1155,True
hard,rumodernbert,category_balanced_directional,blend_specialist_25,0.3,5814,1695,0.2915376676986584,2015,0.3759746515593398,0.4001109591805978,0.024136307621258013,0.08278967109734164,0.42671110574515686,0.45441289825383585,18,0,1695,True
hard,rumodernbert,category_balanced_directional,blend_specialist_25,0.4,5814,1987,0.3417612659098727,2015,0.3759746515593398,0.40126326928159983,0.025288617722260043,0.07399497908264716,0.42671110574515686,0.4559714869008183,18,0,1987,True
hard,best_expert,global_directional,blend_specialist_25,0.05,5814,290,0.04987960096319229,3678,0.3759746515593398,0.38519304370546625,0.009218392146126464,0.18481286875027333,0.42671110574515686,0.43688275621212286,18,200,90,True
hard,best_expert,global_directional,blend_specialist_25,0.1,5814,581,0.0999312005503956,3678,0.3759746515593398,0.39208633885855204,0.01611168729921225,0.16122779682895014,0.42671110574515686,0.44377090394608565,18,355,226,True
hard,best_expert,global_directional,blend_specialist_25,0.15,5814,872,0.1499828001375989,3678,0.3759746515593398,0.3972042507035975,0.021229599144257705,0.14154689154210354,0.42671110574515686,0.44979158158611254,18,507,365,True
hard,best_expert,global_directional,blend_specialist_25,0.2,5814,1162,0.1998624011007912,3678,0.3759746515593398,0.40171302925388797,0.025738377694548176,0.128780488740192,0.42671110574515686,0.45519323995671246,18,672,490,True
hard,best_expert,global_directional,blend_specialist_25,0.3,5814,1744,0.2999656002751978,3678,0.3759746515593398,0.40947774154908184,0.03350308998974205,0.1116897736240598,0.42671110574515686,0.463162646184474,18,999,745,True
hard,best_expert,global_directional,blend_specialist_25,0.4,5814,2325,0.39989680082559337,3678,0.3759746515593398,0.4140028304530261,0.038028178893686315,0.09509498154317947,0.42671110574515686,0.4693769758292951,18,1338,987,True
hard,best_expert,category_balanced_directional,blend_specialist_25,0.05,5814,281,0.048331613347093225,3678,0.3759746515593398,0.3849623471482714,0.008987695588931588,0.18595894004999378,0.42671110574515686,0.4362060018224005,18,187,94,True
hard,best_expert,category_balanced_directional,blend_specialist_25,0.1,5814,572,0.09838321293429653,3678,0.3759746515593398,0.39184145712277096,0.015866805563431174,0.16127553766746303,0.42671110574515686,0.44288394320629687,18,348,224,True
hard,best_expert,category_balanced_directional,blend_specialist_25,0.15,5814,864,0.14860681114551083,3678,0.3759746515593398,0.39657740954991333,0.02060275799057354,0.13863939231156777,0.42671110574515686,0.44856052329518536,18,506,358,True
hard,best_expert,category_balanced_directional,blend_specialist_25,0.2,5814,1155,0.19865841073271415,3678,0.3759746515593398,0.40158223544507105,0.025607583885731255,0.12890259109233032,0.42671110574515686,0.45365215107193924,18,662,493,True
hard,best_expert,category_balanced_directional,blend_specialist_25,0.3,5814,1737,0.29876160990712075,3678,0.3759746515593398,0.40871511251802983,0.03274046095869004,0.10958724237986407,0.42671110574515686,0.4617692410363168,18,1014,723,True
hard,best_expert,category_balanced_directional,blend_specialist_25,0.4,5814,2318,0.39869281045751637,3678,0.3759746515593398,0.4126126441195583,0.03663799256021849,0.09189529281497424,0.42671110574515686,0.46692338806716055,18,1377,941,True
hard,minilm,global_directional,blend_50_50,0.05,5814,290,0.04987960096319229,2979,0.3759746515593398,0.39015430509282434,0.014179653533484549,0.2842776056678592,0.42671110574515686,0.4419895706103686,18,290,0,True
hard,minilm,global_directional,blend_50_50,0.1,5814,581,0.0999312005503956,2979,0.3759746515593398,0.4004665213806827,0.024491869821342938,0.24508731693853328,0.42671110574515686,0.4520234738342594,18,581,0,True
hard,minilm,global_directional,blend_50_50,0.15,5814,872,0.1499828001375989,2979,0.3759746515593398,0.4066444158549876,0.030669764295647828,0.20448854313634915,0.42671110574515686,0.4595481953173939,18,872,0,True
hard,minilm,global_directional,blend_50_50,0.2,5814,1162,0.1998624011007912,2979,0.3759746515593398,0.41226515667889996,0.03629050511956017,0.18157744988392668,0.42671110574515686,0.46502861606731294,18,1162,0,True
hard,minilm,global_directional,blend_50_50,0.3,5814,1744,0.2999656002751978,2979,0.3759746515593398,0.41969528606879614,0.043720634509456346,0.14575216114563028,0.42671110574515686,0.47427336693198197,18,1744,0,True
hard,minilm,global_directional,blend_50_50,0.4,5814,2325,0.39989680082559337,2979,0.3759746515593398,0.421718415538469,0.045743763979129215,0.11438892205361603,0.42671110574515686,0.4777098408779113,18,2325,0,True
hard,minilm,category_balanced_directional,blend_50_50,0.05,5814,281,0.048331613347093225,2979,0.3759746515593398,0.3896235113331678,0.013648859773828015,0.28240025169051985,0.42671110574515686,0.4407001409439769,18,281,0,True
hard,minilm,category_balanced_directional,blend_50_50,0.1,5814,572,0.09838321293429653,2979,0.3759746515593398,0.40025859619146575,0.024283944632125964,0.24683016449507056,0.42671110574515686,0.45069408984762216,18,572,0,True
hard,minilm,category_balanced_directional,blend_50_50,0.15,5814,864,0.14860681114551083,2979,0.3759746515593398,0.40709842907995736,0.031123777520617568,0.20943708623248905,0.42671110574515686,0.45823059084400153,18,864,0,True
hard,minilm,category_balanced_directional,blend_50_50,0.2,5814,1155,0.19865841073271415,2979,0.3759746515593398,0.41255407792508436,0.03657942636574457,0.1841322812904233,0.42671110574515686,0.4645921892979381,18,1155,0,True
hard,minilm,category_balanced_directional,blend_50_50,0.3,5814,1737,0.29876160990712075,2979,0.3759746515593398,0.41817586497627807,0.04220121341693828,0.1412538024214618,0.42671110574515686,0.4727100995250412,18,1737,0,True
hard,minilm,category_balanced_directional,blend_50_50,0.4,5814,2306,0.39662882696938423,2979,0.3759746515593398,0.4215116254839578,0.04553697392461803,0.11481004613951831,0.42671110574515686,0.47709882718489616,18,2306,0,True
hard,rumodernbert,global_directional,blend_50_50,0.05,5814,290,0.04987960096319229,2015,0.3759746515593398,0.38897095826557204,0.012996306706232252,0.26055354203460107,0.42671110574515686,0.4410718281954997,18,0,290,True
hard,rumodernbert,global_directional,blend_50_50,0.1,5814,581,0.0999312005503956,2015,0.3759746515593398,0.39861893698830286,0.022644285428963074,0.2265987529844945,0.42671110574515686,0.4516166919569369,18,0,581,True
hard,rumodernbert,global_directional,blend_50_50,0.15,5814,872,0.1499828001375989,2015,0.3759746515593398,0.4062560308142495,0.0302813792549097,0.20189901260096904,0.42671110574515686,0.46058193677120624,18,0,872,True
hard,rumodernbert,global_directional,blend_50_50,0.2,5814,1162,0.1998624011007912,2015,0.3759746515593398,0.41478425936824836,0.038809607808908575,0.19418163494061483,0.42671110574515686,0.46916116755928106,18,0,1162,True
hard,rumodernbert,global_directional,blend_50_50,0.3,5814,1744,0.2999656002751978,2015,0.3759746515593398,0.42279496047177684,0.04682030891243705,0.15608559404639277,0.42671110574515686,0.4816907820954209,18,0,1744,True
hard,rumodernbert,global_directional,blend_50_50,0.4,5814,2015,0.34657722738218094,2015,0.3759746515593398,0.4233294139481984,0.04735476238885861,0.13663552780586796,0.42671110574515686,0.48224784454184055,18,0,2015,True
hard,rumodernbert,category_balanced_directional,blend_50_50,0.05,5814,281,0.048331613347093225,2015,0.3759746515593398,0.3889936148302952,0.01301896327095542,0.26936744646738364,0.42671110574515686,0.4406721953457537,18,0,281,True
hard,rumodernbert,category_balanced_directional,blend_50_50,0.1,5814,572,0.09838321293429653,2015,0.3759746515593398,0.3994405261561326,0.023465874596792835,0.23851502605900968,0.42671110574515686,0.4509772868343444,18,0,572,True
hard,rumodernbert,category_balanced_directional,blend_50_50,0.15,5814,864,0.14860681114551083,2015,0.3759746515593398,0.40662910533948926,0.03065445378014947,0.20627892856225583,0.42671110574515686,0.4592700758536933,18,0,864,True
hard,rumodernbert,category_balanced_directional,blend_50_50,0.2,5814,1155,0.19865841073271415,2015,0.3759746515593398,0.41434045255824326,0.038365800998903465,0.1931244735996751,0.42671110574515686,0.467476408732167,18,0,1155,True
hard,rumodernbert,category_balanced_directional,blend_50_50,0.3,5814,1695,0.2915376676986584,2015,0.3759746515593398,0.4209853535325391,0.045010701973199285,0.15439069101603578,0.42671110574515686,0.4779813043211227,18,0,1695,True
hard,rumodernbert,category_balanced_directional,blend_50_50,0.4,5814,1987,0.3417612659098727,2015,0.3759746515593398,0.4233247559444927,0.047350104385152914,0.1385473109689376,0.42671110574515686,0.48223174612359826,18,0,1987,True
hard,best_expert,global_directional,blend_50_50,0.05,5814,290,0.04987960096319229,3678,0.3759746515593398,0.392141423562413,0.016166772003073204,0.3241159049167849,0.42671110574515686,0.44472607654768365,18,200,90,True
hard,best_expert,global_directional,blend_50_50,0.1,5814,581,0.0999312005503956,3678,0.3759746515593398,0.40472027416623674,0.028745622606896948,0.28765413052753674,0.42671110574515686,0.45720365680891206,18,355,226,True
hard,best_expert,global_directional,blend_50_50,0.15,5814,872,0.1499828001375989,3678,0.3759746515593398,0.41519958279232555,0.03922493123298576,0.2615295300327743,0.42671110574515686,0.46818259533470374,18,507,365,True
hard,best_expert,global_directional,blend_50_50,0.2,5814,1162,0.1998624011007912,3678,0.3759746515593398,0.4239032874891996,0.0479286359298598,0.2398081663478527,0.42671110574515686,0.4781232455504599,18,672,490,True
hard,best_expert,global_directional,blend_50_50,0.3,5814,1744,0.2999656002751978,3678,0.3759746515593398,0.43875617762224084,0.06278152606290105,0.20929575259730887,0.42671110574515686,0.49337815037312793,18,999,745,True
hard,best_expert,global_directional,blend_50_50,0.4,5814,2325,0.39989680082559337,3678,0.3759746515593398,0.44718967821669836,0.07121502665735857,0.17808351182188506,0.42671110574515686,0.5060603133113111,18,1338,987,True
hard,best_expert,category_balanced_directional,blend_50_50,0.05,5814,281,0.048331613347093225,3678,0.3759746515593398,0.39179344492462564,0.015818793365285855,0.3272970271379785,0.42671110574515686,0.44332171981453333,18,187,94,True
hard,best_expert,category_balanced_directional,blend_50_50,0.1,5814,572,0.09838321293429653,3678,0.3759746515593398,0.4043605588974286,0.028385907338088823,0.2885238903210637,0.42671110574515686,0.4555363375933139,18,348,224,True
hard,best_expert,category_balanced_directional,blend_50_50,0.15,5814,864,0.14860681114551083,3678,0.3759746515593398,0.41534863188656446,0.03937398032722467,0.2649540759519493,0.42671110574515686,0.4659757917480922,18,506,358,True
hard,best_expert,category_balanced_directional,blend_50_50,0.2,5814,1155,0.19865841073271415,3678,0.3759746515593398,0.4236007532484297,0.04762610168908993,0.23973866252845785,0.42671110574515686,0.4753740150093605,18,662,493,True
hard,best_expert,category_balanced_directional,blend_50_50,0.3,5814,1737,0.29876160990712075,3678,0.3759746515593398,0.4365714573429989,0.06059680578365911,0.20282661417742895,0.42671110574515686,0.4905190260244805,18,1014,723,True
hard,best_expert,category_balanced_directional,blend_50_50,0.4,5814,2318,0.39869281045751637,3678,0.3759746515593398,0.4450099364152542,0.06903528485591442,0.1731540751304083,0.42671110574515686,0.501122862176857,18,1377,941,True
hard,minilm,global_directional,blend_specialist_75,0.05,5814,290,0.04987960096319229,2979,0.3759746515593398,0.39591871498040876,0.01994406342106897,0.39984408527618964,0.42671110574515686,0.44823626760822144,18,290,0,True
hard,minilm,global_directional,blend_specialist_75,0.1,5814,581,0.0999312005503956,2979,0.3759746515593398,0.4106489279777078,0.03467427641836801,0.34698148553595803,0.42671110574515686,0.4624428956681843,18,581,0,True
hard,minilm,global_directional,blend_specialist_75,0.15,5814,872,0.1499828001375989,2979,0.3759746515593398,0.4200243804095039,0.044049728850164116,0.2936985361638236,0.42671110574515686,0.4731839357291121,18,872,0,True
hard,minilm,global_directional,blend_specialist_75,0.2,5814,1162,0.1998624011007912,2979,0.3759746515593398,0.42778540614458227,0.05181075458524248,0.2592321232001719,0.42671110574515686,0.48126493424448424,18,1162,0,True
hard,minilm,global_directional,blend_specialist_75,0.3,5814,1744,0.2999656002751978,2979,0.3759746515593398,0.4382226901948449,0.0622480386355051,0.20751725724015288,0.42671110574515686,0.49494166101302084,18,1744,0,True
hard,minilm,global_directional,blend_specialist_75,0.4,5814,2325,0.39989680082559337,2979,0.3759746515593398,0.441462298250322,0.06548764669098223,0.1637613668220949,0.42671110574515686,0.500605254125842,18,2325,0,True
hard,minilm,category_balanced_directional,blend_specialist_75,0.05,5814,281,0.048331613347093225,2979,0.3759746515593398,0.39488535930433055,0.018910707744990762,0.39126994601201526,0.42671110574515686,0.4462545566778646,18,281,0,True
hard,minilm,category_balanced_directional,blend_specialist_75,0.1,5814,572,0.09838321293429653,2979,0.3759746515593398,0.4103079731435986,0.034333321584258836,0.34897540505398755,0.42671110574515686,0.4605622838180862,18,572,0,True
hard,minilm,category_balanced_directional,blend_specialist_75,0.15,5814,864,0.14860681114551083,2979,0.3759746515593398,0.42095252446326414,0.044977872903924354,0.30266360308265766,0.42671110574515686,0.47131001790449173,18,864,0,True
hard,minilm,category_balanced_directional,blend_specialist_75,0.2,5814,1155,0.19865841073271415,2979,0.3759746515593398,0.4278786893796289,0.05190403782028913,0.26127279297589695,0.42671110574515686,0.48042957875477815,18,1155,0,True
hard,minilm,category_balanced_directional,blend_specialist_75,0.3,5814,1737,0.29876160990712075,2979,0.3759746515593398,0.4361534576623929,0.060178806103053095,0.20142750643819843,0.42671110574515686,0.49247687849057686,18,1737,0,True
hard,minilm,category_balanced_directional,blend_specialist_75,0.4,5814,2306,0.39662882696938423,2979,0.3759746515593398,0.4411814103340791,0.0652067587747393,0.16440246986831497,0.42671110574515686,0.4993379457263012,18,2306,0,True
hard,rumodernbert,global_directional,blend_specialist_75,0.05,5814,290,0.04987960096319229,2015,0.3759746515593398,0.3945074030479814,0.018532751488641586,0.3715497143274558,0.42671110574515686,0.4471180771458785,18,0,290,True
hard,rumodernbert,global_directional,blend_specialist_75,0.1,5814,581,0.0999312005503956,2015,0.3759746515593398,0.4083299674302999,0.03235531587096013,0.3237759147569057,0.42671110574515686,0.4617597961618318,18,0,581,True
hard,rumodernbert,global_directional,blend_specialist_75,0.15,5814,872,0.1499828001375989,2015,0.3759746515593398,0.41983415487825987,0.04385950331892008,0.29243022052316664,0.42671110574515686,0.4743772166686109,18,0,872,True
hard,rumodernbert,global_directional,blend_specialist_75,0.2,5814,1162,0.1998624011007912,2015,0.3759746515593398,0.4312520214439346,0.05527736988459481,0.27657713296818776,0.42671110574515686,0.4865685313221177,18,0,1162,True
hard,rumodernbert,global_directional,blend_specialist_75,0.3,5814,1744,0.2999656002751978,2015,0.3759746515593398,0.44277550080104844,0.06680084924170865,0.22269503296519155,0.42671110574515686,0.5047981662865743,18,0,1744,True
hard,rumodernbert,global_directional,blend_specialist_75,0.4,5814,2015,0.34657722738218094,2015,0.3759746515593398,0.4435460971083211,0.06757144554898131,0.19496793271552226,0.42671110574515686,0.5057086215752229,18,0,2015,True
hard,rumodernbert,category_balanced_directional,blend_specialist_75,0.05,5814,281,0.048331613347093225,2015,0.3759746515593398,0.39436426987687767,0.01838961831753788,0.38048840177283005,0.42671110574515686,0.4464208926272313,18,0,281,True
hard,rumodernbert,category_balanced_directional,blend_specialist_75,0.1,5814,572,0.09838321293429653,2015,0.3759746515593398,0.4101978694021834,0.0342232178428436,0.3478562736683439,0.42671110574515686,0.4609018427323859,18,0,572,True
hard,rumodernbert,category_balanced_directional,blend_specialist_75,0.15,5814,864,0.14860681114551083,2015,0.3759746515593398,0.4199832675582038,0.04400861599886402,0.29614131182568915,0.42671110574515686,0.47248843277048486,18,0,864,True
hard,rumodernbert,category_balanced_directional,blend_specialist_75,0.2,5814,1155,0.19865841073271415,2015,0.3759746515593398,0.43061764927520385,0.05464299771586406,0.27506007681388195,0.42671110574515686,0.48399731944417135,18,0,1155,True
hard,rumodernbert,category_balanced_directional,blend_specialist_75,0.3,5814,1695,0.2915376676986584,2015,0.3759746515593398,0.440100024240498,0.0641253726811582,0.21995570310811433,0.42671110574515686,0.49915920233487515,18,0,1695,True
hard,rumodernbert,category_balanced_directional,blend_specialist_75,0.4,5814,1987,0.3417612659098727,2015,0.3759746515593398,0.44353949592955744,0.06756484437021765,0.19769602675815068,0.42671110574515686,0.5056840237948184,18,0,1987,True
hard,best_expert,global_directional,blend_specialist_75,0.05,5814,290,0.04987960096319229,3678,0.3759746515593398,0.39859599315475575,0.022621341595415956,0.4535188966749944,0.42671110574515686,0.45230025211863234,18,200,90,True
hard,best_expert,global_directional,blend_specialist_75,0.1,5814,581,0.0999312005503956,3678,0.3759746515593398,0.41695894979609194,0.04098429823675215,0.41012514621080376,0.42671110574515686,0.4700655525869166,18,355,226,True
hard,best_expert,global_directional,blend_specialist_75,0.15,5814,872,0.1499828001375989,3678,0.3759746515593398,0.4329498480619084,0.056975196502568604,0.3798782023691902,0.42671110574515686,0.48563749189489,18,507,365,True
hard,best_expert,global_directional,blend_specialist_75,0.2,5814,1162,0.1998624011007912,3678,0.3759746515593398,0.44593120822746496,0.06995655666812517,0.3500235976492941,0.42671110574515686,0.4996755507321949,18,672,490,True
hard,best_expert,global_directional,blend_specialist_75,0.3,5814,1744,0.2999656002751978,3678,0.3759746515593398,0.46718746150586377,0.09121280994652398,0.3040775671038362,0.42671110574515686,0.5221231520055398,18,999,745,True
hard,best_expert,global_directional,blend_specialist_75,0.4,5814,2325,0.39989680082559337,3678,0.3759746515593398,0.4795007823445883,0.10352613078524853,0.25888211801524086,0.42671110574515686,0.5407031695976803,18,1338,987,True
hard,best_expert,category_balanced_directional,blend_specialist_75,0.05,5814,281,0.048331613347093225,3678,0.3759746515593398,0.3981681564861941,0.02219350492685429,0.45919230478551903,0.42671110574515686,0.45006765454979786,18,187,94,True
hard,best_expert,category_balanced_directional,blend_specialist_75,0.1,5814,572,0.09838321293429653,3678,0.3759746515593398,0.41665243065289165,0.04067777909355186,0.41346260078655683,0.42671110574515686,0.46753563932327463,18,348,224,True
hard,best_expert,category_balanced_directional,blend_specialist_75,0.15,5814,864,0.14860681114551083,3678,0.3759746515593398,0.43338605007993825,0.057411398520598456,0.3863308692115271,0.42671110574515686,0.48257878568665036,18,506,358,True
hard,best_expert,category_balanced_directional,blend_specialist_75,0.2,5814,1155,0.19865841073271415,3678,0.3759746515593398,0.445968222074503,0.0699935705151632,0.3523312718399643,0.42671110574515686,0.49594479566623173,18,662,493,True
hard,best_expert,category_balanced_directional,blend_specialist_75,0.3,5814,1737,0.29876160990712075,3678,0.3759746515593398,0.4644080777035339,0.08843342614419408,0.29599996522875327,0.42671110574515686,0.5176779668028557,18,1014,723,True
hard,best_expert,category_balanced_directional,blend_specialist_75,0.4,5814,2318,0.39869281045751637,3678,0.3759746515593398,0.4762777191025932,0.10030306754325341,0.25157982514947164,0.42671110574515686,0.53349709018669,18,1377,941,True
hard,minilm,global_directional,mean_normalized_rank,0.05,5814,290,0.04987960096319229,2877,0.3759746515593398,0.38462835687037866,0.008653705311038873,0.17349187130475865,0.42671110574515686,0.4362724673213204,18,290,0,True
hard,minilm,global_directional,mean_normalized_rank,0.1,5814,581,0.0999312005503956,2877,0.3759746515593398,0.39234744706350394,0.01637279550416415,0.16384067652531906,0.42671110574515686,0.4444181871149863,18,581,0,True
hard,minilm,global_directional,mean_normalized_rank,0.15,5814,872,0.1499828001375989,2877,0.3759746515593398,0.3988058299134607,0.022831178354120907,0.1522253107234621,0.42671110574515686,0.45045079194590276,18,872,0,True
hard,minilm,global_directional,mean_normalized_rank,0.2,5814,1162,0.1998624011007912,2877,0.3759746515593398,0.4042580015375669,0.028283349978227124,0.14151411082049267,0.42671110574515686,0.45608200910433255,18,1162,0,True
hard,minilm,global_directional,mean_normalized_rank,0.3,5814,1744,0.2999656002751978,2877,0.3759746515593398,0.4119338007823198,0.03595914922297999,0.11987757659541609,0.42671110574515686,0.4647207298403455,18,1744,0,True
hard,minilm,global_directional,mean_normalized_rank,0.4,5814,2325,0.39989680082559337,2877,0.3759746515593398,0.41834851142210405,0.04237385986276426,0.10596198763101568,0.42671110574515686,0.4722997089027923,18,2325,0,True
hard,minilm,category_balanced_directional,mean_normalized_rank,0.05,5814,281,0.048331613347093225,2877,0.3759746515593398,0.3848873181238301,0.008912666564490301,0.18440656016351106,0.42671110574515686,0.436198054961234,18,281,0,True
hard,minilm,category_balanced_directional,mean_normalized_rank,0.1,5814,572,0.09838321293429653,2877,0.3759746515593398,0.39262992548988707,0.016655273930547276,0.16928979481154172,0.42671110574515686,0.44390816281199885,18,572,0,True
hard,minilm,category_balanced_directional,mean_normalized_rank,0.15,5814,864,0.14860681114551083,2877,0.3759746515593398,0.39976693492642773,0.02379228336708794,0.16010224015769595,0.42671110574515686,0.4506142082109724,18,864,0,True
hard,minilm,category_balanced_directional,mean_normalized_rank,0.2,5814,1155,0.19865841073271415,2877,0.3759746515593398,0.4039247792307773,0.027950127671437508,0.14069440890193738,0.42671110574515686,0.45615052892801156,18,1155,0,True
hard,minilm,category_balanced_directional,mean_normalized_rank,0.3,5814,1737,0.29876160990712075,2877,0.3759746515593398,0.4123867118685264,0.03641206030918659,0.12187663709707014,0.42671110574515686,0.4648022322060193,18,1737,0,True
hard,minilm,category_balanced_directional,mean_normalized_rank,0.4,5814,2296,0.3949088407292742,2877,0.3759746515593398,0.4179089434946301,0.0419342919352903,0.106187270606175,0.42671110574515686,0.4712698602631602,18,2296,0,True
hard,rumodernbert,global_directional,mean_normalized_rank,0.05,5814,290,0.04987960096319229,2763,0.3759746515593398,0.38247642130986104,0.006501769750521247,0.13034927355010528,0.42671110574515686,0.4343622229430917,18,0,290,True
hard,rumodernbert,global_directional,mean_normalized_rank,0.1,5814,581,0.0999312005503956,2763,0.3759746515593398,0.3886574474351516,0.012682795875811836,0.12691527576931155,0.42671110574515686,0.44060386633306997,18,0,581,True
hard,rumodernbert,global_directional,mean_normalized_rank,0.15,5814,872,0.1499828001375989,2763,0.3759746515593398,0.394353848215127,0.01837919665578719,0.12254202907883797,0.42671110574515686,0.4462658646512565,18,0,872,True
hard,rumodernbert,global_directional,mean_normalized_rank,0.2,5814,1162,0.1998624011007912,2763,0.3759746515593398,0.39944217515181074,0.02346752359247095,0.1174184011760982,0.42671110574515686,0.45138119021405065,18,0,1162,True
hard,rumodernbert,global_directional,mean_normalized_rank,0.3,5814,1744,0.2999656002751978,2763,0.3759746515593398,0.4063542253448771,0.030379573785537295,0.10127685893871205,0.42671110574515686,0.459115718643419,18,0,1744,True
hard,rumodernbert,global_directional,mean_normalized_rank,0.4,5814,2325,0.39989680082559337,2763,0.3759746515593398,0.4124915914382218,0.03651693987888199,0.09131590901325588,0.42671110574515686,0.466229584006285,18,0,2325,True
hard,rumodernbert,category_balanced_directional,mean_normalized_rank,0.05,5814,281,0.048331613347093225,2763,0.3759746515593398,0.3834296515812017,0.007455000021861891,0.1542468687797332,0.42671110574515686,0.43528007154933457,18,0,281,True
hard,rumodernbert,category_balanced_directional,mean_normalized_rank,0.1,5814,572,0.09838321293429653,2763,0.3759746515593398,0.3901854520084828,0.014210800449143024,0.14444334582398172,0.42671110574515686,0.44190437589061715,18,0,572,True
hard,rumodernbert,category_balanced_directional,mean_normalized_rank,0.15,5814,864,0.14860681114551083,2763,0.3759746515593398,0.3958233645288877,0.019848712969547933,0.1335652976909163,0.42671110574515686,0.4479107314444285,18,0,864,True
hard,rumodernbert,category_balanced_directional,mean_normalized_rank,0.2,5814,1155,0.19865841073271415,2763,0.3759746515593398,0.39984077223065645,0.02386612067131666,0.12013647236626411,0.42671110574515686,0.4531887421466274,18,0,1155,True
hard,rumodernbert,category_balanced_directional,mean_normalized_rank,0.3,5814,1737,0.29876160990712075,2763,0.3759746515593398,0.40652753813232684,0.030552886572987048,0.10226510220802919,0.42671110574515686,0.46102716904501073,18,0,1737,True
hard,rumodernbert,category_balanced_directional,mean_normalized_rank,0.4,5814,2307,0.39680082559339525,2763,0.3759746515593398,0.412943086382483,0.036968434823143215,0.09316622456079525,0.42671110574515686,0.4670319611828134,18,0,2307,True
hard,best_expert,global_directional,mean_normalized_rank,0.05,5814,290,0.04987960096319229,3907,0.3759746515593398,0.3847354827849058,0.008760831225566035,0.1756395611911756,0.42671110574515686,0.4367487226615416,18,157,133,True
hard,best_expert,global_directional,mean_normalized_rank,0.1,5814,581,0.0999312005503956,3907,0.3759746515593398,0.39178282322835645,0.015808171669016657,0.15819055091852469,0.42671110574515686,0.44415854167700836,18,311,270,True
hard,best_expert,global_directional,mean_normalized_rank,0.15,5814,872,0.1499828001375989,3907,0.3759746515593398,0.39947916729001925,0.023504515730679465,0.15671474135111285,0.42671110574515686,0.4523365139338077,18,461,411,True
hard,best_expert,global_directional,mean_normalized_rank,0.2,5814,1162,0.1998624011007912,3907,0.3759746515593398,0.4052521095871835,0.029277458027843706,0.14648807312726617,0.42671110574515686,0.4588523668045509,18,622,540,True
hard,best_expert,global_directional,mean_normalized_rank,0.3,5814,1744,0.2999656002751978,3907,0.3759746515593398,0.41825579578717187,0.04228114422783208,0.14095330994301358,0.42671110574515686,0.47139652616831945,18,915,829,True
hard,best_expert,global_directional,mean_normalized_rank,0.4,5814,2325,0.39989680082559337,3907,0.3759746515593398,0.4281513873545959,0.05217673579525611,0.1304755018983308,0.42671110574515686,0.4812704471988845,18,1210,1115,True
hard,best_expert,category_balanced_directional,mean_normalized_rank,0.05,5814,281,0.048331613347093225,3907,0.3759746515593398,0.3846261997187239,0.008651548159384126,0.17900391814469505,0.42671110574515686,0.43689149818289785,18,160,121,True
hard,best_expert,category_balanced_directional,mean_normalized_rank,0.1,5814,572,0.09838321293429653,3907,0.3759746515593398,0.3927703424874427,0.016795690928102902,0.1707170403076753,0.42671110574515686,0.44511839961242344,18,313,259,True
hard,best_expert,category_balanced_directional,mean_normalized_rank,0.15,5814,864,0.14860681114551083,3907,0.3759746515593398,0.4011151186728779,0.025140467113538123,0.1691743932848503,0.42671110574515686,0.4529267173980149,18,475,389,True
hard,best_expert,category_balanced_directional,mean_normalized_rank,0.2,5814,1155,0.19865841073271415,3907,0.3759746515593398,0.40753605983302543,0.03156140827368564,0.15887275125818903,0.42671110574515686,0.45963941230641375,18,627,528,True
hard,best_expert,category_balanced_directional,mean_normalized_rank,0.3,5814,1737,0.29876160990712075,3907,0.3759746515593398,0.4196130451237381,0.0436383935643983,0.1460642603243591,0.42671110574515686,0.4732396207925419,18,921,816,True
hard,best_expert,category_balanced_directional,mean_normalized_rank,0.4,5814,2318,0.39869281045751637,3907,0.3759746515593398,0.4266777702445611,0.050703118685221316,0.1271733960465387,0.42671110574515686,0.48194502131128003,18,1203,1115,True
ood,minilm,global_directional,replace,0.05,41171,2058,0.04998664108231522,17578,0.6412704537924441,0.7097605942495768,0.06849014045713275,1.370168888610599,0.7448364257608138,0.7826466911284,2,2058,0,True
ood,minilm,global_directional,replace,0.1,41171,4117,0.0999975711058755,17578,0.6412704537924441,0.7357850766770471,0.094514622884603,0.9451691860048554,0.7448364257608138,0.7996716275350155,2,4117,0,True
ood,minilm,global_directional,replace,0.15,41171,6175,0.14998421218819072,17578,0.6412704537924441,0.7474694818886987,0.10619902809625459,0.7080680462754491,0.7448364257608138,0.8097408433270054,2,6175,0,True
ood,minilm,global_directional,replace,0.2,41171,8234,0.199995142211751,17578,0.6412704537924441,0.7532009541291405,0.11193050033669638,0.5596660953803895,0.7448364257608138,0.8152391618918653,2,8234,0,True
ood,minilm,global_directional,replace,0.3,41171,12351,0.2999927133176265,17578,0.6412704537924441,0.7582362522201381,0.11696579842769406,0.389895464907019,0.7448364257608138,0.8208134348855466,2,12351,0,True
ood,minilm,global_directional,replace,0.4,41171,16468,0.399990284423502,17578,0.6412704537924441,0.7590197353011993,0.11774928150875519,0.29438035395900897,0.7448364257608138,0.8216428226229515,2,16468,0,True
ood,minilm,category_balanced_directional,replace,0.05,41171,2057,0.04996235214107017,17578,0.6412704537924441,0.7135620296421632,0.07229157584971913,1.4469209865380583,0.7448364257608138,0.7825841401641475,2,2057,0,True
ood,minilm,category_balanced_directional,replace,0.1,41171,4116,0.09997328216463044,17578,0.6412704537924441,0.7373793573317269,0.09610890353928281,0.961345886204036,0.7448364257608138,0.799259205791548,2,4116,0,True
ood,minilm,category_balanced_directional,replace,0.15,41171,6175,0.14998421218819072,17578,0.6412704537924441,0.7472662741612368,0.10599582036879274,0.706713185490456,0.7448364257608138,0.8080951308187274,2,6175,0,True
ood,minilm,category_balanced_directional,replace,0.2,41171,8233,0.19997085327050593,17578,0.6412704537924441,0.7526423685959827,0.11137191480353859,0.5569407390230156,0.7448364257608138,0.8138924018145173,2,8233,0,True
ood,minilm,category_balanced_directional,replace,0.3,41171,12351,0.2999927133176265,17578,0.6412704537924441,0.7569377809336699,0.11566732714122585,0.38556712215459554,0.7448364257608138,0.8189278502628559,2,12351,0,True
ood,minilm,category_balanced_directional,replace,0.4,41171,16329,0.39661412159043985,17578,0.6412704537924441,0.7588165531628186,0.11754609937037452,0.2963739639400876,0.7448364257608138,0.8213707044868481,2,16329,0,True
ood,rumodernbert,global_directional,replace,0.05,41171,2058,0.04998664108231522,11170,0.6412704537924441,0.7071147416664532,0.06584428787400909,1.3172376948789253,0.7448364257608138,0.7859290040064206,2,0,2058,True
ood,rumodernbert,global_directional,replace,0.1,41171,4117,0.0999975711058755,11170,0.6412704537924441,0.7371636075729777,0.09589315378053365,0.9589548298028542,0.7448364257608138,0.805121632583755,2,0,4117,True
ood,rumodernbert,global_directional,replace,0.15,41171,6175,0.14998421218819072,11170,0.6412704537924441,0.7523063119288016,0.11103585813635752,0.74031697414283,0.7448364257608138,0.8177373513529379,2,0,6175,True
ood,rumodernbert,global_directional,replace,0.2,41171,8234,0.199995142211751,11170,0.6412704537924441,0.7594695270612986,0.11819907326885448,0.5910097213446694,0.7448364257608138,0.8246964765856601,2,0,8234,True
ood,rumodernbert,global_directional,replace,0.3,41171,11170,0.2713074737072211,11170,0.6412704537924441,0.7622194079790308,0.12094895418658669,0.4458003037435954,0.7448364257608138,0.827718021543741,2,0,11170,True
ood,rumodernbert,global_directional,replace,0.4,41171,11170,0.2713074737072211,11170,0.6412704537924441,0.7622194079790308,0.12094895418658669,0.4458003037435954,0.7448364257608138,0.827718021543741,2,0,11170,True
ood,rumodernbert,category_balanced_directional,replace,0.05,41171,2057,0.04996235214107017,11170,0.6412704537924441,0.7130060942609293,0.07173564046848524,1.4357939006942178,0.7448364257608138,0.7854094550167845,2,0,2057,True
ood,rumodernbert,category_balanced_directional,replace,0.1,41171,4116,0.09997328216463044,11170,0.6412704537924441,0.7397006044128243,0.09843015062038019,0.9845645605421945,0.7448364257608138,0.8045155941896546,2,0,4116,True
ood,rumodernbert,category_balanced_directional,replace,0.15,41171,6175,0.14998421218819072,11170,0.6412704537924441,0.7525299022600089,0.11125944846756486,0.7418077332563745,0.7448364257608138,0.816269879329217,2,0,6175,True
ood,rumodernbert,category_balanced_directional,replace,0.2,41171,8233,0.19997085327050593,11170,0.6412704537924441,0.7586142132321814,0.1173437594397373,0.5868043143317654,0.7448364257608138,0.8228603596210645,2,0,8233,True
ood,rumodernbert,category_balanced_directional,replace,0.3,41171,10561,0.25651550848898497,11170,0.6412704537924441,0.7619156113353109,0.12064515754286687,0.4703230547483545,0.7448364257608138,0.8272978801121542,2,0,10561,True
ood,rumodernbert,category_balanced_directional,replace,0.4,41171,11170,0.2713074737072211,11170,0.6412704537924441,0.7622194079790308,0.12094895418658669,0.4458003037435954,0.7448364257608138,0.827718021543741,2,0,11170,True
ood,best_expert,global_directional,replace,0.05,41171,2058,0.04998664108231522,21663,0.6412704537924441,0.7240831548463401,0.08281270105389604,1.6566966545626598,0.7448364257608138,0.7927724495675077,2,1084,974,True
ood,best_expert,global_directional,replace,0.1,41171,4117,0.0999975711058755,21663,0.6412704537924441,0.766844855703161,0.1255744019107169,1.2557745205407154,0.7448364257608138,0.8177585023885845,2,2156,1961,True
ood,best_expert,global_directional,replace,0.15,41171,6175,0.14998421218819072,21663,0.6412704537924441,0.7892982895742535,0.14802783578180945,0.9869561177284011,0.7448364257608138,0.8341719382027659,2,3258,2917,True
ood,best_expert,global_directional,replace,0.2,41171,8234,0.199995142211751,21663,0.6412704537924441,0.8029022097666567,0.16163175597421264,0.8081784096689711,0.7448364257608138,0.8458072236616725,2,4431,3803,True
ood,best_expert,global_directional,replace,0.3,41171,12351,0.2999927133176265,21663,0.6412704537924441,0.8148966685608897,0.17362621476844564,0.578768106892695,0.7448364257608138,0.8577506985502342,2,7035,5316,True
ood,best_expert,global_directional,replace,0.4,41171,16468,0.399990284423502,21663,0.6412704537924441,0.8181239285335393,0.17685347474109525,0.4421444260727248,0.7448364257608138,0.8612783111964436,2,10152,6316,True
ood,best_expert,category_balanced_directional,replace,0.05,41171,2057,0.04996235214107017,21663,0.6412704537924441,0.7317912401353563,0.09052078634291227,1.8117799195547113,0.7448364257608138,0.7918608207189028,2,1089,968,True
ood,best_expert,category_balanced_directional,replace,0.1,41171,4116,0.09997328216463044,21663,0.6412704537924441,0.7713305097322432,0.13006005593979908,1.3009481445815034,0.7448364257608138,0.8174249718006497,2,2158,1958,True
ood,best_expert,category_balanced_directional,replace,0.15,41171,6175,0.14998421218819072,21663,0.6412704537924441,0.7916229609696915,0.15035250717724746,1.0024555583796688,0.7448364257608138,0.8332679895207091,2,3260,2915,True
ood,best_expert,category_balanced_directional,replace,0.2,41171,8233,0.19997085327050593,21663,0.6412704537924441,0.8031677379586948,0.1618972841662507,0.8096044074345571,0.7448364257608138,0.844144293778338,2,4432,3801,True
ood,best_expert,category_balanced_directional,replace,0.3,41171,12351,0.2999927133176265,21663,0.6412704537924441,0.8138437503666742,0.17257329657423015,0.5752582943290121,0.7448364257608138,0.8557685722852533,2,7105,5246,True
ood,best_expert,category_balanced_directional,replace,0.4,41171,16467,0.3999659954822569,21663,0.6412704537924441,0.8168971328315191,0.17562667903907503,0.43910402639932944,0.7448364257608138,0.8595275995382152,2,10322,6145,True
ood,minilm,global_directional,blend_specialist_25,0.05,41171,2058,0.04998664108231522,17578,0.6412704537924441,0.6622739041453013,0.021003450352857223,0.42018127039722286,0.7448364257608138,0.7572036289880835,2,2058,0,True
ood,minilm,global_directional,blend_specialist_25,0.1,41171,4117,0.0999975711058755,17578,0.6412704537924441,0.66990918113046,0.02863872733801598,0.2863942295927753,0.7448364257608138,0.7624175846131738,2,4117,0,True
ood,minilm,global_directional,blend_specialist_25,0.15,41171,6175,0.14998421218819072,17578,0.6412704537924441,0.6732068630625353,0.031936409270091226,0.21293180664921876,0.7448364257608138,0.7654256175699244,2,6175,0,True
ood,minilm,global_directional,blend_specialist_25,0.2,41171,8234,0.199995142211751,17578,0.6412704537924441,0.6748241032021943,0.03355364940975025,0.16777232206082435,0.7448364257608138,0.76703130562959,2,8234,0,True
ood,minilm,global_directional,blend_specialist_25,0.3,41171,12351,0.2999927133176265,17578,0.6412704537924441,0.6763673202061009,0.035096866413656835,0.11699239633363011,0.7448364257608138,0.7688121911674723,2,12351,0,True
ood,minilm,global_directional,blend_specialist_25,0.4,41171,16468,0.399990284423502,17578,0.6412704537924441,0.6765971926732536,0.035326738880809505,0.08831899237684042,0.7448364257608138,0.7690645332411059,2,16468,0,True
ood,minilm,category_balanced_directional,blend_specialist_25,0.05,41171,2057,0.04996235214107017,17578,0.6412704537924441,0.6633330968107356,0.022062643018291528,0.4415853552290134,0.7448364257608138,0.7572089935052934,2,2057,0,True
ood,minilm,category_balanced_directional,blend_specialist_25,0.1,41171,4116,0.09997328216463044,17578,0.6412704537924441,0.6702771075458889,0.0290066537534448,0.29014405774613117,0.7448364257608138,0.7622901381512919,2,4116,0,True
ood,minilm,category_balanced_directional,blend_specialist_25,0.15,41171,6175,0.14998421218819072,17578,0.6412704537924441,0.6729630445096606,0.03169259071721653,0.21130617852931524,0.7448364257608138,0.7647599217773322,2,6175,0,True
ood,minilm,category_balanced_directional,blend_specialist_25,0.2,41171,8233,0.19997085327050593,17578,0.6412704537924441,0.6745921686657117,0.03332171487326763,0.16663285838057834,0.7448364257608138,0.7665622006152315,2,8233,0,True
ood,minilm,category_balanced_directional,blend_specialist_25,0.3,41171,12351,0.2999927133176265,17578,0.6412704537924441,0.6758989680802334,0.03462851428778935,0.11543118466055988,0.7448364257608138,0.7681381803623479,2,12351,0,True
ood,minilm,category_balanced_directional,blend_specialist_25,0.4,41171,16329,0.39661412159043985,17578,0.6412704537924441,0.6765299986472006,0.035259544854756575,0.0889013853398973,0.7448364257608138,0.7689745006782153,2,16329,0,True
ood,rumodernbert,global_directional,blend_specialist_25,0.05,41171,2058,0.04998664108231522,11170,0.6412704537924441,0.6613673421936337,0.020096888401189617,0.40204518579464416,0.7448364257608138,0.7586359487475552,2,0,2058,True
ood,rumodernbert,global_directional,blend_specialist_25,0.1,41171,4117,0.0999975711058755,11170,0.6412704537924441,0.6700588341191938,0.028788380326749685,0.2878907958301218,0.7448364257608138,0.7646823755858423,2,0,4117,True
ood,rumodernbert,global_directional,blend_specialist_25,0.15,41171,6175,0.14998421218819072,11170,0.6412704537924441,0.6743052588640899,0.0330348050716458,0.22025521613032054,0.7448364257608138,0.7684839209951365,2,0,6175,True
ood,rumodernbert,global_directional,blend_specialist_25,0.2,41171,8234,0.199995142211751,11170,0.6412704537924441,0.6763156834813826,0.03504522968893853,0.17523040460569445,0.7448364257608138,0.7705126373550714,2,0,8234,True
ood,rumodernbert,global_directional,blend_specialist_25,0.3,41171,11170,0.2713074737072211,11170,0.6412704537924441,0.6770826722412224,0.035812218448778355,0.1319986433083844,0.7448364257608138,0.771380131078398,2,0,11170,True
ood,rumodernbert,global_directional,blend_specialist_25,0.4,41171,11170,0.2713074737072211,11170,0.6412704537924441,0.6770826722412224,0.035812218448778355,0.1319986433083844,0.7448364257608138,0.771380131078398,2,0,11170,True
ood,rumodernbert,category_balanced_directional,blend_specialist_25,0.05,41171,2057,0.04996235214107017,11170,0.6412704537924441,0.6627464827922751,0.02147602899983103,0.42984423429851404,0.7448364257608138,0.7583738276776845,2,0,2057,True
ood,rumodernbert,category_balanced_directional,blend_specialist_25,0.1,41171,4116,0.09997328216463044,11170,0.6412704537924441,0.670590126194765,0.029319672402320918,0.29327508077647096,0.7448364257608138,0.7644611448205196,2,0,4116,True
ood,rumodernbert,category_balanced_directional,blend_specialist_25,0.15,41171,6175,0.14998421218819072,11170,0.6412704537924441,0.6742854723284928,0.03301501853604871,0.22012329200771846,0.7448364257608138,0.768012984597116,2,0,6175,True
ood,rumodernbert,category_balanced_directional,blend_specialist_25,0.2,41171,8233,0.19997085327050593,11170,0.6412704537924441,0.6760302668623079,0.034759813069863865,0.17382439741277364,0.7448364257608138,0.769941189935096,2,0,8233,True
ood,rumodernbert,category_balanced_directional,blend_specialist_25,0.3,41171,10561,0.25651550848898497,11170,0.6412704537924441,0.677012608996787,0.035742155204342874,0.13933720972616234,0.7448364257608138,0.771284093753081,2,0,10561,True
ood,rumodernbert,category_balanced_directional,blend_specialist_25,0.4,41171,11170,0.2713074737072211,11170,0.6412704537924441,0.6770826722412224,0.035812218448778355,0.1319986433083844,0.7448364257608138,0.771380131078398,2,0,11170,True
ood,best_expert,global_directional,blend_specialist_25,0.05,41171,2058,0.04998664108231522,21663,0.6412704537924441,0.6674998323769359,0.026229378584491814,0.5247277675909195,0.7448364257608138,0.7613992951539478,2,1084,974,True
ood,best_expert,global_directional,blend_specialist_25,0.1,41171,4117,0.0999975711058755,21663,0.6412704537924441,0.6801354922822758,0.038865038489831694,0.3886598250339715,0.7448364257608138,0.7693981013876576,2,2156,1961,True
ood,best_expert,global_directional,blend_specialist_25,0.15,41171,6175,0.14998421218819072,21663,0.6412704537924441,0.6869830199420934,0.04571256614964936,0.3047825199914516,0.7448364257608138,0.7746880307261965,2,3258,2917,True
ood,best_expert,global_directional,blend_specialist_25,0.2,41171,8234,0.199995142211751,21663,0.6412704537924441,0.6909232911388203,0.049652837346376266,0.2482702169525938,0.7448364257608138,0.7782687693154591,2,4431,3803,True
ood,best_expert,global_directional,blend_specialist_25,0.3,41171,12351,0.2999927133176265,21663,0.6412704537924441,0.6943984683896611,0.053128014597217055,0.1770976835059528,0.7448364257608138,0.7818844735058522,2,7035,5316,True
ood,best_expert,global_directional,blend_specialist_25,0.4,41171,16468,0.399990284423502,21663,0.6412704537924441,0.6954105594809383,0.054140105688494256,0.135353551815703,0.7448364257608138,0.7830435217212606,2,10152,6316,True
ood,best_expert,category_balanced_directional,blend_specialist_25,0.05,41171,2057,0.04996235214107017,21663,0.6412704537924441,0.6695723626500125,0.028301908857568447,0.5664647008142686,0.7448364257608138,0.7610151222823248,2,1089,968,True
ood,best_expert,category_balanced_directional,blend_specialist_25,0.1,41171,4116,0.09997328216463044,21663,0.6412704537924441,0.6812316561304648,0.039961202338020696,0.39971881959636785,0.7448364257608138,0.769252434990254,2,2158,1958,True
ood,best_expert,category_balanced_directional,blend_specialist_25,0.15,41171,6175,0.14998421218819072,21663,0.6412704537924441,0.6874835747953214,0.04621312100287733,0.30811990361286845,0.7448364257608138,0.7744087498699037,2,3260,2915,True
ood,best_expert,category_balanced_directional,blend_specialist_25,0.2,41171,8233,0.19997085327050593,21663,0.6412704537924441,0.6908610783035839,0.049590624511139825,0.2479892629355202,0.7448364257608138,0.7777017306478378,2,4432,3801,True
ood,best_expert,category_balanced_directional,blend_specialist_25,0.3,41171,12351,0.2999927133176265,21663,0.6412704537924441,0.6940228215536441,0.05275236776120007,0.17584549697161103,0.7448364257608138,0.781234912246607,2,7105,5246,True
ood,best_expert,category_balanced_directional,blend_specialist_25,0.4,41171,16467,0.3999659954822569,21663,0.6412704537924441,0.6949676268269775,0.053697173034533474,0.13425434572203665,0.7448364257608138,0.7824193339937315,2,10322,6145,True
ood,minilm,global_directional,blend_50_50,0.05,41171,2058,0.04998664108231522,17578,0.6412704537924441,0.6804750909218112,0.03920463712936717,0.7843022911823011,0.7448364257608138,0.767262994880747,2,2058,0,True
ood,minilm,global_directional,blend_50_50,0.1,41171,4117,0.0999975711058755,17578,0.6412704537924441,0.6948815149994562,0.05361106120701209,0.5361236339455658,0.7448364257608138,0.7768114560176934,2,4117,0,True
ood,minilm,global_directional,blend_50_50,0.15,41171,6175,0.14998421218819072,17578,0.6412704537924441,0.7011323991481251,0.05986194535568101,0.3991216440872458,0.7448364257608138,0.7823446377170097,2,6175,0,True
ood,minilm,global_directional,blend_50_50,0.2,41171,8234,0.199995142211751,17578,0.6412704537924441,0.7042343709529816,0.06296391716053751,0.31482723262284307,0.7448364257608138,0.7853441212236749,2,8234,0,True
ood,minilm,global_directional,blend_50_50,0.3,41171,12351,0.2999927133176265,17578,0.6412704537924441,0.7070781630374899,0.06580770924504586,0.2193643589448452,0.7448364257608138,0.7885787507342024,2,12351,0,True
ood,minilm,global_directional,blend_50_50,0.4,41171,16468,0.399990284423502,17578,0.6412704537924441,0.7075039983746081,0.06623354458216402,0.16558788340978106,0.7448364257608138,0.7890439202336106,2,16468,0,True
ood,minilm,category_balanced_directional,blend_50_50,0.05,41171,2057,0.04996235214107017,17578,0.6412704537924441,0.6825902303725042,0.04131977658006014,0.8270182409225357,0.7448364257608138,0.7672391473456702,2,2057,0,True
ood,minilm,category_balanced_directional,blend_50_50,0.1,41171,4116,0.09997328216463044,17578,0.6412704537924441,0.6956701633699536,0.0543997095775095,0.5441424788667745,0.7448364257608138,0.776582984021195,2,4116,0,True
ood,minilm,category_balanced_directional,blend_50_50,0.15,41171,6175,0.14998421218819072,17578,0.6412704537924441,0.7008616869454583,0.05959123315301418,0.39731670609599135,0.7448364257608138,0.7812812027830535,2,6175,0,True
ood,minilm,category_balanced_directional,blend_50_50,0.2,41171,8233,0.19997085327050593,17578,0.6412704537924441,0.7038387414597069,0.06256828766726286,0.3128870365053904,0.7448364257608138,0.7845209667467138,2,8233,0,True
ood,minilm,category_balanced_directional,blend_50_50,0.3,41171,12351,0.2999927133176265,17578,0.6412704537924441,0.7062372863987378,0.06496683260629377,0.216561368734007,0.7448364257608138,0.7873740776330236,2,12351,0,True
ood,minilm,category_balanced_directional,blend_50_50,0.4,41171,16329,0.39661412159043985,17578,0.6412704537924441,0.7073839090808032,0.0661134552883591,0.16669465782822174,0.7448364257608138,0.7888828236714696,2,16329,0,True
ood,rumodernbert,global_directional,blend_50_50,0.05,41171,2058,0.04998664108231522,11170,0.6412704537924441,0.678572432818261,0.03730197902581689,0.7462389594129772,0.7448364257608138,0.7693961582556034,2,0,2058,True
ood,rumodernbert,global_directional,blend_50_50,0.1,41171,4117,0.0999975711058755,11170,0.6412704537924441,0.6949288908892072,0.0536584370967631,0.5365974043504576,0.7448364257608138,0.7803495770115728,2,0,4117,True
ood,rumodernbert,global_directional,blend_50_50,0.15,41171,6175,0.14998421218819072,11170,0.6412704537924441,0.7029936293038785,0.06172317551143447,0.41153115125202727,0.7448364257608138,0.787318945198332,2,0,6175,True
ood,rumodernbert,global_directional,blend_50_50,0.2,41171,8234,0.199995142211751,11170,0.6412704537924441,0.7067982419104564,0.0655277881180123,0.32764689878633524,0.7448364257608138,0.7910999819157327,2,0,8234,True
ood,rumodernbert,global_directional,blend_50_50,0.3,41171,11170,0.2713074737072211,11170,0.6412704537924441,0.7082662841405596,0.06699583034811551,0.24693691416851066,0.7448364257608138,0.7927406785263823,2,0,11170,True
ood,rumodernbert,global_directional,blend_50_50,0.4,41171,11170,0.2713074737072211,11170,0.6412704537924441,0.7082662841405596,0.06699583034811551,0.24693691416851066,0.7448364257608138,0.7927406785263823,2,0,11170,True
ood,rumodernbert,category_balanced_directional,blend_50_50,0.05,41171,2057,0.04996235214107017,11170,0.6412704537924441,0.6815012457227967,0.040230791930352616,0.8052221363950158,0.7448364257608138,0.7690137412763434,2,0,2057,True
ood,rumodernbert,category_balanced_directional,blend_50_50,0.1,41171,4116,0.09997328216463044,11170,0.6412704537924441,0.6961082760600635,0.05483782226761946,0.5485247766229739,0.7448364257608138,0.7799710660604151,2,0,4116,True
ood,rumodernbert,category_balanced_directional,blend_50_50,0.15,41171,6175,0.14998421218819072,11170,0.6412704537924441,0.7030155401892051,0.06174508639676102,0.41167723919693083,0.7448364257608138,0.7864823141942842,2,0,6175,True
ood,rumodernbert,category_balanced_directional,blend_50_50,0.2,41171,8233,0.19997085327050593,11170,0.6412704537924441,0.7062915898216169,0.06502113602917281,0.3251530658881421,0.7448364257608138,0.7900625816390237,2,0,8233,True
ood,rumodernbert,category_balanced_directional,blend_50_50,0.3,41171,10561,0.25651550848898497,11170,0.6412704537924441,0.7081110941646072,0.06684064037216308,0.26057153723722437,0.7448364257608138,0.7925264615052989,2,0,10561,True
ood,rumodernbert,category_balanced_directional,blend_50_50,0.4,41171,11170,0.2713074737072211,11170,0.6412704537924441,0.7082662841405596,0.06699583034811551,0.24693691416851066,0.7448364257608138,0.7927406785263823,2,0,11170,True
ood,best_expert,global_directional,blend_50_50,0.05,41171,2058,0.04998664108231522,21663,0.6412704537924441,0.6901356177755744,0.048865163983130344,0.9775644637266566,0.7448364257608138,0.7744042281590547,2,1084,974,True
ood,best_expert,global_directional,blend_50_50,0.1,41171,4117,0.0999975711058755,21663,0.6412704537924441,0.7144091685608233,0.07313871476837919,0.7314049127347436,0.7448364257608138,0.7889784188838779,2,2156,1961,True
ood,best_expert,global_directional,blend_50_50,0.15,41171,6175,0.14998421218819072,21663,0.6412704537924441,0.7270437061959771,0.08577325240353306,0.571881874446293,0.7448364257608138,0.7984175524861452,2,3258,2917,True
ood,best_expert,global_directional,blend_50_50,0.2,41171,8234,0.199995142211751,21663,0.6412704537924441,0.7343802308471299,0.09310977705468582,0.46556019323760867,0.7448364257608138,0.8048737995900275,2,4431,3803,True
ood,best_expert,global_directional,blend_50_50,0.3,41171,12351,0.2999927133176265,21663,0.6412704537924441,0.7408830977513414,0.09961264395889735,0.3320502116777397,0.7448364257608138,0.8114883435458529,2,7035,5316,True
ood,best_expert,global_directional,blend_50_50,0.4,41171,16468,0.399990284423502,21663,0.6412704537924441,0.7427294670978284,0.10145901330538432,0.25365369424313683,0.7448364257608138,0.813560895365731,2,10152,6316,True
ood,best_expert,category_balanced_directional,blend_50_50,0.05,41171,2057,0.04996235214107017,21663,0.6412704537924441,0.6944470728067184,0.053176619014274285,1.064333778044087,0.7448364257608138,0.7737956682070374,2,1089,968,True
ood,best_expert,category_balanced_directional,blend_50_50,0.1,41171,4116,0.09997328216463044,21663,0.6412704537924441,0.7167452066766056,0.0754747528841615,0.7549492349353287,0.7448364257608138,0.7887552833336117,2,2158,1958,True
ood,best_expert,category_balanced_directional,blend_50_50,0.15,41171,6175,0.14998421218819072,21663,0.6412704537924441,0.728134662778081,0.08686420898563696,0.579155683910552,0.7448364257608138,0.7979083168005761,2,3260,2915,True
ood,best_expert,category_balanced_directional,blend_50_50,0.2,41171,8233,0.19997085327050593,21663,0.6412704537924441,0.734372693088053,0.0931022392956089,0.46557904701075115,0.7448364257608138,0.8038994141477918,2,4432,3801,True
ood,best_expert,category_balanced_directional,blend_50_50,0.3,41171,12351,0.2999927133176265,21663,0.6412704537924441,0.7402251538363379,0.09895470004389384,0.3298570120238971,0.7448364257608138,0.8103263907183254,2,7105,5246,True
ood,best_expert,category_balanced_directional,blend_50_50,0.4,41171,16467,0.3999659954822569,21663,0.6412704537924441,0.7419397989253194,0.10066934513287529,0.2516947597294959,0.7448364257608138,0.8124483122653618,2,10322,6145,True
ood,minilm,global_directional,blend_specialist_75,0.05,41171,2058,0.04998664108231522,17578,0.6412704537924441,0.6963346537456367,0.05506419995319267,1.1015783169450415,0.7448364257608138,0.7756592477562809,2,2058,0,True
ood,minilm,global_directional,blend_specialist_75,0.1,41171,4117,0.0999975711058755,17578,0.6412704537924441,0.7170493091887015,0.0757788553962574,0.7578069602913076,0.7448364257608138,0.7891052980332319,2,4117,0,True
ood,minilm,global_directional,blend_specialist_75,0.15,41171,6175,0.14998421218819072,17578,0.6412704537924441,0.7261416717046354,0.08487121791219132,0.5658676781640208,0.7448364257608138,0.7969507736935391,2,6175,0,True
ood,minilm,global_directional,blend_specialist_75,0.2,41171,8234,0.199995142211751,17578,0.6412704537924441,0.7305812025322823,0.08931074873983824,0.44656459028028667,0.7448364257608138,0.8012259469681265,2,8234,0,True
ood,minilm,global_directional,blend_specialist_75,0.3,41171,12351,0.2999927133176265,17578,0.6412704537924441,0.7345954497586653,0.09332499596622124,0.31109087595541207,0.7448364257608138,0.8057258114507496,2,12351,0,True
ood,minilm,global_directional,blend_specialist_75,0.4,41171,16468,0.399990284423502,17578,0.6412704537924441,0.7352058887290567,0.0939354349366126,0.23484429146072852,0.7448364257608138,0.8063826436657198,2,16468,0,True
ood,minilm,category_balanced_directional,blend_specialist_75,0.05,41171,2057,0.04996235214107017,17578,0.6412704537924441,0.6993744630990915,0.058104009306647386,1.1629558420826347,0.7448364257608138,0.7755984728824499,2,2057,0,True
ood,minilm,category_balanced_directional,blend_specialist_75,0.1,41171,4116,0.09997328216463044,17578,0.6412704537924441,0.7182774893963157,0.07700703560387168,0.7702761571542762,0.7448364257608138,0.788787933258057,2,4116,0,True
ood,minilm,category_balanced_directional,blend_specialist_75,0.15,41171,6175,0.14998421218819072,17578,0.6412704537924441,0.7258834290636325,0.08461297527118838,0.5641458793344286,0.7448364257608138,0.795582167102064,2,6175,0,True
ood,minilm,category_balanced_directional,blend_specialist_75,0.2,41171,8233,0.19997085327050593,17578,0.6412704537924441,0.7300896083024739,0.08881915451002986,0.44416050168012144,0.7448364257608138,0.8001227181451186,2,8233,0,True
ood,minilm,category_balanced_directional,blend_specialist_75,0.3,41171,12351,0.2999927133176265,17578,0.6412704537924441,0.7334606225883206,0.09219016879587649,0.3073080268395297,0.7448364257608138,0.8040938660122561,2,12351,0,True
ood,minilm,category_balanced_directional,blend_specialist_75,0.4,41171,16329,0.39661412159043985,17578,0.6412704537924441,0.7350431958732953,0.09377274208085118,0.23643319028787582,0.7448364257608138,0.8061649856000581,2,16329,0,True
ood,rumodernbert,global_directional,blend_specialist_75,0.05,41171,2058,0.04998664108231522,11170,0.6412704537924441,0.6938457371552178,0.05257528336277373,1.0517866818895807,0.7448364257608138,0.7784109180485406,2,0,2058,True
ood,rumodernbert,global_directional,blend_specialist_75,0.1,41171,4117,0.0999975711058755,11170,0.6412704537924441,0.7173708315990206,0.07610037780657652,0.7610222624907851,0.7448364257608138,0.7936920320797284,2,0,4117,True
ood,rumodernbert,global_directional,blend_specialist_75,0.15,41171,6175,0.14998421218819072,11170,0.6412704537924441,0.7290368495605183,0.08776639576807421,0.5851708955736653,0.7448364257608138,0.8035486950203344,2,0,6175,True
ood,rumodernbert,global_directional,blend_specialist_75,0.2,41171,8234,0.199995142211751,11170,0.6412704537924441,0.734552886302709,0.09328243251026491,0.4664234914841045,0.7448364257608138,0.8089382921800393,2,0,8234,True
ood,rumodernbert,global_directional,blend_specialist_75,0.3,41171,11170,0.2713074737072211,11170,0.6412704537924441,0.7366755222243153,0.09540506843187124,0.35164924551553906,0.7448364257608138,0.8112754904254128,2,0,11170,True
ood,rumodernbert,global_directional,blend_specialist_75,0.4,41171,11170,0.2713074737072211,11170,0.6412704537924441,0.7366755222243153,0.09540506843187124,0.35164924551553906,0.7448364257608138,0.8112754904254128,2,0,11170,True
ood,rumodernbert,category_balanced_directional,blend_specialist_75,0.05,41171,2057,0.04996235214107017,11170,0.6412704537924441,0.6983283544404685,0.05705790064802441,1.1420179035390436,0.7448364257608138,0.7779461733357692,2,0,2057,True
ood,rumodernbert,category_balanced_directional,blend_specialist_75,0.1,41171,4116,0.09997328216463044,11170,0.6412704537924441,0.7192191066709175,0.07794865287847341,0.7796948463701722,0.7448364257608138,0.7931866864879945,2,0,4116,True
ood,rumodernbert,category_balanced_directional,blend_specialist_75,0.15,41171,6175,0.14998421218819072,11170,0.6412704537924441,0.7291487584888325,0.08787830469638847,0.5859170336283416,0.7448364257608138,0.8023833507301725,2,0,6175,True
ood,rumodernbert,category_balanced_directional,blend_specialist_75,0.2,41171,8233,0.19997085327050593,11170,0.6412704537924441,0.7338664483420809,0.09259599454963685,0.4630474543426575,0.7448364257608138,0.8074889071927539,2,0,8233,True
ood,rumodernbert,category_balanced_directional,blend_specialist_75,0.3,41171,10561,0.25651550848898497,11170,0.6412704537924441,0.7364428812028586,0.09517242741041454,0.371020169388711,0.7448364257608138,0.8109546747920946,2,0,10561,True
ood,rumodernbert,category_balanced_directional,blend_specialist_75,0.4,41171,11170,0.2713074737072211,11170,0.6412704537924441,0.7366755222243153,0.09540506843187124,0.35164924551553906,0.7448364257608138,0.8112754904254128,2,0,11170,True
ood,best_expert,global_directional,blend_specialist_75,0.05,41171,2058,0.04998664108231522,21663,0.6412704537924441,0.7090700197162854,0.06779956592384129,1.3563537068272447,0.7448364257608138,0.7847400528678791,2,1084,974,True
ood,best_expert,global_directional,blend_specialist_75,0.1,41171,4117,0.0999975711058755,21663,0.6412704537924441,0.7436118637309759,0.1023414099385318,1.023438957634028,0.7448364257608138,0.8049841358255652,2,2156,1961,True
ood,best_expert,global_directional,blend_specialist_75,0.15,41171,6175,0.14998421218819072,21663,0.6412704537924441,0.7615885531618638,0.12031809936941973,0.8022050962167416,0.7448364257608138,0.8180674235113888,2,3258,2917,True
ood,best_expert,global_directional,blend_specialist_75,0.2,41171,8234,0.199995142211751,21663,0.6412704537924441,0.772100865068589,0.13083041127614492,0.6541679454275154,0.7448364257608138,0.8271451433315333,2,4431,3803,True
ood,best_expert,global_directional,blend_specialist_75,0.3,41171,12351,0.2999927133176265,21663,0.6412704537924441,0.781402543392539,0.14013208960009493,0.46711831114286356,0.7448364257608138,0.836461316477869,2,7035,5316,True
ood,best_expert,global_directional,blend_specialist_75,0.4,41171,16468,0.399990284423502,21663,0.6412704537924441,0.7839814238822929,0.1427109700898488,0.3567860911810277,0.7448364257608138,0.8393187523417815,2,10152,6316,True
ood,best_expert,category_balanced_directional,blend_specialist_75,0.05,41171,2057,0.04996235214107017,21663,0.6412704537924441,0.715318943647123,0.07404848985467893,1.4820857441939652,0.7448364257608138,0.7839355848230107,2,1089,968,True
ood,best_expert,category_balanced_directional,blend_specialist_75,0.1,41171,4116,0.09997328216463044,21663,0.6412704537924441,0.7470891095023882,0.10581865570994409,1.0584693571997348,0.7448364257608138,0.8046887856037694,2,2158,1958,True
ood,best_expert,category_balanced_directional,blend_specialist_75,0.15,41171,6175,0.14998421218819072,21663,0.6412704537924441,0.7633109171640498,0.12204046337160568,0.8136887315744741,0.7448364257608138,0.817355320742615,2,3260,2915,True
ood,best_expert,category_balanced_directional,blend_specialist_75,0.2,41171,8233,0.19997085327050593,21663,0.6412704537924441,0.7722136420602581,0.13094318826781404,0.6548113693883362,0.7448364257608138,0.8258204775134127,2,4432,3801,True
ood,best_expert,category_balanced_directional,blend_specialist_75,0.3,41171,12351,0.2999927133176265,21663,0.6412704537924441,0.7805268707145344,0.13925641692209034,0.46419933131725216,0.7448364257608138,0.8348756555223542,2,7105,5246,True
ood,best_expert,category_balanced_directional,blend_specialist_75,0.4,41171,16467,0.3999659954822569,21663,0.6412704537924441,0.7829183063413301,0.141647852548886,0.35414973809984734,0.7448364257608138,0.8378194387619617,2,10322,6145,True
ood,minilm,global_directional,mean_normalized_rank,0.05,41171,2058,0.04998664108231522,20273,0.6412704537924441,0.6494768654432201,0.008206411650776069,0.1641720962459191,0.7448364257608138,0.7520550330542151,2,2058,0,True
ood,minilm,global_directional,mean_normalized_rank,0.1,41171,4117,0.0999975711058755,20273,0.6412704537924441,0.6562172464142961,0.014946792621852056,0.14947155672437965,0.7448364257608138,0.7572251050049282,2,4117,0,True
ood,minilm,global_directional,mean_normalized_rank,0.15,41171,6175,0.14998421218819072,20273,0.6412704537924441,0.6635995090767239,0.022329055284279864,0.14887603807434596,0.7448364257608138,0.7624784476774825,2,6175,0,True
ood,minilm,global_directional,mean_normalized_rank,0.2,41171,8234,0.199995142211751,20273,0.6412704537924441,0.6706422932903753,0.029371839497931207,0.14686276463071724,0.7448364257608138,0.7671451906105431,2,8234,0,True
ood,minilm,global_directional,mean_normalized_rank,0.3,41171,12351,0.2999927133176265,20273,0.6412704537924441,0.6885972760725432,0.0473268222800991,0.1577599060880868,0.7448364257608138,0.7770897703200631,2,12351,0,True
ood,minilm,global_directional,mean_normalized_rank,0.4,41171,16468,0.399990284423502,20273,0.6412704537924441,0.7029741337199008,0.061703679927456734,0.15426294670229057,0.7448364257608138,0.7849875747013131,2,16468,0,True
ood,minilm,category_balanced_directional,mean_normalized_rank,0.05,41171,2057,0.04996235214107017,20273,0.6412704537924441,0.6495479833250337,0.008277529532589645,0.16567533708616833,0.7448364257608138,0.7520375262671957,2,2057,0,True
ood,minilm,category_balanced_directional,mean_normalized_rank,0.1,41171,4116,0.09997328216463044,20273,0.6412704537924441,0.6569506926970512,0.015680238904607124,0.15684429444644798,0.7448364257608138,0.7572358659271842,2,4116,0,True
ood,minilm,category_balanced_directional,mean_normalized_rank,0.15,41171,6175,0.14998421218819072,20273,0.6412704537924441,0.6644403245833963,0.02316987079095223,0.15448206483146465,0.7448364257608138,0.76249180777685,2,6175,0,True
ood,minilm,category_balanced_directional,mean_normalized_rank,0.2,41171,8233,0.19997085327050593,20273,0.6412704537924441,0.6718075963662085,0.030537142573764386,0.15270796755793192,0.7448364257608138,0.7670716240708583,2,8233,0,True
ood,minilm,category_balanced_directional,mean_normalized_rank,0.3,41171,12351,0.2999927133176265,20273,0.6412704537924441,0.6899528133846536,0.04868235959220957,0.16227847354634117,0.7448364257608138,0.7765215086020931,2,12351,0,True
ood,minilm,category_balanced_directional,mean_normalized_rank,0.4,41171,16467,0.3999659954822569,20273,0.6412704537924441,0.7036589614398607,0.06238850764741666,0.15598452956529976,0.7448364257608138,0.7841336650135069,2,16467,0,True
ood,rumodernbert,global_directional,mean_normalized_rank,0.05,41171,2058,0.04998664108231522,20079,0.6412704537924441,0.648583807623782,0.00731335383133791,0.14630616646745048,0.7448364257608138,0.7520485845172543,2,0,2058,True
ood,rumodernbert,global_directional,mean_normalized_rank,0.1,41171,4117,0.0999975711058755,20079,0.6412704537924441,0.6554559994400573,0.014185545647613207,0.14185890207866975,0.7448364257608138,0.7581591839562954,2,0,4117,True
ood,rumodernbert,global_directional,mean_normalized_rank,0.15,41171,6175,0.14998421218819072,20079,0.6412704537924441,0.6630645786306233,0.02179412483817922,0.14530945971055492,0.7448364257608138,0.76352255613662,2,0,6175,True
ood,rumodernbert,global_directional,mean_normalized_rank,0.2,41171,8234,0.199995142211751,20079,0.6412704537924441,0.6709107400807109,0.02964028628826687,0.14820503118462902,0.7448364257608138,0.7686327050576632,2,0,8234,True
ood,rumodernbert,global_directional,mean_normalized_rank,0.3,41171,12351,0.2999927133176265,20079,0.6412704537924441,0.6887866913731217,0.04751623758067758,0.1583913057593779,0.7448364257608138,0.778824936717353,2,0,12351,True
ood,rumodernbert,global_directional,mean_normalized_rank,0.4,41171,16468,0.399990284423502,20079,0.6412704537924441,0.7033329397030945,0.062062485910650445,0.15515998344834767,0.7448364257608138,0.7866730434371484,2,0,16468,True
ood,rumodernbert,category_balanced_directional,mean_normalized_rank,0.05,41171,2057,0.04996235214107017,20079,0.6412704537924441,0.648778057262866,0.0075076034704218975,0.15026521267901796,0.7448364257608138,0.7519491361019022,2,0,2057,True
ood,rumodernbert,category_balanced_directional,mean_normalized_rank,0.1,41171,4116,0.09997328216463044,20079,0.6412704537924441,0.6563124373200786,0.015041983527634528,0.15046003494077773,0.7448364257608138,0.7581864887415006,2,0,4116,True
ood,rumodernbert,category_balanced_directional,mean_normalized_rank,0.15,41171,6175,0.14998421218819072,20079,0.6412704537924441,0.663858393927044,0.02258794013459997,0.15060211875005916,0.7448364257608138,0.7635372350512846,2,0,6175,True
ood,rumodernbert,category_balanced_directional,mean_normalized_rank,0.2,41171,8233,0.19997085327050593,20079,0.6412704537924441,0.6716959806923473,0.030425526899903188,0.15214980784597526,0.7448364257608138,0.7685585239143347,2,0,8233,True
ood,rumodernbert,category_balanced_directional,mean_normalized_rank,0.3,41171,12351,0.2999927133176265,20079,0.6412704537924441,0.689256107594,0.04798565380155595,0.1599560645019723,0.7448364257608138,0.7788121809168954,2,0,12351,True
ood,rumodernbert,category_balanced_directional,mean_normalized_rank,0.4,41171,16467,0.3999659954822569,20079,0.6412704537924441,0.7036753756632006,0.062404921870756525,0.15602556861243194,0.7448364257608138,0.7864096941180596,2,0,16467,True
ood,best_expert,global_directional,mean_normalized_rank,0.05,41171,2058,0.04998664108231522,28146,0.6412704537924441,0.6501603388038164,0.008889885011372334,0.17784521661963573,0.7448364257608138,0.7529817946378247,2,1019,1039,True
ood,best_expert,global_directional,mean_normalized_rank,0.1,41171,4117,0.0999975711058755,28146,0.6412704537924441,0.6571478755526273,0.015877421760183252,0.15877807415314663,0.7448364257608138,0.7592335441848957,2,2035,2082,True
ood,best_expert,global_directional,mean_normalized_rank,0.15,41171,6175,0.14998421218819072,28146,0.6412704537924441,0.664722705327221,0.023452251534776924,0.15636480128555477,0.7448364257608138,0.7652509183449184,2,3084,3091,True
ood,best_expert,global_directional,mean_normalized_rank,0.2,41171,8234,0.199995142211751,28146,0.6412704537924441,0.6719961830953262,0.030725729302882088,0.15363237808221503,0.7448364257608138,0.7706012585960382,2,4147,4087,True
ood,best_expert,global_directional,mean_normalized_rank,0.3,41171,12351,0.2999927133176265,28146,0.6412704537924441,0.6889043781422134,0.04763392434976932,0.1587836045182052,0.7448364257608138,0.7814531334956888,2,6267,6084,True
ood,best_expert,global_directional,mean_normalized_rank,0.4,41171,16468,0.399990284423502,28146,0.6412704537924441,0.7092951834863821,0.06802472969393802,0.1700659549568328,0.7448364257608138,0.7922723639113558,2,8367,8101,True
ood,best_expert,category_balanced_directional,mean_normalized_rank,0.05,41171,2057,0.04996235214107017,28146,0.6412704537924441,0.6501681851512928,0.008897731358848748,0.17808872035739515,0.7448364257608138,0.7529915005578158,2,1019,1038,True
ood,best_expert,category_balanced_directional,mean_normalized_rank,0.1,41171,4116,0.09997328216463044,28146,0.6412704537924441,0.6573060593976405,0.016035605605196457,0.16039891116898525,0.7448364257608138,0.7590765278550881,2,2051,2065,True
ood,best_expert,category_balanced_directional,mean_normalized_rank,0.15,41171,6175,0.14998421218819072,28146,0.6412704537924441,0.6652380244279488,0.023967570635504698,0.15980062358451239,0.7448364257608138,0.7651879631024257,2,3078,3097,True
ood,best_expert,category_balanced_directional,mean_normalized_rank,0.2,41171,8233,0.19997085327050593,28146,0.6412704537924441,0.6730982692645929,0.03182781547214886,0.1591622726592786,0.7448364257608138,0.7705742288526498,2,4144,4089,True
ood,best_expert,category_balanced_directional,mean_normalized_rank,0.3,41171,12351,0.2999927133176265,28146,0.6412704537924441,0.6901142821001828,0.0488438283077387,0.16281671567143632,0.7448364257608138,0.7813072384034785,2,6269,6082,True
ood,best_expert,category_balanced_directional,mean_normalized_rank,0.4,41171,16467,0.3999659954822569,28146,0.6412704537924441,0.7096923343015187,0.0684218805090746,0.17106924409055144,0.7448364257608138,0.7921284287925707,2,8365,8102,True
