split,specialist,slice_type,slice_value,n,positive_rate,ap_category_count,bge_macro_ap,specialist_macro_ap,macro_ap_delta,bge_overall_ap,specialist_overall_ap,overall_ap_delta,bge_binary_error_rate_at_0p5,specialist_binary_error_rate_at_0p5,binary_corrected,binary_regressed,binary_net_correction,binary_net_correction_rate,logloss_specialist_better,logloss_bge_better,bge_logloss,specialist_logloss,logloss_gain,absolute_error_specialist_better,absolute_error_bge_better,bge_mae,specialist_mae,mae_gain
iid,minilm,category,Автотовары,707,0.1669024045261669,1,0.7047224695607315,0.6983610091117665,-0.006361460448965017,0.7047224695607315,0.6983610091117665,-0.006361460448965017,0.09900990099009901,0.10891089108910891,4,11,-7,-0.009900990099009901,344,265,0.2960956831618347,0.30958319319580774,-0.013487510033972958,281,224,0.14967366829702217,0.15055796912923333,-0.0008843008322111704
iid,minilm,category,Аптека,624,0.0673076923076923,1,0.8018116592403273,0.8370258994467784,0.03521424020645114,0.8018116592403273,0.8370258994467784,0.03521424020645114,0.035256410256410256,0.03365384615384615,6,5,1,0.0016025641025641025,92,65,0.09369324729417601,0.08851138895564817,0.005181858338527845,69,53,0.0465270507946652,0.04304501035335889,0.003482040441306312
iid,minilm,category,Бытовая химия,642,0.45794392523364486,1,0.8866722453746422,0.88199033680348,-0.00468190857116213,0.8866722453746422,0.88199033680348,-0.00468190857116213,0.14797507788161993,0.14797507788161993,21,21,0,0.0,284,271,0.370103568135148,0.3675158387460086,0.002587729389139328,239,234,0.21224563090784207,0.21070678234919965,0.0015388485586424459
iid,minilm,category,Галантерея и аксессуары,629,0.16057233704292528,1,0.6681806775510581,0.6678299268976197,-0.0003507506534384808,0.6681806775510581,0.6678299268976197,-0.0003507506534384808,0.1192368839427663,0.11128775834658187,18,13,5,0.00794912559618442,214,246,0.28473632233662,0.294045155498513,-0.009308833161893024,179,206,0.15709053052337865,0.1589996135885565,-0.0019090830651778189
iid,minilm,category,Детские товары,676,0.6109467455621301,1,0.9357273174979128,0.9329409691090165,-0.0027863483888963536,0.9357273174979128,0.9329409691090165,-0.0027863483888963536,0.15976331360946747,0.17159763313609466,22,30,-8,-0.011834319526627219,262,336,0.3902561310938407,0.405299350473466,-0.015043219379625192,224,299,0.2293153873582084,0.24053148148869324,-0.01121609413048484
iid,minilm,category,Дом и сад,668,0.2470059880239521,1,0.8394735412903032,0.8177520427721311,-0.021721498518172067,0.8394735412903032,0.8177520427721311,-0.021721498518172067,0.11976047904191617,0.11377245508982035,18,14,4,0.005988023952095809,227,273,0.2737637451154571,0.28554405944056865,-0.01178031432511156,185,238,0.16727282641140792,0.17106102902481124,-0.0037882026134033217
iid,minilm,category,Канцелярские товары,637,0.29356357927786497,1,0.7853949067693771,0.7909120634765717,0.005517156707194659,0.7853949067693771,0.7909120634765717,0.005517156707194659,0.18681318681318682,0.1726844583987441,46,37,9,0.0141287284144427,247,289,0.377088487763218,0.38144402973866554,-0.004355541975447511,215,271,0.23622482872794323,0.24085100185311745,-0.0046261731251742355
iid,minilm,category,Красота и гигиена,674,0.35311572700296734,1,0.8244052909182986,0.8230709793847217,-0.0013343115335768818,0.8244052909182986,0.8230709793847217,-0.0013343115335768818,0.18100890207715134,0.17062314540059348,34,27,7,0.010385756676557863,277,328,0.39768049767582886,0.39443076779167585,0.003249729884153055,244,286,0.24245849007620401,0.24168350575947775,0.0007749843167262677
iid,minilm,category,Мебель,741,0.1417004048582996,1,0.6666543017523899,0.6662687130566151,-0.0003855886957748744,0.6666543017523899,0.6662687130566151,-0.0003855886957748744,0.09986504723346828,0.09851551956815115,15,14,1,0.001349527665317139,216,265,0.25647169684848287,0.2638074686868153,-0.007335771838332432,162,223,0.12748957821968263,0.13298596079045655,-0.005496382570773908
iid,minilm,category,Музыкальные инструменты,660,0.2287878787878788,1,0.8813198453797705,0.8896511253002747,0.008331279920504198,0.8813198453797705,0.8896511253002747,0.008331279920504198,0.0803030303030303,0.08181818181818182,12,13,-1,-0.0015151515151515152,259,251,0.23414727413947384,0.23040404856934646,0.003743225570127448,180,202,0.1241263970007739,0.12521760236149104,-0.0010912053607171402
iid,minilm,category,Обувь,693,0.11255411255411256,1,0.5314531002264711,0.5094755170051981,-0.021977583221272967,0.5314531002264711,0.5094755170051981,-0.021977583221272967,0.09523809523809523,0.09812409812409813,9,11,-2,-0.002886002886002886,131,316,0.2524680617368608,0.25020007582006315,0.0022679859167976345,103,264,0.12599765028642473,0.13616940365560973,-0.01017175336918499
iid,minilm,category,Продукты питания,690,0.2768115942028985,1,0.8840136456116856,0.8813701531117285,-0.0026434924999571008,0.8840136456116856,0.8813701531117285,-0.0026434924999571008,0.10144927536231885,0.09855072463768116,14,12,2,0.002898550724637681,227,312,0.2677809129620731,0.2630879252729756,0.004692987689097614,176,242,0.1415947289443558,0.1442858473275471,-0.0026911183831912966
iid,minilm,category,Спорт и отдых,624,0.25801282051282054,1,0.694405188583946,0.712174590383667,0.017769401799721085,0.694405188583946,0.712174590383667,0.017769401799721085,0.17147435897435898,0.16185897435897437,17,11,6,0.009615384615384616,269,237,0.4391497663591889,0.41901449800267354,0.02013526835651537,223,205,0.21701017201718434,0.21375065116071476,0.003259520856469559
iid,minilm,category,Строительство и ремонт,664,0.23795180722891565,1,0.747999885380319,0.7726019612759383,0.024602075895619246,0.747999885380319,0.7726019612759383,0.024602075895619246,0.15060240963855423,0.1355421686746988,27,17,10,0.015060240963855422,270,244,0.3442492776730924,0.3309235017360786,0.013325775937013845,228,210,0.18933457245933472,0.18362007743263645,0.0057144950266982885
iid,minilm,category,Товары для животных,624,0.3717948717948718,1,0.8618089578178876,0.8619860150580829,0.00017705724019534408,0.8618089578178876,0.8619860150580829,0.00017705724019534408,0.14102564102564102,0.13782051282051283,17,15,2,0.003205128205128205,257,243,0.36440239147145304,0.361854084782599,0.002548306688854035,216,197,0.19199616112223922,0.18827456740939688,0.003721593712842337
iid,minilm,category,Хобби и творчество,628,0.4554140127388535,1,0.9260068993570639,0.9241693390636637,-0.0018375602934002089,0.9260068993570639,0.9241693390636637,-0.0018375602934002089,0.1178343949044586,0.12738853503184713,13,19,-6,-0.009554140127388535,208,315,0.2977946554020634,0.30292644255689527,-0.005131787154831904,186,263,0.1680495937874468,0.17788003869803332,-0.009830444910586515
iid,minilm,category,Электроника,696,0.14224137931034483,1,0.7599359591229894,0.7398385891664616,-0.020097369956527777,0.7599359591229894,0.7398385891664616,-0.020097369956527777,0.09051724137931035,0.09195402298850575,13,14,-1,-0.0014367816091954023,188,263,0.19869045714771547,0.2121180590516927,-0.013427601903977253,151,219,0.1230303471058359,0.1297027539644921,-0.006672406858656202
iid,minilm,category,Ювелирные изделия,723,0.13692946058091288,1,0.6800091398500739,0.6777300732861538,-0.0022790665639201846,0.6800091398500739,0.6777300732861538,-0.0022790665639201846,0.09681881051175657,0.10096818810511757,13,16,-3,-0.004149377593360996,357,246,0.251668541478563,0.2489638160241658,0.002704725454397198,297,210,0.14710170429722919,0.14150437185342582,0.00559733244380334
iid,minilm,label,0,8882,0.0,0,,,,,,,0.05809502364332358,0.06079711776626886,139,163,-24,-0.002702094122945283,2933,3255,0.1560662448439276,0.16123522882737484,-0.005168983983447279,2300,2694,0.10444017273840038,0.10815698379330678,-0.0037168110549063976
iid,minilm,label,1,3118,1.0,0,,,,,,,0.3014753046824888,0.2876844130853111,180,137,43,0.013790891597177678,1396,1510,0.7039219957449558,0.6939711393054213,0.00995085643953434,1258,1352,0.34085975514879124,0.3378156918998434,0.0030440632489478815
iid,minilm,bge_score_bin,.01-.025,1694,0.03482880755608028,17,0.11824056596358874,0.19018398680911758,0.07194342084552884,0.050010508028942316,0.09627420137695876,0.046263693348016444,0.03482880755608028,0.03482880755608028,1,1,0,0.0,571,672,0.15736752708181082,0.15114841505108778,0.006219112030723047,260,517,0.050166058805446806,0.05909215628314893,-0.008926097477702127
iid,minilm,bge_score_bin,.025-.05,1324,0.055891238670694864,17,0.09799592890188225,0.20805969207117261,0.11006376316929037,0.06242926953982341,0.1057931509881092,0.04336388144828578,0.055891238670694864,0.05664652567975831,0,1,-1,-0.0007552870090634441,600,564,0.2200264029594031,0.2191452111823745,0.0008811917770285532,481,487,0.08760526996342258,0.09673666449541893,-0.009131394531996358
iid,minilm,bge_score_bin,.05-.10,1144,0.10314685314685315,18,0.16879389127410008,0.2500017482076967,0.08120785693359664,0.11570244043175973,0.17181161960948443,0.056109179177724705,0.10314685314685315,0.1048951048951049,5,7,-2,-0.0017482517482517483,573,495,0.3395126928345529,0.3355828612915089,0.0039298315430439665,505,453,0.15919917838166017,0.17074821796833,-0.011549039586669833
iid,minilm,bge_score_bin,.10-.20,972,0.1831275720164609,18,0.26992023027247636,0.31770324637080344,0.04778301609832708,0.22288845134893648,0.25050416140381976,0.02761571005488328,0.1831275720164609,0.18930041152263374,12,18,-6,-0.006172839506172839,499,442,0.478615124111245,0.4988246204418299,-0.02020949633058482,477,415,0.27273703723716636,0.2797003719350131,-0.006963334697846768
iid,minilm,bge_score_bin,.20-.40,1006,0.3230616302186879,18,0.42806999929914064,0.49422666016502437,0.06615666086588373,0.3832101164041012,0.48353527120746514,0.10032515480336396,0.3230616302186879,0.3071570576540755,91,75,16,0.015904572564612324,590,408,0.6224726223105501,0.6157798293106032,0.0066927929999469876,573,398,0.4190517609150225,0.3916557595614255,0.027396001353596985
iid,minilm,bge_score_bin,.40-.60,696,0.5014367816091954,18,0.6343199067556803,0.6948966087851969,0.060576702029516594,0.6013160102833307,0.6665429603434536,0.06522695006012291,0.41954022988505746,0.3879310344827586,142,120,22,0.031609195402298854,409,278,0.6770044813669878,0.6696460383195675,0.00735844304742023,397,269,0.48873792618684386,0.4434531126974215,0.04528481348942237
iid,minilm,bge_score_bin,.60-.80,692,0.6661849710982659,18,0.7521579471292985,0.7820752504038766,0.02991730327457809,0.7237214948425535,0.7575653309026071,0.03384383606005359,0.3338150289017341,0.33815028901734107,61,64,-3,-0.004335260115606936,389,290,0.6318506353458826,0.639695504640898,-0.007844869295015303,374,280,0.42574637120514247,0.40767547738000837,0.0180708938251341
iid,minilm,bge_score_bin,.80-.90,525,0.8361904761904762,16,0.8639983337273237,0.8808428982557416,0.01684456452841787,0.8369093877144222,0.8804099957384783,0.04350060802405609,0.16380952380952382,0.16952380952380952,6,9,-3,-0.005714285714285714,259,247,0.44538148604405214,0.46368728181366115,-0.01830579576960903,240,233,0.25997196220216295,0.2758463716648874,-0.015874409462724413
iid,minilm,bge_score_bin,.90-.95,495,0.9090909090909091,15,0.9029499180476656,0.917417980080271,0.014468062032605422,0.9057138737181327,0.9158426770612421,0.010128803343109394,0.09090909090909091,0.09696969696969697,1,4,-3,-0.006060606060606061,199,258,0.31176299277154196,0.3315839201390668,-0.019820927367524825,173,238,0.15104148676901152,0.17923877070648503,-0.02819728393747349
iid,minilm,bge_score_bin,.95-.975,345,0.9594202898550724,9,0.9639537339256291,0.9743742310456989,0.01042049712006976,0.9722614639043294,0.9798233627351192,0.007561898830789726,0.04057971014492753,0.043478260869565216,0,1,-1,-0.002898550724637681,96,192,0.16837707553169107,0.1682210610574156,0.00015601447427544642,58,173,0.07376295086266338,0.09726783209952755,-0.023504881236864172
iid,minilm,bge_score_bin,.975-.99,273,0.9706959706959707,4,0.8972213436645626,0.9352860726981653,0.038064729033602696,0.9625930298100814,0.9773948300631907,0.014801800253109287,0.029304029304029304,0.029304029304029304,0,0,0,0.0,25,182,0.1385044798260552,0.13713402387513393,0.0013704559509212897,11,140,0.04618848680139898,0.06296889773218622,-0.016780410930787252
iid,minilm,bge_score_bin,.99-1,43,1.0,0,,,,,,,0.0,0.0,0,0,0,0.0,0,26,0.0074344241955156464,0.01742530864827341,-0.009990884452757764,0,15,0.007405321265375892,0.017201620478962742,-0.009796299213586851
iid,minilm,bge_score_bin,00-.01,2791,0.009315657470440702,12,0.08783464856929428,0.06881339508235605,-0.019021253486938228,0.021346592836019047,0.01830657953111048,-0.0030400133049085683,0.009315657470440702,0.009315657470440702,0,0,0,0.0,119,711,0.05391778114699345,0.05335896426589139,0.000558816881102066,9,428,0.012996170784355873,0.017478634762060477,-0.004482463977704602
iid,minilm,bge_uncertainty,confident,937,0.45570971184631803,18,0.6993355315025878,0.722589156428277,0.023253624925689276,0.6854819920113181,0.7172933009078598,0.03181130889654171,0.27641408751334046,0.30202774813233724,44,68,-24,-0.025613660618996798,530,394,0.5876872940168179,0.6035216426512964,-0.015834348634478516,514,384,0.38534584224796603,0.37733000003968303,0.008015842208282957
iid,minilm,bge_uncertainty,extreme,8109,0.16845480330496979,18,0.7536110755618773,0.7684403994206623,0.014829323858784993,0.8703391500322867,0.8748864630499731,0.004547313017686405,0.04242200024663954,0.04328523862375139,7,14,-7,-0.0008632383771118511,2183,3100,0.16615202514392546,0.16517234191750266,0.0009796832264227376,1497,2451,0.06566882395920921,0.07553472189515337,-0.009865897935944147
iid,minilm,bge_uncertainty,mid,761,0.47174770039421815,18,0.5907994796077818,0.6808730581165238,0.09007357850874198,0.5592378361349813,0.6443472496029752,0.08510941346799383,0.3902759526938239,0.3416557161629435,108,71,37,0.04862023653088042,449,304,0.6738306218265517,0.652620260622475,0.0212103612040768,433,294,0.4666406125730973,0.42386191120706546,0.042778701366031846
iid,minilm,bge_uncertainty,uncertain,352,0.5028409090909091,18,0.7005552455680537,0.7583183468608088,0.05776310129275508,0.6358615247018352,0.6898074188873102,0.05394589418547502,0.35511363636363635,0.3806818181818182,48,57,-9,-0.02556818181818182,204,143,0.659652651632595,0.6645798372660848,-0.004927185633489885,199,138,0.47771441987292335,0.43573246988340875,0.04198194998951459
iid,minilm,bge_uncertainty,very_confident,1497,0.4121576486305945,18,0.7177280952961367,0.7410195057714519,0.023291410475315244,0.7630453435706456,0.7929333383392523,0.029887994768606707,0.17635270541082165,0.18236472945891782,18,27,-9,-0.006012024048096192,758,689,0.46696004062074664,0.4865019064940753,-0.019541865873328783,717,648,0.2682603075154718,0.2783487686338668,-0.01008846111839504
iid,minilm,bge_uncertainty,very_uncertain,344,0.5,18,0.5782152073699259,0.6914710968816326,0.11325588951170662,0.4911987207345543,0.6421834618033216,0.15098474106876736,0.48546511627906974,0.3953488372093023,94,63,31,0.09011627906976744,205,135,0.6947598420254362,0.6748300580022009,0.019929784023235232,198,131,0.500017793112716,0.4513533053443182,0.048664487768397775
iid,minilm,title_similarity,exact_token_set,1168,0.3784246575342466,18,0.8975698628525888,0.878422717557307,-0.01914714529528172,0.9065884179705656,0.9006025669105532,-0.0059858510600123704,0.12756849315068494,0.1267123287671233,31,30,1,0.0008561643835616438,362,548,0.3146149499688098,0.32291016675837814,-0.008295216789568332,305,479,0.1757281934261512,0.18431237937254816,-0.008584185946396969
iid,minilm,title_similarity,high,2037,0.28375061364752086,18,0.8155168846788112,0.8307263534106494,0.01520946873183815,0.8908417489940876,0.889641510692041,-0.00120023830204663,0.09327442317133039,0.09327442317133039,39,39,0,0.0,702,718,0.24850708814879724,0.25192386431701097,-0.0034167761682137613,561,590,0.1349211497999726,0.13624319955254893,-0.0013220497525763338
iid,minilm,title_similarity,low,3321,0.21348991267690454,18,0.7234540870434485,0.714456653757053,-0.008997433286395462,0.7510015116291167,0.745438499546482,-0.005563012082634655,0.13038241493526045,0.13008130081300814,99,98,1,0.00030111412225233364,1245,1346,0.309491121539176,0.3150988710730854,-0.0056077495339093,1024,1142,0.17446026633011624,0.17704687662546198,-0.0025866102953457392
iid,minilm,title_similarity,medium,3276,0.2802197802197802,18,0.7990494758310098,0.8029883025818799,0.003938826750870095,0.8399748378623763,0.8489449164369494,0.008970078574573104,0.12393162393162394,0.12026862026862027,85,73,12,0.003663003663003663,1281,1259,0.31732700903305144,0.3044669356170045,0.012860073416046967,1065,1066,0.1739763621905325,0.170256496646814,0.0037198655437185217
iid,minilm,title_similarity,near_exact,524,0.3187022900763359,16,0.9047975955798377,0.887552746674751,-0.017244848905086707,0.8956112910537309,0.8969000412739186,0.0012887502201877066,0.12786259541984732,0.11259541984732824,20,12,8,0.015267175572519083,203,192,0.2838729638292991,0.2891289981877461,-0.00525603435844702,160,161,0.15665563747369776,0.15606306792283908,0.0005925695508586746
iid,minilm,title_similarity,very_low,1674,0.1816009557945042,18,0.6728843504627979,0.6550240390659553,-0.017860311396842632,0.7021661471953993,0.6797467467706466,-0.022419400424752656,0.1260454002389486,0.12783751493428913,45,48,-3,-0.0017921146953405018,536,702,0.29342726406417796,0.3047698335998256,-0.0113425695356477,443,608,0.16662888751337895,0.17541540795728464,-0.008786520443905675
iid,minilm,title_exact_near,exact,100,0.36,8,0.9166666666666666,0.90625,-0.01041666666666663,0.9794211156529997,0.977633779264214,-0.0017873363887856986,0.03,0.02,1,0,1,0.01,30,39,0.13046066069488377,0.1343496095726454,-0.003888948877761613,23,36,0.07968173291155836,0.07997927556571086,-0.0002975426541524939
iid,minilm,title_exact_near,high_nonexact,2017,0.2821021318790283,18,0.8164663950532168,0.8312551433658614,0.01478874831264454,0.8910581457786905,0.8898376391660897,-0.001220506612600758,0.09221616261774913,0.09122459097669806,37,35,2,0.0009915716410510659,696,709,0.24663807252909986,0.2499222357221448,-0.0032841631930449616,556,582,0.13384001985763683,0.13482776659506102,-0.0009877467374241739
iid,minilm,title_exact_near,near_exact,1612,0.3610421836228288,18,0.8866339213080983,0.869043807367288,-0.017590113940810226,0.895175664528055,0.8905423138985448,-0.004633350629510202,0.1346153846153846,0.13089330024813894,52,46,6,0.0037220843672456576,541,710,0.31756425236261765,0.32525029220166585,-0.007686039839048159,447,612,0.17633310965043245,0.18277653313178474,-0.006443423481352294
iid,minilm,title_exact_near,not_near,8271,0.23346632813444565,18,0.7474557074238591,0.7411465317161751,-0.006309175707684078,0.7895604165239865,0.7900905300166324,0.0005301134926459783,0.12694958287994196,0.12574053923346634,229,219,10,0.0012090436464756377,3062,3307,0.30934355413702264,0.30879721114268305,0.0005463429943396006,2532,2816,0.17268357692127878,0.1740271252821444,-0.0013435483608656054
iid,minilm,brand_state,conflict,1373,0.2359796067006555,18,0.7745424181591808,0.788228854726919,0.013686436567738158,0.8291491440523108,0.8200405125811274,-0.009108631471183348,0.11871813546977422,0.11361981063364894,37,30,7,0.005098324836125273,480,568,0.28682503717222985,0.2902414315084648,-0.003416394336234975,398,472,0.15578258587105961,0.15763804690667071,-0.0018554610356110916
iid,minilm,brand_state,match,1095,0.26301369863013696,18,0.7833854171258486,0.8234524552064935,0.04006703808064482,0.8311615835834274,0.8518044929249732,0.02064290934154578,0.11689497716894977,0.1095890410958904,27,19,8,0.0073059360730593605,465,380,0.3194044058459149,0.30801488916248637,0.011389516683428564,374,307,0.1649523686437342,0.15968931568389813,0.0052630529598360586
iid,minilm,brand_state,one_missing,9532,0.2629039026437264,18,0.7674427013014311,0.7675773292040604,0.0001346279026293029,0.8383754334849487,0.8355219366898714,-0.0028534967950772927,0.1222198908938313,0.12180025178346622,255,251,4,0.000419639110365086,3384,3817,0.2976763081197848,0.30005408368705444,-0.0023777755672696505,2786,3267,0.16742824137122844,0.17023319537548626,-0.0028049540042578247
iid,minilm,model_attribute_state,both_missing,6371,0.29948202793909906,15,0.7640677824400472,0.7633786982934577,-0.0006890841465895248,0.8525180997577697,0.8505802739347657,-0.001937825823004058,0.1305917438392717,0.12745251922775075,199,179,20,0.0031392246115209545,2216,2629,0.31631136611847205,0.3163996771551122,-8.831103664011132e-05,1846,2250,0.17700252293356458,0.17971207061993413,-0.002709547686369565
iid,minilm,model_attribute_state,conflict,1246,0.1476725521669342,13,0.6702324807050541,0.7077968147087805,0.037564334003726385,0.6368685055597121,0.6530326744343097,0.016164168874597595,0.10513643659711075,0.10754414125200643,19,22,-3,-0.002407704654895666,519,425,0.28783017326165594,0.28642397355062305,0.0014061997110329048,442,353,0.14616691545945892,0.14187556554609101,0.004291349913367895
iid,minilm,model_attribute_state,match,98,0.5612244897959183,4,0.8217948717948718,0.8045301247433354,-0.017264747051536355,0.9918290431193658,0.9859136439334122,-0.005915399185953629,0.05102040816326531,0.09183673469387756,1,5,-4,-0.04081632653061224,45,40,0.19299839682261902,0.20669483698709568,-0.01369644016447663,37,34,0.148660513301848,0.1465545187398972,0.0021059945619508282
iid,minilm,model_attribute_state,one_missing,4285,0.2266044340723454,18,0.7907135158697824,0.786809502044135,-0.0039040138256474233,0.8231770620124463,0.8195647544743676,-0.0036123075380787295,0.11388564760793465,0.11248541423570595,100,94,6,0.0014002333722287048,1549,1671,0.27730203433444833,0.2807399315227575,-0.0034378971883091665,1233,1409,0.15544050180644026,0.15819714305001695,-0.002756641243576711
iid,minilm,title_code_state,both_missing,3897,0.3299974339235309,15,0.8161203100408975,0.8172568625174147,0.0011365524765172275,0.8801426087128535,0.8770620592621243,-0.0030805494507292197,0.1331793687451886,0.1288170387477547,134,117,17,0.0043623299974339235,1328,1655,0.30923756472262953,0.31265156247174747,-0.0034139977491179606,1120,1441,0.18168244337803974,0.18543646022565466,-0.0037540168476149164
iid,minilm,title_code_state,conflict,2759,0.1362812613265676,17,0.7005037635748208,0.7005215621257485,1.7798550927650147e-05,0.6756110813897738,0.677558754628896,0.0019476732391222606,0.09242479159115621,0.09242479159115621,41,41,0,0.0,1070,877,0.25147129985636696,0.25361579125085937,-0.0021444913944923556,814,719,0.12792714764597138,0.12665103388501045,0.0012761137609609255
iid,minilm,title_code_state,match,1114,0.388689407540395,18,0.9131834388971216,0.881711939288973,-0.031471499608148656,0.9144077898877939,0.9134295867630196,-0.0009782031247743683,0.118491921005386,0.12118491921005387,27,30,-3,-0.0026929982046678637,415,452,0.3078941314604969,0.31298297165790023,-0.005088840197403389,353,389,0.16496548555482365,0.1657482385293458,-0.0007827529745221684
iid,minilm,title_code_state,one_missing,4230,0.24184397163120566,18,0.7234384231419199,0.722227275767391,-0.0012111473745288759,0.7865054799061866,0.7882648258986095,0.0017593459924228894,0.13002364066193853,0.1288416075650118,117,112,5,0.001182033096926714,1516,1781,0.31657375909260976,0.31420831616043154,0.0023654429321782106,1271,1497,0.17628825004937917,0.17901655595414923,-0.0027283059047700465
iid,minilm,model_sku_code_state,conflict,2759,0.1362812613265676,17,0.7005037635748208,0.7005215621257485,1.7798550927650147e-05,0.6756110813897738,0.677558754628896,0.0019476732391222606,0.09242479159115621,0.09242479159115621,41,41,0,0.0,1070,877,0.25147129985636696,0.25361579125085937,-0.0021444913944923556,814,719,0.12792714764597138,0.12665103388501045,0.0012761137609609255
iid,minilm,model_sku_code_state,match,1114,0.388689407540395,18,0.9131834388971216,0.881711939288973,-0.031471499608148656,0.9144077898877939,0.9134295867630196,-0.0009782031247743683,0.118491921005386,0.12118491921005387,27,30,-3,-0.0026929982046678637,415,452,0.3078941314604969,0.31298297165790023,-0.005088840197403389,353,389,0.16496548555482365,0.1657482385293458,-0.0007827529745221684
iid,minilm,model_sku_code_state,no_evidence,3897,0.3299974339235309,15,0.8161203100408975,0.8172568625174147,0.0011365524765172275,0.8801426087128535,0.8770620592621243,-0.0030805494507292197,0.1331793687451886,0.1288170387477547,134,117,17,0.0043623299974339235,1328,1655,0.30923756472262953,0.31265156247174747,-0.0034139977491179606,1120,1441,0.18168244337803974,0.18543646022565466,-0.0037540168476149164
iid,minilm,model_sku_code_state,one_missing,4230,0.24184397163120566,18,0.7234384231419199,0.722227275767391,-0.0012111473745288759,0.7865054799061866,0.7882648258986095,0.0017593459924228894,0.13002364066193853,0.1288416075650118,117,112,5,0.001182033096926714,1516,1781,0.31657375909260976,0.31420831616043154,0.0023654429321782106,1271,1497,0.17628825004937917,0.17901655595414923,-0.0027283059047700465
iid,minilm,numeric_size_state,both_missing,8484,0.3026874115983027,17,0.8062497274608946,0.8052446417056967,-0.0010050857551979764,0.8563571552539325,0.8529377543867467,-0.00341940086718584,0.13142385667138143,0.12871287128712872,246,223,23,0.0027109853842527108,3243,3519,0.3200169383977259,0.3233722640303969,-0.003355325632671091,2672,2989,0.17944948824250706,0.18158143431397478,-0.0021319460714677085
iid,minilm,numeric_size_state,conflict,1053,0.12345679012345678,10,0.5718908897517568,0.5932412569314189,0.0213503671796621,0.5206509762469176,0.5231523856077267,0.002501409360809115,0.10446343779677113,0.11016144349477683,18,24,-6,-0.005698005698005698,353,422,0.2683008437520221,0.2729382616220896,-0.004637417870067482,292,356,0.14355417509036716,0.14542892724000306,-0.0018747521496358759
iid,minilm,numeric_size_state,match,260,0.19230769230769232,9,0.8845617394687283,0.865884576865392,-0.018677162603336295,0.7472161962610614,0.7683293809700384,0.02111318470897705,0.11153846153846154,0.10384615384615385,8,6,2,0.007692307692307693,102,106,0.2955874373779146,0.27902803612084703,0.01655940125706753,90,95,0.17046134513198363,0.16950542864606877,0.0009559164859148531
iid,minilm,numeric_size_state,one_missing,2203,0.16795279164775306,18,0.7536777486187137,0.7688594755991275,0.015181726980413757,0.7819349752378842,0.7949181161518823,0.012983140913998104,0.09169314571039491,0.09169314571039491,47,47,0,0.0,631,718,0.22996456735410498,0.2235368805654466,0.006427686788658369,504,606,0.12369785586132595,0.12538116061933702,-0.0016833047580110643
iid,minilm,numeric_ram_storage_state,both_missing,11647,0.2646174980681721,18,0.7835869422669438,0.7830910961261537,-0.0004958461407901238,0.837846910044638,0.8362774411518639,-0.0015694688927740952,0.1230359749291663,0.12174808963681635,311,296,15,0.0012878852923499614,4252,4664,0.30215110724029,0.3041472979617399,-0.001996190721449927,3495,3966,0.16833098318520526,0.1704485436195343,-0.0021175604343290546
iid,minilm,numeric_ram_storage_state,conflict,41,0.04878048780487805,2,1.0,0.75,-0.25,0.3666666666666667,0.6111111111111112,0.24444444444444446,0.04878048780487805,0.024390243902439025,1,0,1,0.024390243902439025,11,9,0.15636514087899053,0.12008808689787993,0.036277053981110606,5,5,0.06594782519042804,0.05209444776971018,0.013853377420717862
iid,minilm,numeric_ram_storage_state,match,157,0.09554140127388536,2,0.8699646418396418,0.9076322882029404,0.03766764636329856,0.8071252385958267,0.8038595565913053,-0.0032656820045214863,0.050955414012738856,0.03821656050955414,5,3,2,0.012738853503184714,30,50,0.1329115503382635,0.12105804282029567,0.011853507517967822,29,41,0.078736220052917,0.07559125343913985,0.003144966613777148
iid,minilm,numeric_ram_storage_state,one_missing,155,0.12258064516129032,6,0.7125992063492063,0.6565806878306879,-0.056018518518518357,0.7369954139886234,0.7660716822007143,0.02907626821209086,0.08387096774193549,0.07741935483870968,2,1,1,0.0064516129032258064,36,42,0.22307831761118418,0.19070974937460244,0.03236856823658177,29,34,0.09562530501420805,0.09510819813318273,0.0005171068810253224
iid,minilm,numeric_volume_state,both_missing,10119,0.24597292222551637,18,0.7869559826604551,0.7824848324737239,-0.004471150186731165,0.8349763229576382,0.8325904152611515,-0.002385907696486722,0.1160193695029153,0.11503112955825674,245,235,10,0.000988239944658563,3601,3958,0.28764370374143255,0.28939036647388133,-0.001746662732448824,2939,3350,0.15857511312288963,0.16100258365756176,-0.0024274705346721275
iid,minilm,numeric_volume_state,conflict,287,0.12195121951219512,9,0.812497925673802,0.808072903895035,-0.004425021778766913,0.6597650352347181,0.6552383020505264,-0.0045267331841917224,0.09059233449477352,0.09059233449477352,5,5,0,0.0,92,106,0.23086869899953444,0.24124896454054232,-0.010380265541007813,63,91,0.12182759293680565,0.13091536074089258,-0.009087767804086936
iid,minilm,numeric_volume_state,match,984,0.43089430894308944,14,0.8952148473671085,0.8979096927654346,0.0026948453983260956,0.8943418918553463,0.896719191728599,0.0023772998732527473,0.15447154471544716,0.14634146341463414,44,36,8,0.008130081300813009,408,444,0.36279526433018816,0.35595215922246026,0.006843105107727877,356,385,0.2171339674716024,0.21288341802236818,0.004250549449234239
iid,minilm,numeric_volume_state,one_missing,610,0.2786885245901639,15,0.7051577589795779,0.7321664016516706,0.027008642672092686,0.706750548783674,0.7184026523829891,0.011652103599315011,0.17049180327868851,0.16885245901639345,25,24,1,0.001639344262295082,228,257,0.40506995830034337,0.4066505228718122,-0.0015805645714688356,200,220,0.2249056032146938,0.2257779040956535,-0.0008723008809596888
iid,minilm,numeric_weight_state,both_missing,4907,0.268188302425107,17,0.7828194794216083,0.7810118502456508,-0.0018076291759575591,0.844890358195288,0.8421190948617462,-0.002771263333541829,0.12390462604442633,0.1228856735276136,131,126,5,0.0010189525168127166,1635,1973,0.30009402081067643,0.30309159706080696,-0.0029975762501304767,1362,1701,0.16711465335569517,0.17065384054005503,-0.0035391871843598694
iid,minilm,numeric_weight_state,conflict,2038,0.13837095191364082,16,0.6978640719333828,0.724261689236595,0.026397617303212106,0.6608238398756342,0.6883017642117198,0.027477924336085646,0.09764474975466143,0.09077526987242394,52,38,14,0.0068694798822374874,760,739,0.2502777209470268,0.24375375996896717,0.00652396097805966,589,600,0.13590648790975635,0.1333714396600217,0.0025350482497346347
iid,minilm,numeric_weight_state,match,1437,0.36116910229645094,17,0.8864338616199048,0.8821657674664823,-0.0042680941534224415,0.8750263527462051,0.8776584558351078,0.0026321030889027153,0.1315240083507307,0.12943632567849686,34,31,3,0.0020876826722338203,540,618,0.3418995824543679,0.33737224265795746,0.00452733979641045,448,511,0.1768348399249692,0.17969453029737625,-0.0028596903724070455
iid,minilm,numeric_weight_state,one_missing,3618,0.27667219458264236,18,0.811002406618658,0.8097174554365991,-0.0012849511820588466,0.8483760291990019,0.8406171157431842,-0.007758913455817695,0.1271420674405749,0.12797125483692648,102,105,-3,-0.0008291873963515755,1394,1435,0.30599008127185734,0.3115115457450049,-0.00552146447314754,1159,1234,0.17670470963729767,0.1786979623552677,-0.0019932527179700138
iid,minilm,numeric_dimensions_state,both_missing,3527,0.29571874113977886,17,0.798822588574171,0.7944444838230912,-0.004378104751079803,0.8422394553990361,0.8445326898743555,0.0022932344753193723,0.1386447405727247,0.1349588885738588,117,104,13,0.003685851998865892,1435,1523,0.3307529804459816,0.3307646263790468,-1.1645933065183402e-05,1194,1307,0.18839075527675905,0.18860315391825822,-0.00021239864149917502
iid,minilm,numeric_dimensions_state,conflict,2263,0.15112682280159082,18,0.7291541984711577,0.746139517915411,0.0169853194442533,0.746746726594807,0.7563511967093339,0.00960447011452692,0.0897039328325232,0.08484312859036677,48,37,11,0.004860804242156429,653,693,0.231523496774948,0.22796907128725374,0.0035544254876942313,504,573,0.12161942544854479,0.12272658947947651,-0.0011071640309317276
iid,minilm,numeric_dimensions_state,match,2283,0.26982041173894,16,0.8018511783004274,0.8095662659108331,0.007715087610405735,0.8484405338085129,0.8438146739175573,-0.0046258598909556525,0.11914148050810337,0.11957950065703023,56,57,-1,-0.0004380201489268506,783,896,0.2927428105888907,0.2975996341427997,-0.0048568235539090295,633,763,0.1587061654850962,0.16182019495269503,-0.0031140294675988333
iid,minilm,numeric_dimensions_state,one_missing,3927,0.2844410491469315,18,0.7887840207502684,0.7892596122967815,0.00047559154651311,0.8492656406875876,0.8453934506410675,-0.003872190046520063,0.1252864782276547,0.12630506748153808,98,102,-4,-0.0010185892538833714,1458,1653,0.3112232996250102,0.31422778316503247,-0.0030044835400222765,1227,1403,0.17530766523115424,0.17865815035831617,-0.003350485127161931
iid,minilm,numeric_pack_count_state,both_missing,3255,0.26328725038402456,18,0.8324558242876122,0.8202567015991623,-0.012199122688449915,0.864428055075615,0.8578499579956533,-0.006578097079961709,0.10967741935483871,0.11551459293394778,62,81,-19,-0.005837173579109063,1125,1342,0.277480303836446,0.28237140098028324,-0.004891097143837207,928,1147,0.1569541768406138,0.16222354435299913,-0.005269367512385343
iid,minilm,numeric_pack_count_state,conflict,1075,0.15627906976744185,16,0.7411209370058309,0.7447475279936648,0.003626590987833911,0.7576203689361388,0.764996337601567,0.007375968665428223,0.08465116279069768,0.08651162790697674,22,24,-2,-0.0018604651162790699,332,387,0.242143654725608,0.2322627958305569,0.009880858895051133,272,303,0.12674367573943401,0.12370307559854091,0.0030406001408930954
iid,minilm,numeric_pack_count_state,match,3074,0.27423552374756016,17,0.8047518594278102,0.8079605457344385,0.0032086863066282945,0.8468057724055569,0.8519904722394769,0.0051846998339200034,0.12134027325959662,0.1128822381262199,98,72,26,0.008458035133376708,1163,1195,0.292753839896661,0.2934759568709362,-0.0007221169742752338,957,1004,0.1643537731372686,0.16332499345037785,0.0010287796868907648
iid,minilm,numeric_pack_count_state,one_missing,4596,0.2719756309834639,18,0.7630357822729732,0.7681893291588026,0.005153546885829363,0.8198321036016104,0.8173158275260637,-0.0025162760755467195,0.13816362053959966,0.13511749347258487,137,123,14,0.0030461270670147957,1709,1841,0.3301960504300566,0.331798696185622,-0.0016026457555653665,1401,1592,0.18234976831078115,0.18513494003306294,-0.0027851717222817938
iid,minilm,numeric_power_state,both_missing,10973,0.27203134967647863,18,0.7845014334953601,0.782647214175126,-0.0018542193202341073,0.839288040610037,0.8366084060370209,-0.002679634573016121,0.12558097147543973,0.12476077645128952,298,289,9,0.0008201950241501869,4084,4563,0.30989695552398916,0.3121468235333103,-0.002249868009321067,3359,3875,0.17243395748489174,0.17495927005355666,-0.002525312568664911
iid,minilm,numeric_power_state,conflict,500,0.038,6,0.5900055697719897,0.6273217811073598,0.03731621133537011,0.5954408640013947,0.658097701339559,0.0626568373381643,0.034,0.028,3,0,3,0.006,67,38,0.08528918009419424,0.08601809495826512,-0.0007289148640708789,54,31,0.039276413901345224,0.03571509822794178,0.0035613156734034417
iid,minilm,numeric_power_state,match,259,0.18532818532818532,5,0.8418162634682862,0.8649436969613099,0.023127433493023708,0.7966876797781177,0.8050245538645945,0.008336874086476764,0.09652509652509653,0.09652509652509653,7,7,0,0.0,75,75,0.23502573383143954,0.2169827052887538,0.018043028542685732,63,59,0.12811341157451503,0.12310908415220956,0.005004327422305474
iid,minilm,numeric_power_state,one_missing,268,0.2462686567164179,8,0.8255142646269438,0.8030780138817806,-0.0224362507451632,0.8256570807774951,0.850876465054344,0.02521938427684889,0.13432835820895522,0.10820895522388059,11,4,7,0.026119402985074626,103,89,0.2872896319491167,0.2667860149966942,0.020503616952422588,82,81,0.16977960741124704,0.16562979548056753,0.004149811930679491
iid,minilm,numeric_optical_state,both_missing,11494,0.27057595267095874,18,0.7843621418255239,0.7851434502653153,0.0007813084397914061,0.837301089697282,0.8360245846602514,-0.0012765050370305842,0.12606577344701583,0.12449973899425787,318,300,18,0.0015660344527579607,4294,4731,0.3094568832627451,0.3106719424050526,-0.0012150591423074617,3531,4021,0.17242691316768471,0.17447872089207347,-0.002051807724388753
iid,minilm,numeric_optical_state,conflict,218,0.009174311926605505,2,0.5555555555555556,0.75,0.19444444444444442,0.53125,0.39285714285714285,-0.13839285714285715,0.009174311926605505,0.009174311926605505,0,0,0,0.0,5,15,0.03911596741420983,0.027474328128356797,0.011641639285853034,4,11,0.01045182937764992,0.01183814724819567,-0.00138631787054575
iid,minilm,numeric_optical_state,match,178,0.0056179775280898875,1,1.0,1.0,0.0,0.5,1.0,0.5,0.0056179775280898875,0.0056179775280898875,0,0,0,0.0,3,5,0.013205869050874293,0.015652930105121622,-0.002447061054247334,3,2,0.006492960406034031,0.006202764797768048,0.0002901956082659831
iid,minilm,numeric_optical_state,one_missing,110,0.045454545454545456,4,0.6732456140350876,0.6020833333333333,-0.07116228070175434,0.6678260869565218,0.5228564368668149,-0.14496965008970686,0.03636363636363636,0.02727272727272727,1,0,1,0.00909090909090909,27,14,0.12030752388355355,0.14776712458799546,-0.02745960070444191,20,12,0.04662859191303141,0.043785738438732964,0.0028428534742984497
iid,minilm,numeric_conflict_count,multiple,3439,0.1558592614132015,18,0.6951928024136496,0.7092542812128264,0.014061478799176852,0.7397597528349782,0.7480041988328431,0.008244445997864891,0.09188717650479791,0.08927013666763595,76,67,9,0.002617039837161966,1057,1126,0.2415266285277104,0.24017756157595122,0.0013490669517592071,851,910,0.12555863524682873,0.12455763379491912,0.0010010014519096233
iid,minilm,numeric_conflict_count,none,4076,0.36261040235525027,18,0.8157111047534349,0.8150980681060473,-0.0006130366473875437,0.8661200358912982,0.8619068180424435,-0.0042132178488546446,0.1543179587831207,0.15456329735034346,134,135,-1,-0.0002453385672227674,1656,1838,0.3656240855144561,0.37024940762978675,-0.004625322115330635,1413,1612,0.208465631992854,0.21264854060530214,-0.004182908612448127
iid,minilm,numeric_conflict_count,one,4485,0.24615384615384617,18,0.7952251340129104,0.7937463136950397,-0.0014788203178707215,0.8392485751039929,0.8388582588986738,-0.0003903162053190412,0.11393534002229655,0.11148272017837235,109,98,11,0.002452619843924192,1616,1801,0.2809621675301711,0.28111172687633007,-0.0001495593461589493,1294,1524,0.1580682872240103,0.16027881901180024,-0.0022105317877899127
iid,minilm,numeric_match_count,multiple,1975,0.31848101265822787,18,0.8558821750929668,0.8605628811335236,0.004680706040556815,0.8697716882969727,0.8722043519400127,0.002432663643039956,0.1260759493670886,0.11949367088607595,60,47,13,0.006582278481012658,719,760,0.30289743675412334,0.30668802917789106,-0.0037905924237677164,599,649,0.1684807490008512,0.16853151825907245,-5.07692582212695e-05
iid,minilm,numeric_match_count,none,5682,0.22949665610700457,18,0.7310482455498418,0.7264227112516419,-0.004625534298199896,0.8050567148279272,0.8006853930441735,-0.004371321783753657,0.1216121084125308,0.12214009151707145,141,144,-3,-0.0005279831045406547,2058,2258,0.2972989847839881,0.3018423881869653,-0.004543403402977252,1677,1932,0.1661572670401262,0.169725515751684,-0.0035682487115577923
iid,minilm,numeric_match_count,one,4343,0.272852866682017,18,0.7893163973824484,0.798802372744235,0.009485975361786636,0.849614500883672,0.8497835819180211,0.0001690810343490945,0.1188118811881188,0.11673958093483768,118,109,9,0.002072300253281142,1552,1747,0.29784340324764513,0.2936025805881592,0.004240822659485915,1282,1465,0.16430653009848611,0.16503097589986782,-0.0007244458013817048
iid,minilm,numeric_primary_conflict,dimensions,1901,0.2477643345607575,18,0.800154621489946,0.7982932636196026,-0.0018613578703433609,0.8527806248729946,0.8458978911230157,-0.006882733749978831,0.11309836927932668,0.10994213571804314,42,36,6,0.003156233561283535,645,729,0.2731998404060373,0.2763228322373861,-0.003122991831348759,509,618,0.15324514204105918,0.15719155343025,-0.003946411389190821
iid,minilm,numeric_primary_conflict,model_number,1007,0.21449851042701093,17,0.8650395000639605,0.8494846319683118,-0.015554868095648655,0.8250401158380892,0.8242323943067341,-0.00080772153135511,0.09433962264150944,0.09334657398212512,12,11,1,0.0009930486593843098,448,366,0.2685648041055272,0.2752333070547866,-0.006668502949259324,350,306,0.13870872936709558,0.1363952215849674,0.0023135077821281797
iid,minilm,numeric_primary_conflict,none,3067,0.41147701336811215,18,0.8037774455455854,0.7925555954407373,-0.011221850104848108,0.8701654297245877,0.8645387078216844,-0.005626721902903253,0.17411150961851973,0.17476361265079882,122,124,-2,-0.0006521030322791001,1207,1472,0.39756579450783847,0.40155905971038836,-0.003993265202549904,1062,1306,0.23136988362146213,0.2377122921092712,-0.006342408487809057
iid,minilm,numeric_primary_conflict,pack_count,1357,0.2431834929992631,17,0.8510263514511152,0.8532631396899103,0.00223678823879514,0.8580603414554525,0.8573660184047975,-0.0006943230506549769,0.105379513633014,0.1016949152542373,41,36,5,0.0036845983787767134,488,518,0.26557578869650955,0.2708171932923751,-0.005241404595865531,406,431,0.15233676788868455,0.15168726561956725,0.0006495022691173157
iid,minilm,numeric_primary_conflict,power,414,0.036231884057971016,4,0.7462912087912088,0.6166371507280598,-0.129654058063149,0.6474505556935898,0.6264883263312804,-0.020962229362309404,0.026570048309178744,0.028985507246376812,1,2,-1,-0.0024154589371980675,52,30,0.07281713255392257,0.07465612266865877,-0.0018389901147361917,43,22,0.035544059147675444,0.03375280877409513,0.0017912503735803165
iid,minilm,numeric_primary_conflict,ram_storage,173,0.06936416184971098,3,0.6884407096171802,0.6433115468409586,-0.04512916277622159,0.757436544936545,0.7503706840663363,-0.007065860870208662,0.046242774566473986,0.028901734104046242,5,2,3,0.017341040462427744,27,50,0.11328912095660063,0.10171172523640827,0.011577395720192342,20,37,0.059263072095709086,0.05634138776530946,0.002921684330399619
iid,minilm,numeric_primary_conflict,size,1191,0.12342569269521411,10,0.5623651566291595,0.5724624135749309,0.010097256945771349,0.5459327662965823,0.5414928998119979,-0.004439866484584387,0.10075566750629723,0.10579345088161209,21,27,-6,-0.005037783375314861,410,473,0.2626114939017206,0.26696899152257947,-0.004357497620858881,343,402,0.1427921263836524,0.14466380300901038,-0.0018716766253579701
iid,minilm,numeric_primary_conflict,volume,449,0.28507795100222716,10,0.8741064661644298,0.8654752190803476,-0.008631247084082139,0.8751452583039913,0.8663673194899348,-0.008777938814056419,0.111358574610245,0.12026726057906459,12,16,-4,-0.008908685968819599,175,183,0.29237615247521676,0.3061613620365525,-0.013785209561335764,134,155,0.16765518975236718,0.17246252730038153,-0.0048073375480143735
iid,minilm,numeric_primary_conflict,weight,2421,0.22139611730689798,17,0.7311709292851845,0.783779020888488,0.0526080916033036,0.7822005678129512,0.8011676243787142,0.01896705656576303,0.11524163568773234,0.10821974390747625,63,46,17,0.007021891780256092,875,940,0.2936536781235588,0.2836517890577232,0.010001889065835632,689,766,0.1533667937434452,0.15199772898113514,0.001369064762310054
iid,minilm,attribute_key_overlap,high,855,0.23157894736842105,18,0.7876423542546167,0.7823401983968163,-0.005302155857800361,0.7740999713586698,0.7819758727375051,0.007875901378835315,0.12280701754385964,0.12631578947368421,23,26,-3,-0.0035087719298245615,303,351,0.32671215346492893,0.32243891069376146,0.004273242771167488,249,302,0.1713509829108139,0.17549480889989907,-0.004143825989085173
iid,minilm,attribute_key_overlap,low,3038,0.23963133640552994,18,0.7509246238114035,0.7657410441134411,0.01481642030203767,0.816796233445103,0.8183116171255684,0.001515383680465443,0.11981566820276497,0.1152073732718894,100,86,14,0.004608294930875576,1122,1189,0.29596663010451274,0.29110815954757163,0.0048584705569411244,924,999,0.16282407449355435,0.16283319361419882,-9.119120644457752e-06
iid,minilm,attribute_key_overlap,medium,3566,0.19938306225462704,18,0.7769182585003743,0.7715467591589191,-0.005371499341455199,0.8017961357701328,0.7987490054367316,-0.0030471303334012045,0.10235558048233315,0.09983174425126191,70,61,9,0.0025238362310712283,1196,1268,0.2653963162611691,0.2676595449171856,-0.00226322865601647,955,1053,0.1400797923014142,0.14120606739565458,-0.0011262750942403832
iid,minilm,attribute_key_overlap,none,3061,0.3750408363279974,17,0.7941277542004717,0.7853765466735908,-0.008751207526880855,0.8782746398867871,0.8723508189533309,-0.005923820933456225,0.15027768703038222,0.15321790264619406,88,97,-9,-0.0029402156158118264,1195,1388,0.34895955107253346,0.35721950220852816,-0.008259951135994717,1001,1236,0.20564479490591994,0.2119380136705472,-0.006293218764627274
iid,minilm,attribute_key_overlap,tiny,1444,0.22299168975069253,17,0.810079905913956,0.8242348636126614,0.01415495769870545,0.8334290812206697,0.8404083066184979,0.006979225397828137,0.11080332409972299,0.10318559556786704,37,26,11,0.007617728531855956,504,544,0.2638294036020574,0.2618849850813284,0.0019444185207290246,421,432,0.14872724673320722,0.14547818809275423,0.0032490586404529996
iid,minilm,attribute_key_overlap,very_high,36,0.3055555555555556,4,1.0,0.969047619047619,-0.030952380952380953,0.9757575757575758,0.9147842056932967,-0.060973370064279164,0.05555555555555555,0.1388888888888889,1,4,-3,-0.08333333333333333,9,25,0.19404298735521336,0.27046404327588336,-0.07642105592067006,8,24,0.15300836887844424,0.19085427228128538,-0.037845903402841136
iid,minilm,attribute_agreement,mixed,3204,0.16760299625468164,18,0.7628132042686947,0.7588527940666944,-0.003960410202000331,0.7596232539108229,0.7564549354530814,-0.003168318457741459,0.09644194756554307,0.0945692883895131,66,60,6,0.0018726591760299626,984,1126,0.24986360662184795,0.2499231967061686,-5.9590084320655523e-05,785,931,0.1316769530112447,0.13268894461960534,-0.0010119916083606265
iid,minilm,attribute_agreement,mostly_conflict,4505,0.23951165371809102,18,0.7923721671652094,0.7972902314306566,0.004918064265447164,0.8324072695221619,0.8357760367538042,0.0033687672316422557,0.11320754716981132,0.10876803551609324,131,111,20,0.004439511653718091,1628,1772,0.2790039768600611,0.2772279529505978,0.0017760239094633376,1330,1468,0.15665845487267394,0.15697929605085906,-0.0003208411781851344
iid,minilm,attribute_agreement,mostly_exact,1230,0.28780487804878047,18,0.805694951203017,0.8011532176122266,-0.004541733590790464,0.8131159546312081,0.817138841845796,0.004022887214587878,0.14390243902439023,0.14227642276422764,34,32,2,0.0016260162601626016,522,479,0.3702179449045002,0.36811265711360575,0.002105287790894493,442,411,0.1896913146015921,0.1893416994146194,0.00034961518697271206
iid,minilm,attribute_agreement,no_common_keys,3061,0.3750408363279974,17,0.7941277542004717,0.7853765466735908,-0.008751207526880855,0.8782746398867871,0.8723508189533309,-0.005923820933456225,0.15027768703038222,0.15321790264619406,88,97,-9,-0.0029402156158118264,1195,1388,0.34895955107253346,0.35721950220852816,-0.008259951135994717,1001,1236,0.20564479490591994,0.2119380136705472,-0.006293218764627274
iid,minilm,attribute_count,1-4,499,0.4188376753507014,14,0.8763351091467693,0.8694712549209965,-0.006863854225772736,0.8789533603892237,0.8778331463637952,-0.001120214025428501,0.15831663326653306,0.14428857715430862,23,16,7,0.014028056112224449,191,242,0.3730507907910748,0.3813130834452153,-0.00826229265414053,164,215,0.2075208932490747,0.21393747981017144,-0.006416586561096769
iid,minilm,attribute_count,10-19,5751,0.2573465484263606,18,0.773740521157539,0.7834196636179889,0.009679142460449874,0.8380856917132415,0.8387941813965242,0.0007084896832826315,0.1210224308815858,0.11824030603373327,155,139,16,0.0027821248478525473,2084,2334,0.29524532980037366,0.29332245789502653,0.00192287190534713,1705,1950,0.1658849358798583,0.1662293592648858,-0.00034442338502749557
iid,minilm,attribute_count,20-39,2909,0.14884840151254727,18,0.7646356309350949,0.7660411592123281,0.00140552827723317,0.7071560073118939,0.7160081035272581,0.008852096215364202,0.09281540048126503,0.09178411825369542,54,51,3,0.0010312822275696115,908,916,0.24256400634352138,0.24107707998664804,0.0014869263568733303,719,770,0.12674038551606623,0.1271538185496348,-0.00041343303356858644
iid,minilm,attribute_count,40+,166,0.0963855421686747,5,0.7956116264687694,0.6351700680272108,-0.1604415584415586,0.7031770727762575,0.7255672111718654,0.022390138395607884,0.08433734939759036,0.05421686746987952,6,1,5,0.030120481927710843,52,63,0.16302719084506168,0.167633072211804,-0.004605881366742357,39,49,0.10130724373058078,0.09612197041922145,0.005185273311359328
iid,minilm,attribute_count,5-9,2675,0.3663551401869159,18,0.7849567487774713,0.7737520783201404,-0.011204670457330979,0.873783814852873,0.8689152976806271,-0.004868517172245901,0.14841121495327103,0.15289719626168224,81,93,-12,-0.004485981308411215,1094,1210,0.36045597196869444,0.3699440430419696,-0.009488071073275196,931,1062,0.20462667473440632,0.2113544316215889,-0.006727756887182559
iid,minilm,missingness,extreme,6484,0.19818013571869217,18,0.7669087590717129,0.7684200791206935,0.001511320048980691,0.8101992083007,0.808111989591648,-0.002087218709052041,0.10009253547193091,0.0985502776064158,137,127,10,0.0015422578655151142,2165,2316,0.2520179573727526,0.25345890188425846,-0.0014409445115058268,1747,1922,0.1383055191279884,0.1391298073140015,-0.0008242881860130891
iid,minilm,missingness,high,1102,0.3502722323049002,15,0.853397042657268,0.8433476171627936,-0.010049425494474407,0.8663724094995565,0.8659686392335252,-0.0004037702660313336,0.1442831215970962,0.1515426497277677,32,40,-8,-0.007259528130671506,462,476,0.3640077333840969,0.3731901241631208,-0.009182390779023891,392,416,0.20100582030342137,0.20693441959496878,-0.0059285992915474196
iid,minilm,missingness,medium,197,0.41624365482233505,11,0.9268279313664484,0.9237936038362741,-0.0030343275301742967,0.8921482846980432,0.8794114622838256,-0.012736822414217586,0.12690355329949238,0.12690355329949238,5,5,0,0.0,66,102,0.33002853105112034,0.34211760225648685,-0.012089071205366597,55,93,0.17595817511227588,0.19131084199761972,-0.015352666885343848
iid,minilm,missingness,very_high,4205,0.32318668252080857,18,0.7894681110819988,0.7862833773822149,-0.0031847336997838926,0.8483064604496043,0.8478134413786225,-0.0004930190709818705,0.14768133174791914,0.1436385255648038,143,126,17,0.004042806183115339,1631,1864,0.3511634039005931,0.3494409568131649,0.0017224470874281856,1359,1608,0.19844279783121344,0.20050939845827775,-0.002066600627064324
iid,minilm,bge_sequence_length,128-255,5139,0.204514496983849,18,0.7672784980116296,0.7719098434809528,0.0046313454693232,0.8078019445248963,0.8124146818836163,0.0046127373587200315,0.10527339949406499,0.10430044755789064,124,119,5,0.000972951936174353,1765,1915,0.26518506702107847,0.2612727443779037,0.00391232264317478,1413,1599,0.14599043982264182,0.146542704532085,-0.0005522647094431898
iid,minilm,bge_sequence_length,256-383,1521,0.17817225509533202,18,0.7450303767108927,0.7322041441102016,-0.012826232600691045,0.7716645970746221,0.7789607495276825,0.007296152453060367,0.10190664036817883,0.09598948060486522,32,23,9,0.005917159763313609,503,486,0.24677477893203786,0.24588437740934435,0.0008904015226935051,415,385,0.1335816956525162,0.13033278368715087,0.0032489119653653473
iid,minilm,bge_sequence_length,<128,4622,0.35157940285590655,18,0.7925802396453758,0.7775521940169088,-0.015028045628467046,0.8655710240278675,0.8610356458096886,-0.004535378218178843,0.14582431847684985,0.14668974469926438,143,147,-4,-0.0008654262224145391,1770,2104,0.352436895238314,0.36040244741461086,-0.007965552176296827,1492,1843,0.19965486457109619,0.20576505966587866,-0.006110195094782472
iid,minilm,bge_sequence_length,at_384,718,0.2381615598885794,14,0.8368332843987487,0.867455976211087,0.030622691812338343,0.8162325827591289,0.8127657391398218,-0.0034668436193071583,0.11977715877437325,0.10724233983286909,20,11,9,0.012534818941504178,291,260,0.29793223045696005,0.29727358140815596,0.0006586490488040032,238,219,0.1590681301291969,0.15542399587970762,0.0036441342494892984
iid,rumodernbert,category,Автотовары,707,0.1669024045261669,1,0.7047224695607315,0.6888769702246388,-0.015845499336092694,0.7047224695607315,0.6888769702246388,-0.015845499336092694,0.09900990099009901,0.10183875530410184,6,8,-2,-0.002828854314002829,270,337,0.2960956831618347,0.30880543841603025,-0.01270975525419548,224,278,0.14967366829702217,0.15710807226195173,-0.007434403964929556
iid,rumodernbert,category,Аптека,624,0.0673076923076923,1,0.8018116592403273,0.793001927153688,-0.008809732086639266,0.8018116592403273,0.793001927153688,-0.008809732086639266,0.035256410256410256,0.035256410256410256,4,4,0,0.0,53,123,0.09369324729417601,0.0915970601218104,0.00209618717236562,40,85,0.0465270507946652,0.05174906565988726,-0.005222014865222053
iid,rumodernbert,category,Бытовая химия,642,0.45794392523364486,1,0.8866722453746422,0.8714941392507415,-0.015178106123900692,0.8866722453746422,0.8714941392507415,-0.015178106123900692,0.14797507788161993,0.1557632398753894,21,26,-5,-0.00778816199376947,171,443,0.370103568135148,0.38851662179512475,-0.018413053659976752,160,415,0.21224563090784207,0.2448025355166306,-0.03255690460878851
iid,rumodernbert,category,Галантерея и аксессуары,629,0.16057233704292528,1,0.6681806775510581,0.6374269414139738,-0.03075373613708432,0.6681806775510581,0.6374269414139738,-0.03075373613708432,0.1192368839427663,0.12559618441971382,10,14,-4,-0.006359300476947536,134,390,0.28473632233662,0.28884480015809705,-0.004108477821477051,119,333,0.15709053052337865,0.17534813744020433,-0.018257606916825674
iid,rumodernbert,category,Детские товары,676,0.6109467455621301,1,0.9357273174979128,0.9311770418617636,-0.004550275636149181,0.9357273174979128,0.9311770418617636,-0.004550275636149181,0.15976331360946747,0.17455621301775148,18,28,-10,-0.014792899408284023,199,435,0.3902561310938407,0.4016166779134926,-0.011360546819651913,181,390,0.2293153873582084,0.2541444621134285,-0.024829074755220084
iid,rumodernbert,category,Дом и сад,668,0.2470059880239521,1,0.8394735412903032,0.810443728740035,-0.029029812550268153,0.8394735412903032,0.810443728740035,-0.029029812550268153,0.11976047904191617,0.13323353293413173,21,30,-9,-0.01347305389221557,153,396,0.2737637451154571,0.29686972114889315,-0.023105976033436008,139,339,0.16727282641140792,0.18880454941585098,-0.021531723004443053
iid,rumodernbert,category,Канцелярские товары,637,0.29356357927786497,1,0.7853949067693771,0.7781188088851947,-0.007276097884182375,0.7853949067693771,0.7781188088851947,-0.007276097884182375,0.18681318681318682,0.18524332810047095,31,30,1,0.0015698587127158557,180,421,0.377088487763218,0.38514967538889333,-0.008061187625675335,171,373,0.23622482872794323,0.2594423031644951,-0.0232174744365519
iid,rumodernbert,category,Красота и гигиена,674,0.35311572700296734,1,0.8244052909182986,0.8167286621564269,-0.0076766287618716955,0.8244052909182986,0.8167286621564269,-0.0076766287618716955,0.18100890207715134,0.18991097922848665,26,32,-6,-0.008902077151335312,213,418,0.39768049767582886,0.4018278198370238,-0.004147322161194956,199,382,0.24245849007620401,0.26277027666970854,-0.02031178659350454
iid,rumodernbert,category,Мебель,741,0.1417004048582996,1,0.6666543017523899,0.6501639785676039,-0.01649032318478605,0.6666543017523899,0.6501639785676039,-0.01649032318478605,0.09986504723346828,0.09851551956815115,14,13,1,0.001349527665317139,135,432,0.25647169684848287,0.2604118618029921,-0.003940164954509207,105,321,0.12748957821968263,0.14223246576796147,-0.014742887548278837
iid,rumodernbert,category,Музыкальные инструменты,660,0.2287878787878788,1,0.8813198453797705,0.8615760190503255,-0.019743826329444936,0.8813198453797705,0.8615760190503255,-0.019743826329444936,0.0803030303030303,0.09242424242424242,12,20,-8,-0.012121212121212121,121,457,0.23414727413947384,0.24401992721737292,-0.009872653077899038,96,396,0.1241263970007739,0.14693314345186634,-0.022806746451092434
iid,rumodernbert,category,Обувь,693,0.11255411255411256,1,0.5314531002264711,0.5816676695016872,0.05021456927521617,0.5314531002264711,0.5816676695016872,0.05021456927521617,0.09523809523809523,0.08946608946608947,12,8,4,0.005772005772005772,131,452,0.2524680617368608,0.23640060806449334,0.016067453672367473,118,334,0.12599765028642473,0.1346902538015014,-0.008692603515076648
iid,rumodernbert,category,Продукты питания,690,0.2768115942028985,1,0.8840136456116856,0.8655581892981845,-0.018455456313501095,0.8840136456116856,0.8655581892981845,-0.018455456313501095,0.10144927536231885,0.10144927536231885,16,16,0,0.0,122,476,0.2677809129620731,0.27172792141638763,-0.0039470084543144785,108,392,0.1415947289443558,0.1673621440866449,-0.02576741514228912
iid,rumodernbert,category,Спорт и отдых,624,0.25801282051282054,1,0.694405188583946,0.7075769806830791,0.013171792099133106,0.694405188583946,0.7075769806830791,0.013171792099133106,0.17147435897435898,0.16666666666666666,19,16,3,0.004807692307692308,196,341,0.4391497663591889,0.4075817310366579,0.03156803532253104,173,292,0.21701017201718434,0.22735623646831998,-0.01034606445113567
iid,rumodernbert,category,Строительство и ремонт,664,0.23795180722891565,1,0.747999885380319,0.7662739002580844,0.018274014877765365,0.747999885380319,0.7662739002580844,0.018274014877765365,0.15060240963855423,0.1536144578313253,22,24,-2,-0.0030120481927710845,179,382,0.3442492776730924,0.3286369246889296,0.015612352984162867,163,316,0.18933457245933472,0.19855720360541762,-0.009222631146082884
iid,rumodernbert,category,Товары для животных,624,0.3717948717948718,1,0.8618089578178876,0.8486946875020578,-0.01311427031582979,0.8618089578178876,0.8486946875020578,-0.01311427031582979,0.14102564102564102,0.15384615384615385,18,26,-8,-0.01282051282051282,145,420,0.36440239147145304,0.37725525497049006,-0.012852863499037009,129,380,0.19199616112223922,0.22719739362125835,-0.035201232499019124
iid,rumodernbert,category,Хобби и творчество,628,0.4554140127388535,1,0.9260068993570639,0.9265560898070992,0.0005491904500353195,0.9260068993570639,0.9265560898070992,0.0005491904500353195,0.1178343949044586,0.12420382165605096,14,18,-4,-0.006369426751592357,164,400,0.2977946554020634,0.3030697248453307,-0.005275069443267259,140,339,0.1680495937874468,0.1871540824249446,-0.019104488637497807
iid,rumodernbert,category,Электроника,696,0.14224137931034483,1,0.7599359591229894,0.7231553209550952,-0.03678063816789423,0.7599359591229894,0.7231553209550952,-0.03678063816789423,0.09051724137931035,0.10057471264367816,10,17,-7,-0.010057471264367816,125,385,0.19869045714771547,0.21861105594298802,-0.019920598795272533,106,301,0.1230303471058359,0.1408162561312837,-0.017785909025447817
iid,rumodernbert,category,Ювелирные изделия,723,0.13692946058091288,1,0.6800091398500739,0.6608380052469597,-0.01917113460311426,0.6800091398500739,0.6608380052469597,-0.01917113460311426,0.09681881051175657,0.1078838174273859,10,18,-8,-0.011065006915629323,231,394,0.251668541478563,0.2541637884138313,-0.0024952469352683034,202,308,0.14710170429722919,0.15362739610456105,-0.00652569180733188
iid,rumodernbert,label,0,8882,0.0,0,,,,,,,0.05809502364332358,0.06575095699166854,121,189,-68,-0.007655933348344968,1767,5296,0.1560662448439276,0.17537890964757913,-0.019312664803651573,1534,4297,0.10444017273840038,0.1240429337441982,-0.019602761005797813
iid,rumodernbert,label,1,3118,1.0,0,,,,,,,0.3014753046824888,0.300192431045542,163,159,4,0.0012828736369467607,1155,1806,0.7039219957449558,0.6652927050730919,0.038629290671863825,1039,1677,0.34085975514879124,0.3536423966281099,-0.012782641479318676
iid,rumodernbert,bge_score_bin,.01-.025,1694,0.03482880755608028,17,0.11824056596358874,0.18300597690167647,0.06476541093808773,0.050010508028942316,0.0820125074688666,0.03200199943992428,0.03482880755608028,0.03541912632821724,1,2,-1,-0.0005903187721369539,129,1250,0.15736752708181082,0.14864630028185025,0.00872122679996054,68,1047,0.050166058805446806,0.07386699129759011,-0.023700932492143303
iid,rumodernbert,bge_score_bin,.025-.05,1324,0.055891238670694864,17,0.09799592890188225,0.13320382417584414,0.0352078952739619,0.06242926953982341,0.0957653738851444,0.03333610434532099,0.055891238670694864,0.05664652567975831,0,1,-1,-0.0007552870090634441,281,849,0.2200264029594031,0.2188182746786669,0.0012081282807361096,189,733,0.08760526996342258,0.11554555806825134,-0.027940288104828775
iid,rumodernbert,bge_score_bin,.05-.10,1144,0.10314685314685315,18,0.16879389127410008,0.24184578046779961,0.07305188919369954,0.11570244043175973,0.17681424249992383,0.061111802068164106,0.10314685314685315,0.10314685314685315,5,5,0,0.0,436,633,0.3395126928345529,0.3418748756883699,-0.002362182853817019,373,584,0.15919917838166017,0.19028346473839577,-0.031084286356735585
iid,rumodernbert,bge_score_bin,.10-.20,972,0.1831275720164609,18,0.26992023027247636,0.31122190002432376,0.0413016697518474,0.22288845134893648,0.24425107777150815,0.021362626422571668,0.1831275720164609,0.19753086419753085,13,27,-14,-0.01440329218106996,429,505,0.478615124111245,0.4919135620509923,-0.013298437939747254,401,477,0.27273703723716636,0.2992732728823805,-0.026536235645214103
iid,rumodernbert,bge_score_bin,.20-.40,1006,0.3230616302186879,18,0.42806999929914064,0.4995882744538382,0.07151827515469755,0.3832101164041012,0.4527381352079488,0.06952801880384762,0.3230616302186879,0.3240556660039761,80,81,-1,-0.0009940357852882703,533,448,0.6224726223105501,0.6250723396010173,-0.0025997172904671027,521,435,0.4190517609150225,0.40485789998625193,0.014193860928770561
iid,rumodernbert,bge_score_bin,.40-.60,696,0.5014367816091954,18,0.6343199067556803,0.622167959604031,-0.012151947151649245,0.6013160102833307,0.5875847169334959,-0.013731293349834806,0.41954022988505746,0.4410919540229885,128,143,-15,-0.021551724137931036,366,324,0.6770044813669878,0.7121298205589011,-0.03512533919191337,357,314,0.48873792618684386,0.47486817905807804,0.013869747128765816
iid,rumodernbert,bge_score_bin,.60-.80,692,0.6661849710982659,18,0.7521579471292985,0.7735786323014,0.021420685172101495,0.7237214948425535,0.7401157430096559,0.016394248167102332,0.3338150289017341,0.3670520231213873,51,74,-23,-0.033236994219653176,343,339,0.6318506353458826,0.6421668718889763,-0.010316236543093462,333,328,0.42574637120514247,0.42791958156477855,-0.0021732103596360697
iid,rumodernbert,bge_score_bin,.80-.90,525,0.8361904761904762,16,0.8639983337273237,0.8738440589607939,0.00984572523347016,0.8369093877144222,0.86625479719245,0.029345409478027773,0.16380952380952382,0.17333333333333334,6,11,-5,-0.009523809523809525,188,321,0.44538148604405214,0.46012275557983595,-0.014741269535783773,172,309,0.25997196220216295,0.3003110628752481,-0.04033910067308517
iid,rumodernbert,bge_score_bin,.90-.95,495,0.9090909090909091,15,0.9029499180476656,0.9166368507606648,0.013686932712999256,0.9057138737181327,0.9160317331043,0.01031785938616725,0.09090909090909091,0.09696969696969697,0,3,-3,-0.006060606060606061,134,324,0.31176299277154196,0.32723189951118475,-0.015468906739642699,111,300,0.15104148676901152,0.19711830808658792,-0.0460768213175764
iid,rumodernbert,bge_score_bin,.95-.975,345,0.9594202898550724,9,0.9639537339256291,0.9802615301411475,0.016307796215518366,0.9722614639043294,0.9825157544906287,0.01025429058629923,0.04057971014492753,0.043478260869565216,0,1,-1,-0.002898550724637681,44,266,0.16837707553169107,0.17743043748003332,-0.009053361948342253,26,254,0.07376295086266338,0.11405102830866108,-0.04028807744599771
iid,rumodernbert,bge_score_bin,.975-.99,273,0.9706959706959707,4,0.8972213436645626,0.9504392086972813,0.053217865032718636,0.9625930298100814,0.9764411607600634,0.01384813094998194,0.029304029304029304,0.029304029304029304,0,0,0,0.0,11,217,0.1385044798260552,0.1411280440280227,-0.0026235642019674754,6,179,0.04618848680139898,0.07143552202881474,-0.02524703522741576
iid,rumodernbert,bge_score_bin,.99-1,43,1.0,0,,,,,,,0.0,0.0,0,0,0,0.0,0,37,0.0074344241955156464,0.02543558298108085,-0.01800115878556521,0,26,0.007405321265375892,0.024820301421853,-0.01741498015647711
iid,rumodernbert,bge_score_bin,00-.01,2791,0.009315657470440702,12,0.08783464856929428,0.060530935746628024,-0.027303712822666255,0.021346592836019047,0.01987993739239376,-0.0014666554436252865,0.009315657470440702,0.009315657470440702,0,0,0,0.0,28,1589,0.05391778114699345,0.053065938159778184,0.0008518429872152666,16,988,0.012996170784355873,0.024595530975369095,-0.011599360191013222
iid,rumodernbert,bge_uncertainty,confident,937,0.45570971184631803,18,0.6993355315025878,0.6979188029483044,-0.0014167285542833197,0.6854819920113181,0.6934497585887922,0.007967766577474111,0.27641408751334046,0.29989327641408753,39,61,-22,-0.023479188900747065,457,465,0.5876872940168179,0.6095695737402985,-0.02188227972348068,446,452,0.38534584224796603,0.3943787119893025,-0.009032869741336514
iid,rumodernbert,bge_uncertainty,extreme,8109,0.16845480330496979,18,0.7536110755618773,0.7666765259976027,0.013065450435725379,0.8703391500322867,0.8724670827097885,0.002127932677501776,0.04242200024663954,0.04316191885559255,6,12,-6,-0.0007399186089530152,1063,5165,0.16615202514392546,0.16568616312984707,0.000465862014078341,789,4111,0.06566882395920921,0.08902870273742972,-0.023359878778220496
iid,rumodernbert,bge_uncertainty,mid,761,0.47174770039421815,18,0.5907994796077818,0.6341277766702085,0.04332829706242669,0.5592378361349813,0.6300350477845363,0.07079721164955499,0.3902759526938239,0.392904073587385,92,94,-2,-0.002628120893561104,419,322,0.6738306218265517,0.6597050701591788,0.01412555166737295,408,311,0.4666406125730973,0.43873133337059095,0.027909279202506358
iid,rumodernbert,bge_uncertainty,uncertain,352,0.5028409090909091,18,0.7005552455680537,0.6654228439160501,-0.0351324016520036,0.6358615247018352,0.6074566326956009,-0.028404892006234306,0.35511363636363635,0.4318181818181818,43,70,-27,-0.07670454545454546,182,165,0.659652651632595,0.7079573640639525,-0.04830471243135747,176,159,0.47771441987292335,0.4703985101501034,0.007315909722819924
iid,rumodernbert,bge_uncertainty,very_confident,1497,0.4121576486305945,18,0.7177280952961367,0.7335927765697767,0.015864681273640047,0.7630453435706456,0.7813889361339736,0.01834359256332807,0.17635270541082165,0.18904475617902472,19,38,-19,-0.012692050768203072,617,826,0.46696004062074664,0.48076448162523605,-0.013804441004489524,573,786,0.2682603075154718,0.2996372272886968,-0.031376919773224994
iid,rumodernbert,bge_uncertainty,very_uncertain,344,0.5,18,0.5782152073699259,0.6047710748775633,0.026555867507637387,0.4911987207345543,0.5672354290148973,0.07603670828034303,0.48546511627906974,0.45058139534883723,85,73,12,0.03488372093023256,184,159,0.6947598420254362,0.7163993109258253,-0.021639468900389182,181,155,0.500017793112716,0.4794417937546102,0.0205759993581058
iid,rumodernbert,title_similarity,exact_token_set,1168,0.3784246575342466,18,0.8975698628525888,0.880915582016655,-0.016654280835933788,0.9065884179705656,0.90232043808771,-0.004267979882855544,0.12756849315068494,0.1386986301369863,25,38,-13,-0.01113013698630137,280,741,0.3146149499688098,0.3186775209394181,-0.004062570970608326,248,623,0.1757281934261512,0.19727024421415193,-0.02154205078800073
iid,rumodernbert,title_similarity,high,2037,0.28375061364752086,18,0.8155168846788112,0.8228879025555034,0.007371017876692143,0.8908417489940876,0.8881783442587929,-0.0026634047352946943,0.09327442317133039,0.09474717722140402,41,44,-3,-0.0014727540500736377,422,1145,0.24850708814879724,0.25011987518015616,-0.0016127870313589522,360,953,0.1349211497999726,0.15120332649313795,-0.01628217669316535
iid,rumodernbert,title_similarity,low,3321,0.21348991267690454,18,0.7234540870434485,0.7106674226847167,-0.01278666435873177,0.7510015116291167,0.7303589019975174,-0.02064260963159925,0.13038241493526045,0.13369467028003612,84,95,-11,-0.00331225534477567,879,1930,0.309491121539176,0.3181149213741479,-0.008623799834971876,781,1621,0.17446026633011624,0.19117986223460354,-0.016719595904487315
iid,rumodernbert,title_similarity,medium,3276,0.2802197802197802,18,0.7990494758310098,0.7965938813853006,-0.002455594445709197,0.8399748378623763,0.8334267113307484,-0.00654812653162784,0.12393162393162394,0.13522588522588522,73,110,-37,-0.011294261294261294,831,1942,0.31732700903305144,0.31590323955922317,0.0014237694738283378,728,1653,0.1739763621905325,0.1922164002194494,-0.01824003802891691
iid,rumodernbert,title_similarity,near_exact,524,0.3187022900763359,16,0.9047975955798377,0.8924634028255942,-0.012334192754243523,0.8956112910537309,0.892835662320177,-0.0027756287335539698,0.12786259541984732,0.11450381679389313,19,12,7,0.013358778625954198,112,321,0.2838729638292991,0.27467117797123464,0.00920178585806446,97,274,0.15665563747369776,0.1665264515163784,-0.009870814042680635
iid,rumodernbert,title_similarity,very_low,1674,0.1816009557945042,18,0.6728843504627979,0.6386135658227736,-0.03427078464002431,0.7021661471953993,0.6760218230307564,-0.02614432416464285,0.1260454002389486,0.13022700119474312,42,49,-7,-0.004181600955794504,398,1023,0.29342726406417796,0.30770742877657875,-0.014280164712400793,359,850,0.16662888751337895,0.18764898369124652,-0.021020096177867566
iid,rumodernbert,title_exact_near,exact,100,0.36,8,0.9166666666666666,0.9166666666666666,0.0,0.9794211156529997,0.9778569688109162,-0.0015641468420835025,0.03,0.02,1,0,1,0.01,13,75,0.13046066069488377,0.17806964915831813,-0.047608988463434365,11,65,0.07968173291155836,0.12595748718711547,-0.04627575427555712
iid,rumodernbert,title_exact_near,high_nonexact,2017,0.2821021318790283,18,0.8164663950532168,0.8215130845814171,0.00504668952820031,0.8910581457786905,0.8880149680709262,-0.0030431777077642996,0.09221616261774913,0.09419930589985126,40,44,-4,-0.0019831432821021317,415,1137,0.24663807252909986,0.24912184618662933,-0.0024837736575295073,353,946,0.13384001985763683,0.15026123437481131,-0.01642121451717447
iid,rumodernbert,title_exact_near,near_exact,1612,0.3610421836228288,18,0.8866339213080983,0.8754277332825302,-0.011206188025568053,0.895175664528055,0.8935291437717379,-0.0016465207563171047,0.1346153846153846,0.13833746898263027,44,50,-6,-0.0037220843672456576,386,995,0.31756425236261765,0.31349348559670115,0.0040707667659165715,341,839,0.17633310965043245,0.19230770685516613,-0.015974597204733692
iid,rumodernbert,title_exact_near,not_near,8271,0.23346632813444565,18,0.7474557074238591,0.7342722649092538,-0.013183442514605348,0.7895604165239865,0.7748576551008852,-0.01470276142310123,0.12694958287994196,0.13359932293555798,199,254,-55,-0.006649740055616008,2108,4895,0.30934355413702264,0.31513249938962073,-0.0057889452525981015,1868,4124,0.17268357692127878,0.19087578869534294,-0.018192211774064136
iid,rumodernbert,brand_state,conflict,1373,0.2359796067006555,18,0.7745424181591808,0.7879847436745857,0.013442325515404918,0.8291491440523108,0.8260725739193033,-0.003076570133007439,0.11871813546977422,0.11507647487254188,38,33,5,0.003641660597232338,338,845,0.28682503717222985,0.2848346626633959,0.001990374508833923,292,723,0.15578258587105961,0.17343669865670927,-0.01765411278564966
iid,rumodernbert,brand_state,match,1095,0.26301369863013696,18,0.7833854171258486,0.7932996716902988,0.009914254564450165,0.8311615835834274,0.8289333461376823,-0.0022282374457450738,0.11689497716894977,0.1232876712328767,23,30,-7,-0.006392694063926941,292,629,0.3194044058459149,0.31851777814351095,0.0008866277024039977,252,534,0.1649523686437342,0.1805881283216744,-0.015635759677940217
iid,rumodernbert,brand_state,one_missing,9532,0.2629039026437264,18,0.7674427013014311,0.7591730795552606,-0.008269621746170519,0.8383754334849487,0.827587879416151,-0.010787554068797722,0.1222198908938313,0.12872429710449013,223,285,-62,-0.006504406210658833,2292,5628,0.2976763081197848,0.30342458780987325,-0.005748279690088459,2029,4717,0.16742824137122844,0.18553648158146452,-0.018108240210236076
iid,rumodernbert,model_attribute_state,both_missing,6371,0.29948202793909906,15,0.7640677824400472,0.7563077602189877,-0.007760022221059537,0.8525180997577697,0.8451755878189326,-0.00734251193883706,0.1305917438392717,0.1362423481400094,174,210,-36,-0.005650604300737718,1510,3829,0.31631136611847205,0.32003981757695843,-0.0037284514584863745,1354,3293,0.17700252293356458,0.19730578419397965,-0.02030326126041507
iid,rumodernbert,model_attribute_state,conflict,1246,0.1476725521669342,13,0.6702324807050541,0.6784880100238996,0.008255529318845434,0.6368685055597121,0.640914642463168,0.004046136903455899,0.10513643659711075,0.10353130016051364,20,18,2,0.0016051364365971107,404,587,0.28783017326165594,0.28509102668340347,0.0027391465782524655,346,466,0.14616691545945892,0.151325483860528,-0.00515856840106907
iid,rumodernbert,model_attribute_state,match,98,0.5612244897959183,4,0.8217948717948718,0.8520444832944832,0.030249611499611473,0.9918290431193658,0.9843795488879589,-0.00744949423140695,0.05102040816326531,0.10204081632653061,0,5,-5,-0.05102040816326531,24,58,0.19299839682261902,0.23649920442335953,-0.04350080760074047,19,52,0.148660513301848,0.1697403544248842,-0.021079841123036184
iid,rumodernbert,model_attribute_state,one_missing,4285,0.2266044340723454,18,0.7907135158697824,0.7843472383948468,-0.006366277474935678,0.8231770620124463,0.8087771924666729,-0.014399869545773436,0.11388564760793465,0.11971995332555425,90,115,-25,-0.005834305717619603,984,2628,0.27730203433444833,0.28348287300907493,-0.00618083867462664,854,2163,0.15544050180644026,0.17320538424240706,-0.017764882435966807
iid,rumodernbert,title_code_state,both_missing,3897,0.3299974339235309,15,0.8161203100408975,0.8003333069251539,-0.015787003115743548,0.8801426087128535,0.8740335881496155,-0.006109020563238032,0.1331793687451886,0.1403643828586092,102,130,-28,-0.00718501411342058,944,2299,0.30923756472262953,0.3179780802470058,-0.00874051552437624,856,2007,0.18168244337803974,0.2033018566845808,-0.021619413306541088
iid,rumodernbert,title_code_state,conflict,2759,0.1362812613265676,17,0.7005037635748208,0.6834626029279142,-0.01704116064690664,0.6756110813897738,0.6712402803122094,-0.004370801077564379,0.09242479159115621,0.09278724175425879,46,47,-1,-0.0003624501631025734,670,1524,0.25147129985636696,0.24945032942568848,0.0020209704306785557,559,1184,0.12792714764597138,0.13840100042152412,-0.01047385277555275
iid,rumodernbert,title_code_state,match,1114,0.388689407540395,18,0.9131834388971216,0.9086498923898874,-0.004533546507234254,0.9144077898877939,0.902163924223695,-0.012243865664098963,0.118491921005386,0.12118491921005387,29,32,-3,-0.0026929982046678637,269,660,0.3078941314604969,0.30720700923156075,0.0006871222289361139,229,569,0.16496548555482365,0.18109743283005347,-0.016131947275229833
iid,rumodernbert,title_code_state,one_missing,4230,0.24184397163120566,18,0.7234384231419199,0.7062707850468054,-0.017167638095114457,0.7865054799061866,0.7735082707236405,-0.012997209182546099,0.13002364066193853,0.1375886524822695,107,139,-32,-0.007565011820330969,1039,2619,0.31657375909260976,0.32209822317155645,-0.005524464078946711,929,2214,0.17628825004937917,0.19587425398745603,-0.019586003938076857
iid,rumodernbert,model_sku_code_state,conflict,2759,0.1362812613265676,17,0.7005037635748208,0.6834626029279142,-0.01704116064690664,0.6756110813897738,0.6712402803122094,-0.004370801077564379,0.09242479159115621,0.09278724175425879,46,47,-1,-0.0003624501631025734,670,1524,0.25147129985636696,0.24945032942568848,0.0020209704306785557,559,1184,0.12792714764597138,0.13840100042152412,-0.01047385277555275
iid,rumodernbert,model_sku_code_state,match,1114,0.388689407540395,18,0.9131834388971216,0.9086498923898874,-0.004533546507234254,0.9144077898877939,0.902163924223695,-0.012243865664098963,0.118491921005386,0.12118491921005387,29,32,-3,-0.0026929982046678637,269,660,0.3078941314604969,0.30720700923156075,0.0006871222289361139,229,569,0.16496548555482365,0.18109743283005347,-0.016131947275229833
iid,rumodernbert,model_sku_code_state,no_evidence,3897,0.3299974339235309,15,0.8161203100408975,0.8003333069251539,-0.015787003115743548,0.8801426087128535,0.8740335881496155,-0.006109020563238032,0.1331793687451886,0.1403643828586092,102,130,-28,-0.00718501411342058,944,2299,0.30923756472262953,0.3179780802470058,-0.00874051552437624,856,2007,0.18168244337803974,0.2033018566845808,-0.021619413306541088
iid,rumodernbert,model_sku_code_state,one_missing,4230,0.24184397163120566,18,0.7234384231419199,0.7062707850468054,-0.017167638095114457,0.7865054799061866,0.7735082707236405,-0.012997209182546099,0.13002364066193853,0.1375886524822695,107,139,-32,-0.007565011820330969,1039,2619,0.31657375909260976,0.32209822317155645,-0.005524464078946711,929,2214,0.17628825004937917,0.19587425398745603,-0.019586003938076857
iid,rumodernbert,numeric_size_state,both_missing,8484,0.3026874115983027,17,0.8062497274608946,0.7959802868734307,-0.01026944058746393,0.8563571552539325,0.8459526235655174,-0.010404531688415153,0.13142385667138143,0.13755304101838756,226,278,-52,-0.006129184347006129,2170,5214,0.3200169383977259,0.3272897270313683,-0.007272788633642508,1930,4487,0.17944948824250706,0.1995983541127951,-0.020148865870288062
iid,rumodernbert,numeric_size_state,conflict,1053,0.12345679012345678,10,0.5718908897517568,0.5653039882026661,-0.006586901549090696,0.5206509762469176,0.5396347194995637,0.018983743252646068,0.10446343779677113,0.10826210826210826,20,24,-4,-0.003798670465337132,280,614,0.2683008437520221,0.257440316018126,0.010860527733896045,243,468,0.14355417509036716,0.1502087873041653,-0.006654612213798106
iid,rumodernbert,numeric_size_state,match,260,0.19230769230769232,9,0.8845617394687283,0.8601066281764602,-0.024455111292268072,0.7472161962610614,0.7394667837301526,-0.0077494125309087725,0.11153846153846154,0.11923076923076924,4,6,-2,-0.007692307692307693,75,162,0.2955874373779146,0.2952350638585181,0.0003523735193964906,65,135,0.17046134513198363,0.18575955145419218,-0.015298206322208548
iid,rumodernbert,numeric_size_state,one_missing,2203,0.16795279164775306,18,0.7536777486187137,0.739554087719697,-0.014123660899016732,0.7819349752378842,0.7752292100997378,-0.006705765138146469,0.09169314571039491,0.09441670449387199,34,40,-6,-0.0027235587834770767,397,1112,0.22996456735410498,0.23037962614764765,-0.00041505879354263465,335,884,0.12369785586132595,0.138241741942844,-0.014543886081518048
iid,rumodernbert,numeric_ram_storage_state,both_missing,11647,0.2646174980681721,18,0.7835869422669438,0.7737715541639373,-0.009815388103006528,0.837846910044638,0.8284810251700194,-0.009365884874618535,0.1230359749291663,0.12853095217652613,280,344,-64,-0.005494977247359835,2879,6942,0.30215110724029,0.3070693190692086,-0.004918211828918645,2534,5858,0.16833098318520526,0.18649269570026034,-0.01816171251505509
iid,rumodernbert,numeric_ram_storage_state,conflict,41,0.04878048780487805,2,1.0,1.0,0.0,0.3666666666666667,0.6428571428571428,0.2761904761904761,0.04878048780487805,0.024390243902439025,1,0,1,0.024390243902439025,4,23,0.15636514087899053,0.10122580330196879,0.05513933757702175,3,16,0.06594782519042804,0.05483320834137863,0.011114616849049415
iid,rumodernbert,numeric_ram_storage_state,match,157,0.09554140127388536,2,0.8699646418396418,0.8978949869574869,0.02793034511784509,0.8071252385958267,0.7959321234321235,-0.011193115163703249,0.050955414012738856,0.05732484076433121,2,3,-1,-0.006369426751592357,19,61,0.1329115503382635,0.1251137973340781,0.007797753004185399,18,43,0.078736220052917,0.08589834467786703,-0.0071621246249500255
iid,rumodernbert,numeric_ram_storage_state,one_missing,155,0.12258064516129032,6,0.7125992063492063,0.7212632275132275,0.008664021164021207,0.7369954139886234,0.7353390966214488,-0.0016563173671746423,0.08387096774193549,0.08387096774193549,1,1,0,0.0,20,76,0.22307831761118418,0.20560417155996727,0.017474146051216943,18,57,0.09562530501420805,0.10704323693587925,-0.011417931921671206
iid,rumodernbert,numeric_volume_state,both_missing,10119,0.24597292222551637,18,0.7869559826604551,0.7763839306677927,-0.010572051992662423,0.8349763229576382,0.8263608281015543,-0.008615494856083927,0.1160193695029153,0.12086174523174227,227,276,-49,-0.004842375728826959,2425,5914,0.28764370374143255,0.2912545262709055,-0.0036108225294729734,2116,4912,0.15857511312288963,0.17562461051393002,-0.017049497391040398
iid,rumodernbert,numeric_volume_state,conflict,287,0.12195121951219512,9,0.812497925673802,0.8074227402619578,-0.005075185411844152,0.6597650352347181,0.5903631680618131,-0.06940186717290497,0.09059233449477352,0.11149825783972125,7,13,-6,-0.020905923344947737,46,176,0.23086869899953444,0.2644554275461444,-0.03358672854660993,38,150,0.12182759293680565,0.15678352407440999,-0.03495593113760433
iid,rumodernbert,numeric_volume_state,match,984,0.43089430894308944,14,0.8952148473671085,0.8714587866991969,-0.023756060667911694,0.8943418918553463,0.8865935002495966,-0.007748391605749694,0.15447154471544716,0.15548780487804878,30,31,-1,-0.0010162601626016261,287,643,0.36279526433018816,0.3727099739811708,-0.009914709650982656,264,587,0.2171339674716024,0.23847841535840653,-0.02134444788680412
iid,rumodernbert,numeric_volume_state,one_missing,610,0.2786885245901639,15,0.7051577589795779,0.7317690305475769,0.02661127156799903,0.706750548783674,0.7122268892339584,0.005476340450284334,0.17049180327868851,0.18360655737704917,20,28,-8,-0.013114754098360656,164,369,0.40506995830034337,0.39712828929375454,0.007941669006588799,155,325,0.2249056032146938,0.24196928572119594,-0.017063682506502163
iid,rumodernbert,numeric_weight_state,both_missing,4907,0.268188302425107,17,0.7828194794216083,0.7652805462602691,-0.017538933161339254,0.844890358195288,0.8367884403874141,-0.008101917807873948,0.12390462604442633,0.12838801711840228,114,136,-22,-0.004483391073975953,1194,2800,0.30009402081067643,0.30623067592920294,-0.006136655118526494,1044,2357,0.16711465335569517,0.18482640355085034,-0.01771175019515519
iid,rumodernbert,numeric_weight_state,conflict,2038,0.13837095191364082,16,0.6978640719333828,0.7063378707376373,0.008473798804254473,0.6608238398756342,0.665293516893154,0.004469677017519769,0.09764474975466143,0.10451422963689892,33,47,-14,-0.0068694798822374874,478,1174,0.2502777209470268,0.2485467361442325,0.001730984802794316,415,924,0.13590648790975635,0.14910349812751847,-0.013197010217762132
iid,rumodernbert,numeric_weight_state,match,1437,0.36116910229645094,17,0.8864338616199048,0.8609446196113794,-0.025489242008525426,0.8750263527462051,0.8583606336782765,-0.016665719067928575,0.1315240083507307,0.13778705636743216,38,47,-9,-0.006263048016701462,310,972,0.3418995824543679,0.34935479437492256,-0.007455211920554662,273,866,0.1768348399249692,0.2070423534706918,-0.030207513545722608
iid,rumodernbert,numeric_weight_state,one_missing,3618,0.27667219458264236,18,0.811002406618658,0.8105021708780378,-0.0005002357406201918,0.8483760291990019,0.8364480941437571,-0.01192793505524481,0.1271420674405749,0.13239358761746822,99,118,-19,-0.005251520176893312,940,2156,0.30599008127185734,0.3098018560929768,-0.0038117748211194337,841,1827,0.17670470963729767,0.19239092782120665,-0.015686218183908977
iid,rumodernbert,numeric_dimensions_state,both_missing,3527,0.29571874113977886,17,0.798822588574171,0.7877880844816674,-0.011034504092503616,0.8422394553990361,0.8353019159006527,-0.006937539498383383,0.1386447405727247,0.14346470087893393,105,122,-17,-0.004819960306209243,988,2174,0.3307529804459816,0.33482854812791263,-0.004075567681931047,879,1899,0.18839075527675905,0.20722303754194693,-0.01883228226518788
iid,rumodernbert,numeric_dimensions_state,conflict,2263,0.15112682280159082,18,0.7291541984711577,0.7147040515877914,-0.014450146883366322,0.746746726594807,0.7457133026743022,-0.0010334239205047613,0.0897039328325232,0.0905877154220062,35,37,-2,-0.0008837825894829872,435,1167,0.231523496774948,0.22617421277017083,0.0053492840047771354,373,897,0.12161942544854479,0.13213015827396102,-0.01051073282541624
iid,rumodernbert,numeric_dimensions_state,match,2283,0.26982041173894,16,0.8018511783004274,0.7994517993570711,-0.0023993789433562895,0.8484405338085129,0.845377246457928,-0.00306328735058492,0.11914148050810337,0.12264564169951818,58,66,-8,-0.003504161191414805,520,1332,0.2927428105888907,0.2943280014228018,-0.0015851908339111437,454,1118,0.1587061654850962,0.17694442095539925,-0.018238255470303045
iid,rumodernbert,numeric_dimensions_state,one_missing,3927,0.2844410491469315,18,0.7887840207502684,0.7821918032285577,-0.006592217521710686,0.8492656406875876,0.8341155630329289,-0.0151500776546587,0.1252864782276547,0.1347084288260759,86,123,-37,-0.009421950598421186,979,2429,0.3112232996250102,0.32273358031917426,-0.011510280694164134,867,2060,0.17530766523115424,0.19622001924543367,-0.020912354014279433
iid,rumodernbert,numeric_pack_count_state,both_missing,3255,0.26328725038402456,18,0.8324558242876122,0.8142970215693996,-0.018158802718212574,0.864428055075615,0.8524811557008631,-0.011946899374751907,0.10967741935483871,0.11981566820276497,60,93,-33,-0.010138248847926268,782,1937,0.277480303836446,0.28468222055615783,-0.0072019167197117555,691,1612,0.1569541768406138,0.17384600093158248,-0.016891824090968677
iid,rumodernbert,numeric_pack_count_state,conflict,1075,0.15627906976744185,16,0.7411209370058309,0.7312967831223942,-0.009824153883436715,0.7576203689361388,0.7511195383983097,-0.0065008305378291276,0.08465116279069768,0.08837209302325581,19,23,-4,-0.0037209302325581397,214,625,0.242143654725608,0.2435240785438838,-0.0013804238182757677,184,502,0.12674367573943401,0.14364525124008312,-0.016901575500649118
iid,rumodernbert,numeric_pack_count_state,match,3074,0.27423552374756016,17,0.8047518594278102,0.7863521455044686,-0.01839971392334161,0.8468057724055569,0.8387587063169785,-0.008047066088578414,0.12134027325959662,0.1236174365647365,81,88,-7,-0.002277163305139883,738,1854,0.292753839896661,0.29667250573025394,-0.003918665833593006,642,1562,0.1643537731372686,0.1823345096073947,-0.0179807364701261
iid,rumodernbert,numeric_pack_count_state,one_missing,4596,0.2719756309834639,18,0.7630357822729732,0.7621771952305834,-0.0008585870423898356,0.8198321036016104,0.8116945839190021,-0.00813751968260834,0.13816362053959966,0.14251523063533508,124,144,-20,-0.004351610095735422,1188,2686,0.3301960504300566,0.3332675881087748,-0.0030715376787181733,1056,2298,0.18234976831078115,0.20096228667404123,-0.01861251836326008
iid,rumodernbert,numeric_power_state,both_missing,10973,0.27203134967647863,18,0.7845014334953601,0.7751447842709682,-0.009356649224391833,0.839288040610037,0.8303892163506641,-0.00889882425937294,0.12558097147543973,0.1312312038640299,265,327,-62,-0.0056502323885901755,2781,6771,0.30989695552398916,0.3147561707469079,-0.004859215222918731,2453,5721,0.17243395748489174,0.19123302356953714,-0.018799066084645405
iid,rumodernbert,numeric_power_state,conflict,500,0.038,6,0.5900055697719897,0.6054197457514131,0.015414175979423406,0.5954408640013947,0.59403707968833,-0.0014037843130647598,0.034,0.032,4,3,1,0.002,39,73,0.08528918009419424,0.0862172510031533,-0.0009280709089590502,28,51,0.039276413901345224,0.042267974107118786,-0.002991560205773567
iid,rumodernbert,numeric_power_state,match,259,0.18532818532818532,5,0.8418162634682862,0.822581507204289,-0.019234756263997177,0.7966876797781177,0.7449519161243564,-0.05173576365376131,0.09652509652509653,0.10424710424710425,7,9,-2,-0.007722007722007722,44,109,0.23502573383143954,0.24302197722725682,-0.007996243395817277,40,86,0.12811341157451503,0.14199960806856965,-0.013886196494054608
iid,rumodernbert,numeric_power_state,one_missing,268,0.2462686567164179,8,0.8255142646269438,0.7937112488026691,-0.031803015824274694,0.8256570807774951,0.8412248127312378,0.015567731953742725,0.13432835820895522,0.13805970149253732,8,9,-1,-0.0037313432835820895,58,149,0.2872896319491167,0.26950503991955854,0.017784592029558212,52,116,0.16977960741124704,0.1794570038453919,-0.009677396434144883
iid,rumodernbert,numeric_optical_state,both_missing,11494,0.27057595267095874,18,0.7843621418255239,0.7756401527956913,-0.008721989029832566,0.837301089697282,0.828163639557169,-0.009137450140113024,0.12606577344701583,0.1317208978597529,283,348,-65,-0.00565512441273708,2903,7023,0.3094568832627451,0.3140077306383836,-0.004550847375638492,2561,5934,0.17242691316768471,0.19091317867537205,-0.01848626550768733
iid,rumodernbert,numeric_optical_state,conflict,218,0.009174311926605505,2,0.5555555555555556,1.0,0.4444444444444444,0.53125,0.8333333333333333,0.30208333333333326,0.009174311926605505,0.009174311926605505,0,0,0,0.0,3,37,0.03911596741420983,0.025651387443028494,0.013464579971181329,2,17,0.01045182937764992,0.013411783535498592,-0.0029599541578486715
iid,rumodernbert,numeric_optical_state,match,178,0.0056179775280898875,1,1.0,0.25,-0.75,0.5,0.2,-0.3,0.0056179775280898875,0.0056179775280898875,0,0,0,0.0,2,12,0.013205869050874293,0.02297443768125966,-0.00976856863038536,1,5,0.006492960406034031,0.008623390607395224,-0.0021304302013611938
iid,rumodernbert,numeric_optical_state,one_missing,110,0.045454545454545456,4,0.6732456140350876,0.6678571428571428,-0.005388471177944831,0.6678260869565218,0.6581430745814307,-0.00968301237509106,0.03636363636363636,0.02727272727272727,1,0,1,0.00909090909090909,14,30,0.12030752388355355,0.12010746891157117,0.00020005497198239108,9,18,0.04662859191303141,0.05083201971667057,-0.0042034278036391535
iid,rumodernbert,numeric_conflict_count,multiple,3439,0.1558592614132015,18,0.6951928024136496,0.673368697544793,-0.021824104868856553,0.7397597528349782,0.7275873162509757,-0.012172436584002466,0.09188717650479791,0.09857516719976737,50,73,-23,-0.006687990694969468,673,1806,0.2415266285277104,0.24091164097579254,0.0006149875519178813,570,1433,0.12555863524682873,0.13918733097400676,-0.013628695727178028
iid,rumodernbert,numeric_conflict_count,none,4076,0.36261040235525027,18,0.8157111047534349,0.8046897295274128,-0.01102137522602209,0.8661200358912982,0.8574275726330521,-0.00869246325824602,0.1543179587831207,0.16290480863591755,119,154,-35,-0.00858684985279686,1171,2540,0.3656240855144561,0.3732938052463589,-0.007669719731902827,1045,2247,0.208465631992854,0.22946049963248966,-0.02099486763963564
iid,rumodernbert,numeric_conflict_count,one,4485,0.24615384615384617,18,0.7952251340129104,0.7941808045588732,-0.0010443294540372072,0.8392485751039929,0.8309650478772985,-0.008283527226694343,0.11393534002229655,0.115273132664437,115,121,-6,-0.0013377926421404682,1078,2756,0.2809621675301711,0.2858545031009563,-0.004892335570785176,958,2294,0.1580682872240103,0.1762452848340642,-0.01817699761005389
iid,rumodernbert,numeric_match_count,multiple,1975,0.31848101265822787,18,0.8558821750929668,0.8468277407318792,-0.00905443436108766,0.8697716882969727,0.8587675265568562,-0.011004161740116536,0.1260759493670886,0.12759493670886077,53,56,-3,-0.0015189873417721519,454,1180,0.30289743675412334,0.30988003508156,-0.006982598327436589,398,1010,0.1684807490008512,0.1887701006098562,-0.020289351609005014
iid,rumodernbert,numeric_match_count,none,5682,0.22949665610700457,18,0.7310482455498418,0.718866787194768,-0.012181458355073782,0.8050567148279272,0.7970813904136966,-0.007975324414230545,0.1216121084125308,0.12794790566701866,128,164,-36,-0.006335797254487857,1444,3322,0.2972989847839881,0.30075180406603286,-0.00345281928204477,1271,2742,0.1661572670401262,0.1817848877746738,-0.015627620734547612
iid,rumodernbert,numeric_match_count,one,4343,0.272852866682017,18,0.7893163973824484,0.7774138489285229,-0.011902548453925466,0.849614500883672,0.8401950283219175,-0.00941947256175446,0.1188118811881188,0.12456827078056643,103,128,-25,-0.005756389592447617,1024,2600,0.29784340324764513,0.3019141860277271,-0.004070782780082016,904,2222,0.16430653009848611,0.18390136982782698,-0.01959483972934086
iid,rumodernbert,numeric_primary_conflict,dimensions,1901,0.2477643345607575,18,0.800154621489946,0.7878045384766422,-0.012350083013303759,0.8527806248729946,0.8475647293670361,-0.005215895505958468,0.11309836927932668,0.1115202524986849,49,46,3,0.0015781167806417674,444,1100,0.2731998404060373,0.2754739009701808,-0.0022740605641435275,385,895,0.15324514204105918,0.16817213995509872,-0.014926997914039558
iid,rumodernbert,numeric_primary_conflict,model_number,1007,0.21449851042701093,17,0.8650395000639605,0.8592438478316458,-0.0057956522323147075,0.8250401158380892,0.8272268747620284,0.0021867589239391583,0.09433962264150944,0.09334657398212512,18,17,1,0.0009930486593843098,298,557,0.2685648041055272,0.2708895159785294,-0.002324711873002161,246,461,0.13870872936709558,0.14986479084634952,-0.011156061479253944
iid,rumodernbert,numeric_primary_conflict,none,3067,0.41147701336811215,18,0.8037774455455854,0.786138123652489,-0.01763932189309636,0.8701654297245877,0.8599850634126553,-0.01018036631193231,0.17411150961851973,0.18584936419954354,101,137,-36,-0.011737854581023801,872,1982,0.39756579450783847,0.4070029587945462,-0.009437164286707772,798,1786,0.23136988362146213,0.2556131179372373,-0.02424323431577516
iid,rumodernbert,numeric_primary_conflict,pack_count,1357,0.2431834929992631,17,0.8510263514511152,0.8408147306234324,-0.010211620827682788,0.8580603414554525,0.8455883388529313,-0.012472002602521237,0.105379513633014,0.10906411201179071,29,34,-5,-0.0036845983787767134,328,793,0.26557578869650955,0.2760978262844367,-0.010522037587927226,295,673,0.15233676788868455,0.16945707488251033,-0.017120306993825753
iid,rumodernbert,numeric_primary_conflict,power,414,0.036231884057971016,4,0.7462912087912088,0.7317458941920149,-0.014545314599193948,0.6474505556935898,0.5441350768254793,-0.10331547886811043,0.026570048309178744,0.028985507246376812,3,4,-1,-0.0024154589371980675,23,58,0.07281713255392257,0.08009312120855973,-0.007275988654637163,17,43,0.035544059147675444,0.04103835147054999,-0.005494292322874541
iid,rumodernbert,numeric_primary_conflict,ram_storage,173,0.06936416184971098,3,0.6884407096171802,0.6755796055796056,-0.012861104037574567,0.757436544936545,0.8189738774297599,0.061537332493214913,0.046242774566473986,0.04046242774566474,3,2,1,0.005780346820809248,16,69,0.11328912095660063,0.09605450542909591,0.01723461552750468,14,46,0.059263072095709086,0.062240307083396465,-0.002977234987687384
iid,rumodernbert,numeric_primary_conflict,size,1191,0.12342569269521411,10,0.5623651566291595,0.5455592814487827,-0.016805875180376795,0.5459327662965823,0.5607057085469725,0.014772942250390275,0.10075566750629723,0.10495382031905962,21,26,-5,-0.0041981528127623844,317,699,0.2626114939017206,0.2544778623928667,0.008133631508853883,273,536,0.1427921263836524,0.15033665515209127,-0.007544528768438872
iid,rumodernbert,numeric_primary_conflict,volume,449,0.28507795100222716,10,0.8741064661644298,0.8478466561710348,-0.026259809993394945,0.8751452583039913,0.8435448282068388,-0.03160043009715241,0.111358574610245,0.1291759465478842,12,20,-8,-0.017817371937639197,102,314,0.29237615247521676,0.3242535323079906,-0.03187737983277385,89,282,0.16765518975236718,0.20386257008825717,-0.03620738033589001
iid,rumodernbert,numeric_primary_conflict,weight,2421,0.22139611730689798,17,0.7311709292851845,0.7121860248930852,-0.01898490439209921,0.7822005678129512,0.7713435818287351,-0.010856985984216139,0.11524163568773234,0.12102437009500207,48,62,-14,-0.0057827344072697235,519,1522,0.2936536781235588,0.2938010812255034,-0.00014740310194465595,453,1247,0.1533667937434452,0.17350893623197705,-0.020142142488531856
iid,rumodernbert,attribute_key_overlap,high,855,0.23157894736842105,18,0.7876423542546167,0.7921444581683901,0.00450210391377337,0.7740999713586698,0.7699210699537966,-0.004178901404873203,0.12280701754385964,0.13216374269005848,25,33,-8,-0.00935672514619883,203,560,0.32671215346492893,0.3202941976641825,0.006417955800746485,173,457,0.1713509829108139,0.1915877821764021,-0.020236799265588197
iid,rumodernbert,attribute_key_overlap,low,3038,0.23963133640552994,18,0.7509246238114035,0.7521960203549735,0.0012713965435700025,0.816796233445103,0.8084669349635786,-0.008329298481524416,0.11981566820276497,0.12541145490454247,73,90,-17,-0.005595786701777485,742,1808,0.29596663010451274,0.2968001806087372,-0.0008335505042244322,646,1492,0.16282407449355435,0.1798395511046151,-0.01701547661106074
iid,rumodernbert,attribute_key_overlap,medium,3566,0.19938306225462704,18,0.7769182585003743,0.7656047862529902,-0.011313472247384104,0.8017961357701328,0.7962061952168661,-0.00558994055326667,0.10235558048233315,0.1076836791923724,56,75,-19,-0.00532809871003926,796,1919,0.2653963162611691,0.2645773220887438,0.0008189941724253369,686,1569,0.1400797923014142,0.15392144034758398,-0.013841648046169764
iid,rumodernbert,attribute_key_overlap,none,3061,0.3750408363279974,17,0.7941277542004717,0.774734421014169,-0.019393333186302653,0.8782746398867871,0.8688162211041109,-0.00945841878267617,0.15027768703038222,0.15713819013394315,94,115,-21,-0.006860503103560928,846,1927,0.34895955107253346,0.36421270549049545,-0.015253154417962036,774,1718,0.20564479490591994,0.22884611130411162,-0.02320131639819167
iid,rumodernbert,attribute_key_overlap,tiny,1444,0.22299168975069253,17,0.810079905913956,0.8083753863982343,-0.001704519515721703,0.8334290812206697,0.8060789453604035,-0.027350135860266245,0.11080332409972299,0.10872576177285319,35,32,3,0.002077562326869806,327,864,0.2638294036020574,0.2696438842680601,-0.005814480666002688,288,716,0.14872724673320722,0.1647280859365902,-0.016000839203382956
iid,rumodernbert,attribute_key_overlap,very_high,36,0.3055555555555556,4,1.0,1.0,0.0,0.9757575757575758,0.9805194805194806,0.004761904761904745,0.05555555555555555,0.1111111111111111,1,3,-2,-0.05555555555555555,8,24,0.19404298735521336,0.24622364604258357,-0.05218065868737023,6,22,0.15300836887844424,0.1943628086656746,-0.04135443978723035
iid,rumodernbert,attribute_agreement,mixed,3204,0.16760299625468164,18,0.7628132042686947,0.7596089717841854,-0.003204232484509295,0.7596232539108229,0.7525674762963385,-0.007055777614484393,0.09644194756554307,0.10393258426966293,54,78,-24,-0.00749063670411985,645,1743,0.24986360662184795,0.24935259511139593,0.0005110115104519762,549,1385,0.1316769530112447,0.14615162873647233,-0.014474675725227627
iid,rumodernbert,attribute_agreement,mostly_conflict,4505,0.23951165371809102,18,0.7923721671652094,0.7821162173523688,-0.010255949812840615,0.8324072695221619,0.823099190400306,-0.009308079121855939,0.11320754716981132,0.11564927857935627,106,117,-11,-0.00244173140954495,1072,2718,0.2790039768600611,0.2821812955679161,-0.0031773187078548825,947,2262,0.15665845487267394,0.17407654623071908,-0.017418091358045142
iid,rumodernbert,attribute_agreement,mostly_exact,1230,0.28780487804878047,18,0.805694951203017,0.7821881150866051,-0.02350683611641191,0.8131159546312081,0.803530203790074,-0.00958575084113411,0.14390243902439023,0.15040650406504066,30,38,-8,-0.0065040650406504065,359,714,0.3702179449045002,0.3634882822202579,0.0067296626842423355,303,609,0.1896913146015921,0.20440953191827863,-0.014718217316686509
iid,rumodernbert,attribute_agreement,no_common_keys,3061,0.3750408363279974,17,0.7941277542004717,0.774734421014169,-0.019393333186302653,0.8782746398867871,0.8688162211041109,-0.00945841878267617,0.15027768703038222,0.15713819013394315,94,115,-21,-0.006860503103560928,846,1927,0.34895955107253346,0.36421270549049545,-0.015253154417962036,774,1718,0.20564479490591994,0.22884611130411162,-0.02320131639819167
iid,rumodernbert,attribute_count,1-4,499,0.4188376753507014,14,0.8763351091467693,0.8737771385445597,-0.002557970602209525,0.8789533603892237,0.8695130936409032,-0.009440266748320436,0.15831663326653306,0.17835671342685372,11,21,-10,-0.02004008016032064,144,319,0.3730507907910748,0.3821626898121568,-0.009111899021081988,129,285,0.2075208932490747,0.2297834102586957,-0.022262517009621004
iid,rumodernbert,attribute_count,10-19,5751,0.2573465484263606,18,0.773740521157539,0.7772783139370525,0.0035377927795134934,0.8380856917132415,0.8310733481293767,-0.007012343583864822,0.1210224308815858,0.12363067292644757,148,163,-15,-0.0026082420448617634,1374,3545,0.29524532980037366,0.29879819399934004,-0.0035528641989664273,1223,2980,0.1658849358798583,0.184546137168609,-0.0186612012887507
iid,rumodernbert,attribute_count,20-39,2909,0.14884840151254727,18,0.7646356309350949,0.7600882263890354,-0.004547404546059508,0.7071560073118939,0.6912851553841266,-0.01587085192776727,0.09281540048126503,0.09694052939154349,47,59,-12,-0.004125128910278446,577,1516,0.24256400634352138,0.24265464517963795,-9.063883611656365e-05,490,1183,0.12674038551606623,0.13940894378936425,-0.012668558273298023
iid,rumodernbert,attribute_count,40+,166,0.0963855421686747,5,0.7956116264687694,0.7952142857142857,-0.0003973407544837215,0.7031770727762575,0.7272352475278971,0.024058174751639627,0.08433734939759036,0.06626506024096386,4,1,3,0.018072289156626505,34,88,0.16302719084506168,0.16470746955802912,-0.0016802787129674651,29,66,0.10130724373058078,0.10699335316333539,-0.005686109432754603
iid,rumodernbert,attribute_count,5-9,2675,0.3663551401869159,18,0.7849567487774713,0.7618109113182411,-0.023145837459230267,0.873783814852873,0.8648544500274755,-0.008929364825397523,0.14841121495327103,0.15962616822429906,74,104,-30,-0.011214953271028037,793,1634,0.36045597196869444,0.3700137312998235,-0.009557759331129092,702,1460,0.20462667473440632,0.22621235869842293,-0.02158568396401661
iid,rumodernbert,missingness,extreme,6484,0.19818013571869217,18,0.7669087590717129,0.7606985828025812,-0.006210176269131673,0.8101992083007,0.7932724810836177,-0.016926727217082327,0.10009253547193091,0.10333127698951265,126,147,-21,-0.0032387415175817395,1375,3690,0.2520179573727526,0.25756216263445203,-0.005544205261699456,1192,2994,0.1383055191279884,0.15494830613037638,-0.016642787002387978
iid,rumodernbert,missingness,high,1102,0.3502722323049002,15,0.853397042657268,0.8279242965936185,-0.025472746063649465,0.8663724094995565,0.863960134728381,-0.00241227477117556,0.1442831215970962,0.1542649727767695,29,40,-11,-0.009981851179673321,348,651,0.3640077333840969,0.3652083592794129,-0.001200625895315952,301,579,0.20100582030342137,0.21938535854255886,-0.018379538239137492
iid,rumodernbert,missingness,medium,197,0.41624365482233505,11,0.9268279313664484,0.937828405916311,0.011000474549862638,0.8921482846980432,0.8710460621178274,-0.021102222580215768,0.12690355329949238,0.15736040609137056,5,11,-6,-0.030456852791878174,48,136,0.33002853105112034,0.3452701045168589,-0.01524157346573861,42,120,0.17595817511227588,0.20709706200901323,-0.031138886896737373
iid,rumodernbert,missingness,very_high,4205,0.32318668252080857,18,0.7894681110819988,0.7781267492872229,-0.01134136179477585,0.8483064604496043,0.8426139327580625,-0.005692527691541827,0.14768133174791914,0.15410225921521997,123,150,-27,-0.0064209274673008325,1145,2619,0.3511634039005931,0.35382155133554605,-0.0026581474349530094,1032,2275,0.19844279783121344,0.2174050079478952,-0.01896221011668177
iid,rumodernbert,bge_sequence_length,128-255,5139,0.204514496983849,18,0.7672784980116296,0.75520700469238,-0.012071493319249615,0.8078019445248963,0.7941738347816418,-0.013628109743254457,0.10527339949406499,0.1085814360770578,117,134,-17,-0.0033080365829928,1162,3018,0.26518506702107847,0.26739685258074397,-0.002211785559665524,1011,2453,0.14599043982264182,0.16209968336628422,-0.016109243543642418
iid,rumodernbert,bge_sequence_length,256-383,1521,0.17817225509533202,18,0.7450303767108927,0.692742914588903,-0.05228746212198965,0.7716645970746221,0.7563690114982561,-0.015295585576366011,0.10190664036817883,0.10453648915187377,22,26,-4,-0.0026298487836949377,300,795,0.24677477893203786,0.2521527188148128,-0.005377939882774977,266,654,0.1335816956525162,0.14840640369455993,-0.014824708042043713
iid,rumodernbert,bge_sequence_length,<128,4622,0.35157940285590655,18,0.7925802396453758,0.7764837176954,-0.016096521949975795,0.8655710240278675,0.8595156593067431,-0.0060553647211243344,0.14582431847684985,0.15534400692340977,127,171,-44,-0.009519688446559932,1282,2882,0.352436895238314,0.36001718621367435,-0.007580290975360324,1140,2520,0.19965486457109619,0.22033273077052354,-0.020677866199427377
iid,rumodernbert,bge_sequence_length,at_384,718,0.2381615598885794,14,0.8368332843987487,0.8488309187726085,0.011997634373859811,0.8162325827591289,0.8122464167823265,-0.003986165976802458,0.11977715877437325,0.11838440111420613,18,17,1,0.001392757660167131,178,407,0.29793223045696005,0.2930668307776071,0.004865399679352992,156,347,0.1590681301291969,0.1772591027051462,-0.018190972575949295
hard,minilm,category,Автотовары,316,0.18354430379746836,1,0.17545023522544773,0.16529394741289358,-0.010156287812554149,0.17545023522544773,0.16529394741289358,-0.010156287812554149,0.23417721518987342,0.2626582278481013,5,14,-9,-0.028481012658227847,126,150,0.7268870516441162,0.7906892781410308,-0.06380222649691472,102,127,0.2841645057616708,0.29761601272304367,-0.013451506961372834
hard,minilm,category,Аптека,308,0.07792207792207792,1,0.33493515642258453,0.40122336073375586,0.06628820431117133,0.33493515642258453,0.40122336073375586,0.06628820431117133,0.12012987012987013,0.10064935064935066,12,6,6,0.01948051948051948,59,44,0.28145678757814446,0.23455204981030955,0.0469047377678349,56,39,0.12507660507305576,0.11420759561167562,0.010869009461380124
hard,minilm,category,Бытовая химия,311,0.48231511254019294,1,0.6083657234584935,0.6210922759941224,0.012726552535628932,0.6083657234584935,0.6210922759941224,0.012726552535628932,0.3858520900321543,0.37942122186495175,16,14,2,0.006430868167202572,142,141,0.9132635208727007,0.9156933007731071,-0.0024297799004064746,118,124,0.39579639032219577,0.39361495517158335,0.0021814351506123974
hard,minilm,category,Галантерея и аксессуары,308,0.1590909090909091,1,0.2378957220442949,0.21189585040878925,-0.025999871635505656,0.2378957220442949,0.21189585040878925,-0.025999871635505656,0.25,0.262987012987013,5,9,-4,-0.012987012987012988,113,110,0.5973241448457705,0.6305916474371772,-0.0332675025914068,94,95,0.2769401866334629,0.27793459760859707,-0.0009944109751341347
hard,minilm,category,Детские товары,294,0.5578231292517006,1,0.579400281955623,0.5626321712564838,-0.016768110699139194,0.579400281955623,0.5626321712564838,-0.016768110699139194,0.4557823129251701,0.46598639455782315,20,23,-3,-0.01020408163265306,128,149,1.0652026179460394,1.0756776296614405,-0.010475011715401192,114,129,0.45667499271823336,0.46528156937834914,-0.008606576660115803
hard,minilm,category,Дом и сад,284,0.25,1,0.41826193615952834,0.39754498465963023,-0.020716951499898106,0.41826193615952834,0.39754498465963023,-0.020716951499898106,0.2852112676056338,0.27816901408450706,14,12,2,0.007042253521126761,102,124,0.6253368973667551,0.6461635171872813,-0.020826619820526228,93,111,0.299842759133087,0.3091345471797288,-0.009291788046641774
hard,minilm,category,Канцелярские товары,282,0.34397163120567376,1,0.47148181849202475,0.4591952269735965,-0.012286591518428258,0.47148181849202475,0.4591952269735965,-0.012286591518428258,0.33687943262411346,0.34397163120567376,16,18,-2,-0.0070921985815602835,118,129,0.7829628261148477,0.7857960179492102,-0.0028331918343624525,100,108,0.3629427824597905,0.3678939123943461,-0.004951129934555646
hard,minilm,category,Красота и гигиена,287,0.3588850174216028,1,0.43149071310372533,0.4044096110788412,-0.02708110202488412,0.43149071310372533,0.4044096110788412,-0.02708110202488412,0.41114982578397213,0.4181184668989547,11,13,-2,-0.006968641114982578,119,134,0.9671476371559005,0.9575749862134836,0.009572650942416694,103,115,0.4141347314770989,0.41827759070513376,-0.004142859228034844
hard,minilm,category,Мебель,339,0.12684365781710916,1,0.1917879731069017,0.1779846131843822,-0.01380335992251952,0.1917879731069017,0.1779846131843822,-0.01380335992251952,0.20943952802359883,0.24778761061946902,9,22,-13,-0.038348082595870206,113,131,0.532235869711494,0.5705683987318296,-0.038332529020335564,89,111,0.23141881793431435,0.24799072346744502,-0.016571905533130663
hard,minilm,category,Музыкальные инструменты,431,0.20185614849187936,1,0.42316860472693796,0.4136045980381133,-0.009564006688824678,0.42316860472693796,0.4136045980381133,-0.009564006688824678,0.22273781902552203,0.21577726218097448,16,13,3,0.0069605568445475635,221,139,0.6138976606593719,0.6035046721598413,0.010392988499530685,156,111,0.24772030803544573,0.24482554820903174,0.002894759826413993
hard,minilm,category,Обувь,325,0.09230769230769231,1,0.11808821137717487,0.10470628488708619,-0.01338192649008868,0.11808821137717487,0.10470628488708619,-0.01338192649008868,0.1476923076923077,0.16,6,10,-4,-0.012307692307692308,86,153,0.40294810114071605,0.41856845164883205,-0.015620350508116025,77,137,0.21501198721001857,0.2286947140437909,-0.013682726833772344
hard,minilm,category,Продукты питания,311,0.2861736334405145,1,0.4617355803218576,0.45621490989933194,-0.005520670422525631,0.4617355803218576,0.45621490989933194,-0.005520670422525631,0.28938906752411575,0.2958199356913183,13,15,-2,-0.006430868167202572,119,149,0.7943031527183669,0.7520144567925415,0.042288695925825376,99,126,0.31532960298249924,0.3133636015214021,0.001966001461097189
hard,minilm,category,Спорт и отдых,300,0.26666666666666666,1,0.22414131445437077,0.2212637141225211,-0.002877600331849667,0.22414131445437077,0.2212637141225211,-0.002877600331849667,0.45,0.45666666666666667,10,12,-2,-0.006666666666666667,123,136,1.168116478942315,1.2061999790888471,-0.038083500146532105,99,107,0.43583316936312866,0.4377959001696824,-0.0019627308065537363
hard,minilm,category,Строительство и ремонт,298,0.21476510067114093,1,0.27107782185477114,0.28707900952147547,0.01600118766670433,0.27107782185477114,0.28707900952147547,0.01600118766670433,0.31208053691275167,0.3087248322147651,18,17,1,0.003355704697986577,128,103,0.7338001735540846,0.6996293481871696,0.034170825366914855,104,79,0.326611156763287,0.3201315651748145,0.006479591588472522
hard,minilm,category,Товары для животных,319,0.3573667711598746,1,0.5371934662549436,0.5546802240488741,0.017486757793930496,0.5371934662549436,0.5546802240488741,0.017486757793930496,0.3322884012539185,0.31974921630094044,12,8,4,0.012539184952978056,151,124,0.8064082895158539,0.7976656761056458,0.008742613410208105,129,95,0.34811771703339517,0.3324255581711985,0.015692158862196645
hard,minilm,category,Хобби и творчество,295,0.46779661016949153,1,0.6311784676712795,0.5879251820967901,-0.043253285574489375,0.6311784676712795,0.5879251820967901,-0.043253285574489375,0.4135593220338983,0.3694915254237288,21,8,13,0.04406779661016949,127,132,0.9239312771828623,0.9057337123954401,0.018197564787422175,116,117,0.4023855039679694,0.3900518045981683,0.012333699369801098
hard,minilm,category,Электроника,407,0.20147420147420148,1,0.4675625948400467,0.4097529362855709,-0.057809658554475785,0.4675625948400467,0.4097529362855709,-0.057809658554475785,0.22604422604422605,0.23095823095823095,21,23,-2,-0.004914004914004914,152,166,0.4693087168413193,0.49428403725568515,-0.0249753204143658,136,140,0.252657394962869,0.26367233146404784,-0.011014936501178857
hard,minilm,category,Ювелирные изделия,399,0.09523809523809523,1,0.18432810659811058,0.1888456988370557,0.004517592238945128,0.18432810659811058,0.1888456988370557,0.004517592238945128,0.15789473684210525,0.13784461152882205,20,12,8,0.020050125313283207,190,171,0.3766069953758857,0.39661051711639783,-0.020003521740512054,173,153,0.21617923583981247,0.2083012500149373,0.007877985824875179
hard,minilm,label,0,4333,0.0,0,,,,,,,0.19224555735056542,0.19524578813754903,155,168,-13,-0.003000230786983614,1653,1608,0.415500302940039,0.4171432354219799,-0.0016429324819409658,1392,1372,0.21885307302155999,0.2196139455734046,-0.0007608725518446316
hard,minilm,label,1,1481,1.0,0,,,,,,,0.5530047265361242,0.5469277515192438,90,81,9,0.006076975016880486,664,777,1.5100240280843966,1.5291432726137835,-0.01911924452938672,566,652,0.5598440593430268,0.562914654465784,-0.003070595122757132
hard,minilm,bge_score_bin,.01-.025,780,0.15,18,0.27087114568268067,0.2895682716601524,0.01869712597747175,0.2006857955394175,0.18491477894159247,-0.01577101659782504,0.15,0.15,0,0,0,0.0,275,307,0.6246563970056201,0.6110775149983065,0.013578882007313558,116,200,0.16153033388157687,0.1668819082324775,-0.005351574350900661
hard,minilm,bge_score_bin,.025-.05,637,0.23861852433281006,18,0.41677597094973207,0.3984253942386847,-0.01835057671104734,0.2729888798441732,0.27583830916564867,0.002849429321475472,0.23861852433281006,0.2401883830455259,0,1,-1,-0.0015698587127158557,305,265,0.82310021210059,0.829881250470991,-0.006781038370401181,240,228,0.25699160477874605,0.26109388259841126,-0.0041022778196652164
hard,minilm,bge_score_bin,.05-.10,551,0.2177858439201452,18,0.3330374826213021,0.3390995097369039,0.006062027115601776,0.2451866708089308,0.2541569664550609,0.008970295646130111,0.2177858439201452,0.21960072595281308,2,3,-1,-0.0018148820326678765,270,247,0.629775416325226,0.6394440790125933,-0.009668662687367243,244,224,0.25685194311849435,0.26927653803175716,-0.012424594913262827
hard,minilm,bge_score_bin,.10-.20,512,0.2421875,17,0.3817118294184419,0.39560800626899056,0.01389617685054867,0.2580134185333881,0.28207354438168336,0.024060125848295255,0.2421875,0.265625,5,17,-12,-0.0234375,265,243,0.5879000224012859,0.6235422301299127,-0.035642207728626765,261,233,0.3164006162696751,0.3272906894690095,-0.010890073199334438
hard,minilm,bge_score_bin,.20-.40,574,0.3170731707317073,18,0.4129498658861447,0.43758224726433764,0.024632381378192958,0.3222117816352109,0.361111869247178,0.03890008761196706,0.3170731707317073,0.3554006968641115,49,71,-22,-0.03832752613240418,297,272,0.6353470386860562,0.6976333739358599,-0.06228633524980342,287,262,0.4249670888177194,0.4198442485884403,0.005122840229279073
hard,minilm,bge_score_bin,.40-.60,528,0.3125,18,0.41695588719719745,0.36415491536459643,-0.05280097183260102,0.33232812125094685,0.32982065798826415,-0.0025074632626826965,0.4791666666666667,0.4583333333333333,118,107,11,0.020833333333333332,281,240,0.6957748904756728,0.7702192172237197,-0.07444432674804684,270,232,0.49794655411758204,0.4832995009015907,0.014647053215991367
hard,minilm,bge_score_bin,.60-.80,488,0.3975409836065574,16,0.4199159645699275,0.44118774090511126,0.021271776335183734,0.3918393782894626,0.40566198714419616,0.013822608854733576,0.6024590163934426,0.555327868852459,62,39,23,0.0471311475409836,233,249,0.8825711203413603,0.9257585076541988,-0.043187387312838464,227,239,0.5418698661884324,0.5300932244596178,0.011776641728814508
hard,minilm,bge_score_bin,.80-.90,341,0.4809384164222874,15,0.5689853688695066,0.48763572358819823,-0.08134964528130834,0.50787966655216,0.473981105464289,-0.03389856108787098,0.5190615835777126,0.5249266862170088,6,8,-2,-0.005865102639296188,168,169,1.0823287670286288,1.069051215653694,0.013277551374935014,161,158,0.5122648764215956,0.5164246336936601,-0.004159757272064511
hard,minilm,bge_score_bin,.90-.95,202,0.5594059405940595,14,0.5565339767192274,0.6027479434725429,0.04621396675331546,0.5042209814164813,0.5424636006111669,0.038242619194685634,0.4405940594059406,0.44554455445544555,2,3,-1,-0.0049504950495049506,86,103,1.209787044823824,1.0941335983008507,0.1156534465229732,83,87,0.45059379699206586,0.4544619225924558,-0.003868125600389915
hard,minilm,bge_score_bin,.95-.975,132,0.5227272727272727,9,0.6345768057750101,0.5481109356971466,-0.08646587007786344,0.5814821182515283,0.5019317425687326,-0.07955037568279566,0.4772727272727273,0.4696969696969697,1,0,1,0.007575757575757576,56,64,1.5734781816394623,1.4148048493088583,0.15867333233060432,42,49,0.4781014345812075,0.4813259896455389,-0.0032245550643314014
hard,minilm,bge_score_bin,.975-.99,61,0.45901639344262296,8,0.6002773268398268,0.5340840161822304,-0.06619331065759637,0.37225103348434,0.39097690413985453,0.01872587065551451,0.5409836065573771,0.5409836065573771,0,0,0,0.0,28,27,2.210210452726569,1.9251912947139604,0.2850191580126085,16,20,0.5408757827321037,0.540887532664127,-1.1749932023345448e-05
hard,minilm,bge_score_bin,00-.01,1001,0.04695304695304695,14,0.20064038056980973,0.27735905962113444,0.0767186790513247,0.10063752672027723,0.11475446240450218,0.014116935684224952,0.04695304695304695,0.04695304695304695,0,0,0,0.0,52,194,0.25234764150625394,0.2416652130573219,0.010682428448932055,11,90,0.050014317014632194,0.05239236991440009,-0.002378052899767898
hard,minilm,bge_uncertainty,confident,554,0.3447653429602888,18,0.3736114836768762,0.3810049799747788,0.007393496297902591,0.36998023459492024,0.3826718118529366,0.01269157725801634,0.45306859205776173,0.4332129963898917,49,38,11,0.019855595667870037,278,271,0.7894167623036032,0.8331932809146505,-0.043776518611047185,270,255,0.47662307504927637,0.4680474450078789,0.008575630041397435
hard,minilm,bge_uncertainty,extreme,3371,0.19341441708691784,18,0.3448268608042737,0.34760171605253515,0.002774855248261432,0.39919336827705554,0.3894774182087959,-0.009715950068259649,0.18451498071788786,0.1851082764758232,5,7,-2,-0.0005932957579353308,1073,1212,0.6537752679034187,0.6316983934712165,0.022076874432202073,752,900,0.1985940654536325,0.20371758161780457,-0.00512351616417205
hard,minilm,bge_uncertainty,mid,508,0.3641732283464567,17,0.4576874511566644,0.45547626185538853,-0.0022111893012758954,0.434950496038332,0.40543985249757664,-0.029510643540755388,0.44291338582677164,0.4625984251968504,62,72,-10,-0.01968503937007874,252,250,0.7048169697168976,0.7689421865112525,-0.0641252167943547,244,246,0.48093389784257246,0.4731846608104199,0.007749237032152537
hard,minilm,bge_uncertainty,uncertain,271,0.2878228782287823,16,0.4821417098266814,0.40257113172094794,-0.07957057810573348,0.3238997623431802,0.2973200539563028,-0.0265797083868774,0.47232472324723246,0.4612546125461255,57,54,3,0.01107011070110701,145,120,0.6966474768799387,0.7809321173909052,-0.0842846405109666,140,117,0.49599145974180353,0.48709829272599237,0.008893167015811174
hard,minilm,bge_uncertainty,very_confident,853,0.3376318874560375,18,0.4476481045331546,0.4098866613134025,-0.03776144321975211,0.45865176673974317,0.44132720339625775,-0.017324563343485422,0.3528722157092614,0.369284876905041,11,25,-14,-0.016412661195779603,433,412,0.7855555932312084,0.8016413673674384,-0.016085774136229847,422,391,0.39470039670555424,0.40289992156819576,-0.008199524862641536
hard,minilm,bge_uncertainty,very_uncertain,257,0.33852140077821014,15,0.5330591131212047,0.5060738511395076,-0.02698526198169704,0.34431363372931745,0.3788994048764902,0.03458577114717276,0.48638132295719844,0.45525291828793774,61,53,8,0.0311284046692607,136,120,0.6948547701816802,0.7589227349462592,-0.06406796476457895,130,115,0.5000081516889283,0.47929377100115156,0.020714380687776708
hard,minilm,title_similarity,exact_token_set,937,0.052294557097118465,16,0.3551109847134441,0.33761901761321483,-0.017491967100229266,0.18135942889437462,0.21160062654273018,0.03024119764835556,0.14834578441835647,0.16008537886872998,24,35,-11,-0.011739594450373533,313,390,0.40853782556721935,0.4011528963147249,0.007384929252494432,277,342,0.20560857292707843,0.21219816206365633,-0.006589589136577916
hard,minilm,title_similarity,high,1583,0.1490840176879343,16,0.31576485256396253,0.2834709171182545,-0.03229393544570802,0.3313434216661257,0.3041862659428748,-0.027157155723250892,0.19646241313960833,0.19583070120025267,49,48,1,0.0006317119393556538,617,551,0.5210094480513701,0.5255404374367905,-0.004530989385420364,480,452,0.22105035522806568,0.22077269920456588,0.0002776560234997995
hard,minilm,title_similarity,low,875,0.40914285714285714,18,0.4613390217683111,0.45438360033067976,-0.006955421437631337,0.48978942913884754,0.47800629840159,-0.011783130737257563,0.4662857142857143,0.4502857142857143,62,48,14,0.016,401,419,1.0593978148775889,1.0747807457760603,-0.015382930898471604,371,366,0.46602313866552764,0.46067806221644525,0.005345076449082366
hard,minilm,title_similarity,medium,1015,0.367487684729064,18,0.37476449032872733,0.37094817701926036,-0.0038163133094669677,0.4162279686148138,0.4102185081708505,-0.0060094604439633326,0.46108374384236456,0.45911330049261084,65,63,2,0.0019704433497536944,477,479,1.1050517662629895,1.0985983428394177,0.006453423423571989,418,416,0.4618225835770967,0.45946671044258425,0.002355873134512491
hard,minilm,title_similarity,near_exact,841,0.05826397146254459,14,0.3671128634798348,0.28277419895194195,-0.08433866452789285,0.3360630988867721,0.2857249807721211,-0.050338118114651,0.08799048751486326,0.09512485136741974,8,14,-6,-0.007134363852556481,274,248,0.26662078154250146,0.27013507672498516,-0.0035142951824836638,202,185,0.11608226094983401,0.11986567824256202,-0.0037834172927280036
hard,minilm,title_similarity,very_low,563,0.738898756660746,17,0.7579565043172817,0.7551996792008192,-0.002756825116462469,0.8327670059128565,0.813780873596653,-0.018986132316203497,0.44760213143872113,0.4547069271758437,37,41,-4,-0.007104795737122558,235,298,0.9881381729277238,1.0331047592421694,-0.0449665863144457,210,263,0.4630481740831998,0.4736979001746133,-0.010649726091413453
hard,minilm,title_exact_near,exact,208,0.02403846153846154,3,0.8333333333333334,1.0,0.16666666666666663,0.611317677756034,0.7555555555555555,0.14423787779952157,0.028846153846153848,0.03365384615384615,0,1,-1,-0.004807692307692308,51,68,0.132153733143665,0.12452884408470845,0.007624889058956552,44,51,0.0788392941361123,0.07463910663668336,0.004200187499428956
hard,minilm,title_exact_near,high_nonexact,1560,0.15,16,0.3150296704601534,0.28306269070559564,-0.031966979754557756,0.3316805078305023,0.30380704160033534,-0.027873466230166954,0.19807692307692307,0.19743589743589743,48,47,1,0.000641025641025641,605,545,0.525107151966673,0.5301222267474278,-0.005015074780754856,468,446,0.2221912125058598,0.22210641722526467,8.479528059512795e-05
hard,minilm,title_exact_near,near_exact,1593,0.05963590709353421,18,0.2737522740703292,0.24035013985956835,-0.03340213421076085,0.22027967669797344,0.20941220333169175,-0.010867473366281688,0.13119899560577528,0.14124293785310735,33,49,-16,-0.010043942247332079,548,576,0.3673137743484966,0.3654122426487397,0.001901531699756872,447,482,0.17400267540995495,0.1802316076865194,-0.006228932276564469
hard,minilm,title_exact_near,not_near,2453,0.4675907052588667,18,0.4829826283037806,0.48139323771372755,-0.0015893905900530303,0.5367282693073029,0.5256724403827276,-0.01105582892457524,0.4598450876477782,0.4549531186302487,164,152,12,0.004891969017529555,1113,1196,1.0619333151786112,1.0750707093311875,-0.013137394152576443,999,1045,0.4636022383497478,0.46316507677819807,0.00043716157154972474
hard,minilm,brand_state,conflict,585,0.26495726495726496,18,0.45757066709737665,0.45149471504247773,-0.006075952054898914,0.4533733345141402,0.42938361335479314,-0.023989721159347055,0.28205128205128205,0.29572649572649573,26,34,-8,-0.013675213675213675,231,274,0.7069564893294098,0.7137746872484758,-0.006818197919065835,207,228,0.31022951586508296,0.31428432076638085,-0.0040548049012979126
hard,minilm,brand_state,match,573,0.2198952879581152,18,0.43848484315292113,0.4599868372357119,0.021501994082790743,0.39738467336180416,0.39184269946092337,-0.005541973900880792,0.2547993019197208,0.2443280977312391,27,21,6,0.010471204188481676,254,235,0.6640050641645701,0.6879409259036358,-0.023935861739065686,215,197,0.2898571113274631,0.28733538675301157,0.0025217245744515284
hard,minilm,brand_state,one_missing,4656,0.25773195876288657,18,0.37697172832260023,0.3654567402583701,-0.011514988064230125,0.42818543910347673,0.41441696320777915,-0.013768475895697574,0.28801546391752575,0.28844501718213056,192,194,-2,-0.000429553264604811,1832,1876,0.6964484429141273,0.7002565470879104,-0.003808104173783029,1536,1599,0.3070977288912655,0.3085834031734493,-0.0014856742821837518
hard,minilm,model_attribute_state,both_missing,3200,0.28375,15,0.39450551440003706,0.4013531124238138,0.006847598023776713,0.4608464620762485,0.4488097687302964,-0.012036693345952143,0.3078125,0.303125,142,127,15,0.0046875,1256,1287,0.7451893183597693,0.735807015768216,0.009382302591553138,1051,1072,0.32065395731718127,0.3185537218730724,0.0021002354441088753
hard,minilm,model_attribute_state,conflict,485,0.2,11,0.5031311688584212,0.4785777093000002,-0.02455345955842103,0.2546781519627949,0.24224397809160078,-0.012434173871194137,0.2824742268041237,0.2845360824742268,25,26,-1,-0.002061855670103093,223,210,0.7193360787678132,0.753778040501034,-0.03444196173322074,192,183,0.32054966948065333,0.3211948912512132,-0.0006452217705598216
hard,minilm,model_attribute_state,match,41,0.17073170731707318,3,0.3796772875816994,0.4386904761904762,0.0590131886087768,0.23453510774939348,0.2660796870067675,0.031544579257374,0.4634146341463415,0.36585365853658536,4,0,4,0.0975609756097561,18,22,1.0699056332862948,1.0620069101501406,0.007898723136154421,18,19,0.45974616263425205,0.4522815958210608,0.007464566813191262
hard,minilm,model_attribute_state,one_missing,2088,0.2246168582375479,18,0.3826454657068009,0.3704349789134088,-0.012210486793392095,0.4153877057653324,0.3961758709296104,-0.01921183483572203,0.24473180076628354,0.25526819923371646,74,96,-22,-0.01053639846743295,820,866,0.6031410202652255,0.6266454705014384,-0.023504450236212754,697,750,0.2763460591515043,0.2833184155910224,-0.006972356439518119
hard,minilm,title_code_state,both_missing,2058,0.2653061224489796,15,0.41303476423471314,0.42493931838474486,0.011904554150031721,0.4816338905899626,0.4624448331483863,-0.019189057441576285,0.28036929057337223,0.27696793002915454,82,75,7,0.003401360544217687,751,838,0.6672858520025641,0.6580052389397891,0.009280613062774914,650,717,0.2982775500437496,0.2975609862778327,0.0007165637659169173
hard,minilm,title_code_state,conflict,1113,0.25696316262353996,18,0.46470974616113914,0.4571920513683557,-0.007517694792783414,0.3499208223932161,0.3388267396233873,-0.011094082769828817,0.29290206648697215,0.2991913746630728,37,44,-7,-0.006289308176100629,461,443,0.801760333895512,0.8446889731795293,-0.04292863928401712,358,352,0.3142548398751364,0.31767106859590233,-0.0034162287207659013
hard,minilm,title_code_state,match,775,0.12903225806451613,16,0.3016229241758856,0.3397142548094495,0.0380913306335639,0.2268504580561154,0.22479008192056596,-0.0020603761355494354,0.27483870967741936,0.27741935483870966,35,37,-2,-0.0025806451612903226,329,304,0.660929436751991,0.6612733974599562,-0.0003439607079650856,276,248,0.29077213724795353,0.2940701784943456,-0.0032980412463920433
hard,minilm,title_code_state,one_missing,1868,0.29389721627408993,18,0.467678236340771,0.45518480642535386,-0.012493429915417131,0.4974648060614766,0.48434087464170367,-0.013123931419772916,0.28693790149892934,0.2880085653104925,91,93,-2,-0.0010706638115631692,776,800,0.6739050051940072,0.6773781230760622,-0.0034731178820549846,674,707,0.3150161542565389,0.316601194857201,-0.0015850406006621175
hard,minilm,model_sku_code_state,conflict,1113,0.25696316262353996,18,0.46470974616113914,0.4571920513683557,-0.007517694792783414,0.3499208223932161,0.3388267396233873,-0.011094082769828817,0.29290206648697215,0.2991913746630728,37,44,-7,-0.006289308176100629,461,443,0.801760333895512,0.8446889731795293,-0.04292863928401712,358,352,0.3142548398751364,0.31767106859590233,-0.0034162287207659013
hard,minilm,model_sku_code_state,match,775,0.12903225806451613,16,0.3016229241758856,0.3397142548094495,0.0380913306335639,0.2268504580561154,0.22479008192056596,-0.0020603761355494354,0.27483870967741936,0.27741935483870966,35,37,-2,-0.0025806451612903226,329,304,0.660929436751991,0.6612733974599562,-0.0003439607079650856,276,248,0.29077213724795353,0.2940701784943456,-0.0032980412463920433
hard,minilm,model_sku_code_state,no_evidence,2058,0.2653061224489796,15,0.41303476423471314,0.42493931838474486,0.011904554150031721,0.4816338905899626,0.4624448331483863,-0.019189057441576285,0.28036929057337223,0.27696793002915454,82,75,7,0.003401360544217687,751,838,0.6672858520025641,0.6580052389397891,0.009280613062774914,650,717,0.2982775500437496,0.2975609862778327,0.0007165637659169173
hard,minilm,model_sku_code_state,one_missing,1868,0.29389721627408993,18,0.467678236340771,0.45518480642535386,-0.012493429915417131,0.4974648060614766,0.48434087464170367,-0.013123931419772916,0.28693790149892934,0.2880085653104925,91,93,-2,-0.0010706638115631692,776,800,0.6739050051940072,0.6773781230760622,-0.0034731178820549846,674,707,0.3150161542565389,0.316601194857201,-0.0015850406006621175
hard,minilm,numeric_size_state,both_missing,3985,0.3043914680050188,17,0.423019271015818,0.40386678499396245,-0.01915248602185554,0.45447729065394016,0.4427980413145386,-0.011679249339401565,0.32471769134253453,0.32471769134253453,183,183,0,0.0,1713,1710,0.7913201597723291,0.79088934351872,0.0004308162536090625,1441,1448,0.3429021565675923,0.3433709751395136,-0.00046881857192128607
hard,minilm,numeric_size_state,conflict,559,0.1073345259391771,8,0.47082974775505515,0.4796309310036841,0.008801183248628941,0.14798417860113705,0.14027681587589846,-0.007707362725238587,0.18246869409660108,0.16815742397137745,24,16,8,0.014311270125223614,212,237,0.4602408320562469,0.47502474893680585,-0.014783916880558834,189,209,0.2340716871571763,0.2326783956808337,0.0013932914763425805
hard,minilm,numeric_size_state,match,164,0.1951219512195122,9,0.5736650182417568,0.5803823430661667,0.006717324824409898,0.25551741985282844,0.2918140136828926,0.03629659383006417,0.23780487804878048,0.23780487804878048,9,9,0,0.0,70,79,0.6379901905300331,0.6299756217122735,0.008014568817759502,62,71,0.2984660919493053,0.29079244148962924,0.007673650459676027
hard,minilm,numeric_size_state,one_missing,1106,0.15913200723327306,17,0.4403186912388115,0.40999791605891417,-0.03032077517989734,0.39158692089404673,0.36852836920374815,-0.02305855169029858,0.1962025316455696,0.2070524412296564,29,41,-12,-0.0108499095840868,322,359,0.47142183107873536,0.49872871183170486,-0.027306880752969456,266,296,0.20900525421974606,0.21625073228982034,-0.007245478070074274
hard,minilm,numeric_ram_storage_state,both_missing,5660,0.25848056537102476,18,0.38236837937707,0.3734621061940587,-0.008906273183011348,0.4327307049341764,0.41946049926044315,-0.01327020567373327,0.2846289752650177,0.2855123674911661,238,243,-5,-0.0008833922261484099,2265,2332,0.6964962060534768,0.7024223773360597,-0.005926171282582802,1913,1982,0.30663651273167014,0.30800110329917696,-0.0013645905675068284
hard,minilm,numeric_ram_storage_state,match,46,0.17391304347826086,3,0.24709836459836457,0.2441649309296368,-0.0029334336687277807,0.15626482477170334,0.145389307562793,-0.010875517208910335,0.5,0.4782608695652174,6,5,1,0.021739130434782608,25,18,1.0268987296932723,0.9751276094088521,0.051771120284420206,21,18,0.4608375999833579,0.45650892623740696,0.004328673745950927
hard,minilm,numeric_ram_storage_state,one_missing,93,0.08602150537634409,4,0.5912698412698413,0.4131944444444444,-0.17807539682539686,0.29704321946169776,0.22783292305228667,-0.06921029640941109,0.12903225806451613,0.13978494623655913,0,1,-1,-0.010752688172043012,20,28,0.3608387478484564,0.3842070558907638,-0.023368308042307377,17,18,0.1599171097203839,0.16642898436682987,-0.006511874646445991
hard,minilm,numeric_volume_state,both_missing,5063,0.23444598064388703,18,0.3712364311702835,0.36152712943021764,-0.009709301740065845,0.4124479856579564,0.3985506582645868,-0.013897327393369574,0.26624530910527355,0.2672328658897887,205,210,-5,-0.0009875567845151097,1980,2046,0.6575288979541271,0.667036595641079,-0.009507697686951956,1672,1731,0.29062061405082246,0.29283656071484976,-0.002215946664027314
hard,minilm,numeric_volume_state,conflict,89,0.38202247191011235,9,0.542143201751045,0.6231798933789036,0.08103669162785854,0.4711338567030812,0.5059376871338968,0.03480383043081553,0.4157303370786517,0.4157303370786517,5,5,0,0.0,45,30,1.0299091587725033,0.9472618379397928,0.08264732083271058,37,22,0.4038174501097018,0.3851621891842799,0.01865526092542189
hard,minilm,numeric_volume_state,match,452,0.4004424778761062,12,0.5504443759733334,0.5737278189633525,0.023283442990019054,0.5223768217981684,0.5020414813160583,-0.020335340482110054,0.39823008849557523,0.38716814159292035,24,19,5,0.011061946902654867,195,211,0.9468809210790529,0.9392853160984724,0.007595604980580386,167,187,0.40447701313285633,0.4008239397549367,0.003653073377919639
hard,minilm,numeric_volume_state,one_missing,210,0.3761904761904762,14,0.6199639087253994,0.5914215866222464,-0.028542322103152995,0.4413904971591145,0.4423284526068749,0.0009379554477604302,0.4142857142857143,0.43333333333333335,11,15,-4,-0.01904761904761905,97,98,0.8951785544378591,0.8860632173358008,0.009115337102058262,82,84,0.4154470731157787,0.4151450806070075,0.0003019925087712528
hard,minilm,numeric_weight_state,both_missing,2570,0.24669260700389106,17,0.42485805680313554,0.40645208077004313,-0.018405976033092408,0.45301602558810394,0.4352180046771538,-0.01779802091095012,0.26264591439688717,0.26731517509727626,91,103,-12,-0.004669260700389105,962,1006,0.6373197889318253,0.6440351786447384,-0.006715389712913003,818,878,0.2866652050972334,0.2902582713902697,-0.0035930662930363034
hard,minilm,numeric_weight_state,conflict,915,0.18579234972677597,16,0.4606270570425083,0.4408217125229818,-0.01980534451952648,0.3112555585968939,0.2862089827531133,-0.025046575843780616,0.2371584699453552,0.22513661202185792,39,28,11,0.012021857923497269,371,368,0.6111473024478463,0.6305305881242244,-0.01938328567637814,319,300,0.266416258966236,0.2644290331907283,0.001987225775507691
hard,minilm,numeric_weight_state,match,706,0.29036827195467424,14,0.5105041973483004,0.5233691380598277,0.012864940711527217,0.447608468287908,0.47065188462812585,0.023043416340217837,0.32011331444759206,0.311614730878187,34,28,6,0.0084985835694051,312,313,0.7906375929369971,0.7735644277760636,0.01707316516093336,259,257,0.3402133206335601,0.3341625826552231,0.006050737978336988
hard,minilm,numeric_weight_state,one_missing,1623,0.29081947011706716,18,0.41489585561017644,0.4045306234891032,-0.010365232121073265,0.42598958870856424,0.405512238757718,-0.020477349950846213,0.3290203327171904,0.3345656192236599,81,90,-9,-0.005545286506469501,672,698,0.789529647765921,0.7972276294293954,-0.007697981663474103,562,589,0.3430242506889421,0.3459203470340673,-0.0028960963451252326
hard,minilm,numeric_dimensions_state,both_missing,1866,0.25562700964630225,17,0.4146140721463243,0.4139227406934655,-0.0006913314528587677,0.4242194667938164,0.4085702944052095,-0.015649172388606913,0.2845659163987138,0.28563772775991425,81,83,-2,-0.0010718113612004287,849,797,0.6771651463533208,0.6816406562046784,-0.0044755098513575555,722,691,0.3111084128662168,0.31181559821367494,-0.0007071853474581476
hard,minilm,numeric_dimensions_state,conflict,952,0.23844537815126052,18,0.43307167993168666,0.466982303473057,0.033910623541370366,0.5105235114875593,0.48506176984923266,-0.025461741638326596,0.23109243697478993,0.22794117647058823,31,28,3,0.0031512605042016808,271,340,0.6270041511702089,0.6473085288806418,-0.02030437771043305,225,270,0.24751800707603436,0.24988759681165917,-0.0023695897356248237
hard,minilm,numeric_dimensions_state,match,1170,0.22905982905982905,16,0.410217566306535,0.40862490029560933,-0.0015926660109256696,0.37893618921476235,0.37848852640186936,-0.0004476628128929905,0.29914529914529914,0.30683760683760686,56,65,-9,-0.007692307692307693,475,446,0.72046538837396,0.7054232658821226,0.01504212249183739,393,374,0.31182991626296086,0.31118247545267425,0.0006474408102866052
hard,minilm,numeric_dimensions_state,one_missing,1826,0.2787513691128149,18,0.40671384835589974,0.3881555976419732,-0.018558250713926527,0.4402861166823974,0.42612819168767857,-0.014157924994718851,0.3017524644030668,0.29956188389923327,77,73,4,0.002190580503833516,722,802,0.730156505380784,0.7440407561719977,-0.013884250791213696,618,689,0.3266226583335338,0.3293753749848535,-0.002752716651319657
hard,minilm,numeric_pack_count_state,both_missing,1750,0.22857142857142856,17,0.4119756507132051,0.38111428196809527,-0.030861368745109807,0.4265567065125097,0.38801509034238646,-0.03854161617012325,0.25485714285714284,0.2702857142857143,50,77,-27,-0.015428571428571429,671,750,0.6206403395842686,0.6415850524274984,-0.020944712843229928,585,657,0.28633849088323354,0.2957642729601316,-0.00942578207689803
hard,minilm,numeric_pack_count_state,conflict,407,0.24324324324324326,17,0.5326028532087036,0.5261589802532111,-0.006443872955492536,0.37044915311812915,0.33862816744803315,-0.031820985670096,0.3071253071253071,0.29975429975429974,22,19,3,0.007371007371007371,139,186,0.7678345903589823,0.7956608123894294,-0.027826222030447347,112,143,0.31126825598945795,0.3161197291681839,-0.004851473178725955
hard,minilm,numeric_pack_count_state,match,1450,0.28551724137931034,17,0.46252587490792374,0.45770442512974796,-0.004821449778175779,0.5047656107312685,0.49857370721881783,-0.006191903512450636,0.2889655172413793,0.2882758620689655,71,70,1,0.000689655172413793,597,585,0.7248284561229499,0.717547987859592,0.007280468263357863,494,489,0.3118453023178154,0.31037981060182007,0.0014654917159952737
hard,minilm,numeric_pack_count_state,one_missing,2207,0.2573629361123697,18,0.3576897686748602,0.356984037722582,-0.0007057309522781607,0.3936669273090957,0.3916412651726793,-0.0020256621364164173,0.29995468962392385,0.2913457181694608,102,83,19,0.008608971454463071,910,864,0.71911094893762,0.7182104445117461,0.000900504425873853,767,735,0.3160241004509478,0.31217258568602996,0.0038515147649178837
hard,minilm,numeric_power_state,both_missing,5361,0.2650624883417273,18,0.38287525868289574,0.37534111189090846,-0.007534146791987273,0.4346163339394017,0.4199885618399985,-0.014627772099403191,0.29043088975937326,0.2928558104831188,219,232,-13,-0.0024249207237455697,2185,2280,0.7102280562305332,0.719193727136696,-0.008965670906162874,1838,1938,0.31270755109661497,0.31516614338486865,-0.002458592288253708
hard,minilm,numeric_power_state,conflict,194,0.05154639175257732,4,0.1465210606387077,0.17970238095238095,0.03318132031367324,0.18329658155159725,0.20679472166150834,0.02349814010991108,0.09278350515463918,0.08247422680412371,7,5,2,0.010309278350515464,23,21,0.23409890919964743,0.24135725385840068,-0.007258344658753201,20,13,0.0937800376090796,0.09110320396219547,0.002676833646884128
hard,minilm,numeric_power_state,match,151,0.17880794701986755,4,0.42400860351808495,0.41059090166376155,-0.013417701854323394,0.3674011055678189,0.34197266131559034,-0.025428444252228566,0.23841059602649006,0.23178807947019867,9,8,1,0.006622516556291391,49,44,0.5590210999904257,0.5190997984604193,0.039921301530006406,45,39,0.2596052172622684,0.25525545836664354,0.0043497588956248265
hard,minilm,numeric_power_state,one_missing,108,0.21296296296296297,4,0.4868557990867723,0.5515938356733263,0.06473803658655403,0.26565657091440753,0.24841356406624526,-0.017243006848162268,0.37962962962962965,0.32407407407407407,10,4,6,0.05555555555555555,60,40,0.9198927249722757,0.8457210910052906,0.07417163396698515,55,34,0.40370852553449504,0.3651901756025769,0.03851834993191813
hard,minilm,numeric_optical_state,both_missing,5516,0.26649746192893403,18,0.3777454201237397,0.3677175184624877,-0.010027901661252003,0.42778501206391256,0.41365911770211755,-0.01412589436179501,0.2965917331399565,0.298404641044235,239,249,-10,-0.0018129079042784628,2289,2363,0.7241996757849798,0.7310065104066171,-0.006806834621637352,1934,2011,0.3194134256895805,0.3213236756118661,-0.0019102499222856204
hard,minilm,numeric_optical_state,conflict,87,0.0,0,,,,,,,0.0,0.0,0,0,0,0.0,0,6,0.0016745366070455901,0.0031448514646918177,-0.0014703148576462283,0,3,0.001655454459518526,0.0030965513727713332,-0.0014410969132528074
hard,minilm,numeric_optical_state,match,167,0.011976047904191617,1,0.13765822784810128,0.1144927536231884,-0.02316547422491287,0.1125,0.09761904761904762,-0.014880952380952384,0.023952095808383235,0.023952095808383235,0,0,0,0.0,10,7,0.08969420444997495,0.08584499311431108,0.0038492113356638404,8,4,0.02720317962344333,0.025928364951539266,0.0012748146719040634
hard,minilm,numeric_optical_state,one_missing,44,0.20454545454545456,4,0.64375,0.8625,0.21875,0.4550396708442685,0.5428136200716847,0.08777394922741616,0.2727272727272727,0.13636363636363635,6,0,6,0.13636363636363635,18,9,0.611326585778935,0.5750272385007746,0.03629934727816037,16,6,0.2465455829687099,0.18734086004538272,0.059204722923327194
hard,minilm,numeric_conflict_count,multiple,1554,0.1866151866151866,18,0.3830263313056196,0.38401931366142,0.0009929823558004203,0.3327275455863674,0.3292768011399777,-0.0034507444463897086,0.2425997425997426,0.2335907335907336,66,52,14,0.009009009009009009,532,564,0.6220638231591828,0.63791231425691,-0.01584849109772711,445,445,0.26067185473819726,0.2594789391022971,0.0011929156359001868
hard,minilm,numeric_conflict_count,none,2141,0.29939280709948624,18,0.4166742449279903,0.3957055539150014,-0.020968691012988927,0.4361074728853723,0.4179660764425937,-0.018141396442778623,0.3344231667445119,0.3376926669780476,88,95,-7,-0.003269500233535731,973,943,0.7779573989853279,0.7885759855488712,-0.01061858656354341,817,815,0.35111070461509636,0.35531669491131646,-0.004205990296220085
hard,minilm,numeric_conflict_count,one,2119,0.25955639452571966,18,0.4117439051872506,0.42695858137722864,0.015214676189978016,0.47081707655314736,0.46498830282664166,-0.005828773726505698,0.26380368098159507,0.26899480887210947,91,102,-11,-0.005191127890514393,812,878,0.6627722632445602,0.6571429468660127,0.005629316378547632,696,764,0.29287745938903365,0.2932045843621001,-0.00032712497306644164
hard,minilm,numeric_match_count,multiple,1035,0.28695652173913044,18,0.46131777835595084,0.46466221676015196,0.003344438404201122,0.49909944159531616,0.4958093766934603,-0.003290064901855849,0.30628019323671496,0.30531400966183575,55,54,1,0.000966183574879227,421,409,0.7591905848292867,0.7497541089066487,0.009436475922637952,352,347,0.323195811356505,0.32164464107936597,0.0015511702771390256
hard,minilm,numeric_match_count,none,2694,0.25278396436525613,18,0.39875171511359286,0.37961194050157376,-0.0191397746120191,0.42739612527556575,0.39866886293131737,-0.028727262344248383,0.2728285077951002,0.27616926503340755,100,109,-9,-0.0033407572383073497,1074,1152,0.6677511320546423,0.6938072191345747,-0.026056087079932337,915,984,0.29901476498886304,0.3045279121178976,-0.005513147129034553
hard,minilm,numeric_match_count,one,2085,0.24124700239808153,18,0.3667406005338411,0.37668969810427155,0.009949097570430443,0.39237941207739174,0.39052609895930723,-0.0018533131180845097,0.28776978417266186,0.2858513189448441,90,86,4,0.0019184652278177458,822,824,0.6964146729873681,0.6844271821379025,0.011987490849465461,691,693,0.30569111542228417,0.30309996674850287,0.00259114867378134
hard,minilm,numeric_primary_conflict,dimensions,962,0.26195426195426197,14,0.45241658012594727,0.45744712932467074,0.005030549198723477,0.4839960000008742,0.47174021167996305,-0.012255788320911176,0.2661122661122661,0.27754677754677753,42,53,-11,-0.011434511434511435,332,372,0.6595591536642277,0.6593884929265891,0.00017066073763864016,288,313,0.28677466575719257,0.28894435618130654,-0.0021696904241139472
hard,minilm,numeric_primary_conflict,model_number,521,0.22456813819577734,15,0.45951934354228,0.46352645945791243,0.004007115915632409,0.28807735875837576,0.28893974288618857,0.0008623841278128097,0.29942418426103645,0.31669865642994244,11,20,-9,-0.01727447216890595,238,203,0.8063602476990632,0.8382766078278073,-0.031916360128743965,186,163,0.3149698083811831,0.3210419961221153,-0.006072187740932221
hard,minilm,numeric_primary_conflict,none,1618,0.3238566131025958,18,0.429554444655833,0.4145839395588118,-0.014970505097021192,0.47014615104159485,0.4484212349044739,-0.021724916137120964,0.34610630407911,0.34487021013597036,77,75,2,0.0012360939431396785,734,739,0.769454779889675,0.7733294076282811,-0.0038746277386059874,630,652,0.3629058557368175,0.3665929132878968,-0.0036870575510792847
hard,minilm,numeric_primary_conflict,pack_count,609,0.2742200328407225,17,0.5244669179900235,0.5267070602291732,0.0022401422391497006,0.4857428000177416,0.4701618733813632,-0.01558092663637839,0.2889983579638752,0.2955665024630542,27,31,-4,-0.006568144499178982,220,270,0.7144767202392311,0.7329006350679915,-0.01842391482876034,183,232,0.30443572783531575,0.31173347930338086,-0.007297751468065125
hard,minilm,numeric_primary_conflict,power,186,0.053763440860215055,3,0.33928571428571425,0.3591153127917834,0.019829598506069135,0.21788986121938067,0.2374730265966191,0.01958316537723842,0.08602150537634409,0.07526881720430108,3,1,2,0.010752688172043012,21,12,0.25914935576773207,0.2461252357145937,0.013024120053138391,19,8,0.08900926998678423,0.08358663982043284,0.00542263016635139
hard,minilm,numeric_primary_conflict,ram_storage,45,0.13333333333333333,3,0.21613756613756616,0.2108946608946609,-0.005242905242905244,0.11840012697446883,0.10791075949192014,-0.010489367482548695,0.4,0.4,4,4,0,0.0,23,19,0.9388371640323877,0.9724873318409084,-0.03365016780852052,19,18,0.400758439488709,0.4013069481278459,-0.0005485086391369501
hard,minilm,numeric_primary_conflict,size,636,0.12264150943396226,9,0.4494871215171828,0.468252389751774,0.018765268234591237,0.15338983255642472,0.14720266819309685,-0.006187164363327863,0.1949685534591195,0.18238993710691823,28,20,8,0.012578616352201259,239,279,0.5002427477720417,0.5157177656480804,-0.015475017876038515,212,246,0.2452078330129295,0.24419081148841754,0.0010170215245119572
hard,minilm,numeric_primary_conflict,volume,174,0.41954022988505746,9,0.5491333615702441,0.6212672848598632,0.0721339232896191,0.5757146327935811,0.5748526654435598,-0.0008619673500213088,0.39655172413793105,0.40229885057471265,9,10,-1,-0.005747126436781609,82,68,0.979052104310573,0.9397646573513855,0.039287446959187525,66,58,0.3965760758949508,0.38303396692459374,0.01354210897035704
hard,minilm,numeric_primary_conflict,weight,1047,0.24259789875835722,16,0.41355768548719124,0.3999094214435206,-0.013648264043670644,0.42357406451495394,0.42644277120740515,0.002868706692451206,0.26456542502387775,0.2559694364851958,44,35,9,0.008595988538681949,427,420,0.6900301936243618,0.6895556131216336,0.00047458050272813354,354,332,0.29111641999055565,0.28753755044432466,0.0035788695462310015
hard,minilm,attribute_key_overlap,high,495,0.21818181818181817,18,0.49204915560958423,0.5288251316591822,0.03677597604959798,0.4027166485415985,0.39423792448616346,-0.008478724055435038,0.2404040404040404,0.25252525252525254,15,21,-6,-0.012121212121212121,188,234,0.6241708619036208,0.6282686079811974,-0.004097746077576613,154,197,0.27317035318610394,0.2778480559394041,-0.004677702753300158
hard,minilm,attribute_key_overlap,low,1359,0.2737306843267108,18,0.42986752963905694,0.4398094704336644,0.009941940794607473,0.47353473002329083,0.46385198072369693,-0.009682749299593896,0.2847682119205298,0.29065489330389993,51,59,-8,-0.005886681383370125,536,547,0.7132886067757032,0.7146814440985344,-0.001392837322831314,454,460,0.30794454392911164,0.3072877919185993,0.0006567520105123733
hard,minilm,attribute_key_overlap,medium,1889,0.2038115404976178,18,0.4118515009218894,0.4011877523623783,-0.010663748559511077,0.400927016910673,0.39033257065538224,-0.010594446255290768,0.223928004235045,0.22922181048173637,63,73,-10,-0.005293806246691371,689,718,0.5635627637877416,0.5827766783889936,-0.019213914601251963,563,608,0.25166134473921115,0.255585126778602,-0.003923782039390856
hard,minilm,attribute_key_overlap,none,1456,0.33104395604395603,17,0.40060828717214236,0.3803052791357782,-0.020303008036364145,0.447167360008201,0.42444584954442166,-0.02272151046377935,0.37637362637362637,0.36538461538461536,84,68,16,0.01098901098901099,673,644,0.8703294268943773,0.8676825659111899,0.002646860983187438,589,556,0.38803905390659066,0.38924499678063973,-0.0012059428740490597
hard,minilm,attribute_key_overlap,tiny,591,0.2131979695431472,16,0.4323037411970224,0.3967018995719078,-0.035601841625114594,0.3524372703078053,0.3513015035231243,-0.0011357667846810249,0.2808798646362098,0.27580372250423013,29,26,3,0.005076142131979695,221,230,0.6887408576475025,0.690687523480749,-0.0019466658332464978,190,193,0.2957672235244866,0.2920233428351878,0.003743880689298764
hard,minilm,attribute_key_overlap,very_high,24,0.3333333333333333,2,0.8524305555555556,0.8524305555555556,0.0,0.6574675324675325,0.6997474747474747,0.04227994227994214,0.375,0.3333333333333333,3,2,1,0.041666666666666664,10,12,0.8153771566156692,0.7287706051344623,0.08660655148120687,8,10,0.3554952274716925,0.33325487970917794,0.022240347762514528
hard,minilm,attribute_agreement,mixed,1668,0.17086330935251798,18,0.4097509204444878,0.428643886206461,0.01889296576197319,0.37546469041508274,0.3596339166794099,-0.01583077373567282,0.19424460431654678,0.2026378896882494,50,64,-14,-0.008393285371702638,573,629,0.5058299056537718,0.5186564119672372,-0.012826506313465331,479,539,0.23037648969742547,0.23351432937005978,-0.003137839672634321
hard,minilm,attribute_agreement,mostly_conflict,1981,0.2912670368500757,18,0.45384344229839013,0.43719556988574837,-0.016647872412641762,0.4650067475970093,0.4524447707513895,-0.012561976845619771,0.30186774356385665,0.30641090358404843,80,89,-9,-0.004543160020191822,742,850,0.7395080014281347,0.7564681954368591,-0.016960194008724328,612,712,0.31702540316964156,0.32074508057762335,-0.0037196774079818087
hard,minilm,attribute_agreement,mostly_exact,709,0.19322990126939352,18,0.3748409965849156,0.3898149014269582,0.014973904842042585,0.35801944357770177,0.3709499210689082,0.012930477491206405,0.2566995768688293,0.2524682651622003,31,28,3,0.004231311706629055,329,262,0.649956444590043,0.6278062334781244,0.022150211111918512,278,217,0.28228384528502204,0.2730962032542246,0.009187642030797378
hard,minilm,attribute_agreement,no_common_keys,1456,0.33104395604395603,17,0.40060828717214236,0.3803052791357782,-0.020303008036364145,0.447167360008201,0.42444584954442166,-0.02272151046377935,0.37637362637362637,0.36538461538461536,84,68,16,0.01098901098901099,673,644,0.8703294268943773,0.8676825659111899,0.002646860983187438,589,556,0.38803905390659066,0.38924499678063973,-0.0012059428740490597
hard,minilm,attribute_count,1-4,313,0.2971246006389776,12,0.5704722035396544,0.5917303959570114,0.021258192417356936,0.42101039860639317,0.423971909986285,0.0029615113798918125,0.35782747603833864,0.3546325878594249,20,19,1,0.003194888178913738,147,127,0.8050146876832629,0.7880963889429003,0.016918298740362454,127,112,0.36515782006157815,0.36269274422788794,0.002465075833690219
hard,minilm,attribute_count,10-19,2736,0.27485380116959063,18,0.3854660367471636,0.3852456816078528,-0.00022035513931084605,0.44608419701967483,0.435205062568054,-0.010879134451620809,0.28983918128654973,0.2843567251461988,121,106,15,0.005482456140350877,1083,1171,0.7130313947389454,0.7208399311269352,-0.007808536387989898,921,985,0.31218768540811814,0.3107775687096779,0.0014101166984402337
hard,minilm,attribute_count,20-39,1361,0.1520940484937546,16,0.4456078758996707,0.4374497208617713,-0.008158155037899406,0.3428411413016881,0.3307813314509101,-0.01205980985077798,0.19691403379867745,0.20426157237325496,47,57,-10,-0.0073475385745775165,443,466,0.5002176090720706,0.5210451234870734,-0.020827514415002846,368,388,0.22502530995547315,0.22862929963840523,-0.0036039896829320717
hard,minilm,attribute_count,40+,60,0.15,4,0.4079042597187758,0.43783521303258144,0.02993095331380563,0.15443821025717577,0.19596479492931548,0.04152658467213971,0.43333333333333335,0.4166666666666667,6,5,1,0.016666666666666666,29,29,0.8657885212005777,0.8189169779577902,0.04687154324278761,28,27,0.4122121869489395,0.40493563266160587,0.007276554287333662
hard,minilm,attribute_count,5-9,1344,0.3125,17,0.45842431772269787,0.4491521863870745,-0.00927213133562338,0.4539778852291002,0.43688419403180095,-0.017093691197299254,0.33705357142857145,0.34523809523809523,51,62,-11,-0.00818452380952381,615,592,0.8193016575613405,0.8147121821269756,0.004589475434365021,514,512,0.35564533799644477,0.36160190307501106,-0.005956565078566287
hard,minilm,missingness,extreme,2881,0.209996528982992,18,0.3687521646162546,0.3646971554978824,-0.004055009118372199,0.37717873529873636,0.36360349375590784,-0.01357524154282852,0.2547726483859771,0.25442554668517875,117,116,1,0.0003471017007983339,1030,1110,0.6346336479533949,0.6529030838207238,-0.018269435867328935,885,927,0.27785962995562785,0.2785370153756239,-0.0006773854199960688
hard,minilm,missingness,high,653,0.27565084226646247,15,0.49868918611606045,0.4786323842406739,-0.020056801875386554,0.4302682562605987,0.4158566015673152,-0.014411654693283538,0.31852986217457885,0.33078101071975496,23,31,-8,-0.01225114854517611,301,275,0.7605333200364485,0.7567509229341209,0.0037823971023274727,245,240,0.3349427505138517,0.3369382605802376,-0.0019955100663859187
hard,minilm,missingness,medium,123,0.3089430894308943,9,0.6186837258611445,0.6999173717461802,0.08123364588503568,0.4291273236340051,0.4340952160458591,0.004967892411854025,0.34146341463414637,0.36585365853658536,4,7,-3,-0.024390243902439025,58,50,0.879027419472942,0.8695138856860716,0.009513533786870563,51,38,0.35945232747296796,0.36276619741314553,-0.0033138699401775752
hard,minilm,missingness,very_high,2148,0.3049348230912477,18,0.40717938473842574,0.40844320451690813,0.001263819778482389,0.4764310236638345,0.46547339397989446,-0.01095762968394004,0.3091247672253259,0.30679702048417135,99,94,5,0.0023277467411545625,923,946,0.7435624866506415,0.7375005291114515,0.006061957539190133,773,816,0.33069957260118876,0.3328015951813861,-0.00210202258019733
hard,minilm,bge_sequence_length,128-255,2312,0.24610726643598616,18,0.4059276957638699,0.399897188403381,-0.006030507360488879,0.4312009975454002,0.413366176483993,-0.017834821061407213,0.2768166089965398,0.28460207612456745,86,104,-18,-0.007785467128027681,862,955,0.680028278715579,0.6989794042982923,-0.01895112558271327,724,811,0.297310785358982,0.3013754443953447,-0.004064659036362724
hard,minilm,bge_sequence_length,256-383,746,0.16890080428954424,15,0.3804163156648837,0.4083718494953551,0.02795553383047139,0.37234566996483087,0.3623174453065289,-0.010028224658301998,0.19839142091152814,0.19302949061662197,30,26,4,0.005361930294906166,227,252,0.4978280475651203,0.5118465831265501,-0.014018535561429808,200,210,0.22187269148311872,0.22116468550322177,0.0007080059798969481
hard,minilm,bge_sequence_length,<128,2414,0.2916321458160729,18,0.3636936881814765,0.35588368401837556,-0.007810004163100959,0.4352916978649244,0.4233029737967983,-0.011988724068126067,0.32228666114333054,0.32104391052195524,111,108,3,0.0012427506213753107,1075,1047,0.7715112369903913,0.761690293051888,0.009820943938503229,906,893,0.3412583858507237,0.34196808724984246,-0.0007097013991187399
hard,minilm,bge_sequence_length,at_384,342,0.23976608187134502,10,0.49477943109325323,0.48280818828032784,-0.011971242812925387,0.4423641266599547,0.44502188979788393,0.0026577631379292033,0.25146198830409355,0.2309941520467836,18,11,7,0.02046783625730994,153,131,0.674488796091747,0.688726680254785,-0.014237884163038046,128,110,0.2945090942965563,0.28650287714862055,0.008006217147935759
hard,rumodernbert,category,Автотовары,316,0.18354430379746836,1,0.17545023522544773,0.14999859792952835,-0.02545163729591937,0.17545023522544773,0.14999859792952835,-0.02545163729591937,0.23417721518987342,0.25949367088607594,3,11,-8,-0.02531645569620253,109,177,0.7268870516441162,0.7562041965068498,-0.029317144862733596,86,152,0.2841645057616708,0.3034743197215132,-0.019309813959842336
hard,rumodernbert,category,Аптека,308,0.07792207792207792,1,0.33493515642258453,0.3964993864804675,0.061564230057882974,0.33493515642258453,0.3964993864804675,0.061564230057882974,0.12012987012987013,0.11688311688311688,9,8,1,0.003246753246753247,45,77,0.28145678757814446,0.2612413482905265,0.02021543928761802,42,63,0.12507660507305576,0.1315481465396036,-0.0064715414665478385
hard,rumodernbert,category,Бытовая химия,311,0.48231511254019294,1,0.6083657234584935,0.6069971734843904,-0.0013685499741030727,0.6083657234584935,0.6069971734843904,-0.0013685499741030727,0.3858520900321543,0.4115755627009646,13,21,-8,-0.02572347266881029,121,181,0.9132635208727007,0.8367676894114614,0.07649583146123921,110,168,0.39579639032219577,0.4146279544326989,-0.018831564110503126
hard,rumodernbert,category,Галантерея и аксессуары,308,0.1590909090909091,1,0.2378957220442949,0.19579975889656645,-0.042095963147728455,0.2378957220442949,0.19579975889656645,-0.042095963147728455,0.25,0.24675324675324675,11,10,1,0.003246753246753247,87,173,0.5973241448457705,0.589215855398486,0.008108289447284431,79,146,0.2769401866334629,0.2903201664407139,-0.013379979807250966
hard,rumodernbert,category,Детские товары,294,0.5578231292517006,1,0.579400281955623,0.5442322574770553,-0.035168024478567705,0.579400281955623,0.5442322574770553,-0.035168024478567705,0.4557823129251701,0.46258503401360546,17,19,-2,-0.006802721088435374,111,178,1.0652026179460394,1.0242465965417693,0.04095602140427,101,165,0.45667499271823336,0.4858008136871417,-0.029125820968908315
hard,rumodernbert,category,Дом и сад,284,0.25,1,0.41826193615952834,0.40198893673288516,-0.016272999426643175,0.41826193615952834,0.40198893673288516,-0.016272999426643175,0.2852112676056338,0.2887323943661972,10,11,-1,-0.0035211267605633804,81,175,0.6253368973667551,0.6274960680654387,-0.0021591706986836966,72,149,0.299842759133087,0.3294844681866021,-0.029641709053515077
hard,rumodernbert,category,Канцелярские товары,282,0.34397163120567376,1,0.47148181849202475,0.3979574494679908,-0.07352436902403398,0.47148181849202475,0.3979574494679908,-0.07352436902403398,0.33687943262411346,0.3900709219858156,8,23,-15,-0.05319148936170213,89,183,0.7829628261148477,0.7741391911965344,0.008823634918313252,81,170,0.3629427824597905,0.41022775578807963,-0.04728497332828912
hard,rumodernbert,category,Красота и гигиена,287,0.3588850174216028,1,0.43149071310372533,0.3962926129494162,-0.03519810015430913,0.43149071310372533,0.3962926129494162,-0.03519810015430913,0.41114982578397213,0.44947735191637633,9,20,-11,-0.03832752613240418,98,164,0.9671476371559005,0.9331245294627206,0.03402310769317973,87,153,0.4141347314770989,0.4386458015142379,-0.02451107003713896
hard,rumodernbert,category,Мебель,339,0.12684365781710916,1,0.1917879731069017,0.1717496127235782,-0.020038360383323517,0.1917879731069017,0.1717496127235782,-0.020038360383323517,0.20943952802359883,0.25073746312684364,11,25,-14,-0.04129793510324484,71,201,0.532235869711494,0.5358972292553313,-0.0036613595438374324,60,163,0.23141881793431435,0.26010986395141766,-0.02869104601710329
hard,rumodernbert,category,Музыкальные инструменты,431,0.20185614849187936,1,0.42316860472693796,0.3794581934700144,-0.04371041125692354,0.42316860472693796,0.3794581934700144,-0.04371041125692354,0.22273781902552203,0.2482598607888631,11,22,-11,-0.025522041763341066,130,237,0.6138976606593719,0.5770115544451099,0.036886106214262124,110,193,0.24772030803544573,0.2697384518532303,-0.022018143817784563
hard,rumodernbert,category,Обувь,325,0.09230769230769231,1,0.11808821137717487,0.11072423814241125,-0.007363973234763621,0.11808821137717487,0.11072423814241125,-0.007363973234763621,0.1476923076923077,0.16307692307692306,9,14,-5,-0.015384615384615385,98,207,0.40294810114071605,0.4004510352599646,0.002497065880751454,90,166,0.21501198721001857,0.23461231540960187,-0.019600328199583322
hard,rumodernbert,category,Продукты питания,311,0.2861736334405145,1,0.4617355803218576,0.4353537648886149,-0.026381815433242695,0.4617355803218576,0.4353537648886149,-0.026381815433242695,0.28938906752411575,0.3311897106109325,5,18,-13,-0.04180064308681672,93,194,0.7943031527183669,0.7383776646963917,0.05592548802197529,82,178,0.31532960298249924,0.34529955377667493,-0.029969950794175693
hard,rumodernbert,category,Спорт и отдых,300,0.26666666666666666,1,0.22414131445437077,0.2119586444535325,-0.01218267000083828,0.22414131445437077,0.2119586444535325,-0.01218267000083828,0.45,0.4666666666666667,9,14,-5,-0.016666666666666666,116,164,1.168116478942315,1.0829954395791461,0.08512103936316896,97,140,0.43583316936312866,0.4526070611116787,-0.016773891748550037
hard,rumodernbert,category,Строительство и ремонт,298,0.21476510067114093,1,0.27107782185477114,0.26523751806257395,-0.005840303792197188,0.27107782185477114,0.26523751806257395,-0.005840303792197188,0.31208053691275167,0.35570469798657717,8,21,-13,-0.0436241610738255,98,152,0.7338001735540846,0.6652827141258797,0.06851745942820477,88,128,0.326611156763287,0.33990056303739175,-0.013289406274104703
hard,rumodernbert,category,Товары для животных,319,0.3573667711598746,1,0.5371934662549436,0.4959843435691366,-0.041209122685806954,0.5371934662549436,0.4959843435691366,-0.041209122685806954,0.3322884012539185,0.335423197492163,14,15,-1,-0.003134796238244514,94,208,0.8064082895158539,0.802857713394147,0.003550576121706905,83,187,0.34811771703339517,0.37220286109870104,-0.024085144065305895
hard,rumodernbert,category,Хобби и творчество,295,0.46779661016949153,1,0.6311784676712795,0.5828315394688102,-0.04834692820246933,0.6311784676712795,0.5828315394688102,-0.04834692820246933,0.4135593220338983,0.4033898305084746,12,9,3,0.010169491525423728,117,147,0.9239312771828623,0.8359055187392295,0.08802575844363282,105,125,0.4023855039679694,0.4075394912922786,-0.005153987324309251
hard,rumodernbert,category,Электроника,407,0.20147420147420148,1,0.4675625948400467,0.3921813678419161,-0.0753812269981306,0.4675625948400467,0.3921813678419161,-0.0753812269981306,0.22604422604422605,0.24078624078624078,25,31,-6,-0.014742014742014743,124,238,0.4693087168413193,0.47272111917435,-0.0034124023330306336,107,190,0.252657394962869,0.27464275093004337,-0.021985355967174384
hard,rumodernbert,category,Ювелирные изделия,399,0.09523809523809523,1,0.18432810659811058,0.17192815871492217,-0.012399947883188406,0.18432810659811058,0.17192815871492217,-0.012399947883188406,0.15789473684210525,0.16290726817042606,12,14,-2,-0.005012531328320802,166,199,0.3766069953758857,0.38399789298809683,-0.007390897612211118,151,172,0.21617923583981247,0.22105138237123614,-0.004872146531423661
hard,rumodernbert,label,0,4333,0.0,0,,,,,,,0.19224555735056542,0.2111700900069236,124,206,-82,-0.01892453265635818,1141,2508,0.415500302940039,0.4276652217781614,-0.012164918838122445,1009,2111,0.21885307302155999,0.2425063998265286,-0.023653326804968622
hard,rumodernbert,label,1,1481,1.0,0,,,,,,,0.5530047265361242,0.5719108710330858,72,100,-28,-0.018906144496961513,707,747,1.5100240280843966,1.3741570019010116,0.1358670261833849,622,697,0.5598440593430268,0.5712742197582313,-0.01143016041520446
hard,rumodernbert,bge_score_bin,.01-.025,780,0.15,18,0.27087114568268067,0.2287407174724764,-0.04213042821020427,0.2006857955394175,0.1685686212196476,-0.0321171743197699,0.15,0.14871794871794872,1,0,1,0.001282051282051282,137,515,0.6246563970056201,0.530952265305116,0.09370413170050425,87,422,0.16153033388157687,0.18209326810752735,-0.020562934225950485
hard,rumodernbert,bge_score_bin,.025-.05,637,0.23861852433281006,18,0.41677597094973207,0.39419162108799766,-0.02258434986173441,0.2729888798441732,0.26272463943479873,-0.010264240409374459,0.23861852433281006,0.2401883830455259,0,1,-1,-0.0015698587127158557,205,357,0.82310021210059,0.7358659893990451,0.08723422270154475,151,302,0.25699160477874605,0.27587248164037564,-0.018880876861629623
hard,rumodernbert,bge_score_bin,.05-.10,551,0.2177858439201452,18,0.3330374826213021,0.34502136097387026,0.011983878352568145,0.2451866708089308,0.27109411366818537,0.02590744285925456,0.2177858439201452,0.2177858439201452,5,5,0,0.0,199,317,0.629775416325226,0.5950921273660779,0.03468328895914822,178,297,0.25685194311849435,0.28693128523404987,-0.030079342115555505
hard,rumodernbert,bge_score_bin,.10-.20,512,0.2421875,17,0.3817118294184419,0.3114588666267939,-0.070252962791648,0.2580134185333881,0.221106572149844,-0.036906846383544106,0.2421875,0.287109375,5,28,-23,-0.044921875,197,300,0.5879000224012859,0.6546036793355408,-0.0667036569342549,182,284,0.3164006162696751,0.3639877748100844,-0.04758715854040929
hard,rumodernbert,bge_score_bin,.20-.40,574,0.3170731707317073,18,0.4129498658861447,0.35867059275132884,-0.05427927313481584,0.3222117816352109,0.30289209073902146,-0.019319690896189456,0.3170731707317073,0.41986062717770034,31,90,-59,-0.10278745644599303,254,310,0.6353470386860562,0.7243260880700405,-0.0889790493839842,243,299,0.4249670888177194,0.4540042715887004,-0.029037182770980982
hard,rumodernbert,bge_score_bin,.40-.60,528,0.3125,18,0.41695588719719745,0.306028621470815,-0.11092726572638245,0.33232812125094685,0.2761400125335711,-0.05618810871737573,0.4791666666666667,0.5284090909090909,102,128,-26,-0.04924242424242424,251,275,0.6957748904756728,0.8110963163793183,-0.11532142590364577,244,270,0.49794655411758204,0.5176044573485287,-0.019657903230946624
hard,rumodernbert,bge_score_bin,.60-.80,488,0.3975409836065574,16,0.4199159645699275,0.4081664691411534,-0.011749495428774126,0.3918393782894626,0.3550431980517055,-0.0367961802377571,0.6024590163934426,0.6024590163934426,40,40,0,0.0,223,259,0.8825711203413603,0.9445072389916737,-0.061936118650313336,215,248,0.5418698661884324,0.5517575486456273,-0.009887682457194954
hard,rumodernbert,bge_score_bin,.80-.90,341,0.4809384164222874,15,0.5689853688695066,0.5100354746587065,-0.0589498942108001,0.50787966655216,0.4542334920402441,-0.05364617451191589,0.5190615835777126,0.5131964809384164,11,9,2,0.005865102639296188,158,177,1.0823287670286288,0.9746266511221408,0.1077021159064881,145,169,0.5122648764215956,0.5164999983265253,-0.0042351219049297124
hard,rumodernbert,bge_score_bin,.90-.95,202,0.5594059405940595,14,0.5565339767192274,0.6368634006085186,0.08032942388929121,0.5042209814164813,0.5539035035870763,0.04968252217059499,0.4405940594059406,0.44554455445544555,1,2,-1,-0.0049504950495049506,89,107,1.209787044823824,1.048042199350884,0.16174484547294013,79,100,0.45059379699206586,0.4692594341122278,-0.018665637120161907
hard,rumodernbert,bge_score_bin,.95-.975,132,0.5227272727272727,9,0.6345768057750101,0.6047379727778451,-0.029838832997164944,0.5814821182515283,0.463442344696961,-0.1180397735545673,0.4772727272727273,0.49242424242424243,0,2,-2,-0.015151515151515152,59,71,1.5734781816394623,1.3089756420383618,0.26450253960110093,55,64,0.4781014345812075,0.49660788205536927,-0.018506447474161785
hard,rumodernbert,bge_score_bin,.975-.99,61,0.45901639344262296,8,0.6002773268398268,0.5625590728715728,-0.03771825396825401,0.37225103348434,0.3717104404095736,-0.0005405930747664489,0.5409836065573771,0.5573770491803278,0,1,-1,-0.01639344262295082,30,27,2.210210452726569,1.833962745042031,0.37624770768453764,24,24,0.5408757827321037,0.5588997614676835,-0.01802397873557982
hard,rumodernbert,bge_score_bin,00-.01,1001,0.04695304695304695,14,0.20064038056980973,0.2117447624839129,0.011104381914103179,0.10063752672027723,0.08724248007501342,-0.013395046645263808,0.04695304695304695,0.04695304695304695,0,0,0,0.0,45,535,0.25234764150625394,0.20408286921996677,0.04826477228628713,27,325,0.050014317014632194,0.05969799330995812,-0.009683676295325922
hard,rumodernbert,bge_uncertainty,confident,554,0.3447653429602888,18,0.3736114836768762,0.35969378258985985,-0.013917701087016343,0.36998023459492024,0.344740037495027,-0.025240197099893225,0.45306859205776173,0.4927797833935018,25,47,-22,-0.039711191335740074,246,294,0.7894167623036032,0.8437609830888045,-0.054344220785201305,234,283,0.47662307504927637,0.4940922559417166,-0.01746918089244017
hard,rumodernbert,bge_uncertainty,extreme,3371,0.19341441708691784,18,0.3448268608042737,0.33893099364409524,-0.005895867160178481,0.39919336827705554,0.380125977886726,-0.019067390390329564,0.18451498071788786,0.18570157223375852,7,11,-4,-0.0011865915158706616,765,1934,0.6537752679034187,0.5683042396022856,0.085471028301133,602,1538,0.1985940654536325,0.21690828260669756,-0.01831421715306503
hard,rumodernbert,bge_uncertainty,mid,508,0.3641732283464567,17,0.4576874511566644,0.4024102489031636,-0.0552772022535008,0.434950496038332,0.35374410524059485,-0.08120639079773717,0.44291338582677164,0.515748031496063,46,83,-37,-0.07283464566929133,231,275,0.7048169697168976,0.8055888239152408,-0.10077185419834313,224,264,0.48093389784257246,0.5041909957465929,-0.023257097904020408
hard,rumodernbert,bge_uncertainty,uncertain,271,0.2878228782287823,16,0.4821417098266814,0.349911882331425,-0.1322298274952564,0.3238997623431802,0.23907398345449418,-0.084825778888686,0.47232472324723246,0.5498154981549815,48,69,-21,-0.07749077490774908,123,147,0.6966474768799387,0.8291809223525496,-0.13253344547261087,119,143,0.49599145974180353,0.5255770204911813,-0.029585560749377713
hard,rumodernbert,bge_uncertainty,very_confident,853,0.3376318874560375,18,0.4476481045331546,0.40273423130112307,-0.044913873232031554,0.45865176673974317,0.4160070748882593,-0.042644691851483896,0.3528722157092614,0.37749120750293086,16,37,-21,-0.0246189917936694,355,477,0.7855555932312084,0.7825378333557407,0.0030177598754676837,327,453,0.39470039670555424,0.4249569051959066,-0.03025650849035239
hard,rumodernbert,bge_uncertainty,very_uncertain,257,0.33852140077821014,15,0.5330591131212047,0.4204106588621709,-0.1126484542590338,0.34431363372931745,0.32543611592125826,-0.018877517808059185,0.48638132295719844,0.5058365758754864,54,59,-5,-0.019455252918287938,128,128,0.6948547701816802,0.7920265567733045,-0.09717178659162422,125,127,0.5000081516889283,0.5091975911553036,-0.009189439466375321
hard,rumodernbert,title_similarity,exact_token_set,937,0.052294557097118465,16,0.3551109847134441,0.321882527205009,-0.033228457508435116,0.18135942889437462,0.16019776046564047,-0.021161668428734154,0.14834578441835647,0.1824973319103522,16,48,-32,-0.03415154749199573,227,615,0.40853782556721935,0.42294414516309053,-0.014406319595871226,199,524,0.20560857292707843,0.237205794261927,-0.031597221334848574
hard,rumodernbert,title_similarity,high,1583,0.1490840176879343,16,0.31576485256396253,0.3026704925108439,-0.013094360053118648,0.3313434216661257,0.2973902507556017,-0.033953170910523967,0.19646241313960833,0.21857233101705623,34,69,-35,-0.022109917877447885,397,908,0.5210094480513701,0.5149259488967713,0.0060834991545986985,341,758,0.22105035522806568,0.2466031328381324,-0.02555277761006671
hard,rumodernbert,title_similarity,low,875,0.40914285714285714,18,0.4613390217683111,0.45513800860444437,-0.006201013163866731,0.48978942913884754,0.4768448442497684,-0.012944584889079125,0.4662857142857143,0.4514285714285714,57,44,13,0.014857142857142857,405,436,1.0593978148775889,0.9746051746430276,0.0847926402345611,378,380,0.46602313866552764,0.46212295438003326,0.0039001842854943657
hard,rumodernbert,title_similarity,medium,1015,0.367487684729064,18,0.37476449032872733,0.36668403436473285,-0.008080455963994482,0.4162279686148138,0.39945226189447863,-0.01677570672033518,0.46108374384236456,0.4748768472906404,54,68,-14,-0.013793103448275862,480,494,1.1050517662629895,1.0222206337584714,0.08283113250451826,426,452,0.4618225835770967,0.4712363814377671,-0.009413797860670366
hard,rumodernbert,title_similarity,near_exact,841,0.05826397146254459,14,0.3671128634798348,0.3216479166059763,-0.04546494687385849,0.3360630988867721,0.3185420786057014,-0.01752102028107072,0.08799048751486326,0.1070154577883472,7,23,-16,-0.019024970273483946,137,460,0.26662078154250146,0.2700418272883857,-0.003421045745884252,104,369,0.11608226094983401,0.14173917846372694,-0.025656917513892933
hard,rumodernbert,title_similarity,very_low,563,0.738898756660746,17,0.7579565043172817,0.7483210470779472,-0.009635457239334455,0.8327670059128565,0.7921428869924219,-0.040624118920434604,0.44760213143872113,0.4937833037300178,28,54,-26,-0.046181172291296625,202,342,0.9881381729277238,0.993489941086566,-0.005351768158842424,183,325,0.4630481740831998,0.5014877443592235,-0.038439570276023655
hard,rumodernbert,title_exact_near,exact,208,0.02403846153846154,3,0.8333333333333334,1.0,0.16666666666666663,0.611317677756034,0.52,-0.09131767775603394,0.028846153846153848,0.04807692307692308,0,4,-4,-0.019230769230769232,22,170,0.132153733143665,0.17917692974777238,-0.04702319660410737,16,132,0.0788392941361123,0.11664074759643811,-0.03780145346032581
hard,rumodernbert,title_exact_near,high_nonexact,1560,0.15,16,0.3150296704601534,0.3022321608417602,-0.01279750961839321,0.3316805078305023,0.29711908520408387,-0.034561422626418425,0.19807692307692307,0.2205128205128205,34,69,-35,-0.022435897435897436,390,898,0.525107151966673,0.5196479135449603,0.00545923842171261,334,748,0.2221912125058598,0.2480966414490607,-0.02590542894320093
hard,rumodernbert,title_exact_near,near_exact,1593,0.05963590709353421,18,0.2737522740703292,0.24554514657080487,-0.028207127499524337,0.22027967669797344,0.20962367972752455,-0.010655996970448889,0.13119899560577528,0.15881983678593847,23,67,-44,-0.027620841180163214,349,915,0.3673137743484966,0.3707545959530839,-0.0034408216045873144,294,771,0.17400267540995495,0.20122109317865014,-0.0272184177686952
hard,rumodernbert,title_exact_near,not_near,2453,0.4675907052588667,18,0.4829826283037806,0.4693299394200047,-0.013652688883775854,0.5367282693073029,0.5085603750648733,-0.028167894242429603,0.4598450876477782,0.47085201793721976,139,166,-27,-0.0110069302894415,1087,1272,1.0619333151786112,0.9986417887930022,0.06329152638560893,987,1157,0.4636022383497478,0.4749287045724034,-0.011326466222655592
hard,rumodernbert,brand_state,conflict,585,0.26495726495726496,18,0.45757066709737665,0.4665936125988335,0.009022945501456825,0.4533733345141402,0.42710524649610493,-0.026268088018035263,0.28205128205128205,0.3162393162393162,12,32,-20,-0.03418803418803419,191,345,0.7069564893294098,0.6750141747997223,0.03194231452968761,174,305,0.31022951586508296,0.3313162662076931,-0.02108675034261014
hard,rumodernbert,brand_state,match,573,0.2198952879581152,18,0.43848484315292113,0.4207200915432687,-0.017764751609652407,0.39738467336180416,0.35256609060661837,-0.0448185827551858,0.2547993019197208,0.2774869109947644,21,34,-13,-0.02268760907504363,184,336,0.6640050641645701,0.6568915162717206,0.00711354789284961,159,293,0.2898571113274631,0.31610765058163676,-0.026250539254173668
hard,rumodernbert,brand_state,one_missing,4656,0.25773195876288657,18,0.37697172832260023,0.35091007727514184,-0.02606165104745839,0.42818543910347673,0.3965814549438892,-0.03160398415958754,0.28801546391752575,0.30455326460481097,163,240,-77,-0.016537800687285224,1473,2574,0.6964484429141273,0.6694411071088141,0.02700733580531323,1298,2210,0.3070977288912655,0.32686590429456847,-0.01976817540330292
hard,rumodernbert,model_attribute_state,both_missing,3200,0.28375,15,0.39450551440003706,0.38477746513369226,-0.009728049266344796,0.4608464620762485,0.42941478002531097,-0.03143168205093755,0.3078125,0.324375,111,164,-53,-0.0165625,1004,1777,0.7451893183597693,0.7024706843215773,0.04271863403819196,886,1554,0.32065395731718127,0.3414022165031929,-0.020748259186011638
hard,rumodernbert,model_attribute_state,conflict,485,0.2,11,0.5031311688584212,0.4357970426495838,-0.06733412620883744,0.2546781519627949,0.20215437634530264,-0.052523775617492274,0.2824742268041237,0.31958762886597936,10,28,-18,-0.03711340206185567,178,266,0.7193360787678132,0.7585535686002943,-0.03921748983248115,154,235,0.32054966948065333,0.3453683669388429,-0.024818697458189508
hard,rumodernbert,model_attribute_state,match,41,0.17073170731707318,3,0.3796772875816994,0.4386904761904762,0.0590131886087768,0.23453510774939348,0.2666489323001928,0.032113824550799336,0.4634146341463415,0.2926829268292683,8,1,7,0.17073170731707318,25,16,1.0699056332862948,0.8660383876761595,0.20386724561013536,24,14,0.45974616263425205,0.4077343077557843,0.05201185487846776
hard,rumodernbert,model_attribute_state,one_missing,2088,0.2246168582375479,18,0.3826454657068009,0.35579985012601467,-0.026845615580786242,0.4153877057653324,0.3807989623902965,-0.034588743375035924,0.24473180076628354,0.26676245210727967,67,113,-46,-0.022030651340996167,641,1196,0.6031410202652255,0.5923791577036681,0.010761862561557464,567,1005,0.2763460591515043,0.29699688338924607,-0.020650824237741797
hard,rumodernbert,title_code_state,both_missing,2058,0.2653061224489796,15,0.41303476423471314,0.40820102237700134,-0.004833741857711793,0.4816338905899626,0.4420181205459915,-0.0396157700439711,0.28036929057337223,0.293488824101069,72,99,-27,-0.013119533527696793,606,1157,0.6672858520025641,0.633365724464918,0.033920127537646,546,1018,0.2982775500437496,0.3210328939247551,-0.0227553438810055
hard,rumodernbert,title_code_state,conflict,1113,0.25696316262353996,18,0.46470974616113914,0.4509251316185693,-0.01378461454256985,0.3499208223932161,0.3333613053628673,-0.016559517030348803,0.29290206648697215,0.3063791554357592,25,40,-15,-0.013477088948787063,389,558,0.801760333895512,0.7574600208562293,0.04430031303928283,327,448,0.3142548398751364,0.32375261419955204,-0.009497774324415634
hard,rumodernbert,title_code_state,match,775,0.12903225806451613,16,0.3016229241758856,0.3034901404656809,0.0018672162897953037,0.2268504580561154,0.2145861441174171,-0.012264313938698285,0.27483870967741936,0.2954838709677419,32,48,-16,-0.02064516129032258,235,446,0.660929436751991,0.6534572596881525,0.007472177063838644,206,384,0.29077213724795353,0.3145633671019647,-0.023791229854011157
hard,rumodernbert,title_code_state,one_missing,1868,0.29389721627408993,18,0.467678236340771,0.43878481252682733,-0.028893423813943664,0.4974648060614766,0.4601694568136644,-0.03729534924781219,0.28693790149892934,0.3147751605995717,67,119,-52,-0.027837259100642397,618,1094,0.6739050051940072,0.6612692105781954,0.012635794615811708,552,958,0.3150161542565389,0.33834495990632707,-0.02332880564978816
hard,rumodernbert,model_sku_code_state,conflict,1113,0.25696316262353996,18,0.46470974616113914,0.4509251316185693,-0.01378461454256985,0.3499208223932161,0.3333613053628673,-0.016559517030348803,0.29290206648697215,0.3063791554357592,25,40,-15,-0.013477088948787063,389,558,0.801760333895512,0.7574600208562293,0.04430031303928283,327,448,0.3142548398751364,0.32375261419955204,-0.009497774324415634
hard,rumodernbert,model_sku_code_state,match,775,0.12903225806451613,16,0.3016229241758856,0.3034901404656809,0.0018672162897953037,0.2268504580561154,0.2145861441174171,-0.012264313938698285,0.27483870967741936,0.2954838709677419,32,48,-16,-0.02064516129032258,235,446,0.660929436751991,0.6534572596881525,0.007472177063838644,206,384,0.29077213724795353,0.3145633671019647,-0.023791229854011157
hard,rumodernbert,model_sku_code_state,no_evidence,2058,0.2653061224489796,15,0.41303476423471314,0.40820102237700134,-0.004833741857711793,0.4816338905899626,0.4420181205459915,-0.0396157700439711,0.28036929057337223,0.293488824101069,72,99,-27,-0.013119533527696793,606,1157,0.6672858520025641,0.633365724464918,0.033920127537646,546,1018,0.2982775500437496,0.3210328939247551,-0.0227553438810055
hard,rumodernbert,model_sku_code_state,one_missing,1868,0.29389721627408993,18,0.467678236340771,0.43878481252682733,-0.028893423813943664,0.4974648060614766,0.4601694568136644,-0.03729534924781219,0.28693790149892934,0.3147751605995717,67,119,-52,-0.027837259100642397,618,1094,0.6739050051940072,0.6612692105781954,0.012635794615811708,552,958,0.3150161542565389,0.33834495990632707,-0.02332880564978816
hard,rumodernbert,numeric_size_state,both_missing,3985,0.3043914680050188,17,0.423019271015818,0.38074916490144417,-0.04227010611437382,0.45447729065394016,0.4210413184007714,-0.033435972253168744,0.32471769134253453,0.34880803011292344,137,233,-96,-0.02409033877038896,1324,2330,0.7913201597723291,0.7601931541525249,0.03112700561980424,1175,2065,0.3429021565675923,0.3668687682120314,-0.023966611644439077
hard,rumodernbert,numeric_size_state,conflict,559,0.1073345259391771,8,0.47082974775505515,0.4537485038788291,-0.01708124387622606,0.14798417860113705,0.13681465135933182,-0.011169527241805227,0.18246869409660108,0.18783542039355994,19,22,-3,-0.005366726296958855,196,314,0.4602408320562469,0.4631511491381325,-0.0029103170818854055,173,255,0.2340716871571763,0.24680205381871909,-0.0127303666615428
hard,rumodernbert,numeric_size_state,match,164,0.1951219512195122,9,0.5736650182417568,0.6305939068193971,0.056928888577640335,0.25551741985282844,0.2567860387753517,0.0012686189225232791,0.23780487804878048,0.25,4,6,-2,-0.012195121951219513,72,78,0.6379901905300331,0.5844459818253049,0.05354420870472819,69,67,0.2984660919493053,0.30039813362130124,-0.0019320416719959368
hard,rumodernbert,numeric_size_state,one_missing,1106,0.15913200723327306,17,0.4403186912388115,0.4242967626081673,-0.016021928630644222,0.39158692089404673,0.35788888295372034,-0.033698037940326386,0.1962025316455696,0.20433996383363473,36,45,-9,-0.0081374321880651,256,533,0.47142183107873536,0.45576814927196585,0.01565368180676952,214,421,0.20900525421974606,0.2239038576734055,-0.014898603453659455
hard,rumodernbert,numeric_ram_storage_state,both_missing,5660,0.25848056537102476,18,0.38236837937707,0.3536255961830279,-0.02874278319404211,0.4327307049341764,0.398022924338873,-0.03470778059530344,0.2846289752650177,0.30547703180212016,185,303,-118,-0.020848056537102474,1799,3192,0.6964962060534768,0.6734983034977746,0.022997902555702294,1586,2761,0.30663651273167014,0.32824250668560423,-0.021605993953934085
hard,rumodernbert,numeric_ram_storage_state,match,46,0.17391304347826086,3,0.24709836459836457,0.2843885949441505,0.03729023034578591,0.15626482477170334,0.17007183105027646,0.01380700627857312,0.5,0.3695652173913043,7,1,6,0.13043478260869565,23,21,1.0268987296932723,0.7903518737696286,0.23654685592364386,23,19,0.4608375999833579,0.4161405495327452,0.04469705045061267
hard,rumodernbert,numeric_ram_storage_state,one_missing,93,0.08602150537634409,4,0.5912698412698413,0.564484126984127,-0.0267857142857143,0.29704321946169776,0.28477044733850543,-0.012272772123192333,0.12903225806451613,0.12903225806451613,2,2,0,0.0,20,34,0.3608387478484564,0.2991686221684537,0.061670125680002734,16,21,0.1599171097203839,0.15587541040393613,0.004041699316447741
hard,rumodernbert,numeric_volume_state,both_missing,5063,0.23444598064388703,18,0.3712364311702835,0.34477201562091914,-0.02646441554936435,0.4124479856579564,0.3803934420114502,-0.03205454364650617,0.26624530910527355,0.2838238198696425,167,256,-89,-0.017578510764368952,1570,2819,0.6575288979541271,0.6329302566670002,0.02459864128712677,1389,2398,0.29062061405082246,0.3103461652042599,-0.01972555115343745
hard,rumodernbert,numeric_volume_state,conflict,89,0.38202247191011235,9,0.542143201751045,0.6393869595985178,0.09724375784747274,0.4711338567030812,0.43586723422541035,-0.03526662247767087,0.4157303370786517,0.39325842696629215,6,4,2,0.02247191011235955,28,58,1.0299091587725033,0.9850494086272481,0.04485975014525519,23,52,0.4038174501097018,0.421708981841384,-0.017891531731682214
hard,rumodernbert,numeric_volume_state,match,452,0.4004424778761062,12,0.5504443759733334,0.5553473506544174,0.004902974681084027,0.5223768217981684,0.4912557605418782,-0.03112106125629016,0.39823008849557523,0.4247787610619469,13,25,-12,-0.02654867256637168,169,261,0.9468809210790529,0.906606747076579,0.04027417400247382,149,244,0.40447701313285633,0.4278115754127008,-0.023334562279844442
hard,rumodernbert,numeric_volume_state,one_missing,210,0.3761904761904762,14,0.6199639087253994,0.5029357325092095,-0.11702817621618988,0.4413904971591145,0.38979452851269003,-0.05159596864642446,0.4142857142857143,0.4666666666666667,10,21,-11,-0.05238095238095238,81,117,0.8951785544378591,0.8867542344224316,0.008424320015427447,70,114,0.4154470731157787,0.4507227810033198,-0.03527570788754106
hard,rumodernbert,numeric_weight_state,both_missing,2570,0.24669260700389106,17,0.42485805680313554,0.3861187157029158,-0.03873934110021976,0.45301602558810394,0.41775081979914397,-0.035265205788959975,0.26264591439688717,0.2809338521400778,79,126,-47,-0.018287937743190662,767,1403,0.6373197889318253,0.6178882580475583,0.019431530884267037,684,1210,0.2866652050972334,0.3080503376525127,-0.021385132555279324
hard,rumodernbert,numeric_weight_state,conflict,915,0.18579234972677597,16,0.4606270570425083,0.42805757210850015,-0.03256948493400813,0.3112555585968939,0.2936522874133446,-0.01760327118354932,0.2371584699453552,0.2568306010928962,25,43,-18,-0.019672131147540985,294,507,0.6111473024478463,0.5913017777236691,0.019845524724177097,256,417,0.266416258966236,0.28181827457970304,-0.015402015613467062
hard,rumodernbert,numeric_weight_state,match,706,0.29036827195467424,14,0.5105041973483004,0.49797229505093377,-0.01253190229736667,0.447608468287908,0.4351545600961725,-0.01245390819173553,0.32011331444759206,0.34277620396600567,29,45,-16,-0.0226628895184136,241,417,0.7906375929369971,0.7392835898125759,0.05135400312442108,212,379,0.3402133206335601,0.3631119794003196,-0.022898658766759502
hard,rumodernbert,numeric_weight_state,one_missing,1623,0.29081947011706716,18,0.41489585561017644,0.3934886204855922,-0.021407235124584256,0.42598958870856424,0.3849014897372864,-0.04108809897127785,0.3290203327171904,0.34688847812692547,63,92,-29,-0.017868145409735057,546,928,0.789529647765921,0.7623239442841104,0.027205703481810763,479,802,0.3430242506889421,0.36409562750848884,-0.02107137681954677
hard,rumodernbert,numeric_dimensions_state,both_missing,1866,0.25562700964630225,17,0.4146140721463243,0.4006929370247453,-0.013921135121578998,0.4242194667938164,0.3940616802257048,-0.030157786568111578,0.2845659163987138,0.2947481243301179,71,90,-19,-0.010182207931404072,630,1093,0.6771651463533208,0.6564405476517109,0.02072459870160992,563,969,0.3111084128662168,0.3284372480922815,-0.01732883522606467
hard,rumodernbert,numeric_dimensions_state,conflict,952,0.23844537815126052,18,0.43307167993168666,0.40543108188036947,-0.02764059805131719,0.5105235114875593,0.47772387418158363,-0.032799637305975626,0.23109243697478993,0.24684873949579833,18,33,-15,-0.015756302521008403,252,434,0.6270041511702089,0.5902427712743759,0.036761379895832946,207,356,0.24751800707603436,0.26357234100816807,-0.016054333932133732
hard,rumodernbert,numeric_dimensions_state,match,1170,0.22905982905982905,16,0.410217566306535,0.37093550967242783,-0.039282056634107165,0.37893618921476235,0.3622338314561995,-0.01670235775856288,0.29914529914529914,0.32735042735042735,37,70,-33,-0.028205128205128206,349,669,0.72046538837396,0.676977965399557,0.04348742297440301,311,561,0.31182991626296086,0.33201333571884095,-0.020183419455880095
hard,rumodernbert,numeric_dimensions_state,one_missing,1826,0.2787513691128149,18,0.40671384835589974,0.3644468018650919,-0.04226704649080787,0.4402861166823974,0.39547614405052434,-0.044809972631873085,0.3017524644030668,0.3253012048192771,70,113,-43,-0.023548740416210297,617,1059,0.730156505380784,0.7170353373994478,0.013121167981336185,550,922,0.3266226583335338,0.3530103907663044,-0.02638773243277061
hard,rumodernbert,numeric_pack_count_state,both_missing,1750,0.22857142857142856,17,0.4119756507132051,0.3887301015572553,-0.023245549155949785,0.4265567065125097,0.3799344363662239,-0.04662227014628578,0.25485714285714284,0.28,57,101,-44,-0.025142857142857144,541,1012,0.6206403395842686,0.6115246132271016,0.009115726357167016,479,886,0.28633849088323354,0.3089816337854136,-0.022643142902180054
hard,rumodernbert,numeric_pack_count_state,conflict,407,0.24324324324324326,17,0.5326028532087036,0.5176234661668279,-0.014979387041875736,0.37044915311812915,0.34614305343947205,-0.0243060996786571,0.3071253071253071,0.32923832923832924,14,23,-9,-0.022113022113022112,127,234,0.7678345903589823,0.7270144926422762,0.04082009771670587,107,199,0.31126825598945795,0.33513113721823024,-0.023862881228772247
hard,rumodernbert,numeric_pack_count_state,match,1450,0.28551724137931034,17,0.46252587490792374,0.426077383648588,-0.03644849125933575,0.5047656107312685,0.4920507830598184,-0.012714827671450046,0.2889655172413793,0.29379310344827586,55,62,-7,-0.004827586206896552,481,817,0.7248284561229499,0.667019753533648,0.05780870258930187,423,688,0.3118453023178154,0.32555221811779933,-0.013706915799983985
hard,rumodernbert,numeric_pack_count_state,one_missing,2207,0.2573629361123697,18,0.3576897686748602,0.3280281537658404,-0.029661614909019807,0.3936669273090957,0.3597929439428683,-0.03387398336622738,0.29995468962392385,0.32260987766198457,70,120,-50,-0.022655188038060717,699,1192,0.71911094893762,0.7045574587691654,0.014553490168454551,622,1035,0.3160241004509478,0.3387722708052499,-0.02274817035430207
hard,rumodernbert,numeric_power_state,both_missing,5361,0.2650624883417273,18,0.38287525868289574,0.3631477282859699,-0.01972753039692582,0.4346163339394017,0.40132992753086577,-0.03328640640853592,0.29043088975937326,0.3088975937325126,183,282,-99,-0.01846670397313934,1743,3101,0.7102280562305332,0.6837907547221354,0.02643730150839784,1535,2681,0.31270755109661497,0.33396977300403374,-0.021262221907418763
hard,rumodernbert,numeric_power_state,conflict,194,0.05154639175257732,4,0.1465210606387077,0.17167133520074698,0.025150274562039276,0.18329658155159725,0.18717563157292597,0.0038790500213287116,0.09278350515463918,0.10824742268041238,0,3,-3,-0.015463917525773196,22,28,0.23409890919964743,0.22649770266131375,0.0076012065383337536,19,22,0.0937800376090796,0.10146482886846139,-0.00768479125938179
hard,rumodernbert,numeric_power_state,match,151,0.17880794701986755,4,0.42400860351808495,0.40809569385148503,-0.015912909666599917,0.3674011055678189,0.32959596235569233,-0.03780514321212658,0.23841059602649006,0.2781456953642384,7,13,-6,-0.039735099337748346,40,70,0.5590210999904257,0.5464290071711014,0.012592092819324226,39,58,0.2596052172622684,0.2820907703863722,-0.022485553124103854
hard,rumodernbert,numeric_power_state,one_missing,108,0.21296296296296297,4,0.4868557990867723,0.5054857560895805,0.018629957002808173,0.26565657091440753,0.2460362235797984,-0.01962034733460913,0.37962962962962965,0.39814814814814814,6,8,-2,-0.018518518518518517,43,56,0.9198927249722757,0.8883921788488225,0.03150054612345319,38,47,0.40370852553449504,0.40875475654482013,-0.005046231010325115
hard,rumodernbert,numeric_optical_state,both_missing,5516,0.26649746192893403,18,0.3777454201237397,0.3525473347866146,-0.025198085337125087,0.42778501206391256,0.3951345361602902,-0.032650475903622356,0.2965917331399565,0.31707759245830314,192,305,-113,-0.02048585931834663,1827,3191,0.7241996757849798,0.6973922491938777,0.02680742659110204,1616,2767,0.3194134256895805,0.3409890224670249,-0.021575596777444413
hard,rumodernbert,numeric_optical_state,conflict,87,0.0,0,,,,,,,0.0,0.0,0,0,0,0.0,1,16,0.0016745366070455901,0.005019279495902906,-0.0033447428888573163,0,8,0.001655454459518526,0.004972944936672247,-0.003317490477153721
hard,rumodernbert,numeric_optical_state,match,167,0.011976047904191617,1,0.13765822784810128,0.09210526315789473,-0.045552964690206546,0.1125,0.08004926108374384,-0.03245073891625616,0.023952095808383235,0.023952095808383235,0,0,0,0.0,8,28,0.08969420444997495,0.08602366001324409,0.003670544436730849,7,17,0.02720317962344333,0.033017569961176885,-0.005814390337733555
hard,rumodernbert,numeric_optical_state,one_missing,44,0.20454545454545456,4,0.64375,0.6083333333333334,-0.03541666666666665,0.4550396708442685,0.4005480358421535,-0.05449163500211501,0.2727272727272727,0.20454545454545456,4,1,3,0.06818181818181818,12,20,0.611326585778935,0.6041284247360679,0.00719816104286709,8,16,0.2465455829687099,0.2271663997539277,0.019379183214782228
hard,rumodernbert,numeric_conflict_count,multiple,1554,0.1866151866151866,18,0.3830263313056196,0.3776369639032813,-0.005389367402338308,0.3327275455863674,0.32454444182931963,-0.008183103757047783,0.2425997425997426,0.25997425997426,38,65,-27,-0.017374517374517374,444,755,0.6220638231591828,0.5840732566509946,0.03799056650818821,385,618,0.26067185473819726,0.27502194333120644,-0.014350088593009189
hard,rumodernbert,numeric_conflict_count,none,2141,0.29939280709948624,18,0.4166742449279903,0.38207606252645937,-0.03459818240153095,0.4361074728853723,0.396059518879331,-0.04004795400604133,0.3344231667445119,0.35544138253152735,87,132,-45,-0.021018215787015414,730,1256,0.7779573989853279,0.7621403245885433,0.015817074396784606,656,1124,0.35111070461509636,0.3758549689014461,-0.02474426428634972
hard,rumodernbert,numeric_conflict_count,one,2119,0.25955639452571966,18,0.4117439051872506,0.3919630568916315,-0.019780848295619102,0.47081707655314736,0.44093714416759144,-0.02987993238555592,0.26380368098159507,0.2817366682397357,71,109,-38,-0.01793298725814063,674,1244,0.6627722632445602,0.6365302737142308,0.026241989530329468,590,1066,0.29287745938903365,0.31370824046984336,-0.020830781080809727
hard,rumodernbert,numeric_match_count,multiple,1035,0.28695652173913044,18,0.46131777835595084,0.4351022407477038,-0.02621553760824702,0.49909944159531616,0.4870088786780912,-0.01209056291722499,0.30628019323671496,0.3217391304347826,37,53,-16,-0.015458937198067632,330,572,0.7591905848292867,0.7026264009996159,0.056564183829670725,301,499,0.323195811356505,0.34078332761320584,-0.017587516256700863
hard,rumodernbert,numeric_match_count,none,2694,0.25278396436525613,18,0.39875171511359286,0.3576394189358233,-0.04111229617776957,0.42739612527556575,0.3743662918832656,-0.05302983339230016,0.2728285077951002,0.29398663697104677,88,145,-57,-0.021158129175946547,847,1554,0.6677511320546423,0.6652175762522119,0.002533555802430275,743,1349,0.29901476498886304,0.3239198050325546,-0.024905040043691568
hard,rumodernbert,numeric_match_count,one,2085,0.24124700239808153,18,0.3667406005338411,0.3613717770346395,-0.0053688234992015915,0.39237941207739174,0.3755764452738072,-0.016802966803584563,0.28776978417266186,0.30551558752997604,71,108,-37,-0.017745803357314148,671,1129,0.6964146729873681,0.6565397843271513,0.03987488866021684,587,960,0.30569111542228417,0.32205594775679564,-0.01636483233451145
hard,rumodernbert,numeric_primary_conflict,dimensions,962,0.26195426195426197,14,0.45241658012594727,0.4355272426937444,-0.01688933743220289,0.4839960000008742,0.4603102369865055,-0.0236857630143687,0.2661122661122661,0.2920997920997921,29,54,-25,-0.02598752598752599,286,526,0.6595591536642277,0.6193607031306879,0.040198450533539695,247,439,0.28677466575719257,0.3043325578482515,-0.017557892091058885
hard,rumodernbert,numeric_primary_conflict,model_number,521,0.22456813819577734,15,0.45951934354228,0.46267156452553176,0.003152220983251741,0.28807735875837576,0.27609283393437123,-0.011984524824004528,0.29942418426103645,0.31094049904030713,13,19,-6,-0.011516314779270634,167,290,0.8063602476990632,0.7630675694817499,0.043292678217313314,139,238,0.3149698083811831,0.3257298664669837,-0.01076005808580059
hard,rumodernbert,numeric_primary_conflict,none,1618,0.3238566131025958,18,0.429554444655833,0.39666068805062576,-0.032893756605207214,0.47014615104159485,0.42262111215205617,-0.047525038889538684,0.34610630407911,0.37021013597033375,74,113,-39,-0.024103831891223733,562,965,0.769454779889675,0.7622414483595162,0.007213331530158801,516,885,0.3629058557368175,0.3920318272490888,-0.02912597151227131
hard,rumodernbert,numeric_primary_conflict,pack_count,609,0.2742200328407225,17,0.5244669179900235,0.4755681360790578,-0.04889878191096575,0.4857428000177416,0.4503791131624467,-0.035363686855294896,0.2889983579638752,0.30377668308702793,12,21,-9,-0.014778325123152709,186,354,0.7144767202392311,0.6845751619720256,0.029901558267205454,159,307,0.30443572783531575,0.3304844159649743,-0.026048688129658583
hard,rumodernbert,numeric_primary_conflict,power,186,0.053763440860215055,3,0.33928571428571425,0.31056173764507095,-0.0287239766406433,0.21788986121938067,0.1899768839947218,-0.02791297722465888,0.08602150537634409,0.0913978494623656,1,2,-1,-0.005376344086021506,19,23,0.25914935576773207,0.23372530516525866,0.025424050602473432,17,18,0.08900926998678423,0.08976249452974518,-0.0007532245429609501
hard,rumodernbert,numeric_primary_conflict,ram_storage,45,0.13333333333333333,3,0.21613756613756616,0.22785254198297678,0.011714975845410619,0.11840012697446883,0.13313505813505813,0.014734931160589299,0.4,0.26666666666666666,6,0,6,0.13333333333333333,21,22,0.9388371640323877,0.7072264754500558,0.23161068858233197,21,19,0.400758439488709,0.3569738390752011,0.04378460041350789
hard,rumodernbert,numeric_primary_conflict,size,636,0.12264150943396226,9,0.4494871215171828,0.41256480826644654,-0.03692231325073625,0.15338983255642472,0.14788087093747376,-0.005508961618950953,0.1949685534591195,0.19811320754716982,21,23,-2,-0.0031446540880503146,228,351,0.5002427477720417,0.49196711877410965,0.008275628997932142,205,284,0.2452078330129295,0.2559628514335022,-0.010755018420572724
hard,rumodernbert,numeric_primary_conflict,volume,174,0.41954022988505746,9,0.5491333615702441,0.5600820377222824,0.010948676152038317,0.5757146327935811,0.5237007987843252,-0.052013834009255966,0.39655172413793105,0.41379310344827586,7,10,-3,-0.017241379310344827,59,108,0.979052104310573,0.9582987150338069,0.020753389276766218,48,100,0.3965760758949508,0.4269033077322803,-0.030327231837329507
hard,rumodernbert,numeric_primary_conflict,weight,1047,0.24259789875835722,16,0.41355768548719124,0.41966470072898604,0.0061070152417948,0.42357406451495394,0.40160192196039746,-0.021972142554556484,0.26456542502387775,0.2941738299904489,33,64,-31,-0.029608404966571154,319,610,0.6900301936243618,0.6576518875631553,0.03237830606120659,278,514,0.29111641999055565,0.31331558887005734,-0.022199168879501636
hard,rumodernbert,attribute_key_overlap,high,495,0.21818181818181817,18,0.49204915560958423,0.5513059687228107,0.05925681311322645,0.4027166485415985,0.41742739561263964,0.014710747071041141,0.2404040404040404,0.24848484848484848,16,20,-4,-0.00808080808080808,151,289,0.6241708619036208,0.5710134200997592,0.05315744180386159,134,261,0.27317035318610394,0.28892823609598733,-0.015757882909883388
hard,rumodernbert,attribute_key_overlap,low,1359,0.2737306843267108,18,0.42986752963905694,0.46491428853562666,0.03504675889656972,0.47353473002329083,0.45142643957220874,-0.02210829045108209,0.2847682119205298,0.3038999264164827,40,66,-26,-0.01913171449595291,440,752,0.7132886067757032,0.6798320573427459,0.033456549432957255,379,633,0.30794454392911164,0.32666783934822985,-0.018723295419118213
hard,rumodernbert,attribute_key_overlap,medium,1889,0.2038115404976178,18,0.4118515009218894,0.3740831298344731,-0.037768371087416264,0.400927016910673,0.37066380874286686,-0.030263208167806144,0.223928004235045,0.2382212811011117,50,77,-27,-0.014293276866066702,553,991,0.5635627637877416,0.5523838844193341,0.011178879368407576,486,843,0.25166134473921115,0.26915475206363104,-0.017493407324419872
hard,rumodernbert,attribute_key_overlap,none,1456,0.33104395604395603,17,0.40060828717214236,0.3526333025733144,-0.047974984598827985,0.447167360008201,0.39249408054751117,-0.05467327946068984,0.37637362637362637,0.4024725274725275,67,105,-38,-0.0260989010989011,512,873,0.8703294268943773,0.853030683638136,0.01729874325624149,466,788,0.38803905390659066,0.41751127754776884,-0.02947222364117816
hard,rumodernbert,attribute_key_overlap,tiny,591,0.2131979695431472,16,0.4323037411970224,0.39537396849757267,-0.03692977269944975,0.3524372703078053,0.3358363985074878,-0.016600871800317496,0.2808798646362098,0.30287648054145516,22,35,-13,-0.021996615905245348,186,334,0.6887408576475025,0.638714287290413,0.05002657035708935,161,271,0.2957672235244866,0.3114265023741332,-0.01565927884964664
hard,rumodernbert,attribute_key_overlap,very_high,24,0.3333333333333333,2,0.8524305555555556,0.8524305555555556,0.0,0.6574675324675325,0.5527032726045884,-0.10476425986294413,0.375,0.4583333333333333,1,3,-2,-0.08333333333333333,6,16,0.8153771566156692,0.7796058361715552,0.035771320444113915,5,12,0.3554952274716925,0.3955612378194928,-0.04006601034780033
hard,rumodernbert,attribute_agreement,mixed,1668,0.17086330935251798,18,0.4097509204444878,0.3902473103393423,-0.019503610105145508,0.37546469041508274,0.34729175256800543,-0.028172937847077306,0.19424460431654678,0.21522781774580335,44,79,-35,-0.020983213429256596,465,860,0.5058299056537718,0.4886640741196148,0.017165831534157048,412,725,0.23037648969742547,0.24843911598899265,-0.018062626291567175
hard,rumodernbert,attribute_agreement,mostly_conflict,1981,0.2912670368500757,18,0.45384344229839013,0.4433044242144162,-0.01053901808397395,0.4650067475970093,0.4467210838935659,-0.018285663703443367,0.30186774356385665,0.314992428066633,68,94,-26,-0.013124684502776375,639,1130,0.7395080014281347,0.6984151208935072,0.041092880534627466,555,964,0.31702540316964156,0.3346247742759571,-0.017599371106315556
hard,rumodernbert,attribute_agreement,mostly_exact,709,0.19322990126939352,18,0.3748409965849156,0.3457381259498172,-0.02910287063509842,0.35801944357770177,0.34600814651831074,-0.012011297059391024,0.2566995768688293,0.27221438645980256,17,28,-11,-0.015514809590973202,232,392,0.649956444590043,0.6312203389019613,0.018736105688081643,198,331,0.28228384528502204,0.2985229992812791,-0.016239153996257083
hard,rumodernbert,attribute_agreement,no_common_keys,1456,0.33104395604395603,17,0.40060828717214236,0.3526333025733144,-0.047974984598827985,0.447167360008201,0.39249408054751117,-0.05467327946068984,0.37637362637362637,0.4024725274725275,67,105,-38,-0.0260989010989011,512,873,0.8703294268943773,0.853030683638136,0.01729874325624149,466,788,0.38803905390659066,0.41751127754776884,-0.02947222364117816
hard,rumodernbert,attribute_count,1-4,313,0.2971246006389776,12,0.5704722035396544,0.5515760711225587,-0.018896132417095757,0.42101039860639317,0.41884410013300877,-0.002166298473384398,0.35782747603833864,0.3865814696485623,11,20,-9,-0.02875399361022364,95,199,0.8050146876832629,0.760406880078762,0.04460780760450094,88,178,0.36515782006157815,0.38731712332001317,-0.022159303258435008
hard,rumodernbert,attribute_count,10-19,2736,0.27485380116959063,18,0.3854660367471636,0.3588815667299457,-0.02658447001721792,0.44608419701967483,0.40857155798409805,-0.03751263903557678,0.28983918128654973,0.3077485380116959,88,137,-49,-0.017909356725146198,872,1609,0.7130313947389454,0.6903702317059953,0.022661163032949936,758,1382,0.31218768540811814,0.3338201830732016,-0.021632497665083513
hard,rumodernbert,attribute_count,20-39,1361,0.1520940484937546,16,0.4456078758996707,0.4141380723264919,-0.0314698035731788,0.3428411413016881,0.3002076756194984,-0.042633465682189675,0.19691403379867745,0.21748714180749448,38,66,-28,-0.020573108008817047,372,657,0.5002176090720706,0.4871181703640503,0.013099438708020243,330,538,0.22502530995547315,0.24140424482989886,-0.016378934874425703
hard,rumodernbert,attribute_count,40+,60,0.15,4,0.4079042597187758,0.4013568725325018,-0.006547387186274012,0.15443821025717577,0.1385450487055389,-0.015893161551636864,0.43333333333333335,0.36666666666666664,7,3,4,0.06666666666666667,24,33,0.8657885212005777,0.7723462342135468,0.09344228698703107,22,32,0.4122121869489395,0.41128116140607746,0.0009310255428620924
hard,rumodernbert,attribute_count,5-9,1344,0.3125,17,0.45842431772269787,0.4386948689493253,-0.01972944877337257,0.4539778852291002,0.42839788634405873,-0.025579998885041477,0.33705357142857145,0.35788690476190477,52,80,-28,-0.020833333333333332,485,757,0.8193016575613405,0.7827611714654988,0.03654048609584169,433,678,0.35564533799644477,0.37875522509299725,-0.023109887096552484
hard,rumodernbert,missingness,extreme,2881,0.209996528982992,18,0.3687521646162546,0.34132876481371427,-0.027423399802540327,0.37717873529873636,0.34057523623057295,-0.0366034990681634,0.2547726483859771,0.2755987504338771,91,151,-60,-0.020826102047900034,864,1545,0.6346336479533949,0.6106491726463578,0.023984475307037175,757,1290,0.27785962995562785,0.2960677309496266,-0.018208100993998697
hard,rumodernbert,missingness,high,653,0.27565084226646247,15,0.49868918611606045,0.47142739739493583,-0.027261788721124613,0.4302682562605987,0.40398490720955005,-0.026283349051048677,0.31852986217457885,0.3430321592649311,16,32,-16,-0.02450229709035222,212,390,0.7605333200364485,0.7214748827578905,0.039058437278557984,192,351,0.3349427505138517,0.35523950050557873,-0.020296749991727037
hard,rumodernbert,missingness,medium,123,0.3089430894308943,9,0.6186837258611445,0.6400240400012938,0.021340314140149252,0.4291273236340051,0.44045111030944284,0.011323786675437764,0.34146341463414637,0.34959349593495936,6,7,-1,-0.008130081300813009,42,71,0.879027419472942,0.7963859704521186,0.08264144902082361,36,64,0.35945232747296796,0.38019256667817025,-0.020740239205202314
hard,rumodernbert,missingness,very_high,2148,0.3049348230912477,18,0.40717938473842574,0.3924462648880811,-0.014733119850344645,0.4764310236638345,0.4432048919256436,-0.03322613173819089,0.3091247672253259,0.3235567970204842,83,114,-31,-0.014432029795158287,728,1242,0.7435624866506415,0.7228790845656671,0.020683402084974534,645,1098,0.33069957260118876,0.35430681134205144,-0.023607238740862676
hard,rumodernbert,bge_sequence_length,128-255,2312,0.24610726643598616,18,0.4059276957638699,0.37020323934051336,-0.03572445642335653,0.4312009975454002,0.38876622801285915,-0.04243476953254105,0.2768166089965398,0.29974048442906576,75,128,-53,-0.022923875432525952,700,1324,0.680028278715579,0.659704233462635,0.020324045252944078,615,1115,0.297310785358982,0.3181945950196287,-0.020883809660646756
hard,rumodernbert,bge_sequence_length,256-383,746,0.16890080428954424,15,0.3804163156648837,0.37284956189766877,-0.00756675376721494,0.37234566996483087,0.33601982101441574,-0.03632584895041513,0.19839142091152814,0.22654155495978553,19,40,-21,-0.028150134048257374,183,343,0.4978280475651203,0.5001373434167841,-0.002309295851663816,155,289,0.22187269148311872,0.2466182355710771,-0.024745544087958374
hard,rumodernbert,bge_sequence_length,<128,2414,0.2916321458160729,18,0.3636936881814765,0.3445877757641346,-0.01910591241734194,0.4352916978649244,0.4081062942873418,-0.02718540357758259,0.32228666114333054,0.3347141673570837,90,120,-30,-0.012427506213753107,838,1394,0.7715112369903913,0.7367330263315632,0.034778210658827975,745,1234,0.3412583858507237,0.36201394188662744,-0.020755556035903715
hard,rumodernbert,bge_sequence_length,at_384,342,0.23976608187134502,10,0.49477943109325323,0.4727792434823768,-0.02200018761087641,0.4423641266599547,0.4295860706561078,-0.012778056003846905,0.25146198830409355,0.26900584795321636,12,18,-6,-0.017543859649122806,127,194,0.674488796091747,0.6180928487170914,0.056395947374655704,116,170,0.2945090942965563,0.30202510752796863,-0.007516013231412344
ood,minilm,category,Бытовая техника,17814,0.35949253396205233,1,0.8301849395007244,0.8277200290907086,-0.0024649104100157304,0.8301849395007244,0.8277200290907086,-0.0024649104100157304,0.17183114404401034,0.17329067025934658,454,480,-26,-0.0014595262153362524,7011,8196,0.4538514083256484,0.45595688277150687,-0.002105474445858436,5625,6889,0.21046544386253033,0.21589914396699098,-0.005433700104460645
ood,minilm,category,Одежда,23357,0.11778053688401764,1,0.45235596808416384,0.40532567579579704,-0.047030292288366804,0.45235596808416384,0.40532567579579704,-0.047030292288366804,0.11050220490645203,0.11546859613820268,376,492,-116,-0.004966391231750653,6232,10935,0.27826754687110816,0.29020638713781294,-0.01193884026670479,4961,9044,0.1403683747069794,0.15231960690526952,-0.011951232198290132
ood,minilm,label,0,32016,0.0,0,,,,,,,0.03260869565217391,0.03751249375312344,323,480,-157,-0.004903798100949526,9206,14551,0.11115111145015742,0.12486662731902297,-0.01371551586886554,7082,11975,0.08004811460064164,0.09099009361935809,-0.010941979018716456
ood,minilm,label,1,9155,1.0,0,,,,,,,0.5022392135445112,0.500600764609503,507,492,15,0.0016384489350081922,4037,4580,1.2043462693602769,1.19093790866452,0.013408360695756764,3504,3958,0.48771109862849704,0.49050983853599006,-0.002798739907493004
ood,minilm,bge_score_bin,.01-.025,7418,0.057427878134267994,2,0.08114157471553654,0.07458657133578118,-0.006555003379755356,0.07880935552320524,0.06411798543912303,-0.014691370084082209,0.057427878134267994,0.05769749258560259,0,2,-2,-0.00026961445133459155,2023,3605,0.24859388464695847,0.2484856566651601,0.00010822798179836523,885,2842,0.07218861230504672,0.08523135346267449,-0.013042741157627765
ood,minilm,bge_score_bin,.025-.05,6226,0.09701252810793447,2,0.10848101274808107,0.11442678216006943,0.005945769411988364,0.11040908363176566,0.10834612906861546,-0.002062954563150199,0.09701252810793447,0.09845807902345005,0,9,-9,-0.0014455509155155799,2360,3077,0.3545606229063268,0.3546938153517363,-0.00013319244540942331,1795,2614,0.12564924284708087,0.14149181646121053,-0.01584257361412968
ood,minilm,bge_score_bin,.05-.10,4995,0.15015015015015015,2,0.1877009500123586,0.20862801403875797,0.020927064026399378,0.18399765801294443,0.20194015886831992,0.017942500855375493,0.15015015015015015,0.15275275275275274,11,24,-13,-0.0026026026026026027,2149,2534,0.4586778513243423,0.4476643381178134,0.011013513206528932,1932,2307,0.19892842135092875,0.215183559991699,-0.016255138640770234
ood,minilm,bge_score_bin,.10-.20,3592,0.24832962138084633,2,0.3118197615431766,0.3401211963429982,0.028301434799821612,0.30373534672130165,0.3280716407982213,0.024336294076919673,0.24832962138084633,0.24916481069042315,55,58,-3,-0.0008351893095768374,1835,1656,0.5944129656792398,0.5946894976259984,-0.0002765319467585432,1747,1534,0.31772016219064625,0.31993089168605277,-0.0022107294954064995
ood,minilm,bge_score_bin,.20-.40,3305,0.3854765506807867,2,0.4339250485536529,0.45378424201369294,0.01985919346004006,0.43065708836661454,0.44906986214560163,0.01841277377898709,0.3854765506807867,0.3854765506807867,242,242,0,0.0,1817,1445,0.6856742272076073,0.7328384120143857,-0.0471641848067784,1757,1396,0.44598708843950424,0.4315857140161379,0.01440137442336636
ood,minilm,bge_score_bin,.40-.60,1776,0.5343468468468469,2,0.5786110099286897,0.584232684750356,0.0056216748216662005,0.578882636587428,0.5875650215930432,0.008682385005615245,0.47184684684684686,0.47184684684684686,368,368,0,0.0,931,833,0.6915694747672144,0.768661597314957,-0.07709212254774268,917,812,0.4957730971981545,0.48231541080324836,0.013457686394906125
ood,minilm,bge_score_bin,.60-.80,1357,0.6912306558585114,2,0.7121063722198148,0.7307406238916492,0.018634251671834412,0.7516645916303559,0.7692388841727267,0.01757429254237075,0.3087693441414886,0.367722918201916,137,217,-80,-0.058953574060427415,713,626,0.609051248168729,0.661886683228091,-0.05283543505936205,686,612,0.4179265688426721,0.42437237259014265,-0.006445803747470535
ood,minilm,bge_score_bin,.80-.90,819,0.8400488400488401,2,0.8689122398905387,0.8811557939206428,0.012243554030104131,0.8746626191107605,0.8843314890896159,0.00966886997885541,0.15995115995115994,0.18803418803418803,12,35,-23,-0.028083028083028084,367,422,0.43455390119256126,0.46550993732828994,-0.030956036135728737,349,399,0.2574688009144477,0.2847568261481467,-0.027288025233698998
ood,minilm,bge_score_bin,.90-.95,818,0.9193154034229829,1,0.9225555708843544,0.9333319385164842,0.010776367632129857,0.9228810086947876,0.9335533205628905,0.010672311868102913,0.08068459657701711,0.08801955990220049,4,10,-6,-0.007334963325183374,279,483,0.2812573806148095,0.30139012970176926,-0.020132749086959802,246,450,0.14059074831475254,0.17442834724314638,-0.03383759892839383
ood,minilm,bge_score_bin,.95-.975,951,0.9400630914826499,2,0.7950286414769461,0.8786024393156082,0.08357379783866214,0.9506227845909032,0.9515579238993701,0.0009351393084668924,0.05993690851735016,0.06519453207150368,1,6,-5,-0.005257623554153523,245,567,0.23358576581731397,0.2392917485217772,-0.00570598270446325,178,484,0.09159424314990279,0.11826115119595132,-0.026666908046048522
ood,minilm,bge_score_bin,.975-.99,807,0.9628252788104089,1,0.9691963324072695,0.977139569649937,0.007943237242667434,0.9691963324072695,0.977139569649937,0.007943237242667434,0.03717472118959108,0.03841387856257745,0,1,-1,-0.0012391573729863693,111,451,0.16592960420761688,0.16453985970938415,0.001389744498232789,39,341,0.053722152110221515,0.0691257054828652,-0.015403553372643694
ood,minilm,bge_score_bin,.99-1,60,0.9666666666666667,1,0.9416898616698162,0.9709299714329825,0.029240109763166378,0.9416898616698162,0.9709299714329825,0.029240109763166378,0.03333333333333333,0.03333333333333333,0,0,0,0.0,2,38,0.1730656732490258,0.15970488400142058,0.013360789247605205,0,25,0.04123070935408275,0.05301811893781026,-0.011787409583727518
ood,minilm,bge_score_bin,00-.01,9047,0.016911683430971592,2,0.04437482127301983,0.04899632844725521,0.00462150717423538,0.02815562894557823,0.031721015353933915,0.0035653864083556863,0.016911683430971592,0.016911683430971592,0,0,0,0.0,411,3394,0.09211366607667412,0.08775193976558818,0.004361726311085964,55,2117,0.021523081602789772,0.028778838932536608,-0.007255757329746833
ood,minilm,bge_uncertainty,confident,2596,0.44722650231124805,2,0.6049127989464286,0.6126074711014069,0.0076946721549783215,0.6377202981908147,0.6455411699018635,0.007820871711048838,0.32819722650231126,0.34553158705701076,134,179,-45,-0.017334360554699536,1392,1160,0.6492988937328791,0.6881050942795525,-0.03880620054667347,1339,1123,0.41219078919897645,0.4083314352842458,0.0038593539147306296
ood,minilm,bge_uncertainty,extreme,30322,0.14557087263373128,2,0.48215352840051084,0.4761131643720035,-0.006040364028507328,0.7204182264538279,0.7140144294945281,-0.006403796959299823,0.06886089308093134,0.07004814985818877,16,52,-36,-0.0011872567772574368,7580,14149,0.25633235968974205,0.25387622855503056,0.0024561311347114445,5130,11180,0.09082814697659486,0.10429696397163761,-0.013468816995042756
ood,minilm,bge_uncertainty,mid,2066,0.5087124878993223,2,0.6158900468541622,0.5987002133179555,-0.017189833536206622,0.6227774078518146,0.6138939348683325,-0.008883472983482021,0.4070667957405615,0.42400774443368827,245,280,-35,-0.016940948693126814,1138,911,0.6810532122727752,0.7424445092441172,-0.061391296971341984,1104,885,0.4700224552040294,0.4560676129865717,0.013954842217457693
ood,minilm,bge_uncertainty,uncertain,918,0.545751633986928,2,0.5960038749181884,0.6029748894218073,0.006971014503618922,0.5951723297385656,0.6060433713016009,0.01087104156303531,0.46078431372549017,0.4749455337690632,167,180,-13,-0.014161220043572984,480,430,0.6925687872033525,0.7839321662243479,-0.09136337902099546,474,421,0.4938321488550286,0.4848555823167165,0.008976566538312077
ood,minilm,bge_uncertainty,very_confident,4411,0.3581954205395602,2,0.5808115436551894,0.5843275120358075,0.003515968380618073,0.6729519041915006,0.6799630789495852,0.0070111747580845485,0.23192019950124687,0.23781455452278394,67,93,-26,-0.005894355021537067,2202,2078,0.5647315841751389,0.5707044466434947,-0.005972862468356048,2096,1933,0.3065331604030229,0.313400046146369,-0.006866885743346095
ood,minilm,bge_uncertainty,very_uncertain,858,0.5221445221445221,2,0.558503467065649,0.5728519843988107,0.01434851733316167,0.5565915047243499,0.5724769257028323,0.015885420978482334,0.4836829836829837,0.46853146853146854,201,188,13,0.015151515151515152,451,403,0.6905002803425351,0.7523231564538606,-0.06182287611132535,443,391,0.4978497761946458,0.47959760491820896,0.01825217127643682
ood,minilm,title_similarity,exact_token_set,8270,0.2407496977025393,2,0.7081088686568269,0.6888806931391863,-0.019228175517640556,0.7971014910066275,0.7838982442399893,-0.0132032467666382,0.1332527206771463,0.1357920193470375,176,197,-21,-0.002539298669891173,2244,3920,0.33227951860957,0.33805033415977853,-0.005770815550208557,1804,3239,0.16299687693302492,0.175914975567825,-0.012918098634800073
ood,minilm,title_similarity,high,4845,0.32445820433436534,2,0.6200661893225525,0.5866558210969491,-0.03341036822560339,0.7968801562890878,0.7948431186337475,-0.002037037655340357,0.18121775025799794,0.18307533539731682,128,137,-9,-0.0018575851393188853,1811,2287,0.47243347113354917,0.4652588986491385,0.007174572484410775,1427,1891,0.21275451569874426,0.21727670449634687,-0.004522188797602608
ood,minilm,title_similarity,low,9683,0.19838892905091396,2,0.616377201288979,0.5825378508725851,-0.033839350416393854,0.6828182516662429,0.6545101874671376,-0.028308064199105254,0.13879995869048847,0.1441701951874419,197,249,-52,-0.005370236496953423,3025,4933,0.35228497264898967,0.3655038177830482,-0.013218845134058566,2473,4141,0.17379188384282718,0.18609444865190927,-0.012302564809082104
ood,minilm,title_similarity,medium,9308,0.25859475719810915,2,0.6377739178863641,0.5977503828537449,-0.04002353503261913,0.7423980467371057,0.7261196575287481,-0.01627838920835767,0.15771379458530296,0.16147400085947572,191,226,-35,-0.0037602062741727547,3244,4345,0.4161503537234898,0.4254893961369962,-0.009339042413506447,2587,3665,0.19436563615878819,0.20332130078720306,-0.008955664628414873
ood,minilm,title_similarity,near_exact,1060,0.4207547169811321,2,0.6670876423043592,0.6620972028980104,-0.004990439406348801,0.8848209434290522,0.8752653071052012,-0.009555636323850925,0.1650943396226415,0.16886792452830188,29,33,-4,-0.0037735849056603774,370,521,0.43673814342974887,0.44794540476399586,-0.011207261334247043,304,442,0.20641901126056733,0.2167772084038006,-0.010358197143233275
ood,minilm,title_similarity,very_low,8005,0.10218613366645847,2,0.556744390947936,0.5408084754038868,-0.015935915544049273,0.545087273280685,0.5229253355574423,-0.02216193772324271,0.08432229856339787,0.08694565896314803,109,130,-21,-0.002623360399750156,2549,3125,0.2248428455945586,0.23441098947243272,-0.00956814387787414,1991,2555,0.11720792500302359,0.12142197038749435,-0.00421404538447075
ood,minilm,title_exact_near,exact,958,0.2265135699373695,2,0.6847954332908623,0.6580813533787632,-0.026714079912099176,0.8044256220754711,0.7909458448272345,-0.013479777248236569,0.11795407098121086,0.12004175365344467,12,14,-2,-0.0020876826722338203,180,403,0.37110612323277503,0.3421593623383711,0.028946760894403862,139,286,0.13429304354692945,0.14508273324554655,-0.0107896896986171
ood,minilm,title_exact_near,high_nonexact,4812,0.3248129675810474,2,0.6213028611186588,0.5878962669535813,-0.03340659416507752,0.797196973246809,0.7952231055774459,-0.0019738676693631385,0.1814214463840399,0.18329177057356608,127,136,-9,-0.0018703241895261845,1796,2273,0.4728598176671316,0.4655680595386139,0.00729175812851762,1415,1878,0.2127462776178038,0.2173375101355715,-0.004591232517767725
ood,minilm,title_exact_near,near_exact,8405,0.26519928613920285,2,0.7052982499573432,0.6842392895491635,-0.021058960408179783,0.8152481065189126,0.8027140523974242,-0.012534054121488336,0.13908387864366448,0.14182034503271862,194,217,-23,-0.0027364663890541343,2449,4052,0.3413340999295048,0.35176390064084595,-0.01042980071134112,1981,3408,0.1719448101270557,0.18471016834231269,-0.012765358215256994
ood,minilm,title_exact_near,not_near,26996,0.19062083271595792,2,0.6105193631082414,0.5829803812966158,-0.027538981811625618,0.69091595528577,0.6697137461109723,-0.021202209174797648,0.1291672840420803,0.1331678767224774,497,605,-108,-0.004000592680397096,8818,12403,0.3365154045637447,0.3473139997615662,-0.01079859519782151,7051,10361,0.16410696370815306,0.17285709316104667,-0.008750129452893614
ood,minilm,brand_state,conflict,3818,0.28129910948140385,2,0.6121667794630132,0.5802984497374781,-0.031868329725535105,0.7232288641554518,0.719404898832846,-0.003823965322605871,0.1820324777370351,0.18098480880041906,92,88,4,0.0010476689366160294,1426,1778,0.4836855571430483,0.47719431087972053,0.006491246263327733,1146,1508,0.2127065821189542,0.21743275250968716,-0.00472617039073293
ood,minilm,brand_state,match,2598,0.3745188606620477,2,0.7384100018121837,0.7132121976575557,-0.025197804154628023,0.8162442134850469,0.8083843201039156,-0.007859893381131355,0.20323325635103925,0.20977675134719015,73,90,-17,-0.006543494996150885,1052,1163,0.5116286598783765,0.5266831152584649,-0.015054455380088353,824,981,0.23860542626912204,0.24516854243890904,-0.006563116169786992
ood,minilm,brand_state,one_missing,34755,0.20451733563516042,2,0.6371020213073284,0.6157722716065451,-0.021329749700783274,0.7394022601786591,0.7224034431134245,-0.01699881706523454,0.12714717306862322,0.1308588692274493,665,794,-129,-0.003711696158826068,10765,16190,0.3282543911565356,0.3369447815188967,-0.008690390362361147,8616,13444,0.16100719082205975,0.17081427957922848,-0.009807088757168741
ood,minilm,model_attribute_state,both_missing,9761,0.2613461735477922,2,0.6296318838576115,0.6042104719230446,-0.02542141193456693,0.7009022946707486,0.688488205137257,-0.012414089533491657,0.182255916402008,0.18604651162790697,276,313,-37,-0.0037905952258989856,3425,4768,0.4517530484492007,0.4505001293941934,0.0012529190550073374,2867,4059,0.21760604667843622,0.22633004183617436,-0.008723995157738147
ood,minilm,model_attribute_state,conflict,11247,0.1635102694051747,2,0.621914030770647,0.5819437566397754,-0.03997027413087162,0.7157353949030082,0.6941971991659378,-0.021538195737070387,0.1034053525384547,0.10722859429181116,133,176,-43,-0.003823241753356451,3339,4785,0.2818877294789981,0.29408588094250204,-0.01219815146350389,2543,3893,0.1329374366834081,0.14120086591863565,-0.008263429235227547
ood,minilm,model_attribute_state,match,1944,0.3441358024691358,2,0.7600693327684132,0.7311384588696275,-0.02893087389878568,0.8886410465919753,0.8707514191502741,-0.017889627441701195,0.15020576131687244,0.1522633744855967,57,61,-4,-0.00205761316872428,510,1089,0.34266083938780606,0.35739497945930937,-0.014734140071503282,428,963,0.1776322503128353,0.20032273405585152,-0.022690483743016233
ood,minilm,model_attribute_state,one_missing,18219,0.22482024260387506,2,0.6329357591578691,0.6137844511345226,-0.019151308023346525,0.7554156719162617,0.7412310659296903,-0.014184605986571341,0.13216971293704374,0.13535320270047752,364,422,-58,-0.003183489763433778,5969,8489,0.34789607602221523,0.35682940820152487,-0.00893333217930962,4748,7018,0.1681375749702714,0.17657584591689934,-0.008438270946627954
ood,minilm,title_code_state,both_missing,6094,0.19970462750246143,2,0.6012610978799475,0.5783842517788652,-0.022876846101082315,0.5937860564753367,0.5752517412697492,-0.01853431520558746,0.1665572694453561,0.17164424023629798,181,212,-31,-0.00508697079094191,1940,3110,0.3928910879687787,0.39237990819867996,0.0005111797700988081,1670,2672,0.20258855918964644,0.21329503742195785,-0.010706478232311389
ood,minilm,title_code_state,conflict,16549,0.15565895220255,2,0.5264758559378397,0.4856010492335043,-0.040874806704335465,0.5825964431968025,0.5561674754819309,-0.026428967714871576,0.12169919632606199,0.12435796724877636,215,259,-44,-0.0026587709227143632,5508,6956,0.3462284315200014,0.3575264916922977,-0.011298060172296313,4117,5581,0.15079098983844277,0.15740273662261922,-0.006611746784176443
ood,minilm,title_code_state,match,4880,0.5956967213114754,2,0.7551696733402595,0.7237446674906317,-0.03142500584962782,0.9317721724726965,0.9295338295376747,-0.0022383429350217865,0.1567622950819672,0.1598360655737705,147,162,-15,-0.0030737704918032786,1587,2590,0.3834613674717434,0.39221131764997474,-0.008749950178231347,1355,2271,0.197310102213979,0.2126760151997587,-0.015365912985779702
ood,minilm,title_code_state,one_missing,13648,0.17987983587338804,2,0.6029918953249209,0.579912472819377,-0.023079422505543956,0.6442544492475952,0.6231816662365035,-0.021072783011091722,0.1354044548651817,0.1392145369284877,287,339,-52,-0.0038100820633059787,4208,6475,0.33624706943238764,0.34282724152689426,-0.006580172094506701,3444,5409,0.1710820248868494,0.18033555162092604,-0.009253526734076641
ood,minilm,model_sku_code_state,conflict,16549,0.15565895220255,2,0.5264758559378397,0.4856010492335043,-0.040874806704335465,0.5825964431968025,0.5561674754819309,-0.026428967714871576,0.12169919632606199,0.12435796724877636,215,259,-44,-0.0026587709227143632,5508,6956,0.3462284315200014,0.3575264916922977,-0.011298060172296313,4117,5581,0.15079098983844277,0.15740273662261922,-0.006611746784176443
ood,minilm,model_sku_code_state,match,4880,0.5956967213114754,2,0.7551696733402595,0.7237446674906317,-0.03142500584962782,0.9317721724726965,0.9295338295376747,-0.0022383429350217865,0.1567622950819672,0.1598360655737705,147,162,-15,-0.0030737704918032786,1587,2590,0.3834613674717434,0.39221131764997474,-0.008749950178231347,1355,2271,0.197310102213979,0.2126760151997587,-0.015365912985779702
ood,minilm,model_sku_code_state,no_evidence,6094,0.19970462750246143,2,0.6012610978799475,0.5783842517788652,-0.022876846101082315,0.5937860564753367,0.5752517412697492,-0.01853431520558746,0.1665572694453561,0.17164424023629798,181,212,-31,-0.00508697079094191,1940,3110,0.3928910879687787,0.39237990819867996,0.0005111797700988081,1670,2672,0.20258855918964644,0.21329503742195785,-0.010706478232311389
ood,minilm,model_sku_code_state,one_missing,13648,0.17987983587338804,2,0.6029918953249209,0.579912472819377,-0.023079422505543956,0.6442544492475952,0.6231816662365035,-0.021072783011091722,0.1354044548651817,0.1392145369284877,287,339,-52,-0.0038100820633059787,4208,6475,0.33624706943238764,0.34282724152689426,-0.006580172094506701,3444,5409,0.1710820248868494,0.18033555162092604,-0.009253526734076641
ood,minilm,numeric_size_state,both_missing,6748,0.37922347362181386,2,0.7138991915235922,0.6755480075818708,-0.03835118394172132,0.8136754765256897,0.8109475226771197,-0.0027279538485700527,0.2024303497332543,0.20598695909899228,188,212,-24,-0.0035566093657379964,2725,3135,0.516766547503787,0.507755808440977,0.009010739062810006,2250,2647,0.2395898743672852,0.24534994613528477,-0.005760071767999557
ood,minilm,numeric_size_state,conflict,15239,0.11326202506726163,2,0.6400191703636449,0.6086801480026875,-0.031339022360957314,0.4891297282798192,0.44074306222632015,-0.04838666605349906,0.10230330074151847,0.1065686724850712,194,259,-65,-0.004265371743552727,4266,6606,0.26375481661820954,0.27548754973625816,-0.011732733118048549,3332,5363,0.13235481848107702,0.14100091744631224,-0.008646098965235216
ood,minilm,numeric_size_state,match,3051,0.15339233038348082,2,0.7108512989582083,0.7106302856559779,-0.000221013302230455,0.559275127228674,0.5419125757300458,-0.017362551498628198,0.12848246476565062,0.13929859062602426,96,129,-33,-0.010816125860373648,784,1787,0.3259232690484973,0.3288399720043323,-0.0029167029558350853,672,1602,0.16748648944588013,0.19444057411817833,-0.02695408467229821
ood,minilm,numeric_size_state,one_missing,16133,0.2728568772082068,2,0.6445917865767128,0.6200335507175162,-0.024558235859196587,0.7996650250252917,0.7890079988366747,-0.01065702618861697,0.14411454782123598,0.14535424285625737,352,372,-20,-0.0012396950350213847,5468,7603,0.3770849732420603,0.3888294039356445,-0.011744430693584159,4332,6321,0.17870865397849622,0.18633755656074766,-0.007628902582251423
ood,minilm,numeric_ram_storage_state,both_missing,41122,0.22226545401488254,2,0.6412471806008503,0.6165069158066887,-0.02474026479416158,0.7446576257893053,0.7295248429868737,-0.015132782802431577,0.1370555906813871,0.14043577647001604,830,969,-139,-0.0033801857886289577,13227,19108,0.35421642010297877,0.3619196582466189,-0.007703238143640159,10571,15912,0.1706792118545315,0.1798063424359823,-0.009127130581450812
ood,minilm,numeric_ram_storage_state,one_missing,42,0.2619047619047619,1,0.7910198135198137,0.7696426983592759,-0.021377115160537752,0.7910198135198135,0.7696426983592759,-0.02137711516053764,0.14285714285714285,0.19047619047619047,0,2,-2,-0.047619047619047616,16,18,0.4142881385158,0.387342720815906,0.026945417699894163,15,16,0.1999495353264224,0.20458380916742108,-0.0046342738409986765
ood,minilm,numeric_volume_state,both_missing,33622,0.19820355719469396,2,0.6319302047553281,0.6081990108093579,-0.02373119394597023,0.6936425226293754,0.6739968848836212,-0.01964563774575423,0.1367556956754506,0.14083040866099578,653,790,-137,-0.004074712985545179,10485,15649,0.3484119507657143,0.3565479915393917,-0.008136040773677432,8438,13044,0.16914766831115682,0.17881331826456798,-0.009665649953411152
ood,minilm,numeric_volume_state,conflict,1758,0.17064846416382254,1,0.6426581766139327,0.6206289013651467,-0.02202927524878595,0.6447828085510459,0.6200897193256234,-0.02469308922542246,0.11717861205915814,0.11376564277588168,25,19,6,0.0034129692832764505,588,758,0.3589463935961893,0.37123228935826147,-0.012285895762072218,424,577,0.14751450166575594,0.1537537258164083,-0.006239224150652369
ood,minilm,numeric_volume_state,match,2745,0.43169398907103823,1,0.9072922110974709,0.9063055854052573,-0.0009866256922136385,0.9073803073729171,0.9063709838025312,-0.001009323570385856,0.13806921675774134,0.14061930783242257,79,86,-7,-0.0025500910746812386,990,1372,0.3609779743012019,0.36880186791883224,-0.007823893617630372,798,1186,0.1838944143415488,0.19172622254593316,-0.00783180820438434
ood,minilm,numeric_volume_state,one_missing,3046,0.3302692055154301,2,0.7563516043201268,0.5761580310228639,-0.18019357329726293,0.835722888570289,0.8317109648663695,-0.004011923703919451,0.15068942875902824,0.15200262639527248,73,77,-4,-0.0013131976362442547,1180,1352,0.4097784544116314,0.40969219645537575,8.62579562557196e-05,926,1126,0.18930137220760604,0.19537343780342117,-0.0060720655958151236
ood,minilm,numeric_weight_state,both_missing,23863,0.1407618488873989,2,0.6170767784331664,0.5946769294850358,-0.02239984894813063,0.5534227661735074,0.5210516977895171,-0.03237106838399029,0.11997653270753887,0.12479570883794996,401,516,-115,-0.0048191761304110965,6622,11187,0.30349498891049215,0.3098475284580329,-0.00635253954754073,5323,9267,0.15002804775771883,0.16122530284932934,-0.011197255091610516
ood,minilm,numeric_weight_state,conflict,7418,0.30870854677810733,2,0.7620445404621461,0.7668773094653792,0.0048327690032331505,0.8140490903525284,0.8079738020530103,-0.006075288299518089,0.1503100566190348,0.15192774332704234,164,176,-12,-0.0016176867080075492,2854,3337,0.4164424168135221,0.42540420906281806,-0.0089617922492959,2248,2770,0.18835872413248617,0.19368593863056097,-0.005327214498074777
ood,minilm,numeric_weight_state,match,1543,0.5346727154893065,2,0.7834483570956441,0.7837604334238664,0.00031207632822227716,0.9303930912005439,0.9245861201157676,-0.005806971084776347,0.15683732987686325,0.1607258587167855,53,59,-6,-0.0038885288399222295,561,791,0.40340453706981555,0.41836478168535973,-0.014960244615544196,448,689,0.2035783638354398,0.21322499009216542,-0.009646626256725601
ood,minilm,numeric_weight_state,one_missing,8347,0.3211932430813466,2,0.6525558988581964,0.6314950121630942,-0.0210608866951022,0.7997160413033965,0.7931736446239321,-0.006542396679464324,0.1703606086018929,0.17143884030190487,212,221,-9,-0.0010782317000119803,3206,3816,0.434944304683008,0.44395467131987393,-0.009010366636865922,2567,3207,0.20801842702081255,0.21452839999366224,-0.006509972972849705
ood,minilm,numeric_dimensions_state,both_missing,11375,0.19138461538461538,2,0.606900011933436,0.5881877175415067,-0.01871229439192934,0.5936746808235223,0.5758778613634322,-0.01779681946009004,0.1549010989010989,0.16316483516483515,243,337,-94,-0.008263736263736264,3619,5556,0.38410728734509414,0.38622247658460035,-0.0021151892395062074,3035,4662,0.19087102897719935,0.2000589369977543,-0.00918790802055494
ood,minilm,numeric_dimensions_state,conflict,8517,0.194786896794646,2,0.639933761677212,0.5897865505694984,-0.050147211107713696,0.7803205945862346,0.7575891313635443,-0.022731463222690262,0.10402723963837032,0.10637548432546672,128,148,-20,-0.0023482446870963956,2616,3719,0.2916026767536165,0.30852604536997624,-0.01692336861635969,1970,3025,0.13419464686381927,0.143896843185931,-0.009702196322111733
ood,minilm,numeric_dimensions_state,match,4991,0.3281907433380084,2,0.7039633300510673,0.677557745109921,-0.02640558494114631,0.8433804123592546,0.8325349287464624,-0.01084548361279225,0.1574834702464436,0.1584852734922861,136,141,-5,-0.0010018032458425166,1662,2568,0.4030971302362277,0.40648764453868924,-0.0033905143024615387,1319,2199,0.19386700428440584,0.20537152509507453,-0.011504520810668672
ood,minilm,numeric_dimensions_state,one_missing,16288,0.22599459724950885,2,0.6379610476307637,0.6138476235732329,-0.024113424057530808,0.7547935104994353,0.7408990427627024,-0.013894467736732974,0.13555992141453832,0.13697200392927308,323,346,-23,-0.0014120825147347742,5346,7288,0.35116318220233084,0.35922087798446745,-0.008057695782136654,4262,6047,0.16859845067901352,0.17666425009828163,-0.008065799419268119
ood,minilm,numeric_pack_count_state,both_missing,13823,0.18584967083845763,2,0.647565814178999,0.6265956231266048,-0.020970191052394282,0.6895493368811246,0.6732498979904536,-0.01629943889067098,0.1310135281776749,0.132822108080735,275,300,-25,-0.0018085799030601172,3928,6583,0.3306162897560307,0.3349704039171419,-0.00435411416111126,3156,5393,0.16050471458011067,0.17014207442154566,-0.009637359841434988
ood,minilm,numeric_pack_count_state,conflict,1898,0.2434141201264489,2,0.5368765485801299,0.481316744530718,-0.05555980404941191,0.7664634775405287,0.7467826136903638,-0.019680863850164876,0.13382507903055849,0.13435194942044257,32,33,-1,-0.0005268703898840885,721,837,0.37608339362557297,0.3984943925944029,-0.022410998968829962,537,694,0.1695648445746106,0.17750652183369045,-0.00794167725907985
ood,minilm,numeric_pack_count_state,match,8886,0.2708755345487283,2,0.6502381122313381,0.6209829867927503,-0.02925512543858777,0.7969060822009085,0.789831275150018,-0.007074807050890475,0.1424713031735314,0.14686022957461176,197,236,-39,-0.004388926401080351,3113,4144,0.377590423691115,0.3833288166697036,-0.0057383929785886365,2499,3497,0.18231561155903103,0.18958221381482962,-0.007266602255798597
ood,minilm,numeric_pack_count_state,one_missing,16564,0.22440231828060855,2,0.6352690204822553,0.6093847821685432,-0.025884238313712116,0.7415231071674024,0.7226427903499815,-0.018880316817420972,0.13951943974885295,0.14416807534411977,326,403,-77,-0.0046486355952668435,5481,7567,0.35892419227622424,0.3687435630675987,-0.009819370791374493,4394,6349,0.17310240739199484,0.1829478135707807,-0.009845406178785848
ood,minilm,numeric_power_state,both_missing,28529,0.16407865680535597,2,0.6156278925915117,0.5940275118289474,-0.02160038076256432,0.6064037406525807,0.5828132824810105,-0.02359045817157024,0.1308142591748747,0.13463493287531986,518,627,-109,-0.003820673700445161,8208,13435,0.3329690353504275,0.3367149197377944,-0.003745884387366855,6589,11162,0.16115480679506067,0.1714912282431595,-0.010336421448098836
ood,minilm,numeric_power_state,conflict,3331,0.19903932752927048,1,0.6946004401783622,0.6870926315459187,-0.007507808632443491,0.6946004401783622,0.6870926315459187,-0.007507808632443491,0.12248574001801261,0.12248574001801261,53,53,0,0.0,1440,1265,0.36755176357381103,0.3888033549271994,-0.02125159135338843,1086,1003,0.16048361501214436,0.16145325852800388,-0.0009696435158595155
ood,minilm,numeric_power_state,match,4365,0.4870561282932417,1,0.8960182217427799,0.8925802286883173,-0.0034379930544625736,0.8960182217427799,0.8925802286883173,-0.0034379930544625736,0.1699885452462772,0.1713631156930126,149,155,-6,-0.0013745704467353953,1665,2134,0.42547146088434734,0.43937997273071794,-0.01390851184637063,1356,1846,0.21411739621468248,0.22309293233115282,-0.008975536116470346
ood,minilm,numeric_power_state,one_missing,4946,0.3406793368378488,2,0.6725002868263756,0.9158598398208301,0.24335955299445444,0.8444637143032249,0.8309771466425737,-0.01348656766065115,0.15365952284674483,0.15911847957945816,110,137,-27,-0.005458956732713303,1930,2297,0.40510162140005807,0.42087120756932866,-0.015769586169270582,1555,1922,0.194305844290175,0.20211922862575762,-0.007813384335582636
ood,minilm,numeric_optical_state,both_missing,41163,0.2223841799674465,2,0.6413079411649233,0.6165628166964893,-0.02474512446843402,0.7448932654866103,0.729768244386685,-0.015125021099925307,0.1370405461215169,0.14049024609479388,830,972,-142,-0.003449699973276972,13242,19129,0.35415814974148174,0.36184542164005556,-0.007687271898573797,10586,15932,0.17070620213169338,0.17983717382577932,-0.009130971694085947
ood,minilm,numeric_conflict_count,multiple,12955,0.2570436125048244,2,0.6513578846085417,0.6038121407348161,-0.047545743873725566,0.8162456014370739,0.8034011624168994,-0.012844439020174514,0.12443072172906214,0.12690081049787727,250,282,-32,-0.0024700887688151292,4436,5883,0.3426406373396959,0.3567681639715765,-0.014127526631880601,3399,4893,0.15995662070239208,0.16883308027867425,-0.008876459576282166
ood,minilm,numeric_conflict_count,none,10044,0.26871764237355633,2,0.6491226901218647,0.6301703660894197,-0.018952324032445067,0.7260970738626848,0.7172561494380338,-0.008840924424651009,0.17652329749103943,0.18080446037435285,251,294,-43,-0.004281162883313421,3385,4968,0.44094038867379187,0.4372985878249229,0.003641800848868885,2835,4195,0.20999382051668247,0.21978066397461204,-0.009786843457929576
ood,minilm,numeric_conflict_count,one,18172,0.1720228923618754,2,0.6375070160056133,0.6120876381273335,-0.02541937787827986,0.669603708118388,0.6444589957021639,-0.02514471241622407,0.12420206911732336,0.12788906009244994,329,396,-67,-0.0036869909751265683,5422,8280,0.3145877921861242,0.32393836196919545,-0.00935056978307131,4352,6845,0.15663656122215414,0.16558699455993448,-0.008950433337780344
ood,minilm,numeric_match_count,multiple,6075,0.3940740740740741,2,0.7152625103274262,0.6862072059732355,-0.02905530435419068,0.8846273356469413,0.8768993689652521,-0.00772796668168918,0.1479835390946502,0.15160493827160493,188,210,-22,-0.0036213991769547325,2085,3125,0.3845275517862713,0.3974247066275972,-0.012897154841325914,1673,2697,0.19155925992132766,0.20352349867992037,-0.011964238758592717
ood,minilm,numeric_match_count,none,24175,0.1694725956566701,2,0.6004938970383497,0.5714364210966287,-0.029057475941720923,0.6421311169509509,0.6170363369506862,-0.02509478000026477,0.1271147880041365,0.13075491209927612,367,455,-88,-0.003640124095139607,7372,10799,0.3302505665933723,0.3404501369239969,-0.010199570330624548,5819,8764,0.1566274953169941,0.1650070049086035,-0.008379509591609382
ood,minilm,numeric_match_count,one,10921,0.24393370570460582,2,0.6412227448569677,0.6302543545733975,-0.010968390283570217,0.7371207737246581,0.7280114916051562,-0.009109282119501905,0.15291639959710648,0.1558465342001648,275,307,-32,-0.002930134603058328,3786,5207,0.3904946209765772,0.3897105888809854,0.0007840320955917439,3094,4472,0.19024112642501922,0.19946038009050013,-0.009219253665480905
ood,minilm,numeric_primary_conflict,dimensions,2297,0.22638223770134958,2,0.6368449327447957,0.6179585090804434,-0.018886423664352336,0.7960540584008474,0.7771881198884235,-0.018865938512423908,0.12755768393556813,0.1284283848498041,45,47,-2,-0.0008707009142359599,607,1136,0.32162611548239856,0.3251141767790394,-0.0034880612966408766,486,937,0.1551026129186545,0.16720692621115416,-0.012104313292499658
ood,minilm,numeric_primary_conflict,model_number,2863,0.32238910234020257,2,0.6997051503467211,0.6605252500169685,-0.039179900329752604,0.7891710789398554,0.785108447241754,-0.004062631698101393,0.16905344044708348,0.16905344044708348,51,51,0,0.0,1057,1331,0.48008551859375104,0.48065964488027335,-0.0005741262865223476,832,1064,0.20154783345716099,0.2086500949836148,-0.0071022615264538435
ood,minilm,numeric_primary_conflict,none,7166,0.24713926876918782,2,0.643367795513357,0.626767947611942,-0.016599847901415,0.6833485120806575,0.6736633431189596,-0.00968516896169791,0.17945855428411944,0.1854591124755791,199,242,-43,-0.006000558191459671,2324,3632,0.4250987556817073,0.4196727572355841,0.005425998446123141,2000,3127,0.21327876194200127,0.22417699855547815,-0.010898236613476891
ood,minilm,numeric_primary_conflict,pack_count,1645,0.3513677811550152,2,0.5442831106229231,0.5239359055753473,-0.02034720504757581,0.8266238092005159,0.8180832389880837,-0.008540570212432264,0.17325227963525835,0.17689969604863223,43,49,-6,-0.00364741641337386,628,791,0.4512095905837525,0.4628646222053503,-0.011655031621597717,496,686,0.21567727954851926,0.22367061971330104,-0.007993340164781789
ood,minilm,numeric_primary_conflict,power,875,0.272,1,0.7950893863371531,0.7770295463257464,-0.018059840011406703,0.7950893863371531,0.7770295463257464,-0.018059840011406703,0.14742857142857144,0.14971428571428572,13,15,-2,-0.002285714285714286,351,356,0.384453541076513,0.4089030002763968,-0.02444945919988374,275,296,0.1846982515874718,0.18915271147832807,-0.004454459890856274
ood,minilm,numeric_primary_conflict,size,16973,0.11559535733223354,2,0.6548823473841664,0.6243586943714968,-0.03052365301266957,0.5034932006942173,0.4534817997946554,-0.05001140089956191,0.10328168267247982,0.10799505096329465,252,332,-80,-0.0047133682908148235,4693,7610,0.2643846405837932,0.2769650264936102,-0.012580385909816976,3686,6263,0.13389903428296623,0.14453667351598617,-0.010637639233019955
ood,minilm,numeric_primary_conflict,volume,3539,0.3040406894602995,1,0.846902888103194,0.8425843872544149,-0.004318500848779161,0.846902888103194,0.8425843872544149,-0.004318500848779161,0.1280022605255722,0.12574173495337665,76,68,8,0.0022605255721955355,1235,1656,0.3603649044894795,0.36817715149977337,-0.007812247010293925,947,1341,0.16523114987912182,0.17173691543885466,-0.006505765559732825
ood,minilm,numeric_primary_conflict,weight,5796,0.35921325051759834,2,0.6689188395121873,0.66572044751675,-0.0031983919954373663,0.8377096787441224,0.8313051582097578,-0.006404520534364577,0.16494133885438234,0.1678743961352657,150,167,-17,-0.002933057280883368,2344,2613,0.44433199333405304,0.45522831490972504,-0.010896321575672012,1861,2214,0.20504510209431215,0.2100803069520222,-0.005035204857710055
ood,minilm,attribute_key_overlap,high,1615,0.22538699690402478,2,0.6190942251642542,0.5882554209127164,-0.030838804251537733,0.6120085846601424,0.5959224465312477,-0.0160861381288947,0.18637770897832817,0.18823529411764706,42,45,-3,-0.0018575851393188853,521,800,0.45007558711470236,0.4311749353294331,0.01890065178526929,432,702,0.21428345200961063,0.22698702557928263,-0.012703573569671998
ood,minilm,attribute_key_overlap,low,13573,0.2089442275104988,2,0.6304651362381479,0.606496143058703,-0.023968993179444897,0.7616361079650052,0.7439238694525643,-0.01771223851244097,0.12296470934944374,0.1250276283798718,274,302,-28,-0.0020629190304280558,4172,6419,0.318632684765737,0.3294526231572279,-0.010819938391490952,3317,5308,0.15680420110132015,0.16565621875354877,-0.008852017652228624
ood,minilm,attribute_key_overlap,medium,11283,0.2146592218381636,2,0.6757522112175042,0.6421747729714328,-0.0335774382460714,0.7137457926152201,0.6866395777723044,-0.027106214842915644,0.1472126207568909,0.15173269520517593,224,275,-51,-0.00452007444828503,3526,5234,0.36825889104484366,0.38345593436961284,-0.01519704332476911,2778,4430,0.17604380838611794,0.18753689319985267,-0.011493084813734728
ood,minilm,attribute_key_overlap,none,5150,0.3300970873786408,2,0.6377013181878843,0.6172057392076247,-0.020495578980259666,0.7750817090497546,0.7646259749551778,-0.010455734094576785,0.1945631067961165,0.2,145,173,-28,-0.005436893203883495,1971,2433,0.4795936245519741,0.47941416302138545,0.00017946153058865524,1671,2061,0.2347203349839825,0.24210083614642341,-0.007380501162440904
ood,minilm,attribute_key_overlap,tiny,9513,0.19068642909702513,2,0.5829346943792263,0.5857053519498997,0.002770657570673407,0.7533391937396151,0.7461884444097906,-0.007150749329824513,0.10448859455481972,0.10806265110900873,142,176,-34,-0.0035740565541890045,3032,4229,0.3020597910093504,0.30648297179295386,-0.004423180783603501,2368,3417,0.1411486848452833,0.1484640337618812,-0.007315348916597893
ood,minilm,attribute_key_overlap,very_high,37,0.5135135135135135,2,0.8462426623514083,0.8463663004575833,0.0001236381061749947,0.7991774642370455,0.8629398373067916,0.06376237306974608,0.40540540540540543,0.35135135135135137,3,1,2,0.05405405405405406,21,16,0.9260419106052514,0.5856692346104074,0.3403726759948439,20,15,0.4212133603522906,0.36713730694877134,0.05407605340351929
ood,minilm,attribute_agreement,mixed,12908,0.23946389835760767,2,0.6783195662854348,0.6384768335700391,-0.03984273271539562,0.7569784016082058,0.7318133396668121,-0.025165061941393785,0.14533622559652928,0.1502169197396963,268,331,-63,-0.004880694143167028,4147,6217,0.3755434687310359,0.39374592907927425,-0.01820246034823837,3269,5256,0.17868049604519376,0.19094003734249793,-0.012259541297304161
ood,minilm,attribute_agreement,mostly_conflict,19786,0.16627918730415445,2,0.5919158614329578,0.5733287264731394,-0.018587134959818452,0.7151094929514233,0.7022081361912138,-0.012901356760209537,0.1047710502375417,0.10765187506317599,315,372,-57,-0.0028808248256342868,5917,8813,0.28279116705806784,0.2891905580256446,-0.006399390967576775,4628,7185,0.13830626101775076,0.14602516707345642,-0.007718906055705666
ood,minilm,attribute_agreement,mostly_exact,3327,0.32281334535617673,2,0.6910363950797211,0.6758074096527257,-0.015228985426995467,0.762068735373711,0.756346619292383,-0.005722116081327999,0.2076946197775774,0.2058911932672077,102,96,6,0.0018034265103697023,1208,1668,0.5024574054546941,0.48914539250336936,0.013312012951324743,1018,1431,0.2332642910676122,0.24136734151725436,-0.00810305044964215
ood,minilm,attribute_agreement,no_common_keys,5150,0.3300970873786408,2,0.6377013181878843,0.6172057392076247,-0.020495578980259666,0.7750817090497546,0.7646259749551778,-0.010455734094576785,0.1945631067961165,0.2,145,173,-28,-0.005436893203883495,1971,2433,0.4795936245519741,0.47941416302138545,0.00017946153058865524,1671,2061,0.2347203349839825,0.24210083614642341,-0.007380501162440904
ood,minilm,attribute_count,1-4,623,0.43820224719101125,1,0.6932650438086927,0.7147588749725802,0.021493831163887478,0.6932650438086927,0.7147588749725802,0.021493831163887478,0.3595505617977528,0.3418940609951846,25,14,11,0.01765650080256822,265,311,0.8761971026820659,0.7491366618916367,0.1270604407904292,235,263,0.36431540078655433,0.35470977038396206,0.009605630402592269
ood,minilm,attribute_count,10-19,16331,0.2015185842875513,2,0.6334314701826067,0.6103027155531495,-0.023128754629457182,0.7108621987957502,0.6922678229293673,-0.018594375866382906,0.13410078990876248,0.13869328271385709,321,396,-75,-0.004592492805094606,5156,7716,0.3376635613368467,0.3483641764724799,-0.010700615135633251,4196,6438,0.16919453320163047,0.178730136854169,-0.009535603652538525
ood,minilm,attribute_count,20-39,20000,0.21305,2,0.669873061655196,0.6354371451198861,-0.03443591653530986,0.7792823257061204,0.759149347305621,-0.020132978400499435,0.1181,0.12125,364,427,-63,-0.00315,6268,9022,0.3151246003408875,0.32858113872833344,-0.013456538387445954,4886,7468,0.15121980061502507,0.16086236500066733,-0.009642564385642254
ood,minilm,attribute_count,40+,1142,0.28896672504378285,1,0.7777735752020529,0.7795244019959192,0.0017508267938662891,0.7776384680787387,0.7793800741974537,0.001741606118714989,0.14798598949211908,0.14623467600700527,18,16,2,0.0017513134851138354,371,535,0.45126289773065237,0.4512886947875572,-2.5797056904945444e-05,260,425,0.17607510298249537,0.18444652040244364,-0.008371417419948238
ood,minilm,attribute_count,5-9,3075,0.3252032520325203,2,0.6310556605784334,0.6038078693128056,-0.02724779126562782,0.7105671587258934,0.699893000704483,-0.010674158021410363,0.22666666666666666,0.23219512195121952,102,119,-17,-0.0055284552845528455,1183,1547,0.5548993265016093,0.5391624467398052,0.015736879761804143,1009,1339,0.26414873127989297,0.2718845954103342,-0.007735864130441266
ood,minilm,missingness,extreme,32608,0.20942713444553485,2,0.6467657451501514,0.6214470330672509,-0.025318712082900485,0.768020118846302,0.7501726419601378,-0.01784747688616417,0.11960255152109912,0.12306795878312071,591,704,-113,-0.00346540726202159,10237,14812,0.3162563858611323,0.3285688796898186,-0.01231249382868629,8033,12228,0.1533509184232957,0.1626586084270099,-0.009307690003714201
ood,minilm,missingness,high,995,0.3829145728643216,2,0.6502727733044146,0.6392110166502214,-0.011061756654193178,0.7065956826685063,0.7156489294321894,0.009053246763683132,0.27638190954773867,0.26834170854271355,29,21,8,0.008040201005025126,392,503,0.6961508040986497,0.6306249493542055,0.0655258547444441,340,428,0.3053346680217521,0.3069648847891832,-0.0016302167674311291
ood,minilm,missingness,low,27,0.6296296296296297,1,0.8361141236611374,0.9236991766403531,0.0875850529792157,0.8361141236611374,0.9236991766403531,0.0875850529792157,0.5555555555555556,0.5185185185185185,1,0,1,0.037037037037037035,16,11,1.2790075767600924,0.758765486904853,0.5202420898552392,16,11,0.530765846233677,0.45760210161959686,0.07316374461408015
ood,minilm,missingness,medium,330,0.4727272727272727,1,0.6979737010011214,0.7061175186880493,0.008143817686927846,0.7009818492257631,0.7065918687132875,0.005610019487524376,0.41818181818181815,0.3939393939393939,18,10,8,0.024242424242424242,148,164,0.9840364821548915,0.8456956183232419,0.13834086383164976,130,134,0.40510185933248566,0.3913559521068678,0.013745907225617856
ood,minilm,missingness,very_high,7211,0.2457356815975593,2,0.6296990792775264,0.6000125543460639,-0.02968652493146251,0.6664018482133858,0.6448245751588302,-0.02157727305455559,0.1822216058799057,0.18860074885591457,191,237,-46,-0.006379142976008875,2450,3641,0.44653731192067375,0.45205303263671887,-0.005515720716045095,2067,3132,0.2184893233867056,0.2292125536294808,-0.010723230242775198
ood,minilm,bge_sequence_length,128-255,24738,0.20272455331878084,2,0.6500444028997452,0.6240743105228699,-0.02597009237687531,0.7540290717344089,0.7346005283661786,-0.0194285433682303,0.12114964831433422,0.12498989409006386,447,542,-95,-0.0038402457757296467,7852,11056,0.31635633457637824,0.3286038522130772,-0.012247517636698914,6182,9154,0.1545420906206206,0.16343177714576348,-0.008889686525142887
ood,minilm,bge_sequence_length,256-383,4784,0.27048494983277593,2,0.6944070732299858,0.6573804227935053,-0.03702665043648057,0.8069197630578689,0.7952391745734126,-0.0116805884844563,0.13754180602006688,0.14130434782608695,93,111,-18,-0.003762541806020067,1677,2190,0.371646792842501,0.388100238503281,-0.016453445660779997,1304,1841,0.17554027648654702,0.18393382433808875,-0.008393547851541717
ood,minilm,bge_sequence_length,<128,10570,0.23746452223273415,2,0.6162078665716766,0.5918749031193351,-0.024332963452341483,0.6805721416908862,0.6679658896693199,-0.012606252021566289,0.17133396404919585,0.1749290444654683,259,297,-38,-0.0035950804162724692,3351,5354,0.42618592527758126,0.4202378597649034,0.005948065512677879,2824,4499,0.20386221449703348,0.21399778622849522,-0.010135571731461738
ood,minilm,bge_sequence_length,at_384,1079,0.3113994439295644,2,0.5933775208716122,0.5728591291436977,-0.020518391727914476,0.7854129653982754,0.791857829283989,0.006444863885713525,0.16311399443929564,0.15477293790546803,31,22,9,0.008341056533827619,363,531,0.44081333483648844,0.4385344571897061,0.0022788776467822873,276,439,0.19475905215925476,0.20285921224638512,-0.008100160087130366
ood,rumodernbert,category,Бытовая техника,17814,0.35949253396205233,1,0.8301849395007244,0.8253301418906526,-0.004854797610071793,0.8301849395007244,0.8253301418906526,-0.004854797610071793,0.17183114404401034,0.17239250028067812,492,502,-10,-0.0005613562366677894,5255,10869,0.4538514083256484,0.4342931588498865,0.019558249475762,4493,9590,0.21046544386253033,0.22603296121387828,-0.015567517351347942
ood,rumodernbert,category,Одежда,23357,0.11778053688401764,1,0.45235596808416384,0.4407145838211941,-0.011641384262969734,0.45235596808416384,0.4407145838211941,-0.011641384262969734,0.11050220490645203,0.11251444962966134,338,385,-47,-0.002012244723209316,4654,16364,0.27826754687110816,0.2759483693880703,0.0023191774830378753,4115,13295,0.1403683747069794,0.15711923137790393,-0.01675085667092453
ood,rumodernbert,label,0,32016,0.0,0,,,,,,,0.03260869565217391,0.03573213393303348,340,440,-100,-0.00312343828085957,5569,22881,0.11115111145015742,0.13433655945530215,-0.02318544800514474,4763,18978,0.08004811460064164,0.10206679758208004,-0.022018682981438404
ood,rumodernbert,label,1,9155,1.0,0,,,,,,,0.5022392135445112,0.4975423265974877,490,447,43,0.004696886947023485,4340,4352,1.2043462693602769,1.079290563411041,0.12505570594923582,3845,3907,0.48771109862849704,0.48373724379790883,0.003973854830588256
ood,rumodernbert,bge_score_bin,.01-.025,7418,0.057427878134267994,2,0.08114157471553654,0.0740855021715976,-0.007056072543938946,0.07880935552320524,0.0689535952870872,-0.009855760236118047,0.057427878134267994,0.0572930709086007,2,1,1,0.00013480722566729578,590,5718,0.24859388464695847,0.23071412723715262,0.01787975740980582,330,4838,0.07218861230504672,0.09652743211224972,-0.024338819807202997
ood,rumodernbert,bge_score_bin,.025-.05,6226,0.09701252810793447,2,0.10848101274808107,0.13305793984090908,0.024576927092828008,0.11040908363176566,0.13644532575181392,0.026036242120048264,0.09701252810793447,0.0965306778027626,8,5,3,0.0004818503051718599,1322,4180,0.3545606229063268,0.327584123368537,0.026976499537789855,948,3732,0.12564924284708087,0.15282882292383376,-0.0271795800767529
ood,rumodernbert,bge_score_bin,.05-.10,4995,0.15015015015015015,2,0.1877009500123586,0.22693159014509448,0.03923064013273589,0.18399765801294443,0.23008324725525536,0.04608558924231093,0.15015015015015015,0.15035035035035035,17,18,-1,-0.0002002002002002002,1837,2837,0.4586778513243423,0.42713610721479195,0.03154174410955035,1607,2608,0.19892842135092875,0.2223457686832404,-0.02341734733231164
ood,rumodernbert,bge_score_bin,.10-.20,3592,0.24832962138084633,2,0.3118197615431766,0.36455370294215383,0.052733941398977247,0.30373534672130165,0.360162901722628,0.056427555001326346,0.24832962138084633,0.24749443207126948,57,54,3,0.0008351893095768374,1787,1699,0.5944129656792398,0.5704164662528327,0.023996499426407046,1677,1613,0.31772016219064625,0.32263118215631237,-0.004911019965666108
ood,rumodernbert,bge_score_bin,.20-.40,3305,0.3854765506807867,2,0.4339250485536529,0.45822861158712885,0.024303563033475972,0.43065708836661454,0.4582135197280416,0.027556431361427047,0.3854765506807867,0.3875945537065053,211,218,-7,-0.002118003025718608,1742,1518,0.6856742272076073,0.7055677461923044,-0.019893518984697052,1685,1448,0.44598708843950424,0.4339782235070319,0.012008864932472335
ood,rumodernbert,bge_score_bin,.40-.60,1776,0.5343468468468469,2,0.5786110099286897,0.6034152269993215,0.02480421707063174,0.578882636587428,0.6125715230271884,0.033688886439760424,0.47184684684684686,0.44707207207207206,396,352,44,0.024774774774774775,965,792,0.6915694747672144,0.7242749558355444,-0.032705481068329996,934,775,0.4957730971981545,0.47285102231759446,0.02292207488056004
ood,rumodernbert,bge_score_bin,.60-.80,1357,0.6912306558585114,2,0.7121063722198148,0.7609041316271532,0.04879775940733844,0.7516645916303559,0.7821345773948483,0.030469985764492336,0.3087693441414886,0.3544583640383198,126,188,-62,-0.045689019896831246,651,681,0.609051248168729,0.625871745320731,-0.0168204971520019,637,665,0.4179265688426721,0.42075920090018915,-0.0028326320575169984
ood,rumodernbert,bge_score_bin,.80-.90,819,0.8400488400488401,2,0.8689122398905387,0.8887880974786357,0.019875857588097068,0.8746626191107605,0.8767166068923183,0.0020539877815578533,0.15995115995115994,0.1855921855921856,10,31,-21,-0.02564102564102564,332,452,0.43455390119256126,0.4614182242224146,-0.0268643230298533,313,432,0.2574688009144477,0.29421733187850435,-0.03674853096405665
ood,rumodernbert,bge_score_bin,.90-.95,818,0.9193154034229829,1,0.9225555708843544,0.9289634391487158,0.00640786826436146,0.9228810086947876,0.9293583347466532,0.006477326051865573,0.08068459657701711,0.09046454767726161,2,10,-8,-0.009779951100244499,242,522,0.2812573806148095,0.30126353186224336,-0.020006151247433854,211,490,0.14059074831475254,0.18499270644412355,-0.044401958129371
ood,rumodernbert,bge_score_bin,.95-.975,951,0.9400630914826499,2,0.7950286414769461,0.9754208530785642,0.1803922116016181,0.9506227845909032,0.95086542756994,0.0002426429790367557,0.05993690851735016,0.06414300736067298,1,5,-4,-0.004206098843322818,214,628,0.23358576581731397,0.23834912671339717,-0.004763360896083204,136,566,0.09159424314990279,0.12438832966514816,-0.032794086515245374
ood,rumodernbert,bge_score_bin,.975-.99,807,0.9628252788104089,1,0.9691963324072695,0.9731877779928129,0.003991445585543318,0.9691963324072695,0.9731877779928129,0.003991445585543318,0.03717472118959108,0.04337050805452292,0,5,-5,-0.006195786864931847,75,530,0.16592960420761688,0.16955786938979672,-0.0036282651821798123,21,412,0.053722152110221515,0.07591606731973173,-0.022193915209510216
ood,rumodernbert,bge_score_bin,.99-1,60,0.9666666666666667,1,0.9416898616698162,0.9533210271880401,0.011631165518223963,0.9416898616698162,0.9533210271880401,0.011631165518223963,0.03333333333333333,0.03333333333333333,0,0,0,0.0,2,42,0.1730656732490258,0.1673893028226235,0.00567637042640226,1,29,0.04123070935408275,0.05373106598854065,-0.012500356634457905
ood,rumodernbert,bge_score_bin,00-.01,9047,0.016911683430971592,2,0.04437482127301983,0.03602328244882701,-0.008351538824192824,0.02815562894557823,0.022266178712237794,-0.005889450233340435,0.016911683430971592,0.016911683430971592,0,0,0,0.0,150,7634,0.09211366607667412,0.08654405783029767,0.0055696082463764654,108,5277,0.021523081602789772,0.03749340710964822,-0.015970325506858448
ood,rumodernbert,bge_uncertainty,confident,2596,0.44722650231124805,2,0.6049127989464286,0.622550598506498,0.01763779956006939,0.6377202981908147,0.6568118778623515,0.01909157967153685,0.32819722650231126,0.35092449922958396,104,163,-59,-0.022727272727272728,1296,1249,0.6492988937328791,0.6668039455537598,-0.01750505182088073,1251,1197,0.41219078919897645,0.4101092630591192,0.0020815261398572675
ood,rumodernbert,bge_uncertainty,extreme,30322,0.14557087263373128,2,0.48215352840051084,0.479709613906769,-0.002443914493741872,0.7204182264538279,0.7178000382618918,-0.002618188191936155,0.06886089308093134,0.06932260404986479,30,44,-14,-0.0004617109689334477,4432,22091,0.25633235968974205,0.2403359027109352,0.015996456978806813,3362,17952,0.09082814697659486,0.11382752382083687,-0.02299937684424202
ood,rumodernbert,bge_uncertainty,mid,2066,0.5087124878993223,2,0.6158900468541622,0.6189127671143999,0.0030227202602377545,0.6227774078518146,0.6287163100024781,0.005938902150663505,0.4070667957405615,0.4119070667957406,233,243,-10,-0.00484027105517909,1097,950,0.6810532122727752,0.7019294854347712,-0.020876273161996115,1071,916,0.4700224552040294,0.4552878109442515,0.014734644259777847
ood,rumodernbert,bge_uncertainty,uncertain,918,0.545751633986928,2,0.5960038749181884,0.6297440012660749,0.03374012634788648,0.5951723297385656,0.6411381405157457,0.045965810777180094,0.46078431372549017,0.44880174291938996,174,163,11,0.011982570806100218,499,407,0.6925687872033525,0.7241133322027813,-0.031544544999428714,481,399,0.4938321488550286,0.4709464380180784,0.02288571083695021
ood,rumodernbert,bge_uncertainty,very_confident,4411,0.3581954205395602,2,0.5808115436551894,0.601320736384688,0.020509192729498582,0.6729519041915006,0.690706649127002,0.017754744935501332,0.23192019950124687,0.23600090682384947,67,85,-18,-0.004080707322602585,2119,2151,0.5647315841751389,0.5501785246924356,0.014553059482703305,1990,2045,0.3065331604030229,0.3173555205427271,-0.010822360139704161
ood,rumodernbert,bge_uncertainty,very_uncertain,858,0.5221445221445221,2,0.558503467065649,0.5753003810731907,0.016796914007541686,0.5565915047243499,0.5819115547997742,0.02532005007542426,0.4836829836829837,0.44522144522144524,222,189,33,0.038461538461538464,466,385,0.6905002803425351,0.7244478818202491,-0.0339476014777139,453,376,0.4978497761946458,0.47488879433036335,0.02296098186428244
ood,rumodernbert,title_similarity,exact_token_set,8270,0.2407496977025393,2,0.7081088686568269,0.7015778311881389,-0.006531037468687995,0.7971014910066275,0.7938343880611245,-0.003267102945503031,0.1332527206771463,0.1334945586457074,165,167,-2,-0.0002418379685610641,1796,5753,0.33227951860957,0.3166657346500894,0.015613783959480564,1575,4679,0.16299687693302492,0.17992575537537797,-0.01692887844235305
ood,rumodernbert,title_similarity,high,4845,0.32445820433436534,2,0.6200661893225525,0.5991899332677664,-0.020876256054786158,0.7968801562890878,0.7921847340149639,-0.004695422274123895,0.18121775025799794,0.18163054695562436,131,133,-2,-0.000412796697626419,1335,3075,0.47243347113354917,0.4446581492691831,0.02777532186436607,1144,2678,0.21275451569874426,0.22980802040626425,-0.017053504707519988
ood,rumodernbert,title_similarity,low,9683,0.19838892905091396,2,0.616377201288979,0.6139194043761453,-0.002457796912833654,0.6828182516662429,0.6739641707993286,-0.008854080866914305,0.13879995869048847,0.13941960136321388,199,205,-6,-0.000619642672725395,2494,6119,0.35228497264898967,0.34778914425658086,0.004495828392408807,2172,5148,0.17379188384282718,0.1879031505546506,-0.014111266711823422
ood,rumodernbert,title_similarity,medium,9308,0.25859475719810915,2,0.6377739178863641,0.6165083210761153,-0.021265596810248755,0.7423980467371057,0.7335682137219395,-0.008829833015166266,0.15771379458530296,0.1609368285345939,192,222,-30,-0.0032230339492909325,2498,5875,0.4161503537234898,0.399992318758693,0.01615803496479684,2168,5055,0.19436563615878819,0.2101789006865217,-0.015813264527733538
ood,rumodernbert,title_similarity,near_exact,1060,0.4207547169811321,2,0.6670876423043592,0.6521064158159222,-0.014981226488437027,0.8848209434290522,0.8788998951948069,-0.005921048234245219,0.1650943396226415,0.15377358490566037,40,28,12,0.011320754716981131,289,670,0.43673814342974887,0.41846991061613426,0.018268232813614588,250,588,0.20641901126056733,0.2236846792546786,-0.017265667994111285
ood,rumodernbert,title_similarity,very_low,8005,0.10218613366645847,2,0.556744390947936,0.5376326973034549,-0.019111693644481176,0.545087273280685,0.5205972499612447,-0.02449002331944028,0.08432229856339787,0.08794503435352904,103,132,-29,-0.003622735790131168,1497,5741,0.2248428455945586,0.23413880633205675,-0.009295960737498169,1299,4737,0.11720792500302359,0.13517327022038955,-0.01796534521736595
ood,rumodernbert,title_exact_near,exact,958,0.2265135699373695,2,0.6847954332908623,0.6649429700501733,-0.01985246324068901,0.8044256220754711,0.7984573214668476,-0.005968300608623522,0.11795407098121086,0.11691022964509394,9,8,1,0.0010438413361169101,173,687,0.37110612323277503,0.3224171680612308,0.04868895517154428,150,482,0.13429304354692945,0.14903176772371246,-0.014738724176782998
ood,rumodernbert,title_exact_near,high_nonexact,4812,0.3248129675810474,2,0.6213028611186588,0.6005590661587517,-0.02074379495990719,0.797196973246809,0.7923722144004315,-0.004824758846377564,0.1814214463840399,0.18204488778054864,130,133,-3,-0.0006234413965087282,1325,3056,0.4728598176671316,0.44490021240394756,0.027959605263183914,1135,2661,0.2127462776178038,0.22989915295139499,-0.017152875333591187
ood,rumodernbert,title_exact_near,near_exact,8405,0.26519928613920285,2,0.7052982499573432,0.7000229115909717,-0.005275338366371507,0.8152481065189126,0.8118622266877578,-0.003385879831154792,0.13908387864366448,0.13789411064842355,197,187,10,0.001189767995240928,1922,5755,0.3413340999295048,0.32921320582130625,0.012120894108198563,1684,4802,0.1719448101270557,0.18910939421192818,-0.017164584084872474
ood,rumodernbert,title_exact_near,not_near,26996,0.19062083271595792,2,0.6105193631082414,0.6010347532564626,-0.009484609851778791,0.69091595528577,0.6795013054089675,-0.011414649876802518,0.1291672840420803,0.13157504815528226,494,559,-65,-0.002407764113201956,6489,17735,0.3365154045637447,0.3320881586727849,0.004427245890959795,5639,14940,0.16410696370815306,0.17994789755982532,-0.015840933851672262
ood,rumodernbert,brand_state,conflict,3818,0.28129910948140385,2,0.6121667794630132,0.6082106346484561,-0.003956144814557083,0.7232288641554518,0.7203317597091823,-0.0028971044462695605,0.1820324777370351,0.17627029858564694,100,78,22,0.005762179151388162,1081,2439,0.4836855571430483,0.4543447429324254,0.02934081421062289,942,2197,0.2127065821189542,0.2282889437183129,-0.015582361599358666
ood,rumodernbert,brand_state,match,2598,0.3745188606620477,2,0.7384100018121837,0.7267756268105788,-0.011634375001604913,0.8162442134850469,0.8065373944433227,-0.009706819041724213,0.20323325635103925,0.20554272517321015,78,84,-6,-0.0023094688221709007,830,1497,0.5116286598783765,0.5004650094408416,0.011163650437534983,698,1321,0.23860542626912204,0.25213658607445133,-0.01353115980532931
ood,rumodernbert,brand_state,one_missing,34755,0.20451733563516042,2,0.6371020213073284,0.6299301307469543,-0.00717189056037415,0.7394022601786591,0.7312467464254496,-0.008155513753209442,0.12714717306862322,0.1292475902747806,652,725,-73,-0.0021004172061573874,7998,23297,0.3282543911565356,0.3207287605382169,0.007525630618318685,6968,19367,0.16100719082205975,0.17752055878635553,-0.01651336796429577
ood,rumodernbert,model_attribute_state,both_missing,9761,0.2613461735477922,2,0.6296318838576115,0.6196367533058622,-0.009995130551749276,0.7009022946707486,0.6967514695158386,-0.004150825154910054,0.182255916402008,0.1845097838336236,266,288,-22,-0.002253867431615613,2756,6345,0.4517530484492007,0.4299376381030087,0.021815410346191996,2452,5570,0.21760604667843622,0.2324759705474271,-0.014869923868990895
ood,rumodernbert,model_attribute_state,conflict,11247,0.1635102694051747,2,0.621914030770647,0.611458970381133,-0.010455060389514048,0.7157353949030082,0.7066769935046902,-0.009058401398318039,0.1034053525384547,0.10518360451676002,136,156,-20,-0.0017782519783053259,2256,7512,0.2818877294789981,0.2768457129995601,0.0050420164794380004,1902,5972,0.1329374366834081,0.14920461620903863,-0.016267179525630542
ood,rumodernbert,model_attribute_state,match,1944,0.3441358024691358,2,0.7600693327684132,0.763659123937413,0.003589791168999823,0.8886410465919753,0.890023589549763,0.0013825429577877246,0.15020576131687244,0.13940329218106995,59,38,21,0.010802469135802469,538,1235,0.34266083938780606,0.32789916632980975,0.014761673057996378,483,1062,0.1776322503128353,0.19243828785234923,-0.014806037539513945
ood,rumodernbert,model_attribute_state,one_missing,18219,0.22482024260387506,2,0.6329357591578691,0.6208146668815984,-0.012121092276270784,0.7554156719162617,0.7441919609967217,-0.011223710919539998,0.13216971293704374,0.13414567210055436,369,405,-36,-0.0019759591635106206,4359,12141,0.34789607602221523,0.3421748392652925,0.005721236756922762,3771,10281,0.1681375749702714,0.18524522530085455,-0.017107650330583153
ood,rumodernbert,title_code_state,both_missing,6094,0.19970462750246143,2,0.6012610978799475,0.5881439353290576,-0.013117162550889905,0.5937860564753367,0.5827152974314207,-0.011070759043915968,0.1665572694453561,0.16869051526091236,167,180,-13,-0.002133245815556285,1625,4112,0.3928910879687787,0.3857667524210558,0.007124335547722996,1468,3588,0.20258855918964644,0.21897228516312073,-0.016383725973474265
ood,rumodernbert,title_code_state,conflict,16549,0.15565895220255,2,0.5264758559378397,0.5180923532576306,-0.008383502680209154,0.5825964431968025,0.5775056291636729,-0.005090814033129609,0.12169919632606199,0.12188047616170161,234,237,-3,-0.00018127983563961567,3538,10959,0.3462284315200014,0.330221287705354,0.016007143814647417,2958,8949,0.15079098983844277,0.16677312513630926,-0.015982135297866493
ood,rumodernbert,title_code_state,match,4880,0.5956967213114754,2,0.7551696733402595,0.7525161627907933,-0.002653510549466276,0.9317721724726965,0.926777242648816,-0.004994929823880501,0.1567622950819672,0.1555327868852459,147,141,6,0.0012295081967213116,1523,2889,0.3834613674717434,0.37645945506736733,0.00700191240437611,1315,2539,0.197310102213979,0.21200672690575317,-0.014696624691774171
ood,rumodernbert,title_code_state,one_missing,13648,0.17987983587338804,2,0.6029918953249209,0.5896396262827412,-0.013352269042179676,0.6442544492475952,0.6313189870882311,-0.012935462159364142,0.1354044548651817,0.13884818288393905,282,329,-47,-0.003443728018757327,3223,9273,0.33624706943238764,0.33184404860275973,0.004403020829627822,2867,7809,0.1710820248868494,0.18811889488517103,-0.017036869998321637
ood,rumodernbert,model_sku_code_state,conflict,16549,0.15565895220255,2,0.5264758559378397,0.5180923532576306,-0.008383502680209154,0.5825964431968025,0.5775056291636729,-0.005090814033129609,0.12169919632606199,0.12188047616170161,234,237,-3,-0.00018127983563961567,3538,10959,0.3462284315200014,0.330221287705354,0.016007143814647417,2958,8949,0.15079098983844277,0.16677312513630926,-0.015982135297866493
ood,rumodernbert,model_sku_code_state,match,4880,0.5956967213114754,2,0.7551696733402595,0.7525161627907933,-0.002653510549466276,0.9317721724726965,0.926777242648816,-0.004994929823880501,0.1567622950819672,0.1555327868852459,147,141,6,0.0012295081967213116,1523,2889,0.3834613674717434,0.37645945506736733,0.00700191240437611,1315,2539,0.197310102213979,0.21200672690575317,-0.014696624691774171
ood,rumodernbert,model_sku_code_state,no_evidence,6094,0.19970462750246143,2,0.6012610978799475,0.5881439353290576,-0.013117162550889905,0.5937860564753367,0.5827152974314207,-0.011070759043915968,0.1665572694453561,0.16869051526091236,167,180,-13,-0.002133245815556285,1625,4112,0.3928910879687787,0.3857667524210558,0.007124335547722996,1468,3588,0.20258855918964644,0.21897228516312073,-0.016383725973474265
ood,rumodernbert,model_sku_code_state,one_missing,13648,0.17987983587338804,2,0.6029918953249209,0.5896396262827412,-0.013352269042179676,0.6442544492475952,0.6313189870882311,-0.012935462159364142,0.1354044548651817,0.13884818288393905,282,329,-47,-0.003443728018757327,3223,9273,0.33624706943238764,0.33184404860275973,0.004403020829627822,2867,7809,0.1710820248868494,0.18811889488517103,-0.017036869998321637
ood,rumodernbert,numeric_size_state,both_missing,6748,0.37922347362181386,2,0.7138991915235922,0.7049303789305024,-0.008968812593089792,0.8136754765256897,0.8102785622445444,-0.0033969142811453024,0.2024303497332543,0.20465323058684054,198,213,-15,-0.0022228808535862477,2136,4099,0.516766547503787,0.4834454172268772,0.03332113027690976,1851,3648,0.2395898743672852,0.25369565971784674,-0.014105785350561539
ood,rumodernbert,numeric_size_state,conflict,15239,0.11326202506726163,2,0.6400191703636449,0.6372357886721228,-0.0027833816915220355,0.4891297282798192,0.47198189621144143,-0.017147832068377777,0.10230330074151847,0.1039438283351926,161,186,-25,-0.0016405275936741256,2996,10831,0.26375481661820954,0.26478183587566934,-0.0010270192574597992,2601,8736,0.13235481848107702,0.14836853888966983,-0.01601372040859283
ood,rumodernbert,numeric_size_state,match,3051,0.15339233038348082,2,0.7108512989582083,0.7107275227621705,-0.00012377619603776147,0.559275127228674,0.5494012835344243,-0.009873843694249707,0.12848246476565062,0.1373320222877745,79,106,-27,-0.008849557522123894,662,2167,0.3259232690484973,0.31954608288874825,0.006377186159748958,601,1905,0.16748648944588013,0.19310814785155686,-0.025621658405676723
ood,rumodernbert,numeric_size_state,one_missing,16133,0.2728568772082068,2,0.6445917865767128,0.6424869666131536,-0.002104819963559157,0.7996650250252917,0.7923826915605182,-0.007282333464773472,0.14411454782123598,0.14349470030372527,392,382,10,0.0006198475175106924,4115,10136,0.3770849732420603,0.366304421018978,0.010780552223082421,3555,8596,0.17870865397849622,0.1942779162801042,-0.015569262301607968
ood,rumodernbert,numeric_ram_storage_state,both_missing,41122,0.22226545401488254,2,0.6412471806008503,0.6329398895580215,-0.00830729104282879,0.7446576257893053,0.736784437668766,-0.007873188120539276,0.1370555906813871,0.1384660279169301,829,887,-58,-0.0014104372355430183,9896,27205,0.35421642010297877,0.34452453956318096,0.009691880539797798,8596,22860,0.1706792118545315,0.18694939248336118,-0.016270180628829654
ood,rumodernbert,numeric_ram_storage_state,one_missing,42,0.2619047619047619,1,0.7910198135198137,0.8760224623860988,0.08500264886628517,0.7910198135198135,0.8760224623860988,0.08500264886628528,0.14285714285714285,0.11904761904761904,1,0,1,0.023809523809523808,11,24,0.4142881385158,0.3159694844628242,0.09831865405297593,10,21,0.1999495353264224,0.18540822578194951,0.01454130954447291
ood,rumodernbert,numeric_volume_state,both_missing,33622,0.19820355719469396,2,0.6319302047553281,0.6256136063078186,-0.006316598447509536,0.6936425226293754,0.6864983732703475,-0.0071441493590279626,0.1367556956754506,0.13919457498066742,622,704,-82,-0.0024388793052168224,7976,22335,0.3484119507657143,0.3390834701801498,0.009328480585564456,6966,18542,0.16914766831115682,0.18500060419805328,-0.015852935886896465
ood,rumodernbert,numeric_volume_state,conflict,1758,0.17064846416382254,1,0.6426581766139327,0.6396992535930878,-0.0029589230208448836,0.6447828085510459,0.6385488458728193,-0.006233962678226512,0.11717861205915814,0.11319681456200227,30,23,7,0.003981797497155859,369,1203,0.3589463935961893,0.3383637912414197,0.02058260235476962,306,1043,0.14751450166575594,0.16703467266816874,-0.01952017100241281
ood,rumodernbert,numeric_volume_state,match,2745,0.43169398907103823,1,0.9072922110974709,0.8932216807045065,-0.014070530392964464,0.9073803073729171,0.8933204853609367,-0.014059822011980416,0.13806921675774134,0.14061930783242257,95,102,-7,-0.0025500910746812386,734,1764,0.3609779743012019,0.3679184804249412,-0.006940506123739328,633,1591,0.1838944143415488,0.2049149790697329,-0.021020564728184095
ood,rumodernbert,numeric_volume_state,one_missing,3046,0.3302692055154301,2,0.7563516043201268,0.7519631544254456,-0.0043884498946812345,0.835722888570289,0.8327418417582378,-0.0029810468120511358,0.15068942875902824,0.14248194353250165,83,58,25,0.008207485226526593,830,1931,0.4097784544116314,0.38620492034903414,0.023573534062597275,703,1709,0.18930137220760604,0.20359690476484715,-0.0142955325572411
ood,rumodernbert,numeric_weight_state,both_missing,23863,0.1407618488873989,2,0.6170767784331664,0.6078791117804625,-0.00919766665270394,0.5534227661735074,0.5424631512190223,-0.010959614954485053,0.11997653270753887,0.12215563843607258,373,425,-52,-0.002179105728533713,4964,16594,0.30349498891049215,0.296710402422623,0.006784586487869179,4386,13620,0.15002804775771883,0.16691982513923437,-0.016891777381515524
ood,rumodernbert,numeric_weight_state,conflict,7418,0.30870854677810733,2,0.7620445404621461,0.7023718364967304,-0.059672703965415685,0.8140490903525284,0.8093195727319927,-0.004729517620535639,0.1503100566190348,0.14896198436236183,195,185,10,0.0013480722566729577,2096,4541,0.4164424168135221,0.40124189445430214,0.015200522359220063,1765,3951,0.18835872413248617,0.20402819749990356,-0.015669473367417395
ood,rumodernbert,numeric_weight_state,match,1543,0.5346727154893065,2,0.7834483570956441,0.7653489943354436,-0.01809936276020052,0.9303930912005439,0.9242059870185179,-0.00618710418202606,0.15683732987686325,0.16396629941672067,52,63,-11,-0.007128969539857421,429,970,0.40340453706981555,0.39651978000826876,0.006884757061546808,374,871,0.2035783638354398,0.22289092631464943,-0.019312562479209625
ood,rumodernbert,numeric_weight_state,one_missing,8347,0.3211932430813466,2,0.6525558988581964,0.6574201021814998,0.0048642033233033954,0.7997160413033965,0.792937292179915,-0.00677874912348142,0.1703606086018929,0.1708398226907871,210,214,-4,-0.0004792140888942135,2420,5128,0.434944304683008,0.42089153814822233,0.014052766534785752,2083,4443,0.20801842702081255,0.22232842969957964,-0.01431000267876708
ood,rumodernbert,numeric_dimensions_state,both_missing,11375,0.19138461538461538,2,0.606900011933436,0.603253490544295,-0.003646521389141011,0.5936746808235223,0.5900705910853353,-0.003604089738186933,0.1549010989010989,0.15824175824175823,245,283,-38,-0.0033406593406593407,2837,7893,0.38410728734509414,0.3706722879711755,0.013434999373918647,2547,6922,0.19087102897719935,0.20821780114113303,-0.017346772163933665
ood,rumodernbert,numeric_dimensions_state,conflict,8517,0.194786896794646,2,0.639933761677212,0.6275750903224722,-0.012358671354739892,0.7803205945862346,0.7638008851318727,-0.016519709454361875,0.10402723963837032,0.10344017846659621,130,125,5,0.0005870611717740989,1775,5509,0.2916026767536165,0.2890097997894795,0.002592876964137023,1468,4374,0.13419464686381927,0.14977878030836017,-0.015584133444540925
ood,rumodernbert,numeric_dimensions_state,match,4991,0.3281907433380084,2,0.7039633300510673,0.6987488105999955,-0.005214519451071764,0.8433804123592546,0.8386023327050991,-0.004778079654155554,0.1574834702464436,0.1562813063514326,146,140,6,0.0012021638950110197,1440,3097,0.4030971302362277,0.3883164995226652,0.0147806307135624,1255,2736,0.19386700428440584,0.2110980333360776,-0.017231029051671745
ood,rumodernbert,numeric_dimensions_state,one_missing,16288,0.22599459724950885,2,0.6379610476307637,0.6244902794475824,-0.01347076818318127,0.7547935104994353,0.7467532714862396,-0.008040239013195727,0.13555992141453832,0.13740176817288802,309,339,-30,-0.0018418467583497054,3857,10734,0.35116318220233084,0.34171432993322043,0.009448852269110412,3338,8853,0.16859845067901352,0.18410187955001686,-0.015503428871003332
ood,rumodernbert,numeric_pack_count_state,both_missing,13823,0.18584967083845763,2,0.647565814178999,0.6310199536699105,-0.016545860509088572,0.6895493368811246,0.6791936095268074,-0.010355727354317223,0.1310135281776749,0.132822108080735,251,276,-25,-0.0018085799030601172,2954,9558,0.3306162897560307,0.32164385141857804,0.008972438337452596,2617,7832,0.16050471458011067,0.1767995320701409,-0.01629481749003021
ood,rumodernbert,numeric_pack_count_state,conflict,1898,0.2434141201264489,2,0.5368765485801299,0.5800655351808681,0.04318898660073822,0.7664634775405287,0.763089334848608,-0.003374142691920712,0.13382507903055849,0.13171759747102213,35,31,4,0.002107481559536354,525,1157,0.37608339362557297,0.3664249235367641,0.009658470088808895,429,992,0.1695648445746106,0.18594957580441537,-0.016384731229804765
ood,rumodernbert,numeric_pack_count_state,match,8886,0.2708755345487283,2,0.6502381122313381,0.6451999621136811,-0.005038150117656959,0.7969060822009085,0.7916446127781992,-0.005261469422709331,0.1424713031735314,0.1447220346612649,213,233,-20,-0.0022507314877335135,2368,5674,0.377590423691115,0.36504837169813525,0.012542051992979735,2045,4929,0.18231561155903103,0.19958981391723826,-0.017274202358207237
ood,rumodernbert,numeric_pack_count_state,one_missing,16564,0.22440231828060855,2,0.6352690204822553,0.6335130363337538,-0.0017559841485015326,0.7415231071674024,0.7335377735207691,-0.007985333646633341,0.13951943974885295,0.1404853900024149,331,347,-16,-0.0009659502535619416,4062,10844,0.35892419227622424,0.3499424717222665,0.00898172055395771,3517,9132,0.17310240739199484,0.18872239466353613,-0.015619987271541286
ood,rumodernbert,numeric_power_state,both_missing,28529,0.16407865680535597,2,0.6156278925915117,0.6093325516816108,-0.006295340909900915,0.6064037406525807,0.5980001069646365,-0.008403633687944279,0.1308142591748747,0.13284727820813907,476,534,-58,-0.002033019033264398,6355,19421,0.3329690353504275,0.3226476852449642,0.010321350105463352,5603,15980,0.16115480679506067,0.17709467512653485,-0.015939868331474188
ood,rumodernbert,numeric_power_state,conflict,3331,0.19903932752927048,1,0.6946004401783622,0.6846298546934643,-0.009970585484897931,0.6946004401783622,0.6846298546934643,-0.009970585484897931,0.12248574001801261,0.12128489942960072,58,54,4,0.0012008405884118883,844,2107,0.36755176357381103,0.36182904565409524,0.005722717919715782,691,1799,0.16048361501214436,0.17631781717532527,-0.01583420216318089
ood,rumodernbert,numeric_power_state,match,4365,0.4870561282932417,1,0.8960182217427799,0.8878620383484478,-0.008156183394332106,0.8960182217427799,0.8878620383484478,-0.008156183394332106,0.1699885452462772,0.1713631156930126,164,170,-6,-0.0013745704467353953,1271,2727,0.42547146088434734,0.42136949487598707,0.004101966008360241,1094,2477,0.21411739621468248,0.23353283852701506,-0.019415442312332585
ood,rumodernbert,numeric_power_state,one_missing,4946,0.3406793368378488,2,0.6725002868263756,0.9204877449229408,0.2479874580965652,0.8444637143032249,0.840525006425495,-0.0039387078777298745,0.15365952284674483,0.15305297209866559,132,129,3,0.000606550748079256,1439,2978,0.40510162140005807,0.3907153633214673,0.014386258078590834,1220,2629,0.194305844290175,0.2097382900306081,-0.015432445740433093
ood,rumodernbert,numeric_optical_state,both_missing,41163,0.2223841799674465,2,0.6413079411649233,0.633059856618491,-0.008248084546432333,0.7448932654866103,0.7371373910395929,-0.007755874447017419,0.1370405461215169,0.13842528484318442,830,887,-57,-0.001384738721667517,9908,27231,0.35415814974148174,0.3443877601607008,0.009770389580780981,8608,22883,0.17070620213169338,0.18694661740841528,-0.0162404152767219
ood,rumodernbert,numeric_conflict_count,multiple,12955,0.2570436125048244,2,0.6513578846085417,0.6393924727039014,-0.011965411904640288,0.8162456014370739,0.8065751950577831,-0.009670406379290841,0.12443072172906214,0.12435353145503666,273,272,1,7.719027402547279e-05,3173,8305,0.3426406373396959,0.3375207194697158,0.0051199178699801624,2654,6979,0.15995662070239208,0.1771029817695801,-0.017146361067188
ood,rumodernbert,numeric_conflict_count,none,10044,0.26871764237355633,2,0.6491226901218647,0.6444284319269382,-0.004694258194926526,0.7260970738626848,0.7214561304887538,-0.004640943373931061,0.17652329749103943,0.17941059338908802,266,295,-29,-0.0028872958980485862,2704,6490,0.44094038867379187,0.41419603904286056,0.026744349630931235,2406,5608,0.20999382051668247,0.22610771149004996,-0.016113890973367503
ood,rumodernbert,numeric_conflict_count,one,18172,0.1720228923618754,2,0.6375070160056133,0.6284291711004069,-0.009077844905206467,0.669603708118388,0.6603998262019722,-0.009203881916415746,0.12420206911732336,0.12579793088267666,291,320,-29,-0.0015958617653532908,4032,12438,0.3145877921861242,0.31086608291175294,0.0037217092743712125,3548,10298,0.15663656122215414,0.17229749479015835,-0.01566093356800422
ood,rumodernbert,numeric_match_count,multiple,6075,0.3940740740740741,2,0.7152625103274262,0.7036894529887419,-0.0115730573386843,0.8846273356469413,0.8735956771579395,-0.011031658489001783,0.1479835390946502,0.1522633744855967,199,225,-26,-0.004279835390946502,1643,3887,0.3845275517862713,0.3830171764575988,0.0015103753286725367,1420,3486,0.19155925992132766,0.21310948397282037,-0.021550224051492695
ood,rumodernbert,numeric_match_count,none,24175,0.1694725956566701,2,0.6004938970383497,0.5922103490217087,-0.008283548016640996,0.6421311169509509,0.6320874768008434,-0.010043640150107502,0.1271147880041365,0.12794208893485004,362,382,-20,-0.000827300930713547,5302,16323,0.3302505665933723,0.3221752124357376,0.00807535415763481,4584,13300,0.1566274953169941,0.17181828839338895,-0.015190793076394843
ood,rumodernbert,numeric_match_count,one,10921,0.24393370570460582,2,0.6412227448569677,0.642226180827695,0.0010034359707272733,0.7371207737246581,0.7371762177090049,5.544398434675912e-05,0.15291639959710648,0.15392363336690779,269,280,-11,-0.0010072337698013004,2964,7023,0.3904946209765772,0.37234770514926896,0.0181469158273082,2604,6099,0.19024112642501922,0.2058454190378782,-0.015604292612858986
ood,rumodernbert,numeric_primary_conflict,dimensions,2297,0.22638223770134958,2,0.6368449327447957,0.6321247940849921,-0.0047201386598035855,0.7960540584008474,0.7888755836003366,-0.0071784748005108145,0.12755768393556813,0.12886373530692208,37,40,-3,-0.00130605137135394,535,1354,0.32162611548239856,0.30991252809752584,0.011713587384872673,464,1054,0.1551026129186545,0.1666038892929056,-0.011501276374251086
ood,rumodernbert,numeric_primary_conflict,model_number,2863,0.32238910234020257,2,0.6997051503467211,0.6825886722218232,-0.017116478124897916,0.7891710789398554,0.7803218104253542,-0.008849268514501185,0.16905344044708348,0.16940272441494936,56,57,-1,-0.00034928396786587494,782,1788,0.48008551859375104,0.44564628096617964,0.034439237627571305,661,1543,0.20154783345716099,0.21755572797613784,-0.01600789451897686
ood,rumodernbert,numeric_primary_conflict,none,7166,0.24713926876918782,2,0.643367795513357,0.6403357470940898,-0.003032048419267186,0.6833485120806575,0.6819220590589207,-0.0014264530217368288,0.17945855428411944,0.1835054423667318,209,238,-29,-0.0040468880826123365,1915,4694,0.4250987556817073,0.40148730594989573,0.02361144973181159,1739,4057,0.21327876194200127,0.2294807809432094,-0.016202019001208122
ood,rumodernbert,numeric_primary_conflict,pack_count,1645,0.3513677811550152,2,0.5442831106229231,0.5514716456474422,0.007188535024519105,0.8266238092005159,0.8225864394183797,-0.004037369782136202,0.17325227963525835,0.17446808510638298,44,46,-2,-0.0012158054711246201,491,992,0.4512095905837525,0.4404471739839439,0.010762416599808642,420,872,0.21567727954851926,0.2349441029589997,-0.01926682341048044
ood,rumodernbert,numeric_primary_conflict,power,875,0.272,1,0.7950893863371531,0.7830095565506051,-0.01207982978654798,0.7950893863371531,0.7830095565506051,-0.01207982978654798,0.14742857142857144,0.14857142857142858,20,21,-1,-0.001142857142857143,224,554,0.384453541076513,0.38233333625119953,0.002120204825313467,186,485,0.1846982515874718,0.20387250742475901,-0.019174255837287223
ood,rumodernbert,numeric_primary_conflict,size,16973,0.11559535733223354,2,0.6548823473841664,0.6489850005484965,-0.005897346835669892,0.5034932006942173,0.4847100638361889,-0.018783136858028404,0.10328168267247982,0.10528486419607612,199,233,-34,-0.0020031815235963,3344,12063,0.2643846405837932,0.2662096688684615,-0.001825028284668301,2915,9802,0.13389903428296623,0.15059314092412093,-0.016694106641154716
ood,rumodernbert,numeric_primary_conflict,volume,3539,0.3040406894602995,1,0.846902888103194,0.8364728891917205,-0.01042999891147356,0.846902888103194,0.8364728891917205,-0.01042999891147356,0.1280022605255722,0.12715456343599887,96,93,3,0.0008476970895733258,853,2341,0.3603649044894795,0.3520533307170206,0.008311573772458869,721,2067,0.16523114987912182,0.18497550170673896,-0.019744351827617135
ood,rumodernbert,numeric_primary_conflict,weight,5796,0.35921325051759834,2,0.6689188395121873,0.6667925868350628,-0.0021262526771245183,0.8377096787441224,0.8334717435578369,-0.0042379351862854575,0.16494133885438234,0.16338854382332643,168,159,9,0.0015527950310559005,1758,3437,0.44433199333405304,0.4289406992482598,0.015391294085793166,1496,2995,0.20504510209431215,0.21858345907176038,-0.013538356977448238
ood,rumodernbert,attribute_key_overlap,high,1615,0.22538699690402478,2,0.6190942251642542,0.6127950268117612,-0.00629919835249293,0.6120085846601424,0.6021787571932912,-0.009829827466851238,0.18637770897832817,0.18575851393188855,37,36,1,0.0006191950464396285,406,1117,0.45007558711470236,0.421823740071095,0.028251847043607333,370,996,0.21428345200961063,0.2339917293400864,-0.019708277330475775
ood,rumodernbert,attribute_key_overlap,low,13573,0.2089442275104988,2,0.6304651362381479,0.6284801772444855,-0.0019849589936624668,0.7616361079650052,0.7516910547264527,-0.009945053238552548,0.12296470934944374,0.12318573638841818,266,269,-3,-0.00022102703897443454,3209,8806,0.318632684765737,0.31448579739688093,0.004146887368856082,2758,7268,0.15680420110132015,0.17169107911119685,-0.014886878009876698
ood,rumodernbert,attribute_key_overlap,medium,11283,0.2146592218381636,2,0.6757522112175042,0.6610923814855183,-0.014659829731985874,0.7137457926152201,0.7001413218525168,-0.013604470762703325,0.1472126207568909,0.14774439422139501,222,228,-6,-0.0005317734645041213,2615,7736,0.36825889104484366,0.3595371636004013,0.00872172744444244,2279,6580,0.17604380838611794,0.19383753994093067,-0.017793731554812713
ood,rumodernbert,attribute_key_overlap,none,5150,0.3300970873786408,2,0.6377013181878843,0.6172555308590696,-0.020445787328814746,0.7750817090497546,0.7663461680069175,-0.008735541042837136,0.1945631067961165,0.20019417475728155,155,184,-29,-0.005631067961165049,1608,3181,0.4795936245519741,0.4581790352053044,0.021414589346669687,1420,2822,0.2347203349839825,0.2508052819637012,-0.0160849469797187
ood,rumodernbert,attribute_key_overlap,tiny,9513,0.19068642909702513,2,0.5829346943792263,0.5781546738004358,-0.004780020578790456,0.7533391937396151,0.75286464105667,-0.00047455268294516184,0.10448859455481972,0.10680121938400085,147,169,-22,-0.0023126248291811206,2054,6375,0.3020597910093504,0.29369071814811615,0.008369072861234181,1764,5204,0.1411486848452833,0.15727867538179027,-0.01612999053650698
ood,rumodernbert,attribute_key_overlap,very_high,37,0.5135135135135135,2,0.8462426623514083,0.8563675379572119,0.010124875605803552,0.7991774642370455,0.8860084445997756,0.08683098036273007,0.40540540540540543,0.35135135135135137,3,1,2,0.05405405405405406,17,18,0.9260419106052514,0.5919912787210124,0.33405063188423884,17,15,0.4212133603522906,0.35722147361249534,0.06399188673979528
ood,rumodernbert,attribute_agreement,mixed,12908,0.23946389835760767,2,0.6783195662854348,0.6667703628319586,-0.011549203453476209,0.7569784016082058,0.7469694746755812,-0.010008926932624673,0.14533622559652928,0.146343352959405,279,292,-13,-0.001007127362875736,3183,8622,0.3755434687310359,0.3644670169621271,0.011076451768908781,2728,7519,0.17868049604519376,0.19722518184105614,-0.018544685795862367
ood,rumodernbert,attribute_agreement,mostly_conflict,19786,0.16627918730415445,2,0.5919158614329578,0.5753038850876433,-0.016611976345314527,0.7151094929514233,0.7003426378143212,-0.014766855137102186,0.1047710502375417,0.10750025270393207,283,337,-54,-0.002729202466390377,4136,13344,0.28279116705806784,0.28331695537141305,-0.0005257883133452271,3585,10715,0.13830626101775076,0.15369718230253812,-0.015390921284787378
ood,rumodernbert,attribute_agreement,mostly_exact,3327,0.32281334535617673,2,0.6910363950797211,0.6949232251795456,0.00388683009982449,0.762068735373711,0.7712420268880387,0.009173291514327664,0.2076946197775774,0.19597234746017433,113,74,39,0.011722272317403066,982,2086,0.5024574054546941,0.45444930277000367,0.04800810268469047,875,1829,0.2332642910676122,0.2458379200487816,-0.012573628981169404
ood,rumodernbert,attribute_agreement,no_common_keys,5150,0.3300970873786408,2,0.6377013181878843,0.6172555308590696,-0.020445787328814746,0.7750817090497546,0.7663461680069175,-0.008735541042837136,0.1945631067961165,0.20019417475728155,155,184,-29,-0.005631067961165049,1608,3181,0.4795936245519741,0.4581790352053044,0.021414589346669687,1420,2822,0.2347203349839825,0.2508052819637012,-0.0160849469797187
ood,rumodernbert,attribute_count,1-4,623,0.43820224719101125,1,0.6932650438086927,0.6909319482054173,-0.002333095603275437,0.6932650438086927,0.6909319482054173,-0.002333095603275437,0.3595505617977528,0.3579454253611557,17,16,1,0.0016051364365971107,235,368,0.8761971026820659,0.7546639230885991,0.12153317959346685,215,332,0.36431540078655433,0.3705379893916568,-0.006222588605102433
ood,rumodernbert,attribute_count,10-19,16331,0.2015185842875513,2,0.6334314701826067,0.6248244657916128,-0.008607004390993933,0.7108621987957502,0.7005605951994535,-0.010301603596296727,0.13410078990876248,0.1363051864552079,318,354,-36,-0.0022043965464454106,3883,11116,0.3376635613368467,0.3325876470236053,0.005075914313241357,3430,9454,0.16919453320163047,0.1862208299229766,-0.017026296721346118
ood,rumodernbert,attribute_count,20-39,20000,0.21305,2,0.669873061655196,0.6546236031024686,-0.015249458552727413,0.7792823257061204,0.768645515275314,-0.010636810430806443,0.1181,0.1196,357,387,-30,-0.0015,4511,13083,0.3151246003408875,0.31091911594357263,0.004205484397314934,3812,10686,0.15121980061502507,0.16771239323769696,-0.016492592622671873
ood,rumodernbert,attribute_count,40+,1142,0.28896672504378285,1,0.7777735752020529,0.7727465269036289,-0.005027048298424042,0.7776384680787387,0.772685755349604,-0.004952712729134667,0.14798598949211908,0.14273204903677758,30,24,6,0.005253940455341506,259,772,0.45126289773065237,0.42021350847683586,0.03104938925381644,221,699,0.17607510298249537,0.1985576468174902,-0.022482543834994814
ood,rumodernbert,attribute_count,5-9,3075,0.3252032520325203,2,0.6310556605784334,0.6397739390963801,0.00871827851794671,0.7105671587258934,0.7197951729960015,0.00922801427010811,0.22666666666666666,0.22601626016260162,108,106,2,0.0006504065040650406,1021,1894,0.5548993265016093,0.5144434999578343,0.040455826543775116,930,1714,0.26414873127989297,0.2742656325447426,-0.010116901264849642
ood,rumodernbert,missingness,extreme,32608,0.20942713444553485,2,0.6467657451501514,0.6371598898118764,-0.00960585533827496,0.768020118846302,0.7585645614600202,-0.009455557386281788,0.11960255152109912,0.12064524043179588,607,641,-34,-0.0010426889106967614,7389,21639,0.3162563858611323,0.31140719668628963,0.004849189174842705,6329,17892,0.1533509184232957,0.17001269061760177,-0.016661772194306066
ood,rumodernbert,missingness,high,995,0.3829145728643216,2,0.6502727733044146,0.6412001547440953,-0.009072618560319268,0.7065956826685063,0.7184491506450901,0.01185346797658382,0.27638190954773867,0.2733668341708543,32,29,3,0.003015075376884422,353,610,0.6961508040986497,0.5966094129148692,0.09954139118378043,324,555,0.3053346680217521,0.3156727268636676,-0.01033805884191551
ood,rumodernbert,missingness,low,27,0.6296296296296297,1,0.8361141236611374,0.8700755209184021,0.03396139725726477,0.8361141236611374,0.8700755209184021,0.03396139725726477,0.5555555555555556,0.48148148148148145,3,1,2,0.07407407407407407,17,10,1.2790075767600924,0.7674520060504842,0.5115555707096081,17,8,0.530765846233677,0.43402766477730537,0.09673818145637159
ood,rumodernbert,missingness,medium,330,0.4727272727272727,1,0.6979737010011214,0.6777284971870177,-0.020245203814103774,0.7009818492257631,0.6800866855781962,-0.02089516364756694,0.41818181818181815,0.41515151515151516,11,10,1,0.0030303030303030303,135,184,0.9840364821548915,0.8657752778897738,0.11826120426511771,122,171,0.40510185933248566,0.4103797637490612,-0.005277904416575576
ood,rumodernbert,missingness,very_high,7211,0.2457356815975593,2,0.6296990792775264,0.6197196158392293,-0.009979463438297143,0.6664018482133858,0.6560777874509797,-0.010324060762406106,0.1822216058799057,0.18624323949521565,177,206,-29,-0.004021633615309943,2015,4790,0.44653731192067375,0.4336992253897129,0.012838086530960927,1816,4259,0.2184893233867056,0.23455454312625773,-0.01606521973955213
ood,rumodernbert,bge_sequence_length,128-255,24738,0.20272455331878084,2,0.6500444028997452,0.6439637886080581,-0.006080614291687048,0.7540290717344089,0.7450156475349625,-0.009013424199446396,0.12114964831433422,0.12248362842590346,459,492,-33,-0.0013339801115692456,5607,16330,0.31635633457637824,0.3118356932319023,0.004520641344475978,4794,13422,0.1545420906206206,0.17015288202778836,-0.015610791407167753
ood,rumodernbert,bge_sequence_length,256-383,4784,0.27048494983277593,2,0.6944070732299858,0.6808016883032773,-0.013605384926708597,0.8069197630578689,0.7989210868765164,-0.007998676181352526,0.13754180602006688,0.1410953177257525,99,116,-17,-0.0035535117056856185,1284,3031,0.371646792842501,0.36440106396197053,0.007245728880530437,1106,2669,0.17554027648654702,0.1946404904969964,-0.019100214010449385
ood,rumodernbert,bge_sequence_length,<128,10570,0.23746452223273415,2,0.6162078665716766,0.6017627973723269,-0.014445069199349736,0.6805721416908862,0.6751700886258096,-0.005402053065076573,0.17133396404919585,0.17246925260170293,245,257,-12,-0.0011352885525070956,2745,7157,0.42618592527758126,0.40318356804837024,0.023002357229210967,2469,6162,0.20386221449703348,0.21975917866807732,-0.015896964171043814
ood,rumodernbert,bge_sequence_length,at_384,1079,0.3113994439295644,2,0.5933775208716122,0.583819179438855,-0.009558341432757245,0.7854129653982754,0.7865490160046639,0.001136050606388439,0.16311399443929564,0.15848007414272475,27,22,5,0.004633920296570899,273,715,0.44081333483648844,0.4288118740619975,0.012001460774490923,239,632,0.19475905215925476,0.21605971982863156,-0.021300667669376803
