kind,pattern,support,negative_support,positive_support,positive_rate,fpr,fnr,false_positives,false_negatives
char,для,9604,6464,3140,0.32694710537276134,0.10612623762376237,0.5945859872611465,686,1867
char,ный,6058,4278,1780,0.2938263453284913,0.07877512856474989,0.5921348314606741,337,1054
char,ная,4014,2756,1258,0.31340308918784254,0.11937590711175616,0.5190779014308426,329,653
char,ель,3363,2245,1118,0.33244127267320844,0.11804008908685969,0.5509838998211091,265,616
char,0мл,2288,1370,918,0.4012237762237762,0.17372262773722627,0.5,238,459
char,льн,3731,2510,1221,0.32725810774591263,0.09402390438247012,0.5454545454545454,236,666
char,кая,1786,1189,597,0.33426651735722285,0.17325483599663583,0.4154103852596315,206,248
char,ств,1481,873,608,0.41053342336259285,0.22107674684994272,0.42269736842105265,193,257
char,ска,2460,1781,679,0.2760162601626016,0.10668163952835485,0.5331369661266568,190,362
char,вет,3911,3076,835,0.2135003835336231,0.06079323797139142,0.5281437125748503,187,441
char,сти,2386,1604,782,0.32774518021793797,0.11658354114713217,0.5115089514066496,187,400
char,игр,1203,493,710,0.5901911886949294,0.3711967545638945,0.2577464788732394,183,183
char,чес,2212,1569,643,0.2906871609403255,0.11536010197578075,0.5116640746500778,181,329
char,шка,1748,1125,623,0.35640732265446223,0.15733333333333333,0.39325842696629215,177,245
char,або,1520,789,731,0.48092105263157897,0.22053231939163498,0.3748290013679891,174,274
char,тво,1127,623,504,0.4472049689440994,0.27608346709470305,0.3968253968253968,172,200
char,аль,2769,1913,856,0.3091368725171542,0.08886565603763721,0.5969626168224299,170,511
char,еск,2519,1855,664,0.2635966653433902,0.08948787061994609,0.5662650602409639,166,376
char,бор,1620,899,721,0.44506172839506175,0.1835372636262514,0.39944521497919555,165,288
char,вод,1301,790,511,0.3927747886241353,0.20759493670886076,0.5048923679060665,164,258
char,ушк,919,454,465,0.5059847660500544,0.3590308370044053,0.35053763440860214,163,163
char,тор,2475,1670,805,0.32525252525252524,0.09221556886227544,0.48074534161490684,154,387
char,наб,1335,709,626,0.4689138576779026,0.21297602256699577,0.3769968051118211,151,236
char,иче,2062,1490,572,0.27740058195926287,0.09932885906040269,0.5472027972027972,148,313
char,тел,2020,1296,724,0.3584158415841584,0.11419753086419752,0.5662983425414365,148,410
char,ушка,820,399,421,0.5134146341463415,0.37092731829573933,0.34441805225653205,148,145
char,кон,1797,1097,700,0.38953811908736785,0.13309024612579762,0.44857142857142857,146,314
char,ляс,1209,793,416,0.34408602150537637,0.1841109709962169,0.5408653846153846,146,225
char,цве,3026,2496,530,0.1751487111698612,0.05809294871794872,0.46226415094339623,145,245
char,ичес,1996,1442,554,0.2775551102204409,0.10055478502080444,0.5415162454873647,145,300
char,абор,1292,676,616,0.47678018575851394,0.21449704142011836,0.36688311688311687,145,226
char,гру,857,430,427,0.4982497082847141,0.3372093023255814,0.32786885245901637,145,140
char,цвет,3015,2489,526,0.17446102819237147,0.05785456006428284,0.45817490494296575,144,241
char,ческ,2010,1452,558,0.27761194029850744,0.09917355371900827,0.5394265232974911,144,301
char,ическ,1939,1386,553,0.2851985559566787,0.10317460317460317,0.5406871609403255,143,299
char,набо,1271,668,603,0.47442958300550747,0.21407185628742514,0.37645107794361526,143,227
char,набор,1246,653,593,0.47592295345104335,0.21898928024502298,0.37099494097807756,143,220
char,ред,1072,601,471,0.439365671641791,0.23627287853577372,0.416135881104034,142,196
char,ова,2163,1565,598,0.2764678687008784,0.08945686900958466,0.5886287625418061,140,352
char,кор,1846,1239,607,0.32881906825568796,0.11299435028248588,0.586490939044481,140,356
char,ник,2203,1506,697,0.31638674534725375,0.09229747675962816,0.6628407460545194,139,462
char,оро,1588,963,625,0.39357682619647355,0.14434060228452752,0.4784,139,299
char,ист,1603,995,608,0.3792888334373051,0.13869346733668342,0.555921052631579,138,338
char,руш,685,313,372,0.5430656934306569,0.43450479233226835,0.29838709677419356,136,111
char,ски,2018,1427,591,0.29286422200198214,0.09460406447091801,0.571912013536379,135,338
char,ство,942,521,421,0.4469214437367304,0.2591170825335892,0.4156769596199525,135,175
char,груш,658,296,362,0.5501519756838906,0.44932432432432434,0.287292817679558,133,104
char,игру,638,280,358,0.5611285266457681,0.475,0.27932960893854747,133,100
char,игруш,637,280,357,0.5604395604395604,0.475,0.2801120448179272,133,100
char,тель,1576,1006,570,0.3616751269035533,0.1312127236580517,0.5456140350877193,132,311
char,00м,1231,736,495,0.4021121039805037,0.1793478260869565,0.49696969696969695,132,246
char,рушк,633,279,354,0.5592417061611374,0.4731182795698925,0.2966101694915254,132,105
char,грушк,616,269,347,0.5633116883116883,0.483271375464684,0.2881844380403458,130,100
char,альн,1734,1210,524,0.3021914648212226,0.10661157024793388,0.5553435114503816,129,291
char,ьны,1569,1042,527,0.33588272785213513,0.12284069097888675,0.5502846299810247,128,290
char,льны,1568,1041,527,0.3360969387755102,0.12295869356388088,0.5502846299810247,128,290
char,рушка,604,266,338,0.5596026490066225,0.4774436090225564,0.2988165680473373,127,101
char,дст,807,439,368,0.4560099132589839,0.2847380410022779,0.39945652173913043,125,147
char,сре,764,399,365,0.47774869109947643,0.3132832080200501,0.37534246575342467,125,137
char,сред,749,387,362,0.4833110814419226,0.32299741602067183,0.3784530386740331,125,137
char,орм,1506,984,522,0.3466135458167331,0.12296747967479675,0.5613026819923371,121,293
char,00мл,986,549,437,0.4432048681541582,0.2204007285974499,0.4759725400457666,121,208
char,едс,672,341,331,0.49255952380952384,0.3489736070381232,0.36555891238670696,119,121
char,дств,679,352,327,0.48159057437407954,0.3352272727272727,0.36085626911314983,118,118
char,редс,646,322,324,0.5015479876160991,0.36645962732919257,0.3549382716049383,118,115
char,едст,644,320,324,0.5031055900621118,0.36875,0.35802469135802467,118,116
char,едств,643,320,323,0.5023328149300156,0.36875,0.3560371517027864,118,115
char,редст,641,319,322,0.5023400936037441,0.3667711598746082,0.35714285714285715,117,115
char,дство,630,315,315,0.5,0.37142857142857144,0.3492063492063492,117,110
char,яиг,606,220,386,0.636963696369637,0.5318181818181819,0.18134715025906736,117,70
char,яигр,603,218,385,0.6384742951907131,0.536697247706422,0.17922077922077922,117,69
char,ров,1917,1387,530,0.2764736567553469,0.083633741888969,0.560377358490566,116,297
char,ово,1834,1306,528,0.28789531079607417,0.0888208269525268,0.5359848484848485,116,283
char,средс,634,316,318,0.501577287066246,0.3670886075949367,0.3584905660377358,116,114
char,аяи,620,242,378,0.6096774193548387,0.47520661157024796,0.18783068783068782,115,71
char,стр,2087,1296,791,0.37901293723047436,0.08796296296296297,0.47281921618204803,114,374
char,ект,1759,1307,452,0.25696418419556566,0.08722264728385616,0.6128318584070797,114,277
char,аяиг,578,209,369,0.6384083044982699,0.5454545454545454,0.1842818428184282,114,68
char,аяигр,575,207,368,0.64,0.5507246376811594,0.18206521739130435,114,67
char,аст,2087,1249,838,0.4015333013895544,0.09047237790232186,0.5,113,419
char,дляс,1128,729,399,0.3537234042553192,0.1550068587105624,0.5513784461152882,113,220
char,мяг,521,287,234,0.4491362763915547,0.39372822299651566,0.2905982905982906,113,68
char,ьный,1316,881,435,0.3305471124620061,0.1271282633371169,0.5448275862068965,112,237
char,ягк,507,281,226,0.4457593688362919,0.398576512455516,0.27876106194690264,112,63
char,мягк,506,280,226,0.44664031620553357,0.4,0.27876106194690264,112,63
char,оло,3411,2646,765,0.22427440633245382,0.04195011337868481,0.6562091503267974,111,502
char,льный,1303,872,431,0.33077513430544897,0.12729357798165136,0.54292343387471,111,234
char,кий,1192,788,404,0.3389261744966443,0.1383248730964467,0.5594059405940595,109,226
char,шин,881,591,290,0.32917139614074914,0.18274111675126903,0.43448275862068964,108,126
char,кол,3051,2401,650,0.21304490331039003,0.044564764681382756,0.7538461538461538,107,490
char,маш,757,470,287,0.37912813738441214,0.2276595744680851,0.4181184668989547,107,120
char,ика,1056,679,377,0.35700757575757575,0.1561119293078056,0.5225464190981433,106,197
char,бел,1789,1325,464,0.25936277249860257,0.07924528301886792,0.5948275862068966,105,276
char,ами,2349,1926,423,0.18007662835249041,0.05399792315680166,0.46335697399527187,104,196
char,ите,1366,931,435,0.3184480234260615,0.11170784103114931,0.5402298850574713,104,235
char,аши,732,451,281,0.383879781420765,0.23059866962305986,0.4199288256227758,104,118
char,лек,1707,1307,400,0.23432923257176333,0.07804131599081866,0.685,102,274
char,ные,3130,2600,530,0.16932907348242812,0.03884615384615384,0.5886792452830188,101,312
char,под,1715,1242,473,0.27580174927113704,0.08132045088566828,0.6511627906976745,101,308
char,ашин,670,413,257,0.3835820895522388,0.24455205811138014,0.42023346303501946,101,108
char,маши,660,409,251,0.3803030303030303,0.2469437652811736,0.41434262948207173,101,104
char,машин,659,409,250,0.37936267071320184,0.2469437652811736,0.412,101,103
char,яигру,420,195,225,0.5357142857142857,0.517948717948718,0.19555555555555557,101,44
char,тра,1126,706,420,0.37300177619893427,0.141643059490085,0.5333333333333333,100,224
char,све,1203,751,452,0.37572734829592686,0.1318242343541944,0.5685840707964602,99,257
char,гка,403,208,195,0.4838709677419355,0.47596153846153844,0.22564102564102564,99,44
char,гкая,403,208,195,0.4838709677419355,0.47596153846153844,0.22564102564102564,99,44
char,ягка,402,207,195,0.48507462686567165,0.4782608695652174,0.22564102564102564,99,44
char,мягка,400,205,195,0.4875,0.48292682926829267,0.22564102564102564,99,44
char,ягкая,398,203,195,0.4899497487437186,0.4876847290640394,0.22564102564102564,99,44
char,100,1567,1088,479,0.3056796426292278,0.08915441176470588,0.6450939457202505,97,309
char,ина,1308,941,367,0.2805810397553517,0.1030818278427205,0.47411444141689374,97,174
char,нов,1373,943,430,0.31318281136198106,0.10180275715800637,0.5465116279069767,96,235
char,ител,996,597,399,0.4006024096385542,0.16080402010050251,0.5388471177944862,96,215
char,ком,2087,1644,443,0.21226641111643507,0.05778588807785888,0.6455981941309256,95,286
char,япо,650,402,248,0.38153846153846155,0.236318407960199,0.36693548387096775,95,91
char,овы,1464,1010,454,0.31010928961748635,0.09306930693069307,0.5044052863436124,94,229
char,ени,1343,950,393,0.2926284437825763,0.09894736842105263,0.549618320610687,94,216
char,ская,1236,896,340,0.2750809061488673,0.10491071428571429,0.49117647058823527,94,167
char,нны,1460,1035,425,0.2910958904109589,0.08888888888888889,0.5505882352941176,92,234
char,сте,1669,1237,432,0.25883762732174953,0.07356507679870655,0.6388888888888888,91,276
char,0см,1073,786,287,0.2674743709226468,0.11450381679389313,0.4564459930313589,90,131
char,ский,979,646,333,0.34014300306435136,0.1393188854489164,0.5645645645645646,90,188
char,ета,968,558,410,0.42355371900826444,0.16129032258064516,0.37073170731707317,90,152
char,каяи,358,171,187,0.5223463687150838,0.5263157894736842,0.23529411764705882,90,44
char,каяиг,351,167,184,0.5242165242165242,0.5389221556886228,0.22826086956521738,90,42
char,лект,1498,1154,344,0.22963951935914553,0.07712305025996534,0.686046511627907,89,236
char,ест,815,548,267,0.3276073619631902,0.1624087591240876,0.4756554307116105,89,127
char,тир,760,430,330,0.4342105263157895,0.20465116279069767,0.5242424242424243,88,173
char,лен,1255,871,384,0.30597609561752986,0.09988518943742825,0.5572916666666666,87,214
char,ван,2060,1577,483,0.23446601941747572,0.054533925174381735,0.6749482401656315,86,326
char,ара,1549,1198,351,0.22659780503550678,0.07178631051752922,0.5584045584045584,86,196
char,вая,1309,953,356,0.2719633307868602,0.09024134312696747,0.5561797752808989,86,198
char,итель,834,494,340,0.407673860911271,0.17408906882591094,0.5147058823529411,86,175
char,стир,678,373,305,0.4498525073746313,0.23056300268096513,0.5081967213114754,86,155
char,гкаяи,336,162,174,0.5178571428571429,0.5308641975308642,0.21839080459770116,86,38
char,ерн,2216,1620,596,0.26895306859205775,0.05246913580246913,0.6644295302013423,85,396
char,тру,1480,931,549,0.37094594594594593,0.09129967776584318,0.48816029143898,85,268
char,ния,1255,901,354,0.28207171314741036,0.0932297447280799,0.6271186440677966,84,222
char,корм,937,613,324,0.3457844183564568,0.1370309951060359,0.6049382716049383,84,196
char,тал,1034,639,395,0.3820116054158607,0.1298904538341158,0.42278481012658226,83,167
char,кто,769,342,427,0.5552665799739922,0.24269005847953215,0.30210772833723654,83,129
char,аро,771,507,264,0.3424124513618677,0.16173570019723865,0.5454545454545454,82,144
char,ани,1451,1069,382,0.26326671261199175,0.07577174929840973,0.6701570680628273,81,256
char,50м,737,395,342,0.46404341926729986,0.20506329113924052,0.49707602339181284,81,170
char,рас,2194,1678,516,0.23518687329079307,0.04767580452920143,0.6298449612403101,80,325
char,кар,1444,1036,408,0.28254847645429365,0.07722007722007722,0.5784313725490197,80,236
char,пос,743,509,234,0.3149394347240915,0.15717092337917485,0.41025641025641024,80,96
char,пор,1016,663,353,0.34744094488188976,0.1191553544494721,0.5495750708215298,79,194
char,аяп,787,541,246,0.312579415501906,0.14602587800369685,0.44308943089430897,79,109
char,рдл,643,361,282,0.4385692068429238,0.2188365650969529,0.45390070921985815,79,128
char,рдля,642,360,282,0.4392523364485981,0.21944444444444444,0.45390070921985815,79,128
char,рам,635,434,201,0.3165354330708661,0.18202764976958524,0.472636815920398,79,95
char,лет,1395,1000,395,0.2831541218637993,0.078,0.6177215189873417,78,244
char,ико,1030,693,337,0.3271844660194175,0.11255411255411256,0.5281899109792285,78,178
char,одл,519,292,227,0.4373795761078998,0.2671232876712329,0.3964757709251101,78,90
char,одля,476,265,211,0.4432773109243697,0.2943396226415094,0.3791469194312796,78,80
char,тер,1581,1144,437,0.27640733712839977,0.0673076923076923,0.6407322654462243,77,280
char,вер,1126,785,341,0.302841918294849,0.0980891719745223,0.5219941348973607,77,178
char,альны,879,572,307,0.3492605233219568,0.1346153846153846,0.5374592833876222,77,165
char,ето,750,421,329,0.43866666666666665,0.18052256532066507,0.4072948328267477,76,134
char,аям,550,361,189,0.34363636363636363,0.21052631578947367,0.4603174603174603,76,87
char,очн,885,601,284,0.32090395480225986,0.12479201331114809,0.573943661971831,75,163
char,50мл,611,304,307,0.502454991816694,0.24671052631578946,0.4560260586319218,75,140
char,адл,1268,880,388,0.305993690851735,0.08409090909090909,0.6443298969072165,74,250
char,тик,1071,716,355,0.3314659197012138,0.10335195530726257,0.5211267605633803,74,185
char,тов,1371,864,507,0.36980306345733044,0.08449074074074074,0.48717948717948717,73,247
char,эле,927,635,292,0.3149946062567422,0.11496062992125984,0.5753424657534246,73,168
char,ктор,630,274,356,0.5650793650793651,0.2664233576642336,0.27247191011235955,73,97
char,пол,1172,836,336,0.28668941979522183,0.0861244019138756,0.5803571428571429,72,195
char,орд,516,299,217,0.42054263565891475,0.2408026755852843,0.3317972350230415,72,72
char,лям,481,277,204,0.42411642411642414,0.259927797833935,0.5,72,102
char,рны,1909,1450,459,0.24044002095337874,0.04896551724137931,0.6666666666666666,71,306
char,адля,1258,872,386,0.3068362480127186,0.08142201834862385,0.6450777202072538,71,249
char,ана,1079,770,309,0.28637627432808155,0.09220779220779221,0.5889967637540453,71,182
char,ато,1023,710,313,0.30596285434995113,0.1,0.6421725239616614,71,201
char,вол,676,395,281,0.4156804733727811,0.17974683544303796,0.4875444839857651,71,137
char,водля,401,219,182,0.4538653366583541,0.3242009132420091,0.34615384615384615,71,63
char,водл,401,219,182,0.4538653366583541,0.3242009132420091,0.34615384615384615,71,63
char,ков,1561,1097,464,0.29724535554131964,0.06381039197812215,0.5668103448275862,70,263
char,еска,1190,933,257,0.21596638655462186,0.07502679528403002,0.5719844357976653,70,147
char,яст,539,329,210,0.38961038961038963,0.2127659574468085,0.5238095238095238,70,110
char,твод,408,221,187,0.4583333333333333,0.3167420814479638,0.35294117647058826,70,66
char,ере,2055,1570,485,0.2360097323600973,0.04394904458598726,0.7010309278350515,69,340
char,кан,965,676,289,0.2994818652849741,0.10207100591715976,0.6055363321799307,69,175
char,мет,870,566,304,0.34942528735632183,0.12190812720848057,0.5394736842105263,69,164
char,ствод,399,218,181,0.45363408521303256,0.3165137614678899,0.34806629834254144,69,63
char,тводл,393,217,176,0.44783715012722647,0.31797235023041476,0.3409090909090909,69,60
char,кра,1716,1296,420,0.24475524475524477,0.05246913580246913,0.6023809523809524,68,253
char,кад,1051,696,355,0.33777354900095147,0.09770114942528736,0.6225352112676056,68,221
char,овая,944,671,273,0.2891949152542373,0.10134128166915052,0.5641025641025641,68,154
char,кам,841,529,312,0.37098692033293695,0.1285444234404537,0.46474358974358976,68,145
char,ран,831,529,302,0.36341756919374246,0.1285444234404537,0.4867549668874172,68,147
char,алл,591,405,186,0.3147208121827411,0.16790123456790124,0.5268817204301075,68,98
char,длям,447,258,189,0.4228187919463087,0.26356589147286824,0.5238095238095238,68,99
char,оль,2589,1923,666,0.2572421784472769,0.034841393655746226,0.6336336336336337,67,422
char,лас,1105,720,385,0.34841628959276016,0.09305555555555556,0.4883116883116883,67,188
char,кой,980,686,294,0.3,0.09620991253644315,0.5408163265306123,66,159
char,ктр,848,612,236,0.2783018867924528,0.10784313725490197,0.6440677966101694,66,152
char,ектр,833,601,232,0.2785114045618247,0.10981697171381032,0.6422413793103449,66,149
char,элек,819,591,228,0.2783882783882784,0.1116751269035533,0.6359649122807017,66,145
char,наям,462,308,154,0.3333333333333333,0.21428571428571427,0.474025974025974,66,73
char,ион,461,264,197,0.42733188720173537,0.25,0.4720812182741117,66,93
char,кла,1057,735,322,0.304635761589404,0.08843537414965986,0.5590062111801242,65,180
char,ческа,869,669,200,0.23014959723820483,0.09715994020926756,0.515,65,103
char,еская,857,660,197,0.22987164527421236,0.09848484848484848,0.5177664974619289,65,102
char,лектр,814,586,228,0.2800982800982801,0.11092150170648464,0.6359649122807017,65,145
char,элект,805,579,226,0.28074534161490683,0.11226252158894647,0.6327433628318584,65,143
char,лят,733,503,230,0.31377899045020463,0.12922465208747516,0.49130434782608695,65,113
char,три,890,646,244,0.27415730337078653,0.09907120743034056,0.6475409836065574,64,158
char,етс,552,332,220,0.39855072463768115,0.1927710843373494,0.5045454545454545,64,111
char,осу,402,220,182,0.4527363184079602,0.2909090909090909,0.34615384615384615,64,63
char,олн,1135,908,227,0.2,0.06938325991189427,0.6651982378854625,63,151
char,ляк,890,595,295,0.33146067415730335,0.10588235294117647,0.5694915254237288,63,168
char,ома,885,593,292,0.32994350282485874,0.10623946037099494,0.5616438356164384,63,164
char,ески,874,610,264,0.30205949656750575,0.10327868852459017,0.5568181818181818,63,147
char,лос,799,520,279,0.34918648310387984,0.12115384615384615,0.6129032258064516,63,171
char,ляв,727,483,244,0.3356258596973865,0.13043478260869565,0.5532786885245902,63,135
char,поро,561,338,223,0.39750445632798576,0.1863905325443787,0.47533632286995514,63,106
char,ных,503,290,213,0.4234592445328032,0.21724137931034482,0.4835680751173709,63,103
char,ляст,397,229,168,0.42317380352644834,0.27510917030567683,0.5178571428571429,63,87
char,дляст,394,226,168,0.4263959390862944,0.27876106194690264,0.5178571428571429,63,87
char,оза,362,211,151,0.4171270718232044,0.2985781990521327,0.3973509933774834,63,60
char,тар,1745,1344,401,0.2297994269340974,0.046130952380952384,0.5910224438902744,62,237
char,стру,1061,636,425,0.4005655042412818,0.09748427672955975,0.41411764705882353,62,176
char,лов,1051,808,243,0.23120837297811608,0.07673267326732673,0.5267489711934157,62,128
char,ако,947,676,271,0.28616684266103487,0.09171597633136094,0.5387453874538746,62,146
char,дляк,877,587,290,0.330672748004561,0.10562180579216354,0.5620689655172414,62,163
char,500,779,494,285,0.36585365853658536,0.12550607287449392,0.5543859649122806,62,158
char,рев,598,372,226,0.3779264214046823,0.16666666666666666,0.4557522123893805,62,103
char,она,595,383,212,0.3563025210084034,0.1618798955613577,0.47641509433962265,62,101
char,мик,532,326,206,0.38721804511278196,0.1901840490797546,0.45145631067961167,62,93
char,суд,385,210,175,0.45454545454545453,0.29523809523809524,0.32,62,56
char,осуд,371,198,173,0.46630727762803237,0.31313131313131315,0.31213872832369943,62,54
char,посу,368,198,170,0.46195652173913043,0.31313131313131315,0.3058823529411765,62,52
char,посуд,367,197,170,0.46321525885558584,0.3147208121827411,0.3058823529411765,62,52
char,борд,297,139,158,0.531986531986532,0.4460431654676259,0.25316455696202533,62,40
char,рный,1418,1043,375,0.2644569816643159,0.058485139022051776,0.656,61,246
char,тка,1064,764,300,0.2819548872180451,0.07984293193717278,0.63,61,189
char,рна,792,530,262,0.33080808080808083,0.11509433962264151,0.5763358778625954,61,151
char,дляв,717,477,240,0.33472803347280333,0.1278825995807128,0.5583333333333333,61,134
char,кук,202,98,104,0.5148514851485149,0.6224489795918368,0.23076923076923078,61,24
char,ита,2037,1582,455,0.22336769759450173,0.03792667509481669,0.6615384615384615,60,301
char,ост,1297,976,321,0.24749421742482652,0.06147540983606557,0.6355140186915887,60,204
char,йко,724,498,226,0.31215469613259667,0.12048192771084337,0.5,60,113
char,ват,705,472,233,0.3304964539007092,0.1271186440677966,0.5107296137339056,60,119
char,нер,612,389,223,0.36437908496732024,0.15424164524421594,0.515695067264574,60,115
char,гел,577,341,236,0.4090121317157712,0.17595307917888564,0.5932203389830508,60,140
char,онс,516,212,304,0.5891472868217055,0.2830188679245283,0.25,60,76
char,пла,1142,793,349,0.30560420315236425,0.07440100882723834,0.5300859598853869,59,185
char,етк,1027,729,298,0.2901655306718598,0.08093278463648834,0.6610738255033557,59,197
char,еле,1010,724,286,0.28316831683168314,0.08149171270718232,0.5979020979020979,59,171
char,етал,612,348,264,0.43137254901960786,0.16954022988505746,0.32954545454545453,59,87
char,рук,544,202,342,0.6286764705882353,0.29207920792079206,0.3216374269005848,59,110
char,цио,379,207,172,0.45382585751978893,0.28502415458937197,0.436046511627907,59,75
char,цион,375,204,171,0.456,0.28921568627450983,0.4327485380116959,59,74
char,аборд,243,105,138,0.5679012345679012,0.5619047619047619,0.2028985507246377,59,28
char,ско,1089,734,355,0.32598714416896235,0.07901907356948229,0.571830985915493,58,203
char,ант,998,643,355,0.3557114228456914,0.09020217729393468,0.5830985915492958,58,207
char,нный,894,653,241,0.2695749440715884,0.0888208269525268,0.5311203319502075,58,128
char,ерс,662,446,216,0.32628398791540786,0.13004484304932734,0.4537037037037037,58,98
char,нна,633,454,179,0.28278041074249605,0.1277533039647577,0.5418994413407822,58,97
char,япос,332,187,145,0.4367469879518072,0.31016042780748665,0.3310344827586207,58,48
char,очк,2677,2364,313,0.11692192753081808,0.024111675126903553,0.5910543130990416,57,185
char,ого,914,636,278,0.3041575492341357,0.08962264150943396,0.5143884892086331,57,143
char,чески,702,469,233,0.3319088319088319,0.12153518123667377,0.5407725321888412,57,126
char,ира,627,347,280,0.44657097288676234,0.1642651296829971,0.49642857142857144,57,139
char,5см,614,359,255,0.4153094462540717,0.15877437325905291,0.42745098039215684,57,109
char,талл,489,343,146,0.2985685071574642,0.1661807580174927,0.541095890410959,57,79
char,чис,416,198,218,0.5240384615384616,0.2878787878787879,0.42201834862385323,57,92
char,чист,408,193,215,0.5269607843137255,0.29533678756476683,0.4232558139534884,57,91
char,сто,1576,1052,524,0.33248730964467005,0.053231939163498096,0.5152671755725191,56,270
char,ной,1378,953,425,0.3084179970972424,0.05876180482686254,0.5976470588235294,56,254
char,тро,1082,757,325,0.300369685767098,0.07397622192866579,0.5753846153846154,56,187
char,оше,794,502,292,0.3677581863979849,0.11155378486055777,0.6095890410958904,56,178
char,ухо,730,513,217,0.29726027397260274,0.10916179337231968,0.5345622119815668,56,116
char,рал,701,444,257,0.3666191155492154,0.12612612612612611,0.5330739299610895,56,137
char,шок,673,409,264,0.3922734026745914,0.13691931540342298,0.6098484848484849,56,161
char,мер,667,492,175,0.2623688155922039,0.11382113821138211,0.6171428571428571,56,108
char,ева,640,429,211,0.3296875,0.13053613053613053,0.5118483412322274,56,108
char,лес,800,567,233,0.29125,0.09700176366843033,0.5493562231759657,55,128
char,кош,746,442,304,0.4075067024128686,0.1244343891402715,0.6118421052631579,55,186
char,ода,648,444,204,0.3148148148148148,0.12387387387387387,0.6274509803921569,55,128
char,ьдл,587,344,243,0.41396933560477,0.15988372093023256,0.5061728395061729,55,123
char,ьдля,583,343,240,0.411663807890223,0.16034985422740525,0.5041666666666667,55,121
char,нная,571,414,157,0.27495621716287216,0.13285024154589373,0.535031847133758,55,84
char,еский,554,370,184,0.33212996389891697,0.14864864864864866,0.5489130434782609,55,101
char,ясти,271,150,121,0.44649446494464945,0.36666666666666664,0.48760330578512395,55,59
char,лясти,266,149,117,0.4398496240601504,0.3691275167785235,0.47863247863247865,55,56
char,ястир,265,146,119,0.4490566037735849,0.3767123287671233,0.4789915966386555,55,57
char,чер,1484,1045,439,0.29582210242587603,0.05167464114832536,0.683371298405467,54,300
char,вый,1247,872,375,0.30072173215717724,0.06192660550458716,0.544,54,204
char,анн,1036,765,271,0.26158301158301156,0.07058823529411765,0.5682656826568265,54,154
char,ста,1013,677,336,0.33168805528134254,0.07976366322008863,0.6517857142857143,54,219
char,ино,811,544,267,0.32922318125770655,0.09926470588235294,0.5168539325842697,54,138
char,бак,740,482,258,0.34864864864864864,0.11203319502074689,0.5930232558139535,54,153
char,гра,697,347,350,0.5021520803443329,0.15561959654178675,0.28285714285714286,54,99
char,зов,607,368,239,0.39373970345963755,0.14673913043478262,0.5606694560669456,54,134
char,нст,492,184,308,0.6260162601626016,0.29347826086956524,0.2694805194805195,54,83
char,вар,450,297,153,0.34,0.18181818181818182,0.5228758169934641,54,80
char,нстр,442,147,295,0.667420814479638,0.3673469387755102,0.2576271186440678,54,76
char,зна,399,272,127,0.3182957393483709,0.19852941176470587,0.5196850393700787,54,66
char,япосу,304,164,140,0.4605263157894737,0.32926829268292684,0.3142857142857143,54,44
char,тья,280,155,125,0.44642857142857145,0.34838709677419355,0.384,54,48
char,сер,2340,1867,473,0.20213675213675214,0.028387787895018748,0.7547568710359408,53,357
char,пле,1336,1093,243,0.18188622754491018,0.0484903934126258,0.7818930041152263,53,190
char,йка,989,789,200,0.20222446916076844,0.06717363751584284,0.505,53,101
char,00г,946,649,297,0.313953488372093,0.08166409861325115,0.5622895622895623,53,167
char,апо,899,629,270,0.3003337041156841,0.08426073131955485,0.6222222222222222,53,168
char,ован,823,601,222,0.26974483596597815,0.08818635607321132,0.6171171171171171,53,137
char,ате,783,508,275,0.351213282247765,0.10433070866141732,0.4909090909090909,53,135
char,бель,782,612,170,0.21739130434782608,0.08660130718954248,0.5823529411764706,53,99
char,амо,722,487,235,0.3254847645429363,0.10882956878850103,0.5531914893617021,53,130
char,онн,699,494,205,0.2932761087267525,0.10728744939271255,0.5073170731707317,53,104
char,дет,618,263,355,0.5744336569579288,0.20152091254752852,0.3492957746478873,53,124
char,аре,548,334,214,0.3905109489051095,0.15868263473053892,0.5093457943925234,53,109
char,але,535,265,270,0.5046728971962616,0.2,0.3962962962962963,53,107
char,оли,528,356,172,0.32575757575757575,0.14887640449438203,0.5523255813953488,53,95
char,ямо,426,276,150,0.352112676056338,0.19202898550724637,0.6466666666666666,53,97
char,аяв,390,265,125,0.32051282051282054,0.2,0.456,53,57
char,рки,346,205,141,0.407514450867052,0.25853658536585367,0.46099290780141844,53,65
char,озд,324,219,105,0.32407407407407407,0.2420091324200913,0.4095238095238095,53,43
char,ордл,321,168,153,0.4766355140186916,0.31547619047619047,0.3137254901960784,53,48
char,ордля,320,168,152,0.475,0.31547619047619047,0.3157894736842105,53,48
char,веж,305,166,139,0.4557377049180328,0.3192771084337349,0.39568345323741005,53,55
char,мат,851,592,259,0.30434782608695654,0.08783783783783784,0.5714285714285714,52,148
char,соб,722,462,260,0.3601108033240997,0.11255411255411256,0.5461538461538461,52,142
char,нстру,421,140,281,0.667458432304038,0.37142857142857144,0.26334519572953735,52,74
char,ямы,265,154,111,0.4188679245283019,0.33766233766233766,0.36936936936936937,52,41
char,pro,1163,918,245,0.21066208082545143,0.05555555555555555,0.689795918367347,51,169
char,оба,924,628,296,0.3203463203463203,0.08121019108280254,0.597972972972973,51,177
char,ьна,909,596,313,0.34433443344334436,0.08557046979865772,0.35782747603833864,51,112
char,енн,879,619,260,0.29579067121729236,0.08239095315024232,0.6307692307692307,51,164
char,gra,704,504,200,0.2840909090909091,0.10119047619047619,0.55,51,110
char,шек,624,369,255,0.40865384615384615,0.13821138211382114,0.5843137254901961,51,149
char,кал,608,371,237,0.38980263157894735,0.13746630727762804,0.46835443037974683,51,111
char,кап,605,377,228,0.3768595041322314,0.13527851458885942,0.543859649122807,51,124
char,рич,526,381,145,0.27566539923954375,0.13385826771653545,0.6551724137931034,51,95
char,моз,513,366,147,0.28654970760233917,0.13934426229508196,0.564625850340136,51,83
char,мета,476,332,144,0.3025210084033613,0.1536144578313253,0.4930555555555556,51,71
char,свеж,283,157,126,0.4452296819787986,0.3248407643312102,0.373015873015873,51,47
char,длямы,251,143,108,0.4302788844621514,0.35664335664335667,0.3611111111111111,51,39
char,лямы,251,143,108,0.4302788844621514,0.35664335664335667,0.3611111111111111,51,39
char,бордл,204,85,119,0.5833333333333334,0.6,0.21008403361344538,51,25
char,кро,1783,1521,262,0.14694335389792484,0.03287310979618672,0.7099236641221374,50,186
char,льна,856,551,305,0.35630841121495327,0.09074410163339383,0.35737704918032787,50,109
char,соба,692,449,243,0.3511560693641618,0.111358574610245,0.5637860082304527,50,137
char,мол,616,399,217,0.3522727272727273,0.12531328320802004,0.5852534562211982,50,127
char,одо,478,303,175,0.36610878661087864,0.16501650165016502,0.5314285714285715,50,93
char,гель,454,254,200,0.44052863436123346,0.1968503937007874,0.55,50,110
char,рош,442,230,212,0.4796380090497738,0.21739130434782608,0.5660377358490566,50,120
char,чна,438,313,125,0.2853881278538813,0.1597444089456869,0.504,50,63
char,конс,434,162,272,0.6267281105990783,0.30864197530864196,0.24632352941176472,50,67
char,чная,431,307,124,0.2877030162412993,0.16286644951140064,0.5,50,62
char,еталл,385,267,118,0.3064935064935065,0.18726591760299627,0.4830508474576271,50,57
char,метал,369,250,119,0.3224932249322493,0.2,0.48739495798319327,50,58
char,зная,245,157,88,0.35918367346938773,0.3184713375796178,0.5113636363636364,50,45
char,мыт,242,134,108,0.4462809917355372,0.373134328358209,0.3425925925925926,50,37
char,ыть,242,134,108,0.4462809917355372,0.373134328358209,0.35185185185185186,50,38
char,мыть,241,134,107,0.44398340248962653,0.373134328358209,0.34579439252336447,50,37
char,мытья,241,134,107,0.44398340248962653,0.373134328358209,0.34579439252336447,50,37
char,ытья,241,134,107,0.44398340248962653,0.373134328358209,0.34579439252336447,50,37
char,иль,1149,794,355,0.308964316797215,0.061712846347607056,0.6901408450704225,49,245
char,иро,805,598,207,0.2571428571428571,0.08193979933110368,0.5893719806763285,49,122
char,ело,796,580,216,0.271356783919598,0.08448275862068966,0.6296296296296297,49,136
char,ент,703,430,273,0.3883357041251778,0.11395348837209303,0.5201465201465202,49,142
char,250,520,316,204,0.3923076923076923,0.1550632911392405,0.5049019607843137,49,103
char,ками,455,285,170,0.37362637362637363,0.17192982456140352,0.4176470588235294,49,71
char,укт,427,141,286,0.6697892271662763,0.3475177304964539,0.26573426573426573,49,76
char,ане,376,259,117,0.31117021276595747,0.1891891891891892,0.4700854700854701,49,55
char,онст,376,109,267,0.7101063829787234,0.44954128440366975,0.2247191011235955,49,60
char,онстр,368,106,262,0.7119565217391305,0.46226415094339623,0.22519083969465647,49,59
char,ирк,265,139,126,0.47547169811320755,0.35251798561151076,0.5238095238095238,49,66
char,лямыт,236,132,104,0.4406779661016949,0.3712121212121212,0.34615384615384615,49,36
char,ямыт,236,132,104,0.4406779661016949,0.3712121212121212,0.34615384615384615,49,36
char,ямыть,235,132,103,0.43829787234042555,0.3712121212121212,0.33980582524271846,49,35
char,черн,1407,988,419,0.2977967306325515,0.048582995951417005,0.6897374701670644,48,289
char,тны,952,711,241,0.25315126050420167,0.06751054852320675,0.4730290456431535,48,114
char,коше,682,419,263,0.38563049853372433,0.11455847255369929,0.6083650190114068,48,160
char,обак,673,443,230,0.34175334323922735,0.10835214446952596,0.5826086956521739,48,134
char,собак,667,440,227,0.3403298350824588,0.10909090909090909,0.5859030837004405,48,133
char,раль,616,394,222,0.36038961038961037,0.1218274111675127,0.5405405405405406,48,120
char,ясо,592,406,186,0.3141891891891892,0.11822660098522167,0.6129032258064516,48,114
char,рав,554,388,166,0.2996389891696751,0.12371134020618557,0.45180722891566266,48,75
char,рукт,399,128,271,0.6791979949874687,0.375,0.25830258302583026,48,70
char,укто,397,124,273,0.6876574307304786,0.3870967741935484,0.25274725274725274,48,69
char,рад,392,261,131,0.33418367346938777,0.1839080459770115,0.4198473282442748,48,55
char,рукто,378,117,261,0.6904761904761905,0.41025641025641024,0.24521072796934865,48,64
char,аик,243,156,87,0.35802469135802467,0.3076923076923077,0.47126436781609193,48,41
char,моза,229,146,83,0.3624454148471616,0.3287671232876712,0.4457831325301205,48,37
char,ьяп,226,128,98,0.4336283185840708,0.375,0.3469387755102041,48,34
char,аямо,219,144,75,0.3424657534246575,0.3333333333333333,0.5466666666666666,48,41
char,вой,1079,856,223,0.20667284522706209,0.054906542056074766,0.5919282511210763,47,132
char,при,737,504,233,0.31614654002713705,0.09325396825396826,0.5321888412017167,47,124
char,нак,711,527,184,0.2587904360056259,0.08918406072106262,0.5815217391304348,47,107
char,ойк,659,478,181,0.2746585735963581,0.09832635983263599,0.56353591160221,47,102
char,оле,646,457,189,0.29256965944272445,0.10284463894967177,0.5185185185185185,47,98
char,лли,642,505,137,0.21339563862928349,0.09306930693069307,0.5985401459854015,47,82
char,ател,594,371,223,0.37542087542087543,0.12668463611859837,0.515695067264574,47,115
char,атель,520,325,195,0.375,0.14461538461538462,0.5076923076923077,47,99
char,вор,465,281,184,0.3956989247311828,0.16725978647686832,0.5163043478260869,47,95
char,наяп,404,288,116,0.2871287128712871,0.16319444444444445,0.5172413793103449,47,60
char,трук,357,104,253,0.7086834733893558,0.4519230769230769,0.233201581027668,47,59
char,уктор,355,104,251,0.7070422535211267,0.4519230769230769,0.23107569721115537,47,58
char,струк,353,101,252,0.7138810198300283,0.46534653465346537,0.23015873015873015,47,58
char,трукт,350,100,250,0.7142857142857143,0.47,0.232,47,58
char,конст,349,100,249,0.7134670487106017,0.47,0.2289156626506024,47,57
char,азн,316,213,103,0.3259493670886076,0.22065727699530516,0.5436893203883495,47,56
char,шина,290,196,94,0.32413793103448274,0.23979591836734693,0.30851063829787234,47,29
char,ашина,277,186,91,0.3285198555956679,0.25268817204301075,0.3076923076923077,47,28
char,ежи,251,129,122,0.4860557768924303,0.3643410852713178,0.36065573770491804,47,44
char,ьяпо,223,125,98,0.43946188340807174,0.376,0.3469387755102041,47,34
char,заи,222,139,83,0.3738738738738739,0.3381294964028777,0.43373493975903615,47,36
char,озаи,217,137,80,0.3686635944700461,0.34306569343065696,0.45,47,36
char,заик,217,137,80,0.3686635944700461,0.34306569343065696,0.45,47,36
char,озаик,215,137,78,0.3627906976744186,0.34306569343065696,0.46153846153846156,47,36
char,мозаи,215,137,78,0.3627906976744186,0.34306569343065696,0.46153846153846156,47,36
char,аика,210,138,72,0.34285714285714286,0.34057971014492755,0.5,47,36
char,заика,201,131,70,0.3482587064676617,0.35877862595419846,0.4857142857142857,47,34
char,крас,1354,1049,305,0.22525849335302806,0.0438512869399428,0.6032786885245902,46,184
char,нар,1138,943,195,0.17135325131810195,0.04878048780487805,0.7282051282051282,46,142
char,кадл,866,580,286,0.3302540415704388,0.07931034482758621,0.6503496503496503,46,186
char,кадля,858,575,283,0.3298368298368298,0.08,0.6537102473498233,46,185
char,ошек,580,345,235,0.4051724137931034,0.13333333333333333,0.6,46,141
char,ики,556,313,243,0.4370503597122302,0.14696485623003194,0.522633744855967,46,127
char,рная,453,309,144,0.31788079470198677,0.1488673139158576,0.5416666666666666,46,78
char,риче,351,253,98,0.2792022792022792,0.18181818181818182,0.673469387755102,46,66
char,лич,330,236,94,0.28484848484848485,0.19491525423728814,0.44680851063829785,46,42
char,тва,303,171,132,0.43564356435643564,0.26900584795321636,0.42424242424242425,46,56
char,алли,296,218,78,0.2635135135135135,0.21100917431192662,0.3974358974358974,46,31
char,личе,289,212,77,0.2664359861591695,0.2169811320754717,0.4025974025974026,46,31
char,алм,244,162,82,0.3360655737704918,0.2839506172839506,0.5121951219512195,46,42
char,осв,243,137,106,0.43621399176954734,0.3357664233576642,0.3113207547169811,46,33
char,тирк,240,129,111,0.4625,0.35658914728682173,0.4954954954954955,46,55
char,стирк,233,123,110,0.4721030042918455,0.37398373983739835,0.4909090909090909,46,54
char,ирки,232,123,109,0.4698275862068966,0.37398373983739835,0.48623853211009177,46,53
char,тирки,231,123,108,0.4675324675324675,0.37398373983739835,0.48148148148148145,46,52
char,тьяп,220,124,96,0.43636363636363634,0.3709677419354839,0.34375,46,33
char,тьяпо,219,123,96,0.4383561643835616,0.37398373983739835,0.34375,46,33
char,наямо,209,138,71,0.3397129186602871,0.3333333333333333,0.5633802816901409,46,40
char,ото,1588,1293,295,0.1857682619647355,0.03480278422273782,0.6847457627118644,45,202
char,ерны,1443,1108,335,0.23215523215523215,0.04061371841155235,0.6805970149253732,45,228
char,ива,1347,1001,346,0.25686711210096513,0.04495504495504495,0.5606936416184971,45,194
char,ное,1076,767,309,0.2871747211895911,0.05867014341590613,0.627831715210356,45,194
char,инк,941,729,212,0.2252922422954304,0.06172839506172839,0.6415094339622641,45,136
char,раз,846,563,283,0.33451536643026003,0.07992895204262877,0.5441696113074205,45,154
char,ини,771,549,222,0.28793774319066145,0.08196721311475409,0.5765765765765766,45,128
char,ние,748,509,239,0.3195187165775401,0.08840864440078586,0.5313807531380753,45,127
char,или,716,469,247,0.34497206703910616,0.09594882729211088,0.5222672064777328,45,129
char,бот,712,535,177,0.24859550561797752,0.08411214953271028,0.5028248587570622,45,89
char,ора,706,489,217,0.3073654390934844,0.09202453987730061,0.5023041474654378,45,109
char,нка,675,468,207,0.30666666666666664,0.09615384615384616,0.5603864734299517,45,116
char,тен,590,424,166,0.28135593220338984,0.10613207547169812,0.6566265060240963,45,109
char,аяс,567,386,181,0.31922398589065254,0.11658031088082901,0.5082872928176796,45,92
char,кошек,566,336,230,0.40636042402826855,0.13392857142857142,0.5956521739130435,45,137
char,рак,562,384,178,0.3167259786476868,0.1171875,0.47191011235955055,45,84
char,ман,516,371,145,0.2810077519379845,0.12129380053908356,0.6137931034482759,45,89
char,воло,456,264,192,0.42105263157894735,0.17045454545454544,0.5,45,96
char,ричес,336,241,95,0.28273809523809523,0.18672199170124482,0.6736842105263158,45,64
char,трич,331,235,96,0.29003021148036257,0.19148936170212766,0.6666666666666666,45,64
char,ллич,271,198,73,0.2693726937269373,0.22727272727272727,0.3972602739726027,45,29
char,маз,267,170,97,0.36329588014981273,0.2647058823529412,0.5463917525773195,45,53
char,аллич,262,189,73,0.2786259541984733,0.23809523809523808,0.3972602739726027,45,29
char,лма,242,160,82,0.33884297520661155,0.28125,0.5121951219512195,45,42
char,суды,237,125,112,0.47257383966244726,0.36,0.33035714285714285,45,37
char,уды,237,125,112,0.47257383966244726,0.36,0.33035714285714285,45,37
char,осуды,237,125,112,0.47257383966244726,0.36,0.33035714285714285,45,37
char,личес,237,166,71,0.29957805907172996,0.2710843373493976,0.38028169014084506,45,27
char,алма,236,157,79,0.3347457627118644,0.28662420382165604,0.5189873417721519,45,41
char,лличе,233,161,72,0.3090128755364807,0.2795031055900621,0.3888888888888889,45,28
char,мазн,229,153,76,0.3318777292576419,0.29411764705882354,0.5263157894736842,45,40
char,лмаз,228,152,76,0.3333333333333333,0.29605263157894735,0.5263157894736842,45,40
char,лмазн,228,152,76,0.3333333333333333,0.29605263157894735,0.5263157894736842,45,40
char,алмаз,228,152,76,0.3333333333333333,0.29605263157894735,0.5263157894736842,45,40
char,азна,223,143,80,0.35874439461883406,0.3146853146853147,0.5375,45,43
char,ытьяп,219,123,96,0.4383561643835616,0.36585365853658536,0.34375,45,33
char,азная,215,141,74,0.34418604651162793,0.3191489361702128,0.5675675675675675,45,42
char,мазна,209,139,70,0.3349282296650718,0.3237410071942446,0.5428571428571428,45,38
char,ванн,820,604,216,0.2634146341463415,0.0728476821192053,0.5648148148148148,44,122
char,том,740,501,239,0.32297297297297295,0.08782435129740519,0.5523012552301255,44,132
char,нам,554,459,95,0.17148014440433212,0.09586056644880174,0.5052631578947369,44,48
char,етн,489,337,152,0.310838445807771,0.13056379821958458,0.5526315789473685,44,84
char,льд,466,267,199,0.4270386266094421,0.1647940074906367,0.5376884422110553,44,107
char,сух,410,249,161,0.3926829268292683,0.17670682730923695,0.5217391304347826,44,84
char,длят,360,243,117,0.325,0.18106995884773663,0.41025641025641024,44,48
char,триче,323,228,95,0.29411764705882354,0.19298245614035087,0.6736842105263158,44,64
char,яще,282,144,138,0.48936170212765956,0.3055555555555556,0.463768115942029,44,64
char,талли,227,153,74,0.32599118942731276,0.2875816993464052,0.3783783783783784,44,28
char,чны,1167,899,268,0.22964867180805484,0.047830923248053395,0.5708955223880597,43,153
char,мен,857,590,267,0.3115519253208868,0.07288135593220339,0.5468164794007491,43,146
char,ельн,764,565,199,0.2604712041884817,0.07610619469026549,0.5527638190954773,43,110
char,свет,744,474,270,0.3629032258064516,0.09071729957805907,0.6370370370370371,43,172
char,йна,494,292,202,0.4089068825910931,0.14726027397260275,0.44554455445544555,43,90
char,яво,390,227,163,0.41794871794871796,0.1894273127753304,0.6503067484662577,43,106
char,уни,388,272,116,0.29896907216494845,0.15808823529411764,0.5431034482758621,43,63
char,тск,376,217,159,0.4228723404255319,0.19815668202764977,0.5283018867924528,43,84
char,дра,372,272,100,0.26881720430107525,0.15808823529411764,0.58,43,58
char,лья,341,210,131,0.3841642228739003,0.20476190476190476,0.5572519083969466,43,73
char,дух,334,229,105,0.3143712574850299,0.18777292576419213,0.4857142857142857,43,51
char,елья,291,176,115,0.3951890034364261,0.24431818181818182,0.5217391304347826,43,60
char,белья,286,172,114,0.3986013986013986,0.25,0.5175438596491229,43,59
char,лин,2627,2388,239,0.09097830224590787,0.017587939698492462,0.5899581589958159,42,141
char,ьная,791,504,287,0.36283185840707965,0.08333333333333333,0.34843205574912894,42,100
char,жка,612,486,126,0.20588235294117646,0.08641975308641975,0.49206349206349204,42,62
char,кдл,529,364,165,0.31190926275992437,0.11538461538461539,0.6363636363636364,42,105
char,кдля,524,362,162,0.30916030534351147,0.11602209944751381,0.6296296296296297,42,102
char,вен,520,358,162,0.31153846153846154,0.11731843575418995,0.5308641975308642,42,86
char,рово,480,328,152,0.31666666666666665,0.12804878048780488,0.5197368421052632,42,79
char,рка,471,333,138,0.2929936305732484,0.12612612612612611,0.6376811594202898,42,88
char,ыйп,470,295,175,0.3723404255319149,0.1423728813559322,0.4114285714285714,42,72
char,рис,445,269,176,0.3955056179775281,0.15613382899628253,0.5738636363636364,42,101
char,орош,352,194,158,0.44886363636363635,0.21649484536082475,0.5126582278481012,42,81
char,етск,337,190,147,0.4362017804154303,0.22105263157894736,0.5238095238095238,42,77
char,ошо,333,184,149,0.44744744744744747,0.22826086956521738,0.47651006711409394,42,71
char,ошок,330,182,148,0.4484848484848485,0.23076923076923078,0.4797297297297297,42,71
char,ктри,326,232,94,0.2883435582822086,0.1810344827586207,0.6702127659574468,42,63
char,воз,323,211,112,0.34674922600619196,0.1990521327014218,0.4107142857142857,42,46
char,ства,252,150,102,0.40476190476190477,0.28,0.3431372549019608,42,35
char,ерный,1088,797,291,0.26746323529411764,0.05144291091593475,0.6597938144329897,41,192
char,ейк,860,675,185,0.21511627906976744,0.06074074074074074,0.5567567567567567,41,103
char,аск,737,521,216,0.2930800542740841,0.07869481765834933,0.5509259259259259,41,119
char,ляп,625,393,232,0.3712,0.10432569974554708,0.6379310344827587,41,148
char,дляп,612,386,226,0.369281045751634,0.10621761658031088,0.6371681415929203,41,144
char,ласт,612,403,209,0.3415032679738562,0.10173697270471464,0.45933014354066987,41,96
char,мдл,588,352,236,0.4013605442176871,0.11647727272727272,0.6101694915254238,41,144
char,вые,570,454,116,0.20350877192982456,0.09030837004405286,0.49137931034482757,41,57
char,ральн,554,342,212,0.38267148014440433,0.11988304093567251,0.5377358490566038,41,114
char,мдля,550,321,229,0.4163636363636364,0.1277258566978193,0.6157205240174672,41,141
char,пра,463,328,135,0.2915766738660907,0.125,0.4888888888888889,41,66
char,роч,397,279,118,0.2972292191435768,0.14695340501792115,0.5508474576271186,41,65
char,ельд,366,201,165,0.45081967213114754,0.20398009950248755,0.503030303030303,41,83
char,льдл,364,212,152,0.4175824175824176,0.19339622641509435,0.4868421052631579,41,74
char,льдля,354,205,149,0.4209039548022599,0.2,0.48322147651006714,41,72
char,вате,336,181,155,0.46130952380952384,0.2265193370165746,0.43870967741935485,41,68
char,порош,328,181,147,0.4481707317073171,0.2265193370165746,0.48299319727891155,41,71
char,рошо,323,175,148,0.4582043343653251,0.2342857142857143,0.4797297297297297,41,71
char,орошо,323,175,148,0.4582043343653251,0.2342857142857143,0.4797297297297297,41,71
char,рошок,322,175,147,0.45652173913043476,0.2342857142857143,0.48299319727891155,41,71
char,ектри,321,227,94,0.29283489096573206,0.18061674008810572,0.6702127659574468,41,63
char,ктрич,319,226,93,0.29153605015673983,0.18141592920353983,0.6774193548387096,41,63
char,очна,308,225,83,0.2694805194805195,0.18222222222222223,0.4819277108433735,41,40
char,очная,307,224,83,0.2703583061889251,0.18303571428571427,0.4819277108433735,41,40
char,екс,303,199,104,0.3432343234323432,0.20603015075376885,0.5192307692307693,41,54
char,твор,294,170,124,0.4217687074829932,0.2411764705882353,0.47580645161290325,41,59
char,уко,226,124,102,0.45132743362831856,0.33064516129032256,0.37254901960784315,41,38
char,осве,201,117,84,0.417910447761194,0.3504273504273504,0.30952380952380953,41,26
char,ром,1503,1316,187,0.12441783100465735,0.030395136778115502,0.4919786096256685,40,92
char,нит,1307,1033,274,0.20964039785768937,0.03872216844143272,0.6824817518248175,40,187
char,яко,665,410,255,0.38345864661654133,0.0975609756097561,0.6352941176470588,40,162
char,ера,585,375,210,0.358974358974359,0.10666666666666667,0.5904761904761905,40,124
char,2шт,572,385,187,0.3269230769230769,0.1038961038961039,0.5721925133689839,40,107
char,ания,512,342,170,0.33203125,0.11695906432748537,0.6882352941176471,40,117
char,род,506,320,186,0.3675889328063241,0.125,0.478494623655914,40,89
char,ass,457,257,200,0.437636761487965,0.1556420233463035,0.53,40,106
char,сть,406,236,170,0.4187192118226601,0.1694915254237288,0.5176470588235295,40,88
char,нти,395,218,177,0.4481012658227848,0.1834862385321101,0.4915254237288136,40,87
char,сухо,368,222,146,0.3967391304347826,0.18018018018018017,0.5273972602739726,40,77
char,вател,324,171,153,0.4722222222222222,0.23391812865497075,0.4444444444444444,40,68
char,ельдл,322,182,140,0.43478260869565216,0.21978021978021978,0.4785714285714286,40,67
char,онд,317,189,128,0.4037854889589905,0.21164021164021163,0.5859375,40,75
char,про,1972,1598,374,0.1896551724137931,0.024405506883604506,0.6951871657754011,39,260
char,черны,1058,766,292,0.27599243856332706,0.050913838120104436,0.678082191780822,39,198
char,200,875,637,238,0.272,0.061224489795918366,0.634453781512605,39,151
char,льная,764,481,283,0.3704188481675393,0.08108108108108109,0.3462897526501767,39,98
char,атор,638,462,176,0.27586206896551724,0.08441558441558442,0.6818181818181818,39,120
char,ади,623,474,149,0.2391653290529695,0.08227848101265822,0.5973154362416108,39,89
char,нап,617,439,178,0.2884927066450567,0.0888382687927107,0.702247191011236,39,125
char,ота,544,423,121,0.22242647058823528,0.09219858156028368,0.49586776859504134,39,60
char,авт,531,365,166,0.3126177024482109,0.10684931506849316,0.5481927710843374,39,91
char,вто,505,340,165,0.32673267326732675,0.11470588235294117,0.5272727272727272,39,87
char,сал,452,311,141,0.31194690265486724,0.12540192926045016,0.5319148936170213,39,75
char,пар,412,268,144,0.34951456310679613,0.1455223880597015,0.5972222222222222,39,86
char,оне,398,243,155,0.38944723618090454,0.16049382716049382,0.5806451612903226,39,90
char,икс,390,236,154,0.39487179487179486,0.1652542372881356,0.487012987012987,39,75
char,детс,326,185,141,0.4325153374233129,0.21081081081081082,0.5177304964539007,39,73
char,детск,321,180,141,0.4392523364485981,0.21666666666666667,0.5177304964539007,39,73
char,ици,289,159,130,0.44982698961937717,0.24528301886792453,0.5692307692307692,39,74
char,возд,289,199,90,0.31141868512110726,0.19597989949748743,0.43333333333333335,39,39
char,кот,283,148,135,0.47703180212014135,0.2635135135135135,0.5851851851851851,39,79
char,еств,253,160,93,0.3675889328063241,0.24375,0.34408602150537637,39,32
char,250м,240,123,117,0.4875,0.3170731707317073,0.41025641025641024,39,48
char,омп,1134,924,210,0.18518518518518517,0.04112554112554113,0.7238095238095238,38,152
char,арт,1100,805,295,0.2681818181818182,0.04720496894409938,0.6271186440677966,38,185
char,пер,814,547,267,0.32800982800982803,0.06946983546617916,0.6329588014981273,38,169
char,кас,758,500,258,0.3403693931398417,0.076,0.4883720930232558,38,126
char,маг,669,485,184,0.2750373692077728,0.07835051546391752,0.5489130434782609,38,101
char,сос,621,411,210,0.33816425120772947,0.09245742092457421,0.6190476190476191,38,130
char,мар,614,435,179,0.2915309446254072,0.08735632183908046,0.6871508379888268,38,123
char,лей,543,322,221,0.40699815837937386,0.11801242236024845,0.4343891402714932,38,96
char,авто,492,336,156,0.3170731707317073,0.1130952380952381,0.5512820512820513,38,86
char,ирал,435,256,179,0.4114942528735632,0.1484375,0.5027932960893855,38,90
char,тна,435,325,110,0.25287356321839083,0.11692307692307692,0.6272727272727273,38,69
char,арк,425,298,127,0.2988235294117647,0.12751677852348994,0.5748031496062992,38,73
char,рма,424,256,168,0.39622641509433965,0.1484375,0.5238095238095238,38,88
char,ираль,422,248,174,0.41232227488151657,0.1532258064516129,0.5057471264367817,38,88
char,хой,355,212,143,0.4028169014084507,0.1792452830188679,0.5244755244755245,38,75
char,ухой,352,211,141,0.4005681818181818,0.18009478672985782,0.5177304964539007,38,73
char,сухой,346,206,140,0.4046242774566474,0.18446601941747573,0.5142857142857142,38,72
char,пан,320,236,84,0.2625,0.16101694915254236,0.5476190476190477,38,46
char,ата,314,169,145,0.46178343949044587,0.22485207100591717,0.3793103448275862,38,55
char,оде,313,185,128,0.40894568690095845,0.20540540540540542,0.4609375,38,59
char,тич,899,672,227,0.2525027808676307,0.05505952380952381,0.6035242290748899,37,137
char,рова,877,699,178,0.20296465222348917,0.05293276108726753,0.651685393258427,37,116
char,тил,618,390,228,0.36893203883495146,0.09487179487179487,0.6710526315789473,37,153
char,ter,600,435,165,0.275,0.08505747126436781,0.6666666666666666,37,110
char,лит,434,270,164,0.3778801843317972,0.13703703703703704,0.6341463414634146,37,104
char,лясо,418,286,132,0.3157894736842105,0.12937062937062938,0.5681818181818182,37,75
char,тира,409,232,177,0.43276283618581907,0.15948275862068967,0.4971751412429379,37,88
char,рочн,300,218,82,0.2733333333333333,0.16972477064220184,0.524390243902439,37,43
char,100м,293,188,105,0.3583617747440273,0.19680851063829788,0.6857142857142857,37,72
char,зду,256,166,90,0.3515625,0.22289156626506024,0.4222222222222222,37,38
char,возду,254,165,89,0.35039370078740156,0.22424242424242424,0.42696629213483145,37,38
char,озду,254,165,89,0.35039370078740156,0.22424242424242424,0.42696629213483145,37,38
char,250мл,230,119,111,0.4826086956521739,0.31092436974789917,0.3963963963963964,37,44
char,одр,212,171,41,0.19339622641509435,0.21637426900584794,0.5365853658536586,37,22
char,рче,210,122,88,0.41904761904761906,0.30327868852459017,0.32954545454545453,37,29
char,рес,826,595,231,0.2796610169491525,0.06050420168067227,0.7272727272727273,36,168
char,чка,742,457,285,0.38409703504043125,0.0787746170678337,0.5754385964912281,36,164
char,ion,738,524,214,0.2899728997289973,0.06870229007633588,0.6355140186915887,36,136
char,мас,717,482,235,0.3277545327754533,0.07468879668049792,0.574468085106383,36,135
char,асти,678,464,214,0.31563421828908556,0.07758620689655173,0.48598130841121495,36,104
char,ения,614,464,150,0.24429967426710097,0.07758620689655173,0.5533333333333333,36,83
char,роз,595,391,204,0.34285714285714286,0.09207161125319693,0.6127450980392157,36,125
char,кос,586,364,222,0.378839590443686,0.0989010989010989,0.6351351351351351,36,141
char,стик,582,408,174,0.29896907216494845,0.08823529411764706,0.4942528735632184,36,86
char,плас,559,374,185,0.33094812164579607,0.0962566844919786,0.4756756756756757,36,88
char,овые,490,393,97,0.19795918367346937,0.0916030534351145,0.4639175257731959,36,45
char,омат,443,307,136,0.30699774266365687,0.11726384364820847,0.5294117647058824,36,72
char,лик,435,278,157,0.36091954022988504,0.12949640287769784,0.554140127388535,36,87
char,стира,402,228,174,0.43283582089552236,0.15789473684210525,0.5,36,87
char,икр,382,269,113,0.29581151832460734,0.13382899628252787,0.5663716814159292,36,64
char,ери,364,248,116,0.31868131868131866,0.14516129032258066,0.47413793103448276,36,55
char,гре,321,192,129,0.40186915887850466,0.1875,0.40310077519379844,36,52
char,ароч,283,206,77,0.27208480565371024,0.17475728155339806,0.5064935064935064,36,39
char,арочн,282,206,76,0.2695035460992908,0.17475728155339806,0.5131578947368421,36,39
char,ели,960,795,165,0.171875,0.0440251572327044,0.593939393939394,35,98
char,нас,927,514,413,0.44552319309600863,0.06809338521400778,0.48668280871670705,35,201
char,овой,843,680,163,0.1933570581257414,0.051470588235294115,0.5705521472392638,35,93
char,одн,617,398,219,0.3549432739059968,0.08793969849246232,0.5388127853881278,35,118
char,син,576,340,236,0.4097222222222222,0.10294117647058823,0.5296610169491526,35,125
char,ste,507,359,148,0.29191321499013806,0.09749303621169916,0.7162162162162162,35,106
char,ras,481,319,162,0.3367983367983368,0.109717868338558,0.5,35,81
char,вето,440,268,172,0.39090909090909093,0.13059701492537312,0.4476744186046512,35,77
char,стер,410,256,154,0.375609756097561,0.13671875,0.577922077922078,35,89
char,тирал,396,225,171,0.4318181818181818,0.15555555555555556,0.49707602339181284,35,85
char,олни,357,242,115,0.32212885154061627,0.1446280991735537,0.8173913043478261,35,94
char,лни,357,242,115,0.32212885154061627,0.1446280991735537,0.8173913043478261,35,94
char,прав,342,243,99,0.2894736842105263,0.1440329218106996,0.4444444444444444,35,44
char,дио,304,216,88,0.2894736842105263,0.16203703703703703,0.4318181818181818,35,38
char,апод,282,196,86,0.3049645390070922,0.17857142857142858,0.5,35,43
char,водо,269,172,97,0.36059479553903345,0.20348837209302326,0.5154639175257731,35,50
char,тящ,216,103,113,0.5231481481481481,0.33980582524271846,0.34513274336283184,35,39
char,комп,1078,902,176,0.16326530612244897,0.037694013303769404,0.7613636363636364,34,134
char,лок,920,689,231,0.2510869565217391,0.04934687953555878,0.6883116883116883,34,159
char,тиче,793,610,183,0.23076923076923078,0.05573770491803279,0.5683060109289617,34,104
char,овый,746,494,252,0.3378016085790885,0.06882591093117409,0.5357142857142857,34,135
char,мпл,728,583,145,0.19917582417582416,0.058319039451114926,0.7241379310344828,34,105
char,мка,711,531,180,0.25316455696202533,0.064030131826742,0.5666666666666667,34,102
char,идл,684,551,133,0.19444444444444445,0.06170598911070781,0.6090225563909775,34,81
char,иров,613,463,150,0.24469820554649266,0.0734341252699784,0.6066666666666667,34,91
char,ольн,547,275,272,0.49725776965265084,0.12363636363636364,0.35294117647058826,34,96
char,ованн,544,397,147,0.2702205882352941,0.08564231738035265,0.6122448979591837,34,90
char,мин,508,343,165,0.3248031496062992,0.09912536443148688,0.49696969696969695,34,82
char,рат,458,286,172,0.37554585152838427,0.11888111888111888,0.5755813953488372,34,99
char,орн,450,308,142,0.31555555555555553,0.11038961038961038,0.5774647887323944,34,82
char,50г,444,287,157,0.3536036036036036,0.11846689895470383,0.6751592356687898,34,106
char,йпо,437,284,153,0.3501144164759725,0.11971830985915492,0.45751633986928103,34,70
char,длясо,412,280,132,0.32038834951456313,0.12142857142857143,0.5681818181818182,34,75
char,нал,406,267,139,0.34236453201970446,0.12734082397003746,0.6187050359712231,34,86
char,300,390,275,115,0.2948717948717949,0.12363636363636364,0.5304347826086957,34,61
char,ойко,384,275,109,0.2838541666666667,0.12363636363636364,0.46788990825688076,34,51
char,дом,376,204,172,0.4574468085106383,0.16666666666666666,0.3430232558139535,34,59
char,жны,361,234,127,0.3518005540166205,0.1452991452991453,0.5748031496062992,34,73
char,ема,349,232,117,0.335243553008596,0.14655172413793102,0.5299145299145299,34,62
char,ено,333,196,137,0.4114114114114114,0.17346938775510204,0.48175182481751827,34,66
char,пли,285,179,106,0.3719298245614035,0.18994413407821228,0.5943396226415094,34,63
char,льв,276,188,88,0.3188405797101449,0.18085106382978725,0.38636363636363635,34,34
char,авл,209,124,85,0.40669856459330145,0.27419354838709675,0.36470588235294116,34,31
char,идля,677,548,129,0.19054652880354506,0.060218978102189784,0.627906976744186,33,81
char,ьни,671,471,200,0.29806259314456035,0.07006369426751592,0.72,33,144
char,льни,668,468,200,0.2994011976047904,0.07051282051282051,0.72,33,144
char,all,626,452,174,0.2779552715654952,0.07300884955752213,0.603448275862069,33,105
char,етка,624,462,162,0.25961538461538464,0.07142857142857142,0.7407407407407407,33,120
char,ьно,567,418,149,0.26278659611992944,0.07894736842105263,0.6510067114093959,33,97
char,рик,565,345,220,0.3893805309734513,0.09565217391304348,0.5636363636363636,33,124
char,льно,562,415,147,0.2615658362989324,0.07951807228915662,0.6598639455782312,33,97
char,елы,545,365,180,0.3302752293577982,0.09041095890410959,0.4444444444444444,33,80
char,ласти,544,365,179,0.3290441176470588,0.09041095890410959,0.46368715083798884,33,83
char,оди,541,374,167,0.30868761552680224,0.08823529411764706,0.49101796407185627,33,82
char,анны,536,396,140,0.26119402985074625,0.08333333333333333,0.5571428571428572,33,78
char,тки,529,365,164,0.31001890359168244,0.09041095890410959,0.6585365853658537,33,108
char,дер,515,341,174,0.3378640776699029,0.0967741935483871,0.4942528735632184,33,86
char,еко,502,327,175,0.34860557768924305,0.10091743119266056,0.5257142857142857,33,92
char,акт,491,361,130,0.26476578411405294,0.09141274238227147,0.49230769230769234,33,64
char,тек,474,359,115,0.24261603375527427,0.09192200557103064,0.5652173913043478,33,65
char,аме,465,318,147,0.3161290322580645,0.10377358490566038,0.4557823129251701,33,67
char,air,415,284,131,0.3156626506024096,0.11619718309859155,0.5877862595419847,33,77
char,йкор,324,217,107,0.33024691358024694,0.15207373271889402,0.5327102803738317,33,57
char,нди,297,183,114,0.3838383838383838,0.18032786885245902,0.5964912280701754,33,68
char,зова,278,181,97,0.3489208633093525,0.18232044198895028,0.5670103092783505,33,55
char,500м,277,158,119,0.4296028880866426,0.2088607594936709,0.44537815126050423,33,53
char,ельв,215,141,74,0.34418604651162793,0.23404255319148937,0.3918918918918919,33,29
char,стя,212,99,113,0.5330188679245284,0.3333333333333333,0.3274336283185841,33,37
char,чки,2367,2184,183,0.07731305449936629,0.014652014652014652,0.5628415300546448,32,103
char,тин,955,806,149,0.15602094240837697,0.03970223325062035,0.7046979865771812,32,105
char,орт,867,644,223,0.25720876585928487,0.049689440993788817,0.6098654708520179,32,136
char,хол,796,647,149,0.1871859296482412,0.04945904173106646,0.5436241610738255,32,81
char,рем,703,447,256,0.36415362731152207,0.07158836689038031,0.65234375,32,167
char,ильн,661,462,199,0.3010590015128593,0.06926406926406926,0.7286432160804021,32,145
char,ати,618,437,181,0.2928802588996764,0.07322654462242563,0.6132596685082873,32,111
char,ена,579,423,156,0.2694300518134715,0.07565011820330969,0.5641025641025641,32,88
char,пласт,548,368,180,0.3284671532846715,0.08695652173913043,0.4777777777777778,32,86
char,ног,538,396,142,0.26394052044609667,0.08080808080808081,0.5774647887323944,32,82
char,рог,477,358,119,0.24947589098532494,0.0893854748603352,0.5042016806722689,32,60
char,омо,406,270,136,0.33497536945812806,0.11851851851851852,0.47794117647058826,32,65
char,ляб,395,244,151,0.3822784810126582,0.13114754098360656,0.5827814569536424,32,88
char,ныйп,387,228,159,0.4108527131782946,0.14035087719298245,0.41509433962264153,32,66
char,олос,367,204,163,0.444141689373297,0.1568627450980392,0.5950920245398773,32,97
char,фор,323,210,113,0.3498452012383901,0.1523809523809524,0.4778761061946903,32,54
char,lux,320,229,91,0.284375,0.13973799126637554,0.6373626373626373,32,58
char,иве,307,210,97,0.31596091205211724,0.1523809523809524,0.4742268041237113,32,46
char,япа,268,182,86,0.3208955223880597,0.17582417582417584,0.5697674418604651,32,49
char,500мл,250,143,107,0.428,0.22377622377622378,0.411214953271028,32,44
char,100мл,229,139,90,0.3930131004366812,0.2302158273381295,0.7,32,63
char,аяпа,225,151,74,0.3288888888888889,0.2119205298013245,0.527027027027027,32,39
char,яку,220,142,78,0.35454545454545455,0.22535211267605634,0.358974358974359,32,28
char,амн,209,173,36,0.1722488038277512,0.18497109826589594,0.6388888888888888,32,23
char,гит,1397,1138,259,0.18539727988546886,0.027240773286467488,0.640926640926641,31,166
char,сов,1340,1110,230,0.17164179104477612,0.027927927927927927,0.7652173913043478,31,176
char,тичес,778,599,179,0.2300771208226221,0.05175292153589316,0.5698324022346368,31,102
char,асс,764,493,271,0.35471204188481675,0.06288032454361055,0.5867158671586716,31,159
char,ано,700,536,164,0.2342857142857143,0.05783582089552239,0.676829268292683,31,111
char,омпл,692,558,134,0.1936416184971098,0.05555555555555555,0.746268656716418,31,100
char,ний,519,359,160,0.30828516377649323,0.08635097493036212,0.61875,31,99
char,аяк,497,366,131,0.2635814889336016,0.08469945355191257,0.5419847328244275,31,71
char,пре,495,316,179,0.3616161616161616,0.0981012658227848,0.6089385474860335,31,109
char,мон,432,283,149,0.3449074074074074,0.10954063604240283,0.5369127516778524,31,80
char,енны,420,283,137,0.3261904761904762,0.10954063604240283,0.6058394160583942,31,83
char,вани,404,276,128,0.31683168316831684,0.11231884057971014,0.671875,31,86
char,ясоб,401,275,126,0.314214463840399,0.11272727272727273,0.5952380952380952,31,75
char,0гр,401,299,102,0.2543640897755611,0.10367892976588629,0.5294117647058824,31,54
char,ясоба,399,274,125,0.3132832080200501,0.11313868613138686,0.6,31,75
char,кат,399,259,140,0.3508771929824561,0.11969111969111969,0.5142857142857142,31,72
char,дляб,386,237,149,0.3860103626943005,0.1308016877637131,0.5906040268456376,31,88
char,ерев,364,234,130,0.35714285714285715,0.13247863247863248,0.4230769230769231,31,55
char,ерд,361,207,154,0.4265927977839335,0.1497584541062802,0.525974025974026,31,81
char,щий,344,174,170,0.4941860465116279,0.1781609195402299,0.48823529411764705,31,83
char,етов,322,171,151,0.468944099378882,0.18128654970760233,0.3841059602649007,31,58
char,инка,321,216,105,0.32710280373831774,0.14351851851851852,0.5333333333333333,31,56
char,ающ,319,127,192,0.6018808777429467,0.2440944881889764,0.3385416666666667,31,65
char,верс,317,220,97,0.305993690851735,0.1409090909090909,0.4742268041237113,31,46
char,есс,316,188,128,0.4050632911392405,0.16489361702127658,0.3828125,31,49
char,ивер,265,181,84,0.3169811320754717,0.1712707182320442,0.47619047619047616,31,40
char,конд,241,136,105,0.43568464730290457,0.22794117647058823,0.5904761904761905,31,62
char,молни,239,185,54,0.22594142259414227,0.16756756756756758,0.7592592592592593,31,41
char,молн,239,185,54,0.22594142259414227,0.16756756756756758,0.7592592592592593,31,41
char,наяв,221,144,77,0.34841628959276016,0.2152777777777778,0.5194805194805194,31,40
char,нии,218,156,62,0.28440366972477066,0.1987179487179487,0.5967741935483871,31,37
char,алет,204,116,88,0.43137254901960786,0.2672413793103448,0.5909090909090909,31,52
char,итар,1396,1136,260,0.18624641833810887,0.02640845070422535,0.6461538461538462,30,168
char,гита,1393,1134,259,0.18592964824120603,0.026455026455026454,0.640926640926641,30,166
char,гитар,1388,1130,258,0.18587896253602307,0.02654867256637168,0.6434108527131783,30,166
char,есн,762,577,185,0.24278215223097113,0.05199306759098787,0.6648648648648648,30,123
char,мпле,676,554,122,0.1804733727810651,0.05415162454873646,0.7868852459016393,30,96
char,плек,675,553,122,0.18074074074074073,0.054249547920433995,0.7868852459016393,30,96
char,рти,670,558,112,0.16716417910447762,0.053763440860215055,0.6071428571428571,30,68
char,кре,648,397,251,0.3873456790123457,0.07556675062972293,0.7370517928286853,30,185
char,кие,609,462,147,0.2413793103448276,0.06493506493506493,0.5782312925170068,30,85
char,оно,551,375,176,0.3194192377495463,0.08,0.5284090909090909,30,93
char,али,526,337,189,0.3593155893536122,0.08902077151335312,0.5079365079365079,30,96
char,кана,503,389,114,0.22664015904572565,0.07712082262210797,0.6403508771929824,30,73
char,сме,456,283,173,0.3793859649122807,0.10600706713780919,0.653179190751445,30,113
char,лоч,453,306,147,0.32450331125827814,0.09803921568627451,0.7006802721088435,30,103
char,лясоб,399,273,126,0.3157894736842105,0.10989010989010989,0.5952380952380952,30,75
char,can,367,246,121,0.329700272479564,0.12195121951219512,0.6942148760330579,30,84
char,ове,355,240,115,0.323943661971831,0.125,0.5652173913043478,30,65
char,рса,317,226,91,0.2870662460567823,0.13274336283185842,0.5054945054945055,30,46
char,анс,317,228,89,0.2807570977917981,0.13157894736842105,0.3707865168539326,30,33
char,акр,299,204,95,0.3177257525083612,0.14705882352941177,0.5157894736842106,30,49
char,лени,295,186,109,0.3694915254237288,0.16129032258064516,0.5963302752293578,30,65
char,рсал,277,196,81,0.2924187725631769,0.15306122448979592,0.49382716049382713,30,40
char,нив,269,185,84,0.31226765799256506,0.16216216216216217,0.4880952380952381,30,41
char,ерса,268,192,76,0.2835820895522388,0.15625,0.5,30,38
char,аза,265,142,123,0.4641509433962264,0.2112676056338028,0.4634146341463415,30,57
char,саль,258,183,75,0.29069767441860467,0.16393442622950818,0.48,30,36
char,ниве,256,176,80,0.3125,0.17045454545454544,0.5,30,40
char,унив,247,171,76,0.3076923076923077,0.17543859649122806,0.5,30,38
char,онди,223,126,97,0.4349775784753363,0.23809523809523808,0.5773195876288659,30,56
char,конди,218,121,97,0.44495412844036697,0.24793388429752067,0.5773195876288659,30,56
char,еват,213,123,90,0.4225352112676056,0.24390243902439024,0.4777777777777778,30,43
char,йма,210,134,76,0.3619047619047619,0.22388059701492538,0.47368421052631576,30,36
char,евате,209,120,89,0.4258373205741627,0.25,0.47191011235955055,30,42
char,роб,1248,1030,218,0.17467948717948717,0.02815533980582524,0.6422018348623854,29,140
char,уст,648,508,140,0.21604938271604937,0.05708661417322835,0.5928571428571429,29,83
char,лый,540,367,173,0.32037037037037036,0.07901907356948229,0.45664739884393063,29,79
char,лод,496,377,119,0.2399193548387097,0.07692307692307693,0.5462184873949579,29,65
char,тон,494,339,155,0.31376518218623484,0.0855457227138643,0.5225806451612903,29,81
char,чный,475,315,160,0.3368421052631579,0.09206349206349207,0.58125,29,93
char,ение,424,288,136,0.32075471698113206,0.10069444444444445,0.5294117647058824,29,72
char,тельн,395,267,128,0.3240506329113924,0.10861423220973783,0.5390625,29,69
char,бал,363,251,112,0.3085399449035813,0.11553784860557768,0.5,29,56
char,дел,353,226,127,0.3597733711048159,0.12831858407079647,0.5826771653543307,29,74
char,идк,341,222,119,0.3489736070381232,0.13063063063063063,0.5714285714285714,29,68
char,ыйн,331,211,120,0.36253776435045315,0.13744075829383887,0.5,29,60
char,тная,326,247,79,0.24233128834355827,0.11740890688259109,0.6835443037974683,29,54
char,res,326,222,104,0.31901840490797545,0.13063063063063063,0.6442307692307693,29,67
char,кер,320,200,120,0.375,0.145,0.5916666666666667,29,71
char,рмд,320,206,114,0.35625,0.1407766990291262,0.5789473684210527,29,66
char,ормд,319,206,113,0.3542319749216301,0.1407766990291262,0.5752212389380531,29,65
char,кормд,318,206,112,0.3522012578616352,0.1407766990291262,0.5803571428571429,29,65
char,игра,313,75,238,0.7603833865814696,0.38666666666666666,0.17647058823529413,29,42
char,поли,274,204,70,0.25547445255474455,0.14215686274509803,0.45714285714285713,29,32
char,тно,219,126,93,0.4246575342465753,0.23015873015873015,0.41935483870967744,29,39
char,онер,204,110,94,0.46078431372549017,0.2636363636363636,0.5638297872340425,29,53
char,рос,1544,1267,277,0.1794041450777202,0.022099447513812154,0.7292418772563177,28,202
char,тол,992,650,342,0.34475806451612906,0.043076923076923075,0.4415204678362573,28,151
char,бло,674,498,176,0.26112759643916916,0.05622489959839357,0.6590909090909091,28,116
char,кид,645,499,146,0.22635658914728682,0.056112224448897796,0.636986301369863,28,93
char,аку,585,459,126,0.2153846153846154,0.06100217864923747,0.5,28,63
char,ама,562,462,100,0.17793594306049823,0.06060606060606061,0.44,28,44
char,ani,487,344,143,0.2936344969199179,0.08139534883720931,0.6363636363636364,28,91
char,тив,426,276,150,0.352112676056338,0.10144927536231885,0.5733333333333334,28,86
char,lig,419,288,131,0.3126491646778043,0.09722222222222222,0.7633587786259542,28,100
char,раб,410,244,166,0.40487804878048783,0.11475409836065574,0.4939759036144578,28,82
char,ющи,390,213,177,0.45384615384615384,0.13145539906103287,0.5254237288135594,28,93
char,ele,380,286,94,0.24736842105263157,0.0979020979020979,0.6595744680851063,28,62
char,ерна,374,251,123,0.32887700534759357,0.11155378486055777,0.5934959349593496,28,73
char,душ,359,253,106,0.29526462395543174,0.11067193675889328,0.5,28,53
char,яма,352,235,117,0.33238636363636365,0.11914893617021277,0.41025641025641024,28,48
char,ort,343,254,89,0.2594752186588921,0.11023622047244094,0.5617977528089888,28,50
char,ород,332,218,114,0.3433734939759036,0.12844036697247707,0.47368421052631576,28,54
char,мал,331,194,137,0.41389728096676737,0.14432989690721648,0.45985401459854014,28,63
char,ины,328,227,101,0.3079268292682927,0.12334801762114538,0.594059405940594,28,60
char,исо,309,207,102,0.3300970873786408,0.13526570048309178,0.6764705882352942,28,69
char,азо,289,189,100,0.3460207612456747,0.14814814814814814,0.47,28,47
char,нова,288,207,81,0.28125,0.13526570048309178,0.4567901234567901,28,37
char,арм,281,188,93,0.3309608540925267,0.14893617021276595,0.6344086021505376,28,59
char,йкорм,278,186,92,0.33093525179856115,0.15053763440860216,0.5108695652173914,28,47
char,акс,276,169,107,0.38768115942028986,0.16568047337278108,0.40186915887850466,28,43
char,обо,270,169,101,0.37407407407407406,0.16568047337278108,0.39603960396039606,28,40
char,анти,236,121,115,0.4872881355932203,0.23140495867768596,0.46956521739130436,28,54
char,дон,232,157,75,0.3232758620689655,0.17834394904458598,0.48,28,36
char,рева,207,129,78,0.37681159420289856,0.21705426356589147,0.44871794871794873,28,35
char,компл,652,532,120,0.18404907975460122,0.05075187969924812,0.7833333333333333,27,94
char,ьник,628,442,186,0.2961783439490446,0.06108597285067873,0.7365591397849462,27,137
char,льник,628,442,186,0.2961783439490446,0.06108597285067873,0.7365591397849462,27,137
char,лян,584,428,156,0.2671232876712329,0.0630841121495327,0.6602564102564102,27,103
char,сло,533,324,209,0.3921200750469043,0.08333333333333333,0.631578947368421,27,132
char,сси,531,380,151,0.2843691148775895,0.07105263157894737,0.5827814569536424,27,88
char,000,507,350,157,0.3096646942800789,0.07714285714285714,0.6242038216560509,27,98
char,ола,453,296,157,0.3465783664459161,0.09121621621621621,0.5732484076433121,27,90
char,спо,445,318,127,0.2853932584269663,0.08490566037735849,0.5590551181102362,27,71
char,нск,444,352,92,0.2072072072072072,0.07670454545454546,0.5978260869565217,27,55
char,ванны,417,300,117,0.2805755395683453,0.09,0.5726495726495726,27,67
char,кле,395,256,139,0.3518987341772152,0.10546875,0.4892086330935252,27,68
char,еже,394,259,135,0.3426395939086294,0.10424710424710425,0.5925925925925926,27,80
char,очны,389,255,134,0.3444730077120823,0.10588235294117647,0.5970149253731343,27,80
char,оск,387,244,143,0.3695090439276486,0.11065573770491803,0.6083916083916084,27,87
char,ской,368,250,118,0.32065217391304346,0.108,0.559322033898305,27,66
char,ево,352,238,114,0.32386363636363635,0.1134453781512605,0.47368421052631576,27,54
char,елен,346,222,124,0.3583815028901734,0.12162162162162163,0.5403225806451613,27,67
char,рмдля,305,197,108,0.3540983606557377,0.13705583756345177,0.5648148148148148,27,61
char,ормдл,305,197,108,0.3540983606557377,0.13705583756345177,0.5648148148148148,27,61
char,рмдл,305,197,108,0.3540983606557377,0.13705583756345177,0.5648148148148148,27,61
char,наяс,282,182,100,0.3546099290780142,0.14835164835164835,0.49,27,49
char,каль,271,156,115,0.42435424354243545,0.17307692307692307,0.43478260869565216,27,50
char,верса,252,177,75,0.2976190476190476,0.15254237288135594,0.5066666666666667,27,38
char,сальн,240,172,68,0.2833333333333333,0.1569767441860465,0.47058823529411764,27,32
char,ерсал,237,164,73,0.3080168776371308,0.16463414634146342,0.4931506849315068,27,36
char,иверс,237,164,73,0.3080168776371308,0.16463414634146342,0.4931506849315068,27,36
char,нивер,237,164,73,0.3080168776371308,0.16463414634146342,0.4931506849315068,27,36
char,униве,234,161,73,0.31196581196581197,0.16770186335403728,0.4931506849315068,27,36
char,диц,221,117,104,0.47058823529411764,0.23076923076923078,0.5961538461538461,27,62
char,дици,215,114,101,0.4697674418604651,0.23684210526315788,0.594059405940594,27,60
char,ети,691,451,240,0.3473227206946454,0.057649667405764965,0.7833333333333333,26,188
char,ast,676,567,109,0.16124260355029585,0.04585537918871252,0.7522935779816514,26,82
char,лад,656,432,224,0.34146341463414637,0.06018518518518518,0.6473214285714286,26,145
char,мплек,646,528,118,0.1826625386996904,0.04924242424242424,0.7966101694915254,26,94
char,кус,633,498,135,0.2132701421800948,0.05220883534136546,0.562962962962963,26,76
char,рил,549,425,124,0.22586520947176686,0.0611764705882353,0.75,26,93
char,раск,523,396,127,0.24282982791587,0.06565656565656566,0.6062992125984252,26,77
char,белы,490,342,148,0.3020408163265306,0.07602339181286549,0.5067567567567568,26,75
char,per,485,363,122,0.2515463917525773,0.07162534435261708,0.5819672131147541,26,71
char,рмо,479,347,132,0.2755741127348643,0.07492795389048991,0.6060606060606061,26,80
char,тан,474,307,167,0.35232067510548526,0.08469055374592833,0.5508982035928144,26,92
char,ирова,467,349,118,0.25267665952890794,0.07449856733524356,0.635593220338983,26,75
char,астик,467,326,141,0.3019271948608137,0.07975460122699386,0.49645390070921985,26,70
char,рован,450,335,115,0.25555555555555554,0.07761194029850746,0.6347826086956522,26,73
char,кру,446,310,136,0.30493273542600896,0.08387096774193549,0.5882352941176471,26,80
char,иков,413,291,122,0.29539951573849876,0.08934707903780069,0.48360655737704916,26,59
char,напо,385,268,117,0.3038961038961039,0.09701492537313433,0.717948717948718,26,84
char,ерт,291,191,100,0.3436426116838488,0.13612565445026178,0.52,26,52
char,газ,242,154,88,0.36363636363636365,0.16883116883116883,0.6022727272727273,26,53
char,раф,238,159,79,0.3319327731092437,0.16352201257861634,0.5316455696202531,26,42
char,рсаль,211,145,66,0.3127962085308057,0.1793103448275862,0.45454545454545453,26,30
char,rass,200,81,119,0.595,0.32098765432098764,0.40336134453781514,26,48
char,лот,1949,1629,320,0.1641867624422781,0.015346838551258441,0.753125,25,241
char,руч,1085,872,213,0.19631336405529953,0.028669724770642203,0.7276995305164319,25,155
char,тара,753,635,118,0.15670650730411687,0.03937007874015748,0.5847457627118644,25,69
char,око,733,470,263,0.3587994542974079,0.05319148936170213,0.6311787072243346,25,166
char,0мм,639,506,133,0.2081377151799687,0.04940711462450593,0.6766917293233082,25,90
char,омпле,637,521,116,0.18210361067503925,0.04798464491362764,0.8017241379310345,25,93
char,бле,617,482,135,0.2188006482982172,0.05186721991701245,0.6296296296296297,25,85
char,гол,510,332,178,0.34901960784313724,0.07530120481927711,0.5224719101123596,25,93
char,аска,496,370,126,0.2540322580645161,0.06756756756756757,0.5634920634920635,25,71
char,рин,491,346,145,0.2953156822810591,0.07225433526011561,0.46206896551724136,25,67
char,ктро,469,346,123,0.2622601279317697,0.07225433526011561,0.5772357723577236,25,71
char,ектро,457,336,121,0.2647702407002188,0.0744047619047619,0.5702479338842975,25,69
char,lli,455,342,113,0.24835164835164836,0.07309941520467836,0.7345132743362832,25,83
char,вка,441,301,140,0.31746031746031744,0.08305647840531562,0.5357142857142857,25,75
char,амп,438,261,177,0.4041095890410959,0.09578544061302682,0.5649717514124294,25,100
char,tro,433,285,148,0.3418013856812933,0.08771929824561403,0.6148648648648649,25,91
char,ляко,431,265,166,0.3851508120649652,0.09433962264150944,0.6144578313253012,25,102
char,дляко,429,264,165,0.38461538461538464,0.0946969696969697,0.6121212121212121,25,101
char,рон,372,236,136,0.3655913978494624,0.1059322033898305,0.6102941176470589,25,83
char,кза,371,250,121,0.3261455525606469,0.1,0.7768595041322314,25,94
char,sch,363,268,95,0.26170798898071623,0.09328358208955224,0.6736842105263158,25,64
char,етр,362,219,143,0.39502762430939226,0.1141552511415525,0.5314685314685315,25,76
char,есо,360,213,147,0.4083333333333333,0.11737089201877934,0.5782312925170068,25,85
char,яна,343,238,105,0.30612244897959184,0.10504201680672269,0.5619047619047619,25,59
char,очный,330,219,111,0.33636363636363636,0.1141552511415525,0.6126126126126126,25,68
char,волос,310,174,136,0.43870967741935485,0.14367816091954022,0.5955882352941176,25,81
char,нир,297,230,67,0.2255892255892256,0.10869565217391304,0.4626865671641791,25,31
char,ены,294,206,88,0.29931972789115646,0.12135922330097088,0.5681818181818182,25,50
char,акл,292,181,111,0.3801369863013699,0.13812154696132597,0.43243243243243246,25,48
char,дин,281,157,124,0.4412811387900356,0.1592356687898089,0.43548387096774194,25,54
char,новы,275,166,109,0.39636363636363636,0.15060240963855423,0.43119266055045874,25,47
char,ерм,253,157,96,0.3794466403162055,0.1592356687898089,0.6041666666666666,25,58
char,енный,237,156,81,0.34177215189873417,0.16025641025641027,0.5185185185185185,25,42
char,обе,229,155,74,0.3231441048034934,0.16129032258064516,0.4864864864864865,25,36
char,ике,224,148,76,0.3392857142857143,0.16891891891891891,0.5263157894736842,25,40
char,гур,203,101,102,0.5024630541871922,0.24752475247524752,0.39215686274509803,25,40
char,зол,1763,1528,235,0.13329551900170164,0.015706806282722512,0.8085106382978723,24,190
char,зам,1537,1439,98,0.06376057254391672,0.01667824878387769,0.5714285714285714,24,56
char,кис,1071,918,153,0.14285714285714285,0.026143790849673203,0.5947712418300654,24,91
char,сно,886,692,194,0.21896162528216703,0.03468208092485549,0.6752577319587629,24,131
char,lan,878,731,147,0.1674259681093394,0.03283173734610123,0.7482993197278912,24,110
char,вес,689,470,219,0.3178519593613933,0.05106382978723404,0.6255707762557078,24,137
char,ень,578,422,156,0.2698961937716263,0.05687203791469194,0.6217948717948718,24,97
char,ские,537,417,120,0.22346368715083798,0.05755395683453238,0.5916666666666667,24,71
char,нце,533,420,113,0.21200750469043153,0.05714285714285714,0.48672566371681414,24,55
char,ято,498,357,141,0.28313253012048195,0.06722689075630252,0.5177304964539007,24,73
char,рюк,494,366,128,0.2591093117408907,0.06557377049180328,0.796875,24,102
char,нда,471,319,152,0.3227176220806794,0.07523510971786834,0.6578947368421053,24,100
char,ina,470,332,138,0.2936170212765957,0.07228915662650602,0.7463768115942029,24,103
char,лак,463,334,129,0.2786177105831533,0.0718562874251497,0.49612403100775193,24,64
char,ица,449,309,140,0.311804008908686,0.07766990291262135,0.6071428571428571,24,85
char,зак,426,280,146,0.3427230046948357,0.08571428571428572,0.7054794520547946,24,103
char,лон,407,266,141,0.3464373464373464,0.09022556390977443,0.6170212765957447,24,87
char,150,393,276,117,0.29770992366412213,0.08695652173913043,0.6581196581196581,24,77
char,ака,390,227,163,0.41794871794871796,0.10572687224669604,0.5398773006134969,24,88
char,ect,381,259,122,0.32020997375328086,0.09266409266409266,0.6065573770491803,24,74
char,асо,350,257,93,0.26571428571428574,0.0933852140077821,0.6021505376344086,24,56
char,ейн,350,234,116,0.3314285714285714,0.10256410256410256,0.6637931034482759,24,77
char,альна,346,261,85,0.24566473988439305,0.09195402298850575,0.47058823529411764,24,40
char,дере,328,215,113,0.3445121951219512,0.11162790697674418,0.4336283185840708,24,49
char,600,326,226,100,0.3067484662576687,0.10619469026548672,0.43,24,43
char,дерев,323,210,113,0.3498452012383901,0.11428571428571428,0.4336283185840708,24,49
char,ипе,323,256,67,0.20743034055727555,0.09375,0.7014925373134329,24,47
char,ква,321,206,115,0.3582554517133956,0.11650485436893204,0.5391304347826087,24,62
char,lit,313,215,98,0.31309904153354634,0.11162790697674418,0.46938775510204084,24,46
char,йни,313,237,76,0.24281150159744408,0.10126582278481013,0.6578947368421053,24,50
char,ине,303,187,116,0.38283828382838286,0.12834224598930483,0.49137931034482757,24,57
char,как,303,170,133,0.4389438943894389,0.1411764705882353,0.45112781954887216,24,60
char,ыйпо,299,193,106,0.35451505016722407,0.12435233160621761,0.4339622641509434,24,46
char,иво,251,135,116,0.46215139442231074,0.17777777777777778,0.43103448275862066,24,50
char,аси,244,170,74,0.30327868852459017,0.1411764705882353,0.47297297297297297,24,35
char,окд,225,156,69,0.30666666666666664,0.15384615384615385,0.6521739130434783,24,45
char,агр,215,133,82,0.3813953488372093,0.18045112781954886,0.5365853658536586,24,44
char,азов,214,141,73,0.3411214953271028,0.1702127659574468,0.4657534246575342,24,34
char,ябе,207,125,82,0.3961352657004831,0.192,0.5975609756097561,24,49
char,ойкор,206,129,77,0.3737864077669903,0.18604651162790697,0.4675324675324675,24,36
char,вко,200,146,54,0.27,0.1643835616438356,0.5,24,27
char,ome,741,643,98,0.13225371120107962,0.03576982892690513,0.5306122448979592,23,52
char,вел,679,555,124,0.18262150220913106,0.04144144144144144,0.7983870967741935,23,99
char,еме,620,440,180,0.2903225806451613,0.05227272727272727,0.5277777777777778,23,95
char,ing,516,373,143,0.2771317829457364,0.06166219839142091,0.6643356643356644,23,95
char,краск,480,367,113,0.23541666666666666,0.06267029972752043,0.6017699115044248,23,68
char,нно,477,359,118,0.24737945492662475,0.06406685236768803,0.5423728813559322,23,64
char,нев,437,276,161,0.3684210526315789,0.08333333333333333,0.6521739130434783,23,105
char,елый,435,288,147,0.33793103448275863,0.0798611111111111,0.46258503401360546,23,68
char,кров,424,361,63,0.14858490566037735,0.06371191135734072,0.6984126984126984,23,44
char,est,422,281,141,0.3341232227488152,0.08185053380782918,0.5957446808510638,23,84
char,ного,407,298,109,0.2678132678132678,0.07718120805369127,0.5871559633027523,23,64
char,мор,395,251,144,0.36455696202531646,0.09163346613545817,0.5833333333333334,23,84
char,eli,375,247,128,0.3413333333333333,0.0931174089068826,0.5390625,23,69
char,ельны,341,251,90,0.26392961876832843,0.09163346613545817,0.4888888888888889,23,44
char,дни,335,226,109,0.3253731343283582,0.10176991150442478,0.5963302752293578,23,65
char,зел,319,202,117,0.3667711598746082,0.11386138613861387,0.5470085470085471,23,64
char,дны,312,207,105,0.33653846153846156,0.1111111111111111,0.638095238095238,23,67
char,йник,303,229,74,0.24422442244224424,0.10043668122270742,0.6621621621621622,23,49
char,тый,300,173,127,0.42333333333333334,0.1329479768786127,0.44881889763779526,23,57
char,ява,297,221,76,0.2558922558922559,0.10407239819004525,0.42105263157894735,23,32
char,ток,294,195,99,0.336734693877551,0.11794871794871795,0.6868686868686869,23,68
char,кри,288,210,78,0.2708333333333333,0.10952380952380952,0.7051282051282052,23,55
char,ющий,279,131,148,0.5304659498207885,0.17557251908396945,0.5202702702702703,23,77
char,rop,274,202,72,0.26277372262773724,0.11386138613861387,0.6527777777777778,23,47
char,лом,268,168,100,0.373134328358209,0.13690476190476192,0.45,23,45
char,рома,250,164,86,0.344,0.1402439024390244,0.45348837209302323,23,39
char,чик,241,121,120,0.4979253112033195,0.19008264462809918,0.5416666666666666,23,65
char,микр,232,167,65,0.2801724137931034,0.1377245508982036,0.5538461538461539,23,36
char,йнаб,208,95,113,0.5432692307692307,0.24210526315789474,0.34513274336283184,23,39
char,йнабо,206,94,112,0.5436893203883495,0.24468085106382978,0.3392857142857143,23,38
char,очки,2157,2034,123,0.05702364394993046,0.010816125860373648,0.6341463414634146,22,78
char,ляр,1159,1005,154,0.13287316652286454,0.021890547263681594,0.6233766233766234,22,96
char,0шт,751,545,206,0.27430093209054596,0.04036697247706422,0.6019417475728155,22,124
char,стол,732,456,276,0.3770491803278688,0.04824561403508772,0.38768115942028986,22,107
char,карт,664,495,169,0.2545180722891566,0.044444444444444446,0.5680473372781065,22,96
char,офе,643,439,204,0.31726283048211507,0.05011389521640091,0.7009803921568627,22,143
char,ыдл,548,413,135,0.24635036496350365,0.053268765133171914,0.5407407407407407,22,73
char,ыдля,547,412,135,0.24680073126142596,0.05339805825242718,0.5407407407407407,22,73
char,евы,505,366,139,0.27524752475247527,0.060109289617486336,0.5683453237410072,22,79
char,ильни,493,339,154,0.31237322515212984,0.06489675516224189,0.7597402597402597,22,117
char,итн,493,402,91,0.1845841784989858,0.05472636815920398,0.42857142857142855,22,39
char,анд,479,316,163,0.34029227557411273,0.06962025316455696,0.6073619631901841,22,99
char,зер,478,294,184,0.38493723849372385,0.07482993197278912,0.6521739130434783,22,120
char,стра,472,317,155,0.3283898305084746,0.0694006309148265,0.567741935483871,22,88
char,кидл,469,370,99,0.21108742004264391,0.05945945945945946,0.6060606060606061,22,60
char,нат,454,355,99,0.21806167400881057,0.061971830985915494,0.5858585858585859,22,58
char,ату,429,325,104,0.24242424242424243,0.06769230769230769,0.6826923076923077,22,71
char,олод,426,327,99,0.2323943661971831,0.0672782874617737,0.5353535353535354,22,53
char,тур,389,294,95,0.2442159383033419,0.07482993197278912,0.6842105263157895,22,65
char,ока,379,279,100,0.2638522427440633,0.07885304659498207,0.52,22,52
char,нте,358,220,138,0.3854748603351955,0.1,0.4927536231884058,22,68
char,исто,351,227,124,0.35327635327635326,0.09691629955947137,0.5967741935483871,22,74
char,юкза,348,235,113,0.32471264367816094,0.09361702127659574,0.7876106194690266,22,89
char,юкз,348,235,113,0.32471264367816094,0.09361702127659574,0.7876106194690266,22,89
char,рюкз,348,235,113,0.32471264367816094,0.09361702127659574,0.7876106194690266,22,89
char,рюкза,345,234,111,0.3217391304347826,0.09401709401709402,0.8018018018018018,22,89
char,ура,341,267,74,0.21700879765395895,0.08239700374531835,0.6756756756756757,22,50
char,пит,326,209,117,0.3588957055214724,0.10526315789473684,0.6581196581196581,22,77
char,нски,324,265,59,0.18209876543209877,0.0830188679245283,0.5932203389830508,22,35
char,пед,323,251,72,0.22291021671826625,0.08764940239043825,0.6666666666666666,22,48
char,гор,319,211,108,0.3385579937304075,0.10426540284360189,0.6018518518518519,22,65
char,5кг,314,167,147,0.4681528662420382,0.1317365269461078,0.5918367346938775,22,87
char,lec,297,203,94,0.3164983164983165,0.10837438423645321,0.5851063829787234,22,55
char,олов,293,203,90,0.30716723549488056,0.10837438423645321,0.4666666666666667,22,42
char,ально,292,198,94,0.3219178082191781,0.1111111111111111,0.6595744680851063,22,62
char,нок,290,165,125,0.43103448275862066,0.13333333333333333,0.512,22,64
char,вания,289,193,96,0.33217993079584773,0.11398963730569948,0.7083333333333334,22,68
char,рей,287,196,91,0.3170731707317073,0.11224489795918367,0.6703296703296703,22,61
char,ляд,281,160,121,0.4306049822064057,0.1375,0.4297520661157025,22,52
char,тко,280,183,97,0.3464285714285714,0.12021857923497267,0.5360824742268041,22,52
char,ечн,267,171,96,0.3595505617977528,0.1286549707602339,0.3854166666666667,22,37
char,имо,254,150,104,0.4094488188976378,0.14666666666666667,0.5096153846153846,22,53
char,орк,251,167,84,0.3346613545816733,0.1317365269461078,0.4880952380952381,22,41
char,еро,241,143,98,0.4066390041493776,0.15384615384615385,0.4897959183673469,22,48
char,отн,240,136,104,0.43333333333333335,0.16176470588235295,0.4519230769230769,22,47
char,лим,236,150,86,0.3644067796610169,0.14666666666666667,0.5813953488372093,22,50
char,лейк,228,154,74,0.32456140350877194,0.14285714285714285,0.5945945945945946,22,44
char,мир,219,132,87,0.3972602739726027,0.16666666666666666,0.40229885057471265,22,35
char,йпор,218,118,100,0.45871559633027525,0.1864406779661017,0.46,22,46
char,исе,214,159,55,0.2570093457943925,0.13836477987421383,0.45454545454545453,22,25
char,2см,208,117,91,0.4375,0.18803418803418803,0.3956043956043956,22,36
char,ойм,204,141,63,0.3088235294117647,0.15602836879432624,0.5396825396825397,22,34
char,аром,204,131,73,0.35784313725490197,0.16793893129770993,0.4657534246575342,22,34
char,плит,203,136,67,0.33004926108374383,0.16176470588235295,0.5970149253731343,22,40
char,лка,1011,750,261,0.258160237388724,0.028,0.6130268199233716,21,160
char,ниц,615,503,112,0.1821138211382114,0.041749502982107355,0.6964285714285714,21,78
char,уль,611,437,174,0.28477905073649756,0.04805491990846682,0.6724137931034483,21,117
char,озо,607,442,165,0.27182866556836904,0.04751131221719457,0.6787878787878788,21,112
char,and,505,376,129,0.25544554455445545,0.05585106382978723,0.7131782945736435,21,92
char,рен,497,369,128,0.2575452716297787,0.056910569105691054,0.609375,21,78
char,ton,435,328,107,0.24597701149425288,0.06402439024390244,0.7102803738317757,21,76
char,mar,432,343,89,0.20601851851851852,0.061224489795918366,0.8314606741573034,21,74
char,асси,431,322,109,0.2529002320185615,0.06521739130434782,0.5321100917431193,21,58
char,инт,424,295,129,0.30424528301886794,0.0711864406779661,0.49612403100775193,21,64
char,лев,420,306,114,0.2714285714285714,0.06862745098039216,0.7192982456140351,21,82
char,лис,419,271,148,0.3532219570405728,0.07749077490774908,0.6283783783783784,21,93
char,ари,413,250,163,0.3946731234866828,0.084,0.50920245398773,21,83
char,белый,410,279,131,0.3195121951219512,0.07526881720430108,0.5038167938931297,21,66
char,учк,381,258,123,0.3228346456692913,0.08139534883720931,0.5934959349593496,21,73
char,ицы,376,322,54,0.14361702127659576,0.06521739130434782,0.7037037037037037,21,38
char,очка,356,216,140,0.39325842696629215,0.09722222222222222,0.5571428571428572,21,78
char,тре,355,203,152,0.428169014084507,0.10344827586206896,0.47368421052631576,21,72
char,ивн,354,241,113,0.3192090395480226,0.08713692946058091,0.5663716814159292,21,64
char,ага,353,248,105,0.29745042492917845,0.0846774193548387,0.7714285714285715,21,81
char,кзак,351,236,115,0.32763532763532766,0.08898305084745763,0.7739130434782608,21,89
char,mon,347,262,85,0.24495677233429394,0.08015267175572519,0.6352941176470588,21,54
char,ава,345,220,125,0.36231884057971014,0.09545454545454546,0.624,21,78
char,юкзак,343,232,111,0.3236151603498542,0.09051724137931035,0.8018018018018018,21,89
char,сил,337,198,139,0.4124629080118694,0.10606060606060606,0.5251798561151079,21,73
char,скр,332,208,124,0.37349397590361444,0.10096153846153846,0.5241935483870968,21,65
char,мес,331,251,80,0.24169184290030213,0.08366533864541832,0.7125,21,57
char,стек,329,257,72,0.2188449848024316,0.08171206225680934,0.5833333333333334,21,42
char,ума,325,194,131,0.40307692307692305,0.10824742268041238,0.6946564885496184,21,91
char,розо,323,203,120,0.3715170278637771,0.10344827586206896,0.5916666666666667,21,71
char,печ,313,233,80,0.25559105431309903,0.09012875536480687,0.575,21,46
char,arm,305,199,106,0.3475409836065574,0.10552763819095477,0.7264150943396226,21,77
char,инд,292,188,104,0.3561643835616438,0.11170212765957446,0.5288461538461539,21,55
char,лив,287,169,118,0.41114982578397213,0.1242603550295858,0.5508474576271186,21,65
char,шам,281,142,139,0.49466192170818507,0.14788732394366197,0.5683453237410072,21,79
char,ьныйп,272,168,104,0.38235294117647056,0.125,0.4519230769230769,21,47
char,дляд,261,144,117,0.4482758620689655,0.14583333333333334,0.42735042735042733,21,50
char,лиз,260,169,91,0.35,0.1242603550295858,0.6813186813186813,21,62
char,erg,252,155,97,0.38492063492063494,0.13548387096774195,0.6082474226804123,21,59
char,икро,245,174,71,0.2897959183673469,0.1206896551724138,0.5915492957746479,21,42
char,ерная,234,162,72,0.3076923076923077,0.12962962962962962,0.625,21,45
char,ляво,232,131,101,0.4353448275862069,0.16030534351145037,0.6732673267326733,21,68
char,rol,231,155,76,0.329004329004329,0.13548387096774195,0.5526315789473685,21,42
char,ляо,228,137,91,0.3991228070175439,0.15328467153284672,0.43956043956043955,21,40
char,дляо,228,137,91,0.3991228070175439,0.15328467153284672,0.43956043956043955,21,40
char,ция,223,150,73,0.3273542600896861,0.14,0.5342465753424658,21,39
char,ныйн,219,144,75,0.3424657534246575,0.14583333333333334,0.6,21,45
char,йпоро,216,117,99,0.4583333333333333,0.1794871794871795,0.45454545454545453,21,45
char,явол,215,122,93,0.4325581395348837,0.1721311475409836,0.6129032258064516,21,57
char,tic,215,128,87,0.4046511627906977,0.1640625,0.47126436781609193,21,41
char,хпо,209,147,62,0.2966507177033493,0.14285714285714285,0.45161290322580644,21,28
char,накл,203,135,68,0.33497536945812806,0.15555555555555556,0.4411764705882353,21,30
char,ветов,202,109,93,0.4603960396039604,0.1926605504587156,0.3655913978494624,21,34
char,овк,1371,1145,226,0.1648431801604668,0.017467248908296942,0.7212389380530974,20,163
char,ару,947,805,142,0.14994720168954592,0.024844720496894408,0.795774647887324,20,113
char,час,804,699,105,0.13059701492537312,0.02861230329041488,0.6857142857142857,20,72
char,две,713,541,172,0.24123422159887797,0.036968576709796676,0.7209302325581395,20,124
char,ari,597,490,107,0.17922948073701842,0.04081632653061224,0.6822429906542056,20,73
char,чай,587,442,145,0.24701873935264054,0.04524886877828054,0.7310344827586207,20,106
char,ори,568,340,228,0.4014084507042254,0.058823529411764705,0.5570175438596491,20,127
char,ыйс,540,370,170,0.3148148148148148,0.05405405405405406,0.6058823529411764,20,103
char,блок,500,373,127,0.254,0.05361930294906166,0.6535433070866141,20,83
char,кидля,449,355,94,0.20935412026726058,0.056338028169014086,0.6170212765957447,20,58
char,ent,443,335,108,0.24379232505643342,0.05970149253731343,0.6574074074074074,20,71
char,асте,424,262,162,0.38207547169811323,0.07633587786259542,0.6234567901234568,20,101
char,art,410,282,128,0.3121951219512195,0.07092198581560284,0.7578125,20,97
char,клас,393,267,126,0.32061068702290074,0.0749063670411985,0.5714285714285714,20,72
char,онны,377,273,104,0.27586206896551724,0.07326007326007326,0.5,20,52
char,pla,369,267,102,0.2764227642276423,0.0749063670411985,0.7450980392156863,20,76
char,товы,365,280,85,0.2328767123287671,0.07142857142857142,0.4588235294117647,20,39
char,tra,365,262,103,0.2821917808219178,0.07633587786259542,0.7378640776699029,20,76
char,che,361,242,119,0.3296398891966759,0.08264462809917356,0.7647058823529411,20,91
char,ыйк,359,228,131,0.3649025069637883,0.08771929824561403,0.5419847328244275,20,71
char,ess,352,241,111,0.3153409090909091,0.08298755186721991,0.6396396396396397,20,71
char,енк,333,229,104,0.3123123123123123,0.08733624454148471,0.5865384615384616,20,61
char,йст,328,230,98,0.29878048780487804,0.08695652173913043,0.6224489795918368,20,61
char,втом,298,197,101,0.3389261744966443,0.10152284263959391,0.5544554455445545,20,56
char,нко,296,202,94,0.31756756756756754,0.09900990099009901,0.574468085106383,20,54
char,автом,287,188,99,0.34494773519163763,0.10638297872340426,0.5454545454545454,20,54
char,зелен,271,171,100,0.36900369003690037,0.11695906432748537,0.54,20,54
char,зеле,271,171,100,0.36900369003690037,0.11695906432748537,0.54,20,54
char,ner,263,177,86,0.3269961977186312,0.11299435028248588,0.4883720930232558,20,42
char,ren,258,201,57,0.22093023255813954,0.09950248756218906,0.6140350877192983,20,35
char,оми,254,151,103,0.40551181102362205,0.13245033112582782,0.39805825242718446,20,41
char,руж,229,152,77,0.33624454148471616,0.13157894736842105,0.45454545454545453,20,35
char,иру,227,169,58,0.2555066079295154,0.11834319526627218,0.46551724137931033,20,27
char,опи,224,157,67,0.29910714285714285,0.12738853503184713,0.43283582089552236,20,29
char,ныйпо,222,120,102,0.4594594594594595,0.16666666666666666,0.4411764705882353,20,45
char,cle,222,150,72,0.32432432432432434,0.13333333333333333,0.5555555555555556,20,40
char,микро,217,157,60,0.2764976958525346,0.12738853503184713,0.5666666666666667,20,34
char,коро,214,111,103,0.48130841121495327,0.18018018018018017,0.4368932038834951,20,45
char,сты,212,124,88,0.41509433962264153,0.16129032258064516,0.4431818181818182,20,39
char,рол,211,121,90,0.4265402843601896,0.1652892561983471,0.5333333333333333,20,48
char,таре,211,120,91,0.4312796208530806,0.16666666666666666,0.43956043956043955,20,40
char,nic,210,136,74,0.3523809523809524,0.14705882352941177,0.6216216216216216,20,46
char,свето,205,138,67,0.32682926829268294,0.14492753623188406,0.44776119402985076,20,30
char,жес,201,124,77,0.38308457711442784,0.16129032258064516,0.5454545454545454,20,42
char,жест,200,124,76,0.38,0.16129032258064516,0.5394736842105263,20,41
char,асн,884,680,204,0.23076923076923078,0.027941176470588237,0.5784313725490197,19,118
char,нару,869,759,110,0.12658227848101267,0.025032938076416336,0.8636363636363636,19,95
char,льт,822,578,244,0.29683698296836986,0.0328719723183391,0.7418032786885246,19,181
char,чех,693,586,107,0.1544011544011544,0.032423208191126277,0.6635514018691588,19,71
char,плект,607,503,104,0.171334431630972,0.03777335984095427,0.8269230769230769,19,86
char,lor,598,468,130,0.21739130434782608,0.0405982905982906,0.5923076923076923,19,77
char,ать,562,481,81,0.14412811387900357,0.0395010395010395,0.6049382716049383,19,49
char,наст,556,260,296,0.5323741007194245,0.07307692307692308,0.40878378378378377,19,121
char,стич,510,415,95,0.18627450980392157,0.04578313253012048,0.5578947368421052,19,53
char,иск,451,333,118,0.2616407982261641,0.057057057057057055,0.5847457627118644,19,69
char,сны,439,310,129,0.2938496583143508,0.06129032258064516,0.49612403100775193,19,64
char,лято,432,323,109,0.2523148148148148,0.058823529411764705,0.5596330275229358,19,61
char,ятор,419,313,106,0.2529832935560859,0.06070287539936102,0.5660377358490566,19,60
char,рел,412,300,112,0.27184466019417475,0.06333333333333334,0.6428571428571429,19,72
char,кур,408,276,132,0.3235294117647059,0.06884057971014493,0.6212121212121212,19,82
char,ласс,392,267,125,0.31887755102040816,0.07116104868913857,0.576,19,72
char,нен,392,282,110,0.28061224489795916,0.0673758865248227,0.5181818181818182,19,57
char,спр,390,263,127,0.32564102564102565,0.07224334600760456,0.6614173228346457,19,84
char,арн,382,268,114,0.29842931937172773,0.0708955223880597,0.6491228070175439,19,74
char,класс,378,258,120,0.31746031746031744,0.07364341085271318,0.575,19,69
char,лан,357,227,130,0.3641456582633053,0.08370044052863436,0.45384615384615384,19,59
char,ала,343,232,111,0.3236151603498542,0.08189655172413793,0.5675675675675675,19,63
char,ласси,331,230,101,0.30513595166163143,0.08260869565217391,0.5346534653465347,19,54
char,спи,313,236,77,0.24600638977635783,0.08050847457627118,0.5324675324675324,19,41
char,нос,310,209,101,0.3258064516129032,0.09090909090909091,0.6039603960396039,19,61
char,епо,283,219,64,0.22614840989399293,0.0867579908675799,0.5625,19,36
char,ники,281,177,104,0.3701067615658363,0.10734463276836158,0.6442307692307693,19,67
char,енс,270,217,53,0.1962962962962963,0.08755760368663594,0.7169811320754716,19,38
char,lect,266,184,82,0.3082706766917293,0.10326086956521739,0.5975609756097561,19,49
char,емо,256,158,98,0.3828125,0.12025316455696203,0.42857142857142855,19,42
char,точ,247,130,117,0.47368421052631576,0.14615384615384616,0.5042735042735043,19,59
char,аяма,244,167,77,0.3155737704918033,0.11377245508982035,0.35064935064935066,19,27
char,mas,242,194,48,0.19834710743801653,0.0979381443298969,0.5833333333333334,19,28
char,cal,241,166,75,0.3112033195020747,0.1144578313253012,0.76,19,57
char,ctr,238,163,75,0.31512605042016806,0.1165644171779141,0.6533333333333333,19,49
char,име,236,197,39,0.1652542372881356,0.09644670050761421,0.6153846153846154,19,24
char,ыйна,221,147,74,0.334841628959276,0.1292517006802721,0.6081081081081081,19,45
char,ней,221,137,84,0.38009049773755654,0.1386861313868613,0.6071428571428571,19,51
char,ster,215,165,50,0.23255813953488372,0.11515151515151516,0.68,19,34
char,фет,212,130,82,0.3867924528301887,0.14615384615384616,0.6707317073170732,19,55
char,орп,210,137,73,0.3476190476190476,0.1386861313868613,0.4520547945205479,19,33
char,ыйпор,203,106,97,0.47783251231527096,0.1792452830188679,0.4536082474226804,19,44
char,коль,1879,1561,318,0.1692389568919638,0.011531069827033953,0.9056603773584906,18,288
char,бол,693,607,86,0.1240981240981241,0.029654036243822075,0.6395348837209303,18,55
char,зме,687,599,88,0.12809315866084425,0.03005008347245409,0.625,18,55
char,асл,659,489,170,0.25796661608497723,0.03680981595092025,0.6294117647058823,18,107
char,коф,547,354,193,0.35283363802559414,0.05084745762711865,0.694300518134715,18,134
char,ащи,537,485,52,0.09683426443202979,0.03711340206185567,0.8076923076923077,18,42
char,лат,517,381,136,0.26305609284332687,0.047244094488188976,0.625,18,85
char,пал,438,366,72,0.1643835616438356,0.04918032786885246,0.7361111111111112,18,53
char,аяг,429,361,68,0.1585081585081585,0.04986149584487535,0.5294117647058824,18,36
char,агн,407,327,80,0.19656019656019655,0.05504587155963303,0.2875,18,23
char,магн,400,323,77,0.1925,0.05572755417956656,0.2857142857142857,18,22
char,раска,397,316,81,0.2040302267002519,0.056962025316455694,0.5432098765432098,18,44
char,400,365,238,127,0.34794520547945207,0.07563025210084033,0.5118110236220472,18,65
char,омс,364,300,64,0.17582417582417584,0.06,0.515625,18,33
char,мцв,361,261,100,0.2770083102493075,0.06896551724137931,0.39,18,39
char,ало,353,255,98,0.2776203966005666,0.07058823529411765,0.5102040816326531,18,50
char,лам,345,255,90,0.2608695652173913,0.07058823529411765,0.4666666666666667,18,42
char,igh,341,235,106,0.31085043988269795,0.07659574468085106,0.7735849056603774,18,82
char,дар,336,224,112,0.3333333333333333,0.08035714285714286,0.5803571428571429,18,65
char,нто,332,209,123,0.3704819277108434,0.0861244019138756,0.5121951219512195,18,63
char,ght,329,227,102,0.3100303951367781,0.07929515418502203,0.7745098039215687,18,79
char,ight,328,227,101,0.3079268292682927,0.07929515418502203,0.7722772277227723,18,78
char,ожа,328,268,60,0.18292682926829268,0.06716417910447761,0.7,18,42
char,ном,323,200,123,0.38080495356037153,0.09,0.6016260162601627,18,74
char,ssi,319,201,118,0.36990595611285265,0.08955223880597014,0.6016949152542372,18,71
char,оси,301,234,67,0.22259136212624583,0.07692307692307693,0.7164179104477612,18,48
char,осте,299,257,42,0.14046822742474915,0.07003891050583658,0.7380952380952381,18,31
char,там,292,201,91,0.3116438356164384,0.08955223880597014,0.5824175824175825,18,53
char,лесо,284,172,112,0.39436619718309857,0.10465116279069768,0.6517857142857143,18,73
char,сип,259,201,58,0.22393822393822393,0.08955223880597014,0.6551724137931034,18,38
char,елос,258,207,51,0.19767441860465115,0.08695652173913043,0.7450980392156863,18,38
char,ипед,252,205,47,0.1865079365079365,0.08780487804878048,0.7659574468085106,18,36
char,отк,251,159,92,0.3665338645418327,0.11320754716981132,0.5760869565217391,18,53
char,ольны,241,148,93,0.38589211618257263,0.12162162162162163,0.5913978494623656,18,55
char,еный,238,166,72,0.3025210084033613,0.10843373493975904,0.5972222222222222,18,43
char,вст,234,149,85,0.36324786324786323,0.12080536912751678,0.35294117647058826,18,30
char,жел,232,140,92,0.39655172413793105,0.12857142857142856,0.45652173913043476,18,42
char,elec,229,160,69,0.30131004366812225,0.1125,0.6086956521739131,18,42
char,lea,224,151,73,0.32589285714285715,0.11920529801324503,0.6164383561643836,18,45
char,elect,224,155,69,0.3080357142857143,0.11612903225806452,0.6086956521739131,18,42
char,марк,223,156,67,0.3004484304932735,0.11538461538461539,0.6268656716417911,18,42
char,дляво,223,123,100,0.4484304932735426,0.14634146341463414,0.67,18,67
char,очи,210,107,103,0.49047619047619045,0.16822429906542055,0.5533980582524272,18,57
char,аци,207,130,77,0.3719806763285024,0.13846153846153847,0.5324675324675324,18,41
char,ердл,206,116,90,0.4368932038834951,0.15517241379310345,0.6111111111111112,18,55
char,ердля,205,116,89,0.43414634146341463,0.15517241379310345,0.6067415730337079,18,54
char,ете,203,130,73,0.35960591133004927,0.13846153846153847,0.410958904109589,18,30
char,мини,201,137,64,0.31840796019900497,0.13138686131386862,0.40625,18,26
char,мод,1517,1406,111,0.07317073170731707,0.01209103840682788,0.5405405405405406,17,60
char,реб,1189,973,216,0.18166526492851134,0.017471736896197326,0.8425925925925926,17,182
char,итара,692,599,93,0.13439306358381503,0.028380634390651086,0.5806451612903226,17,54
char,ell,662,486,176,0.26586102719033233,0.03497942386831276,0.6704545454545454,17,118
char,тные,593,519,74,0.12478920741989882,0.03275529865125241,0.47297297297297297,17,35
char,ейка,589,505,84,0.14261460101867574,0.033663366336633666,0.5357142857142857,17,45
char,акус,457,380,77,0.16849015317286653,0.04473684210526316,0.5584415584415584,17,43
char,ови,454,325,129,0.2841409691629956,0.052307692307692305,0.5193798449612403,17,67
char,ore,428,315,113,0.26401869158878505,0.05396825396825397,0.6991150442477876,17,79
char,лятор,405,300,105,0.25925925925925924,0.056666666666666664,0.5714285714285714,17,60
char,sta,401,289,112,0.2793017456359102,0.058823529411764705,0.7589285714285714,17,85
char,бук,392,298,94,0.23979591836734693,0.05704697986577181,0.7340425531914894,17,69
char,nte,389,262,127,0.3264781491002571,0.0648854961832061,0.6614173228346457,17,84
char,ажн,370,225,145,0.3918918918918919,0.07555555555555556,0.6482758620689655,17,94
char,пка,345,261,84,0.24347826086956523,0.06513409961685823,0.7976190476190477,17,67
char,еско,343,235,108,0.31486880466472306,0.07234042553191489,0.5462962962962963,17,59
char,мцве,339,242,97,0.2861356932153392,0.07024793388429752,0.38144329896907214,17,37
char,асто,336,116,220,0.6547619047619048,0.14655172413793102,0.30454545454545456,17,67
char,анда,332,231,101,0.3042168674698795,0.0735930735930736,0.594059405940594,17,60
char,мул,332,248,84,0.25301204819277107,0.06854838709677419,0.5595238095238095,17,47
char,las,332,235,97,0.2921686746987952,0.07234042553191489,0.7422680412371134,17,72
char,каб,319,220,99,0.3103448275862069,0.07727272727272727,0.4444444444444444,17,44
char,ona,304,215,89,0.29276315789473684,0.07906976744186046,0.5168539325842697,17,46
char,уля,302,223,79,0.26158940397350994,0.07623318385650224,0.4936708860759494,17,39
char,дляр,294,189,105,0.35714285714285715,0.08994708994708994,0.6285714285714286,17,66
char,ныйк,288,185,103,0.3576388888888889,0.0918918918918919,0.5436893203883495,17,56
char,бум,287,178,109,0.3797909407665505,0.09550561797752809,0.7064220183486238,17,77
char,оре,286,197,89,0.3111888111888112,0.08629441624365482,0.6067415730337079,17,54
char,ыйб,284,221,63,0.22183098591549297,0.07692307692307693,0.42857142857142855,17,27
char,вело,284,217,67,0.23591549295774647,0.07834101382488479,0.7611940298507462,17,51
char,тико,278,198,80,0.28776978417266186,0.08585858585858586,0.4125,17,33
char,ite,276,181,95,0.3442028985507246,0.09392265193370165,0.6842105263157895,17,65
char,дор,275,182,93,0.3381818181818182,0.09340659340659341,0.4946236559139785,17,46
char,гов,274,206,68,0.24817518248175183,0.0825242718446602,0.45588235294117646,17,31
char,рто,254,136,118,0.4645669291338583,0.125,0.4915254237288136,17,58
char,крем,253,118,135,0.5335968379446641,0.1440677966101695,0.7037037037037037,17,95
char,щая,253,147,106,0.4189723320158103,0.11564625850340136,0.3490566037735849,17,37
char,лоси,252,201,51,0.20238095238095238,0.0845771144278607,0.7254901960784313,17,37
char,велос,250,202,48,0.192,0.08415841584158416,0.7708333333333334,17,37
char,мый,249,154,95,0.3815261044176707,0.11038961038961038,0.5368421052631579,17,51
char,кое,248,144,104,0.41935483870967744,0.11805555555555555,0.46153846153846156,17,48
char,sto,248,164,84,0.3387096774193548,0.10365853658536585,0.6190476190476191,17,52
char,шамп,248,117,131,0.5282258064516129,0.1452991452991453,0.5725190839694656,17,75
char,унь,248,115,133,0.5362903225806451,0.14782608695652175,0.5939849624060151,17,79
char,елоси,248,201,47,0.18951612903225806,0.0845771144278607,0.7446808510638298,17,35
char,мпу,245,112,133,0.5428571428571428,0.15178571428571427,0.5714285714285714,17,76
char,сипе,245,199,46,0.18775510204081633,0.08542713567839195,0.7608695652173914,17,35
char,осип,245,199,46,0.18775510204081633,0.08542713567839195,0.7608695652173914,17,35
char,осипе,245,199,46,0.18775510204081633,0.08542713567839195,0.7608695652173914,17,35
char,сипед,245,199,46,0.18775510204081633,0.08542713567839195,0.7608695652173914,17,35
char,лосип,245,199,46,0.18775510204081633,0.08542713567839195,0.7608695652173914,17,35
char,пыл,244,143,101,0.4139344262295082,0.11888111888111888,0.6336633663366337,17,64
char,удо,240,157,83,0.3458333333333333,0.10828025477707007,0.3855421686746988,17,32
char,oni,239,183,56,0.23430962343096234,0.09289617486338798,0.625,17,35
char,ляа,238,175,63,0.2647058823529412,0.09714285714285714,0.6190476190476191,17,39
char,дляа,237,175,62,0.2616033755274262,0.09714285714285714,0.6290322580645161,17,39
char,her,237,152,85,0.35864978902953587,0.1118421052631579,0.6705882352941176,17,57
char,икон,236,162,74,0.3135593220338983,0.10493827160493827,0.43243243243243246,17,32
char,пун,233,104,129,0.5536480686695279,0.16346153846153846,0.5813953488372093,17,75
char,орс,232,128,104,0.4482758620689655,0.1328125,0.375,17,39
char,онов,222,156,66,0.2972972972972973,0.10897435897435898,0.5454545454545454,17,36
char,риц,217,117,100,0.4608294930875576,0.1452991452991453,0.59,17,59
char,ыле,216,117,99,0.4583333333333333,0.1452991452991453,0.6262626262626263,17,62
char,ника,215,130,85,0.3953488372093023,0.13076923076923078,0.49411764705882355,17,42
char,тика,209,152,57,0.2727272727272727,0.1118421052631579,0.5087719298245614,17,29
char,рун,702,545,157,0.22364672364672364,0.029357798165137616,0.7070063694267515,16,111
char,ехо,603,493,110,0.1824212271973466,0.032454361054766734,0.6090909090909091,16,67
char,нта,547,420,127,0.23217550274223034,0.0380952380952381,0.6062992125984252,16,77
char,кофе,523,340,183,0.34990439770554493,0.047058823529411764,0.7049180327868853,16,129
char,sio,498,392,106,0.21285140562248997,0.04081632653061224,0.6320754716981132,16,67
char,анов,490,390,100,0.20408163265306123,0.041025641025641026,0.74,16,74
char,стиче,481,396,85,0.17671517671517672,0.04040404040404041,0.5882352941176471,16,50
char,куст,457,381,76,0.16630196936542668,0.04199475065616798,0.5657894736842105,16,43
char,усти,455,380,75,0.16483516483516483,0.042105263157894736,0.56,16,42
char,акуст,451,375,76,0.16851441241685144,0.042666666666666665,0.5657894736842105,16,43
char,кусти,451,376,75,0.1662971175166297,0.0425531914893617,0.56,16,42
char,ебе,416,363,53,0.12740384615384615,0.0440771349862259,0.6415094339622641,16,34
char,man,400,291,109,0.2725,0.054982817869415807,0.7798165137614679,16,85
char,рез,396,261,135,0.3409090909090909,0.06130268199233716,0.6814814814814815,16,92
char,агни,385,317,68,0.17662337662337663,0.050473186119873815,0.25,16,17
char,гни,385,317,68,0.17662337662337663,0.050473186119873815,0.25,16,17
char,емн,384,302,82,0.21354166666666666,0.052980132450331126,0.573170731707317,16,47
char,кож,377,290,87,0.23076923076923078,0.05517241379310345,0.6781609195402298,16,59
char,иза,376,288,88,0.23404255319148937,0.05555555555555555,0.75,16,66
char,ori,358,274,84,0.2346368715083799,0.058394160583941604,0.6785714285714286,16,57
char,уле,348,265,83,0.23850574712643677,0.06037735849056604,0.6626506024096386,16,55
char,екл,343,282,61,0.17784256559766765,0.05673758865248227,0.6885245901639344,16,42
char,мцвет,333,238,95,0.2852852852852853,0.06722689075630252,0.37894736842105264,16,36
char,tin,330,249,81,0.24545454545454545,0.0642570281124498,0.7777777777777778,16,63
char,аба,325,243,82,0.2523076923076923,0.06584362139917696,0.5365853658536586,16,44
char,магни,318,250,68,0.2138364779874214,0.064,0.25,16,17
char,ali,317,250,67,0.2113564668769716,0.064,0.6865671641791045,16,46
char,евая,307,233,74,0.24104234527687296,0.06866952789699571,0.5405405405405406,16,40
char,пере,296,199,97,0.3277027027027027,0.08040201005025126,0.7010309278350515,16,68
char,кост,293,200,93,0.3174061433447099,0.08,0.6559139784946236,16,61
char,исте,291,228,63,0.21649484536082475,0.07017543859649122,0.5714285714285714,16,36
char,мати,291,213,78,0.26804123711340205,0.07511737089201878,0.5384615384615384,16,42
char,паз,288,111,177,0.6145833333333334,0.14414414414414414,0.4576271186440678,16,81
char,вны,286,199,87,0.3041958041958042,0.08040201005025126,0.6091954022988506,16,53
char,масл,285,192,93,0.3263157894736842,0.08333333333333333,0.5913978494623656,16,55
char,епл,284,219,65,0.22887323943661972,0.0730593607305936,0.6307692307692307,16,41
char,тье,284,228,56,0.19718309859154928,0.07017543859649122,0.5357142857142857,16,30
char,текл,279,236,43,0.15412186379928317,0.06779661016949153,0.7209302325581395,16,31
char,дка,274,188,86,0.31386861313868614,0.0851063829787234,0.6976744186046512,16,60
char,анк,272,199,73,0.26838235294117646,0.08040201005025126,0.5753424657534246,16,42
char,рож,270,197,73,0.27037037037037037,0.08121827411167512,0.6438356164383562,16,47
char,бума,264,163,101,0.38257575757575757,0.09815950920245399,0.7227722772277227,16,73
char,tur,249,179,70,0.28112449799196787,0.0893854748603352,0.5285714285714286,16,37
char,има,242,154,88,0.36363636363636365,0.1038961038961039,0.4318181818181818,16,38
char,тный,241,135,106,0.43983402489626555,0.11851851851851852,0.5094339622641509,16,54
char,ампу,239,107,132,0.5523012552301255,0.14953271028037382,0.5757575757575758,16,76
char,овод,235,164,71,0.3021276595744681,0.0975609756097561,0.8028169014084507,16,57
char,вое,235,155,80,0.3404255319148936,0.1032258064516129,0.5,16,40
char,шампу,235,105,130,0.5531914893617021,0.1523809523809524,0.5769230769230769,16,75
char,жный,234,163,71,0.3034188034188034,0.09815950920245399,0.6338028169014085,16,45
char,мпун,231,102,129,0.5584415584415584,0.1568627450980392,0.5813953488372093,16,75
char,ампун,231,102,129,0.5584415584415584,0.1568627450980392,0.5813953488372093,16,75
char,пунь,230,101,129,0.5608695652173913,0.15841584158415842,0.5813953488372093,16,75
char,мпунь,230,101,129,0.5608695652173913,0.15841584158415842,0.5813953488372093,16,75
char,анный,229,165,64,0.2794759825327511,0.09696969696969697,0.609375,16,39
char,20м,228,168,60,0.2631578947368421,0.09523809523809523,0.5666666666666667,16,34
char,азл,225,50,175,0.7777777777777778,0.32,0.45714285714285713,16,80
char,умаг,224,141,83,0.3705357142857143,0.11347517730496454,0.7831325301204819,16,65
char,ойн,218,127,91,0.41743119266055045,0.12598425196850394,0.46153846153846156,16,42
char,пазл,217,48,169,0.7788018433179723,0.3333333333333333,0.4378698224852071,16,74
char,alli,213,156,57,0.2676056338028169,0.10256410256410256,0.7017543859649122,16,40
char,rat,212,145,67,0.3160377358490566,0.1103448275862069,0.7611940298507462,16,51
char,блес,208,178,30,0.14423076923076922,0.0898876404494382,0.6666666666666666,16,20
char,наяма,207,144,63,0.30434782608695654,0.1111111111111111,0.3492063492063492,16,22
char,лико,204,131,73,0.35784313725490197,0.12213740458015267,0.4794520547945205,16,35
char,ata,200,138,62,0.31,0.11594202898550725,0.6935483870967742,16,43
char,лото,633,497,136,0.21484992101105846,0.030181086519114688,0.6764705882352942,15,92
char,емен,485,344,141,0.2907216494845361,0.0436046511627907,0.5319148936170213,15,75
char,фот,459,418,41,0.08932461873638345,0.03588516746411483,0.6829268292682927,15,28
char,фото,459,418,41,0.08932461873638345,0.03588516746411483,0.6829268292682927,15,28
char,одв,455,335,120,0.26373626373626374,0.04477611940298507,0.7583333333333333,15,91
char,подв,455,335,120,0.26373626373626374,0.04477611940298507,0.7583333333333333,15,91
char,устич,440,370,70,0.1590909090909091,0.04054054054054054,0.5428571428571428,15,38
char,ati,440,363,77,0.175,0.04132231404958678,0.5974025974025974,15,46
char,рус,436,306,130,0.2981651376146789,0.049019607843137254,0.6076923076923076,15,79
char,еры,415,307,108,0.26024096385542167,0.048859934853420196,0.7129629629629629,15,77
char,кух,408,322,86,0.2107843137254902,0.046583850931677016,0.4418604651162791,15,38
char,лав,390,286,104,0.26666666666666666,0.05244755244755245,0.6826923076923077,15,71
char,гнит,377,312,65,0.1724137931034483,0.04807692307692308,0.23076923076923078,15,15
char,ден,371,285,86,0.23180592991913745,0.05263157894736842,0.6627906976744186,15,57
char,201,361,300,61,0.16897506925207756,0.05,0.7868852459016393,15,48
char,120,359,263,96,0.26740947075208915,0.057034220532319393,0.65625,15,63
char,нные,351,269,82,0.2336182336182336,0.055762081784386616,0.6585365853658537,15,54
char,тем,344,262,82,0.23837209302325582,0.05725190839694656,0.6463414634146342,15,53
char,агнит,340,275,65,0.19117647058823528,0.05454545454545454,0.23076923076923078,15,15
char,рок,339,211,128,0.3775811209439528,0.07109004739336493,0.5546875,15,71
char,ber,338,248,90,0.26627218934911245,0.06048387096774194,0.6777777777777778,15,61
char,лист,331,215,116,0.3504531722054381,0.06976744186046512,0.6724137931034483,15,78
char,кул,327,216,111,0.3394495412844037,0.06944444444444445,0.5945945945945946,15,66
char,насто,314,101,213,0.678343949044586,0.1485148514851485,0.3004694835680751,15,64
char,уго,314,261,53,0.16878980891719744,0.05747126436781609,0.660377358490566,15,35
char,пак,311,223,88,0.2829581993569132,0.06726457399103139,0.5795454545454546,15,51
char,тве,310,228,82,0.2645161290322581,0.06578947368421052,0.5365853658536586,15,44
char,сор,308,194,114,0.37012987012987014,0.07731958762886598,0.5263157894736842,15,60
char,кет,304,207,97,0.3190789473684211,0.07246376811594203,0.7216494845360825,15,70
char,тора,292,223,69,0.2363013698630137,0.06726457399103139,0.4927536231884058,15,34
char,иде,290,211,79,0.27241379310344827,0.07109004739336493,0.7721518987341772,15,61
char,тома,290,201,89,0.30689655172413793,0.07462686567164178,0.5617977528089888,15,50
char,ris,284,212,72,0.2535211267605634,0.07075471698113207,0.6805555555555556,15,49
char,сан,282,190,92,0.3262411347517731,0.07894736842105263,0.5108695652173914,15,47
char,жев,276,177,99,0.358695652173913,0.0847457627118644,0.47474747474747475,15,47
char,астол,275,81,194,0.7054545454545454,0.18518518518518517,0.27319587628865977,15,53
char,тивн,269,195,74,0.275092936802974,0.07692307692307693,0.527027027027027,15,39
char,сам,269,187,82,0.3048327137546468,0.08021390374331551,0.5365853658536586,15,44
char,мел,268,188,80,0.29850746268656714,0.0797872340425532,0.5625,15,45
char,толь,266,72,194,0.7293233082706767,0.20833333333333334,0.27319587628865977,15,53
char,ури,264,159,105,0.3977272727272727,0.09433962264150944,0.6190476190476191,15,65
char,столь,260,68,192,0.7384615384615385,0.22058823529411764,0.2708333333333333,15,52
char,елк,260,167,93,0.3576923076923077,0.08982035928143713,0.5483870967741935,15,51
char,тольн,256,66,190,0.7421875,0.22727272727272727,0.26842105263157895,15,51
char,ийс,251,148,103,0.4103585657370518,0.10135135135135136,0.6213592233009708,15,64
char,ным,248,164,84,0.3387096774193548,0.09146341463414634,0.4523809523809524,15,38
char,пов,243,150,93,0.38271604938271603,0.1,0.4731182795698925,15,44
char,ими,240,175,65,0.2708333333333333,0.08571428571428572,0.4,15,26
char,мед,239,155,84,0.3514644351464435,0.0967741935483871,0.6071428571428571,15,51
char,алк,232,138,94,0.4051724137931034,0.10869565217391304,0.5531914893617021,15,52
char,тав,230,164,66,0.28695652173913044,0.09146341463414634,0.6060606060606061,15,40
char,енск,218,182,36,0.1651376146788991,0.08241758241758242,0.7222222222222222,15,26
char,бумаг,217,138,79,0.3640552995391705,0.10869565217391304,0.7848101265822784,15,62
char,вос,212,152,60,0.2830188679245283,0.09868421052631579,0.6333333333333333,15,38
char,пыле,204,109,95,0.46568627450980393,0.13761467889908258,0.6421052631578947,15,61
char,изо,200,140,60,0.3,0.10714285714285714,0.6833333333333333,15,41
char,ице,200,131,69,0.345,0.11450381679389313,0.4927536231884058,15,34
char,льц,1714,1439,275,0.1604434072345391,0.009728978457261988,0.9381818181818182,14,258
char,ine,676,526,150,0.22189349112426035,0.026615969581749048,0.8,14,120
char,col,583,473,110,0.18867924528301888,0.02959830866807611,0.6363636363636364,14,70
char,for,565,453,112,0.19823008849557522,0.03090507726269316,0.6964285714285714,14,78
char,мна,542,448,94,0.17343173431734318,0.03125,0.46808510638297873,14,44
char,лово,486,396,90,0.18518518518518517,0.03535353535353535,0.5,14,45
char,ric,481,390,91,0.1891891891891892,0.035897435897435895,0.7692307692307693,14,70
char,фон,400,267,133,0.3325,0.052434456928838954,0.6466165413533834,14,86
char,евый,389,276,113,0.29048843187660667,0.050724637681159424,0.5575221238938053,14,63
char,ver,387,274,113,0.29198966408268734,0.051094890510948905,0.7256637168141593,14,82
char,ебел,381,342,39,0.10236220472440945,0.04093567251461988,0.6410256410256411,14,25
char,mat,357,289,68,0.19047619047619047,0.04844290657439446,0.6470588235294118,14,44
char,едн,355,237,118,0.3323943661971831,0.05907172995780591,0.6949152542372882,14,82
char,порт,350,251,99,0.28285714285714286,0.055776892430278883,0.6666666666666666,14,66
char,спа,346,305,41,0.11849710982658959,0.04590163934426229,0.4634146341463415,14,19
char,5мм,341,252,89,0.26099706744868034,0.05555555555555555,0.7303370786516854,14,65
char,адн,332,244,88,0.26506024096385544,0.05737704918032787,0.75,14,66
char,ручк,331,231,100,0.3021148036253776,0.06060606060606061,0.65,14,65
char,руб,317,216,101,0.3186119873817035,0.06481481481481481,0.7128712871287128,14,72
char,омк,310,208,102,0.32903225806451614,0.0673076923076923,0.4411764705882353,14,45
char,одс,307,218,89,0.2899022801302932,0.06422018348623854,0.6179775280898876,14,55
char,cor,305,258,47,0.1540983606557377,0.05426356589147287,0.6808510638297872,14,32
char,nin,299,180,119,0.3979933110367893,0.07777777777777778,0.6386554621848739,14,76
char,рно,298,191,107,0.35906040268456374,0.07329842931937172,0.6261682242990654,14,67
char,азм,286,215,71,0.24825174825174826,0.06511627906976744,0.6338028169014085,14,45
char,айн,286,212,74,0.25874125874125875,0.0660377358490566,0.6351351351351351,14,47
char,лаж,285,187,98,0.34385964912280703,0.0748663101604278,0.6224489795918368,14,61
char,rem,283,202,81,0.2862190812720848,0.06930693069306931,0.6049382716049383,14,49
char,азме,283,213,70,0.24734982332155478,0.06572769953051644,0.6428571428571429,14,45
char,окр,283,197,86,0.303886925795053,0.07106598984771574,0.7093023255813954,14,61
char,light,279,189,90,0.3225806451612903,0.07407407407407407,0.7666666666666667,14,69
char,ligh,279,189,90,0.3225806451612903,0.07407407407407407,0.7666666666666667,14,69
char,иний,273,192,81,0.2967032967032967,0.07291666666666667,0.6172839506172839,14,50
char,ела,273,171,102,0.37362637362637363,0.08187134502923976,0.6470588235294118,14,66
char,сич,270,184,86,0.31851851851851853,0.07608695652173914,0.5116279069767442,14,44
char,ссич,261,179,82,0.31417624521072796,0.0782122905027933,0.5365853658536586,14,44
char,ill,261,197,64,0.24521072796934865,0.07106598984771574,0.6875,14,44
char,ойс,260,185,75,0.28846153846153844,0.07567567567567568,0.56,14,42
char,сиче,260,178,82,0.3153846153846154,0.07865168539325842,0.5365853658536586,14,44
char,ассич,258,176,82,0.3178294573643411,0.07954545454545454,0.5365853658536586,14,44
char,тей,256,173,83,0.32421875,0.08092485549132948,0.5783132530120482,14,48
char,ссиче,255,175,80,0.3137254901960784,0.08,0.525,14,42
char,сичес,255,175,80,0.3137254901960784,0.08,0.525,14,42
char,джи,254,204,50,0.1968503937007874,0.06862745098039216,0.56,14,28
char,ткан,253,184,69,0.2727272727272727,0.07608695652173914,0.6811594202898551,14,47
char,инг,234,161,73,0.31196581196581197,0.08695652173913043,0.6575342465753424,14,48
char,пода,232,160,72,0.3103448275862069,0.0875,0.5972222222222222,14,43
char,еты,226,149,77,0.3407079646017699,0.09395973154362416,0.6623376623376623,14,51
char,cani,225,132,93,0.41333333333333333,0.10606060606060606,0.6666666666666666,14,62
char,йдл,221,154,67,0.3031674208144796,0.09090909090909091,0.582089552238806,14,39
char,цвето,216,121,95,0.4398148148148148,0.11570247933884298,0.4421052631578947,14,42
char,чко,213,137,76,0.3568075117370892,0.10218978102189781,0.5394736842105263,14,41
char,доро,213,143,70,0.3286384976525822,0.0979020979020979,0.4714285714285714,14,33
char,кури,209,123,86,0.41148325358851673,0.11382113821138211,0.6162790697674418,14,53
char,есе,207,117,90,0.43478260869565216,0.11965811965811966,0.37777777777777777,14,34
char,нде,204,123,81,0.39705882352941174,0.11382113821138211,0.5432098765432098,14,44
char,ветн,201,129,72,0.3582089552238806,0.10852713178294573,0.4444444444444444,14,32
char,rma,201,143,58,0.2885572139303483,0.0979020979020979,0.5689655172413793,14,33
char,олот,1731,1498,233,0.1346042749855575,0.008678237650200267,0.8283261802575107,13,193
char,иван,834,706,128,0.15347721822541965,0.018413597733711047,0.8984375,13,115
char,расн,768,597,171,0.22265625,0.021775544388609715,0.6140350877192983,13,105
char,красн,756,592,164,0.21693121693121692,0.02195945945945946,0.6036585365853658,13,99
char,ары,673,516,157,0.23328380386329867,0.025193798449612403,0.6751592356687898,13,106
char,тары,639,496,143,0.2237871674491393,0.02620967741935484,0.6853146853146853,13,98
char,итары,629,487,142,0.22575516693163752,0.026694045174537988,0.6830985915492958,13,97
char,ita,612,550,62,0.10130718954248366,0.023636363636363636,0.6612903225806451,13,41
char,щит,580,527,53,0.09137931034482759,0.024667931688804556,0.7547169811320755,13,40
char,lin,575,426,149,0.2591304347826087,0.03051643192488263,0.7651006711409396,13,114
char,вин,439,343,96,0.21867881548974943,0.037900874635568516,0.6979166666666666,13,67
char,летк,438,331,107,0.24429223744292236,0.03927492447129909,0.6728971962616822,13,72
char,яги,434,366,68,0.15668202764976957,0.03551912568306011,0.5441176470588235,13,37
char,обл,430,352,78,0.1813953488372093,0.036931818181818184,0.7307692307692307,13,57
char,тиль,425,282,143,0.33647058823529413,0.04609929078014184,0.8041958041958042,13,115
char,max,415,354,61,0.14698795180722893,0.03672316384180791,0.5737704918032787,13,35
char,дно,371,255,116,0.31266846361185985,0.050980392156862744,0.6120689655172413,13,71
char,так,370,299,71,0.1918918918918919,0.043478260869565216,0.5633802816901409,13,40
char,итны,361,303,58,0.16066481994459833,0.0429042904290429,0.3793103448275862,13,22
char,шар,342,207,135,0.39473684210526316,0.06280193236714976,0.5851851851851851,13,79
char,tel,337,250,87,0.258160237388724,0.052,0.7586206896551724,13,66
char,ack,332,240,92,0.27710843373493976,0.05416666666666667,0.6521739130434783,13,60
char,ini,329,250,79,0.24012158054711247,0.052,0.569620253164557,13,45
char,ковы,297,200,97,0.3265993265993266,0.065,0.4329896907216495,13,42
char,без,290,226,64,0.2206896551724138,0.05752212389380531,0.703125,13,45
char,рск,288,184,104,0.3611111111111111,0.07065217391304347,0.5384615384615384,13,56
char,сем,288,219,69,0.23958333333333334,0.0593607305936073,0.5072463768115942,13,35
char,таб,285,188,97,0.34035087719298246,0.06914893617021277,0.5979381443298969,13,58
char,сни,280,227,53,0.18928571428571428,0.05726872246696035,0.7358490566037735,13,39
char,разм,279,213,66,0.23655913978494625,0.06103286384976526,0.6818181818181818,13,45
char,змер,274,211,63,0.22992700729927007,0.061611374407582936,0.6825396825396826,13,43
char,азмер,273,210,63,0.23076923076923078,0.06190476190476191,0.6825396825396826,13,43
char,ляг,271,195,76,0.28044280442804426,0.06666666666666667,0.5526315789473685,13,42
char,сный,263,168,95,0.3612167300380228,0.07738095238095238,0.5263157894736842,13,50
char,руг,262,192,70,0.26717557251908397,0.06770833333333333,0.6,13,42
char,ran,259,184,75,0.28957528957528955,0.07065217391304347,0.6933333333333334,13,52
char,разме,259,196,63,0.24324324324324326,0.0663265306122449,0.6825396825396826,13,43
char,кара,257,172,85,0.33073929961089493,0.0755813953488372,0.5647058823529412,13,48
char,opl,252,210,42,0.16666666666666666,0.06190476190476191,0.7142857142857143,13,30
char,ойг,250,168,82,0.328,0.07738095238095238,0.6097560975609756,13,50
char,адк,250,146,104,0.416,0.08904109589041095,0.6730769230769231,13,70
char,лки,249,186,63,0.25301204819277107,0.06989247311827956,0.6666666666666666,13,42
char,ртин,248,224,24,0.0967741935483871,0.05803571428571429,0.4583333333333333,13,11
char,роп,247,187,60,0.242914979757085,0.06951871657754011,0.48333333333333334,13,29
char,тура,239,192,47,0.19665271966527198,0.06770833333333333,0.7446808510638298,13,35
char,ольна,238,86,152,0.6386554621848739,0.1511627906976744,0.18421052631578946,13,28
char,осо,237,165,72,0.3037974683544304,0.07878787878787878,0.5555555555555556,13,40
char,ныйб,236,188,48,0.2033898305084746,0.06914893617021277,0.4583333333333333,13,22
char,ницы,235,205,30,0.1276595744680851,0.06341463414634146,0.7666666666666667,13,23
char,льное,226,160,66,0.2920353982300885,0.08125,0.5909090909090909,13,39
char,ьное,226,160,66,0.2920353982300885,0.08125,0.5909090909090909,13,39
char,аво,225,148,77,0.3422222222222222,0.08783783783783784,0.5194805194805194,13,40
char,пап,223,162,61,0.273542600896861,0.08024691358024691,0.819672131147541,13,50
char,вла,219,135,84,0.3835616438356164,0.0962962962962963,0.5833333333333334,13,49
char,tio,219,141,78,0.3561643835616438,0.09219858156028368,0.6666666666666666,13,52
char,олд,218,140,78,0.3577981651376147,0.09285714285714286,0.48717948717948717,13,38
char,3шт,216,153,63,0.2916666666666667,0.08496732026143791,0.5396825396825397,13,34
char,моло,215,135,80,0.37209302325581395,0.0962962962962963,0.625,13,50
char,tion,214,138,76,0.35514018691588783,0.09420289855072464,0.6578947368421053,13,50
char,пом,213,149,64,0.3004694835680751,0.087248322147651,0.5625,13,36
char,йдля,213,151,62,0.29107981220657275,0.08609271523178808,0.5806451612903226,13,36
char,shi,212,151,61,0.28773584905660377,0.08609271523178808,0.6885245901639344,13,42
char,чайн,212,157,55,0.25943396226415094,0.08280254777070063,0.6727272727272727,13,37
char,обу,207,120,87,0.42028985507246375,0.10833333333333334,0.5517241379310345,13,48
char,tar,206,149,57,0.2766990291262136,0.087248322147651,0.7017543859649122,13,40
char,голо,205,129,76,0.37073170731707317,0.10077519379844961,0.39473684210526316,13,30
char,втома,203,135,68,0.33497536945812806,0.0962962962962963,0.5588235294117647,13,38
char,ima,203,148,55,0.270935960591133,0.08783783783783784,0.6181818181818182,13,34
char,ылес,203,108,95,0.46798029556650245,0.12037037037037036,0.6421052631578947,13,61
char,ich,202,152,50,0.24752475247524752,0.08552631578947369,0.76,13,38
char,есос,202,105,97,0.4801980198019802,0.12380952380952381,0.6494845360824743,13,63
char,дил,200,139,61,0.305,0.09352517985611511,0.4098360655737705,13,25
char,нки,559,447,112,0.2003577817531306,0.026845637583892617,0.6785714285714286,12,76
char,защ,497,443,54,0.10865191146881288,0.02708803611738149,0.7962962962962963,12,43
char,защи,476,427,49,0.10294117647058823,0.02810304449648712,0.7959183673469388,12,39
char,ащит,476,427,49,0.10294117647058823,0.02810304449648712,0.7959183673469388,12,39
char,int,470,366,104,0.22127659574468084,0.03278688524590164,0.7980769230769231,12,83
char,защит,465,417,48,0.1032258064516129,0.02877697841726619,0.8125,12,39
char,rin,439,341,98,0.22323462414578588,0.03519061583577713,0.7959183673469388,12,78
char,gla,352,313,39,0.11079545454545454,0.038338658146964855,0.358974358974359,12,14
char,tal,351,301,50,0.14245014245014245,0.03986710963455149,0.64,12,32
char,sion,348,268,80,0.22988505747126436,0.04477611940298507,0.6,12,48
char,lus,344,297,47,0.13662790697674418,0.04040404040404041,0.7446808510638298,12,35
char,oma,337,287,50,0.14836795252225518,0.041811846689895474,0.8,12,40
char,бин,317,232,85,0.26813880126182965,0.05172413793103448,0.7411764705882353,12,63
char,апол,311,208,103,0.3311897106109325,0.057692307692307696,0.6699029126213593,12,69
char,lac,310,225,85,0.27419354838709675,0.05333333333333334,0.6588235294117647,12,56
char,зат,293,218,75,0.25597269624573377,0.05504587155963303,0.6933333333333334,12,52
char,chi,291,248,43,0.14776632302405499,0.04838709677419355,0.6744186046511628,12,29
char,asi,289,233,56,0.19377162629757785,0.05150214592274678,0.6785714285714286,12,38
char,eri,283,197,86,0.303886925795053,0.06091370558375635,0.6976744186046512,12,60
char,ora,281,240,41,0.14590747330960854,0.05,0.6829268292682927,12,28
char,ческо,280,187,93,0.33214285714285713,0.06417112299465241,0.5591397849462365,12,52
char,зато,280,209,71,0.25357142857142856,0.05741626794258373,0.676056338028169,12,48
char,меб,277,250,27,0.09747292418772563,0.048,0.5555555555555556,12,15
char,мебе,271,245,26,0.0959409594095941,0.04897959183673469,0.5769230769230769,12,15
char,кола,269,169,100,0.37174721189591076,0.07100591715976332,0.64,12,64
char,улят,268,200,68,0.2537313432835821,0.06,0.5441176470588235,12,37
char,клад,267,181,86,0.32209737827715357,0.06629834254143646,0.6162790697674418,12,53
char,апк,267,196,71,0.26591760299625467,0.061224489795918366,0.8450704225352113,12,60
char,томат,266,185,81,0.30451127819548873,0.06486486486486487,0.5679012345679012,12,46
char,qua,259,212,47,0.18146718146718147,0.05660377358490566,0.7021276595744681,12,33
char,арти,257,231,26,0.10116731517509728,0.05194805194805195,0.4230769230769231,12,11
char,дляг,255,188,67,0.2627450980392157,0.06382978723404255,0.5223880597014925,12,35
char,тет,254,187,67,0.2637795275590551,0.06417112299465241,0.7313432835820896,12,49
char,убо,253,151,102,0.4031620553359684,0.07947019867549669,0.6176470588235294,12,63
char,стал,252,180,72,0.2857142857142857,0.06666666666666667,0.6805555555555556,12,49
char,еской,248,170,78,0.31451612903225806,0.07058823529411765,0.6025641025641025,12,47
char,артин,245,221,24,0.09795918367346938,0.05429864253393665,0.4583333333333333,12,11
char,sam,244,190,54,0.22131147540983606,0.06315789473684211,0.9074074074074074,12,49
char,яка,240,195,45,0.1875,0.06153846153846154,0.5333333333333333,12,24
char,карти,240,216,24,0.1,0.05555555555555555,0.4166666666666667,12,10
char,бил,240,173,67,0.2791666666666667,0.06936416184971098,0.6268656716417911,12,42
char,0х2,238,200,38,0.15966386554621848,0.06,0.6578947368421053,12,25
char,инте,235,159,76,0.32340425531914896,0.07547169811320754,0.5131578947368421,12,39
char,ниро,233,203,30,0.12875536480686695,0.059113300492610835,0.5666666666666667,12,17
char,зин,228,138,90,0.39473684210526316,0.08695652173913043,0.6666666666666666,12,60
char,озов,226,132,94,0.415929203539823,0.09090909090909091,0.6382978723404256,12,60
char,anin,224,129,95,0.42410714285714285,0.09302325581395349,0.6631578947368421,12,63
char,canin,221,128,93,0.42081447963800905,0.09375,0.6666666666666666,12,62
char,япл,220,151,69,0.31363636363636366,0.07947019867549669,0.5942028985507246,12,41
char,лочн,220,140,80,0.36363636363636365,0.08571428571428572,0.75,12,60
char,розов,219,125,94,0.4292237442922374,0.096,0.6382978723404256,12,60
char,авк,217,156,61,0.28110599078341014,0.07692307692307693,0.5409836065573771,12,33
char,йги,216,146,70,0.32407407407407407,0.0821917808219178,0.6714285714285714,12,47
char,мент,215,104,111,0.5162790697674419,0.11538461538461539,0.46846846846846846,12,52
char,кова,212,160,52,0.24528301886792453,0.075,0.5576923076923077,12,29
char,ойги,211,143,68,0.3222748815165877,0.08391608391608392,0.6617647058823529,12,45
char,кло,210,168,42,0.2,0.07142857142857142,0.5714285714285714,12,24
char,ниров,210,181,29,0.1380952380952381,0.06629834254143646,0.5862068965517241,12,17
char,хни,209,132,77,0.3684210526315789,0.09090909090909091,0.2987012987012987,12,23
char,омати,207,147,60,0.2898550724637681,0.08163265306122448,0.5333333333333333,12,32
char,йск,200,125,75,0.375,0.096,0.4666666666666667,12,35
char,ебр,1164,961,203,0.17439862542955326,0.011446409989594173,0.8768472906403941,11,178
char,anc,717,633,84,0.11715481171548117,0.017377567140600316,0.7976190476190477,11,67
char,оти,629,495,134,0.21303656597774245,0.022222222222222223,0.7238805970149254,11,97
char,трун,618,479,139,0.22491909385113268,0.022964509394572025,0.7050359712230215,11,98
char,ехол,528,447,81,0.1534090909090909,0.024608501118568233,0.6172839506172839,11,50
char,рул,479,360,119,0.24843423799582465,0.030555555555555555,0.7058823529411765,11,84
char,emi,471,412,59,0.12526539278131635,0.02669902912621359,0.6271186440677966,11,37
char,оги,453,349,104,0.22958057395143489,0.03151862464183381,0.5865384615384616,11,61
char,сол,436,352,84,0.1926605504587156,0.03125,0.5714285714285714,11,48
char,min,432,302,130,0.30092592592592593,0.03642384105960265,0.7153846153846154,11,93
char,bal,397,311,86,0.21662468513853905,0.03536977491961415,0.5581395348837209,11,48
char,ныйс,377,260,117,0.3103448275862069,0.04230769230769231,0.6068376068376068,11,71
char,лер,359,279,80,0.22284122562674094,0.03942652329749104,0.65,11,52
char,eco,347,283,64,0.1844380403458213,0.038869257950530034,0.65625,11,42
char,вети,343,216,127,0.37026239067055394,0.05092592592592592,0.8110236220472441,11,103
char,ana,342,281,61,0.1783625730994152,0.03914590747330961,0.639344262295082,11,39
char,аяги,320,275,45,0.140625,0.04,0.5777777777777777,11,26
char,бас,317,220,97,0.305993690851735,0.05,0.6082474226804123,11,59
char,осн,308,244,64,0.2077922077922078,0.045081967213114756,0.609375,11,39
char,ist,280,197,83,0.29642857142857143,0.05583756345177665,0.6746987951807228,11,56
char,олу,280,188,92,0.32857142857142857,0.05851063829787234,0.6521739130434783,11,60
char,трог,279,226,53,0.18996415770609318,0.048672566371681415,0.660377358490566,11,35
char,комс,279,238,41,0.14695340501792115,0.046218487394957986,0.4634146341463415,11,19
char,ресн,274,226,48,0.17518248175182483,0.048672566371681415,0.8125,11,39
char,мебел,268,243,25,0.09328358208955224,0.04526748971193416,0.56,11,14
char,пост,265,231,34,0.12830188679245283,0.047619047619047616,0.7352941176470589,11,25
char,стекл,258,218,40,0.15503875968992248,0.05045871559633028,0.7,11,28
char,круг,249,185,64,0.2570281124497992,0.05945945945945946,0.640625,11,41
char,ерк,248,173,75,0.3024193548387097,0.06358381502890173,0.6133333333333333,11,46
char,есни,242,202,40,0.1652892561983471,0.054455445544554455,0.775,11,31
char,ult,241,176,65,0.2697095435684647,0.0625,0.6461538461538462,11,42
char,дне,241,151,90,0.37344398340248963,0.0728476821192053,0.7222222222222222,11,65
char,атур,240,192,48,0.2,0.057291666666666664,0.7708333333333334,11,37
char,ресни,240,201,39,0.1625,0.05472636815920398,0.7692307692307693,11,30
char,спор,235,178,57,0.2425531914893617,0.06179775280898876,0.5087719298245614,11,29
char,ыйд,226,157,69,0.3053097345132743,0.07006369426751592,0.42028985507246375,11,29
char,зерн,224,141,83,0.3705357142857143,0.07801418439716312,0.6265060240963856,11,52
char,стро,223,146,77,0.3452914798206278,0.07534246575342465,0.5844155844155844,11,45
char,абе,219,161,58,0.2648401826484018,0.06832298136645963,0.603448275862069,11,35
char,товые,217,184,33,0.15207373271889402,0.059782608695652176,0.3333333333333333,11,11
char,онный,216,157,59,0.27314814814814814,0.07006369426751592,0.4745762711864407,11,28
char,окс,216,136,80,0.37037037037037035,0.08088235294117647,0.5625,11,45
char,чен,212,134,78,0.36792452830188677,0.08208955223880597,0.6282051282051282,11,49
char,раст,208,131,77,0.3701923076923077,0.08396946564885496,0.6623376623376623,11,51
char,рыб,206,156,50,0.24271844660194175,0.07051282051282051,0.7,11,35
char,ive,205,142,63,0.3073170731707317,0.07746478873239436,0.6825396825396826,11,43
char,зовы,205,111,94,0.4585365853658537,0.0990990990990991,0.5319148936170213,11,50
char,овка,204,146,58,0.28431372549019607,0.07534246575342465,0.46551724137931033,11,27
char,son,203,129,74,0.3645320197044335,0.08527131782945736,0.7027027027027027,11,52
char,ульт,201,129,72,0.3582089552238806,0.08527131782945736,0.5972222222222222,11,43
char,койг,200,139,61,0.305,0.07913669064748201,0.6557377049180327,11,40
char,rof,200,132,68,0.34,0.08333333333333333,0.6323529411764706,11,43
char,nal,200,106,94,0.47,0.10377358490566038,0.6382978723404256,11,60
char,золо,1630,1432,198,0.12147239263803682,0.006983240223463687,0.8838383838383839,10,175
char,золот,1585,1393,192,0.12113564668769716,0.007178750897343862,0.8802083333333334,10,169
char,ереб,1138,944,194,0.1704745166959578,0.01059322033898305,0.8917525773195877,10,173
char,бра,700,556,144,0.2057142857142857,0.017985611510791366,0.7847222222222222,10,113
char,учн,607,528,79,0.1301482701812191,0.01893939393939394,0.7721518987341772,10,61
char,бри,580,417,163,0.2810344827586207,0.023980815347721823,0.7239263803680982,10,118
char,каф,567,510,57,0.10052910052910052,0.0196078431372549,0.631578947368421,10,36
char,чехо,522,443,79,0.15134099616858238,0.022573363431151242,0.6329113924050633,10,50
char,чехол,519,441,78,0.15028901734104047,0.022675736961451247,0.6282051282051282,10,49
char,мны,504,451,53,0.10515873015873016,0.022172949002217297,0.4528301886792453,10,24
char,сум,417,307,110,0.2637889688249401,0.03257328990228013,0.6909090909090909,10,76
char,одве,412,309,103,0.25,0.032362459546925564,0.7864077669902912,10,81
char,двес,410,307,103,0.25121951219512195,0.03257328990228013,0.7864077669902912,10,81
char,умк,403,303,100,0.24813895781637718,0.033003300330033,0.65,10,65
char,той,367,276,91,0.24795640326975477,0.036231884057971016,0.7252747252747253,10,66
char,ито,354,278,76,0.21468926553672316,0.03597122302158273,0.8026315789473685,10,61
char,тильн,353,225,128,0.3626062322946176,0.044444444444444446,0.828125,10,106
char,орти,338,268,70,0.20710059171597633,0.03731343283582089,0.6714285714285714,10,47
char,tor,333,254,79,0.23723723723723725,0.03937007874015748,0.7341772151898734,10,58
char,опо,321,205,116,0.3613707165109034,0.04878048780487805,0.5172413793103449,10,60
char,плет,319,262,57,0.1786833855799373,0.03816793893129771,0.8245614035087719,10,47
char,ьтр,316,209,107,0.33860759493670883,0.04784688995215311,0.6822429906542056,10,73
char,ame,315,276,39,0.12380952380952381,0.036231884057971016,0.6923076923076923,10,27
char,льтр,308,202,106,0.34415584415584416,0.04950495049504951,0.6886792452830188,10,73
char,длян,301,237,64,0.21262458471760798,0.04219409282700422,0.734375,10,47
char,bla,294,205,89,0.30272108843537415,0.04878048780487805,0.6853932584269663,10,61
char,окол,289,181,108,0.3737024221453287,0.055248618784530384,0.6851851851851852,10,74
char,010,287,221,66,0.22996515679442509,0.04524886877828054,0.6818181818181818,10,45
char,плат,286,229,57,0.1993006993006993,0.043668122270742356,0.5263157894736842,10,30
char,6шт,277,204,73,0.26353790613718414,0.049019607843137254,0.589041095890411,10,43
char,паль,275,243,32,0.11636363636363636,0.0411522633744856,0.6875,10,22
char,затор,273,205,68,0.2490842490842491,0.04878048780487805,0.6911764705882353,10,47
char,акк,266,202,64,0.24060150375939848,0.04950495049504951,0.546875,10,35
char,якош,261,158,103,0.3946360153256705,0.06329113924050633,0.5825242718446602,10,60
char,тиз,256,196,60,0.234375,0.05102040816326531,0.6833333333333333,10,41
char,pri,255,195,60,0.23529411764705882,0.05128205128205128,0.7,10,42
char,sun,253,196,57,0.22529644268774704,0.05102040816326531,0.8771929824561403,10,50
char,лать,248,201,47,0.18951612903225806,0.04975124378109453,0.48936170212765956,10,23
char,плать,247,200,47,0.1902834008097166,0.05,0.48936170212765956,10,23
char,ams,246,204,42,0.17073170731707318,0.049019607843137254,0.9285714285714286,10,39
char,атье,245,200,45,0.1836734693877551,0.05,0.5333333333333333,10,24
char,110,244,186,58,0.23770491803278687,0.053763440860215055,0.6896551724137931,10,40
char,ung,243,172,71,0.29218106995884774,0.05813953488372093,0.8309859154929577,10,59
char,латье,242,198,44,0.18181818181818182,0.050505050505050504,0.5227272727272727,10,23
char,пас,241,137,104,0.4315352697095436,0.072992700729927,0.5865384615384616,10,61
char,100г,238,167,71,0.29831932773109243,0.059880239520958084,0.5492957746478874,10,39
char,кум,236,182,54,0.2288135593220339,0.054945054945054944,0.5925925925925926,10,32
char,апка,234,175,59,0.25213675213675213,0.05714285714285714,0.8813559322033898,10,52
char,ука,233,172,61,0.26180257510729615,0.05813953488372093,0.639344262295082,10,39
char,пло,232,169,63,0.27155172413793105,0.05917159763313609,0.5555555555555556,10,35
char,аяд,229,155,74,0.3231441048034934,0.06451612903225806,0.43243243243243246,10,32
char,олоч,227,160,67,0.29515418502202645,0.0625,0.7910447761194029,10,53
char,стен,223,149,74,0.33183856502242154,0.06711409395973154,0.7027027027027027,10,52
char,бре,220,181,39,0.17727272727272728,0.055248618784530384,0.7692307692307693,10,30
char,спорт,220,167,53,0.2409090909090909,0.059880239520958084,0.49056603773584906,10,26
char,вит,219,134,85,0.3881278538812785,0.07462686567164178,0.5294117647058824,10,45
char,gre,219,149,70,0.319634703196347,0.06711409395973154,0.6857142857142857,10,48
char,одно,218,144,74,0.3394495412844037,0.06944444444444445,0.5540540540540541,10,41
char,ola,217,166,51,0.2350230414746544,0.060240963855421686,0.7647058823529411,10,39
char,асны,215,130,85,0.3953488372093023,0.07692307692307693,0.47058823529411764,10,40
char,ельно,213,173,40,0.18779342723004694,0.057803468208092484,0.675,10,27
char,пил,212,165,47,0.22169811320754718,0.06060606060606061,0.6808510638297872,10,32
char,din,207,165,42,0.2028985507246377,0.06060606060606061,0.8095238095238095,10,34
char,ser,207,148,59,0.28502415458937197,0.06756756756756757,0.6779661016949152,10,40
char,сис,205,175,30,0.14634146341463414,0.05714285714285714,0.7,10,21
char,папк,205,150,55,0.2682926829268293,0.06666666666666667,0.8545454545454545,10,47
char,йгит,205,139,66,0.32195121951219513,0.07194244604316546,0.6818181818181818,10,45
char,йгита,205,139,66,0.32195121951219513,0.07194244604316546,0.6818181818181818,10,45
char,пок,203,148,55,0.270935960591133,0.06756756756756757,0.5636363636363636,10,31
char,лож,202,147,55,0.2722772277227723,0.06802721088435375,0.6181818181818182,10,34
char,стем,201,172,29,0.14427860696517414,0.05813953488372093,0.6896551724137931,10,20
char,мос,201,134,67,0.3333333333333333,0.07462686567164178,0.4626865671641791,10,31
char,сере,1140,947,193,0.1692982456140351,0.009503695881731784,0.8963730569948186,9,173
char,ребр,1135,941,194,0.17092511013215858,0.009564293304994687,0.8917525773195877,9,173
char,еребр,1130,939,191,0.16902654867256636,0.009584664536741214,0.900523560209424,9,172
char,olo,1026,885,141,0.13742690058479531,0.010169491525423728,0.7588652482269503,9,107
char,струн,607,473,134,0.22075782537067545,0.019027484143763214,0.7014925373134329,9,94
char,ручн,594,526,68,0.11447811447811448,0.017110266159695818,0.7941176470588235,9,54
char,ойд,556,475,81,0.14568345323741008,0.018947368421052633,0.8024691358024691,9,65
char,сна,497,341,156,0.31388329979879276,0.026392961876832845,0.5256410256410257,9,82
char,онт,481,379,102,0.21205821205821207,0.023746701846965697,0.6764705882352942,9,69
char,one,468,383,85,0.18162393162393162,0.02349869451697128,0.5647058823529412,9,48
char,ожк,467,387,80,0.17130620985010706,0.023255813953488372,0.6625,9,53
char,подве,404,302,102,0.2524752475247525,0.029801324503311258,0.7941176470588235,9,81
char,одвес,402,300,102,0.2537313432835821,0.03,0.7941176470588235,9,81
char,ягит,394,335,59,0.14974619289340102,0.026865671641791045,0.5423728813559322,9,32
char,сумк,392,298,94,0.23979591836734693,0.030201342281879196,0.6702127659574468,9,63
char,ягита,391,332,59,0.15089514066496162,0.02710843373493976,0.5423728813559322,9,32
char,умка,378,291,87,0.23015873015873015,0.030927835051546393,0.6781609195402298,9,59
char,опл,360,276,84,0.23333333333333334,0.03260869565217391,0.75,9,63
char,фил,354,246,108,0.3050847457627119,0.036585365853658534,0.7129629629629629,9,77
char,инс,346,261,85,0.24566473988439305,0.034482758620689655,0.6588235294117647,9,56
char,свети,340,214,126,0.37058823529411766,0.04205607476635514,0.8174603174603174,9,103
char,ныд,315,237,78,0.24761904761904763,0.0379746835443038,0.5641025641025641,9,44
char,наяк,309,251,58,0.18770226537216828,0.035856573705179286,0.603448275862069,9,35
char,аягит,303,260,43,0.1419141914191419,0.03461538461538462,0.5581395348837209,9,24
char,ree,288,205,83,0.2881944444444444,0.04390243902439024,0.7228915662650602,9,60
char,ard,279,196,83,0.2974910394265233,0.04591836734693878,0.7349397590361446,9,61
char,ави,269,189,80,0.29739776951672864,0.047619047619047616,0.5625,9,45
char,они,269,206,63,0.2342007434944238,0.043689320388349516,0.6031746031746031,9,38
char,улято,258,193,65,0.25193798449612403,0.046632124352331605,0.5692307692307692,9,37
char,диа,258,196,62,0.24031007751937986,0.04591836734693878,0.45161290322580644,9,28
char,лякош,256,156,100,0.390625,0.057692307692307696,0.58,9,58
char,люч,255,196,59,0.23137254901960785,0.04591836734693878,0.7796610169491526,9,46
char,дал,252,173,79,0.3134920634920635,0.05202312138728324,0.5443037974683544,9,43
char,нав,252,161,91,0.3611111111111111,0.055900621118012424,0.6593406593406593,9,60
char,хон,248,202,46,0.18548387096774194,0.04455445544554455,0.6739130434782609,9,31
char,att,248,170,78,0.31451612903225806,0.052941176470588235,0.7692307692307693,9,60
char,жен,247,192,55,0.22267206477732793,0.046875,0.7454545454545455,9,41
char,lack,246,176,70,0.2845528455284553,0.05113636363636364,0.6571428571428571,9,46
char,blac,246,176,70,0.2845528455284553,0.05113636363636364,0.6571428571428571,9,46
char,якоше,244,153,91,0.3729508196721312,0.058823529411764705,0.5494505494505495,9,50
char,учка,243,160,83,0.34156378600823045,0.05625,0.5542168674698795,9,46
char,нной,242,185,57,0.23553719008264462,0.04864864864864865,0.5087719298245614,9,29
char,black,241,172,69,0.2863070539419087,0.05232558139534884,0.6521739130434783,9,45
char,10шт,238,172,66,0.2773109243697479,0.05232558139534884,0.6818181818181818,9,45
char,10ш,238,172,66,0.2773109243697479,0.05232558139534884,0.6818181818181818,9,45
char,асп,238,177,61,0.25630252100840334,0.05084745762711865,0.5081967213114754,9,31
char,цеп,236,180,56,0.23728813559322035,0.05,0.75,9,42
char,ким,234,182,52,0.2222222222222222,0.04945054945054945,0.4230769230769231,9,22
char,рот,233,133,100,0.4291845493562232,0.06766917293233082,0.54,9,54
char,ide,232,150,82,0.35344827586206895,0.06,0.7317073170731707,9,60
char,окола,231,149,82,0.354978354978355,0.06040268456375839,0.7073170731707317,9,58
char,чно,231,150,81,0.35064935064935066,0.06,0.5555555555555556,9,45
char,car,226,159,67,0.29646017699115046,0.05660377358490566,0.5671641791044776,9,38
char,подс,220,152,68,0.3090909090909091,0.05921052631578947,0.6764705882352942,9,46
char,еди,218,136,82,0.3761467889908257,0.0661764705882353,0.524390243902439,9,43
char,еси,215,151,64,0.29767441860465116,0.059602649006622516,0.703125,9,45
char,сад,213,140,73,0.3427230046948357,0.06428571428571428,0.7397260273972602,9,54
char,уку,212,170,42,0.19811320754716982,0.052941176470588235,0.5952380952380952,9,25
char,far,212,151,61,0.28773584905660377,0.059602649006622516,0.8032786885245902,9,49
char,сит,211,163,48,0.22748815165876776,0.05521472392638037,0.7083333333333334,9,34
char,пальн,211,191,20,0.0947867298578199,0.04712041884816754,0.75,9,15
char,ope,208,179,29,0.13942307692307693,0.05027932960893855,0.6206896551724138,9,18
char,венн,207,163,44,0.21256038647342995,0.05521472392638037,0.5909090909090909,9,26
char,редн,206,146,60,0.2912621359223301,0.06164383561643835,0.65,9,39
char,аса,205,134,71,0.3463414634146341,0.06716417910447761,0.6338028169014085,9,45
char,иле,204,164,40,0.19607843137254902,0.054878048780487805,0.625,9,25
char,len,204,166,38,0.18627450980392157,0.05421686746987952,0.7894736842105263,9,30
char,ойгит,202,138,64,0.31683168316831684,0.06521739130434782,0.671875,9,43
char,ольц,1682,1420,262,0.15576694411414982,0.005633802816901409,0.9656488549618321,8,253
char,кольц,1681,1420,261,0.1552647233789411,0.005633802816901409,0.9655172413793104,8,252
char,ссо,1099,952,147,0.1337579617834395,0.008403361344537815,0.7482993197278912,8,110
char,иан,798,678,120,0.15037593984962405,0.011799410029498525,0.8166666666666667,8,98
char,rom,668,613,55,0.08233532934131736,0.013050570962479609,0.7636363636363637,8,42
char,чные,612,542,70,0.11437908496732026,0.014760147601476014,0.6428571428571429,8,45
char,олото,543,457,86,0.15837937384898712,0.0175054704595186,0.813953488372093,8,70
char,ига,529,417,112,0.21172022684310018,0.019184652278177457,0.7589285714285714,8,85
char,шкаф,529,484,45,0.08506616257088846,0.01652892561983471,0.6888888888888889,8,31
char,colo,448,378,70,0.15625,0.021164021164021163,0.5571428571428572,8,39
char,рные,392,339,53,0.13520408163265307,0.02359882005899705,0.660377358490566,8,35
char,озол,382,313,69,0.1806282722513089,0.025559105431309903,0.7681159420289855,8,53
char,коло,375,282,93,0.248,0.028368794326241134,0.6989247311827957,8,65
char,сумка,367,285,82,0.22343324250681199,0.028070175438596492,0.6829268292682927,8,56
char,ama,363,303,60,0.1652892561983471,0.026402640264026403,0.9166666666666666,8,55
char,sti,346,293,53,0.1531791907514451,0.027303754266211604,0.6792452830188679,8,36
char,сту,335,255,80,0.23880597014925373,0.03137254901960784,0.7375,8,59
char,филь,321,227,94,0.29283489096573206,0.03524229074889868,0.7127659574468085,8,67
char,каяг,306,261,45,0.14705882352941177,0.03065134099616858,0.5555555555555556,8,25
char,скаяг,306,261,45,0.14705882352941177,0.03065134099616858,0.5555555555555556,8,25
char,еча,306,255,51,0.16666666666666666,0.03137254901960784,0.7058823529411765,8,36
char,каяги,300,258,42,0.14,0.031007751937984496,0.5476190476190477,8,23
char,blu,281,242,39,0.1387900355871886,0.03305785123966942,0.717948717948718,8,28
char,lla,280,198,82,0.29285714285714287,0.04040404040404041,0.7439024390243902,8,61
char,rea,273,191,82,0.30036630036630035,0.041884816753926704,0.7439024390243902,8,61
char,льк,270,201,69,0.25555555555555554,0.03980099502487562,0.6666666666666666,8,46
char,рим,269,180,89,0.3308550185873606,0.044444444444444446,0.6629213483146067,8,59
char,dar,267,213,54,0.20224719101123595,0.03755868544600939,0.7777777777777778,8,42
char,клю,265,202,63,0.23773584905660378,0.039603960396039604,0.7777777777777778,8,49
char,трус,265,207,58,0.2188679245283019,0.03864734299516908,0.8448275862068966,8,49
char,сма,260,162,98,0.3769230769230769,0.04938271604938271,0.6530612244897959,8,64
char,мко,252,208,44,0.1746031746031746,0.038461538461538464,0.5227272727272727,8,23
char,ключ,251,192,59,0.2350597609561753,0.041666666666666664,0.7796610169491526,8,46
char,lat,251,183,68,0.27091633466135456,0.04371584699453552,0.75,8,51
char,жин,242,196,46,0.19008264462809918,0.04081632653061224,0.5869565217391305,8,27
char,изат,238,187,51,0.21428571428571427,0.0427807486631016,0.8235294117647058,8,42
char,изато,238,187,51,0.21428571428571427,0.0427807486631016,0.8235294117647058,8,42
char,ers,235,153,82,0.34893617021276596,0.05228758169934641,0.6829268292682927,8,56
char,лесн,234,188,46,0.19658119658119658,0.0425531914893617,0.391304347826087,8,18
char,sic,234,172,62,0.26495726495726496,0.046511627906976744,0.5645161290322581,8,35
char,ett,232,173,59,0.2543103448275862,0.046242774566473986,0.6440677966101694,8,38
char,тиков,227,165,62,0.27312775330396477,0.048484848484848485,0.4032258064516129,8,25
char,олад,225,144,81,0.36,0.05555555555555555,0.7160493827160493,8,58
char,есниц,224,193,31,0.13839285714285715,0.04145077720207254,0.8387096774193549,8,26
char,сниц,224,193,31,0.13839285714285715,0.04145077720207254,0.8387096774193549,8,26
char,шоко,224,144,80,0.35714285714285715,0.05555555555555555,0.7375,8,59
char,ans,222,173,49,0.22072072072072071,0.046242774566473986,0.7959183673469388,8,39
char,колад,221,141,80,0.36199095022624433,0.05673758865248227,0.725,8,58
char,ball,220,160,60,0.2727272727272727,0.05,0.45,8,27
char,ручка,220,152,68,0.3090909090909091,0.05263157894736842,0.6470588235294118,8,44
char,atr,220,159,61,0.2772727272727273,0.050314465408805034,0.7704918032786885,8,47
char,аби,219,159,60,0.273972602739726,0.050314465408805034,0.6333333333333333,8,38
char,шокол,218,139,79,0.3623853211009174,0.05755395683453238,0.7341772151898734,8,58
char,листо,217,147,70,0.3225806451612903,0.05442176870748299,0.7142857142857143,8,50
char,кухо,215,180,35,0.16279069767441862,0.044444444444444446,0.5714285714285714,8,20
char,ивны,214,153,61,0.2850467289719626,0.05228758169934641,0.639344262295082,8,39
char,семе,214,173,41,0.19158878504672897,0.046242774566473986,0.6097560975609756,8,25
char,енна,210,165,45,0.21428571428571427,0.048484848484848485,0.6666666666666666,8,30
char,атура,209,165,44,0.21052631578947367,0.048484848484848485,0.75,8,33
char,кку,208,162,46,0.22115384615384615,0.04938271604938271,0.5217391304347826,8,24
char,5шт,207,142,65,0.3140096618357488,0.056338028169014086,0.6,8,39
char,акку,204,159,45,0.22058823529411764,0.050314465408805034,0.5333333333333333,8,24
char,ккум,203,158,45,0.22167487684729065,0.05063291139240506,0.5333333333333333,8,24
char,аккум,203,158,45,0.22167487684729065,0.05063291139240506,0.5333333333333333,8,24
char,йсв,203,127,76,0.37438423645320196,0.06299212598425197,0.7631578947368421,8,58
char,elo,203,169,34,0.16748768472906403,0.047337278106508875,0.5,8,17
char,van,203,160,43,0.21182266009852216,0.05,0.7209302325581395,8,31
char,муля,202,159,43,0.21287128712871287,0.050314465408805034,0.5348837209302325,8,23
char,уму,202,158,44,0.21782178217821782,0.05063291139240506,0.5454545454545454,8,24
char,00х,201,176,25,0.12437810945273632,0.045454545454545456,0.64,8,16
char,умул,201,158,43,0.21393034825870647,0.05063291139240506,0.5348837209302325,8,23
char,куму,201,158,43,0.21393034825870647,0.05063291139240506,0.5348837209302325,8,23
char,лна,201,184,17,0.0845771144278607,0.043478260869565216,0.7058823529411765,8,12
char,мулят,200,158,42,0.21,0.05063291139240506,0.5476190476190477,8,23
char,ккуму,200,158,42,0.21,0.05063291139240506,0.5476190476190477,8,23
char,кумул,200,158,42,0.21,0.05063291139240506,0.5476190476190477,8,23
char,осто,200,156,44,0.22,0.05128205128205128,0.6590909090909091,8,29
char,сереб,1118,930,188,0.16815742397137745,0.007526881720430108,0.898936170212766,7,169
char,сфу,776,766,10,0.01288659793814433,0.009138381201044387,0.5,7,5
char,утб,752,691,61,0.08111702127659574,0.010130246020260492,0.8852459016393442,7,54
char,nce,715,625,90,0.1258741258741259,0.0112,0.8,7,72
char,тбо,561,512,49,0.0873440285204991,0.013671875,0.7142857142857143,7,35
char,ant,545,410,135,0.24770642201834864,0.01707317073170732,0.8,7,108
char,омн,515,496,19,0.036893203883495145,0.014112903225806451,0.47368421052631576,7,9
char,еза,371,311,60,0.16172506738544473,0.022508038585209004,0.5666666666666667,7,34
char,щитн,356,329,27,0.07584269662921349,0.02127659574468085,0.8148148148148148,7,22
char,ащитн,354,327,27,0.07627118644067797,0.021406727828746176,0.8148148148148148,7,22
char,нож,337,262,75,0.22255192878338279,0.026717557251908396,0.7466666666666667,7,56
char,pre,335,244,91,0.2716417910447761,0.028688524590163935,0.7032967032967034,7,64
char,чат,333,254,79,0.23723723723723725,0.027559055118110236,0.810126582278481,7,64
char,nda,332,261,71,0.21385542168674698,0.02681992337164751,0.7183098591549296,7,51
char,етиль,327,211,116,0.3547400611620795,0.03317535545023697,0.8620689655172413,7,100
char,етил,327,211,116,0.3547400611620795,0.03317535545023697,0.8620689655172413,7,100
char,ветил,327,211,116,0.3547400611620795,0.03317535545023697,0.8620689655172413,7,100
char,бар,313,221,92,0.2939297124600639,0.03167420814479638,0.7391304347826086,7,68
char,plu,312,278,34,0.10897435897435898,0.025179856115107913,0.8529411764705882,7,29
char,ныдля,309,232,77,0.24919093851132687,0.03017241379310345,0.5584415584415584,7,43
char,ныдл,309,232,77,0.24919093851132687,0.03017241379310345,0.5584415584415584,7,43
char,plus,307,273,34,0.11074918566775244,0.02564102564102564,0.8529411764705882,7,29
char,тул,305,236,69,0.2262295081967213,0.029661016949152543,0.7971014492753623,7,55
char,line,299,222,77,0.25752508361204013,0.03153153153153153,0.8181818181818182,7,63
char,кры,289,198,91,0.314878892733564,0.03535353535353535,0.6263736263736264,7,57
char,ильт,280,191,89,0.31785714285714284,0.03664921465968586,0.7191011235955056,7,64
char,кожа,280,238,42,0.15,0.029411764705882353,0.8333333333333334,7,35
char,ильтр,279,190,89,0.31899641577060933,0.03684210526315789,0.7191011235955056,7,64
char,луб,278,160,118,0.4244604316546763,0.04375,0.6440677966101694,7,76
char,полн,278,191,87,0.3129496402877698,0.03664921465968586,0.7471264367816092,7,65
char,фильт,277,188,89,0.3212996389891697,0.03723404255319149,0.7191011235955056,7,64
char,оват,276,249,27,0.09782608695652174,0.028112449799196786,0.7037037037037037,7,19
char,ичн,269,177,92,0.3420074349442379,0.03954802259887006,0.532608695652174,7,49
char,стов,267,185,82,0.30711610486891383,0.03783783783783784,0.6829268292682927,7,56
char,крова,261,241,20,0.07662835249042145,0.029045643153526972,0.85,7,17
char,стел,260,210,50,0.19230769230769232,0.03333333333333333,0.84,7,42
char,роги,259,211,48,0.18532818532818532,0.03317535545023697,0.625,7,30
char,tec,253,174,79,0.31225296442687744,0.040229885057471264,0.8481012658227848,7,67
char,троги,252,207,45,0.17857142857142858,0.033816425120772944,0.6666666666666666,7,30
char,ara,252,200,52,0.20634920634920634,0.035,0.6730769230769231,7,35
char,ктрог,251,206,45,0.17928286852589642,0.03398058252427184,0.6666666666666666,7,30
char,огит,250,206,44,0.176,0.03398058252427184,0.6590909090909091,7,29
char,япр,247,172,75,0.30364372469635625,0.040697674418604654,0.6133333333333333,7,46
char,ock,246,223,23,0.09349593495934959,0.03139013452914798,0.6521739130434783,7,15
char,фли,246,225,21,0.08536585365853659,0.03111111111111111,0.7619047619047619,7,16
char,роват,246,225,21,0.08536585365853659,0.03111111111111111,0.8571428571428571,7,18
char,толе,242,197,45,0.1859504132231405,0.03553299492385787,0.4888888888888889,7,22
char,есл,242,165,77,0.3181818181818182,0.04242424242424243,0.8441558441558441,7,65
char,een,231,163,68,0.2943722943722944,0.04294478527607362,0.7352941176470589,7,50
char,ron,227,146,81,0.3568281938325991,0.04794520547945205,0.6172839506172839,7,50
char,ерж,218,162,56,0.25688073394495414,0.043209876543209874,0.6785714285714286,7,38
char,str,215,163,52,0.24186046511627907,0.04294478527607362,0.6346153846153846,7,33
char,vis,215,192,23,0.10697674418604651,0.036458333333333336,0.8695652173913043,7,20
char,стико,214,161,53,0.24766355140186916,0.043478260869565216,0.3584905660377358,7,19
char,таль,211,155,56,0.26540284360189575,0.04516129032258064,0.5714285714285714,7,32
char,истов,209,146,63,0.3014354066985646,0.04794520547945205,0.7301587301587301,7,46
char,202,208,164,44,0.21153846153846154,0.042682926829268296,0.6590909090909091,7,29
char,иат,207,166,41,0.19806763285024154,0.04216867469879518,0.6097560975609756,7,25
char,аче,206,151,55,0.2669902912621359,0.046357615894039736,0.41818181818181815,7,23
char,rel,206,164,42,0.20388349514563106,0.042682926829268296,0.8809523809523809,7,37
char,ity,202,178,24,0.1188118811881188,0.03932584269662921,0.7083333333333334,7,17
char,фут,1339,1275,64,0.04779686333084392,0.004705882352941176,0.703125,6,45
char,олк,805,714,91,0.11304347826086956,0.008403361344537815,0.7912087912087912,6,72
char,ерь,787,688,99,0.12579415501905972,0.00872093023255814,0.8484848484848485,6,84
char,асы,720,646,74,0.10277777777777777,0.009287925696594427,0.8108108108108109,6,60
char,часы,713,643,70,0.09817671809256662,0.00933125972006221,0.8,6,56
char,учны,553,503,50,0.09041591320072333,0.011928429423459244,0.8,6,40
char,аруч,551,501,50,0.09074410163339383,0.011976047904191617,0.84,6,42
char,учные,550,502,48,0.08727272727272728,0.01195219123505976,0.8125,6,39
char,ручны,547,502,45,0.08226691042047532,0.01195219123505976,0.8666666666666667,6,39
char,наруч,547,501,46,0.08409506398537477,0.011976047904191617,0.8695652173913043,6,40
char,ala,441,369,72,0.16326530612244897,0.016260162601626018,0.8333333333333334,6,60
char,дки,416,285,131,0.31490384615384615,0.021052631578947368,0.6564885496183206,6,86
char,rio,346,268,78,0.2254335260115607,0.022388059701492536,0.717948717948718,6,56
char,торм,343,251,92,0.26822157434402333,0.02390438247011952,0.5434782608695652,6,50
char,солн,338,294,44,0.1301775147928994,0.02040816326530612,0.5454545454545454,6,24
char,бан,327,230,97,0.2966360856269113,0.02608695652173913,0.6288659793814433,6,61
char,шни,322,262,60,0.18633540372670807,0.022900763358778626,0.6833333333333333,6,41
char,одк,321,251,70,0.21806853582554517,0.02390438247011952,0.7142857142857143,6,50
char,летка,321,256,65,0.20249221183800623,0.0234375,0.8,6,52
char,гал,295,218,77,0.26101694915254237,0.027522935779816515,0.8961038961038961,6,69
char,яно,293,217,76,0.2593856655290102,0.027649769585253458,0.6973684210526315,6,53
char,рако,277,223,54,0.19494584837545126,0.026905829596412557,0.6481481481481481,6,35
char,рид,277,219,58,0.20938628158844766,0.0273972602739726,0.7413793103448276,6,43
char,рый,266,190,76,0.2857142857142857,0.031578947368421054,0.6973684210526315,6,53
char,езо,265,204,61,0.23018867924528302,0.029411764705882353,0.639344262295082,6,39
char,омб,262,186,76,0.2900763358778626,0.03225806451612903,0.5789473684210527,6,44
char,опле,261,214,47,0.18007662835249041,0.028037383177570093,0.851063829787234,6,40
char,напол,256,174,82,0.3203125,0.034482758620689655,0.7926829268292683,6,65
char,серы,254,182,72,0.28346456692913385,0.03296703296703297,0.7361111111111112,6,53
char,ice,248,179,69,0.2782258064516129,0.0335195530726257,0.7101449275362319,6,49
char,рогит,247,203,44,0.17813765182186234,0.029556650246305417,0.6590909090909091,6,29
char,isi,247,226,21,0.08502024291497975,0.02654867256637168,0.8571428571428571,6,18
char,огита,246,202,44,0.17886178861788618,0.0297029702970297,0.6590909090909091,6,29
char,gol,242,176,66,0.2727272727272727,0.03409090909090909,0.8181818181818182,6,54
char,old,238,175,63,0.2647058823529412,0.03428571428571429,0.8253968253968254,6,52
char,стул,236,189,47,0.19915254237288135,0.031746031746031744,0.8936170212765957,6,42
char,125,236,186,50,0.211864406779661,0.03225806451612903,0.58,6,29
char,лир,236,187,49,0.2076271186440678,0.03208556149732621,0.5918367346938775,6,29
char,wel,234,206,28,0.11965811965811966,0.02912621359223301,0.7142857142857143,6,20
char,ница,234,178,56,0.23931623931623933,0.033707865168539325,0.6428571428571429,6,36
char,ртр,230,179,51,0.2217391304347826,0.0335195530726257,0.803921568627451,6,41
char,темн,228,187,41,0.17982456140350878,0.03208556149732621,0.7073170731707317,6,29
char,рени,225,202,23,0.10222222222222223,0.0297029702970297,0.6086956521739131,6,14
char,анар,219,177,42,0.1917808219178082,0.03389830508474576,0.9523809523809523,6,40
char,ian,215,178,37,0.17209302325581396,0.033707865168539325,0.8108108108108109,6,30
char,bri,210,158,52,0.24761904761904763,0.0379746835443038,0.7115384615384616,6,37
char,tta,210,149,61,0.2904761904761905,0.040268456375838924,0.8524590163934426,6,52
char,dari,202,173,29,0.14356435643564355,0.03468208092485549,0.8275862068965517,6,24
char,емны,202,183,19,0.09405940594059406,0.03278688524590164,0.5789473684210527,6,11
char,инз,1882,1852,30,0.015940488841657812,0.0026997840172786176,0.9,5,27
char,зами,1305,1284,21,0.016091954022988506,0.003894080996884735,0.6666666666666666,5,14
char,осс,1082,953,129,0.11922365988909427,0.005246589716684155,0.8682170542635659,5,112
char,вки,1072,950,122,0.11380597014925373,0.005263157894736842,0.8852459016393442,5,108
char,ance,630,568,62,0.09841269841269841,0.008802816901408451,0.8225806451612904,5,51
char,йди,599,507,92,0.15358931552587646,0.009861932938856016,0.7717391304347826,5,71
char,аручн,548,500,48,0.08759124087591241,0.01,0.8333333333333334,5,40
char,угл,547,461,86,0.15722120658135283,0.010845986984815618,0.7325581395348837,5,63
char,тбол,525,488,37,0.07047619047619047,0.010245901639344262,0.8108108108108109,5,30
char,асно,504,445,59,0.11706349206349206,0.011235955056179775,0.8135593220338984,5,48
char,бро,498,395,103,0.20682730923694778,0.012658227848101266,0.7087378640776699,5,73
char,инки,468,396,72,0.15384615384615385,0.012626262626262626,0.7777777777777778,5,56
char,иани,428,372,56,0.1308411214953271,0.013440860215053764,0.8392857142857143,5,47
char,kit,410,373,37,0.09024390243902439,0.013404825737265416,0.6756756756756757,5,25
char,вано,384,325,59,0.15364583333333334,0.015384615384615385,0.9661016949152542,5,57
char,tri,367,271,96,0.2615803814713896,0.01845018450184502,0.7395833333333334,5,71
char,уны,330,251,79,0.23939393939393938,0.0199203187250996,0.6329113924050633,5,50
char,омна,326,310,16,0.049079754601226995,0.016129032258064516,0.5,5,8
char,руны,324,247,77,0.23765432098765432,0.020242914979757085,0.6493506493506493,5,50
char,труны,322,246,76,0.2360248447204969,0.02032520325203252,0.6447368421052632,5,49
char,olor,320,253,67,0.209375,0.019762845849802372,0.5373134328358209,5,36
char,аков,319,247,72,0.22570532915360503,0.020242914979757085,0.6527777777777778,5,47
char,color,301,240,61,0.2026578073089701,0.020833333333333332,0.5245901639344263,5,32
char,обр,285,190,95,0.3333333333333333,0.02631578947368421,0.7157894736842105,5,68
char,конт,283,247,36,0.127208480565371,0.020242914979757085,0.6666666666666666,5,24
char,топ,273,202,71,0.2600732600732601,0.024752475247524754,0.647887323943662,5,46
char,крес,269,192,77,0.2862453531598513,0.026041666666666668,0.9090909090909091,5,70
char,итные,267,251,16,0.0599250936329588,0.0199203187250996,0.5625,5,9
char,упе,266,216,50,0.18796992481203006,0.023148148148148147,0.52,5,26
char,ебель,264,247,17,0.06439393939393939,0.020242914979757085,0.5882352941176471,5,10
char,lue,263,224,39,0.1482889733840304,0.022321428571428572,0.717948717948718,5,28
char,куп,263,230,33,0.12547528517110265,0.021739130434782608,0.696969696969697,5,23
char,tac,261,194,67,0.2567049808429119,0.02577319587628866,0.835820895522388,5,56
char,lle,259,194,65,0.25096525096525096,0.02577319587628866,0.676923076923077,5,44
char,чкид,257,235,22,0.08560311284046693,0.02127659574468085,0.6818181818181818,5,15
char,blue,256,220,36,0.140625,0.022727272727272728,0.7222222222222222,5,26
char,oto,250,232,18,0.072,0.021551724137931036,0.7777777777777778,5,14
char,ыел,249,228,21,0.08433734939759036,0.021929824561403508,0.7619047619047619,5,16
char,реме,240,191,49,0.20416666666666666,0.02617801047120419,0.7346938775510204,5,36
char,оплет,239,197,42,0.17573221757322174,0.025380710659898477,0.8809523809523809,5,37
char,ерый,235,170,65,0.2765957446808511,0.029411764705882353,0.7076923076923077,5,46
char,вать,235,217,18,0.07659574468085106,0.02304147465437788,0.8333333333333334,5,15
char,рта,234,180,54,0.23076923076923078,0.027777777777777776,0.6481481481481481,5,35
char,очкид,231,211,20,0.08658008658008658,0.023696682464454975,0.75,5,15
char,spr,231,169,62,0.2683982683982684,0.029585798816568046,0.7096774193548387,5,44
char,анно,229,178,51,0.22270742358078602,0.028089887640449437,0.6666666666666666,5,34
char,посте,229,209,20,0.08733624454148471,0.023923444976076555,0.85,5,17
char,аполн,228,152,76,0.3333333333333333,0.03289473684210526,0.7763157894736842,5,59
char,gold,220,160,60,0.2727272727272727,0.03125,0.8166666666666667,5,49
char,сная,219,132,87,0.3972602739726027,0.03787878787878788,0.4367816091954023,5,38
char,bel,216,157,59,0.27314814814814814,0.03184713375796178,0.6101694915254238,5,36
char,овать,216,199,17,0.0787037037037037,0.02512562814070352,0.8823529411764706,5,15
char,inte,215,153,62,0.28837209302325584,0.032679738562091505,0.7258064516129032,5,45
char,весн,214,137,77,0.3598130841121495,0.0364963503649635,0.7792207792207793,5,60
char,дна,214,143,71,0.3317757009345794,0.03496503496503497,0.5774647887323944,5,41
char,аве,210,140,70,0.3333333333333333,0.03571428571428571,0.6,5,42
char,изм,208,189,19,0.09134615384615384,0.026455026455026454,0.6842105263157895,5,13
char,ый1,208,141,67,0.32211538461538464,0.03546099290780142,0.40298507462686567,5,27
char,ляз,205,189,16,0.07804878048780488,0.026455026455026454,0.5625,5,9
char,дляз,204,188,16,0.0784313725490196,0.026595744680851064,0.5625,5,9
char,стель,203,167,36,0.17733990147783252,0.029940119760479042,0.8333333333333334,5,30
char,сли,1324,1269,55,0.04154078549848943,0.0031520882584712374,0.6909090909090909,4,38
char,олка,594,538,56,0.09427609427609428,0.007434944237918215,0.8392857142857143,4,47
char,lov,568,496,72,0.1267605633802817,0.008064516129032258,0.8888888888888888,4,64
char,ните,471,373,98,0.208067940552017,0.010723860589812333,0.826530612244898,4,81
char,елин,447,424,23,0.05145413870246085,0.009433962264150943,0.9565217391304348,4,22
char,сле,429,335,94,0.2191142191142191,0.011940298507462687,0.7127659574468085,4,67
char,ловой,407,371,36,0.08845208845208845,0.01078167115902965,0.8888888888888888,4,32
char,ванов,378,320,58,0.15343915343915343,0.0125,0.9655172413793104,4,56
char,юст,367,277,90,0.2452316076294278,0.01444043321299639,0.9222222222222223,4,83
char,hon,359,320,39,0.10863509749303621,0.0125,0.7435897435897436,4,29
char,tan,335,279,56,0.16716417910447762,0.014336917562724014,0.6785714285714286,4,38
char,ten,287,228,59,0.20557491289198607,0.017543859649122806,0.7288135593220338,4,43
char,мные,277,264,13,0.04693140794223827,0.015151515151515152,0.23076923076923078,4,3
char,руль,264,208,56,0.21212121212121213,0.019230769230769232,0.75,4,42
char,воб,259,223,36,0.138996138996139,0.017937219730941704,0.7777777777777778,4,28
char,веск,257,213,44,0.17120622568093385,0.018779342723004695,0.8181818181818182,4,36
char,аки,255,183,72,0.2823529411764706,0.02185792349726776,0.75,4,54
char,вобл,251,219,32,0.12749003984063745,0.0182648401826484,0.84375,4,27
char,оут,248,217,31,0.125,0.018433179723502304,0.967741935483871,4,30
char,oco,246,209,37,0.15040650406504066,0.019138755980861243,0.7837837837837838,4,29
char,red,241,185,56,0.23236514522821577,0.021621621621621623,0.6607142857142857,4,37
char,ноу,238,213,25,0.10504201680672269,0.018779342723004695,1.0,4,25
char,есна,236,196,40,0.1694915254237288,0.02040816326530612,0.5,4,20
char,тбу,235,209,26,0.11063829787234042,0.019138755980861243,0.9615384615384616,4,25
char,двер,235,199,36,0.15319148936170213,0.020100502512562814,0.8055555555555556,4,29
char,тбук,233,209,24,0.10300429184549356,0.019138755980861243,1.0,4,24
char,ноут,232,208,24,0.10344827586206896,0.019230769230769232,1.0,4,24
char,чкидл,232,214,18,0.07758620689655173,0.018691588785046728,0.6666666666666666,4,12
char,утбу,231,207,24,0.1038961038961039,0.01932367149758454,1.0,4,24
char,оутб,231,207,24,0.1038961038961039,0.01932367149758454,1.0,4,24
char,серый,229,166,63,0.27510917030567683,0.024096385542168676,0.6984126984126984,4,44
char,ноутб,229,206,23,0.10043668122270742,0.019417475728155338,1.0,4,23
char,оутбу,228,205,23,0.10087719298245613,0.01951219512195122,1.0,4,23
char,утбук,226,205,21,0.09292035398230089,0.01951219512195122,1.0,4,21
char,рост,210,151,59,0.28095238095238095,0.026490066225165563,0.6610169491525424,4,39
char,ресл,209,141,68,0.3253588516746411,0.028368794326241134,0.9264705882352942,4,63
char,ремен,209,163,46,0.22009569377990432,0.024539877300613498,0.717391304347826,4,33
char,aqu,208,177,31,0.14903846153846154,0.022598870056497175,0.8387096774193549,4,26
char,кресл,207,139,68,0.3285024154589372,0.02877697841726619,0.9264705882352942,4,63
char,поч,207,162,45,0.21739130434782608,0.024691358024691357,0.6888888888888889,4,31
char,есло,205,136,69,0.33658536585365856,0.029411764705882353,0.8695652173913043,4,60
char,ванно,203,160,43,0.21182266009852216,0.025,0.627906976744186,4,27
char,ресло,200,135,65,0.325,0.02962962962962963,0.9230769230769231,4,60
char,линз,1877,1847,30,0.015982951518380393,0.0016242555495397943,0.9,3,27
char,льцо,1628,1380,248,0.15233415233415235,0.002173913043478261,0.9758064516129032,3,242
char,ольцо,1628,1380,248,0.15233415233415235,0.002173913043478261,0.9758064516129032,3,242
char,ьцо,1628,1380,248,0.15233415233415235,0.002173913043478261,0.9758064516129032,3,242
char,нза,1321,1298,23,0.0174110522331567,0.0023112480739599386,0.5217391304347826,3,12
char,яро,810,783,27,0.03333333333333333,0.0038314176245210726,0.5555555555555556,3,15
char,чкис,698,679,19,0.027220630372492838,0.004418262150220913,0.5263157894736842,3,10
char,очкис,553,539,14,0.02531645569620253,0.0055658627087198514,0.6428571428571429,3,9
char,тинк,534,469,65,0.12172284644194757,0.006396588486140725,0.8307692307692308,3,54
char,утбол,516,480,36,0.06976744186046512,0.00625,0.8055555555555556,3,29
char,утбо,516,480,36,0.06976744186046512,0.00625,0.8055555555555556,3,29
char,футбо,516,480,36,0.06976744186046512,0.00625,0.8055555555555556,3,29
char,футб,516,480,36,0.06976744186046512,0.00625,0.8055555555555556,3,29
char,анит,435,379,56,0.12873563218390804,0.0079155672823219,0.9464285714285714,3,53
char,гад,426,343,83,0.19483568075117372,0.008746355685131196,0.9036144578313253,3,75
char,мей,414,386,28,0.06763285024154589,0.007772020725388601,0.39285714285714285,3,11
char,гот,389,317,72,0.18508997429305912,0.00946372239747634,0.7777777777777778,3,56
char,con,352,272,80,0.22727272727272727,0.011029411764705883,0.775,3,62
char,ебро,316,284,32,0.10126582278481013,0.01056338028169014,0.6875,3,22
char,ожка,298,251,47,0.15771812080536912,0.01195219123505976,0.6595744680851063,3,31
char,лнц,286,266,20,0.06993006993006994,0.011278195488721804,0.8,3,16
char,олнц,286,266,20,0.06993006993006994,0.011278195488721804,0.8,3,16
char,солнц,283,264,19,0.06713780918727916,0.011363636363636364,0.7894736842105263,3,15
char,щитны,280,262,18,0.06428571428571428,0.011450381679389313,0.8333333333333334,3,15
char,cas,279,222,57,0.20430107526881722,0.013513513513513514,0.6842105263157895,3,39
char,уныд,277,212,65,0.23465703971119134,0.014150943396226415,0.5846153846153846,3,38
char,уныдл,276,212,64,0.2318840579710145,0.014150943396226415,0.578125,3,37
char,руныд,276,212,64,0.2318840579710145,0.014150943396226415,0.578125,3,37
char,олнце,274,256,18,0.06569343065693431,0.01171875,0.7777777777777778,3,14
char,лнце,274,256,18,0.06569343065693431,0.01171875,0.7777777777777778,3,14
char,отов,270,222,48,0.17777777777777778,0.013513513513513514,0.6666666666666666,3,32
char,амаг,269,255,14,0.05204460966542751,0.011764705882352941,0.35714285714285715,3,5
char,обле,264,224,40,0.15151515151515152,0.013392857142857142,0.75,3,30
char,ерные,263,241,22,0.08365019011406843,0.012448132780082987,0.6818181818181818,3,15
char,igm,253,232,21,0.08300395256916997,0.01293103448275862,0.7619047619047619,3,16
char,блер,248,215,33,0.13306451612903225,0.013953488372093023,0.8181818181818182,3,27
char,вобле,245,214,31,0.12653061224489795,0.014018691588785047,0.8387096774193549,3,26
char,облер,245,214,31,0.12653061224489795,0.014018691588785047,0.8387096774193549,3,26
char,ныел,232,218,14,0.0603448275862069,0.013761467889908258,0.8571428571428571,3,12
char,идж,232,183,49,0.21120689655172414,0.01639344262295082,0.8571428571428571,3,42
char,ыели,231,216,15,0.06493506493506493,0.013888888888888888,0.8,3,12
char,зны,230,180,50,0.21739130434782608,0.016666666666666666,0.58,3,29
char,ern,229,163,66,0.28820960698689957,0.018404907975460124,0.5606060606060606,3,37
char,101,225,175,50,0.2222222222222222,0.017142857142857144,0.54,3,27
char,амагн,225,215,10,0.044444444444444446,0.013953488372093023,0.3,3,3
char,пря,225,151,74,0.3288888888888889,0.019867549668874173,0.7837837837837838,3,58
char,a15,224,220,4,0.017857142857142856,0.013636363636363636,0.75,3,3
char,nie,224,178,46,0.20535714285714285,0.016853932584269662,0.43478260869565216,3,20
char,sil,216,174,42,0.19444444444444445,0.017241379310344827,0.6190476190476191,3,26
char,двеск,216,175,41,0.18981481481481483,0.017142857142857144,0.8048780487804879,3,33
char,ртри,214,170,44,0.205607476635514,0.01764705882352941,0.9090909090909091,3,40
char,ario,213,177,36,0.16901408450704225,0.01694915254237288,0.8055555555555556,3,29
char,gam,212,189,23,0.10849056603773585,0.015873015873015872,0.6086956521739131,3,14
char,ляно,210,158,52,0.24761904761904763,0.0189873417721519,0.7692307692307693,3,40
char,mati,209,191,18,0.0861244019138756,0.015706806282722512,0.5,3,9
char,lar,208,162,46,0.22115384615384615,0.018518518518518517,0.6956521739130435,3,32
char,араб,207,158,49,0.23671497584541062,0.0189873417721519,0.7142857142857143,3,35
char,ony,207,185,22,0.10628019323671498,0.016216216216216217,0.6363636363636364,3,14
char,ors,207,169,38,0.18357487922705315,0.01775147928994083,0.47368421052631576,3,18
char,дляно,204,156,48,0.23529411764705882,0.019230769230769232,0.7708333333333334,3,37
char,мень,200,161,39,0.195,0.018633540372670808,0.7435897435897436,3,29
char,дная,200,134,66,0.33,0.022388059701492536,0.5909090909090909,3,39
char,инза,1278,1271,7,0.005477308294209703,0.0015735641227380016,0.5714285714285714,2,4
char,нзам,1271,1264,7,0.0055074744295830055,0.0015822784810126582,0.5714285714285714,2,4
char,слин,1188,1177,11,0.009259259259259259,0.0016992353440951572,0.5454545454545454,2,6
char,инзам,1173,1169,4,0.0034100596760443308,0.001710863986313088,0.75,2,3
char,линза,1156,1152,4,0.0034602076124567475,0.001736111111111111,0.75,2,3
char,нзами,1122,1118,4,0.0035650623885918,0.0017889087656529517,0.75,2,3
char,слинз,1024,1021,3,0.0029296875,0.0019588638589618022,0.6666666666666666,2,2
char,тля,826,798,28,0.03389830508474576,0.002506265664160401,0.6071428571428571,2,17
char,утл,811,788,23,0.02836004932182491,0.0025380710659898475,0.6086956521739131,2,14
char,тляр,809,786,23,0.02843016069221261,0.002544529262086514,0.6086956521739131,2,14
char,футл,809,786,23,0.02843016069221261,0.002544529262086514,0.6086956521739131,2,14
char,утля,809,786,23,0.02843016069221261,0.002544529262086514,0.6086956521739131,2,14
char,див,737,628,109,0.14789687924016282,0.0031847133757961785,0.908256880733945,2,99
char,дива,718,617,101,0.14066852367688024,0.0032414910858995136,0.9603960396039604,2,97
char,ьги,704,626,78,0.11079545454545454,0.003194888178913738,0.9102564102564102,2,71
char,утляр,597,580,17,0.02847571189279732,0.0034482758620689655,0.7058823529411765,2,12
char,футля,592,575,17,0.028716216216216218,0.0034782608695652175,0.7058823529411765,2,12
char,нзы,553,532,21,0.0379746835443038,0.0037593984962406013,1.0,2,21
char,oko,529,475,54,0.10207939508506617,0.004210526315789474,0.9814814814814815,2,53
char,расно,488,433,55,0.11270491803278689,0.004618937644341801,0.8545454545454545,2,47
char,гло,443,388,55,0.12415349887133183,0.005154639175257732,0.8545454545454545,2,47
char,lanc,425,391,34,0.08,0.005115089514066497,0.8235294117647058,2,28
char,угло,418,376,42,0.10047846889952153,0.005319148936170213,0.9047619047619048,2,38
char,pho,397,375,22,0.055415617128463476,0.005333333333333333,0.7272727272727273,2,16
char,глов,397,359,38,0.09571788413098237,0.005571030640668524,0.9210526315789473,2,35
char,углов,396,359,37,0.09343434343434344,0.005571030640668524,0.918918918918919,2,34
char,омз,395,381,14,0.035443037974683546,0.005249343832020997,0.42857142857142855,2,6
char,глово,380,349,31,0.08157894736842106,0.0057306590257879654,0.967741935483871,2,30
char,5рц,351,348,3,0.008547008547008548,0.005747126436781609,0.3333333333333333,2,1
char,юте,331,308,23,0.06948640483383686,0.006493506493506494,0.782608695652174,2,18
char,ьют,327,306,21,0.06422018348623854,0.006535947712418301,0.8095238095238095,2,17
char,пью,326,305,21,0.06441717791411043,0.006557377049180328,0.8095238095238095,2,17
char,мпью,326,305,21,0.06441717791411043,0.006557377049180328,0.8095238095238095,2,17
char,мпь,326,305,21,0.06441717791411043,0.006557377049180328,0.8095238095238095,2,17
char,пьют,325,304,21,0.06461538461538462,0.006578947368421052,0.8095238095238095,2,17
char,омпь,325,304,21,0.06461538461538462,0.006578947368421052,0.8095238095238095,2,17
char,ьюте,324,303,21,0.06481481481481481,0.006600660066006601,0.8095238095238095,2,17
char,ютер,322,301,21,0.06521739130434782,0.006644518272425249,0.8095238095238095,2,17
char,ребро,313,281,32,0.10223642172523961,0.0071174377224199285,0.6875,2,22
char,онта,301,266,35,0.11627906976744186,0.007518796992481203,0.8571428571428571,2,30
char,компь,290,270,20,0.06896551724137931,0.007407407407407408,0.8,2,16
char,acu,287,270,17,0.059233449477351915,0.007407407407407408,0.8823529411764706,2,15
char,мпьют,277,257,20,0.07220216606498195,0.007782101167315175,0.8,2,16
char,ормо,277,215,62,0.22382671480144403,0.009302325581395349,0.6451612903225806,2,40
char,phon,275,259,16,0.05818181818181818,0.007722007722007722,0.6875,2,11
char,омпью,274,254,20,0.072992700729927,0.007874015748031496,0.8,2,16
char,озн,271,212,59,0.2177121771217712,0.009433962264150943,0.6271186440677966,2,37
char,end,270,213,57,0.2111111111111111,0.009389671361502348,0.8070175438596491,2,46
char,езащ,270,253,17,0.06296296296296296,0.007905138339920948,0.8235294117647058,2,14
char,пьюте,269,249,20,0.07434944237918216,0.008032128514056224,0.8,2,16
char,тормо,269,213,56,0.20817843866171004,0.009389671361502348,0.6785714285714286,2,38
char,езащи,269,252,17,0.06319702602230483,0.007936507936507936,0.8235294117647058,2,14
char,цеза,269,251,18,0.06691449814126393,0.00796812749003984,0.7777777777777778,2,14
char,цез,269,251,18,0.06691449814126393,0.00796812749003984,0.7777777777777778,2,14
char,нцез,267,251,16,0.0599250936329588,0.00796812749003984,0.8125,2,13
char,нцеза,267,251,16,0.0599250936329588,0.00796812749003984,0.8125,2,13
char,лнцез,267,251,16,0.0599250936329588,0.00796812749003984,0.8125,2,13
char,цезащ,267,251,16,0.0599250936329588,0.00796812749003984,0.8125,2,13
char,рмоз,266,212,54,0.20300751879699247,0.009433962264150943,0.7037037037037037,2,38
char,ормоз,265,211,54,0.2037735849056604,0.009478672985781991,0.7037037037037037,2,38
char,гото,263,223,40,0.1520912547528517,0.008968609865470852,0.75,2,30
char,нама,263,255,8,0.030418250950570342,0.00784313725490196,0.125,2,1
char,охр,261,247,14,0.05363984674329502,0.008097165991902834,0.6428571428571429,2,9
char,ьютер,256,236,20,0.078125,0.00847457627118644,0.8,2,16
char,мозн,256,205,51,0.19921875,0.00975609756097561,0.7058823529411765,2,36
char,рмозн,256,205,51,0.19921875,0.00975609756097561,0.7058823529411765,2,36
char,готов,254,216,38,0.14960629921259844,0.009259259259259259,0.7368421052631579,2,28
char,дис,252,204,48,0.19047619047619047,0.00980392156862745,0.8958333333333334,2,43
char,галь,245,184,61,0.24897959183673468,0.010869565217391304,0.9672131147540983,2,59
char,кови,243,203,40,0.1646090534979424,0.009852216748768473,0.8,2,32
char,нител,221,129,92,0.416289592760181,0.015503875968992248,0.8369565217391305,2,77
char,ридж,217,175,42,0.1935483870967742,0.011428571428571429,0.9523809523809523,2,40
char,ray,215,204,11,0.05116279069767442,0.00980392156862745,0.5454545454545454,2,6
char,tig,212,201,11,0.05188679245283019,0.009950248756218905,0.9090909090909091,2,10
char,артр,212,170,42,0.19811320754716982,0.011764705882352941,0.9285714285714286,2,39
char,картр,211,169,42,0.1990521327014218,0.011834319526627219,0.9285714285714286,2,39
char,трид,211,170,41,0.1943127962085308,0.011764705882352941,0.9512195121951219,2,39
char,артри,210,169,41,0.19523809523809524,0.011834319526627219,0.9512195121951219,2,39
char,asy,202,180,22,0.10891089108910891,0.011111111111111112,0.9545454545454546,2,21
char,росс,1036,935,101,0.09749034749034749,0.0010695187165775401,0.9801980198019802,1,99
char,рц6,1028,1023,5,0.0048638132295719845,0.0009775171065493646,0.4,1,2
char,крос,1010,917,93,0.09207920792079208,0.0010905125408942203,0.967741935483871,1,90
char,овки,1007,897,110,0.10923535253227408,0.0011148272017837235,0.8909090909090909,1,98
char,5пр,994,894,100,0.1006036217303823,0.0011185682326621924,0.94,1,94
char,156,895,884,11,0.012290502793296089,0.0011312217194570137,0.6363636363636364,1,7
char,ляро,770,760,10,0.012987012987012988,0.0013157894736842105,0.4,1,4
char,диван,713,615,98,0.13744740532959326,0.0016260162601626016,0.9795918367346939,1,96
char,еоч,699,686,13,0.01859799713876967,0.0014577259475218659,0.6923076923076923,1,9
char,еочк,696,685,11,0.015804597701149427,0.00145985401459854,0.8181818181818182,1,9
char,рьг,695,624,71,0.10215827338129496,0.0016025641025641025,0.9859154929577465,1,70
char,ерьг,695,624,71,0.10215827338129496,0.0016025641025641025,0.9859154929577465,1,70
char,серь,694,623,71,0.10230547550432277,0.0016051364365971107,0.9859154929577465,1,70
char,серьг,694,623,71,0.10230547550432277,0.0016051364365971107,0.9859154929577465,1,70
char,ыео,682,667,15,0.021994134897360705,0.0014992503748125937,0.6666666666666666,1,10
char,рьги,679,613,66,0.09720176730486009,0.0016313213703099511,0.9848484848484849,1,65
char,ерьги,679,613,66,0.09720176730486009,0.0016313213703099511,0.9848484848484849,1,65
char,ыеоч,673,662,11,0.01634472511144131,0.0015105740181268882,0.8181818181818182,1,9
char,еочки,624,613,11,0.017628205128205128,0.0016313213703099511,0.8181818181818182,1,9
char,hmc,558,552,6,0.010752688172043012,0.0018115942028985507,0.3333333333333333,1,2
char,линзы,551,530,21,0.038112522686025406,0.0018867924528301887,1.0,1,21
char,инзы,551,530,21,0.038112522686025406,0.0018867924528301887,1.0,1,21
char,ныео,516,512,4,0.007751937984496124,0.001953125,0.75,1,3
char,rome,509,489,20,0.03929273084479371,0.002044989775051125,0.8,1,16
char,йдива,509,448,61,0.11984282907662082,0.002232142857142857,1.0,1,61
char,йдив,509,448,61,0.11984282907662082,0.002232142857142857,1.0,1,61
char,ойди,455,400,55,0.12087912087912088,0.0025,0.9454545454545454,1,52
char,ойдив,447,395,52,0.116331096196868,0.002531645569620253,1.0,1,52
char,тинки,433,379,54,0.12471131639722864,0.002638522427440633,0.9074074074074074,1,49
char,елинз,422,404,18,0.04265402843601896,0.0024752475247524753,1.0,1,18
char,ромн,405,402,3,0.007407407407407408,0.0024875621890547263,0.0,1,0
char,фиа,385,344,41,0.10649350649350649,0.0029069767441860465,1.0,1,41
char,змей,385,371,14,0.03636363636363636,0.0026954177897574125,0.21428571428571427,1,3
char,iki,382,363,19,0.049738219895287955,0.0027548209366391185,0.6842105263157895,1,13
char,lance,380,357,23,0.060526315789473685,0.0028011204481792717,0.8260869565217391,1,19
char,ныеоч,376,373,3,0.007978723404255319,0.002680965147453083,0.6666666666666666,1,2
char,брас,370,311,59,0.15945945945945947,0.003215434083601286,0.8135593220338984,1,48
char,войд,361,330,31,0.08587257617728532,0.0030303030303030303,0.9032258064516129,1,28
char,овойд,357,328,29,0.08123249299719888,0.003048780487804878,0.9655172413793104,1,28
char,ет1,355,342,13,0.036619718309859155,0.0029239766081871343,0.46153846153846156,1,6
char,войди,354,327,27,0.07627118644067797,0.0030581039755351682,1.0,1,27
char,асле,351,289,62,0.17663817663817663,0.0034602076124567475,0.7903225806451613,1,49
char,од3,346,343,3,0.008670520231213872,0.0029154518950437317,0.0,1,0
char,слет,343,287,56,0.16326530612244897,0.003484320557491289,0.8214285714285714,1,46
char,мод3,342,341,1,0.0029239766081871343,0.002932551319648094,0.0,1,0
char,расл,341,286,55,0.16129032258064516,0.0034965034965034965,0.8181818181818182,1,45
char,брасл,340,285,55,0.16176470588235295,0.0035087719298245615,0.8181818181818182,1,45
char,аслет,340,285,55,0.16176470588235295,0.0035087719298245615,0.8181818181818182,1,45
char,расле,339,284,55,0.16224188790560473,0.0035211267605633804,0.8181818181818182,1,45
char,156h,331,326,5,0.015105740181268883,0.003067484662576687,0.4,1,2
char,56h,331,326,5,0.015105740181268883,0.003067484662576687,0.4,1,2
char,хро,327,301,26,0.07951070336391437,0.0033222591362126247,0.7307692307692307,1,19
char,хром,312,291,21,0.0673076923076923,0.003436426116838488,0.7619047619047619,1,16
char,ssd,311,300,11,0.03536977491961415,0.0033333333333333335,0.8181818181818182,1,9
char,иант,310,259,51,0.16451612903225807,0.003861003861003861,0.8431372549019608,1,43
char,6hmc,308,303,5,0.016233766233766232,0.0033003300330033004,0.4,1,2
char,56hm,308,303,5,0.016233766233766232,0.0033003300330033004,0.4,1,2
char,56hmc,308,303,5,0.016233766233766232,0.0033003300330033004,0.4,1,2
char,6hm,308,303,5,0.016233766233766232,0.0033003300330033004,0.4,1,2
char,156hm,308,303,5,0.016233766233766232,0.0033003300330033004,0.4,1,2
char,лиа,308,261,47,0.1525974025974026,0.0038314176245210726,0.9148936170212766,1,43
char,win,305,286,19,0.06229508196721312,0.0034965034965034965,0.631578947368421,1,12
char,лота,296,254,42,0.14189189189189189,0.003937007874015748,0.9523809523809523,1,40
char,5рц6,293,291,2,0.006825938566552901,0.003436426116838488,0.0,1,0
char,олота,289,250,39,0.13494809688581316,0.004,0.9743589743589743,1,38
char,иgl,270,267,3,0.011111111111111112,0.003745318352059925,0.0,1,0
char,dan,269,238,31,0.11524163568773234,0.004201680672268907,0.7419354838709677,1,23
char,glan,269,267,2,0.007434944237918215,0.003745318352059925,0.0,1,0
char,иgla,264,261,3,0.011363636363636364,0.0038314176245210726,0.0,1,0
char,амиg,263,261,2,0.0076045627376425855,0.0038314176245210726,0.0,1,0
char,миg,263,261,2,0.0076045627376425855,0.0038314176245210726,0.0,1,0
char,миgl,262,260,2,0.007633587786259542,0.0038461538461538464,0.0,1,0
char,adi,260,214,46,0.17692307692307693,0.004672897196261682,0.8478260869565217,1,39
char,gma,256,235,21,0.08203125,0.00425531914893617,0.8095238095238095,1,17
char,dia,256,210,46,0.1796875,0.004761904761904762,0.8478260869565217,1,39
char,терн,254,232,22,0.08661417322834646,0.004310344827586207,0.8181818181818182,1,18
char,glanc,252,250,2,0.007936507936507936,0.004,0.0,1,0
char,ьте,249,188,61,0.24497991967871485,0.005319148936170213,0.9836065573770492,1,60
char,льте,245,186,59,0.24081632653061225,0.005376344086021506,0.9830508474576272,1,58
char,tis,245,221,24,0.09795918367346938,0.004524886877828055,0.5833333333333334,1,14
char,овин,244,200,44,0.18032786885245902,0.005,0.75,1,33
char,day,242,218,24,0.09917355371900827,0.0045871559633027525,0.7916666666666666,1,19
char,амиgl,239,239,0,0.0,0.0041841004184100415,,1,0
char,замиg,236,236,0,0.0,0.00423728813559322,,1,0
char,иglan,236,236,0,0.0,0.00423728813559322,,1,0
char,igma,236,220,16,0.06779661016949153,0.004545454545454545,0.9375,1,15
char,оиз,231,200,31,0.1341991341991342,0.005,0.8387096774193549,1,26
char,охро,228,227,1,0.0043859649122807015,0.004405286343612335,1.0,1,1
char,миgla,227,227,0,0.0,0.004405286343612335,,1,0
char,мба,227,176,51,0.22466960352422907,0.005681818181818182,0.7450980392156863,1,38
char,отох,226,226,0,0.0,0.004424778761061947,,1,0
char,тохр,226,226,0,0.0,0.004424778761061947,,1,0
char,омны,226,225,1,0.004424778761061947,0.0044444444444444444,0.0,1,0
char,тох,226,226,0,0.0,0.004424778761061947,,1,0
char,ыелин,225,214,11,0.04888888888888889,0.004672897196261682,1.0,1,11
char,ныели,223,211,12,0.053811659192825115,0.004739336492890996,0.9166666666666666,1,11
char,акови,218,186,32,0.14678899082568808,0.005376344086021506,0.84375,1,27
char,ковин,211,180,31,0.14691943127962084,0.005555555555555556,0.8387096774193549,1,26
char,asti,210,196,14,0.06666666666666667,0.00510204081632653,0.8571428571428571,1,12
char,тридж,209,168,41,0.19617224880382775,0.005952380952380952,0.9512195121951219,1,39
char,ртрид,209,168,41,0.19617224880382775,0.005952380952380952,0.9512195121951219,1,39
char,раков,205,177,28,0.13658536585365855,0.005649717514124294,0.8928571428571429,1,25
char,тныел,201,192,9,0.04477611940298507,0.005208333333333333,0.8888888888888888,1,8
char,проб,1003,902,101,0.10069790628115653,0.0,0.9504950495049505,0,96
char,совк,994,889,105,0.1056338028169014,0.0,0.9333333333333333,0,98
char,кросс,991,902,89,0.08980827447023208,0.0,0.9887640449438202,0,88
char,5про,978,886,92,0.09406952965235174,0.0,1.0,0,92
char,5проб,977,886,91,0.0931422722620266,0.0,1.0,0,91
char,ссов,970,877,93,0.09587628865979382,0.0,0.967741935483871,0,90
char,оссо,959,870,89,0.09280500521376434,0.0,0.9887640449438202,0,88
char,оссов,958,870,88,0.0918580375782881,0.0,0.9886363636363636,0,87
char,россо,958,870,88,0.0918580375782881,0.0,0.9886363636363636,0,87
char,совки,958,870,88,0.0918580375782881,0.0,0.9886363636363636,0,87
char,ссовк,956,869,87,0.09100418410041841,0.0,0.9885057471264368,0,86
char,585,954,871,83,0.0870020964360587,0.0,0.963855421686747,0,80
char,яром,767,758,9,0.011734028683181226,0.0,0.3333333333333333,0,3
char,сфут,766,758,8,0.010443864229765013,0.0,0.5,0,4
char,85п,699,650,49,0.07010014306151645,0.0,1.0,0,49
char,585п,697,648,49,0.0703012912482066,0.0,1.0,0,49
char,585пр,696,647,49,0.07040229885057471,0.0,1.0,0,49
char,85про,696,647,49,0.07040229885057471,0.0,1.0,0,49
char,85пр,696,647,49,0.07040229885057471,0.0,1.0,0,49
char,ляром,640,636,4,0.00625,0.0,0.5,0,2
char,nik,598,555,43,0.07190635451505016,0.0,0.8837209302325582,0,38
char,0рц,581,577,4,0.0068846815834767644,0.0,0.75,0,3
char,исф,577,572,5,0.008665511265164644,0.0,0.4,0,2
char,кисф,577,572,5,0.008665511265164644,0.0,0.4,0,2
char,исфу,576,571,5,0.008680555555555556,0.0,0.4,0,2
char,сфутл,569,567,2,0.0035149384885764497,0.0,1.0,0,2
char,тляро,559,557,2,0.0035778175313059034,0.0,1.0,0,2
char,kol,501,447,54,0.10778443113772455,0.0,0.9814814814814815,0,53
char,исфут,499,497,2,0.004008016032064128,0.0,0.5,0,1
char,болк,498,465,33,0.06626506024096386,0.0,0.9393939393939394,0,31
char,sok,493,438,55,0.11156186612576065,0.0,0.9818181818181818,0,54
char,kolo,493,441,52,0.10547667342799188,0.0,1.0,0,52
char,кисфу,492,490,2,0.0040650406504065045,0.0,0.5,0,1
char,okol,489,437,52,0.10633946830265849,0.0,1.0,0,52
char,olov,489,437,52,0.10633946830265849,0.0,1.0,0,52
char,soko,488,436,52,0.10655737704918032,0.0,1.0,0,52
char,okolo,488,436,52,0.10655737704918032,0.0,1.0,0,52
char,sokol,488,436,52,0.10655737704918032,0.0,1.0,0,52
char,kolov,488,436,52,0.10655737704918032,0.0,1.0,0,52
char,болка,487,458,29,0.059548254620123205,0.0,1.0,0,29
char,925,485,431,54,0.11134020618556702,0.0,0.9814814814814815,0,53
char,боти,481,425,56,0.11642411642411643,0.0,0.9821428571428571,0,55
char,тболк,474,446,28,0.05907172995780591,0.0,0.9285714285714286,0,26
char,meo,462,458,4,0.008658008658008658,0.0,0.5,0,2
char,ыеочк,458,449,9,0.019650655021834062,0.0,0.7777777777777778,0,7
char,omeo,457,455,2,0.00437636761487965,0.0,0.5,0,1
char,0рц6,456,453,3,0.006578947368421052,0.0,0.6666666666666666,0,2
char,миr,454,452,2,0.004405286343612335,0.0,0.5,0,1
char,иro,454,452,2,0.004405286343612335,0.0,0.5,0,1
char,миro,454,452,2,0.004405286343612335,0.0,0.5,0,1
char,амиr,454,452,2,0.004405286343612335,0.0,0.5,0,1
char,иrom,454,452,2,0.004405286343612335,0.0,0.5,0,1
char,meo1,451,449,2,0.004434589800443459,0.0,0.5,0,1
char,eo1,451,449,2,0.004434589800443459,0.0,0.5,0,1
char,romeo,443,441,2,0.004514672686230248,0.0,0.5,0,1
char,omeo1,443,441,2,0.004514672686230248,0.0,0.5,0,1
char,амиro,429,427,2,0.004662004662004662,0.0,0.5,0,1
char,отин,429,376,53,0.12354312354312354,0.0,1.0,0,53
char,ботин,425,374,51,0.12,0.0,1.0,0,51
char,отинк,423,375,48,0.11347517730496454,0.0,1.0,0,48
char,замиr,418,416,2,0.004784688995215311,0.0,0.5,0,1
char,иrome,415,413,2,0.004819277108433735,0.0,0.5,0,1
char,чкисф,402,401,1,0.0024875621890547263,0.0,1.0,0,1
char,лиг,397,333,64,0.16120906801007556,0.0,0.90625,0,58
char,миrom,392,391,1,0.002551020408163265,0.0,0.0,0,0
char,ианит,386,344,42,0.10880829015544041,0.0,0.9761904761904762,0,41
char,мейк,386,371,15,0.038860103626943004,0.0,0.26666666666666666,0,4
char,o15,385,379,6,0.015584415584415584,0.0,0.5,0,3
char,лига,385,327,58,0.15064935064935064,0.0,0.9827586206896551,0,57
char,фиани,380,339,41,0.10789473684210527,0.0,1.0,0,41
char,фиан,380,339,41,0.10789473684210527,0.0,1.0,0,41
char,o156,378,376,2,0.005291005291005291,0.0,0.5,0,1
char,eo15,377,375,2,0.005305039787798408,0.0,0.5,0,1
char,ивано,377,320,57,0.15119363395225463,0.0,0.9824561403508771,0,56
char,адив,375,318,57,0.152,0.0,1.0,0,57
char,омзм,375,370,5,0.013333333333333334,0.0,0.6,0,3
char,мзме,375,370,5,0.013333333333333334,0.0,0.6,0,3
char,мзм,375,370,5,0.013333333333333334,0.0,0.6,0,3
char,ромз,375,370,5,0.013333333333333334,0.0,0.4,0,2
char,eo156,374,372,2,0.0053475935828877,0.0,0.5,0,1
char,meo15,373,371,2,0.005361930294906166,0.0,0.5,0,1
char,адива,372,316,56,0.15053763440860216,0.0,1.0,0,56
char,игад,369,312,57,0.15447154471544716,0.0,1.0,0,57
char,гади,369,313,56,0.15176151761517614,0.0,1.0,0,56
char,гадив,368,312,56,0.15217391304347827,0.0,1.0,0,56
char,лигад,368,312,56,0.15217391304347827,0.0,1.0,0,56
char,игади,368,312,56,0.15217391304347827,0.0,1.0,0,56
char,иni,360,348,12,0.03333333333333333,0.0,0.9166666666666666,0,11
char,змейк,360,352,8,0.022222222222222223,0.0,0.25,0,2
char,иnik,357,345,12,0.03361344537815126,0.0,0.9166666666666666,0,11
char,илл,352,287,65,0.1846590909090909,0.0,0.8,0,52
char,вет1,346,340,6,0.017341040462427744,0.0,0.6666666666666666,0,4
char,мейка,344,332,12,0.03488372093023256,0.0,0.25,0,3
char,kita,339,333,6,0.017699115044247787,0.0,0.6666666666666666,0,4
char,мзмей,330,329,1,0.0030303030303030303,0.0,1.0,0,1
char,niki,327,326,1,0.0030581039755351682,0.0,0.0,0,0
char,ikit,326,325,1,0.003067484662576687,0.0,0.0,0,0
char,илли,325,274,51,0.15692307692307692,0.0,0.8823529411764706,0,45
char,ikita,324,323,1,0.0030864197530864196,0.0,0.0,0,0
char,альт,324,248,76,0.2345679012345679,0.0,0.9078947368421053,0,69
char,nikit,322,321,1,0.003105590062111801,0.0,0.0,0,0
char,омзме,322,320,2,0.006211180124223602,0.0,1.0,0,2
char,ромзм,314,313,1,0.0031847133757961785,0.0,1.0,0,1
char,ллиа,303,258,45,0.1485148514851485,0.0,0.9333333333333333,0,42
char,рилл,303,257,46,0.15181518151815182,0.0,0.9347826086956522,0,43
char,ллиан,303,258,45,0.1485148514851485,0.0,0.9333333333333333,0,42
char,лиан,303,258,45,0.1485148514851485,0.0,0.9333333333333333,0,42
char,рилли,302,257,45,0.1490066225165563,0.0,0.9333333333333333,0,42
char,иллиа,302,257,45,0.1490066225165563,0.0,0.9333333333333333,0,42
char,брилл,302,257,45,0.1490066225165563,0.0,0.9333333333333333,0,42
char,брил,302,257,45,0.1490066225165563,0.0,0.9333333333333333,0,42
char,25п,301,254,47,0.15614617940199335,0.0,0.9361702127659575,0,44
char,лиант,300,255,45,0.15,0.0,0.9333333333333333,0,42
char,озоло,288,245,43,0.14930555555555555,0.0,0.9767441860465116,0,42
char,т1с,282,277,5,0.01773049645390071,0.0,0.4,0,2
char,925п,282,242,40,0.14184397163120568,0.0,1.0,0,40
char,яромз,281,280,1,0.0035587188612099642,0.0,1.0,0,1
char,ет1с,281,277,4,0.014234875444839857,0.0,0.5,0,2
char,vue,275,262,13,0.04727272727272727,0.0,0.9230769230769231,0,12
char,cuv,274,262,12,0.043795620437956206,0.0,1.0,0,12
char,арул,273,224,49,0.1794871794871795,0.0,0.9795918367346939,0,48
char,цвет1,269,265,4,0.01486988847583643,0.0,0.75,0,3
char,cuvue,269,257,12,0.04460966542750929,0.0,1.0,0,12
char,uvu,269,257,12,0.04460966542750929,0.0,1.0,0,12
char,cuvu,269,257,12,0.04460966542750929,0.0,1.0,0,12
char,acuv,269,257,12,0.04460966542750929,0.0,1.0,0,12
char,uvue,269,257,12,0.04460966542750929,0.0,1.0,0,12
char,acuvu,269,257,12,0.04460966542750929,0.0,1.0,0,12
char,1сл,268,264,4,0.014925373134328358,0.0,0.75,0,3
char,1сли,267,263,4,0.0149812734082397,0.0,0.75,0,3
char,25пр,266,225,41,0.15413533834586465,0.0,0.975609756097561,0,40
char,1слин,265,262,3,0.011320754716981131,0.0,0.6666666666666666,0,2
char,925пр,265,225,40,0.1509433962264151,0.0,1.0,0,40
char,25про,262,222,40,0.15267175572519084,0.0,1.0,0,40
char,acc,261,248,13,0.04980842911877394,0.0,0.9230769230769231,0,12
char,вет1с,253,250,3,0.011857707509881422,0.0,0.6666666666666666,0,2
char,киn,252,235,17,0.06746031746031746,0.0,0.9411764705882353,0,16
char,ike,250,206,44,0.176,0.0,0.8636363636363636,0,38
char,такт,249,227,22,0.08835341365461848,0.0,0.8181818181818182,0,18
char,т1сл,246,243,3,0.012195121951219513,0.0,0.6666666666666666,0,2
char,льтер,240,182,58,0.24166666666666667,0.0,0.9827586206896551,0,57
char,ьтер,240,182,58,0.24166666666666667,0.0,0.9827586206896551,0,57
char,тга,239,184,55,0.2301255230125523,0.0,0.9818181818181818,0,54
char,альте,239,181,58,0.24267782426778242,0.0,0.9827586206896551,0,57
char,бюст,237,182,55,0.2320675105485232,0.0,0.9818181818181818,0,54
char,бюс,237,182,55,0.2320675105485232,0.0,0.9818181818181818,0,54
char,уфл,236,214,22,0.09322033898305085,0.0,0.5909090909090909,0,13
char,тгал,235,180,55,0.23404255319148937,0.0,0.9818181818181818,0,54
char,тгаль,235,180,55,0.23404255319148937,0.0,0.9818181818181818,0,54
char,юстг,235,180,55,0.23404255319148937,0.0,0.9818181818181818,0,54
char,гальт,235,180,55,0.23404255319148937,0.0,0.9818181818181818,0,54
char,бюстг,235,180,55,0.23404255319148937,0.0,0.9818181818181818,0,54
char,стга,235,180,55,0.23404255319148937,0.0,0.9818181818181818,0,54
char,стгал,235,180,55,0.23404255319148937,0.0,0.9818181818181818,0,54
char,стг,235,180,55,0.23404255319148937,0.0,0.9818181818181818,0,54
char,юстга,235,180,55,0.23404255319148937,0.0,0.9818181818181818,0,54
char,аруль,234,196,38,0.1623931623931624,0.0,1.0,0,38
char,иniki,233,233,0,0.0,0.0,,0,0
char,нтак,233,218,15,0.06437768240343347,0.0,0.9333333333333333,0,14
char,нтакт,230,215,15,0.06521739130434782,0.0,0.9333333333333333,0,14
char,онтак,230,215,15,0.06521739130434782,0.0,0.9333333333333333,0,14
char,конта,229,215,14,0.0611353711790393,0.0,0.9285714285714286,0,13
char,плетк,229,191,38,0.16593886462882096,0.0,0.9736842105263158,0,37
char,мнам,228,224,4,0.017543859649122806,0.0,0.25,0,1
char,ta1,227,221,6,0.02643171806167401,0.0,0.6666666666666666,0,4
char,00р,225,217,8,0.035555555555555556,0.0,0.625,0,5
char,актн,224,209,15,0.06696428571428571,0.0,0.8666666666666667,0,13
char,ктн,224,209,15,0.06696428571428571,0.0,0.8666666666666667,0,13
char,нарул,224,186,38,0.16964285714285715,0.0,1.0,0,38
char,ет1сл,223,220,3,0.013452914798206279,0.0,0.6666666666666666,0,2
char,00рц,220,216,4,0.01818181818181818,0.0,0.75,0,3
char,актны,218,206,12,0.05504587155963303,0.0,0.9166666666666666,0,11
char,ктны,218,206,12,0.05504587155963303,0.0,0.9166666666666666,0,11
char,тактн,215,205,10,0.046511627906976744,0.0,1.0,0,10
char,ешн,215,201,14,0.06511627906976744,0.0,0.6428571428571429,0,9
char,ктные,213,204,9,0.04225352112676056,0.0,0.8888888888888888,0,8
char,ta15,212,211,1,0.0047169811320754715,0.0,1.0,0,1
char,ita1,211,209,2,0.009478672985781991,0.0,0.5,0,1
char,миn,210,210,0,0.0,0.0,,0,0
char,kita1,210,208,2,0.009523809523809525,0.0,0.5,0,1
char,амиn,210,210,0,0.0,0.0,,0,0
char,миni,209,209,0,0.0,0.0,,0,0
char,a156,209,209,0,0.0,0.0,,0,0
char,леш,209,200,9,0.0430622009569378,0.0,0.7777777777777778,0,7
char,ita15,208,208,0,0.0,0.0,,0,0
char,уфли,206,195,11,0.05339805825242718,0.0,0.9090909090909091,0,10
char,ta156,204,204,0,0.0,0.0,,0,0
char,ешни,204,193,11,0.05392156862745098,0.0,0.6363636363636364,0,7
char,туфли,203,193,10,0.04926108374384237,0.0,1.0,0,10
char,туфл,203,193,10,0.04926108374384237,0.0,1.0,0,10
char,туф,203,193,10,0.04926108374384237,0.0,1.0,0,10
