id1,id2,category,name_1,name_2,target,predict,name_token_set_ratio,name_numeric_jaccard,number_conflict,measure_match,measure_conflict,brand_match,brand_conflict,model_match,model_conflict,color_match,color_conflict
472446408617,566935808036,Аптека,очки с футляром-змейка melorsch мод. 2110 цвет 6 с линзами ecoplus 1.56 hmc -6.00 рц 60-62,очки с футляром-змейка melorsch мод. 2110 цвет 6 с линзами ecoplus 1.56 hmc -8.00 рц 58-60,1.0,0.001775892826746877,0.9545454545454546,0.5,1.0,0.0,0.0,0.0,0.0,0.0,0.0,0.0,1.0
704374789407,77309546794,Аптека,"no name готовые очки женские с диоптриями, очки для зрения корригиррующие -4.00 с uv защитой очки для чтения/очки для близи/очки для дали/очки корригирующие/очки с диоптриями/очки для зрения мужские/очки для зрения женские/",восток готовые очки 0056 розовые -4.0,1.0,0.007637488225770646,0.4897959183673469,0.0,1.0,0.0,1.0,0.0,0.0,0.0,0.0,1.0,0.0
609885465752,687194920354,Одежда,топ ava,размер 95f,1.0,0.007758870069988862,0.11764705882352942,0.0,0.0,0.0,0.0,0.0,0.0,0.0,0.0,1.0,0.0
489626340631,120259148686,Аптека,"без бренда для работы готовые очки с uv защитой для попутного ветра -5,50 очки для чтения/очки для близи/очки для дали/очки +/очки -/очки корригирующие/очки с диоптриями/очки с тонировкой/очки для водителей",женские готовые очки -5.50 с uv защитой  очки для чтения/очки для близи/очки для дали/очки +/очки -/очки корригирующие/очки с диоптриями/очки зрение/очки линза/оптика/купить очки для зрения/очки для зрения мужские/очки для зрения женские/,1.0,0.008318797406667862,0.7708333333333333,0.0,1.0,0.0,0.0,0.0,0.0,0.0,0.0,0.0,1.0
214748499921,472446450406,Аптека,"растер дезинфицирующее средство «део-хлор» санитека, 90 таблеток по 3,4 г","дезинфицирующее средство растер ""део-хлор санитека"", 90 таблеток, 3, 4 г (00-00000843)",1.0,0.010294320182618034,0.8176100628930817,0.16666666666666666,1.0,1.0,1.0,1.0,0.0,0.0,0.0,0.0,0.0
523986075712,661425090352,Аптека,"контактные линзы acuvue oasys 1-day with hydraluxe for astigmatism, 30 шт., r 8,5, d -0,25, cyl: -0,75, aх: 120, 1 уп.",acuvue oasys 1-day with hydraluxe for astigmatism (30 линз) (-0.25/-0.75/130/8.5),1.0,0.011752844665984225,0.6834170854271358,0.2,1.0,0.0,0.0,0.0,0.0,0.0,0.0,0.0,0.0
395137063860,584115679690,Галантерея и аксессуары,часы наручные наручные,casio / часы наручные,1.0,0.01280429105482891,1.0,0.0,0.0,0.0,0.0,0.0,0.0,0.0,0.0,0.0,1.0
377957217392,841813656560,Галантерея и аксессуары,playtoday бандана,бандана playtoday,1.0,0.01351303563171518,1.0,0.0,0.0,0.0,0.0,0.0,0.0,0.0,0.0,1.0,0.0
292057915606,670014995856,Аптека,ликопид 1 мг 10 шт. таблетки,"ликопид 0,001 n10 таблетки",1.0,0.015073770450498467,0.7777777777777777,0.3333333333333333,1.0,1.0,1.0,0.0,1.0,0.0,0.0,0.0,0.0
807453991904,498216351201,Одежда,ветровка rm shopping,ruf mark / куртка льняная,1.0,0.01526176676764729,0.2666666666666667,0.0,0.0,1.0,1.0,0.0,0.0,0.0,0.0,0.0,1.0
601295487101,738734506110,Строительство и ремонт,"matrix отвертка fusion, sl6,0 х38 мм, crv, 3-х компонентная рукоятка ""anti slip""// matrix","отвертка fusion, sl6 х 38 мм, crv, трехкомпонентная рукоятка ""anti slip"" matrix",1.0,0.015313178115884668,0.9192546583850931,0.25,1.0,1.0,1.0,0.0,0.0,0.0,0.0,0.0,0.0
171798791141,635655297422,Аптека,"паста стоматологическая, 40мл omega dent",omega dent omega dent/ полирпаст-d cухой блеск (2 шприца x 3 мл),1.0,0.015381449098311592,0.42857142857142855,0.0,1.0,0.0,1.0,0.0,0.0,0.0,0.0,0.0,0.0
644245229373,420906799651,Галантерея и аксессуары,серьги красная пресня,красная пресня серьги,1.0,0.015792318906750008,1.0,0.0,0.0,0.0,0.0,0.0,0.0,0.0,0.0,0.0,0.0
180388735486,747324354262,Мебель,"комплект мебели для ванной комнаты с раковиной wellsee genuine tree 201015648: столешница, раковина, встраиваемый смеситель, сифон, донный клапан, аксессуары (цвет набора золото)",комплект мебели для ванной комнаты wellsee genuine tree с раковиной 201015728,1.0,0.01675515928742535,0.9305555555555556,0.0,1.0,1.0,1.0,0.0,0.0,0.0,0.0,1.0,0.0
34359873359,712964647535,Аптека,"иглы excalibur professional 9 curved soft magnum 0,30 mm long коробка 50 шт",excalibur professional иглы для тату - 30/09 soft magnum long taper 50 шт/уп,1.0,0.01700393353497696,0.7814569536423841,0.2,1.0,1.0,1.0,1.0,0.0,0.0,0.0,0.0,0.0
412316929032,377957125862,Аптека,"контактные линзы alcon, air optix plus hydraglyde, ежемесячные, -11.00 / 14.2 / 8.6, 6 шт.","контактные линзы alcon air optix plus hydraglyde, 6 шт., r 8,6, d -11",1.0,0.01708210021197467,0.8152866242038216,0.16666666666666666,1.0,1.0,1.0,0.0,0.0,0.0,0.0,0.0,0.0
558345883875,438086779785,Автотовары,sangsin brake колодки тормозные sp4465,тормозные колодки sangsin brake sp1684,1.0,0.01901523000697344,0.9210526315789473,0.0,1.0,0.0,0.0,1.0,0.0,0.0,1.0,0.0,0.0
240518250441,721554642502,Аптека,готовые очки восток 2027 фиолетовые -1.50,готовые очки для зрения с диоптриями -1.5,1.0,0.01924862010789315,0.5609756097560975,0.0,1.0,0.0,1.0,0.0,0.0,0.0,0.0,1.0,0.0
395137054256,601295550450,Аптека,"контактные линзы alcon precision1 for astigmatism, 30 линз, sph -1,25 cyl -1,75 axis 80","alcon астигматические линзы precision1 toric_10_-1.75_бесцветный, 30 шт., -1.25 / 8.5/-1.75/10, 1 день",1.0,0.019376819711016135,0.5079365079365079,0.2222222222222222,1.0,0.0,0.0,1.0,0.0,0.0,0.0,0.0,0.0
498216271910,60129692874,Аптека,"acuvue астигматические линзы oasys for astigmatism with hydraclear plus, 6 шт., -6.50 / 8.6/-2.25/140, 2 недели","контактные линзы acuvue oasys for astigmatism with hydraclear plus, 6 шт., r 8,6, d -6,5, cyl: -2,25, aх: 140",1.0,0.019759267297136156,0.7325581395348837,0.2222222222222222,1.0,1.0,1.0,0.0,1.0,0.0,0.0,0.0,0.0
231928365574,197568529467,Обувь,converse / кеды,кеды converse,1.0,0.020200835785221985,1.0,0.0,0.0,0.0,0.0,0.0,0.0,0.0,0.0,1.0,0.0
515396087141,292057835225,Электроника,мужская поясная сумка-борсетка-чехол mypads borsello для blackview bv6000s с несколькими отделениями на молнии и двумя большими вместительными карманами из натуральной кожи,чехол mypads для vivo iqoo neo черный (184865),1.0,0.02077718891011083,0.3571428571428571,0.0,1.0,0.0,0.0,1.0,0.0,0.0,1.0,1.0,0.0
111669179794,25769913437,Аптека,librederm либридерм (librederm) мицеллярная вода для снятия макияжа miceclean 200 мл 1 шт,"либридерм miceclean, мицеллярная вода для снятия макияжа, 400 мл",1.0,0.021054375155909768,0.7973856209150327,0.0,1.0,0.0,1.0,0.0,1.0,0.0,0.0,0.0,0.0
429496843554,687194905323,Электроника,чехол mypads для motorola moto g9 plus розовый (155397),чехол-клатч/портмоне/сумочка/кошелек mypads forever young для zte kis2 max вертикальный модный прошитый элегантной прострочкой с отделениями для банковских карт и банкнот розовый женский,1.0,0.021258338331719032,0.4931506849315068,0.0,1.0,0.0,0.0,1.0,0.0,0.0,1.0,1.0,0.0
137439014669,377957170128,Обувь,сказка / ботинки,ботинки сказка,1.0,0.02201886785388603,1.0,0.0,0.0,0.0,0.0,0.0,0.0,0.0,0.0,1.0,0.0
68719627462,738734477329,Одежда,шорты гимнастические,велосипедки grace dance,1.0,0.02235386011764309,0.23255813953488372,0.0,0.0,0.0,0.0,0.0,0.0,0.0,0.0,1.0,0.0
77309513692,146029037129,Строительство и ремонт,"труба круглая нержавеющая aisi 304 диаметр 18 мм. стенка 1,5 мм. длина 1800 мм. ( 180 см ) трубка зеркальная электросварная аиси нержа","стан труба круглая нержавеющая aisi 304 диаметр 18 мм. стенка 1,5 мм. длина 1500 мм. ( 150 см ) трубка зеркальная электросварная аиси нержа",1.0,0.02239165025792464,0.9649805447470817,0.42857142857142855,1.0,1.0,1.0,0.0,0.0,0.0,0.0,1.0,0.0
17179914846,60129689453,Аптека,"coloplast alterna extra light / альтерна экстра лайт - конвексная пластина, фланец 60 мм (5 шт.)","пластины конвексные, выпуклые фланец 60 мм 5 шт coloplast alterna колопласт альтерна convex extra (light) с креплениями для пояса, вырезаемое отверстие под стому 15-43 мм 177410",1.0,0.022498663437504503,0.6382978723404256,0.4,1.0,1.0,1.0,0.0,0.0,0.0,0.0,0.0,0.0
249108201388,94489421015,Аптека,"контактные линзы coopervision myday daily disposable toric, 30 шт., r 8,6, d -4,25, cyl: -0,75, aх: 170","coopervision астигматические линзы, 30 шт. , -4.25, 8.6, -0.75, 100, 1 день ",1.0,0.023079655201572787,0.550561797752809,0.1,1.0,1.0,1.0,0.0,1.0,0.0,0.0,0.0,0.0
764504205504,790274119109,Электроника,системный блок bonuspk 3724899,"bonuspk системный блок мощный компьютер для игр bonuspk o3724623 (intel core i7-10700f (2.9 ггц), ram 16 гб, ssd 500 гб, nvidia geforce rtx 3080 (10 гб), windows 10 pro), черный",1.0,0.023761549038421113,0.8461538461538461,0.0,1.0,1.0,1.0,1.0,0.0,1.0,0.0,1.0,0.0
335007514587,188978600849,Обувь,кроссовки adidas,moshnaiafantazia / yeezy boost 350,1.0,0.024132675759976154,0.16,0.0,0.0,0.0,0.0,0.0,0.0,0.0,0.0,1.0,0.0
197568555186,712964625370,Хобби и творчество,"бисер стекло 12,0 ""кукольный розовый"" 15 гр","бисер стекло 12/0 ""кукольный розовый"" 15 гр",1.0,0.02443683801505652,0.9767441860465117,0.25,1.0,1.0,1.0,0.0,0.0,0.0,0.0,0.0,0.0
257698176135,489626417799,Аптека,melorsh компьютерные очки с футляром-змейка melorsch мод. sg2204 цвет 1 с линзами romeo 1.56 blue block -2.00 рц 64-66,компьютерные очки с футляром-змейка melorsch мод. sg2212 цвет 1 с линзами romeo 1.56 blue block -2.00 рц 64-66,1.0,0.024971036638874393,0.9665071770334929,0.7142857142857143,1.0,0.0,0.0,0.0,0.0,0.0,0.0,0.0,1.0
292057806324,489626312855,Обувь,шлепанцы tommy hilfiger,tommy hilfiger / шлепанцы,1.0,0.025135262787798807,1.0,0.0,0.0,0.0,0.0,0.0,0.0,0.0,0.0,0.0,1.0
678604930296,807453898271,Одежда,"kaftan пижама kaftan, размер 46, голубой",домашний комплект,1.0,0.02524907878489358,0.2105263157894737,0.0,0.0,0.0,0.0,0.0,0.0,0.0,0.0,1.0,0.0
128849121853,377957253933,Аптека,swiss / анальный лубрикант swiss premium anal lubricant - 29,"анальный премиум гель на силиконовой основе с расслабляющим эффектом premium anal lubricant (29,5 мл), swissnavy-00479",1.0,0.025325328699302624,0.7294117647058823,0.0,1.0,0.0,1.0,0.0,0.0,0.0,0.0,0.0,0.0
498216323173,146028966759,Обувь,босоножки simamy collection,simamy collection / босоножки,1.0,0.025406938587218226,1.0,0.0,0.0,0.0,0.0,0.0,0.0,0.0,0.0,1.0,0.0
747324462032,695784741742,Аптека,женский стимулятор-лубрикант pjur myglide - 30 мл.,"разогревающий лубрикант для женщин на водной основе pjur myglide (100 мл), pjur-10560",1.0,0.025546370534598857,0.45925925925925926,0.0,1.0,0.0,1.0,0.0,0.0,0.0,0.0,0.0,0.0
317827613632,687194905323,Электроника,чехол mypads для oneplus 9 розовый (167502),чехол-клатч/портмоне/сумочка/кошелек mypads forever young для zte kis2 max вертикальный модный прошитый элегантной прострочкой с отделениями для банковских карт и банкнот розовый женский,1.0,0.02654182534658133,0.5901639344262295,0.0,1.0,0.0,0.0,1.0,0.0,0.0,1.0,1.0,0.0
94489355580,635655309465,Одежда,huppa / парки,парка huppa,1.0,0.026552118550870366,0.8333333333333333,0.0,0.0,0.0,0.0,0.0,0.0,0.0,0.0,1.0,0.0
111669187139,429496822753,Аптека,"wrp перчатки смотровые dermagrip нитриловые, 100 пар, повышенная чувствительность, s, ""ultra"" d1101-27","dermagrip перчатки медицинские, 200, s, нитрил, сиреневый",1.0,0.02675935703437991,0.5384615384615384,0.0,1.0,0.0,0.0,0.0,0.0,0.0,0.0,0.0,0.0
678604890571,8589978626,Электроника,чехол mypads servitori для nomi i451 twist,вертикальный чехол-кобура mypads servitori для huawei honor 7 enhanced edition с узорчатой прострочкой из импортной эко-кожи с металлической кнопкой-застежкой с креплением на пояс на карабин черный,1.0,0.026908298810312356,0.6451612903225806,0.0,1.0,0.0,0.0,0.0,1.0,0.0,0.0,0.0,0.0
833223690612,781684131687,Галантерея и аксессуары,jacquemus сумка на плечо,jacquemus / сумка jacquemus,1.0,0.027095118051691607,0.9375,0.0,0.0,0.0,0.0,0.0,0.0,0.0,0.0,1.0,0.0
455266587675,523986047935,Обувь,ботинки ralf ringer,ralf ringer / ботинки,1.0,0.027343532170218333,1.0,0.0,0.0,0.0,0.0,0.0,0.0,0.0,0.0,1.0,0.0
695784827870,755914353855,Строительство и ремонт,"набор сверл по металлу, 1-10 мм (через 0.5 мм), hss, 19 шт, металлическая коробка, цилиндрический хвостовик matrix","набор сверл по металлу, 1-10 мм, через 0, 5 мм, hss, 19 шт. метал. коробка цил. хвостовик matrix 72388",1.0,0.027344667934738474,0.7830188679245284,0.42857142857142855,1.0,1.0,0.0,0.0,0.0,0.0,0.0,0.0,0.0
575525713940,377957220276,Одежда,купальник слитный aquarilla,aquarilla / слитный купальник,1.0,0.027505328343169544,1.0,0.0,0.0,0.0,0.0,0.0,0.0,0.0,0.0,1.0,0.0
214748392266,214748491175,Ювелирные изделия,"совок для сахара ""antique"" sokolov 2501020012",jewelry сувенир ювелирный серебро другое,1.0,0.027833970787643374,0.23529411764705885,0.0,0.0,0.0,0.0,0.0,0.0,0.0,0.0,0.0,0.0
309237707224,592705595089,Аптека,"контактные линзы acuvue oasys for astigmatism with hydraclear plus 6 линз +1,50/-0,75/80","acuvue астигматические линзы, 6 шт. , 8.6",1.0,0.028398356774068653,0.3565891472868218,0.2,1.0,0.0,0.0,1.0,0.0,0.0,0.0,0.0,0.0
240518278744,171798852267,Аптека,"coopervision контактные линзы biofinity_прозрачный, 3 шт. , -2.25, 8.6, 1 месяц ","biofinity coopervision / biofinity /-02.25 / 8,6 / 3 шт",1.0,0.028698291351784953,0.6166666666666667,0.16666666666666666,1.0,1.0,1.0,0.0,0.0,0.0,0.0,1.0,0.0
549755877410,755914252835,Музыкальные инструменты,трость для бас-кларнета rigotti gold classic rg.ccb-2.5,трость для саксофона-альт rigotti gold classic rg. csa-4,1.0,0.028995656405280564,0.7387387387387387,0.0,1.0,0.0,0.0,0.0,0.0,0.0,0.0,0.0,0.0
171798842678,188978665935,Музыкальные инструменты,mackie / profx6v3 аналоговый микшер,4-канальный микшер с процессором эффектов,1.0,0.029375739059934357,0.368421052631579,0.0,1.0,0.0,0.0,0.0,0.0,0.0,0.0,0.0,0.0
833223707419,395137104785,Обувь,karabey / шлепанцы,шлепанцы karabey,1.0,0.029895421524227226,1.0,0.0,0.0,0.0,0.0,0.0,0.0,0.0,0.0,1.0,0.0
807453955967,721554656331,Строительство и ремонт,подвесная люстра wertmark marta we528.02.713,подвесная люстра wertmark we528.01.713,1.0,0.02995218398532438,0.9024390243902439,0.3333333333333333,1.0,0.0,0.0,0.0,0.0,0.0,0.0,0.0,1.0
85899457403,151200,Строительство и ремонт,"teymi комплект teymi: раковина ellie 60 + смеситель potato высокий, сатин f06969","комплект teymi: раковина ellie 60 + смеситель potato высокий, сатин f07149",1.0,0.030053484380900553,0.950354609929078,0.3333333333333333,1.0,0.0,0.0,1.0,0.0,0.0,0.0,0.0,1.0
566935711799,352187405635,Обувь,туфли makfly,кеды makfly,1.0,0.030146718326968334,0.7058823529411765,0.0,0.0,0.0,0.0,0.0,0.0,0.0,0.0,1.0,0.0
644245155577,472446512681,Аптека,"тонометр на плечо, автоматический , электронный тонометр, blood presure monitor x180","4yourlife / тонометр автоматический, электронный для измерения давления",1.0,0.03119379744870345,0.6322580645161291,0.0,1.0,0.0,1.0,0.0,0.0,0.0,0.0,0.0,0.0
326417588473,472446512681,Аптека,"тонометр на плечо, автоматический , электронный тонометр, blood presure monitor x180","4yourlife / тонометр автоматический, электронный для измерения давления",1.0,0.03119379744870345,0.6322580645161291,0.0,1.0,0.0,1.0,0.0,0.0,0.0,0.0,0.0,0.0
652835060806,472446512681,Аптека,"тонометр на плечо, автоматический , электронный тонометр, blood presure monitor x180","4yourlife / тонометр автоматический, электронный для измерения давления",1.0,0.03119379744870345,0.6322580645161291,0.0,1.0,0.0,1.0,0.0,0.0,0.0,0.0,0.0,0.0
180388656450,592705620182,Музыкальные инструменты,мундштук для тенор саксофона yanagisawa №7 эбонитовый,мундштук для баритон саксофона №9 эбонитовый,1.0,0.031551936249455945,0.8571428571428571,0.0,1.0,0.0,0.0,0.0,0.0,0.0,0.0,0.0,0.0
120259146391,214748428176,Одежда,кигуруми funfur,кигуруми,1.0,0.031835251954300696,1.0,0.0,0.0,0.0,0.0,0.0,0.0,0.0,0.0,0.0,1.0
790274098118,506806241825,Одежда,футболка luneva,футболка,1.0,0.031835251954300696,1.0,0.0,0.0,0.0,0.0,0.0,0.0,0.0,0.0,0.0,1.0
549755934169,515396154571,Обувь,кроссовки ecotex,кроссовки ecotex star,1.0,0.03189481072257159,1.0,0.0,0.0,0.0,0.0,0.0,0.0,0.0,0.0,1.0,0.0
429496819619,412316914202,Обувь,vans / кеды,кеды vans,1.0,0.03233230655871174,1.0,0.0,0.0,0.0,0.0,0.0,0.0,0.0,0.0,0.0,1.0
231928349948,498216307932,Аптека,"контактные линзы acuvue oasys max 1-day 30 линз, r 9.0 sph +2.25, однодневные, прозрачные","контактные линзы acuvue oasys max 1-day 30 линз, r 9,0 sph +2,25",1.0,0.03256124759045173,0.9152542372881356,0.3333333333333333,1.0,0.0,0.0,1.0,0.0,0.0,0.0,0.0,0.0
695784808015,231928398432,Аптека,"тонометр little doctor ld-23а, автоматический, большая манжета 25-36 см, 4хаа, с адаптером",little doctor / тонометр ld23 а автомат на плечо-1шт.,1.0,0.03258231783351575,0.6153846153846154,0.2,1.0,0.0,1.0,0.0,0.0,0.0,0.0,0.0,0.0
738734428778,790274031683,Одежда,"натали комплект натали, размер 58, зеленый",костюм классический davod jvan,1.0,0.03284217605798677,0.27777777777777773,0.0,0.0,0.0,0.0,0.0,0.0,0.0,0.0,0.0,1.0
68719602707,764504244290,Одежда,шапка hip hop,"без бренда бейсболка , размер 52-56, синий, красный",1.0,0.032852068854562204,0.15625,0.0,0.0,0.0,0.0,0.0,0.0,0.0,0.0,0.0,1.0
455266585673,463856488908,Музыкальные инструменты,yerasov / ls-2 loop selector педаль эффектов,yerasov ls-1 loop selector педаль эффектов,1.0,0.03319749927122258,0.9534883720930233,0.0,1.0,0.0,0.0,0.0,0.0,0.0,0.0,0.0,0.0
335007564187,110949,Музыкальные инструменты,dr / струны для бас-гитары dr neon hidef yellow nyb5-45 45-125,"комплект струн для 7-струнной электрогитары, никелированные, с покр., 10-56, neon yellow dr nye7-10",1.0,0.033282508940730975,0.46835443037974683,0.0,1.0,0.0,0.0,0.0,0.0,0.0,0.0,0.0,0.0
111669198358,163208817708,Электроника,картридж оригинальный kyocera tk-6305 black для принтера kyocera taskalfa 5500i; taskalfa 3501i,картридж оригинальный kyocera tk-6305 black для принтера kyocera taskalfa 3500i; taskalfa 4500i,1.0,0.03330892835670356,0.9615384615384616,0.2,1.0,0.0,0.0,1.0,0.0,0.0,0.0,0.0,1.0
68719500360,25769957508,Обувь,сапоги nerpa,kaury / сноубутсы женские резиновые утепленные до -40 ºс,1.0,0.033749426434881394,0.14705882352941174,0.0,0.0,0.0,0.0,0.0,0.0,0.0,0.0,0.0,1.0
463856554124,687194810597,Галантерея и аксессуары,queen fair / браслет женский,браслет queen fair,1.0,0.03376029814870456,1.0,0.0,0.0,0.0,0.0,0.0,0.0,0.0,0.0,0.0,0.0
755914273303,584115575015,Одежда,форма футбольная sport football,"не определен костюм , размер s, красный",1.0,0.0341401120582604,0.3142857142857143,0.0,0.0,0.0,1.0,0.0,0.0,0.0,0.0,1.0,0.0
214748412871,60129640867,Аптека,benovy / перчатки нитриловые одноразовые 200 шт 100 пар,"benovy перчатки медицинские, 1, m, нитрил, голубой",1.0,0.03431870841539536,0.5142857142857143,0.0,1.0,0.0,1.0,0.0,0.0,0.0,0.0,1.0,0.0
747324360167,25769865272,Аптека,"контактные линзы acuvue oasys for astigmatism with hydraclear plus 6 линз -0,50/-1,25/30","acuvue oasys with hydraclear plus for astigmatism (6 линз) bc 8,6 sph -0.50 cyl -2,25 axis 30",1.0,0.03435421847575377,0.7624309392265194,0.2857142857142857,1.0,0.0,0.0,1.0,0.0,0.0,0.0,0.0,0.0
455266640128,472446423376,Строительство и ремонт,"верстакофф стол производственный, верстак четырехтумбовый mechanic м20.6ппс1пс22 универсальный в гараж, в мастерскую,870х2000х700","стол производственный, верстак четырехтумбовый mechanic м20 №986 универсальный в гараж, в мастерскую,870х2000х700",1.0,0.0344618395789582,0.9577464788732394,0.375,1.0,1.0,1.0,0.0,0.0,0.0,0.0,0.0,0.0
627065377939,549755853298,Мебель,"стол барный ruby ted 100х40 (массив лиственницы, черный)/ loft, основание металл 40х20 ручной работы.","walmi стол барный ruby ted 105х40 (массив лиственницы, черный)/ loft, основание металл 40х20 ручной работы.",1.0,0.03464763105440228,0.9641025641025641,0.5,1.0,0.0,0.0,0.0,0.0,0.0,0.0,1.0,0.0
111669272665,481036479028,Электроника,servicefull / картридж mlt-d119s для принтера samsung,"картридж nv-print mlt-d119s mlt-d119s для samsung ml-1610, ml-1615, ml-1620, ml-1625, ml-2010, ml-2015, ml-2020, ml-2510, ml-2570, ml-2571, scx-4321, scx-4521 2000стр черный",1.0,0.03467667160594873,0.7228915662650602,0.07142857142857142,1.0,0.0,1.0,0.0,0.0,0.0,0.0,0.0,0.0
781684089270,807453923625,Ювелирные изделия,"кулон ""спираль фибоначчи"" позолота серебро 925. подарок для всех",drvorobev / ювелирная подвеска,1.0,0.03472969482280557,0.2553191489361703,0.0,0.0,0.0,0.0,0.0,0.0,0.0,0.0,0.0,1.0
652835144085,807453872224,Одежда,"softline слипы 4467 softline, xl, черный/белый",эротическое белье,1.0,0.0354198550556854,0.15873015873015872,0.0,0.0,0.0,0.0,0.0,1.0,0.0,0.0,0.0,0.0
352187388839,94489417214,Строительство и ремонт,"сибртех / сверло по дереву перовое, 25мм сибртех (70375)","сверло по дереву перовое, 22 мм сибртех 70372",1.0,0.03545934345576245,0.8817204301075269,0.0,1.0,0.0,1.0,0.0,0.0,0.0,0.0,0.0,0.0
498216241931,180388700758,Одежда,"karmelstyle куртка karmelstyle, размер 52, черный",пальто кармельстиль,1.0,0.03550534052612087,0.17647058823529405,0.0,0.0,1.0,1.0,0.0,0.0,0.0,0.0,1.0,0.0
755914320753,412316929761,Одежда,"stylefrox / кепка детская, щенячий патруль, р-р 52-56",бейсболка,1.0,0.03567607973369487,0.12903225806451615,0.0,0.0,0.0,0.0,0.0,0.0,0.0,0.0,1.0,0.0
695784784292,309237742659,Мебель,столешница для кухни скиф 2600х600x38мм с кромкой. цвет - сахара белая,столешница для кухни размер 2300х600x38мм с кромкой. цвет - сахара белая,1.0,0.036001325399093856,0.9154929577464789,0.5,1.0,1.0,1.0,0.0,0.0,0.0,0.0,1.0,0.0
678604979070,687194896179,Музыкальные инструменты,"акустическая гитара, с чехлом, матовая, parkwood pw-410-ns","sire a4 (ds) nt электроакустическая гитара, цвет натуральный",1.0,0.03620407345372799,0.44067796610169496,0.0,1.0,0.0,0.0,0.0,0.0,0.0,0.0,0.0,1.0
403726957111,833223785706,Ювелирные изделия,подвеска мусульманская луна и звезда с бриллиантом на подарок серебра 925 пробы,"sokolov подвеска sokolov, серебро, 925 проба, родирование, бриллиант",1.0,0.03650565458559491,0.5034013605442177,1.0,0.0,0.0,0.0,0.0,0.0,0.0,0.0,0.0,0.0
764504356705,541165968002,Обувь,кеды maison david paris,кеды мужские tendance tm2820-6 черные 43 eu,1.0,0.036525904739111006,0.303030303030303,0.0,0.0,0.0,0.0,0.0,1.0,0.0,0.0,0.0,1.0
34359800801,463856496307,Ювелирные изделия,valtera моносерьга серебро родированное 925 пробы,"valtera серьги каффы valtera, серебро, 925 проба, серебряный",1.0,0.0365644447324942,0.5321100917431193,1.0,0.0,0.0,0.0,0.0,0.0,1.0,0.0,0.0,0.0
472446492365,635655292002,Одежда,носки,/ набор женских носков kaftan,1.0,0.036963952465056446,0.23529411764705885,0.0,0.0,0.0,0.0,0.0,0.0,0.0,0.0,0.0,0.0
721554600342,704374697800,Обувь,кроссовки унисекс nike zoom mercurial vapor 15 academy turf low-top football серые 8 us,сороконожки для футбола nike,1.0,0.03716549827551829,0.25,0.0,0.0,0.0,0.0,1.0,0.0,0.0,0.0,0.0,1.0
523986042335,506806272776,Одежда,кроп-топ super,01-elza / топы,1.0,0.03833839199548808,0.3571428571428571,0.0,0.0,0.0,0.0,0.0,0.0,0.0,0.0,0.0,0.0
833223780934,446676657109,Обувь,бутсы,atemi / бутсы,1.0,0.03837771942702799,1.0,0.0,0.0,0.0,0.0,0.0,0.0,0.0,0.0,0.0,1.0
180388786553,60129620739,Обувь,"не определен тапочки, размер 43-44, бежевый",тапочки camwool,1.0,0.03837937141097566,0.2758620689655173,0.0,0.0,0.0,0.0,1.0,0.0,0.0,0.0,1.0,0.0
377957240319,283467891972,Электроника,для acer a315-42-r9rd aspire зарядное устройство блок питания ноутбука (зарядка адаптер + кабель\шнур),для acer a315-21-68x1 aspire зарядное устройство блок питания ноутбука (зарядка адаптер + кабель/шнур),1.0,0.0391430348407395,0.9411764705882354,0.16666666666666666,1.0,0.0,0.0,0.0,0.0,0.0,0.0,0.0,0.0
146028894898,532576046316,Одежда,westland / джинсы,джинсы westland,1.0,0.03944342298832788,1.0,0.0,0.0,1.0,0.0,0.0,0.0,0.0,0.0,1.0,0.0
429496741371,463856480101,Аптека,"контактные линзы acuvue oasys 1-day with hydraluxe for astigmatism, 30 шт., r 8,5, d -1,25, cyl: -0,75, aх: 140, 1 уп.","acuvue астигматические линзы oasys 1-day with hydraluxe for astigmatism 30 линз, 30 шт., -5.75 / 8.5/-1.25/140, 1 день",1.0,0.039947325030593436,0.721030042918455,0.3333333333333333,1.0,1.0,1.0,0.0,0.0,0.0,0.0,0.0,0.0
352187374768,635655204736,Музыкальные инструменты,"мозеръ ap-11 струны для акустической гитары, амер. фосфорная бронза, 80/20 (011-052)","струны для акустической гитары 6 шт, нейлон/посереберенная медь, мозеръ, 11-52, ac11",1.0,0.040009200196381906,0.6666666666666665,0.14285714285714285,1.0,0.0,0.0,1.0,0.0,0.0,0.0,0.0,0.0
463856607541,429496861451,Автотовары,сайлентблок,jikiu сайлентблок,1.0,0.040166046090251754,1.0,0.0,0.0,0.0,0.0,0.0,0.0,0.0,0.0,0.0,0.0
498216339513,584115670836,Канцелярские товары,"кисть синтетика гамма, круглая №02",кисть гамма синтетика № 2 круглая,1.0,0.04070827153138524,0.9253731343283582,0.0,1.0,0.0,0.0,0.0,1.0,0.0,0.0,0.0,0.0
807453993965,498216297808,Галантерея и аксессуары,tropical / очки солнцезащитные мужские,очки солнцезащитные tropical,1.0,0.040886589370613624,1.0,0.0,0.0,0.0,0.0,0.0,0.0,0.0,0.0,1.0,0.0
77309416034,188978637877,Ювелирные изделия,azade / золотая цепь на шею 585.,"юверос цепочка золото желтое 585 пробы, плетение гарибальди",1.0,0.041156796553473964,0.39560439560439564,1.0,0.0,0.0,0.0,0.0,0.0,0.0,0.0,0.0,0.0
687194846429,188978640394,Музыкальные инструменты,"martinez fac - 504 - классическая гитара, цвет санбёрст",гитара классическая martin romas mr-m390 sb 4/4 с широким грифом металлическими струнами и матовой отделкой,1.0,0.04121022865317477,0.4375,0.0,1.0,0.0,0.0,0.0,0.0,0.0,0.0,1.0,0.0
609885378074,283467919549,Музыкальные инструменты,pirastro / струны для скрипки 1/4-1/8,струна c для виолончели pirastro piranito p635400,1.0,0.041373028226305675,0.5581395348837209,0.0,1.0,0.0,0.0,0.0,0.0,0.0,0.0,0.0,0.0
472446533657,712964702592,Автотовары,набор автохимии,"grass чистящее средство iron 500мл, шт",1.0,0.041541002488977824,0.15094339622641514,0.0,0.0,0.0,0.0,0.0,1.0,0.0,1.0,0.0,0.0
489626295464,601295576780,Бытовая техника,бердск электробритва 63361,бердск / электробритва 3366а,1.0,0.04160276050653206,0.8888888888888888,0.0,1.0,0.0,0.0,0.0,0.0,0.0,1.0,0.0,0.0
532575964141,111669238953,Музыкальные инструменты,"w81-12e-wbag-op электро-акустическая гитара 12-струнная с чехлом, parkwood",cort / af510e-op standard series электро-акустическая гитара,1.0,0.041630193321434715,0.6206896551724138,0.0,1.0,0.0,0.0,0.0,0.0,0.0,0.0,1.0,0.0
197568579480,223338329331,Мебель,"рестметалл стеллаж кухонный 1400*500*1900, 4 сплошные полки выполненные из нерж. стали марки aisi 430, толщина 0,8 мм; каркас разборный, уголок из стали aisi 430 (1,5мм) толщиной","стеллаж кухонный 1900*500*1700, 4 сплошные полки выполненные из нерж. стали марки aisi 430, толщина 0,8 мм; каркас разборный, уголок из стали aisi 430 (1,5мм) толщиной",1.0,0.04167410530326242,0.9526813880126183,0.75,1.0,1.0,1.0,0.0,0.0,0.0,0.0,0.0,0.0
343597529502,678604994798,Канцелярские товары,"bruno visconti ручка шариковая автоматическая brunovisconti, 0,7 мм, синяя, в коричневом футляре, palermo (коричневый металлический корпус), арт. 20-0250/021","ручка шариковая автоматическая brunovisconti palermo 0,7 мм, синяя, в коричневом футляре, зеленый металлический корпус",1.0,0.041735989736009386,0.8599033816425121,0.25,1.0,1.0,1.0,0.0,0.0,0.0,0.0,1.0,0.0
214748426007,34359771075,Ювелирные изделия,arlex кольцо серебряное оберег макошь,arlex / серебряное кольцо оберег макошь,1.0,0.04194326729638708,1.0,0.0,0.0,0.0,0.0,0.0,0.0,0.0,0.0,1.0,0.0
34359771075,197568615036,Ювелирные изделия,arlex / серебряное кольцо оберег макошь,arlex кольцо серебряное оберег макошь,1.0,0.04194326729638708,1.0,0.0,0.0,0.0,0.0,0.0,0.0,0.0,0.0,1.0,0.0
755914362311,549755935472,Обувь,a&g/sale / кроссовки,кроссовки albert&gloria,1.0,0.04204700092700803,0.6511627906976745,0.0,0.0,0.0,0.0,0.0,0.0,0.0,0.0,0.0,1.0
223338311930,51539659572,Автотовары,опора шаровая,ctr опора шаровая,1.0,0.04221527554737046,1.0,0.0,0.0,0.0,0.0,0.0,0.0,0.0,0.0,0.0,0.0
206158474656,816043860549,Одежда,футболка finn flare,finn flare / футболка,1.0,0.04224150959278105,1.0,0.0,0.0,0.0,0.0,0.0,0.0,0.0,0.0,1.0,0.0
463856569927,146028914032,Одежда,bluebells / платье,платье bluebells,1.0,0.042486587311637236,1.0,0.0,0.0,0.0,0.0,0.0,0.0,0.0,0.0,1.0,0.0
60129708627,764504206017,Аптека,"мед.смотров. перчатки латекс., н/с, н/о, s&c high risk tl210 (l) 25пар/уп","connect перчатки латексные «high risk», смотровые, нестерильные, размер l, 50 шт/уп (25 пар), цвет синий",1.0,0.042688870213277705,0.45197740112994356,0.3333333333333333,1.0,0.0,1.0,0.0,0.0,0.0,0.0,0.0,0.0
566935804824,317827610572,Строительство и ремонт,цилиндрический штифт 5x24 для газонокосилки al-ko (ал-ко) 51.7 sp highline (art. no. 119813) 03/2019 - 02/2020,не определен цилиндрический штифт 5x24 для газонокосилки al-ko highline 523 sp-a (art. no. 119481) [с 11/2013],1.0,0.043343597598691,0.7727272727272728,0.16666666666666666,1.0,0.0,0.0,0.0,0.0,0.0,0.0,0.0,0.0
730144531452,601295514628,Обувь,25degrees / сабо детские для мальчика аквасоки,сабо 25degrees,1.0,0.0434181991958361,1.0,1.0,0.0,0.0,0.0,0.0,0.0,0.0,0.0,0.0,1.0
584115557307,764504214288,Строительство и ремонт,полировальная машинка интерскол упм-180/1300эм,полировальная машина интерскол упм1801300эм,1.0,0.04353025239169388,0.9662921348314607,0.0,1.0,0.0,0.0,0.0,0.0,0.0,0.0,0.0,0.0
171798714778,395137011165,Одежда,"amor el / сексуальное боди с доступом и v-образным вор., l-xl, черный",эротическое белье non-stop,1.0,0.04389317527730375,0.27368421052631575,0.0,0.0,0.0,0.0,0.0,0.0,0.0,0.0,1.0,0.0
412316925436,17179979676,Обувь,шлепанцы fre gamo,karabey / шлепанцы,1.0,0.043940853047798115,0.64,0.0,0.0,0.0,0.0,0.0,0.0,0.0,0.0,0.0,0.0
60129566969,618475394622,Хобби и творчество,"алмазная мозаика на подрамнике ""святой приподобный сергий радонежский "", икона 17х23, диамант",000 almaznaja mozaica / набор для вышивания 12х16см,1.0,0.04419820634637639,0.25,0.0,1.0,0.0,0.0,0.0,0.0,0.0,0.0,0.0,0.0
60129681622,472446463176,Одежда,"костюм рабочий ""сириус-легионер"" куртка, п/к синий с серым (04396) 44-170 соп 50мм рабочий практичный/спецодежда/форма с полукомбинезоном/роба для мастера, прораба, строителя, водителя, рабочего",sirius plus / костюм,1.0,0.04420382595133749,0.4615384615384615,0.0,0.0,0.0,0.0,0.0,0.0,0.0,0.0,1.0,0.0
558345808119,360777293922,Электроника,"зарядное устройство для ноутбука asus rog g750js-ds71, 19.5v - 9,23a, 180 вт (штекер: 5.5-2.5мм) slim","не определен зарядное устройство для ноутбука asus rog gl752vw, 19v - 6.32a, 120 вт (штекер: 5.5-2.5мм) slim",1.0,0.0442729850050507,0.8325358851674642,0.18181818181818182,1.0,1.0,0.0,0.0,0.0,0.0,0.0,0.0,0.0
816043867240,566935811530,Аптека,ляпко / аппликатор ляпко мячик игольчатый шаг 4.0 мм (d 55мм),"аппликатор ляпко ""мячик игольчатый плюс"", шаг игл 4 мм, диаметр 55 мм",1.0,0.04428491947634113,0.7640449438202248,0.3333333333333333,1.0,1.0,1.0,0.0,0.0,0.0,0.0,0.0,0.0
730144522129,790274100843,Музыкальные инструменты,каподастр для акустической гитары dunlop 83cn trigger acoustic nickel,каподастр для классической гитары dunlop 88n,1.0,0.04436799797827373,0.7605633802816902,0.0,1.0,0.0,0.0,0.0,0.0,0.0,0.0,0.0,0.0
403727054375,300647793105,Электроника,картридж gp-cf283a (№83a) для принтеров hp laserjet pro m125/m125a/m125r/m125ra/m125rnw/m125nw/m126/m127/m127n/m127fw/m128/m201/m201dw/m201n/m225/m225dn/m225dw/m225rdn 1500 копий galaprint,galaprint / совместимый лазерный картридж galaprint cf283a (№83a),1.0,0.04469032265408175,0.625,0.2222222222222222,1.0,0.0,1.0,0.0,0.0,0.0,0.0,0.0,0.0
154618887985,558345797990,Одежда,calista / платье миди,платье calista,1.0,0.044803791687710655,1.0,0.0,0.0,0.0,1.0,0.0,0.0,0.0,0.0,1.0,0.0
274878049810,807453865591,Строительство и ремонт,"thire141822 вставка накидная 22 мм с посадочным размером 14x18 мм, thorvik",thorvik / thire141841 вставка накидная 41 мм с посадочным размером 14x18 мм,1.0,0.045051851888009704,0.904109589041096,0.3333333333333333,1.0,1.0,1.0,0.0,0.0,0.0,0.0,0.0,0.0
335007556669,28809,Спорт и отдых,прицел vector optics veyron 4-16x44 ffp,прицел vector optics veyron 6-24x44 ffp,1.0,0.045411268191121366,0.923076923076923,0.2,1.0,0.0,0.0,0.0,0.0,0.0,0.0,1.0,0.0
609885375852,300647768601,Мебель,шкаф вегас 1600 дуб крафт табачный/дуб крафт белый,"не определен шкаф вегас 1,6 метра дуб крафт табачный/дуб крафт белый",1.0,0.04549865378727829,0.9397590361445783,0.0,1.0,0.0,0.0,0.0,0.0,0.0,0.0,0.0,0.0
515396117889,790274006825,Электроника,чехол mypads piccola spalla для allview e3 living,чехол-сумка-мессенджер mypads piccola spalla для fly iq448 chic мужская маленькая плечевая из импортной кожи с креплением на пояс с отделениями на молнии с ремнем через плечо коричнево-черный,1.0,0.04581030485899415,0.6756756756756757,0.0,1.0,0.0,0.0,0.0,1.0,0.0,0.0,0.0,0.0
180388675515,592705562471,Одежда,"divamore майка divamore, размер 44-46, черный",топ,1.0,0.045921174197803394,0.0,0.0,0.0,0.0,0.0,0.0,0.0,0.0,0.0,0.0,1.0
670014935937,146028988414,Музыкальные инструменты,fabio / stratocaster электрогитара h-s-s st200 bk,flight est13 bk электрогитара,1.0,0.04594751442419709,0.7111111111111111,0.0,1.0,0.0,0.0,0.0,0.0,0.0,0.0,1.0,0.0
17179993043,584115685928,Обувь,кроссовки nike air force 1,"кроссовки nike air force 1 low, белый",1.0,0.04608504260783514,1.0,1.0,0.0,0.0,0.0,0.0,0.0,0.0,0.0,1.0,0.0
326417552426,160096,Одежда,fashion anastation / юбка с разрезом цветочный принт,юбка bulatov,1.0,0.04627733053488283,0.5,0.0,0.0,1.0,1.0,0.0,0.0,0.0,0.0,0.0,1.0
773094259749,223338324071,Бытовая техника,vaccum&pack / вакуумный упаковщик продуктов,вакуумный упаковщик вакуумный упаковщик,1.0,0.046399984676572,1.0,0.0,0.0,0.0,0.0,0.0,0.0,0.0,0.0,0.0,0.0
292057896152,592705561472,Одежда,sarkech / брюки джоггеры,комплект одежды zara,1.0,0.04660493177290478,0.36363636363636365,0.0,0.0,0.0,0.0,0.0,0.0,0.0,0.0,0.0,1.0
369367355834,429496795912,Аптека,acuvue / контактные линзы акувью trueye / труай 90 шт / 9.0 / -8.00,"acuvue контактные линзы 1-day trueye, 90 шт., -8.00 / 9/ 1 день",1.0,0.04681438207290054,0.7741935483870968,0.4,1.0,1.0,1.0,0.0,0.0,0.0,0.0,1.0,0.0
42949747735,146029017513,Галантерея и аксессуары,крошка я / подвеска музыкальная «пчелка на цветке»,"подвеска музыкальная ""пчелка на цветке"", крошка я",1.0,0.04683868287851087,0.9292929292929293,0.0,0.0,0.0,0.0,0.0,0.0,0.0,0.0,0.0,0.0
833223813000,498216328065,Одежда,без бренда чулки белые с черной полоской,"чулки, 30 den",1.0,0.046990664036239645,0.2641509433962264,0.0,0.0,0.0,0.0,0.0,0.0,0.0,0.0,1.0,0.0
120259237494,515396100082,Аптека,"пластырь бактерицидный master uni travel kit, 7.2 х 1.9 см, 20 шт, лейкопластырь на полимерной основе",master uni / лейкопластырь бактерицидный мастер юни kit 20 шт/1 уп,1.0,0.04711708532700043,0.766355140186916,0.25,1.0,1.0,1.0,0.0,0.0,0.0,0.0,0.0,0.0
850403588458,755914358079,Спорт и отдых,"воблер tsuyoki pastor 120sp 20гр 0,8-1,2м",воблер tsuyoki pastor 120sp 013s,1.0,0.047287423847259126,0.9152542372881356,0.2,1.0,1.0,1.0,0.0,0.0,0.0,0.0,1.0,0.0
790274006825,137439028580,Электроника,чехол-сумка-мессенджер mypads piccola spalla для fly iq448 chic мужская маленькая плечевая из импортной кожи с креплением на пояс с отделениями на молнии с ремнем через плечо коричнево-черный,"чехол mypads piccola spalla для lg g6 (h870ds) 5.7""",1.0,0.04763130969421306,0.6578947368421052,0.0,1.0,0.0,0.0,0.0,1.0,0.0,0.0,0.0,0.0
824633828418,180388674519,Строительство и ремонт,arte lamp подвесной светильник,arte lamp / светильник,1.0,0.047637273100857205,0.9523809523809524,0.0,0.0,0.0,0.0,0.0,0.0,0.0,0.0,0.0,0.0
51539664303,755914271825,Строительство и ремонт,lightstar подвесной светильник,lightstar / светильник,1.0,0.047637273100857205,0.9523809523809524,0.0,0.0,0.0,0.0,0.0,0.0,0.0,0.0,1.0,0.0
755914318705,94489355875,Музыкальные инструменты,"ладовая пластина из нейзильбера, ширина 2.5 мм, особо твердая, sintoms 12 штук в комплекте",лад для гитар sintoms 249119fr,1.0,0.04786735954545042,0.3783783783783784,0.0,1.0,0.0,0.0,1.0,0.0,0.0,0.0,0.0,0.0
498216243379,506806280975,Электроника,картридж лазерный g&g gg-tk895y желтый (6000стр.) для kyocera mita fs c8020/c8020mfp/c8025/c8025mfp/c8520/c8520mfp/c8525/c8525mfp,картридж лазерный g&g gg-tk8115y желтый (6000стр.) для kyocera mita ecosys m8124cidn/m8130cidn,1.0,0.04790486766709578,0.7466666666666667,0.1111111111111111,1.0,0.0,0.0,0.0,1.0,0.0,0.0,0.0,1.0
154618899754,566935778662,Ювелирные изделия,minimal!st / серьги протяжки из серебра 925,rich line серьги ювелирные серебро позолоченное 925 пробы,1.0,0.04840060699223315,0.54,1.0,0.0,0.0,0.0,0.0,0.0,0.0,0.0,0.0,1.0
335007543498,833223800390,Одежда,"mtforce аляска mtforce, размер 42, зеленый",пальто утепленное,1.0,0.04842683624074927,0.2711864406779661,0.0,0.0,1.0,1.0,0.0,0.0,0.0,0.0,1.0,0.0
231928273985,523986085482,Обувь,best.a / туфли школьные кожаные,туфли best.a,1.0,0.04872945888692611,1.0,0.0,0.0,0.0,0.0,0.0,0.0,0.0,0.0,0.0,1.0
335007556309,738734405509,Спорт и отдых,"бусина фидерная namazu soft beads круглая d-7 мм, цв. красный fluo, пвх (20 шт) n-sbf-03","бусина фидерная namazu soft beads круглая d-5 мм, цв. красный fluo, пвх (20 шт) n-sbf-01",1.0,0.04880951675651141,0.9772727272727273,0.2,1.0,1.0,1.0,0.0,0.0,0.0,0.0,0.0,1.0
850403636210,231928301130,Галантерея и аксессуары,обложка для автодокументов,/ обложка для автодокументов,1.0,0.048874870039052866,1.0,0.0,0.0,0.0,0.0,0.0,0.0,0.0,0.0,0.0,0.0
412317012375,240518274983,Автотовары,сайлентблок,masuma сайлентблок,1.0,0.04893903034863573,1.0,0.0,0.0,0.0,0.0,0.0,1.0,0.0,1.0,0.0,0.0
833223748442,231928365129,Электроника,чехол mypads con fibbia для lexand s4a2 irida,поясная чехол-сумка mypads con fibbia для maxcom ms551 из импортной эко-кожи вместительная с тремя отделениями с карабином и магнитной пряжкой-застежкой черно-синий цвет,1.0,0.04895564318097307,0.6363636363636364,0.0,1.0,0.0,0.0,0.0,0.0,0.0,0.0,0.0,0.0
798863956157,25769864091,Дом и сад,"сувенир полистоун ""семь серых филинов с синими крыльями"" н-р 7 шт 5,5,5, 6,3,6,5,7,5,8,9 см   512703","не определен sui сувенир полистоун ""семь серых филинов с синими крыльями"" н-р 7 шт 9,8;9;8,4;7,3;6,7;6;5,5 см",1.0,0.04901573053405993,0.8192771084337349,0.14285714285714285,1.0,1.0,1.0,0.0,0.0,0.0,0.0,0.0,0.0
798863964305,446676733802,Аптека,alcon / контактные линзы dailies aquacomfort plus 30 / 8.7 / -2.00,"alcon астигматические линзы dailies aquacomfort plus toric_160_-1.25, 30 шт., -2.00 / 8.8/-1.25/160, 1 день",1.0,0.04918548467088159,0.8623853211009174,0.2857142857142857,1.0,1.0,1.0,0.0,0.0,0.0,0.0,0.0,0.0
532575951476,575525745397,Одежда,полукомбинезон утепленный,"горнолыжные брюки женские colannia ad7601sr, серый 46",1.0,0.05028752171498301,0.25641025641025633,0.0,0.0,0.0,0.0,0.0,1.0,0.0,0.0,1.0,0.0
712964696464,541166024413,Автотовары,тормозной диск bosch 0986479542,"диск тормозной, зад, 0986479742 bosch",1.0,0.05041025997609648,0.8823529411764706,0.0,1.0,0.0,0.0,0.0,1.0,0.0,1.0,0.0,0.0
377957240978,609885498964,Аптека,"контактные линзы acuvue oasys 1-day with hydraluxe, 30 шт., r 8,5, d -5,25","acuvue контактные линзы 1-day oasys with hydraluxe_прозрачный, 30 шт., -5.25 / 8.5/ 1 день",1.0,0.050461550288688435,0.8292682926829268,0.3333333333333333,1.0,1.0,1.0,0.0,1.0,0.0,0.0,0.0,0.0
824633774140,120259196360,Музыкальные инструменты,"напольная подставка для гитары из дерева с гравировкой магия (волшебство, луна, солнце) - 295",подставка для гитары бруталити из дерева с гравировкой гитара - 226,1.0,0.050711883048566435,0.8141592920353982,0.0,1.0,0.0,0.0,1.0,0.0,0.0,0.0,0.0,0.0
523986109749,481036432388,Обувь,кроссовки hoka one one,hoka / кроссовки беговыеа,1.0,0.050713802202171476,0.875,0.0,0.0,0.0,0.0,0.0,0.0,0.0,0.0,0.0,1.0
566935719222,309237764515,Автотовары,sidem 49034 наконечник рулевой тяги l/r,наконечник рулевой тяги l sidem 67034,1.0,0.05074222592721245,0.9210526315789473,0.0,1.0,0.0,0.0,0.0,0.0,0.0,1.0,0.0,0.0
94489358240,635655227227,Музыкальные инструменты,ernie ball / струны для электрогитары 2723 (12-56),струны для электрогитары 2723 (09-42),1.0,0.05115523346294298,0.8787878787878788,0.2,1.0,0.0,0.0,0.0,0.0,0.0,0.0,0.0,1.0
816043905386,326417632454,Одежда,шорты для плавания,"onlytop плавки onlytop, размер 42, синий",1.0,0.051186455727823855,0.2758620689655173,0.0,0.0,0.0,0.0,0.0,0.0,0.0,0.0,1.0,0.0
25769966491,17179921588,Автотовары,"bosch диск тормозной, арт. 0986479251",тормозной диск bosch 0986479c25,1.0,0.051206902214208504,0.8823529411764706,0.0,1.0,0.0,1.0,1.0,0.0,0.0,1.0,0.0,0.0
687194936234,506806206512,Автотовары,"bosch диск тормозной, арт. 0986479214",тормозной диск bosch 0986479217,1.0,0.051206902214208504,0.8823529411764706,0.0,1.0,0.0,0.0,1.0,0.0,0.0,1.0,0.0,0.0
223338303208,274878056520,Дом и сад,"ароматический диффузор с палочками artellini ""delicious mango"", италия","ароматический диффузор с палочками artellini ""delicious mango"", италия",1.0,0.05123862201499017,1.0,0.0,0.0,0.0,0.0,0.0,0.0,0.0,0.0,0.0,0.0
481036467223,755914340679,Одежда,брюки эста,штанишки эста,1.0,0.05134970247911314,0.6086956521739131,0.0,0.0,0.0,0.0,0.0,0.0,0.0,0.0,1.0,0.0
678604837131,721554634456,Одежда,батик / карнавальный костюм солдатка,костюм карнавальный батик солдатка,1.0,0.05136584337931216,1.0,0.0,0.0,0.0,0.0,0.0,0.0,0.0,0.0,1.0,0.0
438086815753,790274115811,Электроника,"зарядное устройство anker powerport iii nano a2633 (usb-c), белый","сетевое зарядное устройство anker powerport iii nano 1xusb type-c, белый",1.0,0.05142650574299746,0.8695652173913043,0.0,1.0,0.0,0.0,1.0,0.0,0.0,1.0,1.0,0.0
180388670583,627065251656,Бытовая техника,"не определен решетка №2 для мясорубки philips hr2714, hr2721, hr2722, hr2723, hr2724, hr2725, hr2726","решетка №2 для bosch mfw 1501, mfw 1540, mfw 1545, mfw 1550, mfw 2500, mfw 2510, mfw 2514, mfw 2515",1.0,0.051523895686139694,0.4444444444444444,0.0625,1.0,0.0,0.0,1.0,0.0,0.0,0.0,0.0,0.0
274877985402,240518191876,Продукты питания,"кофе в зернах jardin colombia supremo (колумбия супремо) 1000 г, вакуумная упаковка","кофе в зернах jardin ""colombia supremo"" 1 кг, арабика 100%, 0605-8",1.0,0.05155933075418158,0.5906040268456375,0.0,1.0,1.0,0.0,1.0,0.0,0.0,0.0,0.0,0.0
377957220912,292057865819,Музыкальные инструменты,"ладовая пластина из нейзильбера, ширина 2,5мм, sintoms 249119f","ладовая проволока 26 см, нейзильбер, (ш 2.5 мм, в 1.2 мм), sintoms 249119f",1.0,0.052117630773818764,0.6911764705882354,0.2,1.0,1.0,1.0,0.0,0.0,0.0,0.0,0.0,0.0
618475373258,601295424352,Детские товары,h&e / машинка пластиковая 46 см 1:12 toyota land cruiser 200,"джип радиоуправляемый крузер, 1:14, работает от аккумулятора, цвет чёрный",1.0,0.05264343890232076,0.2706766917293233,0.2,1.0,0.0,0.0,0.0,0.0,0.0,0.0,0.0,0.0
670014983471,94489283066,Ювелирные изделия,sokolov / подвеска кулон из серебра 925 пробы с корундами,подвеска из серебра балерина,1.0,0.052803190668833516,0.8085106382978724,0.0,0.0,0.0,0.0,0.0,0.0,0.0,0.0,0.0,1.0
249108133715,515396210131,Строительство и ремонт,комплект 3 в 1 инсталляция enio tecnico + унитаз подвесной belbagno due + кнопка хром,"комплект: инсталляция enio tecnico + унитаз uno + кнопка хром, 550279",1.0,0.05290389160625062,0.7733333333333333,0.0,1.0,0.0,0.0,1.0,0.0,0.0,1.0,1.0,0.0
678604865154,601295516972,Обувь,"сапоги рыбацкие пвх/винитол nordman 15 (арт. пс 15 р, 5-238-g15), размер: (45 (292))",ботинки для рыбалки,1.0,0.052906973170642226,0.24,0.0,0.0,0.0,0.0,0.0,0.0,0.0,0.0,0.0,1.0
420906803236,180388630458,Музыкальные инструменты,чехол для классической гитары 3/4 flight fbg-5055,flight fbg-7055 чехол для 12-струнной акустической гитары,1.0,0.053229740528608474,0.7924528301886792,0.0,1.0,0.0,0.0,0.0,0.0,0.0,0.0,1.0,0.0
523986059060,17179872542,Ювелирные изделия,krastsvetmet / золотая цепочка бисмарк 585 пробы,"цепочка из золота 585 двойной бисмарк с алмазной гранью, подарок на новый год и рождество",1.0,0.05323837947053786,0.5671641791044776,1.0,0.0,0.0,0.0,0.0,0.0,0.0,0.0,0.0,1.0
240518194622,584115663022,Ювелирные изделия,гатамов кольцо золотое женское 585 пробы с фианитом,гатамов / помолвочное кольцо из золота 585 пробы с фианитом,1.0,0.05325907355520056,0.813953488372093,1.0,0.0,0.0,1.0,0.0,0.0,0.0,0.0,0.0,1.0
446676622034,730144576702,Одежда,форма баскетбольная insportx,"не определен форма , размер l , черный",1.0,0.053304142505395974,0.375,0.0,0.0,0.0,1.0,0.0,0.0,0.0,0.0,0.0,1.0
137439038006,695784725466,Хобби и творчество,"фигурный деревянный пазл ""зельеварение"" 8374","фигурный деревянный пазл ""зельеварение"", 1 шт.",1.0,0.053378892315915916,0.8888888888888888,0.0,1.0,0.0,1.0,0.0,0.0,0.0,0.0,0.0,0.0
352187357991,34359857635,Музыкальные инструменты,акустическая гитара fabio fb-d38s sapele,j.karlsson ma141c гитара акустическая с анкером,1.0,0.05348779638332617,0.6440677966101694,0.0,1.0,0.0,0.0,0.0,0.0,0.0,0.0,0.0,1.0
171798766804,171798729271,Дом и сад,/ термокружки,термокружка,1.0,0.05390709041426976,0.8333333333333333,0.0,0.0,0.0,0.0,0.0,0.0,0.0,0.0,0.0,0.0
128849056564,377957219231,Автотовары,azumi фильтр акпп арт. jt28457,azumi jt28475 фильтр акпп,1.0,0.05391586382969705,0.8727272727272728,0.0,1.0,0.0,0.0,1.0,0.0,0.0,1.0,0.0,0.0
618475378265,206158552756,Товары для животных,"tappi / когтеточка кейн из гофрированного картона, 22x60x20см","tappi когтеточка смик из гофрированного картона, 22x65x25см",1.0,0.05416950844706362,0.9,0.2,1.0,0.0,1.0,0.0,0.0,0.0,0.0,0.0,0.0
420906819226,627065231875,Одежда,"факел костюм рабочий дорожник сигнал-1, лимонный/черный, 44-46; 182-188","костюм сигнальный мужской дорожник сигнал-1 соп, куртка и брюки, для дорожных рабочих, одежда для строителей, мастера, водителя, автосервис, сантехника, слесаря, грузчика, кладовщика, курьера",1.0,0.054291161559509464,0.3565891472868218,0.2,1.0,1.0,1.0,0.0,0.0,0.0,0.0,0.0,1.0
403727039786,395137008216,Одежда,комплект одежды bossa nova,комплект bossa nova,1.0,0.05451475679814569,1.0,0.0,0.0,0.0,0.0,0.0,0.0,0.0,0.0,1.0,0.0
549755953085,154618933108,Мебель,"тумба bau dream blackwood 60 графит, 1 ящик, раковина овальная bau nimb 55х35, смеситель hotel stil, нерж. сталь, выпуск клик клак, белый",bauedge / комплект мебели 4 предмета (тумба раковина смеситель выпуск),1.0,0.05452313215275924,0.4433497536945813,0.0,1.0,0.0,0.0,0.0,0.0,1.0,0.0,0.0,1.0
618475395876,429496755963,Строительство и ремонт,"не определен кольцо круглого сечения 14,0 х 2,0-nbr 8 для мойки karcher hds 13/20-4 s (1.071-802.0)","кольцо круглого сечения 14,0 х 2,0-nbr 8 для мойки karcher (керхер) hds 12/18-4 s (1.071-621.0)",1.0,0.05461162275451208,0.8350515463917526,0.45454545454545453,1.0,0.0,0.0,0.0,0.0,0.0,0.0,0.0,0.0
730144503802,103079270313,Аптека,"coopervision мультифокальные линзы clariti 1-day multifocal_high (+3), 30 шт., -5.00 / 8.6/ 1 день","контактные линзы coopervision clariti 1 day multifocal, 30 шт., r 8,6, d -5, add: низкая, прозрачный",1.0,0.054613190233321236,0.6363636363636364,0.2857142857142857,1.0,1.0,1.0,0.0,0.0,0.0,0.0,1.0,0.0
498216341978,231928383703,Мебель,"bauedge тумба bau dream blackwood 50 с дверцей, раковина bau cerama mini 33х28 белая, смеситель hotel still, нерж. сталь","тумба bau dream blackwood 50 с дверцей, раковина bau cerama mini 33х28 белая, смеситель hotel black, черный",1.0,0.054658885541047836,0.9270833333333333,1.0,0.0,0.0,0.0,0.0,0.0,0.0,0.0,0.0,1.0
292057914443,472446498235,Обувь,кеды geox,кроссовки geox,1.0,0.05481171262608808,0.6153846153846154,0.0,0.0,0.0,0.0,0.0,0.0,0.0,0.0,1.0,0.0
343597392553,206158496391,Обувь,кроссовки geox,кеды geox,1.0,0.05481171262608808,0.6153846153846154,0.0,0.0,0.0,0.0,0.0,0.0,0.0,0.0,0.0,1.0
833223706423,841813655575,Электроника,"картридж для лазерного принтера print-rite 1809972 purple, совместимый",картридж лазерный print-rite tfxacxmprj pr-106r01571 106r01571 пурпурный (17200стр.) для xerox phaser 7800,1.0,0.054843330431965945,0.5113636363636364,0.0,1.0,0.0,0.0,1.0,0.0,0.0,0.0,0.0,1.0
652835117102,60129667040,Галантерея и аксессуары,наручные часы casio f-91ws-7,casio / часы наручные casio f-91ws-2d,1.0,0.05494308743976604,0.9152542372881356,0.3333333333333333,1.0,0.0,1.0,0.0,0.0,0.0,0.0,0.0,1.0
206158564875,292057851899,Ювелирные изделия,украсим ру кольцо серебро 925 пробы,"aquamarine кольцо aquamarine, серебро, 925 проба, серебряный",1.0,0.05507574772597583,0.5263157894736842,1.0,0.0,0.0,0.0,0.0,0.0,0.0,1.0,0.0,0.0
704374708798,506806176472,Строительство и ремонт,распорное монтажное кольцо 62х10 для мойки karcher (керхер) hds-e 3.3/25-4 m ef 24kw (1.030-903.0),не определен распорное монтажное кольцо 62х10 для мойки karcher hds 3.5/23-4 m eg (1.071-426.0),1.0,0.0552678495247206,0.766839378238342,0.25,1.0,1.0,0.0,0.0,0.0,0.0,0.0,0.0,0.0
188978655061,592705607237,Продукты питания,"смеси для окрашивания пищевых продуктов сухие ""красители в таблетках"" коралловая, жёлтая, голубая, салатовая, оранжевая, сиреневая, 1 шт","набор для окрашивания пищевых продуктов домашняя кухня красители в таблетках, 6 цветов",1.0,0.055472256988767864,0.5855855855855856,0.0,1.0,0.0,0.0,1.0,0.0,0.0,0.0,0.0,0.0
850403619320,51539669531,Обувь,ботильоны zenden,zenden / весенние ботильоны,1.0,0.05548776419014955,1.0,0.0,0.0,0.0,0.0,0.0,0.0,0.0,0.0,1.0,0.0
146028961231,824633758248,Аптека,"массажер аппликатор ляпко валик универсальный игольчатый шаг игл 3,5 для тела и лица","мпк ляпко аппликатор ляпко валик универсальный (шаг игл 3,5мм; диаметр 51мм; ширина 72мм)",1.0,0.0554945766794396,0.6706586826347305,0.3333333333333333,1.0,0.0,0.0,0.0,0.0,0.0,0.0,0.0,0.0
128849041352,42949755108,Автотовары,ctr тяга рулевая ctr cr0021,тяга рулевая ctr crcr9,1.0,0.05551520411418107,0.8444444444444444,0.0,1.0,0.0,0.0,1.0,0.0,1.0,0.0,0.0,0.0
283467889360,292057866013,Обувь,сапоги резиновые golden strap,резиновые сапоги nordman,1.0,0.05572004569278896,0.8,0.0,0.0,0.0,0.0,0.0,0.0,0.0,0.0,1.0,0.0
755914280545,549755855835,Обувь,туфли vitacci,vitacci / туфли женские на шпильке,1.0,0.055844994078059984,1.0,0.0,0.0,0.0,0.0,0.0,0.0,0.0,0.0,1.0,0.0
807453860695,635655263928,Строительство и ремонт,смеситель для биде webert elio el840102015,смеситель для биде webert elio el840102 (черный матовый),1.0,0.05589594594390048,0.8333333333333333,0.0,1.0,0.0,0.0,1.0,0.0,0.0,1.0,0.0,0.0
816043909474,558345895429,Музыкальные инструменты,струны для гитары dunlop dbfs40120 stainless steel flatwound,dunlop / струны для бас-гитары dunlop dbfs40100m flatwound 40-100,1.0,0.05600160074214862,0.728813559322034,0.0,1.0,0.0,0.0,0.0,0.0,0.0,0.0,0.0,0.0
42949774517,292057842197,Одежда,urban style / футболка с принтом хлопок,футболка urban style urban style,1.0,0.05601113538898992,1.0,0.0,0.0,1.0,1.0,0.0,0.0,0.0,0.0,0.0,1.0
755914251933,274877931020,Мебель,комплект teymi: тумба ritta 65 дуб эврика/графит матовый + раковина lina d41 f03368,teymi / тумба ritta 65 дуб эврика/графит матовый + раковина f03366,1.0,0.056155463271003056,0.8717948717948718,0.25,1.0,0.0,0.0,0.0,0.0,0.0,1.0,0.0,1.0
206158552301,163208880932,Ювелирные изделия,маршал / перстень,"перстень ""маршал"" из серебра с чёрным фианитом",1.0,0.05624432594384448,0.64,0.0,0.0,0.0,0.0,0.0,0.0,0.0,0.0,0.0,1.0
438086817846,712964645449,Дом и сад,"luazon lighting гирлянда «нить» 5 м с насадками «сосульки тающие», ip20, прозрачная нить, 20 led, свечение мульти (rg/rb), мигание, 220 в","luazon lighting электрогирлянда интерьерная нить светодиодная, 5 м, питание от сети 220в",1.0,0.05659218206391245,0.4622222222222222,0.6666666666666666,1.0,1.0,1.0,0.0,0.0,0.0,0.0,0.0,1.0
463856474464,77309545283,Ювелирные изделия,/ ювелирные серьги,jc серьги ювелирные серебро позолоченное 925 пробы,1.0,0.056692189982169225,0.9411764705882354,0.0,0.0,0.0,0.0,0.0,0.0,0.0,0.0,0.0,0.0
841813751621,223338384804,Одежда,платье kaftan,kaftan / платье летнее,1.0,0.056862032027929305,1.0,0.0,0.0,0.0,0.0,0.0,0.0,0.0,0.0,1.0,0.0
429496811088,635655241937,Обувь,evita / сапоги дутики шерстяные,дутики evita,1.0,0.056864684568682954,1.0,0.0,0.0,0.0,0.0,0.0,0.0,0.0,0.0,1.0,0.0
721554653971,541165922566,Ювелирные изделия,ажурные серьги из серебра,zlatberry / серьги ажурные,1.0,0.05691628638922515,0.717948717948718,0.0,0.0,0.0,0.0,0.0,0.0,0.0,0.0,1.0,0.0
541165913810,790274110001,Бытовая техника,мясорубка bosch mfw68660 ,bosch / мясорубка mfw68640,1.0,0.057075538722690215,0.92,0.0,1.0,0.0,0.0,0.0,1.0,0.0,1.0,1.0,0.0
386547184890,283467846554,Одежда,"vivamama viva mama топ до-послеродовый anna, цвет черный, размер 75-d",бюстгальтер,1.0,0.05710996225687654,0.125,0.0,0.0,0.0,0.0,0.0,0.0,0.0,0.0,1.0,0.0
163208899241,412316869281,Обувь,чешки sima-land,rusexpress / чешки,1.0,0.057248631002563756,0.5,0.0,0.0,0.0,0.0,0.0,0.0,0.0,0.0,1.0,0.0
300647785779,652835044415,Автотовары,/ подушка автомобильная для фольксваген т4 (volkswagen t-4),"avtolider1 оплетка на руль, диаметр 39 см, 1 шт. ",1.0,0.05728221053895924,0.3177570093457943,0.0,1.0,1.0,1.0,0.0,0.0,0.0,1.0,0.0,1.0
412316918330,644245178541,Галантерея и аксессуары,handinsilver ( посеребриручку ) браслет-четки из родонита 8мм. длина изделия 38см,"не определен браслет-нить handinsilver ( посеребриручку ) браслет-четки из родонита 8мм., родонит, 1 шт., размер 18 см, диаметр 8 см, розовый, черный",1.0,0.0572925624114284,0.826086956521739,0.25,1.0,1.0,1.0,0.0,0.0,0.0,1.0,0.0,1.0
266288112031,523986085270,Строительство и ремонт,valtec / соединитель пресс 16 vtm.203.n.001616,"соединитель пресс valtec vtm.203.n.002616, 26*16",1.0,0.057407680368873476,0.9148936170212767,0.4,1.0,1.0,1.0,0.0,0.0,0.0,0.0,1.0,0.0
395137001796,506806150762,Мебель,teymi комплект тумба под раковину helmi 85 серый камень/дуб и раковина solli 50 f01106,тумба с раковиной в ванную подвесная teymi helmi 85 серый камень/дуб + раковина aina 49 с полочкой f00176,1.0,0.05754265875518139,0.7195767195767196,0.2,1.0,0.0,0.0,0.0,0.0,0.0,0.0,0.0,1.0
412316957265,781684092129,Обувь,полуботинки ralf ringer,лоферы ralf ringer,1.0,0.057801030340071294,0.7586206896551724,0.0,0.0,0.0,0.0,0.0,0.0,0.0,0.0,1.0,0.0
747324435133,352187334085,Строительство и ремонт,novotech / спот 370737,"novotech спот, 18 вт",1.0,0.05780373749205235,0.7142857142857143,0.0,1.0,0.0,0.0,0.0,0.0,0.0,0.0,0.0,1.0
489626439463,377957275227,Обувь,"crony угги crony, размер 45, черный",угги apojee,1.0,0.05781609113232772,0.5333333333333333,0.0,0.0,0.0,0.0,0.0,0.0,0.0,0.0,1.0,0.0
438086770072,180388790683,Автотовары,"fenox колодки тормозные, арт. bp43048",тормозные колодки fenox bp43037,1.0,0.05782799653838065,0.8529411764705883,0.0,1.0,0.0,0.0,1.0,0.0,0.0,1.0,0.0,0.0
223338366242,249108167481,Мебель,"bauedge комплект: тумба bau dream blackwood графит 80, раковина круглая bau element d41, темно-серая, смеситель hotel black, черный матовый","комплект: тумба bau dream blackwood графит 80, раковина круглая bau element d41, темно-серая, смеситель hotel dream, черный выпуск клик клак черный",1.0,0.05783280520717038,0.9068825910931174,1.0,0.0,0.0,0.0,0.0,0.0,0.0,0.0,0.0,1.0
386547157052,137439014738,Продукты питания,"кофе растворимый жокей ""триумф"" 150 г, сублимированный, 1000-08-0",не определен кофе растворимый жокей триумф №2 ароматный и мягкий сублимированный,1.0,0.05788016740576415,0.6068965517241379,0.0,1.0,0.0,0.0,0.0,1.0,0.0,0.0,0.0,0.0
730144470064,395136992398,Ювелирные изделия,diamant серьги ювелирные золото желтое 585 пробы,diamant / женские серьги (сережки) из золота 585 пробы,1.0,0.05789741499292188,0.7058823529411765,1.0,0.0,0.0,0.0,0.0,0.0,0.0,0.0,0.0,0.0
51539731677,575525671893,Ювелирные изделия,серьги кольца / золото 585 / серьги конго из золота / золотые серьги / круглые золотые серьги,"diamant online серьги конго diamant online, золото, 585 проба",1.0,0.05806401150172949,0.5045045045045046,1.0,0.0,0.0,1.0,0.0,0.0,0.0,1.0,0.0,0.0
721554637617,489626384700,Строительство и ремонт,"ambrella light трековый светильник, 10 вт",ambrella light трековый светильник ambrella xt6322022,1.0,0.05811231810470708,0.8470588235294118,0.0,1.0,0.0,0.0,0.0,0.0,0.0,0.0,0.0,0.0
850403614492,163208824448,Галантерея и аксессуары,"обложка для паспорта, цвет серый","обложка для паспорта, цвет серый",1.0,0.05862722865079324,1.0,0.0,0.0,0.0,0.0,0.0,0.0,0.0,0.0,0.0,0.0
523986076750,592705591812,Мебель,"комплект мебели для ванной комнаты с раковиной wellsee genuine tree 201018801: столешница, раковина, смеситель, сифон, донный клапан, угловые вентили, аксессуары (цвет набора хром)","wellsee / комплект столешница с раковиной в ванную комнату, 201018806",1.0,0.058971449802836584,0.577319587628866,0.0,1.0,0.0,0.0,0.0,0.0,0.0,1.0,0.0,0.0
292057783590,661425001395,Аптека,vitumnus immuno комплекс для иммунитета порошок стики 10(2 г)/1уп,комплекс для иммунитета vitumnus immuno порошок стики 10 шт,1.0,0.05912841257264695,0.9464285714285714,0.3333333333333333,1.0,0.0,1.0,0.0,0.0,0.0,0.0,0.0,0.0
824633843814,592705514437,Аптека,"без бренда компьютерные очки с диоптрией для зрения, чтения с uv защитой +5.00/изготовление в мастерской","антибликовые очки с диоптрией для зрения, чтения с uv защитой +5.00/изготовление в мастерской",1.0,0.0592655308079534,0.923076923076923,1.0,0.0,0.0,0.0,0.0,0.0,0.0,0.0,0.0,0.0
103079359949,652835032298,Одежда,"крошка я костюм: джемпер и леггинсы крошка, я basic line, рост 62-68 см, розовый",комплект одежды дом,1.0,0.05949115037575774,0.22680412371134026,0.0,0.0,0.0,0.0,0.0,1.0,0.0,0.0,1.0,0.0
670014990799,283467861744,Музыкальные инструменты,струны для акустической гитары ernie ball 2013,"ernie ball струны ernie ball earthwood folk nylon classic 28-42, шарики на конце (2069)",1.0,0.05952289258956849,0.5396825396825397,0.0,1.0,0.0,0.0,0.0,0.0,0.0,0.0,0.0,0.0
730144551188,549755878437,Обувь,кроссовки asics,asics / кроссовки gel nyc,1.0,0.05961097625518858,1.0,0.0,0.0,0.0,1.0,0.0,0.0,0.0,0.0,0.0,1.0
549755909592,609885444406,Строительство и ремонт,"набор ключей комбинированных усиленных в сумке тундра, 6 - 22 мм, 12 шт.","тундра / набор ключей комбинированных усиленных в сумке тундра, 6 - 2",1.0,0.05981387531717698,0.9133858267716535,0.25,1.0,0.0,1.0,0.0,0.0,0.0,0.0,0.0,0.0
34359813347,695784792006,Дом и сад,"ardecoled электрогирлянда уличная бахрома светодиодная 240 ламп, 5.6 м, питание от сети 220в, 1 шт","arlight светодиодная гирлянда ard-edge-pro-5600x900-white-240led-milk-flash white (230v, 15w) (ardecoled, ip65)",1.0,0.05987098489572435,0.3923444976076555,0.1111111111111111,1.0,1.0,1.0,0.0,1.0,0.0,0.0,1.0,0.0
163208809113,17179982692,Галантерея и аксессуары,"брелок металл ""карабин с компасом"" 10,5х4х1 см","marina bay! / брелок металл ""карабин с компасом"" 10,5х",1.0,0.0598791431559449,0.85,0.3333333333333333,1.0,0.0,1.0,0.0,0.0,0.0,0.0,0.0,0.0
670014942497,601295582111,Аптека,moist multifocal / мультифокальные линзы 1-day acuvue moist multifocal 30 шт,"acuvue мультифокальные линзы 1 day moist multifocal_high (от +2), 30 шт., +2.00 / 8.4/ 1 день",1.0,0.060151241708235735,0.7959183673469389,0.4,1.0,1.0,1.0,0.0,0.0,0.0,0.0,0.0,0.0
369367249732,472446513506,Строительство и ремонт,трековый светильник lightstar rullo (214487+595857+203430) prorp487430,трековый светильник однофазный 220v lightstar rullo prorp487430,1.0,0.06016116720515308,0.8545454545454545,0.2,1.0,0.0,0.0,0.0,0.0,0.0,0.0,0.0,0.0
171798778282,317827617724,Автотовары,втулка,втулка,1.0,0.060198832542798106,1.0,0.0,0.0,0.0,0.0,0.0,0.0,0.0,1.0,0.0,0.0
223338372632,429496848248,Электроника,зарядное устройство для lenovo 81te блок питания зарядка адаптер для ноутбука,kfd зарядное устройство для lenovo yoga s740-15irh блок питания зарядка адаптер для ноутбука,1.0,0.06056533413642442,0.9645390070921985,0.0,1.0,0.0,0.0,0.0,0.0,0.0,0.0,0.0,0.0
455266567329,730144483702,Мебель,"сердце мира подвесное кресло садовое 72х98х186 см, подвесное кресло садовое . садовые качели, подвесное кресло/ садовые качели/ качели садовые/ кресло садовое подвесное/ качели гнездо/ качели подвесные/ подвесное кресло","nobrand подвесное кресло коричневое, эра ротанг 23071662 оранжевая подушка",1.0,0.06103619730272074,0.4215686274509804,0.0,1.0,0.0,0.0,0.0,1.0,0.0,1.0,0.0,1.0
25769809879,850403533401,Обувь,кроссовки nike air force 1,nike / кроссовки tiffany co x air force 1 low,1.0,0.061271101388464914,1.0,1.0,0.0,0.0,0.0,0.0,0.0,0.0,0.0,0.0,1.0
747324362351,51539733051,Строительство и ремонт,таль ручная шестеренная zitrek hs-z 3т 3м,zitrek / таль ручная шестеренная zitrek hs-z 2т 3м,1.0,0.06152402763079636,0.9620253164556962,0.5,1.0,1.0,0.0,0.0,0.0,0.0,0.0,0.0,0.0
137439055621,17179885840,Одежда,serge / трусы женские,"трусы serge, 1 шт",1.0,0.06177837607766235,0.6842105263157895,0.0,0.0,0.0,0.0,0.0,0.0,0.0,0.0,1.0,0.0
489626436928,42949799364,Ювелирные изделия,silver / колье серебряное женское с фианитом,колье серебряное женское с фианитом,1.0,0.06193368037895439,1.0,0.0,0.0,0.0,0.0,0.0,0.0,0.0,0.0,1.0,0.0
523986116621,489626398596,Обувь,угги maison david paris,maison / угги,1.0,0.062178557365723336,0.9166666666666667,0.0,0.0,0.0,0.0,0.0,0.0,0.0,0.0,1.0,0.0
42949820376,489626376913,Строительство и ремонт,"комплект: инсталляция esbano + унитаз evo + кнопка черная матовая, 507278",комплект 3 в 1 инсталляция esbano fram + унитаз подвесной vincea evo + кнопка черная матовая,1.0,0.06231005899999709,0.782608695652174,0.0,1.0,0.0,0.0,1.0,0.0,1.0,0.0,1.0,0.0
652835101775,335007486653,Галантерея и аксессуары,"q&q наручные часы q&q, белый",q&q часы наручные кварцевые,1.0,0.06262441420667554,0.7727272727272728,0.0,0.0,0.0,0.0,0.0,1.0,0.0,0.0,0.0,1.0
506806238552,498216313048,Обувь,кроссовки nike jordan skills (nike),nike / кроссовки jordan air 4 retro,1.0,0.06274136131631934,0.75,0.0,0.0,0.0,0.0,0.0,0.0,0.0,0.0,0.0,1.0
687194894817,549755896514,Галантерея и аксессуары,"не определен браслет-нить handinsilver ( посеребриручку ) браслет из глянцевого кораллового агата 10мм со шлемом, агат, 1 шт., размер 23 см, диаметр 10 см, коралловый",handinsilver ( посеребриручку ) браслет из глянцевого кораллового агата 8мм со шлемом,1.0,0.06280358395634171,0.9308176100628931,0.0,1.0,0.0,1.0,0.0,0.0,0.0,1.0,1.0,0.0
721554630663,644245112817,Музыкальные инструменты,"aquila / 94u струны для миниуке, сопрано gcea, на октаву выше",aquila 95u струны для миниуке,1.0,0.06297390709390369,0.7391304347826088,0.0,1.0,0.0,0.0,0.0,0.0,0.0,0.0,0.0,0.0
309237757607,223338311266,Ювелирные изделия,"master brilliant серьги master brilliant, белое, комбинированное, желтое золото, 585 проба, бриллиант",master brilliant серьги ювелирные золото красное 585 пробы,1.0,0.06313416508371734,0.6352941176470588,1.0,0.0,0.0,0.0,0.0,0.0,0.0,0.0,0.0,0.0
747324355826,438086750036,Обувь,emili cross / кроссовки,кроссовки nike,1.0,0.06328789255745754,0.782608695652174,0.0,0.0,0.0,0.0,0.0,0.0,0.0,0.0,0.0,1.0
214748469893,575525769554,Ювелирные изделия,"sokolov серьга sokolov, красное золото, 585 проба, родирование, фианит",jewelry моносерьга золото красное 585 пробы,1.0,0.06331382646031716,0.5309734513274337,1.0,0.0,0.0,0.0,0.0,0.0,0.0,1.0,0.0,0.0
627065282644,446676710357,Продукты питания,"кофе в зернах kimbo экстра крим средней обжарки 1000 г п/у, италия","kimbo / кофе kimbo extra creаm в зернах, 1кг",1.0,0.06345577160637463,0.48,0.0,1.0,1.0,1.0,0.0,0.0,0.0,0.0,0.0,0.0
274877973241,429496803863,Галантерея и аксессуары,skmei часы наручные,наручные часы мужские skmei 1251 черные,1.0,0.06363813798149093,1.0,0.0,0.0,0.0,0.0,1.0,0.0,0.0,0.0,1.0,0.0
120259226386,120259224844,Одежда,лиф купальный ava,"лиф lingerie мягкая чашка, размер 90e, белый",1.0,0.06365638505581937,0.3,0.0,0.0,0.0,0.0,0.0,0.0,0.0,0.0,1.0,0.0
618475388292,661424985380,Обувь,adidas / кроссовки адидас campus,кроссовки adidas campus 00s,1.0,0.06378294749402687,0.92,0.0,0.0,0.0,0.0,0.0,0.0,0.0,0.0,1.0,0.0
781684173146,463856584994,Спорт и отдых,"балансир marlin's 9116, 5 см, 9.7 г, цвет 107","marlin's / балансир marlin's 9114, 4.5 см, 7.0 г, цвет 107",1.0,0.06380306991761057,0.8936170212765957,0.14285714285714285,1.0,1.0,1.0,0.0,0.0,0.0,0.0,0.0,0.0
412316940662,206158492223,Одежда,комплект носков,"носки крошка я 2 пары, размер 10-12см, розовый, бирюзовый",1.0,0.06450798513117381,0.27777777777777773,0.0,0.0,0.0,0.0,0.0,0.0,0.0,0.0,1.0,0.0
60129550740,240518249109,Электроника,ivalga / веб-камера с микрофоном full hd 1080p,"web-камера ccwebcam2, черный",1.0,0.06453520534036049,0.32432432432432434,0.0,1.0,0.0,0.0,0.0,0.0,0.0,0.0,0.0,0.0
755914244784,343597465781,Обувь,аквашуз эмальто морская,эмальто / пляжные аквашузы коралки,1.0,0.06466319632778343,0.7017543859649124,0.0,0.0,0.0,0.0,0.0,0.0,0.0,0.0,0.0,1.0
824633732953,25769809800,Спорт и отдых,"фляга походная 1100 мл, тёмно-зелёная с чёрной крышкой, пластик, 13.5 х  8 см","не определен фляга походная ""аdventure"", 1100 мл, тёмно-зелёная, с чёрной крышкой, алюминий, 17 ? 9 см",1.0,0.06472330385621959,0.7333333333333333,0.2,1.0,1.0,1.0,0.0,0.0,0.0,0.0,0.0,0.0
730144447129,51539685636,Товары для животных,"triol переноска для животных premium medium, 675*510*470мм","triol / переноска для животных premium medium, 67,5x51x47см",1.0,0.06481211141579993,0.905982905982906,0.0,1.0,1.0,1.0,0.0,0.0,0.0,0.0,0.0,0.0
77309527961,592705531537,Обувь,кеды унисекс nike 1502-20242 бежевые 44.5 eu,кроссовки nike jordan,1.0,0.06486462625352282,0.32,0.0,0.0,0.0,0.0,1.0,0.0,0.0,0.0,0.0,1.0
489626326902,755914383597,Мебель,"нет бренда / стол садовый 71х60х60 см, серый",стол/обеденный/журнальный/кофейный/сервировочный/круглый/для балкона/сада/беседки/веранды/зоны отдыха/улицы/дачи/дома/квартиры,1.0,0.06543011172164019,0.24705882352941175,0.0,0.0,0.0,0.0,0.0,0.0,0.0,0.0,1.0,0.0
755914333291,317827647159,Красота и гигиена,parisa / карандаш механический для глаз № 107 зеленый 1 шт,"parisa карандаш механический для глаз № 107 зеленый, 9 шт",1.0,0.06548789847326322,0.9565217391304348,0.3333333333333333,1.0,0.0,1.0,0.0,0.0,0.0,0.0,1.0,0.0
773094247357,549755951422,Продукты питания,"tamashae miadi рис басмати тamashae мiadi индийский, 5 кг",басмати рис индийский 5000гр/basmati/длиннозерный ,1.0,0.06554149807921714,0.49056603773584906,0.0,1.0,1.0,1.0,0.0,1.0,0.0,0.0,0.0,0.0
154618826482,197568565859,Ювелирные изделия,rich line / ювелирное кольцо из серебра 925 проба,rich line кольцо из серебра 925 пробы,1.0,0.0657019162375992,0.9117647058823529,1.0,0.0,0.0,0.0,0.0,0.0,0.0,0.0,1.0,0.0
395137089660,146028940375,Автотовары,"штатная магнитола geely gs (2016-2023) (глянец) canbox h-line 4197-9-009 на android 10 (4g-sim, 8/128, dsp, qled)","штатная магнитола geely gs (2016-2023) (глянец) canbox h-line 7893-9-009 на android 10 (4g-sim, 4/64, dsp, ips) с крутилками",1.0,0.06571622068971104,0.8811881188118812,0.5454545454545454,1.0,1.0,1.0,0.0,0.0,0.0,1.0,0.0,1.0
738734450655,652835108938,Одежда,комплект крошка я,комплект одежды,1.0,0.06577642755353254,0.6956521739130435,0.0,0.0,0.0,0.0,0.0,0.0,0.0,0.0,1.0,0.0
395137030615,584115658833,Ювелирные изделия,lucente / кольцо серебро 925,lucente кольцо женское серебро 925 пробы оригинальное,1.0,0.06582971319485396,0.9629629629629629,1.0,0.0,0.0,0.0,0.0,0.0,0.0,0.0,0.0,0.0
429496848986,249108135384,Автотовары,fenox фильтр салонный арт. fcc160,фильтр салона fenox fcs165,1.0,0.06585663295136616,0.7796610169491526,0.0,1.0,0.0,0.0,1.0,0.0,0.0,1.0,0.0,0.0
42949692785,395137000376,Ювелирные изделия,красная пресня / серьги пусеты голубые,серебряные серьги-пусеты со стеклом б33611168д4,1.0,0.06606129974149239,0.3764705882352941,0.0,0.0,0.0,0.0,0.0,0.0,0.0,0.0,1.0,0.0
712964700014,412316865969,Ювелирные изделия,efremov кольцо золото красное 375 пробы,efremov / кольцо золотое,1.0,0.06620037724865975,0.736842105263158,0.0,0.0,0.0,0.0,0.0,0.0,0.0,0.0,0.0,1.0
498216301995,292057849989,Электроника,"baseus кабель питания usb 2.0 type-a/usb type-c, apple lightning, 1.5 м, черный","baseus кабель 3в1 baseus, tungsten gold one-for-three, microusb+type-c+lightning,3.5a, 1.5 м, черный",1.0,0.06629210815522318,0.5698324022346369,0.2,1.0,1.0,0.0,0.0,0.0,0.0,0.0,0.0,0.0
18734,558345772390,Строительство и ремонт,"бур по бетону sds plus с двойной резьбой 14х460 мм, mos 32557м",бур по бетону sds plus с двойной резьбой 14х160 мм mos,1.0,0.06638212296869934,0.9137931034482759,0.25,1.0,0.0,1.0,0.0,0.0,0.0,0.0,0.0,0.0
249108216533,721554540684,Мебель,"комплект полок настенная прямая 422 полка на стену навесная парящая со скрытым креплением, набор, 20 см. 2 шт. 40 см. 1 шт., 13х1.6х1.6 см, 3 шт.","без бренда полка настенная, навесная, отрытая, прямая, парящая, набор, комплект, трансформер, лдсп, дуб молочный, для книг и цветов, под фото, в комнату, на стену, кухню, спальню, детскую, туалет, для дачи, для дома, в квартиру.",1.0,0.06644177468451695,0.5070422535211268,0.0,0.0,1.0,1.0,0.0,0.0,0.0,0.0,0.0,0.0
17179937877,670015051955,Электроника,"hi-black / картридж hi-black cb540a для hp clj cm1300/ cm1312/ cp1210/ cp1215, черный","hi-black картридж, совместимый, черный (black), 1 шт",1.0,0.06663415440874962,0.46875,0.0,1.0,1.0,1.0,0.0,0.0,0.0,0.0,0.0,1.0
627065285365,455266583826,Спорт и отдых,"крышка для прицела butler creek obj 04 - 27,8 мм (объектив)","крышка для прицела ""butler creek"" 10 obj - 38,1 mm (объектив)",1.0,0.06680567780404463,0.8166666666666668,0.0,1.0,0.0,1.0,1.0,0.0,0.0,0.0,1.0,0.0
489626393354,515396167073,Автотовары,kiwix подкраска автомобильная (штрих корректор) 20 мл scania trucks 2843 azzurro rodi 91 (show job) + лак 20 мл комплект,краска (подкраска) для сколов + лак комплект general motors corp 55 gold wing 40 мл,1.0,0.06684637893021128,0.4365482233502538,0.0,1.0,0.0,1.0,0.0,0.0,0.0,0.0,0.0,0.0
609885422162,146029030365,Мебель,"бюрократ офисный стул офисный стул_6047232_, металл, пластик, сетка, черный",кресло компьютерное mebelion st-basic,1.0,0.06692706880496102,0.17307692307692307,0.0,0.0,0.0,0.0,0.0,0.0,0.0,0.0,0.0,0.0
704374750266,412316916459,Красота и гигиена,"purobio / консилер жидкий sublime тон 02, 4,5 мл.","purobio консилер жидкий sublime 01, 4,5 мл.",1.0,0.06697350375792559,0.951219512195122,0.3333333333333333,1.0,1.0,1.0,0.0,0.0,0.0,0.0,0.0,0.0
51539747404,824633851470,Электроника,"uniwa смартфон walkie talkie прочный телефон, 1 гб + 8 гб cn 1/8 гб, черный",uniwa / смартфон-рация uniwa f80s black,1.0,0.06732231899910793,0.41904761904761906,0.0,1.0,1.0,1.0,0.0,0.0,0.0,0.0,1.0,0.0
25769828687,816043821291,Электроника,"картридж, совместимый, черный (black), 1 шт",easyprint / лазерный картридж для принтера brother lb-2075 (tn-2075),1.0,0.06734196255016615,0.3783783783783784,0.0,1.0,1.0,1.0,0.0,0.0,0.0,0.0,1.0,0.0
627065298215,128849141722,Галантерея и аксессуары,кошелек,/ кошелек женский,1.0,0.067384038279529,1.0,0.0,0.0,0.0,0.0,0.0,0.0,0.0,0.0,1.0,0.0
549755907629,111669241241,Электроника,"iqzip / зарядка (блок питания, адаптер) для acer aspire es1-521 (сет","зарядка, блок питания (сетевой адаптер) iqzip для ноутбука acer f5-573g, f5-571, f5-771 g - series 19v 90w 5.5x1.7mm (с сетевым кабелем)",1.0,0.06745897790527136,0.5196078431372549,0.0,1.0,0.0,1.0,0.0,0.0,0.0,0.0,0.0,0.0
17180000031,541165879746,Галантерея и аксессуары,"xd design / рюкзак для ноутбука 15,6"" bobby soft",рюкзак xd design bobby soft,1.0,0.0675052333804642,1.0,0.0,0.0,0.0,1.0,0.0,0.0,0.0,0.0,1.0,0.0
180388679354,755914284504,Спорт и отдых,блесна вращающаяся akara action series aglia tandem 2/4 11 гр. 2/5 oz. a 7,блесна вертушка akara action series aglia tandem №1/3 (8 гр) a7,1.0,0.06762781080310858,0.7647058823529411,0.125,1.0,0.0,1.0,0.0,0.0,0.0,0.0,0.0,0.0
790274081614,223338327620,Продукты питания,"конфета евгеша (упаковка 0,5 кг)",kdv / конфеты евгеша батончик с какао 500 г,1.0,0.06809031557036968,0.5333333333333333,0.0,1.0,0.0,1.0,0.0,0.0,0.0,0.0,0.0,0.0
816043937754,163208850800,Одежда,h&m kids / рубашка с брюками на подтяжках,комплект одежды h&m,1.0,0.06813497798009542,0.33333333333333326,0.0,0.0,0.0,0.0,0.0,0.0,0.0,0.0,0.0,1.0
137439079135,17179935499,Ювелирные изделия,"яхонт серьги яхонт, золото, 585 проба, фианит, бесцветный",серьги классические золотые на английском замке,1.0,0.0685910590076485,0.40384615384615385,0.0,0.0,0.0,0.0,0.0,0.0,0.0,0.0,0.0,0.0
146028922885,541165931220,Автотовары,сайлентблок sidem 801623,сайлентблок sidem 851623,1.0,0.06861540547650538,0.9583333333333333,0.0,1.0,0.0,0.0,1.0,0.0,0.0,1.0,0.0,0.0
558345771706,137439013344,Обувь,fre gamo / туфли классические,туфли fre gamo,1.0,0.06871393296047543,1.0,0.0,0.0,0.0,0.0,0.0,0.0,0.0,0.0,1.0,0.0
266287975903,798863944928,Обувь,ботинки котофей,ботинки котофей,1.0,0.06891159607288153,1.0,0.0,0.0,0.0,0.0,0.0,0.0,0.0,0.0,1.0,0.0
369367221686,472446515470,Обувь,ботинки kapika,ботинки kapika,1.0,0.06891159607288153,1.0,0.0,0.0,0.0,0.0,0.0,0.0,0.0,0.0,1.0,0.0
360777352289,841813735816,Обувь,ботинки котофей,ботинки котофей,1.0,0.06891159607288153,1.0,0.0,0.0,0.0,0.0,0.0,0.0,0.0,0.0,1.0,0.0
51539630215,420906813075,Обувь,ботинки котофей,ботинки котофей,1.0,0.06891159607288153,1.0,0.0,0.0,0.0,0.0,0.0,0.0,0.0,0.0,1.0,0.0
747324410150,154618856699,Обувь,валенки kapika,валенки kapika,1.0,0.06891159607288153,1.0,0.0,0.0,0.0,0.0,0.0,0.0,0.0,0.0,1.0,0.0
171798807629,395137154803,Обувь,кроссовки kakadu,кроссовки kakadu,1.0,0.06891159607288153,1.0,0.0,0.0,0.0,0.0,0.0,0.0,0.0,0.0,1.0,0.0
670015042001,206158446823,Обувь,резиновые сапоги дарина,резиновые сапоги дарина,1.0,0.06891159607288153,1.0,0.0,0.0,0.0,0.0,0.0,0.0,0.0,0.0,0.0,1.0
352187444899,481036407702,Обувь,сандалии ralf ringer,сандалии ralf ringer,1.0,0.06891159607288153,1.0,0.0,0.0,0.0,0.0,0.0,0.0,0.0,0.0,1.0,0.0
77309486814,764504252017,Аптека,"презерватив, классический, с лубрикантом",/ презерватив классический с лубрикантом,1.0,0.06901551801905062,0.95,0.0,0.0,0.0,0.0,0.0,0.0,0.0,0.0,0.0,0.0
352187363810,781684070013,Галантерея и аксессуары,noname рюкзак,newstore / рюкзак,1.0,0.0690456889491454,0.6666666666666665,0.0,0.0,0.0,0.0,0.0,0.0,0.0,0.0,0.0,0.0
661425021068,223338334387,Бытовая техника,galaxy / термопот gl0605,термопот galaxy line gl0606,1.0,0.06905575828259178,0.8235294117647058,0.0,1.0,0.0,1.0,0.0,0.0,0.0,1.0,0.0,0.0
584115644510,481036370368,Автотовары,втулка стабилизатора febi 34257,втулка стабилизатора febi 05033,1.0,0.06910762457615617,0.8928571428571429,0.0,1.0,0.0,0.0,1.0,0.0,0.0,1.0,0.0,0.0
850403550936,335007568534,Спорт и отдых,воблер rapala x-rap peto 20 /scrb,rapala / воблер x-rap peto 14/scrr,1.0,0.06916360292434907,0.8656716417910448,0.0,1.0,0.0,0.0,0.0,0.0,0.0,0.0,0.0,0.0
77309417416,816043881228,Ювелирные изделия,женский браслет с цветом цитрин/кварц/серебро 925,smirnov jewelry workshop / серебряный браслет с камнями,1.0,0.0692003643497969,0.40384615384615385,0.0,0.0,1.0,1.0,0.0,0.0,0.0,0.0,0.0,1.0
566935845189,395137013891,Электроника,"hi-black тонер, совместимый, желтый (yellow), 1 шт","hi-color тонер hi-black для kyocera color tk-5150y, y, 210 г, банка, желтый",1.0,0.06927254571863287,0.46399999999999997,0.0,1.0,1.0,1.0,0.0,1.0,0.0,0.0,0.0,1.0
747324476223,627065256218,Одежда,columbia / куртка lake 22 down long hooded jacket,пальто columbia,1.0,0.06948461134458125,0.6956521739130435,0.0,0.0,0.0,0.0,0.0,0.0,0.0,0.0,1.0,0.0
171798769501,738734465274,Автотовары,фильтр топливный,mahle/knecht фильтр топливный,1.0,0.069528180518674,1.0,0.0,0.0,0.0,0.0,0.0,1.0,0.0,1.0,0.0,0.0
678604839445,377957161613,Одежда,albert&gloria / футболка,шорты albert&gloria,1.0,0.0697118624982939,0.8125,0.0,0.0,0.0,0.0,0.0,0.0,0.0,0.0,0.0,1.0
103079266750,687194924885,Ювелирные изделия,"talant браслет серебро 925 пробы, плетение якорное",talant / браслет,1.0,0.06971458441177425,0.9333333333333332,0.0,0.0,0.0,0.0,0.0,0.0,0.0,0.0,1.0,0.0
60129597702,584115710543,Ювелирные изделия,tosya колье ювелирное фианит,"колье из серебра 45 см sokolov 94070461, фианит",1.0,0.06972707574185968,0.6,0.0,0.0,0.0,1.0,0.0,1.0,1.0,0.0,0.0,1.0
523986098940,644245172174,Автотовары,опора амортизатора,jikiu / опора амортизатора,1.0,0.06977340731966829,1.0,0.0,0.0,0.0,0.0,0.0,0.0,1.0,0.0,0.0,0.0
352187382045,188978590027,Музыкальные инструменты,"sr2635 java трости для саксофона альт №3,5 (10шт) vandoren","vandoren sr2615 трости для саксофона альт №1,5 (10шт)",1.0,0.06999372893392075,0.9189189189189189,0.2,1.0,1.0,1.0,0.0,0.0,0.0,0.0,0.0,0.0
558345860634,592705592183,Обувь,кроссовки nike jordan skills (nike),nike / кроссовки nike air jordan 4 retro,1.0,0.07002500579935497,0.75,0.0,0.0,0.0,1.0,0.0,0.0,0.0,0.0,0.0,1.0
506806237157,395137142610,Ювелирные изделия,"nepal-art / буддийский талисман ""бесконечный узел""",nepal-art подвеска серебро 925 пробы,1.0,0.07018227701445502,0.4186046511627907,0.0,0.0,0.0,0.0,0.0,0.0,0.0,0.0,0.0,0.0
644245157728,687194882683,Одежда,бомбер yxtrading,mege knight / бомбер мужской весна лето куртка легкая стильная,1.0,0.07024982029656913,0.5454545454545454,0.0,0.0,0.0,0.0,0.0,0.0,0.0,0.0,1.0,0.0
223338375299,609885380956,Строительство и ремонт,"se atlasdesign белый розетка 16а с usb a+c (5в/2,4а/3 а, 2х5в/1,5а), мех","розетка systeme electric atn00xx32 atlasdesign, 16 а, с защитной шторкой, с заземлением",1.0,0.07031140008987255,0.45859872611464964,0.125,1.0,1.0,1.0,0.0,0.0,0.0,0.0,1.0,0.0
627065322734,266288066976,Галантерея и аксессуары,adriatica / швейцарские наручные часы a8282.5215ch с хронографом,часы наручные adriatica a8282.5214ch,1.0,0.07032634683430551,0.7796610169491526,0.0,1.0,0.0,0.0,0.0,0.0,0.0,0.0,0.0,1.0
188978695736,618475330225,Хобби и творчество,"доска для лепки пластиковая а4 calligrata ""яркое творчество"", неон жёлтый","доска для лепки пластиковая а5 ""яркое творчество"", неон жёлтый",1.0,0.07034632675022019,0.9752066115702479,0.0,1.0,0.0,0.0,0.0,0.0,0.0,0.0,1.0,0.0
223338365933,231928263628,Спорт и отдых,discovery / бинокль field 8x42,бинокль discovery field 10x42,1.0,0.07045249629112557,0.9152542372881356,0.3333333333333333,1.0,0.0,0.0,0.0,0.0,0.0,1.0,0.0,1.0
446676698417,438086695568,Электроника,"transcend 2 тб внешний жесткий диск (ts2tsj25m3s), зеленый, черный","transcend / портативный hdd iron 2tb 2.5, usb 3.1",1.0,0.07047662750167932,0.4173913043478261,0.2,1.0,1.0,1.0,0.0,0.0,0.0,0.0,0.0,0.0
283467877988,790274035786,Автотовары,колодки тормозные для автомобилей mercedes оем 4230230 ctr gk0040,ctr gk0040_колодки дисковые задние! mb w211/s211 2.0-2.4/2.0cdi-2.7cdi 02>/sl r230 5.0/5.5 amg,1.0,0.07049875945803928,0.37735849056603776,0.1,1.0,0.0,0.0,1.0,0.0,1.0,0.0,0.0,0.0
558345902508,395137040644,Одежда,бюстгальтер blissense,/ бюстгальтер,1.0,0.07056938903610384,0.9166666666666667,0.0,0.0,0.0,0.0,0.0,0.0,0.0,0.0,1.0,0.0
34359790556,309237778303,Музыкальные инструменты,"graftonite мундштук для саксофона альт, b3, rico rrgmpcasxb3",rico rrgmpcasxa7 мундштук для саксофона,1.0,0.0707290997789706,0.8181818181818181,0.0,1.0,0.0,0.0,0.0,0.0,0.0,0.0,0.0,0.0
85899504811,463856597623,Бытовая техника,philips multigroom mg3710,philips / триммер mg3740/15,1.0,0.07092332976079788,0.5384615384615384,0.0,1.0,0.0,1.0,0.0,0.0,0.0,0.0,0.0,0.0
721554531915,850403677847,Автотовары,mann filter фильтр топливный арт. wk9627,mann-filter / фильтр топливный mann wk962/7,1.0,0.07112470414732788,0.8433734939759036,0.0,1.0,0.0,0.0,0.0,0.0,0.0,1.0,0.0,0.0
558345849063,781684123553,Музыкальные инструменты,"dunlop / kirk hammett jazz iii медиаторы, 6шт, толщина 1.38мм","медиаторы kirk hammett jazz iii, 24шт, толщина 1.38мм, dunlop 47rkh3nps",1.0,0.07137668533845587,0.8636363636363636,0.2,1.0,1.0,1.0,0.0,0.0,0.0,0.0,0.0,0.0
309237679263,532576024607,Мебель,"лига диванов прямой диван, механизм нераскладной, 139х80х85 см",лига диванов прямой диван брайтон 2,1.0,0.07141608789309194,0.7037037037037037,0.0,1.0,1.0,1.0,0.0,0.0,0.0,0.0,1.0,0.0
137438955569,695784704344,Обувь,ботинки lomer,"lomer lomer, размер 45, черный, синий",1.0,0.07156316671485588,0.5555555555555556,0.0,0.0,0.0,0.0,1.0,0.0,0.0,0.0,0.0,1.0
309237756266,523986116978,Электроника,картридж лазерный cactus tn-512c гол. для konica minolta c454/c554,"cactus картридж, совместимый, голубой (cyan), 1 шт",1.0,0.07158992850460333,0.5,0.0,1.0,0.0,0.0,0.0,1.0,0.0,0.0,0.0,0.0
609885492133,154618873022,Электроника,картриджи для принтера nv print nv-q5949x,"nv print тонер-картридж, совместимый, черный (black), 1 шт",1.0,0.07190290700266934,0.46464646464646464,0.0,1.0,1.0,0.0,0.0,0.0,0.0,0.0,0.0,1.0
584115588695,360777270785,Аптека,"coopervision астигматические линзы avaira vitality toric/_110_-1.25, 6 шт., -8.00 / 8.5/-1.25/110, 2 недели",cooper vision / vitality toric -8.00 -1.25 40,1.0,0.07216506415931317,0.5245901639344263,0.2857142857142857,1.0,1.0,1.0,0.0,0.0,0.0,0.0,1.0,0.0
798864030148,678604873790,Бытовая техника,polaris / утюг polaris pir-2481k,утюг polaris pir 2483k,1.0,0.07223537030612641,0.7391304347826088,0.0,1.0,1.0,1.0,0.0,1.0,0.0,0.0,0.0,1.0
661424984724,506806158020,Ювелирные изделия,talant кольцо серебро родированное 925 пробы,talant / кольцо серебряное,1.0,0.07228069995086488,0.6666666666666665,0.0,0.0,0.0,0.0,0.0,0.0,0.0,0.0,1.0,0.0
575525746324,188978564138,Обувь,ботинки broadway,broadway / ботинки мужские демисезонные,1.0,0.07236733326642167,1.0,0.0,0.0,0.0,0.0,0.0,0.0,0.0,0.0,0.0,1.0
94489305318,704374759672,Электроника,kfd зарядное устройство для hp 15-ay506ur блок питания зарядка адаптер для ноутбука,зарядное устройство для hp elitebook 820 g4 блок питания зарядка адаптер для ноутбука,1.0,0.07238071523277231,0.8951048951048951,0.0,1.0,0.0,0.0,0.0,0.0,0.0,0.0,0.0,0.0
463856487775,661425023450,Ювелирные изделия,talant / кольцо золотое,talant кольцо золото красное 585 пробы,1.0,0.07242102315058879,0.7222222222222223,0.0,0.0,0.0,0.0,0.0,0.0,0.0,0.0,0.0,1.0
644245222791,549755819438,Ювелирные изделия,красная пресня кольцо серебряное,красная пресня / кольцо из серебра б23012544,1.0,0.07251016019047876,0.7924528301886792,0.0,0.0,0.0,1.0,0.0,0.0,0.0,0.0,1.0,0.0
274878015663,747324372338,Ювелирные изделия,"браслет браслет женский на руку серебро 925, серебро, 925 проба, золочение, чернение, длина 23 см.","женский освященный серебряный православный браслет ""символы православия""",1.0,0.07263566279685055,0.48148148148148145,0.0,0.0,1.0,1.0,0.0,0.0,0.0,1.0,0.0,0.0
498216212395,154226,Красота и гигиена,"tork ""жидкое мыло-пена торк advanced арт. 409846, канистра 5 л"" 25427","жидкое мыло tork advanced, заливное, 1 коробка; 2 канистры по 5 л, 409844",1.0,0.0727052539577968,0.619718309859155,0.16666666666666666,1.0,1.0,0.0,0.0,1.0,0.0,0.0,0.0,0.0
584115626169,34359785120,Одежда,softline / трусы эротик,трусы softline,1.0,0.07324174113100917,1.0,0.0,0.0,0.0,0.0,0.0,0.0,0.0,0.0,0.0,1.0
661424990147,558345848000,Одежда,трусы ava,"/ трусики-бразилиана из эласт.ткани с сетчатыми вставками, xxl",1.0,0.07342121204422983,0.1408450704225352,0.0,0.0,0.0,0.0,0.0,0.0,0.0,0.0,1.0,0.0
687194852753,687194919120,Мебель,bauedge / тумба с раковиной в ванную и выпуском (комплект),"комплект: тумба подвесная под раковину bau dream blackwood графит 80, 1 ящик, дверца слева, раковина прямоугольная bau hotel 48х37, темно-серая матовая, выпуск клик клак, хром",1.0,0.07348807365182361,0.30567685589519655,0.0,0.0,0.0,0.0,0.0,0.0,1.0,0.0,0.0,1.0
807453930148,197568554999,Спорт и отдых,ника кресло-шезлонг75x59x109 см,кресло nika кш2/1 баклажановое,1.0,0.07356778684377988,0.26229508196721313,0.0,1.0,0.0,1.0,0.0,1.0,0.0,0.0,0.0,1.0
352187395768,541165968223,Автотовары,at шланг тормозной передний ваз 2101 aт 6060-001вн-f,фильтр воздушный iberis ib771071,1.0,0.07371916519740554,0.3095238095238095,0.0,1.0,0.0,0.0,0.0,0.0,0.0,0.0,0.0,0.0
712964681867,781684197024,Электроника,видеокамера hiwatch ds-i458z 4мп уличная купольная ip-камера с exir-подсветкой до 30м,"камера видеонаблюдения ip hiwatch ds-i458z (2.8-12 mm), 1440p, 2.8 - 12 мм, белый",1.0,0.07379322380324706,0.4457831325301205,0.16666666666666666,1.0,0.0,1.0,1.0,0.0,0.0,0.0,1.0,0.0
34359847291,781684083757,Спорт и отдых,"ракетка для настольного тенниса stiga clash hobby ittf 1210-5718-01, 1.6 мм","ракетка для настольного тенниса stiga arena wrb 2 1212-6118-01, cv",1.0,0.07382777717960011,0.7375886524822696,0.14285714285714285,1.0,0.0,0.0,1.0,0.0,0.0,0.0,0.0,1.0
25769829468,120259092059,Ювелирные изделия,золотой меркурий / кольцо мужское серебро печатка,золотой меркурий кольцо мужское серебро 925 печатка мужской перстень ,1.0,0.07399236092997566,0.9791666666666667,0.0,0.0,0.0,0.0,0.0,0.0,0.0,0.0,0.0,1.0
609885467533,721554610506,Электроника,аккумулятор amperin для ноутбука asus x551ca 2200 mah 14.8v,"rocknparts аккумулятор для ноутбука asus x441ca, x551ca, x551ma, 2600mah, 14.4v",1.0,0.07400044720845529,0.7246376811594203,0.16666666666666666,1.0,0.0,0.0,0.0,1.0,0.0,0.0,0.0,0.0
609885522872,644245157136,Музыкальные инструменты,лад для гитар sintoms 280140se. h.,"комплект ремонтных ладов из нейзильбера, ширина 2.0мм, магазинная поставка, sintoms ref204109s",1.0,0.07410245339959697,0.34375,0.0,1.0,0.0,1.0,0.0,0.0,0.0,0.0,0.0,0.0
249108218924,300647716954,Ювелирные изделия,аргента серебряная столовая ложка визит позолота,аргента сувенир ювелирный серебро,1.0,0.07420707488577263,0.4197530864197531,0.0,0.0,0.0,0.0,0.0,0.0,0.0,0.0,0.0,0.0
481036402495,214748427029,Автотовары,датчик абс задней подвески левый vtr fi2201bs,"датчик абс задней подвески, левый vtr арт. hy2203bs",1.0,0.07446463770051143,0.875,0.0,1.0,0.0,0.0,0.0,1.0,0.0,1.0,0.0,0.0
188978567094,704374687025,Мебель,шкаф арлин 3 с ящиками 1400-520-2200 дуб крафт золотой наполнение платье/белье,без бренда шкаф арлин 3 с ящиками 1400-550-2200 дуб крафт золотой наполнение платье/белье,1.0,0.07447383265629061,0.9221556886227544,0.6,1.0,0.0,0.0,0.0,1.0,0.0,0.0,1.0,0.0
627065377073,17179913693,Автотовары,амортизатор подвески miles dg02229,"miles амортизатор подвески, арт. dg00224-01",1.0,0.07449365903541627,0.8311688311688311,0.0,1.0,1.0,0.0,1.0,0.0,0.0,1.0,0.0,0.0
146029025928,249108130595,Строительство и ремонт,"нагревательный саморегулирующийся кабель ""стоплёд"" нск8-в с вилкой, в трубу (8м/80вт) tdm","tdm electric нагревательный саморегулирующийся кабель ""стоплёд"" нск8-в с вилкой, в трубу (8м/80вт), tdm sq2510-0014 (1 шт.)",1.0,0.07454979057963446,0.9404761904761905,0.4,1.0,1.0,1.0,0.0,0.0,0.0,0.0,0.0,0.0
816043893607,154618965166,Галантерея и аксессуары,косметичка,косметички. / косметичка,1.0,0.07479409789032897,1.0,0.0,0.0,0.0,0.0,0.0,0.0,0.0,0.0,0.0,0.0
317827683892,515396110494,Галантерея и аксессуары,косметичка,/ косметичка женская,1.0,0.07487621698702045,1.0,0.0,0.0,0.0,0.0,0.0,0.0,0.0,0.0,0.0,0.0
515396112520,274877961089,Мебель,"комплект полок egger настенная прямая полка лдсп в шкаф,цвет орех,кромка со всех сторон,,полка для кухни, полка настенная, полка для ванной,полка дсп,полка в шкаф, полка на стену, полка для дома, декор,полка для микроволновой печи,полка для цветов, 155х50х1.6 см, 1 шт.","egger полка лдсп в шкаф, кромка со всех сторон, полка, полка для кухни, полка настенная, полка для ванной, полка дсп , полка в шкаф, полка на стену, кромка со всех сторон, полка для дома, полка декор",1.0,0.07492581820644596,0.7692307692307692,0.0,0.0,0.0,0.0,0.0,0.0,0.0,0.0,0.0,0.0
412316981715,558345816492,Продукты питания,"лимонад напитки из черноголовки ""дюшес"", 12 шт по 500 мл",черноголовка / напиток дюшес черноголовка 0.5л,1.0,0.0750012101772655,0.5393258426966292,0.0,1.0,1.0,1.0,0.0,0.0,0.0,0.0,0.0,0.0
103079251008,773094235522,Электроника,"target картридж mp c2551 голубой для рикон, ricoh aficio mp c2031, mp c2051, mp c2051ad","картридж mp c2551 cyan для принтера рикон, ricoh aficio mp c2501; mp c2531; mp c2551; mp c2551ad",1.0,0.07505985112310899,0.7654320987654322,0.2,1.0,0.0,0.0,0.0,1.0,0.0,0.0,0.0,1.0
412316990516,335007519270,Галантерея и аксессуары,зонт shabshop,shabshop / зонт автоматический,1.0,0.07531569861717399,1.0,0.0,0.0,0.0,1.0,0.0,0.0,0.0,0.0,1.0,0.0
249108229624,661425103521,Ювелирные изделия,silveroff серьги ювелирные серебро родированное 925 пробы,"pompidu / серебряные серьги с фианитом, родий",1.0,0.07533537405569554,0.4705882352941177,0.0,0.0,0.0,0.0,0.0,0.0,0.0,0.0,1.0,0.0
755914246090,644245100118,Ювелирные изделия,lucente / подвеска православная на гайтане бм казанская,lucente шнурок ювелирный православная на гайтане,1.0,0.07536098622746047,0.7848101265822786,0.0,0.0,0.0,0.0,0.0,0.0,0.0,0.0,1.0,0.0
420906912027,171798713297,Музыкальные инструменты,"7257mht goldin комплект басовых струн (3шт) для классической гитары, карбон/голдин hannabach","набор струн hannabach goldin 725 mht, 1 уп.",1.0,0.07547541802599526,0.676923076923077,0.0,1.0,0.0,1.0,0.0,0.0,0.0,0.0,0.0,0.0
755914334093,773094114766,Мебель,"egger полка лдсп в шкаф, кромка со всех сторон, полка, полка для кухни, полка настенная, полка для ванной, полка дсп , полка в шкаф, полка на стену, кромка со всех сторон, полка для дома, полка декор",столешница лдсп 610х1000х16 венге,1.0,0.0755385332847923,0.23448275862068968,0.0,0.0,0.0,0.0,0.0,0.0,0.0,0.0,0.0,0.0
257698097963,156282,Автотовары,"насос гидроусилителя шкив 148mm,5 pk mitsubishi lancer 1995 2010 europe 1,3 1,6l, lancer 1995 2013 1,3 1,6l usa, mi patron pps1178","насос гидроусилителя шкив 148mm,5 pk mitsubishi lancer (1995-2010) europe 1.3/1.6l, lancer (1995-20 patron pps1178",1.0,0.07559483989743118,0.8306010928961749,0.45454545454545453,1.0,1.0,0.0,0.0,0.0,0.0,1.0,0.0,0.0
429496785826,712964639642,Продукты питания,"akbar / чай черный яблоко и шиповник в пакетиках 1,5 г х 100 шт","чай akbar черный яблоко-шиповник (1.5г x 100шт), 150г 1 шт",1.0,0.07568591783308522,0.6446280991735537,0.2,1.0,1.0,1.0,0.0,0.0,0.0,0.0,0.0,0.0
34359825245,206158468691,Одежда,бюстгальтер koton,koton / бюстгальтеры,1.0,0.0757628615477659,0.9189189189189189,0.0,0.0,0.0,0.0,0.0,0.0,0.0,0.0,1.0,0.0
506806144598,438086740457,Обувь,резиновые сапоги котофей,сапоги резиновые котофей,1.0,0.07578123223509282,1.0,0.0,0.0,0.0,0.0,0.0,0.0,0.0,0.0,1.0,0.0
214748476215,816043843520,Ювелирные изделия,platina серьги с английским замком из комбинированного золота 585 пробы,"platina серьги platina, комбинированное золото, 585 проба, золотой",1.0,0.07579261722189931,0.7007299270072993,1.0,0.0,0.0,0.0,0.0,0.0,0.0,0.0,0.0,0.0
472446425511,712964683934,Электроника,сетевой адаптер для ноутбука oem для acer 2310,"блок питания для ноутбука acer, 65 вт, dc 5.5 x 1.7 мм (штекер), 1.3 м",1.0,0.07579641218512499,0.44642857142857145,0.0,1.0,1.0,1.0,0.0,1.0,0.0,1.0,1.0,0.0
798863978739,652835042584,Обувь,балетки tamaris,tamaris / балетки кожаные офисные,1.0,0.0758458423659403,1.0,0.0,0.0,0.0,0.0,0.0,0.0,0.0,0.0,0.0,1.0
841813599667,300647760308,Галантерея и аксессуары,casio часы наручные кварцевые,casio / наручные часы aq-s810w-8a,1.0,0.07590848582025873,0.7916666666666667,0.0,0.0,0.0,0.0,0.0,0.0,0.0,0.0,0.0,0.0
790274118294,592705541055,Ювелирные изделия,фабрика-ф / колье бегунок на леске серебро,silver bird колье колье бегунок на леске серебро,1.0,0.07598490370440576,0.8333333333333333,0.0,0.0,0.0,0.0,0.0,0.0,0.0,0.0,0.0,0.0
807453940326,377957183511,Электроника,"мульти-функциональный сетевой фильтр с usb,зарядка 17w","hoco / сетевой фильтр ac7a 1,5м, 3 розетки, 3 usb + usb-c",1.0,0.07598530426480275,0.45871559633027525,0.0,1.0,0.0,1.0,0.0,0.0,0.0,0.0,0.0,0.0
532576009687,627065239414,Одежда,"rago корсет rago, размер 44b, черный",белье корректирующее,1.0,0.07599488742608743,0.3214285714285714,0.0,0.0,0.0,0.0,0.0,0.0,0.0,0.0,0.0,1.0
730144609698,816043908449,Ювелирные изделия,золото дисконт крестик золото красное,"красносельский ювелир подвеска красносельский ювелир, золото, 585 проба",1.0,0.07625994237029979,0.46511627906976744,0.0,0.0,0.0,0.0,0.0,0.0,0.0,0.0,0.0,0.0
274877925525,180388725529,Бытовая техника,singer швейная машина 8270 белый,"швейная машина singer 8280, белый",1.0,0.07645202820183099,0.9538461538461539,0.0,1.0,0.0,0.0,0.0,0.0,0.0,0.0,0.0,0.0
438086734463,472446478338,Обувь,beengum fashion / слипоны детские кроссовки летние,слипоны dikidi,1.0,0.07653215693579712,0.6666666666666665,0.0,0.0,0.0,0.0,0.0,0.0,0.0,0.0,1.0,0.0
171798835730,266288089170,Обувь,chicshoes / adidas campus 00s,кроссовки adidas campus,1.0,0.07665319132370657,0.7222222222222223,0.0,0.0,0.0,0.0,0.0,0.0,0.0,0.0,0.0,1.0
481036345427,833223671390,Дом и сад,"kago коврик для ванной, туалета eva (эва) универсальный 135х65. водонепроницаемое покрытие для душевой и сауны, туалета. аккуратный, красивый кант под интерьер. соты черный с серой окантовкой",подставка для горшка из ева (eva) материала. удерживает жидкость внутри ячеек. защитный коврик под цветы и растения. 135х65 сота черная с черной окантовкой,1.0,0.0766641942149125,0.52046783625731,1.0,0.0,0.0,0.0,0.0,0.0,0.0,0.0,0.0,0.0
420906812708,94489318712,Электроника,чернила canon gi-490m (0665c001),"canon чернила, оригинал, пурпурный (magenta), 1 шт",1.0,0.07674554998407063,0.4146341463414634,0.0,1.0,1.0,1.0,1.0,0.0,0.0,0.0,1.0,0.0
377957250727,25769956809,Дом и сад,"пододеяльник/1,5 спальный/на молнии/поплин/145x215/хлопок/артпостель","комплект постельного белья артпостель византия, 1.5-спальное, поплин, розовый",1.0,0.07677921800146884,0.4,0.0,1.0,1.0,1.0,0.0,0.0,0.0,0.0,1.0,0.0
695784805658,60129655236,Мебель,unix fit / регулируемый стол wood e-desk,регулируемый стол unix fit wood e-desk,1.0,0.07678951764348875,1.0,0.0,0.0,0.0,0.0,0.0,0.0,0.0,0.0,1.0,0.0
309237654346,472446501438,Обувь,dina grata / ботильоны натуральная кожа,ботильоны dina grata,1.0,0.07682716997629385,1.0,0.0,0.0,0.0,0.0,0.0,0.0,0.0,0.0,0.0,1.0
687194876575,214748485278,Ювелирные изделия,"sokolov, серьга из серебра с фианитами, 94170268, серьга одиночная, 925 проба",moonlight silver / серьги серебро каффы,1.0,0.07687454814377312,0.3853211009174312,0.0,0.0,0.0,0.0,0.0,0.0,0.0,0.0,0.0,0.0
309237712767,850403649775,Обувь,ботинки respect,respect / ботинки зимние на платформе,1.0,0.0771128043170086,1.0,0.0,0.0,0.0,0.0,0.0,0.0,0.0,0.0,1.0,0.0
481036431182,317827619257,Обувь,сапоги резиновые kaury,резиновые сапоги kaury,1.0,0.07713796672519123,1.0,0.0,0.0,0.0,0.0,0.0,0.0,0.0,0.0,0.0,1.0
644245109462,369367220622,Спорт и отдых,"x-baits силиконовая приманка для рыбалки xbaits chester 200мм #116, виброхвост на щуку, окуня, судака",силиконовая приманка для рыбалки x-baits chester 250 мм 75 гр #116 (1 шт) новинка 2022 года / ловля щуки / на судака / трофейная рыбалка / виброхвост /  джиг,1.0,0.07733049266146973,0.8117647058823529,0.16666666666666666,1.0,0.0,1.0,0.0,0.0,0.0,0.0,0.0,1.0
687194823452,472446480462,Мебель,стол компьютерный мэрдэс ср-500м/140 белый жемчуг правосторонний,компьютерный стол мэрдэс ср-500м/140 белый жемчуг 1300*1400*1985,1.0,0.07738270344845366,0.8672566371681415,0.4,1.0,1.0,1.0,0.0,0.0,0.0,0.0,0.0,1.0
498216259854,335007531518,Автотовары,filtron / фильтр воздушный filtron ap134 10,filtron фильтр воздушный арт. ap1347,1.0,0.07750638231181282,0.8450704225352113,0.0,1.0,0.0,1.0,0.0,0.0,0.0,1.0,0.0,0.0
77309442785,601295573464,Одежда,карнавальный костюм наша игрушка солдатка,пуговка солдатка платье (2125) 110,1.0,0.07753459438436931,0.4,0.0,0.0,0.0,0.0,0.0,0.0,0.0,0.0,1.0,0.0
292057924078,128849163639,Дом и сад,"шкатулка музыкальная механическая свет ""фотоаппарат - кошечка"" розовый 10, 5х12, 5х16 см","не определен шкатулка музыкальная механическая свет ""фотоаппарат - кошечка"" розовый 10,5х12,5х16 см",1.0,0.0777022550502244,0.9197860962566845,0.16666666666666666,1.0,1.0,0.0,0.0,0.0,0.0,0.0,0.0,0.0
103079301943,77309499702,Хобби и творчество,000 almaznaja mozaica / заготовки для поделок,"добрый мастер деревянная заготовка для декупажа №13134 ""открытка"" 13*15см (1шт)",1.0,0.07772437594791703,0.29032258064516125,0.0,1.0,1.0,1.0,0.0,0.0,0.0,0.0,0.0,0.0
635655234675,369367238112,Канцелярские товары,"теропром ручка, толщина линии: 1 мм, цвет: синий, 1 шт.","мелмакру / ручка шариковая ""russian sport"" синяя, 1,0мм, подарочная упа",1.0,0.07773078903635337,0.33870967741935487,0.0,1.0,0.0,1.0,0.0,0.0,0.0,0.0,0.0,0.0
833223697410,154618945868,Продукты питания,печенье oreo мini original / орео мини оригинал стакан 61.3гр (индонезия),"красный дракон спб / печенье oreo мини с кремом оригинал стакан (61,3 г)",1.0,0.07775140916075729,0.6542056074766356,0.0,1.0,1.0,1.0,0.0,0.0,0.0,0.0,0.0,0.0
300647803159,85899432530,Обувь,слипоны skechers twi-lites 2.0,слипоны skechers,1.0,0.07796515232351525,1.0,0.0,0.0,0.0,0.0,0.0,0.0,0.0,0.0,1.0,0.0
695784751110,644245159731,Музыкальные инструменты,пластик для барабана evans b12ecsrd,"ec reverse dot пластик для малого, том и тимбалес барабана 10"", evans b10ecsrd",1.0,0.07811783682475665,0.8524590163934427,0.0,1.0,0.0,0.0,0.0,0.0,0.0,0.0,0.0,0.0
300647843473,523986046675,Красота и гигиена,be perfect / ресницы коричневые dark chocolate 16 линий d 0.10 9mm,"ресницы би перфект темный шоколад d 0,10 09 мм 16 линий/ресницы для наращивания be perfect dark chocolate отдельная длина",1.0,0.07812535303939189,0.7307692307692308,0.2,1.0,1.0,1.0,0.0,0.0,0.0,0.0,0.0,0.0
360777337541,283467876504,Обувь,adidas originals кеды stan smith,кроссовки adiads one,1.0,0.07812555224231876,0.3846153846153846,0.0,0.0,0.0,0.0,0.0,0.0,0.0,0.0,0.0,1.0
566935724912,575525632963,Ювелирные изделия,"яхонт подвеска яхонт, золото, 585 проба, фианит",яхонт ювелирный подвеска золото красное 585 пробы,1.0,0.07841066991023274,0.6875,1.0,0.0,0.0,0.0,0.0,0.0,0.0,0.0,0.0,0.0
429496744440,438086811732,Одежда,сириус / костюм,"костюм ""рыболов ст"" куртка, п/к  кмф саванна р.  88-92/182-188",1.0,0.0784666893791925,0.5714285714285715,0.0,0.0,0.0,0.0,0.0,0.0,0.0,0.0,0.0,1.0
807453862860,37588,Хобби и творчество,"командная игра ""party bingo. день рождение в кругу близких"", 8+","dell24 / командная игра ""party bingo. день рождения в кругу близких""",1.0,0.07849111910334823,0.9007633587786259,0.0,1.0,0.0,0.0,0.0,0.0,0.0,0.0,0.0,0.0
188978667898,549755913827,Красота и гигиена, hero edt туалетная вода 98 мл,духи lux / hero burberry 100 мл,1.0,0.07851042577375167,0.43333333333333335,0.0,1.0,0.0,1.0,0.0,0.0,0.0,0.0,0.0,0.0
146028988424,266288077877,Автотовары,"накидки для митсубиси монтеро (1999 - 2006) внедорожник 5 дверей / mitsubishi montero на передние сиденья city, велюр с экокожей, бежевый","coolpart накидки-чехлы для митсубиси монтеро (1991 - 2000) внедорожник 5 дверей / mitsubishi montero на весь салон luxe vb, велюр, бежевый",1.0,0.07859494104036695,0.7854545454545455,0.2,1.0,0.0,0.0,0.0,0.0,0.0,1.0,1.0,0.0
223338385814,841813738507,Электроника,тонер nv-print tn-1075 черный,"nv print расходник для печати, черный (black), 1 шт",1.0,0.07871677407098109,0.475,0.0,1.0,0.0,0.0,0.0,0.0,0.0,0.0,0.0,0.0
798863995645,60129664698,Электроника,"easyprint тонер-картридж, совместимый, желтый (yellow), 1 шт",easyprint / c360he y картридж для принтера ricoh easyprint lr-spc360h y,1.0,0.07906831104634063,0.453781512605042,0.0,1.0,1.0,1.0,0.0,0.0,0.0,0.0,0.0,1.0
85899390266,438086739821,Электроника,"колонки для компьютера блютуз / с подсветкой / 10 вт, rgb",колонки компьютерные onikuma rocket l1-b,1.0,0.07911557154169084,0.4842105263157894,0.0,1.0,0.0,0.0,1.0,0.0,0.0,0.0,0.0,0.0
790273986927,17180003867,Электроника,"дайкон наушники беспроводные с микрофоном, белый","shantou district shengtena electronic factory вкладыши tws i11, white",1.0,0.07920787133149627,0.13675213675213668,0.0,0.0,0.0,0.0,0.0,0.0,0.0,0.0,0.0,0.0
532575973142,850403539057,Галантерея и аксессуары,omax часы наручные кварцевые has221,omax / наручные часы omax premium has2215q0d-1,1.0,0.0792775787407458,0.6842105263157895,0.0,1.0,0.0,0.0,0.0,0.0,0.0,0.0,0.0,1.0
541165998794,721554634479,Хобби и творчество,"не определен шахматы русские игры (доска из микрогофры 40х40 см, фигуры пластик, король h-102 см)","шахматы ""русские игры"" (доска из микрогофры 40х40 см, фигуры пластик, король h 10.2 см)",1.0,0.07929145652385748,0.8552631578947368,0.3333333333333333,1.0,1.0,1.0,0.0,0.0,0.0,0.0,0.0,0.0
429496816826,163208899341,Одежда,vera / платье вечернее,платье veravi,1.0,0.0796770222995054,0.631578947368421,0.0,0.0,0.0,1.0,0.0,0.0,0.0,0.0,1.0,0.0
8589959103,816043876611,Обувь,asics / кроссовки gel-venture 9,кроссовки asics,1.0,0.07969179441165315,1.0,0.0,0.0,0.0,0.0,0.0,0.0,0.0,0.0,1.0,0.0
575525752594,292057810670,Ювелирные изделия,золотое кольцо 585 веточка,dinastia.gold / кольцо женское золотое 585 узор (фигурное) без вставок,1.0,0.07981414513306544,0.8181818181818181,1.0,0.0,0.0,0.0,0.0,0.0,0.0,0.0,0.0,1.0
584115664491,85899482187,Обувь,"тапочки, 1","dr.luigi тапочки dr.luigi, размер 38, коричневый",1.0,0.08026653053300042,0.2758620689655173,0.0,1.0,0.0,0.0,0.0,0.0,0.0,0.0,1.0,0.0
120259096936,352187366295,Галантерея и аксессуары,bergal стельки а6 42 размер,bergal стельки для обуви 10 шт,1.0,0.08036116762451023,0.6829268292682927,0.0,1.0,0.0,0.0,0.0,0.0,0.0,0.0,0.0,0.0
420906824114,103079354420,Ювелирные изделия,talant / серьги из серебра,talant серьги ювелирные серебро родированное 925 пробы,1.0,0.08073183432752785,0.6666666666666665,0.0,0.0,0.0,0.0,0.0,0.0,0.0,0.0,1.0,0.0
412316865081,687194778144,Одежда,платье viserdi,платье женское каляев 61469 серое 46 ru,1.0,0.08083252664599873,0.6,0.0,0.0,0.0,0.0,0.0,1.0,0.0,0.0,1.0,0.0
798863977900,137439049131,Мебель,не определен полка настенная подвесная,полка настенная подвесная - 1,1.0,0.0808821249446487,0.9259259259259259,0.0,0.0,0.0,0.0,0.0,1.0,0.0,0.0,0.0,1.0
180388707675,188978568561,Мебель,"кресло кресло_116390_, 64х83х77 см",лига диванов набор кипр-1 (2 кресла),1.0,0.08107861423222372,0.2857142857142857,0.0,1.0,0.0,1.0,0.0,0.0,0.0,0.0,0.0,0.0
609885504679,618475322548,Спорт и отдых,"оливки с чёрным кембриком скользящие на окуня 2,5 грамма",рыболовная империя / оливки с чёрным кембриком скользящие на окуня 30 грамм,1.0,0.0811307461741842,0.8910891089108911,0.0,1.0,0.0,0.0,0.0,0.0,0.0,0.0,0.0,0.0
103079233854,395137127822,Электроника,sonnen / коврик для мыши 513309 (3шт),"sonnen коврик для мыши 00000-012-8, черный",1.0,0.08121855135939487,0.7457627118644068,0.0,1.0,0.0,0.0,0.0,0.0,0.0,0.0,0.0,0.0
292057878389,506806188866,Продукты питания,драйн эффект зеленый,nl store / draineffect green/red/для похудения,1.0,0.08123805407558703,0.12121212121212124,0.0,0.0,0.0,0.0,0.0,0.0,0.0,0.0,0.0,0.0
807453904080,25769811646,Мебель,"тумба под раковину aquaton беверли 80 , белый","тумба с раковиной акватон беверли 80 1a2355k0bv010, белый глянец",1.0,0.08140328794257735,0.6567164179104478,0.2,1.0,0.0,0.0,0.0,0.0,0.0,0.0,0.0,1.0
214748443840,721554540063,Продукты питания,подарочный набор сладостей barbaris24 №68,подарочный набор сладостей barbaris24 №58,1.0,0.08149105293399403,0.975609756097561,0.3333333333333333,1.0,1.0,0.0,1.0,0.0,0.0,0.0,0.0,0.0
326417614524,584115569197,Галантерея и аксессуары,"наручные часы восток командирские, синий, черный",восток часы наручные механические,1.0,0.08149576124050074,0.7547169811320755,0.0,0.0,0.0,0.0,0.0,1.0,0.0,0.0,0.0,1.0
309237724620,412316916166,Товары для животных,"farmina / cat nd gf quinoa urinary duck 1,5кг","сухой беззерновой корм для кошек farmina n&d, для профилактики мочекаменной болезни, с уткой и киноа, 1.5 кг",1.0,0.08159991600253577,0.2692307692307692,0.0,1.0,1.0,1.0,0.0,0.0,0.0,0.0,0.0,0.0
420906872229,412316963837,Одежда,shop&top39 / футболка garten of banban,футболка монстры,1.0,0.08161956380213085,0.6666666666666665,0.0,0.0,0.0,0.0,0.0,0.0,0.0,0.0,1.0,0.0
360777284819,85899400525,Автотовары,"avs лампа автомобильная h4, 1 шт. арт. a78482s",/ галогенная лампа vegas в блистере h4.12v.60/55w.1шт.,1.0,0.08171184143202431,0.38,0.16666666666666666,1.0,1.0,1.0,0.0,0.0,1.0,0.0,0.0,0.0
128849066606,850403525355,Обувь,мюли tendance,"tendance tendance, размер 41, черный",1.0,0.08178085476270078,0.7619047619047619,0.0,0.0,0.0,0.0,0.0,0.0,0.0,0.0,1.0,0.0
257698177414,541165988451,Одежда,брюки спортивные prime baby,брюки prime baby,1.0,0.08189316306648403,1.0,0.0,0.0,0.0,0.0,0.0,0.0,0.0,0.0,1.0,0.0
506806284952,206158543709,Обувь,ботинки tamaris,"tamaris tamaris, размер 42, розовый",1.0,0.08193173958394827,0.6363636363636364,0.0,0.0,0.0,0.0,0.0,0.0,0.0,0.0,1.0,0.0
240518193162,523986044118,Мебель,без бренда шкаф-пенал трикс левый цвет белый с ящиками 400-550-2000 наполнение белье,шкаф-пенал трикс левый цвет белый с ящиками 400-550-2200 наполнение белье,1.0,0.08193646399897986,0.9171974522292993,0.5,1.0,0.0,0.0,0.0,1.0,0.0,0.0,1.0,0.0
747324448098,42949682200,Автотовары,оплеточки / оплетка на руль рено дастер 1 m(37-39см) мех 43,"оплетка на рулевое колесо (накидка, чехол на руль) для lada калина (лада (ваз) калина) 2004-2014 годов выпуска, размер m(37-38см), плюш, мех 43",1.0,0.08193678444218987,0.4723618090452261,0.2857142857142857,1.0,1.0,1.0,0.0,0.0,0.0,1.0,1.0,0.0
773094223575,850403614918,Обувь,antilopa / ботинки демисезонные на липучке,ботинки antilopa,1.0,0.08196698951847758,1.0,0.0,0.0,0.0,0.0,0.0,0.0,0.0,0.0,1.0,0.0
223338324986,163208817941,Одежда,"костюм ""сириус-фаворит-мега"" куртка, п/к 96-100/170-176",сириус спецодежда / костюм рабочий,1.0,0.08199087660584418,0.35955056179775285,0.0,0.0,0.0,0.0,0.0,0.0,0.0,0.0,0.0,1.0
721554572235,601295518022,Электроника,"superfine картридж, совместимый, пурпурный (magenta), 1 шт",superfine / картридж sf t0823 magenta для принтера epson (sf-t0823m),1.0,0.0820147484948525,0.5238095238095238,0.0,1.0,0.0,1.0,0.0,0.0,0.0,0.0,0.0,1.0
532576034440,833223693480,Одежда,гетры cep compression,"cep гетры cep, белый",1.0,0.08204078228992669,0.6206896551724138,0.0,0.0,0.0,0.0,0.0,0.0,0.0,0.0,1.0,0.0
257698076796,231928333996,Электроника,"картридж c-728 black для принтера кэнон, canon i-sensys mf 4410; mf 4430; mf 4450","galaprint картридж c-728 black для принтера кэнон, canon i-sensys mf 4890",1.0,0.0822486622337613,0.8854961832061069,0.2,1.0,0.0,0.0,0.0,1.0,0.0,0.0,0.0,1.0
17179956074,85899503732,Одежда,djanna / бюстгальтер,бюстгальтер glorija m&a,1.0,0.08244235528761369,0.7096774193548387,0.0,0.0,0.0,0.0,0.0,0.0,0.0,0.0,1.0,0.0
644245150306,523986056869,Одежда,корсет startovali,erohot collection / корсет и стринги gera черный m,1.0,0.0825451301237449,0.5217391304347826,0.0,0.0,0.0,0.0,0.0,0.0,0.0,0.0,1.0,0.0
816043873826,386547212309,Дом и сад,"гирлянда ""нить"" 4.5 м с насадками ""пчёлки"", ip44, тёмная нить, 30 led, свечение тёплое белое, 2 режима, солнечная батарея","не определен гирлянда нить 45 м с насадками пчeлки, ip44, тeмная нить, 30 led, свечение тeплое белое, 2 режима, солнечная батарея",1.0,0.0826051696644119,0.88,0.6,1.0,0.0,1.0,0.0,1.0,0.0,0.0,0.0,0.0
163208778279,146029007754,Товары для животных,корм сухой ajo полнорационный cat skin & hair для кошек здоровая кожа и красивая шерсть 400 г,"сухой корм ajo cat skin & hair для кошек здоровая кожа и красивая шерсть 0,4 кг",1.0,0.0827440887588479,0.9536423841059603,0.0,1.0,1.0,1.0,1.0,0.0,0.0,0.0,0.0,0.0
103079361149,137439034558,Ювелирные изделия,кольцо серебро 925 пробы,sokolov / кольцо из серебра с фианитами,1.0,0.08275143242897211,0.4761904761904762,0.0,0.0,0.0,0.0,0.0,0.0,0.0,0.0,0.0,1.0
326417593886,592705600876,Автотовары,стойка стабилизатора avantech арт. asl0203,стойка стабилизатора арт. asl0103,1.0,0.08284244499437375,0.8620689655172414,0.0,1.0,0.0,1.0,0.0,0.0,0.0,0.0,0.0,0.0
755914262048,661425070876,Спорт и отдых,"kenda велопокрышка 26"" кenda 26x1,95 к-838/620168","велопокрышка 26' кenda 26x1,95 к-90/620172",1.0,0.08284559364749125,0.8131868131868132,0.3333333333333333,1.0,0.0,0.0,0.0,1.0,0.0,0.0,0.0,0.0
188978688204,214748403134,Мебель,"лига диванов диван-кровать, механизм еврокнижка, 245х147х85 см",диван угловой артмебель амстердам микровельвет коричневый/бежевый правый угол,1.0,0.08286617742632436,0.30215827338129503,0.0,0.0,1.0,1.0,0.0,0.0,0.0,0.0,1.0,0.0
266288067203,120259186246,Одежда,"комплект трусов crockid, 2 шт",crockid / трусы плавки 2 шт.,1.0,0.08297407187527572,0.736842105263158,1.0,0.0,1.0,0.0,0.0,0.0,0.0,0.0,0.0,1.0
781684173505,523986071435,Электроника,"маршрутизатор tp-link tl-wr840n, wi-fi роутер","wifi роутер (маршрутизатор) tp-link , родительский контроль, скорость передачи данных до 300 мбит/с,",1.0,0.08321269419635532,0.4745762711864407,0.0,1.0,0.0,0.0,0.0,0.0,0.0,0.0,0.0,0.0
214748478263,670015059885,Продукты питания,mareman / французская соль с розмарином и лимонной цедрой 140 г,"соль французская ""mareman"", банка 145 мл",1.0,0.08345996661330925,0.5714285714285715,0.0,1.0,0.0,1.0,0.0,0.0,0.0,0.0,0.0,0.0
841813746910,231928362130,Автотовары,"авточехлы для audi a4-4, 08.2007-09.2011 седан рзс (ауди а4 седан) & байрон ст байрон ""орегон"" / чехлы модельные для автомобильных сидений",lord autofashion / авточехлы nissan x-trail-3 с 2013,1.0,0.08363022659102612,0.34920634920634924,0.0,1.0,0.0,0.0,0.0,0.0,0.0,1.0,1.0,0.0
644245168526,841813696086,Обувь,полуботинки сириус сириус,"/ ботинки зимние ""батальон""",1.0,0.08366511744288059,0.4888888888888889,0.0,0.0,0.0,0.0,0.0,0.0,0.0,0.0,1.0,0.0
773094183578,678604911023,Одежда,дебют юбка дебют:38,одежда для танцев дебютт,1.0,0.08378002606711063,0.46511627906976744,0.0,0.0,0.0,0.0,0.0,0.0,0.0,0.0,0.0,0.0
171798808530,635655321842,Галантерея и аксессуары,priority car / обложка для автодокументов и паспорта/кожаная для документов/подарок мужчине,"кожаная обложка 2в1 для автодокументов с паспортом  тойота / подарок мужчине, мужу, парню, папе / подарочный набор на день рождения, юбилей, 8 марта, 14, 23 февраля",1.0,0.0837962812128599,0.49193548387096775,0.0,0.0,0.0,0.0,0.0,0.0,0.0,0.0,1.0,0.0
8589988410,34359779297,Одежда,"не определен трусики-слипы из лиоцелла с завышенной линией, фиолетовый, xxl",трусы lolita,1.0,0.08379759864347314,0.16091954022988503,0.0,0.0,0.0,0.0,1.0,0.0,0.0,0.0,0.0,1.0
257698063358,584115558981,Ювелирные изделия,"karatov / золотой крестик 585 пробы ""спаси и сохрани""",золото дисконт крестик золото красное,1.0,0.08413200768788698,0.4819277108433735,0.0,0.0,0.0,0.0,0.0,0.0,0.0,0.0,0.0,1.0
377957206531,429496746222,Автотовары,"autopilot оплетка, чехол (накидка) на руль мерседес-бенц вито (2010 - 2014) фургон / mercedes-benz vito, экокожа и карбон (высокого качества), черный и красный","оплетка, чехол (накидка) на руль бмв з4м (2006 - 2009) купе / bmw z4 m, экокожа и карбон (высокого качества), черный и красный",1.0,0.08418931665574086,0.835680751173709,0.0,1.0,0.0,1.0,0.0,0.0,0.0,0.0,0.0,1.0
575525716469,214748509146,Мебель,компьютерный стол дверка и ящик справа мс-1 и комод высокий на 5-ть ящиков мори цвет графит,"компьютерный стол свк мори мс-1 правый с комодом 4 ящика графит, 170х50х94 см",1.0,0.08425684435108415,0.6746987951807228,0.16666666666666666,1.0,0.0,0.0,1.0,0.0,0.0,1.0,1.0,0.0
566935721355,188978696352,Одежда,"rash рубашка rash, размер 48, черный",туника rash collection трикотаж,1.0,0.08439216376601957,0.3582089552238806,0.0,0.0,1.0,0.0,0.0,0.0,0.0,0.0,1.0,0.0
94489315395,111669179531,Одежда,халат akcent,ночная сорочка женская akcent 510 big черная 5x,1.0,0.08441243905608671,0.6666666666666665,0.0,0.0,0.0,0.0,1.0,0.0,0.0,0.0,0.0,1.0
223338434859,326417544751,Электроника,умная колонка станция мини 2.0 gray (yndx-00021g),"умная колонка яндекс.станция мини 2, серый опал (без часов)",1.0,0.0844645780151217,0.5740740740740741,0.0,1.0,0.0,0.0,0.0,0.0,0.0,0.0,0.0,1.0
670014975775,60129564360,Обувь,велотуфли gaerne g.tornado wide black,велотуфли gaerne,1.0,0.08448862723831822,1.0,0.0,0.0,0.0,0.0,1.0,0.0,0.0,0.0,1.0,0.0
214748428560,197568575849,Одежда,комбинезон mjolk,комбинезон нательный mjolk,1.0,0.08455194209697861,1.0,0.0,0.0,0.0,0.0,0.0,0.0,0.0,0.0,1.0,0.0
77309494371,283467937024,Строительство и ремонт,"краска malare professional фасадная, уф-стойкая, античная латунь, (9л - 13кг)","malare краска ""гост""_фасадная_водоэмульсионная_атмосферостойкая_уф-стойкая быстросохнущая, водная, акриловая, матовое покрытие, 13 кг, фиолетовый",1.0,0.08470023290352732,0.3783783783783784,0.5,1.0,1.0,1.0,1.0,0.0,0.0,0.0,0.0,1.0
25769807069,833223734670,Ювелирные изделия,"diamant online серьги трансформеры diamant online, серебро, 925 проба, золочение, фианит, изумруд синтетический, зеленый",роскошь серьги серьги из позолоченного серебра 925 пробы,1.0,0.08478483728158201,0.4472049689440994,1.0,0.0,0.0,0.0,0.0,0.0,0.0,1.0,0.0,0.0
773094176728,601295495079,Мебель,табурет универсальный со ступенькой черный м 2296 (артикул: 4400002723),"idea (м-пластика) стремянка-табурет, 2 ступени, стационарная, пластиковая, нагрузка 120 кг, вес 2,4 кг, черная, idea, м 2296",1.0,0.08486934960098756,0.42931937172774864,0.2,1.0,0.0,0.0,0.0,0.0,0.0,0.0,0.0,0.0
833223720182,549755868287,Аптека,"лейкопластырь бактерицидный ""арма"" полимерный телесный, 25 х 72 мм, 100 шт.",арма / лейкопластырь бактерицидный 100 шт.,1.0,0.08489043261683911,0.9090909090909091,0.3333333333333333,1.0,1.0,1.0,0.0,0.0,0.0,0.0,0.0,0.0
120259193886,231928234394,Ювелирные изделия,"кольцо baltsilver из серебра ""спаси и сохрани""",baltsilver / кольцо из серебра спаси и сохрани,1.0,0.08495101528252291,0.8478260869565217,0.0,0.0,0.0,0.0,0.0,0.0,0.0,0.0,0.0,0.0
343597405878,274877914229,Автотовары,кольца поршневые - mahle арт. 00114n0,mahle кольца поршневые арт. 00414n0,1.0,0.08499870267072861,0.9444444444444444,0.3333333333333333,1.0,0.0,0.0,0.0,0.0,0.0,0.0,0.0,0.0
790274137619,42949826689,Автотовары,toyo observe g3-ice шины зимние 275/40  r19 105t шипованные,автошина roadx rx frost wcs01 195/70 r15c 104/102q шип.,1.0,0.08505006829201395,0.4070796460176991,0.0,1.0,0.0,0.0,0.0,0.0,0.0,0.0,0.0,0.0
609885460350,171798694855,Автотовары,"abaiwai амортизатор подвески, арт. lr15, 1 шт.",areon / ароматизатор areon luxe гель (5мл) rus,1.0,0.0850569741864857,0.3953488372093023,0.0,1.0,0.0,1.0,0.0,0.0,0.0,0.0,0.0,0.0
163208813471,627065230166,Электроника,"petg пластик bestfilament, 1.75 мм, светло-серый, 1 кг",пластик для 3d-принтера bestfilament pla light grey,1.0,0.08515076976147828,0.5142857142857143,0.0,1.0,1.0,1.0,1.0,0.0,0.0,0.0,1.0,0.0
231928348398,85899459148,Бытовая техника,бирюса холодильник б-w920nf,бирюса / холодильник w960nf графит,1.0,0.08522457370757403,0.8,0.0,1.0,0.0,0.0,0.0,0.0,0.0,0.0,0.0,0.0
661424981675,197568595669,Автотовары,"atlant багажник крышу atlant, 8826+7002+7250, прямоугольные дуги 1,26 киа к5 2020-2022","багажник на крышу atlant, 8825+7002+7112, прям дуги 1,1 фольксваген поло хэтч 2010-2015",1.0,0.08529666898816805,0.7052023121387283,0.08333333333333333,1.0,0.0,0.0,1.0,0.0,0.0,1.0,1.0,0.0
481036493394,481036423667,Электроника,блок питания для asus zenbook 13 ux334 19v 3.42a 4.0x1.35mm 65w,сетевой адаптер для ноутбука oem для asus vivobook f102ba,1.0,0.08544852195965048,0.41379310344827586,0.0,1.0,1.0,1.0,0.0,1.0,0.0,1.0,1.0,0.0
798863959302,274877957911,Музыкальные инструменты,трости для сопрано саксофона vandoren v16 №3 (10 шт),трости для саксофона-альт vandoren v16 sr703,1.0,0.08553167730506755,0.7708333333333333,0.25,1.0,0.0,0.0,0.0,0.0,0.0,0.0,0.0,0.0
790274108859,575525765699,Спорт и отдых,"помпа водоподающая мембранная seaflo, 24 в, 10 л/мин, 1.2 бар, 1.5 а","seaflo помпа водоподающая мембранная seaflo, 12 в, 17 л/мин, 2.8 бар, 6 а",1.0,0.08574005479413187,0.8852459016393442,0.0,1.0,0.0,1.0,0.0,1.0,0.0,0.0,0.0,0.0
214748503769,163208899618,Бытовая техника,прочная щётка для пылесоса electrolux xxl62 910284891,прочная щётка для пылесоса electrolux xxl110 910288043,1.0,0.0858094574019844,0.897196261682243,0.0,1.0,0.0,0.0,0.0,0.0,0.0,0.0,0.0,0.0
249108110801,824633851273,Обувь,кеды унисекс nike 1502-20242 голубые 42 eu,кроссовки nike air jordan 1,1.0,0.0859723266909923,0.34782608695652173,0.0,1.0,0.0,0.0,1.0,0.0,0.0,0.0,0.0,1.0
111669153574,120259184570,Бытовая техника,"m008 нож #5 совместим с мясорубами philips, braun, vitek и др. (кв. 9 мм. под решетку д-54 мм)","без бренда нож односторонний для мясорубки novex nmg 401, 402",1.0,0.08599641660612303,0.4,0.0,1.0,0.0,0.0,0.0,1.0,0.0,0.0,0.0,0.0
807453959286,721554532664,Мебель,clicker шкаф торстейн 2 цвет дуб крафт табачный 900-520-2000 наполнение платье,шкаф рагнар 2 цвет дуб крафт табачный 900-520-2000 наполнение платье,1.0,0.08600048816974122,0.9457364341085271,1.0,0.0,0.0,0.0,0.0,1.0,0.0,0.0,1.0,0.0
77309548401,678604845743,Красота и гигиена,татуировка на тело цветная фосфорная 'динозаврики' микс 12х7,"татуировка на тело цветная фосфорная ""динозаврики"" 12х7,5 см, 3 штуки",1.0,0.08603481815384073,0.8682170542635659,0.25,1.0,0.0,0.0,0.0,0.0,0.0,0.0,0.0,0.0
489626335349,60129687161,Спорт и отдых,горнолыжные палки atomic redster rs sl (19/20) (125),горнолыжные палки atomic redster rs red/black 20/21,1.0,0.08625068070596315,0.813953488372093,0.25,1.0,0.0,0.0,0.0,0.0,0.0,0.0,0.0,0.0
592705568361,257698163862,Автотовары,"avtolider1 автомобильный чехол на сиденье водительское, задние сиденья, экокожа, алькантара",/ чехлы на сиденья газ газель next gaz gazel next 2021-н.в.,1.0,0.08625709973799339,0.3586206896551724,0.0,1.0,0.0,0.0,0.0,0.0,0.0,1.0,0.0,1.0
816043930449,687194922407,Автотовары,фильтр воздушный двигателя fortech fa047,fortech фильтр воздушный арт. fa027,1.0,0.08628432153659045,0.8533333333333333,0.0,1.0,0.0,0.0,1.0,0.0,0.0,1.0,0.0,0.0
386547140092,747324385468,Одежда,нагрудник-платок для новорожденных крошка я,фартук / нагрудник (см. описание),1.0,0.08637558030982698,0.4210526315789474,0.0,0.0,0.0,0.0,0.0,0.0,0.0,0.0,0.0,0.0
575525767138,790274029550,Обувь,nordman / jet с флисовым утеплителем,сапоги резиновые nordman jet,1.0,0.08643687848225111,0.5641025641025641,0.0,0.0,0.0,0.0,0.0,0.0,0.0,0.0,1.0,0.0
764504299517,429496866447,Товары для животных,"usond двойная миска для собак usond, металл, сталь, серебристый, 2 шт по 0,75 л","юсонд мм-016 подставка квадратная+металлические миски 1,5л напольная",1.0,0.08647668945023414,0.38095238095238093,0.0,1.0,0.0,1.0,0.0,1.0,0.0,1.0,0.0,1.0
678604971478,111669164622,Галантерея и аксессуары,солнцезащитные очки унисекс sf9416 dark,fila очки солнцезащитные,1.0,0.08660190213031747,0.8837209302325582,0.0,0.0,0.0,0.0,0.0,0.0,0.0,0.0,0.0,0.0
420906845213,738734496165,Обувь,ботинки рабочие сириус сириус,sirius plus / ботинки,1.0,0.08661516887786876,0.5,0.0,0.0,0.0,0.0,0.0,0.0,0.0,0.0,1.0,0.0
798863997615,231928253079,Обувь,milana / ботинки демисезонные натуральная кожа,ботинки milana демисезон,1.0,0.08696857775091414,0.736842105263158,0.0,0.0,0.0,0.0,0.0,0.0,0.0,0.0,0.0,1.0
94489325344,154618982036,Обувь,ботинки tendance,"tendance tendance, размер 40, черный",1.0,0.08710167525535631,0.6666666666666665,0.0,0.0,0.0,0.0,0.0,0.0,0.0,0.0,1.0,0.0
687194859182,481036350124,Одежда,"трусы размер l, розовый","трусы слипы ava, 1 шт",1.0,0.08712145381066712,0.40909090909090906,0.0,0.0,0.0,1.0,0.0,0.0,0.0,1.0,1.0,0.0
386547169654,523986056010,Мебель,"лига диванов прямой диван, механизм нераскладной, 153х62х101 см",лига диванов прямой диван ральф рогожка корфу 02,1.0,0.08731419817945132,0.5945945945945946,0.0,1.0,0.0,0.0,1.0,0.0,0.0,1.0,1.0,0.0
558345806632,369367352924,Строительство и ремонт,"novotech встраиваемый светильник, led, 10 вт",novotech / встраиваемый светильник novotech knof 358690,1.0,0.08742074780192172,0.7777777777777777,0.0,1.0,0.0,0.0,0.0,0.0,0.0,0.0,0.0,0.0
498216234087,266288027831,Автотовары,расходомер воздуха patron pfa10038,patron датчик расхода воздуха patron pfa10088,1.0,0.08762599012044041,0.8055555555555556,0.0,1.0,0.0,0.0,1.0,0.0,0.0,1.0,0.0,0.0
695784833428,257698125101,Автотовары,arivo / arivo ultra arz 5 245/40r18 97w xl,nexen n fera su1 dot17 шины летние 205/40  r16 79w,1.0,0.08776977538440801,0.3764705882352941,0.1,1.0,0.0,0.0,0.0,0.0,0.0,0.0,0.0,0.0
609885448479,146028934178,Автотовары,amd тяга рулевая арт. amdre185,amd / рулевая тяга,1.0,0.08795426573734794,0.9411764705882354,0.0,0.0,0.0,0.0,0.0,0.0,0.0,0.0,0.0,0.0
171798734105,420906927511,Обувь,reebok кроссовки nfx trainer,кроссовки reebok nfx trainer,1.0,0.088091202578544,1.0,0.0,0.0,0.0,0.0,0.0,0.0,0.0,0.0,1.0,0.0
558345882987,17180038565,Автотовары,тормозные колодки для ktm sx 400 2000-2002 pl208 задние,puller тормозные колодки для ccm 404 e 2003-2004 pl208 задние левые,1.0,0.08809706632163819,0.7868852459016393,0.14285714285714285,1.0,0.0,0.0,0.0,0.0,0.0,0.0,0.0,0.0
712964728054,300647775299,Обувь,ботинки рабочие факел,факел ботинки (иск.мех) пу/пу элитспецобувь (арт.13/1м) (41),1.0,0.08831596411052216,0.7647058823529411,0.0,0.0,0.0,0.0,0.0,0.0,0.0,0.0,1.0,0.0
94489362312,206158456492,Продукты питания,"l'or кофе в зернах l’or ""crema absolu classique"", 1000 г, вакуумная упаковка, 8051298","кофе l'or crema absolu classique в зернах, 1 кг",1.0,0.08872528486094267,0.6212121212121212,0.0,1.0,1.0,1.0,1.0,0.0,0.0,0.0,0.0,0.0
197568625765,343597470611,Обувь,"inuovo сандалии inuovo, размер 37, черный",босоножки inuovo,1.0,0.08903901041678106,0.5454545454545454,0.0,0.0,0.0,0.0,0.0,0.0,0.0,0.0,0.0,1.0
635655237971,446676616899,Мебель,"кухонный уголок кухонный угловой диван токио левый угол, 204х126х82 см",кухонный угловой диван лига диванов токио левый угол 119428l,1.0,0.08921414068885307,0.7603305785123967,0.0,1.0,1.0,1.0,0.0,0.0,0.0,0.0,1.0,0.0
223338390604,833223791143,Ювелирные изделия,подвеска золото красное 585 пробы,"без бренда / золотая подвеска ""б.м казанская""",1.0,0.08926378823643885,0.48717948717948717,0.0,0.0,0.0,0.0,0.0,0.0,0.0,0.0,0.0,0.0
369367268699,17179907994,Галантерея и аксессуары,похожая на цветок / серьги со стразами,"серьги со стразами ""роли"" губы, цвет красный",1.0,0.08935030692954375,0.6585365853658536,0.0,0.0,0.0,0.0,0.0,0.0,0.0,0.0,1.0,0.0
352187370185,214748430952,Ювелирные изделия,sokolov / серьги серебро 925 пробы висячие ювелирные,jewelry серьги ювелирные серебро 925 пробы,1.0,0.08945140585745026,0.8947368421052632,1.0,0.0,0.0,0.0,0.0,0.0,0.0,0.0,0.0,1.0
146028923911,652835128201,Продукты питания,milkavita молоко ультрапастеризованное 2.5% 1000мл. 12шт.,"/ молоко питьевое ультрапастеризованное, 2,5%, милкавита, 1 л",1.0,0.08946178138243947,0.6101694915254238,0.0,1.0,1.0,1.0,0.0,0.0,0.0,0.0,0.0,0.0
292057840610,704374719605,Мебель,кровать двуспальная с выдвижными ящиками мори 1600 цвет дуб сонома,"cbk кровать двуспальная мори 1600 цвет дуб сонома, шхгхв 163,5х203,5х70 см, сп. м. 1600х2000 мм, без матраса, основание есть",1.0,0.08951897315611557,0.7307692307692308,0.2,1.0,0.0,0.0,0.0,0.0,0.0,0.0,1.0,0.0
721554630941,94489396110,Продукты питания,"prolom voda / вода минеральная питьевая негазированная пролом 6 шт 1,5 л",prolom voda вода минеральная негазированная 1500мл. 6шт,1.0,0.08960074428250699,0.8775510204081632,0.3333333333333333,1.0,1.0,1.0,0.0,0.0,0.0,0.0,0.0,0.0
764504272881,180388730474,Галантерея и аксессуары,"casio наручные часы casio, серый",casio часы наручные кварцевые,1.0,0.08971739324506182,0.7916666666666667,0.0,0.0,0.0,0.0,0.0,0.0,0.0,0.0,0.0,1.0
704374663988,721554557505,Галантерея и аксессуары,casio часы наручные кварцевые,casio / наручные часы w-217hm-9a,1.0,0.08971739324506182,0.7916666666666667,0.0,0.0,0.0,1.0,0.0,0.0,0.0,0.0,0.0,1.0
523986020111,781684122834,Обувь,ботинки officine creative,"officine creative ботинки officine creative, размер 42.5, серый",1.0,0.08985428174037825,1.0,0.0,0.0,0.0,0.0,0.0,0.0,0.0,0.0,0.0,1.0
60129687512,309237793833,Обувь,ботинки officine creative,"officine creative ботинки officine creative, размер 43.5, серый",1.0,0.08985428174037825,1.0,0.0,0.0,0.0,0.0,0.0,0.0,0.0,0.0,1.0,0.0
781684078903,747324331143,Продукты питания,jojolapa кешью сырой. орехи кешью 1кг,орех кешью сырой 1000 гр,1.0,0.0898651365585969,0.6909090909090909,0.0,1.0,1.0,0.0,0.0,1.0,0.0,0.0,0.0,0.0
120259216755,764504231505,Одежда,win_hp fashion / свитер женский оверсайз длинный вязаный с принтом,свитер gareni,1.0,0.08991607702077607,0.631578947368421,0.0,0.0,0.0,1.0,0.0,0.0,0.0,0.0,1.0,0.0
532576103643,137439000263,Канцелярские товары,"папка-портфель пластиковая hasbro 81трк45 - бамблби, трансформеры, молния сверху, а4, 1 шт.","hasbro папка для тетрадей а4, 230 х 325 х 50 мм, молния свкрху, ""трансформеры"", объёмный 3d-рисунок с эффектом металлика",1.0,0.08993592446233371,0.47846889952153115,0.125,1.0,0.0,1.0,0.0,0.0,0.0,0.0,0.0,0.0
420906902478,171798757611,Музыкальные инструменты,ремень для гитары alice a040-lb,ремень гитарный alice a040-lb,1.0,0.08994252670482455,0.9,1.0,0.0,0.0,0.0,1.0,0.0,1.0,0.0,0.0,0.0
206158563948,309237720032,Мебель,"кухонный гарнитур эра ""хозяюшка"", мдф, 2 м, акация белая/деним.","эра кухня ""хозяюшка"" 2,0м - акация белая-деним",1.0,0.0899450091000775,0.7155963302752294,0.0,1.0,0.0,1.0,0.0,0.0,0.0,0.0,0.0,1.0
816043841280,94489352819,Автотовары,camozzi фитинг тройник 15 (camozzi),patron шланг тормозной пер. лев. hyundai kia ix35 / sportage (sl) 10-16 арт. pbh0232,1.0,0.09014774956425198,0.26890756302521013,0.0,1.0,0.0,0.0,0.0,0.0,0.0,0.0,0.0,0.0
395137097348,188978579722,Продукты питания,"jardin / кофе в зернах jardin ""crema"", 621115",кофе в зернах jardin crema 1000 г,1.0,0.09017104574613372,0.7605633802816902,0.0,1.0,0.0,1.0,0.0,0.0,0.0,0.0,0.0,0.0
17179922547,798863954388,Дом и сад,светодиодная гирлянда arlight 025819 10000 см цвет синий,"светодиодная гирлянда ard-string-classic-1000-clear-100led-pulse azure (230v, 7w) (ardcl, ip65), 031644",1.0,0.09018890353409752,0.5454545454545454,0.0,1.0,0.0,0.0,0.0,0.0,0.0,0.0,0.0,1.0
309237776123,377957249377,Ювелирные изделия,"sokolov цепь sokolov, белое золото, 585 проба, длина 40 см, средний вес 1.99 г","jewelry цепочка из родированного серебра 925 пробы / плетение колос / ширина 1,2 мм",1.0,0.09029644090315786,0.3522012578616352,0.0,1.0,0.0,1.0,0.0,0.0,0.0,0.0,0.0,0.0
68719603329,798863963578,Автотовары,"оплетка, чехол (накидка) на руль форд мондео (2006 - 2010) универсал 5 дверей / ford mondeo, натуральная кожа, черный","автопилот оплетка на руль субару форестер (2011 - 2013) внедорожник 5 дверей / subaru forester, натуральная кожа (высокого качества), черный",1.0,0.09031612485955848,0.622568093385214,0.2,1.0,0.0,0.0,0.0,0.0,0.0,0.0,1.0,0.0
137438970982,541166021476,Обувь,"tendance tendance, размер 38, серый",ботинки tendance,1.0,0.0903650438162698,0.6666666666666665,0.0,0.0,0.0,0.0,0.0,0.0,0.0,0.0,0.0,1.0
463856533562,103079331815,Продукты питания,sosero желтый перец фаршированный сыром 290 г,sosero / острый перец sosero фаршированный сыром 300 г,1.0,0.09048179923573017,0.8695652173913043,0.0,1.0,0.0,1.0,0.0,0.0,0.0,0.0,0.0,0.0
498216306184,678604854206,Продукты питания,орех макадамия в скорлупе,не определен орех макадамия в скорлупе 1000г,1.0,0.09074097779367951,1.0,0.0,0.0,0.0,0.0,0.0,1.0,0.0,0.0,0.0,0.0
137439071219,360777398118,Одежда,"lingerie трусы lingerie, размер s, черный, коричневый",трусы ava,1.0,0.0908258363496887,0.7142857142857143,0.0,0.0,0.0,0.0,0.0,0.0,0.0,0.0,1.0,0.0
712964662028,309237698740,Строительство и ремонт,"аккумулятор для black & decker hp148f2 2.0ah 14,4v ni-cd","greenway аккумулятор для black & decker hp148f3k 2.0ah 14,4v ni-cd",1.0,0.09088194737957656,0.923076923076923,0.6,1.0,0.0,0.0,0.0,0.0,0.0,0.0,0.0,0.0
412316927542,111669167680,Электроника,"cactus картридж, совместимый, пурпурный (magenta), 1 шт","картридж cactus cs-cf383a, 2700 стр, пурпурный",1.0,0.09092370511497692,0.6336633663366337,0.0,1.0,1.0,0.0,0.0,1.0,0.0,0.0,1.0,0.0
103079283342,146028892552,Одежда,костюм рабочий летний л05-кбр зелен (р.48-50) 170-176,костюм рабочий летний л05-кпк зелен (р.48-50) 182-188,1.0,0.09111295970899475,0.8867924528301887,0.42857142857142855,1.0,0.0,0.0,0.0,0.0,0.0,0.0,0.0,0.0
188978605077,120259206178,Мебель,"лига диванов угловой диван ,244х150х85см","лига диванов угловой диван принстон правый угол, экокожа, модель 29375",1.0,0.09127602819210132,0.7878787878787878,0.0,1.0,1.0,1.0,0.0,0.0,0.0,0.0,0.0,0.0
687194866614,730144551292,Обувь,"kaury сапоги kaury, размер 25/26, бордовый",сапоги резиновые kaury,1.0,0.09130135161469363,0.7058823529411765,0.0,0.0,0.0,0.0,0.0,0.0,0.0,0.0,1.0,0.0
515396173769,77309538850,Строительство и ремонт,"camelion / светильник настольный на подставке, e27, черный",camelion светильник-переноска светильник kd-313 c02 настол. 230в 60вт e27 черн.,1.0,0.0914074856897053,0.6277372262773723,0.2,1.0,0.0,0.0,0.0,0.0,0.0,0.0,0.0,0.0
171798832047,455266671496,Обувь,чешки onlitop,"теропром полупальцы из микрофибры с мягкой вставкой, размер 27-28 (16-17,5 см), цвет бежевый",1.0,0.09144509572961008,0.0761904761904762,0.0,0.0,0.0,0.0,0.0,0.0,0.0,0.0,1.0,0.0
403726992766,214748421654,Ювелирные изделия,эмери кольцо серебро черненое 925 пробы,эмери / серебряное кольцо байкальские горы из коллекции байкал,1.0,0.09151662857266533,0.5346534653465347,0.0,0.0,0.0,0.0,0.0,0.0,0.0,0.0,0.0,1.0
214748421654,841813592738,Ювелирные изделия,эмери / серебряное кольцо байкальские горы из коллекции байкал,эмери кольцо серебро черненое 925 пробы,1.0,0.09151662857266533,0.5346534653465347,0.0,0.0,0.0,0.0,0.0,0.0,0.0,0.0,0.0,1.0
94489318398,498216298212,Автотовары,"дворники бескаркасные denso endurovision ford tourneo connect / форд турнео коннект рест. 2009 / 2010 / 2011 / 2012 / 2013, 550мм-500мм",щетки стеклоочистителя (дворники) бескаркасные denso endurovision для genesis g90 hi / генезис г90 2016 / 2017 / 2018 / 2019 650мм-400мм,1.0,0.09164039944067774,0.5914396887159533,0.0,1.0,0.0,1.0,0.0,0.0,0.0,1.0,0.0,0.0
68719536557,498216273798,Электроника,"garmin умные часы смарт часы garmin fenix 7s silver with whitestone band, 42mm, silver",garmin / смарт-часы fenix 7s белые 010-02539-03,1.0,0.091711556656056,0.4912280701754386,0.2,1.0,0.0,1.0,0.0,0.0,0.0,0.0,1.0,0.0
326417662688,352187481207,Красота и гигиена,the saem / bb крем - saemmul perfect pore bb 02 natural beige 30гр.,the saem бб крем saemmul perfect pore bb 02.natural beige 15мл.,1.0,0.0917630585076158,0.8503937007874016,0.3333333333333333,1.0,0.0,1.0,0.0,0.0,0.0,0.0,0.0,0.0
352187391380,472446432428,Ювелирные изделия,talant / кольцо золотое с фианитами,talant кольцо золото красное 585 пробы,1.0,0.09176903448276642,0.6575342465753425,0.0,0.0,0.0,0.0,0.0,0.0,0.0,0.0,0.0,1.0
335007475854,601295532036,Музыкальные инструменты,струны для бас-гитары d'addario esxl170 45-100,комплект струн для бас-гитары d'addario exl170s,1.0,0.09178373526596302,0.7956989247311828,0.3333333333333333,1.0,0.0,0.0,0.0,0.0,0.0,0.0,0.0,0.0
171798756897,60129624228,Электроника,"аккумулятор w650bat-6 premium для dexp h105, h104, h101, g102, g104, h150 / 11,1v 4400mah 48,84wh",element / аккумулятор для dexp atlas h104 / premium,1.0,0.0917881530709432,0.759493670886076,0.1,1.0,1.0,1.0,0.0,0.0,0.0,0.0,0.0,0.0
52842,8590044382,Обувь,росвест / сандалии натуральная кожа,сандалии росвест,1.0,0.09194749035161551,1.0,0.0,0.0,0.0,0.0,0.0,0.0,0.0,0.0,0.0,1.0
481036436793,103079368038,Автотовары,"стойка передняя ваз 2190 правая, левая газомасляная премиум занижение на 50 мм демфи, sfc9050 (1шт.)","амортизаторы передние ваз 2190 (для а/м модели гранта) под пружину с занижением ( - 70 ) ""премиум"" (2 шт, газо-масляные) / demfi",1.0,0.09198332567747508,0.4912280701754386,0.16666666666666666,1.0,0.0,1.0,0.0,0.0,0.0,1.0,0.0,0.0
8590065333,635655321970,Продукты питания,"спринт,батончик с жар.арахисом и мяг.карамелью, 50 гр.*18","kdv / шоколадный батончик ""спринт""",1.0,0.09204968217164256,0.3076923076923077,0.0,0.0,0.0,1.0,0.0,0.0,0.0,0.0,0.0,0.0
489626375862,60129620079,Мебель,"комплект teymi 3 в 1: тумба helmi 85 дуб крафт/графит + раковина solli 51 накладная + смеситель diadonna высокий, черный матовый f07101",teymi / тумба helmi 85 дуб/графит + раковина + смеситель f07109,1.0,0.09214228541919686,0.803921568627451,0.16666666666666666,1.0,0.0,0.0,0.0,0.0,0.0,1.0,0.0,1.0
704374718928,687194804173,Электроника,аккумуляторная батарея eb425161lu для samsung galaxy s3 mini gt-i8190/galaxy ace 2 gt-i8160/galaxy s3 mini ve gt-i8200/galaxy trend gt-s7390/galaxy trend duos gt-s7392/galaxy s duos gt-s7562/galaxy j1 mini i8160/i8190/i8200/s7390/s7392/s7562/j105h/j106f,just buy it / акб для samsung i8160/i8190/s3 mini/ace 2/s7562/j105,1.0,0.09220966462094918,0.33898305084745756,0.5,1.0,0.0,0.0,0.0,0.0,0.0,0.0,0.0,0.0
472446509157,506806291707,Дом и сад,"банка для продуктов универсальная loraine, 1050 мл",loraine / банка для сыпучих продуктов 1.08 л,1.0,0.09230248097048412,0.7446808510638298,0.0,1.0,1.0,1.0,0.0,0.0,0.0,0.0,0.0,0.0
386547150330,721554550576,Мебель,"лига диванов угловой диван ,250х153х73см","лига диванов угловой диван атланта м левый угол, рогожка, модель 110820l",1.0,0.0923115350988269,0.7878787878787878,0.0,1.0,1.0,1.0,0.0,0.0,0.0,0.0,1.0,0.0
704374751759,42949783970,Товары для животных,"сибирская кошка сибирский пес игрушка для собак супермяч на верёвке с двумя узлами, 6,5см, 0,082 кг","сибирский пес игрушка для собак супермяч на верёвке с кольцом, 6,5см, 0,098 кг, 36063",1.0,0.09241082806325791,0.8275862068965517,0.25,1.0,1.0,1.0,0.0,0.0,0.0,0.0,0.0,0.0
257698109642,25769807449,Автотовары,"автопилот накидки для хонда цивик (1998-2002) универсал 5 дверей / honda civic на передние сиденья tour, алькантара, хаки","накидки для хонда цивик (2008-2012) седан / honda civic на передние сиденья tour, алькантара, хаки",1.0,0.09245282430080279,0.8988764044943821,0.0,1.0,0.0,0.0,0.0,0.0,0.0,0.0,1.0,0.0
103079246891,300647816683,Автотовары,"накидки для шкода октавия (2000 - 2011) универсал 5 дверей / skoda octavia на задние сиденья monaco, велюр с экокожей, черный.","autopilot накидки для шкода суперб (2019 - 2024) универсал 5 дверей / skoda superb на задние сиденья monaco, велюр с экокожей, черный.",1.0,0.09246158154354403,0.875,0.2,1.0,0.0,0.0,0.0,0.0,0.0,1.0,1.0,0.0
584115595602,25769877923,Канцелярские товары,еженедельник moleskine classic soft wknt large 130х210мм,"moleskine / блокнот weekly, 13х21 см, датированный, черный, 144 стр",1.0,0.09247102231210037,0.3902439024390244,0.0,1.0,1.0,1.0,0.0,0.0,0.0,0.0,1.0,0.0
274878057032,223338432096,Красота и гигиена,"белита / шампунь для волос""козье молоко"" professional line, 1000 мл.",шампунь для улучшения структуры волос плазма марино 1 л,1.0,0.09267183872966359,0.4227642276422764,0.0,1.0,1.0,1.0,0.0,0.0,0.0,0.0,0.0,0.0
678604875996,360777395989,Дом и сад,"подарочный набор artfox - для самой милой, блокнот, трекер привычек и восковые мелки, 1 упаковка","набор: блокнот-раскраска а6, трекер привычек и восковые мелки для самой милой",1.0,0.09267272540691826,0.7283236994219654,0.0,1.0,0.0,0.0,0.0,0.0,0.0,0.0,0.0,0.0
154618967606,68719542993,Продукты питания,"кофе в капсулах nespresso vertuo melozio, 230 мл","кофе в капсулах nespresso vertuo melozio, упаковка 10 шт",1.0,0.09273414754169677,0.9213483146067416,0.0,1.0,0.0,1.0,1.0,0.0,0.0,0.0,0.0,0.0
798863986375,506806266443,Ювелирные изделия,кристалл мечты/ подвеска из золота со вставками/ природный уральский александрит/ якутский бриллиант коричневый,"подвеска кристалл мечты эксклюзив, желтое золото, 585 проба, бриллиант, александрит, размер 2.3 см.",1.0,0.09282306872708095,0.638095238095238,0.0,0.0,0.0,0.0,0.0,0.0,1.0,0.0,0.0,0.0
515396098767,403726976781,Дом и сад,"viva - home textile комплект постельного белья, сатин, семейный, наволочки 70x70, 50x70","viva home textile постельное белье страйп сатин однотонный на резинке ctr028, 2 спальный, наволочки 4 шт 160*200*25",1.0,0.09288742750444642,0.6237623762376238,0.0,1.0,0.0,0.0,0.0,0.0,0.0,0.0,0.0,0.0
51539611988,566935817855,Строительство и ремонт,ledvance светильник декоративный лампа светодиодная led value lvcla100 12sw/865 12вт грушевидная матовая e27 230в 10х1 ru osram 4058075579064,лампа светодиодная led 12 вт e27 6500к 960лм груша 220 в (замена 100вт) | код 4058075579064 | ledvance (9шт. в упак.),1.0,0.0930411030984746,0.6062992125984252,0.3333333333333333,1.0,0.0,0.0,0.0,0.0,0.0,0.0,0.0,1.0
816043903817,790274102614,Продукты питания,kdv / конфеты загорская сливочная коровка 500 г,конфета загорская сливочная. упаковка 0.5 кг. яшкино ,1.0,0.09316811747341633,0.6262626262626262,0.0,1.0,0.0,1.0,0.0,0.0,0.0,0.0,0.0,0.0
712964683059,231928236668,Ювелирные изделия,diadem / цепочка женская серебряная плетение снейк,diamant цепочка из родированного серебра 925 пробы / плетение снейк / ширина 1 мм,1.0,0.0931872667455376,0.6486486486486487,0.0,0.0,0.0,1.0,0.0,0.0,0.0,0.0,0.0,1.0
472446492013,206158575186,Дом и сад,"lefard набор тарелок для дома, для души ""дед мороз и снегурочка"", 4 шт, фарфор, диаметр 20.5 см","набор обеденных тарелок 4 шт lefard дед мороз и снегурочка 20,5 см 4-spaik(85-1717)arti",1.0,0.09329452178796593,0.6516853932584269,0.2,1.0,1.0,0.0,1.0,0.0,1.0,0.0,0.0,1.0
704374656269,249108232305,Обувь,сказка shoes / ботинки зимние сапоги,ботинки сказка,1.0,0.09329645995658825,1.0,0.0,0.0,0.0,0.0,0.0,0.0,0.0,0.0,0.0,1.0
575525708995,180388752101,Обувь,gsd кроссовки want,кроссовки gsd want,1.0,0.09334294594617472,1.0,0.0,0.0,0.0,0.0,0.0,0.0,0.0,0.0,1.0,0.0
137439020055,687194916344,Обувь,сабо богатырь текстиль на каждый день,богатырь / сабо резиновые летние для детей,1.0,0.09334767109230863,0.5822784810126582,0.0,0.0,0.0,0.0,0.0,0.0,0.0,0.0,0.0,1.0
755914384904,214748381772,Автотовары,колодки тормозные дисковые задние lynxauto bd7602,колодки тормозные lynxauto bd7611,1.0,0.0933923411345668,0.8813559322033899,0.0,1.0,0.0,0.0,1.0,0.0,0.0,1.0,0.0,0.0
824633780853,180388800670,Мебель,без бренда шкаф-пенал трикс левый цвет дуб крафт золотой 600-550-2200 наполнение платье,шкаф-пенал трикс левый цвет дуб крафт золотой с ящиками 600-550-2000 наполнение белье,1.0,0.09345386767716117,0.8604651162790699,0.5,1.0,0.0,0.0,0.0,1.0,0.0,0.0,1.0,0.0
566935715658,326417516000,Автотовары,miles товар шрус toyota 1.6-2.0 97-03 нар.(abs) (gkn 304827) ga20451,шрус chevrolet lacetti 1.4/1.6/1.8 05- нар. ga20047,1.0,0.09345873090204107,0.4705882352941177,0.1,1.0,0.0,0.0,0.0,0.0,0.0,0.0,0.0,0.0
704374742856,609885370098,Одежда,пижама deby do домашний,"не определен пижама , размер 50, экрю",1.0,0.09362801626025968,0.41379310344827586,0.0,0.0,1.0,0.0,0.0,0.0,0.0,0.0,0.0,1.0
300647861646,317827642894,Строительство и ремонт,generica светильник-переноска светильник светодиодный дпо 0101 10вт ip65 4000к круг .,светильник светодиодный дпо 0102 15вт ip65 4000к круг | код.ldpo0-0102-15-40-k01-g | generica (60шт.в упак.),1.0,0.09363568420744572,0.759124087591241,0.2,1.0,0.0,0.0,0.0,0.0,0.0,0.0,0.0,0.0
695784803321,481036424992,Обувь,кеды женские guess pardie6 fljpr6 ele12 черные 37 eu,кроссовки guess,1.0,0.09371400158771423,0.5,0.0,0.0,0.0,0.0,1.0,0.0,0.0,0.0,1.0,0.0
670014959611,343597517502,Галантерея и аксессуары,arta / кулон подвеска с цепочкой ом,601 цепочка с подвеской ом /подвеска /кулон,1.0,0.09372972149503164,0.6923076923076923,0.0,0.0,1.0,1.0,0.0,0.0,0.0,0.0,0.0,1.0
541165995806,489626310884,Мебель,не определен барная стойка лофт-2 дуб вотан пр,"svp-mebel барный стол, 120х58х110 см",1.0,0.09389382226630363,0.24390243902439024,0.0,1.0,0.0,1.0,1.0,0.0,0.0,0.0,1.0,0.0
489626410189,498216321242,Бытовая техника,equation / обогреватель электрический 1000 вт,обогреватель электрический 1500 вт 15 м2,1.0,0.09405716945822903,0.8405797101449275,0.0,1.0,1.0,1.0,0.0,0.0,0.0,0.0,1.0,0.0
412316869872,446676706259,Галантерея и аксессуары,fossil часы наручные кварцевые,оригинальные мужские наручные часы fossil 42 мм,1.0,0.09407737823440372,0.8,0.0,0.0,0.0,0.0,0.0,0.0,0.0,0.0,1.0,0.0
446676645416,472446473329,Спорт и отдых,"зажигалка zippo classic с покрытием black matte, латунь/сталь, чёрная, матовая, 38x13x57 мм","zippo classic с покрытием black matte, латунь/сталь, чёрная, матовая, 36x12x56 мм",1.0,0.09407858918435852,0.9411764705882354,0.0,1.0,0.0,1.0,0.0,0.0,0.0,0.0,0.0,0.0
326417518654,128849154443,Продукты питания,"напиток aqua minerale active малина негазированный, 0,5 л","вода питьевая active малина негазированная, 0.5л",1.0,0.09408014250800367,0.6285714285714286,0.0,1.0,1.0,1.0,0.0,1.0,0.0,0.0,0.0,0.0
670014963851,704374721767,Строительство и ремонт,"экономсвет потолочный светильник, e27, 40 вт",экономсвет / подвесной светильник 30111/3gd amb+bk,1.0,0.09416264851120348,0.6170212765957447,0.0,1.0,1.0,1.0,0.0,0.0,0.0,1.0,0.0,1.0
764504240913,755914371657,Галантерея и аксессуары,"чемодан all case, пластик, 70 см, 85 л",l'case / чемодан на колесах lcase-bangkok большой l 1 шт.,1.0,0.09422455329423954,0.4842105263157894,0.0,1.0,1.0,1.0,0.0,0.0,0.0,0.0,0.0,1.0
678604957872,687194825448,Галантерея и аксессуары,"рюкзак найт 30*13*44 см, 2 отделения на молнии, 3 н/кармана","не определен рюкзак на молнии, 3 наружных кармана, цвет чёрный",1.0,0.0942855029083769,0.628099173553719,0.2,1.0,0.0,1.0,0.0,0.0,0.0,0.0,1.0,0.0
352187335927,369367349531,Обувь,кроссовки puma,puma / кроссовки st runner v3 l,1.0,0.09429479329849358,1.0,0.0,0.0,0.0,0.0,0.0,0.0,0.0,0.0,1.0,0.0
386547074695,781684088412,Одежда,бейсболка dsquared2,zazaerik / бейсболка летняя dsquared2 кепка мужская,1.0,0.09433653149734798,1.0,1.0,0.0,0.0,0.0,0.0,0.0,0.0,0.0,1.0,0.0
274878048596,214748442442,Галантерея и аксессуары,1я улица / значок для портфеля и одежды со смешными картинка,"значок ""не беси"", металлический, закатной,  56 мм",1.0,0.09437536468498568,0.4074074074074074,0.0,1.0,0.0,1.0,0.0,0.0,0.0,0.0,0.0,0.0
103079335919,360777283751,Хобби и творчество,"saturn - пазлы для детей / пазлы 4 в 1 ""в жарких странах""","пазлы 4, 6, 9, 12 элем .17х17 см .от 3 лет .животный мир,",1.0,0.09440969353708493,0.38888888888888884,0.14285714285714285,1.0,1.0,1.0,0.0,0.0,0.0,0.0,0.0,0.0
790274074040,515396166065,Мебель,"svp-mebel барный стол, 110х40х110 см",не определен барная стойка лофт-10 белый каспий,1.0,0.0944340924849714,0.28915662650602414,0.0,1.0,0.0,1.0,1.0,0.0,0.0,0.0,1.0,0.0
317827713847,463856588770,Автотовары,фильтр топливный pilenga fcp2436,pilenga / фильтры топливные,1.0,0.09458149421336454,0.8135593220338982,0.0,0.0,0.0,0.0,0.0,0.0,0.0,1.0,0.0,0.0
446676664311,721554565167,Автотовары,"оплетка, чехол (накидка) на руль шевроле авео (2006 - 2012) седан / chevrolet aveo, силикон, коричневый","автопилот оплетка на руль шевроле авео (2016 - 2024) седан / chevrolet силикон, коричневый",1.0,0.09461739086219105,0.8186528497409327,0.0,1.0,0.0,0.0,0.0,0.0,0.0,0.0,1.0,0.0
790274013685,266288001573,Строительство и ремонт,"novotech встраиваемый светильник, led, 12 вт",novotech светильник встраиваемый lanza 358081,1.0,0.09462299840062205,0.8089887640449439,0.0,1.0,0.0,0.0,0.0,0.0,0.0,0.0,0.0,1.0
85899492191,51539734502,Автотовары,тонировка тебе / термо тонировка вырезанная для nissan cube 3 80% голубая," пленка тонировочная, 85х45 см, светопропускаемость 80%",1.0,0.09466213599387692,0.4102564102564103,0.25,1.0,0.0,1.0,0.0,0.0,0.0,1.0,0.0,0.0
644245112868,738734400019,Мебель,шкаф платяной мф владимир бостон-8 белое дерево,"вмф шкаф-пенал, 80х38х203 см",1.0,0.09482150038403565,0.2933333333333333,0.0,1.0,1.0,1.0,0.0,0.0,0.0,0.0,0.0,0.0
412317011936,120259090692,Автотовары,big filter / фильтр воздушный,фильтр воздушный big filter gb-95132pl,1.0,0.0948277376921985,0.9642857142857143,0.0,0.0,0.0,0.0,0.0,0.0,1.0,0.0,0.0,0.0
687194847073,146028956670,Бытовая техника,korting / стиральная машина kwm 57it1490,стиральная машина korting kwm 49it1470,1.0,0.09483881068809168,0.8974358974358974,0.0,1.0,0.0,0.0,0.0,0.0,0.0,0.0,1.0,0.0
163208769792,575525679966,Дом и сад,"art-shine / нэцке полистоун под бронзу ""5 жаб на жезле жуи"" 6 5х7 5х2...","нэцке под бронзу ""5 жаб на жезле жуи"" 6,5х7,5х25 см",1.0,0.09483983491614977,0.8409090909090909,0.14285714285714285,1.0,1.0,1.0,0.0,0.0,0.0,0.0,0.0,1.0
781684184353,438086775714,Спорт и отдых,"велосипед stinger 26"" laguna evo se алюминий",blackaqua велосипед black aqua cross 1221 v 20 (лайм) 2022 г,1.0,0.09497028785978325,0.40384615384615385,0.0,1.0,0.0,1.0,0.0,0.0,0.0,0.0,1.0,0.0
687194890175,764504274029,Спорт и отдых,levenhuk бинокль 112722,levenhuk / бинокль,1.0,0.09508611162210957,0.9411764705882354,0.0,0.0,0.0,0.0,0.0,0.0,0.0,0.0,0.0,0.0
472446537496,309237680265,Галантерея и аксессуары,nazamok сумка шоппер,"nazamok сумка nazamok, зеленый",1.0,0.09517995925963824,0.7878787878787878,0.0,0.0,0.0,0.0,0.0,0.0,0.0,0.0,1.0,0.0
249108195420,558345846943,Ювелирные изделия,"talant цепочка золото красное 585 пробы, плетение двойной ромб",цепочка из золота 45 см талант 311-01-0040-30176,1.0,0.0953000471360128,0.36363636363636365,0.0,1.0,0.0,0.0,0.0,1.0,1.0,0.0,0.0,1.0
755914279630,635655162393,Автотовары,"накидки-чехлы для хонда кросстур (2009 - 2012) внедорожник 5 дверей / honda crosstour на передние сиденья luxe mk, экокожа, серый.","coolpart накидки-чехлы для ниссан блюбёрд силфи (2018 - 2024) седан / nissan bluebird sylphy на весь салон luxe mk, экокожа, серый",1.0,0.09532349551294801,0.6307692307692307,0.0,1.0,0.0,0.0,0.0,0.0,0.0,1.0,1.0,0.0
833223756616,8589936387,Галантерея и аксессуары,"краб для волос ""милада"" дуга, 11,5х3,5 см, прозрачный",nobrand заколка-краб женская 6914690-6p прозрачная,1.0,0.09533858840751681,0.36893203883495146,0.0,1.0,0.0,0.0,0.0,1.0,0.0,0.0,0.0,0.0
10733,566935699068,Автотовары,/ чехлы на сиденья шкода кодиак skoda kodiaq с 2017-н.в.,"avtolider1 автомобильный чехол на передние сиденья, сиденье пассажирское, алькантара, экокожа",1.0,0.09536771528817319,0.40268456375838924,0.0,1.0,0.0,0.0,0.0,0.0,0.0,1.0,1.0,0.0
42949792082,446676656554,Ювелирные изделия,золото александра васильева / кольцо серебряное с камнем,золото александра васильева кольцо серебро 925 женское с марказитами,1.0,0.09538804562313166,0.7903225806451613,0.0,0.0,0.0,0.0,0.0,0.0,0.0,0.0,0.0,1.0
317827715992,833223781020,Одежда,толстовка h&m,h&m kids / хлопковый джемпер h&m,1.0,0.09549016018835588,0.375,0.0,0.0,0.0,0.0,0.0,0.0,0.0,0.0,0.0,1.0
549755816178,670015025787,Мебель,"мебелик журнальный стол beautystyle 4 6460, дуб дымчатый_шимо",журнальный столик ifers beautystyle 4 дуб дымчатый/шимо,1.0,0.09549621003713475,0.810344827586207,0.5,1.0,0.0,0.0,0.0,1.0,1.0,0.0,0.0,1.0
781684100413,670014972525,Автотовары,"сумка-органайзер в багажник мерседес-бенц ц-класс амг (2018 - 2022) кабриолет / mercedes-benz c-class amg, экокожа, черный с серой строчкой, ромб, размер 50x30x30см","автопилот сумка-органайзер в багажник ленд ровер рендж ровер эвок (2015 - 2018) внедорожник открытый / land rover range rover evoque, экокожа, черный с серой строчкой, ромб, размер 50x30x30см",1.0,0.09567558313540367,0.7113702623906706,0.6,1.0,1.0,0.0,0.0,0.0,0.0,0.0,0.0,1.0
249108215923,197568570539,Мебель,sonorous тумба под телевизор 180х45х49 см,тумба под телевизор sonorous lb 1830 gblk,1.0,0.0957063270281809,0.8115942028985508,0.0,1.0,0.0,0.0,0.0,1.0,0.0,0.0,1.0,0.0
93558,532575967061,Мебель,"стол обеденный нераскладной кухонный loft со столешницей цвета антрацит из массива сосны 40 мм и белыми металлическими ножками, 100х75х75 см, 100х75х75 см","solarius стол кухонный loft со столешницей без покрытия из массива сосны 40 мм и черными металлическими ножками, 100х70х75 см",1.0,0.09573268793210478,0.8095238095238095,0.75,1.0,1.0,1.0,0.0,0.0,0.0,0.0,1.0,0.0
455266671288,670014914518,Аптека,"линзы purevision 2, ежемесячные, 6 шт +3.25 радиус кривизны 8.6","контактные линзы purevision 2 6 линз +3,25",1.0,0.0957704732575105,0.6095238095238095,0.4,1.0,0.0,0.0,1.0,0.0,0.0,0.0,0.0,0.0
223338387206,721554648816,Товары для животных,"noname smart cat сухой корм для стерилизованных кошек с курицей 0,4 кг 25433 (11 шт)","smart cat сухой корм для стерилизованных кошек с курицей, 400 гр",1.0,0.09577546677489986,0.8571428571428571,0.0,1.0,0.0,1.0,0.0,1.0,0.0,0.0,0.0,0.0
143968,489626311526,Спорт и отдых,"мягкие приманки crazy fish mf h-worm inline 1.1"" сладкий сыр # 077 (2 х 10шт)","cf company силиконовая приманка мягкая съедобная crazy fish mf h-worm 1.65"" 42 мм 64-42-77-7 10 шт.",1.0,0.09579139488804059,0.5568181818181818,0.1111111111111111,1.0,1.0,1.0,0.0,0.0,0.0,0.0,0.0,1.0
687194828237,704374658808,Галантерея и аксессуары,"fossil наручные часы fossil, бирюзовый, серебряный",fossil часы наручные наручные ffs5905,1.0,0.09582469743785696,0.8333333333333333,0.0,0.0,0.0,0.0,0.0,0.0,0.0,0.0,0.0,0.0
798863920223,816043795306,Бытовая техника,чайник электрический viconte vc-3329 1.7 л черный,"viconte электрический чайник vc-3319, черный, прозрачный",1.0,0.09582997472772638,0.819047619047619,0.0,1.0,0.0,0.0,1.0,0.0,0.0,1.0,0.0,1.0
515396092339,352187369628,Электроника,аккумулятор для телефона samsung eb494353vu ( s7230/c6712/s5250/s5282/s5310/s5330/s5570/yp-g1 ) - премиум,oem аккумуляторная батарея eb494353vu для samsung gt-s5570/galaxy mini/gt-s5250 3.7v 1200mah,1.0,0.09587410332570802,0.5177664974619289,0.2727272727272727,1.0,0.0,0.0,0.0,1.0,0.0,0.0,0.0,0.0
420906881228,738734459274,Автотовары,"metaco фильтр топливный арт. 1030126, 1 шт.",фильтр топливный metaco 1030-078,1.0,0.09588670974194319,0.8363636363636364,0.0,1.0,0.0,0.0,0.0,0.0,0.0,1.0,0.0,0.0
317827580854,523986119098,Красота и гигиена,lash&go / черные ресницы 16 линий / d / 0.15 / 10,"lash&go черные ресницы для наращивания, одна длина, изгиб d,16 линий, 0.10/d/15 mm лэш гоу",1.0,0.09589000887330944,0.676923076923077,0.2,1.0,0.0,0.0,0.0,0.0,0.0,0.0,0.0,0.0
42949769172,506806250754,Электроника,"aoc 24"" монитор 24g2ze, черный","27"" монитор aoc черный 165hz 1920x1080 ips",1.0,0.09602793880734989,0.75,0.0,1.0,0.0,0.0,1.0,0.0,0.0,0.0,1.0,0.0
8590084116,644245204455,Одежда,huppa комбинезон huppa:68,комбинезон утепленный huppa,1.0,0.0960637985863982,0.7804878048780488,0.0,0.0,0.0,0.0,0.0,0.0,0.0,0.0,0.0,0.0
781684056158,240518223274,Одежда,"rago трусы rago, размер 3x, бежевый",белье корректирующее rago,1.0,0.09611245136917079,0.4666666666666666,0.0,0.0,0.0,0.0,0.0,0.0,0.0,0.0,0.0,1.0
678604943854,171798825995,Ювелирные изделия,"кольцо помолвочное из серебра р. 17,5 sokolov 93010485, фианит",jewelry кольцо кольцо 93010485,1.0,0.0962174063547932,0.41379310344827586,0.5,1.0,0.0,0.0,0.0,1.0,0.0,1.0,0.0,1.0
240518197946,584115601521,Музыкальные инструменты,"classic блокфлейта сопрано, немецкая система, черная, 3 части, angel asrg-600","asrb-301 classic блокфлейта сопрано, барочная система, черная, 3 части, angel",1.0,0.09622874271611584,0.8961038961038961,0.3333333333333333,1.0,0.0,0.0,0.0,0.0,0.0,0.0,1.0,0.0
403727063563,240518196520,Обувь,"кеды geox j36lsa, белый, 33",кеды geox,1.0,0.09629553716905702,1.0,0.0,0.0,0.0,0.0,1.0,0.0,0.0,0.0,1.0,0.0
223338448861,575525678954,Одежда,"территория стрекоzz платье территория стрекоzz, размер 52, коралловый",платье by esenia,1.0,0.09639077414398575,0.5454545454545454,0.0,0.0,0.0,1.0,0.0,0.0,0.0,0.0,0.0,1.0
661425025047,206158556977,Продукты питания,"белёвские сладости белевские сладости, белёвская пастила яблочн б/сахара с вишней и корицей 200 грамм","белевские сладости, белёвская пастила яблочная с вишней, 100 грамм",1.0,0.0964258738267164,0.8108108108108109,0.0,1.0,0.0,0.0,1.0,0.0,0.0,0.0,0.0,0.0
841813710960,438086793183,Электроника,"ritmix наушники проводные, 3.5 мм, черный",ritmix / наушники для компьютера кабель 2м rh-524,1.0,0.09675900966642169,0.5357142857142857,0.0,1.0,1.0,1.0,0.0,0.0,0.0,0.0,1.0,0.0
429496776290,798864025274,Ювелирные изделия,g.st. ювелирный завод золотой стандарт кольцо золото желтое 585 пробы,g.st. ювелирный завод золотой стандарт / золоте кольцо с бриллиантами и натуральным изумрудом,1.0,0.09688121820057172,0.7894736842105263,0.0,0.0,0.0,0.0,0.0,0.0,0.0,0.0,1.0,0.0
51539739701,25769915281,Галантерея и аксессуары,мир заколок зажим для волос 6 шт.,без бренда валик-резинка для создания пучка 4х7 см коричневый,1.0,0.09708643411195791,0.3404255319148936,0.0,1.0,1.0,1.0,0.0,0.0,0.0,0.0,1.0,0.0
816043850761,730144512665,Электроника,ip-камера trassir tr-d2123ir6 v6 2.7-13.5 ут-00037001,ip-камера для видеонаблюдения уличная trassir tr-d2153ir6,1.0,0.09717362958042523,0.5636363636363637,0.16666666666666666,1.0,0.0,0.0,0.0,0.0,0.0,0.0,1.0,0.0
163208876836,51539718010,Автотовары,сайл. блок рычага пер. подв. нижн. задн. febi 10073,сайлентблок,1.0,0.09719944548555266,0.12903225806451615,0.0,0.0,0.0,0.0,0.0,0.0,0.0,0.0,0.0,0.0
94489414287,481036411453,Электроника,"chicony блок питания для ноутбука acer, 65 вт, dc 5.5 x 1.7 мм (штекер), 1.8 м",chicony блок питания для ноутбука acer aspire 4736zg,1.0,0.09720347772950817,0.7764705882352942,0.0,1.0,1.0,1.0,0.0,0.0,0.0,0.0,0.0,0.0
601295465543,850403633923,Мебель,"диван-кровать, механизм еврокнижка тик-так, 215х105х85 см",без бренда прямой остин вельвет серый,1.0,0.09720622223141542,0.2553191489361703,0.0,0.0,1.0,1.0,0.0,0.0,0.0,0.0,1.0,0.0
17179906240,549755959743,Канцелярские товары,"фломастеры centropen ""пингвины"", 10цв., смываемые, пвх 2716","7 7790 1086 фломастеры centropen ""пингвины"", 10цв, смываемые, пвх",1.0,0.09721122680896271,0.8870967741935484,0.2,1.0,0.0,0.0,0.0,0.0,0.0,0.0,0.0,0.0
584115603496,403727045042,Красота и гигиена,"бальзам для лица american crew all in one, spf15, 170 мл","american crew / ultra gliding oil масло для бритья, 50мл",1.0,0.0972537461360367,0.5714285714285715,0.0,1.0,0.0,1.0,0.0,0.0,0.0,0.0,0.0,0.0
360777259836,721554639493,Ювелирные изделия,"деревцов кольцо обручальное деревцов, серебро, 925 проба, чернение, размер 21",кольцо серебряное женское - молитва за родных и ближних православное - деревцов (арт. kls07),1.0,0.09725668975508947,0.4910179640718563,0.0,1.0,0.0,0.0,0.0,0.0,1.0,0.0,0.0,0.0
481036493261,317827726678,Обувь,no name сапоги пвх мужские инспектор с пкп р.41 1368153,сапоги резиновые sirius plus,1.0,0.09735671447574001,0.35294117647058826,0.0,0.0,0.0,0.0,0.0,0.0,0.0,0.0,0.0,0.0
292057931983,317827655147,Одежда,пальто пуховое wbr,"пальто детское 68-014, черный, 146",1.0,0.0973775818335971,0.5,0.0,0.0,0.0,0.0,0.0,1.0,0.0,0.0,0.0,1.0
816043921476,704374779878,Строительство и ремонт,"systeme electric easy 9 корпус встраиваемый с прозрачной дверью 1ряд/18мод, ip40, ik07, 63а, 2 клеммы ez9e118s2fru",schneider electric easy9 щит встраиваемый с прозрачной дверью 1ряд/18мод (арт. ez9e118s2fru),1.0,0.0977024703955795,0.7281553398058253,0.625,1.0,1.0,1.0,0.0,0.0,0.0,0.0,0.0,1.0
386547132143,154618842469,Обувь,"ботинки лыжные trek experience 1 nnn ик, цвет черный, лого зеленый неон, размер 45","ботинки лыжные nnn trek experience 1 черные/логотип зеленый неон, размер ru41 eu42 см26,5",1.0,0.09789912095745829,0.8201438848920864,0.2,1.0,0.0,0.0,0.0,0.0,0.0,0.0,0.0,1.0
601295449630,231928274749,Обувь,кроссовки skechers,кроссовки skechers max cushioning premier,1.0,0.09791605957326781,1.0,0.0,0.0,0.0,0.0,0.0,0.0,0.0,0.0,1.0,0.0
412316918127,77309547014,Дом и сад,веник березовый банные штучки 3647,"веник для бани березовый, 1 шт. ",1.0,0.09796526906251567,0.7076923076923077,0.0,1.0,0.0,0.0,0.0,1.0,0.0,1.0,0.0,0.0
77309497800,283467936542,Продукты питания,коммунарка конфеты глазированные беловежская пуща с яблочным пюре 500г.,конфеты беловежская пуща с яблочным пюре - 0.5кг,1.0,0.09797789129654631,0.9090909090909091,0.0,1.0,0.0,1.0,0.0,1.0,0.0,0.0,0.0,0.0
558345865571,154915,Красота и гигиена,"matrix шампунь для волос, 1000 мл",matrix / m мх тр анбр май блонд индикатор 1л,1.0,0.09798212316244939,0.4415584415584416,0.0,1.0,1.0,1.0,0.0,0.0,0.0,0.0,0.0,0.0
446676631721,309237705948,Мебель,"bauedge комплект: тумба bau dream blackwood 60, 1 ящик, раковина bau cerama 48х37, темно-серая, смеситель hotel dream, нерж сталь","комплект: тумба bau dream blackwood 60, 1 ящик, раковина прямоугольная bau hotel 48х37, темно-серая матовая, смеситель hotel stil, нерж. сталь",1.0,0.09821358847284031,0.8171206225680934,1.0,0.0,0.0,0.0,0.0,0.0,0.0,0.0,0.0,1.0
481036470499,798863982455,Электроника,"chicony блок питания для ноутбука samsung, 90 вт, dc 5.5 x 3.0 мм (штекер), 1.8 м","chicony блок питания для ноутбука samsung x15 (19v 90w 4,74a dc 5.5 x 3.0 мм (штекер)",1.0,0.0982260834651602,0.855421686746988,0.42857142857142855,1.0,1.0,1.0,0.0,0.0,0.0,0.0,0.0,0.0
94489341633,541165991282,Мебель,"лига диванов прямой дивансерия пд меркурий еврокнижка, механизм еврокнижка, 222х103х92 см","лига диванов прямой диван меркурий лайт, микровельвет, модель 112937",1.0,0.09842872178942563,0.6206896551724138,0.0,1.0,0.0,1.0,0.0,0.0,0.0,0.0,1.0,0.0
352187336406,206158560841,Аптека,"d.k.med бандаж на коленный сустав с гелевым кольцом и боковой поддержкой, спортивный наколенник","d.k.med бандаж на коленный сустав с гелевым кольцом и боковой поддержкой, спортивный наколенник",1.0,0.09845298985381233,1.0,0.0,0.0,0.0,0.0,0.0,0.0,0.0,0.0,0.0,0.0
360777318664,841813642555,Автотовары,не определен каркасные шторки на mercedes actros mp2 / мерседес актрос мп2 съёмная тонировка / автошторки / магнитные шторки на грузовик затемнение 85%,каркасные автошторки на передние боковые окна mercedes-benz actros 2 грузовик 2дв. (2002 - 2008) mp2,1.0,0.09856253334554703,0.6013986013986014,0.25,1.0,0.0,0.0,0.0,0.0,0.0,1.0,0.0,0.0
687194846298,386547133757,Обувь,ботильоны женские pierre cardin tr-hh-8204 коричневые 39 ru,ботильоны pierre cardin,1.0,0.09859848185326207,1.0,0.0,0.0,0.0,0.0,1.0,0.0,0.0,0.0,1.0,0.0
712964609445,154618949956,Одежда,colambetta / комбинезон бандо вечерний,комбинезон colambetta,1.0,0.09865072902098776,1.0,0.0,0.0,0.0,0.0,0.0,0.0,0.0,0.0,1.0,0.0
386547206318,764504256840,Электроника,"logitech g мышь беспроводная g305 wireless, темно-серый",logitech / беспроводная мышь m350 pebble (910-005718),1.0,0.09878844760034827,0.6582278481012659,0.0,1.0,0.0,0.0,0.0,0.0,0.0,0.0,0.0,1.0
678604869629,128849020202,Галантерея и аксессуары,"brauberg / рюкзак positive универсальный, карман-антивор, ""checkered""","рюкзак мужской, женский, школьный, городской, ортопедический / анатомическая спинка brauberg positive универсальный, карман-антивор, checkered, 42х28х14 см",1.0,0.09879209693374687,0.9047619047619048,0.0,0.0,0.0,1.0,0.0,0.0,0.0,0.0,1.0,0.0
807453917473,352187426979,Мебель,"п-образный модульный диван монреаль long, микровельвет, модель 111531",не определен п-образный модульный диван москва 459 long микровельвет\экокожа коричневый\бежевый ширина 382см,1.0,0.09895960273353184,0.6214689265536724,0.0,1.0,0.0,0.0,0.0,1.0,0.0,0.0,0.0,1.0
34359809918,489626325579,Хобби и творчество,без бренда пластиковая канва. заготовка для вышивки-вязания сумки средняя с цветами 23 х 21 х 13см.,"заготовка для вышивки 45,5 х 41,5 см. (готовая. 22,8 х 13 х 21,1см) сумка с цветками",1.0,0.09905819486858294,0.5649717514124294,0.14285714285714285,1.0,0.0,1.0,0.0,0.0,0.0,0.0,0.0,0.0
180388702214,661425003306,Хобби и творчество,пазл prime 3d экзотическая живая природа 501 элементов,"prime 3d пазл экзотическая живая природа, 500 элементов",1.0,0.0990684052184391,0.9724770642201835,0.3333333333333333,1.0,0.0,0.0,0.0,0.0,0.0,0.0,0.0,0.0
240518197408,670014949439,Товары для животных,грот бамбук,zooexpress грот бамбук,1.0,0.09922873553510811,1.0,0.0,0.0,0.0,1.0,0.0,0.0,0.0,0.0,0.0,0.0
94489309632,609885393059,Строительство и ремонт,"саморезы кровельные 4,8х50 мм, оцинкованные, 150 шт.","haupt саморезы кровельные, 4.8х50, оцинкованный 150 шт",1.0,0.09928257072225984,0.8490566037735848,0.5,1.0,1.0,1.0,0.0,0.0,0.0,0.0,0.0,0.0
644245153933,850403675411,Ювелирные изделия,"вики кольцо обручальное из красного золота 585 пробы, ширина -3 мм.","вики кольцо обручальное вики, красное золото, 585 проба, размер 21",1.0,0.09977309192687853,0.7518796992481203,0.3333333333333333,1.0,0.0,0.0,0.0,0.0,1.0,0.0,0.0,0.0
841813731636,283467964211,Дом и сад,"china горшок для цветов, 14. 2 см, 1.7. л, 1 шт","не определен набор горшков 3шт. ""лоза"" белый: 10л, 3,5л, 1,7л",1.0,0.09977925956814528,0.3148148148148148,0.0,1.0,1.0,1.0,0.0,1.0,0.0,0.0,0.0,0.0
420906946526,171798692017,Электроника,"cactus расходник для печати, желтый (yellow), 1 шт",cactus / чернила cactus cs-ept6644-1000 t6644,1.0,0.09981444063416525,0.34090909090909094,0.0,1.0,1.0,1.0,0.0,0.0,0.0,0.0,0.0,1.0
747324352925,292057923969,Красота и гигиена,крем для рук,jigott / крем для рук,1.0,0.09988254116968795,1.0,0.0,0.0,0.0,0.0,0.0,0.0,0.0,0.0,0.0,0.0
652835134837,764504254052,Галантерея и аксессуары,айгуль / серьги,queen fair серьги,1.0,0.09997030829061002,0.5714285714285715,0.0,0.0,0.0,0.0,0.0,0.0,0.0,0.0,0.0,0.0
738734471824,257698132549,Мебель,"лига диванов прямой диван, механизм дельфин, 236х88х90 см","лига диванов прямой диван карелия, микровельвет, модель 113326",1.0,0.1001409158860035,0.5882352941176471,0.0,1.0,1.0,1.0,0.0,0.0,0.0,0.0,1.0,0.0
523986040615,635655285611,Спорт и отдых,звено соединительное быстроразъёмное 10 мм,зубр / карабин винтовой с муфтой диаметр 8 мм оцинкованный 20 шт,1.0,0.10024850106379642,0.3584905660377359,0.0,1.0,0.0,1.0,0.0,0.0,0.0,0.0,0.0,0.0
137438998488,128849101759,Аптека,acuvue / линзы acuvue oasys for astigmatism -4.00 -1.75 170 6 шт,"контактные линзы acuvue oasys for astigmatism, -4.0/8,6/-1.75/170, в наборе 6шт",1.0,0.10027868081681202,0.7058823529411765,0.5,1.0,1.0,1.0,0.0,0.0,0.0,0.0,0.0,0.0
369367287372,326417542329,Одежда,"mamaline mamaline, белый",бюстгальтер mamaline,1.0,0.10037824559247373,0.5714285714285715,0.0,0.0,0.0,0.0,0.0,0.0,0.0,0.0,1.0,0.0
214748514350,463856622348,Обувь,сандалии таши орто,"таши орто сандалии таши орто, размер 22, синий",1.0,0.10044442877539134,1.0,0.0,0.0,0.0,0.0,0.0,0.0,0.0,0.0,1.0,0.0
635655180288,635655229530,Бытовая техника,модифицированный водный фильтр кофемашины siemens eq.7 te716519de plus aromasense blacksteel,не определен фильтр с увеличенным сроком службы для кофемашины bosch ctl636eb1/05,1.0,0.10046716944463949,0.4508670520231214,0.0,1.0,0.0,0.0,0.0,1.0,0.0,0.0,0.0,0.0
85899405124,609885356066,Бытовая техника,babyliss / стайлер babyliss c454e,стайлер babyliss c449e,1.0,0.10060105481178462,0.9130434782608695,0.0,1.0,0.0,1.0,0.0,0.0,0.0,0.0,0.0,1.0
292057893565,266288036792,Галантерея и аксессуары,piquadro blue square ca2765b2/n черный,сумка piquadro blue square ca2849b2/n черный натур.кожа,1.0,0.10060146193779144,0.8307692307692308,0.3333333333333333,1.0,0.0,0.0,0.0,0.0,0.0,0.0,0.0,0.0
420906930148,446676620012,Автотовары,амортизатор,dynamatrix амортизатор,1.0,0.10077029508792817,1.0,0.0,0.0,0.0,0.0,0.0,1.0,0.0,1.0,0.0,0.0
755914277493,154618947402,Одежда,"комплект ползунков bossa nova, 2 шт",ползунки с лапками набор 2 шт bossa nova,1.0,0.1008173534610461,0.6933333333333332,1.0,0.0,1.0,1.0,0.0,0.0,0.0,0.0,0.0,1.0
747324471019,107997,Дом и сад,"estia комплект постельного белья, перкаль, евро макси, наволочки 50x70","estia / комплект постельного белья 2 спальный хлопок,перкаль",1.0,0.10097006863744977,0.7076923076923077,0.0,1.0,0.0,0.0,0.0,0.0,0.0,0.0,1.0,0.0
489626321781,240518209640,Спорт и отдых,tsuyoki / воблер tsuyoki miser 95f ts264w,воблер tsuyoki mover 90sp ts264w,1.0,0.10099224451967392,0.8307692307692308,0.3333333333333333,1.0,0.0,0.0,0.0,0.0,0.0,0.0,0.0,0.0
678604863993,601295540475,Продукты питания,"/ кофе qualita mountain grown в зернах, 1 кг","lavazza кофе в зернах mountain grown, арабика, 1000 г",1.0,0.10101714378471008,0.6804123711340206,0.0,1.0,1.0,1.0,0.0,0.0,0.0,0.0,0.0,0.0
300647718296,60129608588,Обувь,"geox кроссовки geox, размер 23, белый",кроссовки geox,1.0,0.10101811252281373,1.0,0.0,0.0,0.0,0.0,0.0,0.0,0.0,0.0,1.0,0.0
94489368702,8590084018,Обувь,"geox кроссовки geox, размер 45, синий",кроссовки geox,1.0,0.10101811252281373,1.0,0.0,0.0,0.0,0.0,1.0,0.0,0.0,0.0,1.0,0.0
128849067776,463856483116,Ювелирные изделия,"sokolov кольцо обручальное sokolov, красное золото, 585 проба, родирование, бриллиант, керамика, размер 18.5, бесцветный","золотое кольцо женское 585 пробы с бриллиантом и керамикой, золото sokolov",1.0,0.10117914904463633,0.5154639175257733,0.5,1.0,0.0,0.0,0.0,0.0,0.0,1.0,0.0,0.0
99278,120259129692,Бытовая техника,"ручной отпариватель для одежды профессиональный,1200 вт, для всех типов ткани / домашний мини парогенератор для белья и штор, дорожный, мощный, портативный",mijia / отпариватель ручной xiaomi mijia (mjgtj01lf),1.0,0.10121909570464659,0.6268656716417911,0.0,1.0,1.0,1.0,0.0,0.0,0.0,0.0,0.0,0.0
712964718148,85899458610,Товары для животных,"smart dog / лакомства говяжья мозговая кость, 100 г","smart dog лакомства говяжья мозговая кость (5-8 см), 100 г",1.0,0.10125907362146373,0.9174311926605505,0.3333333333333333,1.0,1.0,1.0,0.0,0.0,0.0,0.0,0.0,0.0
730144466804,283467849334,Строительство и ремонт,"не определен канистра с защитой от перелива, 5 литров, champion для газонокосилки husqvarna w 3613a","канистра с защитой от перелива, 5 литров, champion (чемпион) для подметательной машины champion (чемпион) gs-5580",1.0,0.10129014355222005,0.7297297297297297,0.3333333333333333,1.0,0.0,0.0,0.0,0.0,0.0,0.0,0.0,0.0
592705514550,34359860594,Ювелирные изделия,цепочка на шею золотая нонна,цепочка из красного золота 50 см adamas цн230а2-а51,1.0,0.10131983950827593,0.5063291139240507,0.0,0.0,0.0,0.0,0.0,1.0,0.0,1.0,0.0,0.0
369367238297,618475346039,Аптека,"очки для чтения с диоптриями +3, очки женские marcello ga0490 c1, очки кошачий глаз, футляр в подарок.",marcello / очки корригирующие с диоптриями +3,1.0,0.10155590486735591,0.732394366197183,0.3333333333333333,1.0,0.0,1.0,0.0,0.0,0.0,0.0,0.0,1.0
34359868928,94489304495,Мебель,"е1 шкаф-купе 2,4 экспресс 3-х дверный 240 х 240 х 60 фотопечать на стекле №1015 морские волны сонома","шкаф-купе 2,4 экспресс 3-х дверный 240 х 240 х 60 фотопечать на стекле №1015 морские волны ясень анкор светлый",1.0,0.10162493374669536,0.9438202247191012,0.8333333333333334,1.0,0.0,0.0,0.0,0.0,0.0,0.0,0.0,1.0
541165883940,695784716289,Ювелирные изделия,"кристалл мечты / кольцо-цветок, серебро, фианит, оберег с танзанитом","кристалл мечты/ кольцо ""цветок"" из серебра со вставками/ натуральный танзанит/ фианит",1.0,0.10173548157961151,0.6405228758169934,0.0,0.0,0.0,0.0,0.0,0.0,0.0,0.0,1.0,0.0
120259191073,850403662431,Товары для животных,"сухой корм pro plan sterilised renal plus для взрослых стерилизованных кошек и кастрированных котов для поддержания здоровья почек, с кроликом, 400 г","pro plan / cat sterilised renal plus rabbit с кроликом 0,4 кг",1.0,0.10173718882439733,0.6881720430107526,0.0,1.0,1.0,1.0,0.0,0.0,0.0,0.0,0.0,0.0
687194923716,94489387218,Товары для животных,"grand prix корм для щенков средних пород, ягненок 2,5 кг",grand prix / сухой корм для щенков средних пород ягненок 2.5 кг,1.0,0.10180720283240484,0.907563025210084,0.0,1.0,1.0,1.0,0.0,0.0,0.0,0.0,0.0,0.0
68719524735,326417564384,Автотовары,"багажник на интегрированные рейлинги kia sportage кроссовер 5 дв. 2010-2016 прямоугольные стальные дуги, inter интегра","inter багажник на рейлинги для toyota iv (ca40) внедорожник 2012-2018 - 120см квадратные стальные дуги, интер фаворит",1.0,0.10182140508217605,0.6297872340425532,0.0,1.0,1.0,1.0,0.0,0.0,0.0,1.0,1.0,0.0
721554571619,309237652844,Галантерея и аксессуары,guardo / наручные часы guardo 012704-1,guardo часы наручные кварцевые,1.0,0.10186129562882662,0.8,0.0,0.0,0.0,0.0,0.0,0.0,0.0,0.0,0.0,1.0
532575988461,541165943354,Дом и сад,фоторамка,/ фоторамка коллаж,1.0,0.10188076643512593,1.0,0.0,0.0,0.0,0.0,0.0,0.0,0.0,0.0,0.0,0.0
120259229848,833223814259,Обувь,кроссовки adidas,new sera / кроссовки adidas samba,1.0,0.10190151733980259,1.0,0.0,0.0,0.0,0.0,0.0,0.0,0.0,0.0,1.0,0.0
77309545981,317827705314,Обувь,лыжные ботинки spine loss sns,лыжные ботинки spine sns loss (443) (серый) (41),1.0,0.10191062049901867,1.0,0.0,0.0,0.0,0.0,1.0,0.0,0.0,0.0,1.0,0.0
790274131785,292057850146,Дом и сад,меринос ковёр merinos colizey 200x500 прямоугольный зелёный/кремовый d057,ковер d057 - green - прямоугольник - коллекция colizey 2.00x5.00,1.0,0.1019256283433941,0.6917293233082706,0.2,1.0,0.0,1.0,0.0,0.0,0.0,0.0,0.0,1.0
94489312706,128849067599,Одежда,худи / зип худи с утеплителем,худи,1.0,0.10217091117784423,1.0,0.0,0.0,0.0,0.0,0.0,0.0,0.0,0.0,1.0,0.0
635655160449,317827633977,Строительство и ремонт,"клей-герметик полиуретановый рабберфлекс pro pu-25 emfi (пу-25 эмфи), черный (туба) 600 мл",emfi-3m / герметик полиуретановый рабберфлекс pro pu-25 (туба) серый,1.0,0.10218068411702046,0.7974683544303798,0.3333333333333333,1.0,1.0,1.0,0.0,0.0,0.0,0.0,0.0,1.0
592705519589,17179929872,Дом и сад,"силиконовая лопатка ""бабочки"" на формовой подложке, 16.2 х 38.4 см","дорого внимание силиконовая лопатка бабочки , 16,2 х 38,4 см",1.0,0.10221896621700571,0.6825396825396826,0.0,1.0,1.0,0.0,0.0,0.0,0.0,0.0,0.0,0.0
420906919607,644245193777,Строительство и ремонт,"kraftool струбцина угловая 70 мм, 1 шт.",kraftool / струбцина угловая kraftool ac-8 32202,1.0,0.10232941490215396,0.8,0.0,1.0,1.0,1.0,0.0,0.0,0.0,0.0,0.0,0.0
532575999943,8590054885,Ювелирные изделия,marseille / подвеска из чернёного серебра - рыбы,подвеска на шею женская мужская серебро 925 знаки зодиака рыбы чернение серебро россии,1.0,0.1024680700074089,0.5079365079365079,0.0,0.0,0.0,0.0,0.0,0.0,0.0,0.0,0.0,0.0
592705530560,335007566909,Ювелирные изделия,"lucente / подвеска ""ладанка серебряная бм казанская""",lucente подвеска серебро черненое 925 пробы,1.0,0.10257125015146425,0.5684210526315789,0.0,0.0,0.0,0.0,0.0,0.0,0.0,0.0,0.0,1.0
128849054954,403727020056,Мебель,"лига диванов угловой диван ,243х154х73см",лига диванов угловой диван куба левый угол,1.0,0.10273199958976956,0.7878787878787878,0.0,0.0,0.0,1.0,0.0,0.0,0.0,0.0,1.0,0.0
661425109761,541166027581,Мебель,лига диванов угловой диван рейн левый угол,"лига диванов угловой диван ,233х141х78см",1.0,0.10273199958976956,0.7878787878787878,0.0,0.0,1.0,1.0,0.0,0.0,0.0,0.0,1.0,0.0
730144481203,438086719058,Товары для животных,"корм сухой для кошек farmina / фармина n&d prime полнорационный безерновой для взрослых животных, гранулы с кабаном и яблоком 1.5кг / кошачья еда","farmina / сухой корм для кошек сn&d prime, беззерновой1,5кг farmina",1.0,0.10276317057410826,0.6741573033707866,0.0,1.0,1.0,1.0,0.0,0.0,0.0,0.0,0.0,0.0
738734488669,798863956026,Ювелирные изделия,юверос кольцо серебряное обручальное мужское,"юверос кольцо обручальное юверос, серебро, 925 проба, родирование, размер 16, белый",1.0,0.102784966216393,0.7246376811594203,0.0,0.0,0.0,0.0,0.0,0.0,0.0,1.0,0.0,0.0
154618974652,8589977377,Строительство и ремонт,st luce / светильник st luce sl1164.333.01,"st luce подвесной светильник, e27, 60 вт",1.0,0.10281511111425039,0.5675675675675675,0.0,1.0,0.0,0.0,0.0,0.0,0.0,0.0,0.0,1.0
317827658362,77309562561,Продукты питания,белевские сладости / мармелад,"эко пастила, десерт яблочный сыр, яблоко с грецким орехом, 120 грамм",1.0,0.10282420907455668,0.28865979381443296,0.0,0.0,0.0,0.0,0.0,0.0,0.0,0.0,0.0,0.0
335007552073,721554606284,Мебель,"лига диванов прямой диван, механизм нераскладной, 203х67х80 см",не определен прямой диван москва 570 3-х местный экокожа коричневый\бежевый ширина 203см,1.0,0.10286933863789958,0.4666666666666666,0.2,1.0,1.0,1.0,0.0,1.0,0.0,0.0,0.0,1.0
309237815864,300647753125,Продукты питания,чай / кофе monarch gold растворимый 95 г,кофе растворимый jacobs 1шт.,1.0,0.10309358101802372,0.7272727272727272,0.0,1.0,0.0,1.0,0.0,0.0,0.0,0.0,0.0,0.0
455266662149,575525709334,Дом и сад,"huter опрыскиватель для растений, 16 л 1 шт",huter / опрыскиватель аккумуляторный sp-16ac 70/13/29,1.0,0.10316815567604862,0.625,0.2,1.0,1.0,1.0,0.0,0.0,0.0,0.0,0.0,0.0
17180009776,618475327372,Ювелирные изделия,подвеска 925 серебро/родирование/подкова/клевер/на удачу,sokolov подвеска,1.0,0.10325989258259896,0.6666666666666665,0.0,0.0,0.0,0.0,0.0,0.0,0.0,1.0,0.0,0.0
549755903527,137438963529,Мебель,"svp-mebel барный стол, 110х40х110 см",не определен барная стойка бс-1 мрамор белый глянец,1.0,0.10330273172135027,0.29885057471264376,0.0,1.0,0.0,1.0,1.0,0.0,0.0,0.0,0.0,1.0
601295579774,575525678583,Обувь,toread ботинки,ботинки toread,1.0,0.1033940947957757,1.0,0.0,0.0,0.0,0.0,0.0,0.0,0.0,0.0,1.0,0.0
335007568508,498216322543,Автотовары,"автопилот накидки для шевроле трекер (2016 - 2021) внедорожник 5 дверей / chevrolet tracker на передние сиденья g-ultra, велюр, черный с серой строчкой","накидки для тойота королла (2003 - 2007) универсал 5 дверей / toyota corolla на передние сиденья g-ultra, велюр, черный с серой строчкой.",1.0,0.10356630471958973,0.7638888888888888,0.2,1.0,0.0,0.0,0.0,0.0,0.0,1.0,1.0,0.0
463856510815,670014932743,Мебель,подушка для садовой мебели красная пуговица sp0555110brn коричневый цвет,"подушка для садовой мебели 30x150 см, высота 5 см",1.0,0.10364250579897465,0.6933333333333332,0.0,1.0,1.0,1.0,0.0,1.0,0.0,1.0,0.0,0.0
721554508894,678604972672,Продукты питания,"сахарная картинка для торта радужные друзья. украшение для торта мальчику или девочки на день рождения. съедобная картинка, декор для выпечки.",printort / сахарная картинка для торта радужные друзья rainbow friends,1.0,0.10365242209359672,0.679245283018868,0.0,0.0,0.0,0.0,0.0,0.0,0.0,0.0,0.0,0.0
68719524052,541166011719,Ювелирные изделия,"constantine filatov, классическое кольцо-дорожка с бриллиантом 0, 30 кт, золото белое, cf585-r-w-010-15, 8+1 бр 0,5+0,3 кт 3/5а","кольцо помолвочное constantine filatov помолвочное кольцо с бриллиантом, белое золото, 585 проба, родирование, бриллиант, размер 19, белый",1.0,0.10373399015914334,0.5691056910569106,0.08333333333333333,1.0,0.0,0.0,0.0,0.0,1.0,0.0,0.0,0.0
146029032873,412316982482,Мебель,"стул барный dobrin стул барный dobrin darcy, морской волны велюр (1922-7) арт. lm-5025","dobrin барный стул dobrin darcy (морская волна велюр) 5025-lmdarcy dobrin darcy (морская волна велюр) 5025-lmdarcy, 1 шт.",1.0,0.1037551543459758,0.6301369863013698,0.25,1.0,0.0,0.0,0.0,0.0,0.0,0.0,0.0,0.0
111669150094,60129572493,Спорт и отдых,"велопокрышка 26 seyoun 26x2,10 sy-b024/620092","велопокрышка 26' chao 26х1,95 н-567/620063",1.0,0.10375737141489723,0.6436781609195402,0.14285714285714285,1.0,0.0,0.0,0.0,0.0,0.0,0.0,0.0,0.0
68719567875,60129700228,Автотовары,"автопилот сумка-органайзер в багажник тойота иннова (2004 - 2015) компактвэн / toyota innova, экокожа , черный с бежевой строчкой, размер м:30x30x55см","сумка-органайзер в багажник тойота авенсис (2006 - 2009) седан / toyota avensis, экокожа , бежевый, размер м:30x30x55см",1.0,0.10388097382824243,0.7731958762886597,0.3333333333333333,1.0,1.0,1.0,0.0,0.0,0.0,0.0,0.0,1.0
180388716594,309237741441,Автотовары,"ремкомплект тормозного суппорта bmw 3 (e90) 2004 - 2012, x1 (e84) 2009 - 2015, masterkit 77a4172","masterkit / ремкомплект тормозного суппорта audi a3,vw golfiv,bora d41",1.0,0.10393641428734172,0.7387387387387387,0.09090909090909091,1.0,0.0,0.0,0.0,0.0,0.0,1.0,0.0,0.0
25769910412,472446427957,Одежда,толстовка sela warner brothers,свитшот sela,1.0,0.10393733317553427,0.5,0.0,0.0,0.0,0.0,0.0,0.0,0.0,0.0,1.0,0.0
841813747801,206158522310,Галантерея и аксессуары,выбражулька невидимка 2 шт.,"выбражулька невидимка для волос ""абель""",1.0,0.10401897637544051,0.875,0.0,0.0,1.0,1.0,0.0,0.0,0.0,0.0,1.0,0.0
274877991364,747324331130,Хобби и творчество,"/ мягкая кукла ""лина"", набор для шитья 22,","мягкая кукла ""лина"", набор для шитья 22,4 x 5,2 x 15,6 см",1.0,0.10405743282750127,0.923076923076923,0.0,1.0,0.0,0.0,0.0,0.0,0.0,0.0,0.0,0.0
704374649198,463856481454,Бытовая техника,инфракрасный обогреватель ballu bih-gtw-1.3,инфракрасный обогреватель ballu bih-l-3.0,1.0,0.10409079012316207,0.9047619047619048,0.0,1.0,0.0,0.0,0.0,1.0,0.0,0.0,0.0,1.0
609885485916,755914380121,Автотовары,"оплетка, чехол (накидка) на руль ниссан х-траил (2013 - 2019) внедорожник 5 дверей / nissan x-trail, искусственная кожа, черный","автопилот оплетка на руль киа пиканто (2015 - 2017) хэтчбек 5 дверей / kia picanto, искусственная кожа (высокого качества), черный",1.0,0.10414866725276811,0.6536964980544746,0.2,1.0,0.0,0.0,0.0,0.0,0.0,0.0,1.0,0.0
773094234970,609885415440,Мебель,"шкаф мебельная компания е1 система из двух шкафов локер ""wingline"" с двойным комплектом полок 160х53х220, сонома","шкаф мебельная компания е1 система из двух шкафов локер ""wingline"" с модулем и полками 160х53х220, сонома",1.0,0.1042107835556557,0.90625,1.0,0.0,1.0,1.0,0.0,1.0,0.0,0.0,1.0,0.0
369367280912,678604861030,Обувь,"liu jo шлепанцы liu jo, размер 38, черный",мюли liu jo,1.0,0.10424180674892121,0.7058823529411765,0.0,0.0,0.0,0.0,0.0,0.0,0.0,0.0,1.0,0.0
506806187995,51539644534,Спорт и отдых,"блесна вертикальная ecopro detonator, 85мм, 11г, bib","вертикальная блесна ecopro detonator, 75мм, 9г, bib epvjdt75bib",1.0,0.10429999068187844,0.8817204301075269,0.0,1.0,0.0,1.0,0.0,0.0,0.0,0.0,1.0,0.0
223338429395,17179982658,Красота и гигиена,"magie academie спрей для ухода за волосами, 200 мл",magie academie / крем-спрей для волос femme code 15в1,1.0,0.10433863653519014,0.6213592233009709,0.0,1.0,1.0,1.0,0.0,0.0,0.0,0.0,0.0,0.0
687194834955,412316941102,Обувь,кроссовки мужские clarks c13404 черные 43 eu,полуботинки clarks,1.0,0.1044601336589934,0.5,0.0,0.0,0.0,0.0,1.0,0.0,0.0,0.0,1.0,0.0
17179925223,188978612123,Продукты питания,"конфеты славянка ""жаклин"", французский зефир со вкусом клубники в шоколаде, 1000 г, пакет, 30588",славянка / конфеты жаклин 1кг,1.0,0.10455025892160823,0.7111111111111111,0.0,1.0,1.0,1.0,0.0,0.0,0.0,0.0,0.0,0.0
326417652046,798863975286,Продукты питания,"kdv / конфеты жевательные notaboom с шоколадным крем, 500 грамм","конфеты жевательные notaboom с шоколадным кремом 0,5 кг",1.0,0.10456079933194039,0.8541666666666667,0.0,1.0,1.0,1.0,0.0,0.0,0.0,0.0,0.0,0.0
206158455316,17179979548,Галантерея и аксессуары,солнцезащитные очки унисекс nobrand черные,очки солнцезащитные,1.0,0.10459096280162368,1.0,0.0,0.0,0.0,0.0,0.0,1.0,0.0,1.0,0.0,0.0
498216220994,146028958922,Спорт и отдых,victorinox / нож-брелок classic sd colors victorinox 0.6223.t55g,victorinox швейцарский нож старый классик 57,1.0,0.10465127884217014,0.4123711340206186,0.0,1.0,0.0,0.0,0.0,0.0,0.0,0.0,1.0,0.0
102732,721554539208,Товары для животных,"сухой корм go! solutions для щенков и собак, со свежим ягненком, 11,34 кг","go! / сухой корм для щенков и собак со свежим ягненком, 11.4кг",1.0,0.10473139007406806,0.874074074074074,0.0,1.0,1.0,1.0,0.0,0.0,0.0,0.0,0.0,0.0
704374758679,446676713246,Одежда,шорты,news / шорты спортивные домашние,1.0,0.10485284935227474,1.0,0.0,0.0,0.0,1.0,0.0,0.0,0.0,0.0,1.0,0.0
489626330083,618475363928,Продукты питания,"каша ""самарский здоровяк"" №36 пшенично-гречневая с расторопшей и топинамбуром, 250 г.","самарский здоровяк / №72 каша пшенично-рисовая с пробиотиком, 250 г.",1.0,0.10487865490691439,0.6013071895424836,0.3333333333333333,1.0,1.0,1.0,0.0,0.0,0.0,0.0,0.0,0.0
128849023904,395137130171,Мебель,"садовый стул, дерево, 46х105 см, 1 шт",naturehike / стул складной туристический nh19y001-z черный,1.0,0.10492262525248777,0.33684210526315794,0.0,1.0,0.0,1.0,0.0,0.0,0.0,0.0,1.0,0.0
103079225116,438086791430,Автотовары,"зимние щетки стеклоочистителя osawa для hyundai i20 i (pb, pbt) 600мм+400мм",зимние щетки стеклоочистителя osawa для hyundai ix35 (09-) 600мм+400мм,1.0,0.10499258734172123,0.9147286821705427,0.4,1.0,1.0,1.0,0.0,0.0,0.0,0.0,0.0,0.0
678604833803,738734523385,Обувь,кроссовки maison david paris,"maison кроссовки maison размер 43, черный",1.0,0.10500120016789133,0.7272727272727272,0.0,0.0,0.0,0.0,0.0,1.0,0.0,0.0,1.0,0.0
498216238568,85899388911,Спорт и отдых,воблер суспендер lj pro series anira sp 06.90/106,"lucky john / воблер anira 89f приманка для ловли щуки, окуня, судака",1.0,0.10501737386840262,0.4102564102564103,0.0,1.0,0.0,0.0,0.0,0.0,0.0,0.0,0.0,0.0
678604833828,377957194304,Продукты питания,кокосовое молоко aroy-d coconut milk 1 литр,не определен кокосовое молоко aroy-d 70%,1.0,0.10507795773327204,0.7301587301587301,0.0,1.0,0.0,0.0,0.0,1.0,0.0,0.0,0.0,0.0
360777383593,420906902482,Спорт и отдых,"нож складной, лезвие 7см, черный матовый с вкраплен., рукоять 9,5см, фиксатор","не определен нож складной ""мегал"" 17см, клинок 72мм/1,5мм",1.0,0.10512439920653249,0.44776119402985076,0.0,1.0,0.0,1.0,0.0,0.0,0.0,0.0,0.0,0.0
558345907088,360777277489,Музыкальные инструменты,трости для саксофона сопрано vandoren sr203,"трости для саксофона сопрано традиционные №3,5 (10шт) vandoren sr2035",1.0,0.10512743447163159,0.925,0.0,1.0,0.0,0.0,1.0,0.0,0.0,0.0,0.0,0.0
764504331072,721554519125,Электроника,"nv-print картридж лазерный nv print cf281a черный, с чипом","nv print картридж, совместимый, черный (black), 1 шт",1.0,0.1051867169261011,0.5818181818181818,0.0,1.0,0.0,0.0,0.0,1.0,0.0,0.0,0.0,0.0
730144534929,343597398620,Строительство и ремонт,"vele luce подвесной светильник, e27, 60 вт","подвесной светильник vele luce city vl6342p01, 60 вт",1.0,0.10535917681861787,0.8297872340425532,0.25,1.0,0.0,0.0,0.0,0.0,0.0,0.0,0.0,0.0
317827591879,395137029943,Строительство и ремонт,"ecola лампа светодиодная ecola, e14, t25, 10 вт, 4000 k, 340°, для холодильников и швейных машин","ecola лампочка 277791, нейтральный белый свет, e14, 10 вт, светодиодная, 1 шт.",1.0,0.10538609196407525,0.5402298850574713,0.2857142857142857,1.0,0.0,1.0,0.0,0.0,0.0,0.0,1.0,0.0
592705638253,128849066330,Строительство и ремонт,"arti lampadari потолочный светильник, e27, 180 вт",arti lampadari потолочный светильник arti lampadari vigilanza e 1.13.38 g,1.0,0.10541972531402806,0.7850467289719626,0.0,1.0,0.0,1.0,0.0,0.0,0.0,0.0,0.0,0.0
566935715933,171798846966,Мебель,"монолит стол приставной полукруг ""монолит"", 1400х700х750 мм, без опор (640137), цвет бук бавари","монолит письменный стол, 150х30х120 см",1.0,0.10546873632517001,0.37593984962406013,0.0,1.0,0.0,1.0,1.0,0.0,0.0,1.0,0.0,0.0
721554573731,214748424263,Автотовары,рычаг подвески lemforder 1309801,рычаг lemforder 1309901,1.0,0.10548117801902043,0.8,0.0,1.0,0.0,0.0,1.0,0.0,0.0,1.0,0.0,0.0
171798817910,137439087080,Ювелирные изделия,"кольцо помолвочное constantine filatov помолвочное кольцо с бриллиантом, желтое золото, 585 проба, бриллиант, размер 15.5, желтый","constantine filatov, классическое помолвочное кольцо с шестью крапанами с бриллиантом 0, 30 кт, золото желтое, cf585-r-y-021-18,25, 1 бр 0,3кт 3/5а",1.0,0.10554194947772344,0.6509803921568627,0.1,1.0,0.0,0.0,0.0,0.0,0.0,1.0,1.0,0.0
163208900161,790273999121,Обувь,"полуботинки t.taccardi 225860, черный, 34",полуботинки t.taccardi,1.0,0.10554780583708151,1.0,0.0,0.0,0.0,0.0,1.0,0.0,0.0,0.0,1.0,0.0
764504264308,360777301846,Обувь,converse / кеды,кеды converse chuck taylor all star '70,1.0,0.10557073875222936,0.9285714285714286,0.0,0.0,0.0,0.0,0.0,0.0,0.0,0.0,0.0,1.0
781684105146,824633746375,Строительство и ремонт,"настенный газовый котел ferroli vitabel c24, двухконтурный (открытая камера)","котел газовый ferroli vitabel f 18 квт (двухконтурный, закрытая камера сгорания)",1.0,0.10557750337211665,0.6923076923076923,0.0,1.0,0.0,0.0,0.0,0.0,0.0,0.0,0.0,0.0
764504198866,712964613179,Галантерея и аксессуары,"без бренда жесткий браслет, размер 6.5 см, диаметр 6.5 см, черный, серебристый","браслет мужской ""каркас"" тьма, цвет черный в серебре, d:6,5 см",1.0,0.10573416835427286,0.5303030303030303,0.0,1.0,1.0,1.0,0.0,0.0,0.0,0.0,0.0,1.0
77309481828,472446488085,Ювелирные изделия,"кольцо женское из красного золота 585 пробы с фианитами (арт. 01-10010-2530) (17,5)",gold center / кольцо женское из красного золота 585 пробы без вставок (арт,1.0,0.10574826482561166,0.735042735042735,0.2,1.0,0.0,0.0,0.0,0.0,0.0,0.0,0.0,0.0
730144551247,283467911294,Одежда,футболка nik nika,nik nika / футболка белая женская,1.0,0.10575308115148097,1.0,0.0,0.0,1.0,0.0,0.0,0.0,0.0,0.0,0.0,1.0
438086709807,412316942630,Галантерея и аксессуары,"sensum love / чокер ""танго""","чокер ""танго"" бутон черный, 30 см",1.0,0.1058224132969569,0.65,0.0,0.0,1.0,0.0,0.0,0.0,0.0,0.0,1.0,0.0
240518236017,283467903053,Электроника,геймпад nintendo switch joy-con red/blue,геймпад nintendo switch joy-con red/blue,1.0,0.1058973299798002,1.0,0.0,0.0,0.0,0.0,0.0,0.0,0.0,0.0,0.0,1.0
386547131164,712964600015,Продукты питания,ingilll / пряники имбирные на торт мужчине жил-был пес 55 лет,"пряники имбирные на торт мужчине ""жил-был пёс"" с днем рождения мужу папе на юбилей 50 лет",1.0,0.1059303441286875,0.7422680412371133,0.0,1.0,0.0,0.0,0.0,0.0,0.0,0.0,0.0,0.0
541165935094,240518241956,Музыкальные инструменты,"чехол для классической гитары, окантован",тм music life / чехол для музыкального инструмента,1.0,0.10611883649480892,0.4222222222222222,0.0,0.0,0.0,0.0,0.0,0.0,0.0,0.0,1.0,0.0
807454000373,369367271358,Обувь,ласты scorpena redline чёрный 44/45,ласты scorpena для плавания,1.0,0.10615008999455383,0.6829268292682927,0.0,0.0,0.0,0.0,1.0,0.0,0.0,0.0,1.0,0.0
541166026767,721554613176,Строительство и ремонт,защелка межкомнатная archie lp 5112cl ab/acf античная бронза с цилиндром под ключ,защелка магнитная врезная archie lm 5212cl ab/acf античная бронза/античный кофе,1.0,0.10615204407107527,0.7,0.0,1.0,0.0,0.0,1.0,0.0,0.0,1.0,0.0,0.0
601295525979,498216357138,Товары для животных,"brit care / brit indoor stool odour reduction индейка и лосось 1,5кг","корм brit care superpremium indoor stool odour reduction turkey & salmon (низкозерновой) для домашних кошек, уменьшение запаха стула, c индейкой и лососем, 1.5 кг",1.0,0.10618024549442058,0.7766990291262136,0.0,1.0,1.0,1.0,0.0,0.0,0.0,0.0,0.0,0.0
833223770418,764504319009,Ювелирные изделия,"цепочка серебро родированное 925 пробы, плетение панцирное",цепочка из серебра 45 см sokolov 968030504,1.0,0.10637673167469076,0.4,0.0,1.0,0.0,0.0,0.0,1.0,0.0,1.0,1.0,0.0
687194900139,180388762590,Хобби и творчество,"2шт. бумага для скрапбукинга, поделок и творчества а4 milotto","бумага для скрапбукинга, поделок и творчества а4 milotto scrap1926",1.0,0.10646528679113697,0.9572649572649573,0.3333333333333333,1.0,1.0,1.0,0.0,0.0,0.0,0.0,0.0,0.0
429496838439,395137104444,Спорт и отдых,силиконовый раттлин для рыбалки bat shiriten baton 70 16гр (silicon) цвет 972,раттлин виб для зимней рыбалки bat shiriten vibe 73 bt034 16гр (silicon) цвет 972,1.0,0.10647827256651048,0.8421052631578948,0.4,1.0,1.0,0.0,0.0,0.0,0.0,0.0,1.0,0.0
369367357560,274877974389,Бытовая техника,philips / набор для стрижки mg3730/15,"philips набор для стрижки mg3710/15, черный",1.0,0.10650981945932579,0.85,0.3333333333333333,1.0,0.0,1.0,0.0,0.0,0.0,1.0,1.0,0.0
429496778405,850403657683,Продукты питания,"кофе в зернах jardin ""cafe eclair"", 1000 грамм","кофе зерновой jardin cafe eclair жареный, 1кг",1.0,0.10656685592526137,0.6593406593406592,0.0,1.0,0.0,0.0,1.0,0.0,0.0,0.0,0.0,0.0
472446505583,446676710760,Электроника,canon / мфу струйное pixma g2411 цветной usb,canon принтер струйный g24111,1.0,0.1065877581502177,0.547945205479452,0.0,1.0,0.0,0.0,0.0,0.0,0.0,0.0,1.0,0.0
137438957779,532576095788,Электроника,"xiaomi 23.8"" монитор rmmnt238nfs, черный","xiaomi / монитор 23.8"" mi desktop monitor 1с ips 1920x1080(bhr4510gl)",1.0,0.10659155828475653,0.6666666666666665,0.16666666666666666,1.0,0.0,0.0,0.0,0.0,0.0,0.0,0.0,0.0
309237789426,798863957344,Спорт и отдых,silapro / silapro набор утяжелителей для рук и ног текстильный 2штх1кг,"silapro набор утяжелителей для рук и ног текстильный, вес 2,0кг(+-90гр), 2шт х 1кг, 33х14см",1.0,0.10661464316230039,0.7843137254901962,0.3333333333333333,1.0,1.0,1.0,0.0,0.0,0.0,0.0,0.0,0.0
523986051854,120259200035,Ювелирные изделия,кольцо серебряное позолоченное с жемчугом,достояние костромы / ювелирное кольцо серебро 925 с натуральным жемчугом,1.0,0.10663015058106763,0.5862068965517241,0.0,0.0,0.0,1.0,0.0,0.0,0.0,0.0,0.0,1.0
317827650928,94489295563,Электроника,"hi-black картридж, совместимый, голубой (cyan), 1 шт",hi-black / картридж hi-black (hb-cf411x) для hp clj,1.0,0.10671117166303817,0.5106382978723404,0.0,1.0,0.0,1.0,0.0,0.0,0.0,0.0,0.0,1.0
781684186361,592705606949,Спорт и отдых,okuma удилище удилище okuma revenger tele spin 240cm 15-40g 6sec,удилище okuma revenger tele spin 300cm 25-70g 7sec rv-s-1007m-t,1.0,0.10673500381865471,0.7964601769911505,0.0,1.0,0.0,1.0,0.0,0.0,0.0,0.0,0.0,0.0
266288094437,661424993749,Ювелирные изделия,цепь мужская серебряная плетение якорное,красцветмет / цепь мужская серебряная плетение якорное,1.0,0.1069520883927203,1.0,0.0,0.0,0.0,0.0,0.0,0.0,0.0,0.0,0.0,1.0
180388643263,420906827330,Ювелирные изделия,красцветмет / цепь мужская серебряная плетение якорное,цепь мужская серебряная плетение якорное,1.0,0.1069520883927203,1.0,0.0,0.0,0.0,0.0,0.0,0.0,0.0,0.0,0.0,1.0
188978613222,652835075600,Автотовары,ntn-snr ролик ge37313,ролик автомобильный ntn-snr ga37003,1.0,0.10696852250649116,0.7647058823529411,0.0,1.0,0.0,0.0,0.0,1.0,0.0,1.0,0.0,0.0
128849157773,60129665024,Обувь,полусапоги marko натуральная кожа,полусапоги женские marko 36022 черные 37 ru,1.0,0.10705349892513644,0.653061224489796,0.0,0.0,0.0,0.0,1.0,0.0,0.0,0.0,1.0,0.0
171798737423,163208868846,Строительство и ремонт,"переставные клещи stayer hercules, 300 мм 22375-30","клещи переставные stayer hercules 300 мм, professional",1.0,0.10705437599123556,0.7692307692307692,0.3333333333333333,1.0,1.0,1.0,0.0,0.0,0.0,0.0,0.0,0.0
463856478903,523986051254,Автотовары,kiwix подкраска автомобильная (штрих корректор) ford 7120 competition orange 20 мл,краска (подкраска) для сколов daewoo 77l ruby red 20 мл,1.0,0.10708728519669397,0.4087591240875913,0.3333333333333333,1.0,1.0,1.0,0.0,0.0,0.0,0.0,0.0,0.0
335007464173,352187371238,Одежда,"костюм ""иона"" женский: куртка, брюки, белый с сиреневым (рзм 120-124/158-164)",сириус / костюм,1.0,0.10714570376546974,0.5714285714285715,0.0,0.0,0.0,0.0,0.0,0.0,0.0,0.0,0.0,1.0
283467919373,343597433181,Обувь,kelme / кроссовки повседневные sunset,кроссовки kelme,1.0,0.10714881654908372,1.0,0.0,0.0,0.0,0.0,0.0,0.0,0.0,0.0,1.0,0.0
395137109398,712964587903,Ювелирные изделия,diamant / подвеска кулон из серебра 925 пробы с агатом,"diamant, подвеска (кулон) из золочёного серебра с агатом, 93-330-00974-1, декоративные, 925 проба",1.0,0.10722897931063977,0.6754966887417219,0.2,1.0,0.0,0.0,0.0,0.0,0.0,0.0,0.0,0.0
81660,103079320683,Автотовары,hankook ventus s1 evo 3 k127a шины летние 285/45  r19 111y,шины hankook ventus s1 evo 3 k127a 295/40 r20 110y,1.0,0.10727024467719962,0.8411214953271028,0.2727272727272727,1.0,0.0,0.0,1.0,0.0,0.0,1.0,0.0,0.0
704374699528,128849090038,Ювелирные изделия,krasnoe серьги ювелирные серебро 925 пробы,krasnoe / серебряные серьги перья с агатом натуральным,1.0,0.10733541146316301,0.5833333333333334,0.0,0.0,0.0,0.0,0.0,0.0,0.0,0.0,0.0,1.0
558345820755,292057789915,Галантерея и аксессуары,женская логика / серьги-кольца,серьги,1.0,0.10735158277740586,0.33333333333333326,0.0,0.0,0.0,0.0,0.0,0.0,0.0,0.0,0.0,0.0
584115639047,532576089954,Ювелирные изделия,"кольцо серебро 925 женское ""царю небесный""",кольцо из золота с гранатом р.19 ангельская925 r_ko_450,1.0,0.10747938069484968,0.3505154639175258,0.3333333333333333,1.0,0.0,0.0,1.0,0.0,0.0,1.0,0.0,1.0
309237722737,137439015532,Галантерея и аксессуары,"рюкзак, отдел на молнии, 2 наружных кармана, 2 боковых кармана, цвет розовый","сима-ленд рюкзак городской из текстиля, 4 кармана, цвет розовый",1.0,0.10750807335868616,0.59375,0.0,1.0,0.0,0.0,0.0,0.0,0.0,0.0,1.0,0.0
77309467559,687194836977,Обувь,ralf ringer кеды ralf ringer:38,кеды ralf ringer,1.0,0.1075346187849401,1.0,0.0,0.0,0.0,0.0,0.0,0.0,0.0,0.0,0.0,0.0
498216277002,575525759517,Продукты питания,"мед-суфле с прополисом, мед и конфитюр 0,5 кг.",bee lab / мед суфле с прополисом 500гр,1.0,0.107675626304475,0.5,0.0,1.0,0.0,1.0,0.0,0.0,0.0,0.0,0.0,0.0
712964717132,721554588556,Электроника,"kyocera тонер-картридж, оригинал, черный (black), 1 шт","картридж kyocera tk-8115k, 12000 стр, черный",1.0,0.10792550480713758,0.5918367346938775,0.0,1.0,0.0,0.0,1.0,0.0,0.0,0.0,0.0,1.0
730144528234,644245239617,Мебель,лига диванов угловой диван дубай лайт правый угол,"лига диванов угловой диван ,241х140х80см",1.0,0.10794413641796882,0.7878787878787878,0.0,0.0,1.0,1.0,0.0,0.0,0.0,0.0,1.0,0.0
335007480093,146028944376,Мебель,"helmi / кресло игровое hl-s07 ""boost"", экокожа, ткань черная","helmi игровое компьютерное кресло игровое компьютерное кресло_319987_helmi, экокожа, оранжевый",1.0,0.10796237113744539,0.6516853932584269,0.0,1.0,0.0,0.0,0.0,0.0,0.0,0.0,0.0,0.0
223338348851,171798811337,Галантерея и аксессуары,сумка женская daniele patrici a68099 темно-бежевая,daniele patrici сумка на плечо,1.0,0.10808477944842391,0.8235294117647058,0.0,0.0,0.0,0.0,1.0,0.0,0.0,0.0,1.0,0.0
412316868627,506806229838,Электроника,"hiwatch ds-t101 (2.8 mm), 1 мп купольная hd-tvi видеокамера с ик-подсветкой до 20м",hiwatch / камера hd-tvi 2mp dome ds-t201(b) 2.8mm,1.0,0.10810422178961661,0.5343511450381679,0.16666666666666666,1.0,1.0,1.0,0.0,0.0,0.0,0.0,0.0,0.0
764504229282,773094235079,Строительство и ремонт,"lightstar / светильник трековый rullo, pro216587","lightstar трековый светильник, 50 вт",1.0,0.10813889275957626,0.7619047619047619,0.0,1.0,0.0,1.0,0.0,0.0,0.0,0.0,1.0,0.0
644245210284,171798852590,Строительство и ремонт,смеситель для ванны и душа haiba hb2618,смеситель для ванны haiba hb18 hb2618,1.0,0.10814090399824991,0.927536231884058,0.5,1.0,0.0,0.0,0.0,0.0,1.0,0.0,1.0,0.0
678604933518,678604842712,Ювелирные изделия,серьга горнолыжный ботинок горы спорт,exje / моносерьга горнолыжный ботинок горы спорт горные лыжи зима,1.0,0.10825299693549675,0.8955223880597015,0.0,0.0,1.0,1.0,0.0,0.0,0.0,0.0,0.0,1.0
558345896211,566935766969,Спорт и отдых,"батут atlas sport pro, 312см, 10 ft, оранжевый",батут atlas sport pro 252 см 8ft orange 2071000482514,1.0,0.10828993759922846,0.6060606060606061,0.0,1.0,0.0,1.0,0.0,0.0,0.0,0.0,1.0,0.0
266288093937,180388701964,Автотовары,двигатель отопителя era 664014 300вт audi 100 4a0 959 101 a era арт. 664014,enzo brera вентилятор отопителя era 664014 арт. 664014,1.0,0.1083058542437373,0.6944444444444444,0.14285714285714285,1.0,0.0,0.0,0.0,1.0,1.0,0.0,0.0,0.0
833223686109,463856597765,Автотовары,"nibk / диск тормозной задн.-2 шт-lexus rx300 98-03, to harrier sx","диск тормозной задний для мазда 3 бм 2013-2019, mazda 3 bm диск тормозной задний nibk rn1521",1.0,0.10832059820418084,0.5263157894736842,0.0,1.0,0.0,1.0,0.0,0.0,0.0,1.0,0.0,0.0
85899481086,712964604348,Автотовары,штрих корректор/ маркер 2в1 seat r7x gris luna 20 мл,kiwix / маркер 2в1 general motors corp 0ra ocean dk blue 20мл,1.0,0.10837172375205062,0.4247787610619469,0.6,1.0,1.0,1.0,0.0,0.0,0.0,1.0,0.0,0.0
266288089681,249108204063,Ювелирные изделия,серебряное кольцо 925 пробы; вставки 33 фианит бесцв.;,ювелирочка / серебряное кольцо с фианитами,1.0,0.10843412576632692,0.5833333333333334,0.0,0.0,0.0,0.0,0.0,0.0,0.0,0.0,0.0,1.0
206158444634,627065352164,Галантерея и аксессуары,thule / рюкзак thule crossover 2 backpack 20l,thule рюкзак thule crossover 2 convertible laptop bag 15.6,1.0,0.10849757110243485,0.7619047619047619,0.3333333333333333,1.0,0.0,1.0,0.0,0.0,0.0,0.0,1.0,0.0
687194788790,300647746552,Дом и сад,"sturm! фекальный насос,900вт,300л/мин,11м",sturm! / насос дренажный фекальный wp9709sw,1.0,0.10859625407523657,0.5614035087719298,0.0,1.0,0.0,1.0,0.0,0.0,0.0,0.0,0.0,0.0
103079321961,463856619713,Красота и гигиена,clini-que / помада для губ pop lip colour + primer оттенок 5 melon pop,"clinique pop lip colour + primer - помада + база 2 в 1 / 05 melon pop 3,9 g",1.0,0.10870078467556496,0.7703703703703704,0.0,1.0,0.0,0.0,0.0,0.0,0.0,0.0,0.0,0.0
764504195708,386547094414,Красота и гигиена,"тушь мейбеллин / maybelline new york / тушь / the colossal volume экстрачерный 10,7 мл","maybelline тушь для ресниц volume express colossal объём 100% черного, 10.7 мл",1.0,0.10894148048202158,0.6580645161290323,0.0,1.0,1.0,0.0,0.0,0.0,0.0,0.0,1.0,0.0
609885523494,352187426840,Дом и сад,"luazon lighting гирлянда ""бахрома"" 3 х 0.6 м, ip44, умс, тёмная нить, 160 led, свечение тёплое белое, мерцание белым, 220 в","luazon lighting гирлянда уличная ""бахрома"", светодиодная электрогирлянда для фасадов и деревьев, праздничный декор на новый год, украшение для дома и улицы, 3 х 0,6 м, умс, тёмная нить, 160 led, свечение тёплое белое, мерцание белым, 220 в",1.0,0.10896897262240986,0.9115044247787611,0.5,1.0,1.0,1.0,0.0,0.0,0.0,0.0,0.0,0.0
335007458138,678604946276,Дом и сад,"набор десертных ложек ""vista"" beckmann & rommerskirchen, 6 предметов, сталь 18/10, германия","beckmann&rommerskirchen / набор десертных ложек для йогурта ""vista"" 6 предметов",1.0,0.10901194162157322,0.8235294117647058,0.3333333333333333,1.0,0.0,1.0,0.0,0.0,0.0,0.0,1.0,0.0
644245221301,455266624015,Галантерея и аксессуары,женская сумка на плечо/сумка с двумя ручками/вместительная/стильная/качественная/top seller/желтая сумка/мешок/шопер/шоппер,elina / сумка через плечо кросс-боди.,1.0,0.10911439710814833,0.2625,0.0,0.0,0.0,1.0,0.0,0.0,0.0,0.0,1.0,0.0
627065317398,266288119366,Мебель,"лига диванов прямой диван, механизм аккордеон, 172х110х93 см","лига диванов прямой диван меркурий 140, микровельвет, экокожа, модель 106363",1.0,0.10925532617231187,0.5588235294117647,0.0,1.0,1.0,1.0,0.0,0.0,0.0,0.0,1.0,0.0
8590046791,755914275199,Продукты питания,заповедный урал / печень здоровая,комплекс для печени,1.0,0.10927792610020476,0.34615384615384615,0.0,0.0,0.0,0.0,0.0,0.0,0.0,0.0,0.0,0.0
163208791576,455266665494,Ювелирные изделия,but!jewels / цепочка снейк змейка шнурок из серебра,"but!jewels цепочка серебро 925 пробы, плетение снейк",1.0,0.10931730990234136,0.6990291262135923,0.0,0.0,0.0,0.0,0.0,0.0,0.0,0.0,0.0,0.0
257698113175,180388666111,Одежда,брюки утепленные stylish amadeo,брюки stylish amadeo,1.0,0.10932396921248332,1.0,0.0,0.0,0.0,0.0,0.0,0.0,0.0,0.0,1.0,0.0
188978689302,154618979188,Одежда,комбинезон утепленный nikastyle,комбинезон nikastyle,1.0,0.10932396921248332,1.0,0.0,0.0,0.0,0.0,0.0,0.0,0.0,0.0,0.0,1.0
343597529716,309237698169,Спорт и отдых,"колеблющаяся блесна lucky john pepa длина 25мм/02.2г, 048 ljpe22-048","блесна колеб. lucky john pepa длин.25мм/02,2г 002",1.0,0.10933558236348549,0.6837606837606838,0.16666666666666666,1.0,1.0,1.0,0.0,0.0,0.0,0.0,0.0,0.0
747324314595,94489338785,Мебель,"кресло-кровать кресло-кровать сенатор 60, 91х107х93 см",прямой диван аккордеон лига диванов сенатор 100 коричневый (велюр)/бежевый (экокожа),1.0,0.10933860971119143,0.3577235772357723,0.0,1.0,1.0,1.0,0.0,0.0,0.0,0.0,0.0,0.0
231928319610,8590069561,Товары для животных,"nobby поводок classic для собак, нейлон, оранжевый, 2х120 см","nobby / поводок classic для собак, нейлон, оранжевый, 1.5х120 см",1.0,0.10934300945382107,0.9516129032258064,0.3333333333333333,1.0,1.0,0.0,0.0,0.0,0.0,0.0,1.0,0.0
257698082139,180388773575,Ювелирные изделия,серебряное кольцо 925 пробы; вставки 1 бирюза;,ювелирочка / серебряное кольцо с бирюзой,1.0,0.1095024436058051,0.6976744186046511,0.0,0.0,0.0,0.0,0.0,0.0,0.0,0.0,0.0,1.0
395137013695,704374681237,Продукты питания,printort / сахарная картинка на торт гартен оф банбан garten of banban,"вафельная картинка для торта гартен оф банбан. украшение для торта в подарок мальчику, сыну на день рождения. съедобная картинка, декор для выпечки.",1.0,0.1095529245069432,0.4615384615384615,0.0,0.0,0.0,0.0,0.0,0.0,0.0,0.0,0.0,0.0
94489308821,85899447635,Обувь,ботинки рабочие coverguard,ботинки рабочие мужские coverguard graphite коричневые 40 ru,1.0,0.10958698415615745,1.0,0.0,0.0,0.0,0.0,1.0,0.0,0.0,0.0,1.0,0.0
712964688788,824633764012,Мебель,woodville стул,стул tetchair cindy (eames) (mod. 1801),1.0,0.109661941961178,0.4444444444444444,0.0,0.0,0.0,0.0,0.0,0.0,0.0,0.0,0.0,0.0
154618919266,206158473708,Продукты питания,"lasciva биостимулирующий концентрат для мужчин , со вкусом лимона и лайма 100  мл",erotic hard / возбуждающее средство,1.0,0.10966704792507148,0.22608695652173907,0.0,0.0,1.0,1.0,0.0,0.0,0.0,0.0,0.0,0.0
532575964906,386547208198,Мебель,"profi&hobby двуспальная кровать, 180х200 см","profi&hobby кровать profi hobbi pino rino 1800 х 2000 сосна, без покраски",1.0,0.10968866132939943,0.5,0.0,1.0,0.0,0.0,1.0,0.0,0.0,1.0,0.0,1.0
747324347127,678604868531,Мебель,не определен барная стойка бс-1ч супер белый,"svp-mebel барный стол, 160х50х110 см",1.0,0.10975464686227189,0.3,0.0,1.0,0.0,1.0,1.0,0.0,0.0,0.0,1.0,0.0
283467981620,712964667876,Хобби и творчество,цветочное кашпо дарим красиво двушка лайт двухреечное 2219797 2 л натуральный 1 шт.,"кашпо деревянное флористическое 24.5х13.5х9 см ""двушка лайт"", двухреечное, натуральный",1.0,0.10977848728870836,0.5798816568047337,0.0,1.0,0.0,1.0,1.0,0.0,0.0,0.0,0.0,1.0
850403584727,661425089588,Ювелирные изделия,element 47 серьги ювелирные серебро 925 пробы,element47 / ювелирные серьги,1.0,0.10983699105022506,0.7272727272727272,0.5,1.0,0.0,0.0,0.0,0.0,0.0,0.0,0.0,0.0
60129594742,566935735573,Автотовары,"прокладка масляного поддона audi a4, vw passat 1,6 1,8 94  patron pg40013",patron / прокладка масляного поддона-1 шт-audi a4. vw passat 1.6/1.,1.0,0.10991302285737793,0.7338129496402876,0.14285714285714285,1.0,0.0,0.0,0.0,0.0,0.0,1.0,0.0,0.0
309237652652,309237805600,Дом и сад,kukmara / сковорода антипригарная со съемной ручкой 26 см,"сковорода 240мм trendy style розовый, съемная ручка soft touch",1.0,0.1099312907159998,0.453781512605042,0.0,1.0,0.0,1.0,0.0,0.0,0.0,0.0,1.0,0.0
171798713178,240518260769,Ювелирные изделия,sokolov / кольцо золотое 585 пробы ювелирное,"кольцо печатка золотое 585 пробы, 014097",1.0,0.10994524858603748,0.6206896551724138,0.5,1.0,0.0,0.0,0.0,0.0,0.0,0.0,0.0,1.0
395137106812,266288093848,Автотовары,puller тормозные колодки для kymco people one 150 2019-2021 sn135 передние левые,"тормозные колодки для kawasaki kx 250 g, h, j 1989-1993 sn135 передние",1.0,0.10996435096505845,0.679245283018868,0.14285714285714285,1.0,0.0,0.0,0.0,0.0,0.0,0.0,0.0,0.0
51539631047,257698155161,Мебель,компьютерный стол woodville 287123,"компьютерный стол, 60х50х100 см",1.0,0.10997882812180243,0.6153846153846154,0.0,1.0,0.0,1.0,0.0,0.0,0.0,0.0,0.0,0.0
652835162792,249108183984,Ювелирные изделия,"браслет из серебра р. 14 aquamarine 74514бвд_925_р, шпинель/фианит","стайл-ру браслет серебро родированное 925 пробы, плетение якорное",1.0,0.11001134117738351,0.41221374045801523,0.3333333333333333,1.0,0.0,0.0,0.0,1.0,0.0,1.0,1.0,0.0
438086800312,8590092493,Музыкальные инструменты,"music life / ремень для гитары 'молнии' длина 60-117 см, ширина 5 см, 12","набор аксессуаров: медиаторы 12 шт и ремень для гитары ""молнии""",1.0,0.1100974593843261,0.549618320610687,0.25,1.0,0.0,1.0,0.0,0.0,0.0,0.0,0.0,0.0
644245241971,549755920505,Товары для животных,yugi / игрушка для собак yugi кость из нейлона розовая 14 см,"игрушка для собак yugi ""модульная кость"" из нейлона розовая, 14,5 см",1.0,0.11012960768582931,0.878048780487805,0.0,1.0,0.0,1.0,0.0,0.0,0.0,0.0,1.0,0.0
77309549731,180388723628,Спорт и отдых,"пижон сумка-переноска каркасная ""медведи на черном фоне"", размер l, 52 х 28 х 28 см 7984424","сумка-переноска каркасная ""плюшевые медведи"", размер s, 37 х 15 х 22 см",1.0,0.11013327726075296,0.6981132075471698,0.0,1.0,0.0,1.0,0.0,0.0,0.0,0.0,0.0,0.0
34359817800,558345765278,Автотовары,"autopilot оплетка на руль, диаметр 37.39 см, 1 шт. ","автопилот оплетка на руль субару импреза (2016 - 2019) седан / subaru impreza, искусственная кожа (высокого качества), черный с красным",1.0,0.11013846834599791,0.33513513513513515,0.0,1.0,1.0,1.0,0.0,0.0,0.0,0.0,0.0,1.0
42949673839,386547087843,Одежда,шорты спортивные korri,шорты korri,1.0,0.11016450668923179,1.0,0.0,0.0,0.0,0.0,0.0,0.0,0.0,0.0,1.0,0.0
223338336653,558345763513,Автотовары,краска ( подкраска) для сколов + лак + грунт комплект suzuki z1e naples yellow 60 мл,kiwix подкраска автомобильная (штрих корректор) 20 мл tata tat700 vulcan grey + лак 20 мл + грунт 20 мл комплект,1.0,0.110199970057153,0.5666666666666667,0.0,1.0,0.0,1.0,0.0,0.0,0.0,0.0,0.0,0.0
25769951250,352187475983,Галантерея и аксессуары,"маска для сна nobrand спать хочется, разноцветный","маска для сна спать хочется, 19.3 х 9.5 см",1.0,0.11028340868966309,0.8,0.0,0.0,0.0,0.0,0.0,1.0,0.0,0.0,0.0,1.0
326417577198,592705538337,Строительство и ремонт,электрический котел эван warmos start 3 квт одноконтурный,котел электрический эван warmos start 2023 - 14,1.0,0.1103629167894737,0.880952380952381,0.0,1.0,0.0,0.0,0.0,1.0,0.0,0.0,0.0,0.0
257698171659,420906831370,Музыкальные инструменты,"foix / акустическая гитара с чехлом, ремнем, тюнером, foix","ffg-4101c-bk акустическая гитара, с вырезом, черная, foix",1.0,0.11040364856712558,0.6,0.0,0.0,0.0,0.0,0.0,0.0,0.0,0.0,1.0,0.0
197568536707,343597453966,Товары для животных,"сухой корм award healthy growth для котят от 1 месяца, беременных и кормящих кошек с индейкой и курицей с добавлением рыбьего жира и семян льна 400г+400г","сухой корм award healthy growth для котят от 1 месяца, беременных и кормящих кошек с индейкой и курицей с добавлением рыбьего жира и семян льна 400г х 2 шт.",1.0,0.1104449177383578,0.9647887323943662,0.6666666666666666,1.0,1.0,1.0,1.0,0.0,0.0,0.0,0.0,0.0
395137156575,687194811481,Ювелирные изделия,multisilver серьги ювелирные серебро 925 пробы,multisilver / серьги серебряные с кристаллом и фианитами,1.0,0.11053397434062727,0.6274509803921569,0.0,0.0,0.0,0.0,0.0,0.0,0.0,0.0,0.0,1.0
566935850103,420906840940,Галантерея и аксессуары,xiaomi / рюкзак mi casual daypack,"рюкзак xiaomi mi little backpack dark blue, 10 l",1.0,0.11069737889585837,0.653061224489796,0.0,0.0,0.0,0.0,0.0,0.0,0.0,0.0,1.0,0.0
146028897647,120259090447,Мебель,кресло-кровать гранд д 90 экокожа шоколад и серый шенилл,кресло-кровать шарм-дизайн гранд д 80 104x95x110 см цвет коричневый/серый 170522166,1.0,0.11070956847366836,0.5641025641025641,0.0,1.0,0.0,0.0,0.0,0.0,0.0,1.0,0.0,1.0
446676729645,206158539298,Обувь,полусапоги dina grata,dina grata / полусапожки натуральная кожа,1.0,0.11080151364149607,0.6451612903225806,0.0,0.0,0.0,0.0,0.0,0.0,0.0,0.0,0.0,1.0
85899444696,240518255738,Красота и гигиена,fragrance world 5644120 духи 100 мл,распродажа / том форд лост черри tom ford lost cherry,1.0,0.11080557437349131,0.25,0.0,0.0,1.0,1.0,0.0,0.0,0.0,0.0,0.0,0.0
481036381029,163208857030,Дом и сад,tzar макушка для елки звезда 1 шт.,"anlin - праздник / наконечник ""звезда"" россыпь, 12х11 см, золото",1.0,0.11085613373545528,0.2653061224489795,0.0,1.0,1.0,1.0,0.0,0.0,0.0,0.0,0.0,0.0
575525641254,730144561149,Бытовая техника,"настенная сплит-система hisense neo classic a r32 as-09hr4ryddc00, белый","настенная сплит-система hisense neo classic a r32 as-24hr4rbadc00, белый",1.0,0.11089221221987111,0.9444444444444444,0.6,1.0,0.0,0.0,1.0,0.0,0.0,1.0,0.0,0.0
790274119434,644245182150,Спорт и отдых,"компас туристический карманный, диаметр 4.4 см","китай / компас дс 45а (gko 4-0), круглый, жидкостный, пласт.",1.0,0.11097581006882144,0.4339622641509434,0.0,1.0,0.0,0.0,0.0,0.0,0.0,0.0,0.0,0.0
85899472846,575525631528,Ювелирные изделия,ювелирия / кольцо из серебра с кварцем и топазом,кольцо из серебра с кварцем и топазом,1.0,0.11098463141739513,1.0,0.0,0.0,0.0,0.0,0.0,0.0,0.0,0.0,0.0,1.0
343597456582,670015032598,Спорт и отдых,"олта воблер читер "" тигр "" , 10.0см, 22.2г, плавающий, 3,5-4,0м","воблер олта читер 100f плавающий 10см 22,2гр до 4м цвет тигр",1.0,0.11100680745399075,0.7603305785123967,0.0,1.0,1.0,1.0,0.0,0.0,0.0,0.0,1.0,0.0
180388713879,575525721438,Автотовары,"оплетка, чехол на руль хендай элантра (2018 - 2020) хэтчбек 5 дверей / hyundai elantra, экокожа (премиального качества), черный","автопилот оплетка на руль тойота айго (2012 - 2014) хэтчбек 5 дверей / toyota aygo, искусственная кожа (высокого качества), черный",1.0,0.1110453192446364,0.6692607003891049,0.2,1.0,0.0,0.0,0.0,0.0,0.0,0.0,1.0,0.0
816043899281,292057812472,Красота и гигиена,"loreal professionnel / шампунь для волос голд рефилл 1,5л","l'oreal professionnel шампунь для волос, 1500 мл",1.0,0.11115060244440442,0.819047619047619,0.0,1.0,0.0,1.0,0.0,0.0,0.0,0.0,0.0,0.0
137438981694,670015022692,Ювелирные изделия,"кольцо печатка мужская серебро 925, 95010160","кольцо печатка из серебра р. 21,5 sokolov 95010160",1.0,0.1111569121002446,0.7234042553191489,0.3333333333333333,1.0,0.0,0.0,1.0,0.0,1.0,0.0,1.0,0.0
627065246250,154618841408,Галантерея и аксессуары,"стельки для обуви 38 размер, комплект - 3 пары",bmgrup / стельки для обуви шерстяные 39 размер (3 пары),1.0,0.11116096516275883,0.6732673267326733,0.3333333333333333,1.0,0.0,0.0,0.0,0.0,0.0,0.0,0.0,0.0
609885506421,687194836676,Ювелирные изделия,"sokolov, кольцо из золота с миксом камней, 714261, агат, украшение из красного золота 585 пробы","sokolov кольцо sokolov, красное золото, 585 проба, фианит, агат, наношпинель, размер 18.5, черный, бесцветный",1.0,0.11118124660694392,0.577319587628866,0.3333333333333333,1.0,0.0,0.0,0.0,0.0,0.0,0.0,0.0,0.0
352187433918,635655304857,Ювелирные изделия,"кольцо обручальное constantine filatov кольцо-альянс с бриллиантами, желтое золото, 585 проба, бриллиант, размер 18.25, желтый","constantine filatov, узкое кольцо-альянс с бриллиантами в рельсовой закрепке на 0,4 карата, золото желтое, cf585-r-y-119-17,25, 36 бр 0,4кт 3/5а",1.0,0.11121219191844257,0.6222222222222222,0.125,1.0,0.0,0.0,0.0,0.0,0.0,1.0,0.0,0.0
472446535662,790274040776,Галантерея и аксессуары,"queen fair резинка для волос ""тофи""",резинка для волос,1.0,0.11132330331794943,1.0,0.0,0.0,0.0,0.0,0.0,0.0,0.0,0.0,0.0,0.0
618475407415,60129633234,Галантерея и аксессуары,"рюкзак никита, 30 12 34, отд на молнии, 2 н/кармана, 2 бок кармана, бежевый","рюкзак на молнии, 2 наружных кармана, 2 боковых кармана, цве",1.0,0.11133984968786541,0.7272727272727272,0.25,1.0,0.0,0.0,0.0,0.0,0.0,0.0,0.0,0.0
412316921661,549755923897,Мебель,"clicker прямой диван бергамо 2-х местный, микровельвет, модель 112063",прямой диван москва 570 2-х местный микровельвет фиолетовый ширина 143см,1.0,0.11134810707981896,0.6382978723404256,0.25,1.0,1.0,1.0,0.0,0.0,0.0,0.0,1.0,0.0
231928394147,755914318752,Автотовары,dkc / маркер для кабеля сечением 0.5-1.5мм символ (-) mk (10шт),маркер для кабеля 1.5-2.5мм символ 6 (уп.200шт) дкс mkf6s2,1.0,0.1113485549831807,0.7272727272727272,0.14285714285714285,1.0,1.0,1.0,0.0,0.0,0.0,0.0,0.0,0.0
644245223294,609885496732,Обувь,"ecco кроссовки ecco, размер 46, черный",кеды ecco,1.0,0.11137312687286689,0.6153846153846154,0.0,0.0,0.0,0.0,1.0,0.0,0.0,0.0,1.0,0.0
197568512475,77309451026,Ювелирные изделия,"constantine filatov, классическое помолвочное кольцо с шестью крапанами с бриллиантом 0, 30 кт, золото желтое, cf585-r-y-020-17,25, 1 бр 0,3кт 3/5а","кольцо помолвочное constantine filatov помолвочное кольцо с бриллиантом, желтое золото, 585 проба, бриллиант, размер 17.75, желтый",1.0,0.11139703611140984,0.6484375,0.1,1.0,0.0,0.0,0.0,0.0,0.0,1.0,0.0,0.0
549755860020,377957157970,Спорт и отдых,воблер для рыбалки usami greengo ef58147,воблер usami greengo 80s #676,1.0,0.11139875246678296,0.8163265306122449,0.0,1.0,0.0,0.0,1.0,0.0,0.0,0.0,0.0,1.0
601295429327,712964672536,Спорт и отдых,"country life / коэнзимы, b-complex, в-комплекс, 60 капсул","country life chelated magnesium glycinate, 90 таблеток",1.0,0.1114644632739875,0.4324324324324324,0.0,1.0,0.0,0.0,0.0,0.0,0.0,0.0,0.0,0.0
489626427614,420906841341,Хобби и творчество,"обучающий плакат мир открыток ""государственный герб рф"" , 21,6х30,3 см, 10 штук","мир открыток плакат ""государственный герб рф"", 21.6х30.3 см, 10 шт.",1.0,0.11151014731320864,0.863013698630137,0.2,1.0,1.0,1.0,0.0,0.0,0.0,0.0,0.0,0.0
420906811421,214748450304,Красота и гигиена,аппарат для маникюра и педикюра 2541754,"/ аппарат для маникюра luazon lmm-005, 6 н",1.0,0.11152405591244012,0.6779661016949151,0.0,1.0,0.0,0.0,0.0,0.0,0.0,0.0,0.0,0.0
618475360581,377957229748,Строительство и ремонт,velante / подвесная люстра 305-503-05,"velante люстра подвесная, e14, 60 вт",1.0,0.11163634801931051,0.7123287671232876,0.0,1.0,0.0,0.0,0.0,0.0,0.0,0.0,0.0,1.0
695784839888,721554564501,Мебель,"клик мебель комод с 6-ью ящиками бетти, 1200х420х775, дуб крафт золотой/белый","комод, 6 ящ., 120х42x77.5 см",1.0,0.1116998730401428,0.41904761904761906,0.14285714285714285,1.0,0.0,0.0,0.0,1.0,0.0,1.0,1.0,0.0
377957189726,231928379260,Продукты питания,"сироп ""филиппинское манго"" pinch&drop стекло 1л d 85 h 330мм",pinch&drop / сироп для кофе коктейлей филиппинское манго 1 л,1.0,0.11192321909803435,0.5666666666666667,0.3333333333333333,1.0,1.0,1.0,0.0,0.0,0.0,0.0,0.0,0.0
661424983826,386547159134,Обувь,"new balance кроссовки new balance, размер 43 eu, серый",кроссовки new balance,1.0,0.11194976926567429,1.0,0.0,0.0,0.0,0.0,1.0,0.0,0.0,0.0,0.0,0.0
515396165450,704374797326,Автотовары,"автопилот защитная накидка (чехол) от наледи, солнца на лобовое стекло тойота ленд крузер прадо (2009 - 2013) внедорожник 3 двери / toyota land cruiser prado, полиэстер (высокого качества), серебристый, размер 160х115 см","защитная накидка (чехол) от наледи, солнца на лобовое стекло ауди ку5 (2008 - 2012) внедорожник 5 дверей / audi q5, полиэстер, серебристый, размер 160х115 см",1.0,0.111991847582896,0.8106060606060607,0.25,1.0,1.0,0.0,0.0,0.0,0.0,1.0,1.0,0.0
627065260272,541165930842,Ювелирные изделия,"dewi кольцо dewi, серебро, 925 проба, родирование, эмаль, размер 17.5, красный",dewi кольцо мак из серебра 925 пробы с эмалью,1.0,0.1121014211180737,0.6016260162601627,0.5,1.0,0.0,0.0,0.0,0.0,0.0,1.0,0.0,0.0
824633759129,146029031883,Автотовары,patron щетки стеклоочистителя 65см + 48см к-кт плоская push button 19mm ford mondeo iv,"patron комплект бескаркасных щеток стеклоочистителя, арт. pwb6548-kit-fm, 65 см + 48 см",1.0,0.11224007070492886,0.5764705882352942,0.5,1.0,1.0,1.0,0.0,0.0,0.0,1.0,0.0,0.0
498216285921,403726942903,Ювелирные изделия,"uvi ювелирочка серьги uvi ювелирочка, серебро, 925 проба, золочение, родонит, розовый, золотой",серебряные серьги 925 пробы; вставки 2 родонит;,1.0,0.11225883119695561,0.5109489051094891,0.5,1.0,0.0,0.0,0.0,0.0,1.0,0.0,0.0,0.0
721554546382,816043829083,Обувь,"kapika полуботинки kapika, размер 38, черный",полуботинки kapika,1.0,0.11235754278618114,1.0,0.0,0.0,0.0,0.0,0.0,0.0,0.0,0.0,1.0,0.0
429496761306,103079268041,Детские товары,утюжок №3 в/сет 64476,"полесье / утюг детский игрушечный, 15 см",1.0,0.11245475598284391,0.22950819672131145,0.0,1.0,0.0,0.0,0.0,0.0,0.0,0.0,0.0,0.0
824633833556,197568627160,Продукты питания,приправа kotanyi для рыбных блюд 44 г,"приправа для мясных блюд kotanyi,  мельница 40г",1.0,0.11245531454847989,0.7710843373493975,0.0,1.0,0.0,1.0,0.0,1.0,0.0,0.0,0.0,0.0
206158442187,678604920813,Одежда,толстовка,pelican толстовка pelican:8,1.0,0.11247554928332075,1.0,0.0,0.0,0.0,0.0,0.0,0.0,0.0,0.0,0.0,0.0
111669166399,335007585377,Одежда,glossy / набор игрушек для взрослых,эротическое белье glossy,1.0,0.11250060987962288,0.4745762711864407,0.0,0.0,0.0,0.0,0.0,0.0,0.0,0.0,0.0,0.0
386547170680,163208885069,Ювелирные изделия,zoloto.gold кольцо золото красное 585 пробы,"zoloto.gold кольцо обручальное zoloto.gold, золото, 585 проба, размер 23.5",1.0,0.1125530808676163,0.6837606837606838,0.5,1.0,0.0,0.0,0.0,0.0,0.0,1.0,0.0,0.0
532575947060,163208790672,Ювелирные изделия,"diamant, кольцо из золота с родолитом, 51-310-01774-3, украшение из красного золота 585 пробы",diamant / ювелирное кольцо женское из золота 585,1.0,0.11256803498987612,0.5882352941176471,0.2,1.0,0.0,0.0,0.0,0.0,0.0,0.0,0.0,0.0
42949812097,506806289074,Мебель,"brabix детское компьютерное кресло 197544, ткань","кресло brabix ""fancy mg-201w"", без подлокотников, пластик белый, салатовое, 532414, mg-201w_532414",1.0,0.11263573283179627,0.42622950819672134,0.0,1.0,0.0,0.0,0.0,0.0,0.0,0.0,0.0,0.0
180388712258,755914384273,Автотовары,тормозной диск zekkert bs-5831,диск тормозной brembo 09944711,1.0,0.11263862735137475,0.6363636363636364,0.0,1.0,0.0,0.0,0.0,1.0,0.0,1.0,0.0,0.0
27707,566935824331,Канцелярские товары,картон malungma,zweckform / этикетка,1.0,0.11287804761020767,0.22857142857142862,0.0,0.0,0.0,0.0,0.0,0.0,0.0,0.0,0.0,0.0
42949756603,60129705602,Галантерея и аксессуары,omax / наручные часы omax desire dx33p22a,omax часы наручные кварцевые,1.0,0.11294029537626145,0.782608695652174,0.0,0.0,0.0,0.0,0.0,0.0,0.0,0.0,0.0,1.0
138513,738734406881,Спорт и отдых,"волжанка спиннинг, рабочая длина:  270 см,  до 60 гр",volzhanka спиннинг волжанка метеор-2.0 2.7м 20-60г 022-0054,1.0,0.11296684639798134,0.5137614678899083,0.14285714285714285,1.0,1.0,1.0,0.0,0.0,0.0,0.0,0.0,0.0
420906894381,455266626826,Обувь,кроссовки swooshstride,кроссовки унисекс nike 2202-103456 желтые 40 eu,1.0,0.11299994809654659,0.5806451612903225,0.0,0.0,0.0,0.0,0.0,1.0,0.0,0.0,0.0,1.0
34359823094,824633744284,Красота и гигиена,rever parfum lp706 наливная парфюмерия 100 мл,rever parfum / духи на разлив rever premium gp321,1.0,0.11310488108354724,0.5227272727272727,0.0,1.0,1.0,1.0,0.0,0.0,0.0,0.0,0.0,0.0
352187444398,223338423826,Ювелирные изделия,newgold подвеска клевер из белого золота 585 без вставок,newgold jewelry / подвеска клевер из золота без вставок,1.0,0.1131248178089191,0.9,0.0,0.0,0.0,0.0,0.0,0.0,0.0,0.0,0.0,0.0
730144574106,704374692744,Одежда,"трусы боксеры dagi, 1 шт",luxury underwear / трусы боксеры,1.0,0.11328031404591311,0.7027027027027027,0.0,0.0,1.0,0.0,0.0,0.0,0.0,0.0,1.0,0.0
352187437258,687194827300,Музыкальные инструменты,d'addario / струны для классической гитары ej27n+3,"струны для классической гитары d'addario ej27n, 28-43",1.0,0.11332321667743485,0.912621359223301,0.25,1.0,0.0,0.0,0.0,0.0,0.0,0.0,0.0,0.0
455266642381,584115705818,Мебель,лига диванов угловой диван версаль левый угол,"лига диванов угловой диван ,230х153х73см",1.0,0.1133994890118388,0.7878787878787878,0.0,0.0,1.0,1.0,0.0,0.0,0.0,0.0,1.0,0.0
85899346315,824633745428,Продукты питания,кофе растворимый 470г. 1шт.,кофе растворимый жокей триумф 450 г (пакет),1.0,0.11347670106352588,0.7441860465116279,0.0,1.0,0.0,1.0,0.0,0.0,0.0,0.0,0.0,0.0
472446498802,601295506620,Бытовая техника,"уплотнитель двери холодильника , haier 0530030285",ограничитель двери нижний холодильника haier 0530030282,1.0,0.11349547549704654,0.8076923076923077,0.0,1.0,0.0,0.0,0.0,1.0,0.0,0.0,0.0,0.0
472446500618,240518264778,Дом и сад,"шар фольгированный 24"" страна карнавалия ""жираф""   ","теропром / 7828882 шар фольгированный ""жираф""",1.0,0.11351251775378664,0.732394366197183,0.0,1.0,1.0,1.0,0.0,0.0,0.0,0.0,0.0,1.0
317827691661,283467930772,Ювелирные изделия,drevo amber / величественный янтарый кулон,нежный янтарный кулон в серебре drevo amber,1.0,0.11358144947499135,0.7294117647058823,0.0,0.0,0.0,0.0,0.0,0.0,0.0,0.0,0.0,1.0
223338328872,730144575368,Канцелярские товары,"calligrata рюкзак calligrata, мультиколор, черный","рюкзак молодёжный школьный для мальчика ""камуфляж"" с эргономичной спинкой, подростковый ранец для школы, 5-11 класс, два отделения и карманы, размер 44 х 30 х 17 см, объем 22 л, формат а4",1.0,0.1136877447128244,0.21818181818181814,0.0,0.0,0.0,0.0,0.0,0.0,0.0,0.0,0.0,1.0
773094194054,206158454274,Мебель,"не определен столик-корзина декоративный, l39 w39 h45 см","remecoclub журнальный стол мрамор, 35х35х42 см",1.0,0.1137695462379421,0.3921568627450981,0.0,1.0,0.0,1.0,0.0,1.0,0.0,0.0,0.0,1.0
257698042375,249108116200,Мебель,лига диванов угловой диван эмир бс правый угол,"лига диванов угловой диван ,250х150х85см",1.0,0.1138095558342836,0.7878787878787878,0.0,0.0,1.0,1.0,0.0,0.0,0.0,0.0,1.0,0.0
403726937999,549755852726,Мебель,"комплект стульев ричи ст, 4 шт.",decoline / стул обеденный для кухни ричи велюр антикоготь металлокаркас,1.0,0.11381345578598187,0.33333333333333326,0.0,0.0,1.0,1.0,0.0,0.0,0.0,0.0,1.0,0.0
541165951151,816043939311,Мебель,кресло-кровать шарм-дизайн аккорд д 70 90x95x110 см цвет бежевый/серый 33070650,кресло-кровать аккорд д 90 экокожа беж и узоры,1.0,0.11388479768131397,0.6666666666666665,0.2,1.0,0.0,0.0,0.0,0.0,0.0,1.0,0.0,1.0
154618942041,446676715454,Обувь,кроссовки nike,кеды мужские nike air force 1 '07 fj4211 002 серые 45.5 eu,1.0,0.11394799038593141,0.4444444444444444,0.0,0.0,0.0,0.0,1.0,0.0,0.0,0.0,1.0,0.0
68719499763,506806276605,Ювелирные изделия,"msjewellery подвеска msjewellery, красное золото, 585 проба, топаз",подвеска золотая рыба,1.0,0.11404400277678682,0.5517241379310345,0.0,0.0,0.0,0.0,0.0,0.0,0.0,0.0,0.0,0.0
120259188027,317827724030,Электроника,"сетевое зарядное устройство borofone ba20a sharp 1xusb, 2.1а, белый 0l-00043188","сетевое зарядное устройство borofone ba20a sharp, белый",1.0,0.11405330637029629,0.9320388349514563,0.2,1.0,0.0,0.0,0.0,0.0,0.0,0.0,1.0,0.0
584115567978,618475436807,Мебель,"лига диванов прямой дивансерия дп майами long, механизм еврокнижка, 350х105х90 см","лига диванов диван прямой майами long, велюр, модель 114761",1.0,0.11413645979050288,0.7032967032967034,0.0,1.0,1.0,1.0,0.0,0.0,0.0,0.0,1.0,0.0
429496860360,790274085847,Обувь,ботинки мужские tendance tmh2946-1 черные 42 eu,лоферы tendance,1.0,0.11426803446651344,0.6956521739130435,0.0,0.0,0.0,0.0,1.0,0.0,0.0,0.0,0.0,1.0
747324366086,841813649896,Строительство и ремонт,светильник подвесной divinare 5875/51 sp-20 campo,подвесной светильник divinare campo 5875/51 sp-15,1.0,0.11434778796100986,0.9591836734693878,0.5,1.0,0.0,0.0,1.0,0.0,0.0,0.0,0.0,0.0
249108168458,833223782081,Бытовая техника,twig манжета люка для стиральной машины indesit 118008,манжета люка для стиральной машины indesit c00118008,1.0,0.11436468314828234,0.9245283018867925,0.0,1.0,0.0,0.0,0.0,1.0,0.0,0.0,0.0,0.0
807453870162,661425058175,Автотовары,trialli / амортизатор задний для а/м лада vesta (15-) ag 01515,"trialli амортизатор подвески, арт. arus1-|tr|-ag 01515///1",1.0,0.11440991540177185,0.5833333333333334,0.3333333333333333,1.0,0.0,0.0,0.0,0.0,0.0,1.0,0.0,0.0
34359792759,266288003058,Мебель,"мекон подтоварник технологический пдтн - 600*600*420 ""norma zn""","mecon подтоварник,60х60х42см",1.0,0.11441821672789705,0.3516483516483517,0.0,1.0,1.0,0.0,0.0,0.0,0.0,0.0,0.0,0.0
558345857579,309237742930,Продукты питания,конфеты шоколадные ярче! с семенами подсолнечника,"конфеты конфета ярче! с семенами подсолнечника (упаковка 0,5 кг)",1.0,0.11443146234817761,0.8735632183908046,0.0,0.0,0.0,0.0,0.0,1.0,0.0,0.0,0.0,0.0
188978597710,335007507534,Ювелирные изделия,"не определен серьги с подвесками серьги из серебра 93-120-00619-1, серебро, 925 проба, золочение, золотой",серьги 93-120-00619-1,1.0,0.11448905605202586,0.4444444444444444,0.8,1.0,0.0,0.0,0.0,0.0,1.0,0.0,0.0,0.0
395137041116,360777297597,Музыкальные инструменты,dj-контроллер behringer x-touch compact,микшер behringer x-touch compact,1.0,0.11454379632800912,0.8771929824561403,0.0,0.0,0.0,0.0,0.0,0.0,0.0,0.0,0.0,0.0
257698069434,214748431388,Ювелирные изделия,"sokolov кольцо sokolov, красное золото, 585 проба, фианит, размер 16",кольцо женское золотое 585 пробы с фианитами,1.0,0.11455039781214316,0.5714285714285715,0.5,1.0,0.0,0.0,0.0,0.0,0.0,0.0,0.0,0.0
180388773065,403727032824,Ювелирные изделия,the-jeweller кольцо золото красное 585 пробы,"the jeweller печатка the jeweller, красное золото, 585 проба, размер 19.5",1.0,0.11455545741707648,0.6194690265486726,0.5,1.0,0.0,0.0,0.0,0.0,0.0,1.0,0.0,0.0
335007525261,644245207781,Ювелирные изделия,"цепь пустотелая плетения ""двойной ромб"" без вставок из розового золота 585 пробы (40)",цепочка из розового золота 40 см красцветмет нц 12-076пг 0.60,1.0,0.11458781888432977,0.4931506849315068,0.2,1.0,0.0,0.0,0.0,1.0,0.0,1.0,0.0,0.0
386547117111,412316912210,Спорт и отдых,горелка газовая с пьезо-поджигом dayrex-47 1/10/50,dayrex / газовая горелка dr-47/ с пьезоподжигом,1.0,0.114602935809177,0.8865979381443299,0.25,1.0,0.0,0.0,0.0,0.0,0.0,0.0,0.0,0.0
781684087386,369367218443,Обувь,кроссовки yeezy,кроссовки унисекс adidas 350-2602-73 белые 46 eu,1.0,0.11460590240894959,0.75,0.0,0.0,0.0,0.0,0.0,1.0,0.0,0.0,0.0,1.0
171798773161,412316885728,Ювелирные изделия,zoloto.gold кольцо,"вики кольцо обручальное вики, серебро, 925 проба, размер 15.5",1.0,0.11464831725120732,0.5,0.0,0.0,0.0,0.0,0.0,0.0,0.0,1.0,0.0,0.0
481036363517,695784761365,Обувь,сапоги резиновые best,best shoes / резиновые сапоги утепленные эва,1.0,0.11465662773785529,1.0,0.0,0.0,0.0,0.0,0.0,0.0,0.0,0.0,1.0,0.0
188978721912,214748480059,Мебель,стул барный dobrin barny (синий велюр) 5022-lmbarny,стул барный dobrin barny синий/хром,1.0,0.11477717753450803,0.8135593220338982,0.0,0.0,0.0,0.0,1.0,0.0,0.0,1.0,0.0,0.0
644245102397,472446512495,Продукты питания,"пирожное orion choco pie c апельсиновым джемом и шоколадной крошкой, 360г","печенье orion ""choco pie chocochip"" c апельсином и кусочками шоколада, 360 г (12 штук х 30 г), о0000013006",1.0,0.11481789526695287,0.5810055865921787,0.25,1.0,1.0,1.0,1.0,0.0,0.0,0.0,0.0,0.0
455266678011,343597477723,Ювелирные изделия,"sokolov, серьги из серебра с фианитами, 94026627, с подвесным элементом, 925 проба, кольца","sokolov серьги sokolov, серебро, 925 проба, родирование, фианит, серебро",1.0,0.11496462569691047,0.6125,0.5,1.0,0.0,0.0,0.0,0.0,0.0,0.0,0.0,0.0
429496843431,111669272298,Бытовая техника,не определен модифицированная усиленная щётка для пылесоса electrolux twister z5815 907301802,прочная щётка для пылесоса electrolux ceorigindb 903151831,1.0,0.1150256077072981,0.6666666666666665,0.0,1.0,0.0,0.0,0.0,1.0,0.0,0.0,0.0,0.0
558345805685,730144512004,Дом и сад,tara.ru морозостойкая крышка для ящиков тара. ру 01380,крышка универсальная для ящиков 600х400х20мм (арт.503)_синяя,1.0,0.11548166774872133,0.4788732394366197,0.0,1.0,0.0,1.0,0.0,0.0,0.0,0.0,0.0,0.0
137439072141,42949815961,Дом и сад,"тарелка детская на присоске mum&baby 300 мл, 12х8х5, серый","тарелка, 1 шт, силикон, диаметр 12 см",1.0,0.11560055727948422,0.4210526315789474,0.2,1.0,1.0,1.0,0.0,1.0,0.0,1.0,0.0,0.0
420906806387,584115640973,Продукты питания,кофе в зёрнах egoiste espresso 1000гр beans pack,"egoiste / espresso, кофе в зернах 1 кг",1.0,0.11572786592183673,0.7674418604651163,0.0,1.0,1.0,1.0,0.0,0.0,0.0,0.0,0.0,0.0
283467873204,51539621602,Строительство и ремонт,"проволока нержа жёсткая 1,01 мм в бухте 41м, aisi 321 нержавеющая сталь твёрдая, пружинит, пищевая aisi321. серебристая серебряная хромированная","стан проволока нержа 1,0 мм в бухте 41м, aisi 321 нержавеющая сталь для сварки, пищевая aisi321. муфели пружин оплеток и тросов. серебристая серебряная хромированная",1.0,0.11594067271321676,0.875,0.5,1.0,1.0,1.0,0.0,0.0,0.0,0.0,0.0,0.0
429496846939,532576021227,Ювелирные изделия,"sklv, браслет из серебра, 94050877, декоративные, 925 проба",sokolov браслет,1.0,0.11600105550135922,0.6363636363636364,0.0,0.0,0.0,0.0,0.0,0.0,0.0,1.0,0.0,0.0
635655232452,841813668681,Автотовары,"autopilot оплетка на руль, диаметр 37.39 см, 1 шт. ","автопилот оплетка на руль ниссан скайлайн (2001 - 2007) купе / nissan skyline, искусственная кожа (высокого качества), черный с красным",1.0,0.11605740069314313,0.33513513513513515,0.0,1.0,1.0,1.0,0.0,0.0,0.0,0.0,0.0,1.0
661425082051,137439056175,Продукты питания,"borjomi / вода минеральная боржоми, 12 шт по 0,5 л, стекло",borjomi вода минеральная газированная 500мл. 12шт,1.0,0.11618033015649788,0.6575342465753425,0.3333333333333333,1.0,1.0,1.0,0.0,0.0,0.0,0.0,0.0,0.0
171798799993,489626365385,Автотовары,"краска для сколов во флаконе с кисточкой color1 для peugeot, цвет u17 - gris titanium","краска для сколов во флаконе с кисточкой color1 для skoda, цвет lf7u - seda stone/stone grey",1.0,0.11620930889435639,0.8,0.3333333333333333,1.0,0.0,1.0,0.0,0.0,0.0,0.0,0.0,1.0
592705534245,489626416877,Спорт и отдых,"теропром мяч для детей, 1 шт","без бренда мяч детский zabiaka «енотик», d=22 см, 60 г",1.0,0.11623838977388432,0.31707317073170727,0.0,1.0,0.0,1.0,0.0,0.0,0.0,0.0,0.0,0.0
68719511257,764504339545,Бытовая техника,rus goods / уплотнитель резинка для холодильника sts200,"уплотнительная резинка для холодильной камеры холодильника indesit, hotpoint-ariston,stinol nba20s",1.0,0.11626847658825942,0.6075949367088608,0.0,1.0,0.0,1.0,0.0,0.0,0.0,1.0,0.0,0.0
438086816446,472446505657,Автотовары,gsp / подшипник-ступица зад. ford transit 2006=,ступица ford transit 04.2006- передняя,1.0,0.11631913369630521,0.6588235294117646,0.0,1.0,0.0,0.0,0.0,0.0,0.0,0.0,0.0,0.0
627065377575,274877948481,Обувь,бутсы adidas,adidas / бутсы x crazyfast messi.3 fg,1.0,0.11633232951121615,1.0,0.0,0.0,0.0,0.0,0.0,0.0,0.0,0.0,0.0,1.0
146028986541,103079265685,Спорт и отдых,stels гор 710 md 27.5*18 антрац/зел/чер,"stels горный велосипед гор 55, 2020",1.0,0.11633769077548774,0.48648648648648646,0.0,1.0,0.0,0.0,1.0,0.0,0.0,1.0,0.0,1.0
755914353017,489626295393,Одежда,"не определен комплект , размер 58, серый",домашний комплект simple style большие размеры,1.0,0.11634273361948046,0.5348837209302326,0.0,0.0,1.0,0.0,0.0,0.0,0.0,0.0,1.0,0.0
747324313172,790274042200,Бытовая техника,"wmf кофеварка капельная stelio 04.1215.0011 , серебристый","соковыжималка kitfort кт-1112, центробежная, черный",1.0,0.11636567339117072,0.33333333333333326,0.0,1.0,0.0,0.0,0.0,0.0,0.0,0.0,0.0,0.0
377957163452,455266626820,Ювелирные изделия,"sokolov кольцо sokolov, комбинированное золото, 585 проба, бриллиант, размер 19","sokolov, кольцо из комбинированного золота, 1014111-01, бриллиант, 585 проба",1.0,0.11653741188359489,0.7741935483870968,0.25,1.0,0.0,0.0,0.0,0.0,0.0,0.0,0.0,0.0
171798772600,738734503729,Спорт и отдых,"утяжелитель для фитнеса со сменным весом, 1000 грамм","no name утяжелители, со сменным весом, 2 шт. × 1 кг, цвет микс",1.0,0.11654384020382859,0.6140350877192983,0.0,1.0,0.0,0.0,0.0,0.0,0.0,0.0,0.0,0.0
180388690826,498216238064,Продукты питания,halls / леденцы холлс арбуз 12 шт по 21 гр,леденцы halls арбуз холс 12 шт. по 25 гр,1.0,0.11655342876932567,0.926829268292683,0.3333333333333333,1.0,1.0,1.0,0.0,0.0,0.0,0.0,0.0,0.0
515396149854,429496874677,Ювелирные изделия,"zoloto.gold кольцо обручальное плоское унисекс из красного золота 585 пробы, ширина - 4 мм.","zoloto.gold кольцо обручальное zoloto.gold, золото, 585 проба, размер 17.5",1.0,0.11658111696161745,0.6303030303030304,0.3333333333333333,1.0,0.0,0.0,0.0,0.0,1.0,0.0,0.0,0.0
618475365734,317827608858,Автотовары,lynxauto щетки стеклоочистителя каркасные honda cr-v iv 2011 - 2015 (650/400мм. крючок),"lynxauto комплект бескаркасных щеток стеклоочистителя, арт. 5548lr",1.0,0.11662386432772771,0.6274509803921569,0.0,1.0,0.0,1.0,0.0,0.0,0.0,1.0,0.0,0.0
816043891062,446676692556,Бытовая техника,умный электрочайник sls ket-1 серебристый,чайник электрический sls ket-01 1.7 л серый,1.0,0.1166969203551263,0.6190476190476191,0.0,1.0,0.0,0.0,1.0,0.0,0.0,1.0,0.0,1.0
128849085139,274878048266,Мебель,"комплект teymi 3 в 1: тумба helmi 70 дуб крафт/графит + раковина iva 46 накладная + смеситель diadonna высокий, черный матовый f07128",teymi / тумба helmi 70 дуб/графит + раковина + смеситель f07124,1.0,0.11671245667300399,0.803921568627451,0.16666666666666666,1.0,0.0,0.0,0.0,0.0,0.0,1.0,0.0,1.0
670015009042,481036435653,Одежда,"doreanse трусы doreanse, размер s, красный",эротическое белье doreanse,1.0,0.11675316612679897,0.4705882352941177,0.0,0.0,0.0,0.0,0.0,0.0,0.0,0.0,0.0,1.0
601295505470,764504296964,Одежда,форма боксерская рэй-спорт,"форма рэй-спорт , размер 32 , синий",1.0,0.11680055737935775,0.7317073170731707,0.0,0.0,0.0,0.0,0.0,0.0,0.0,0.0,1.0,0.0
661425092738,695784831846,Автотовары,диск тормозной передний вентилируемый перфорированный для ваз 2112 (r14) / hofer hf 130 216 / цена указана за 1 шт.,диск тормозной 2112-2170 r14 (к-т.) перфор. hofer hofer арт. hf130216,1.0,0.11681194608144287,0.5113636363636364,0.2857142857142857,1.0,0.0,0.0,0.0,0.0,0.0,1.0,0.0,0.0
712964656668,687194847038,Галантерея и аксессуары,handinsilver ( посеребриручку ) браслет-четки из аквамарина 6мм. длина изделия 42см,"не определен четки handinsilver ( посеребриручку ) четки из аквамарина 8мм, аквамарин, длина 18 см, голубой",1.0,0.11687028761764687,0.7611940298507462,0.0,1.0,0.0,1.0,0.0,0.0,0.0,0.0,1.0,0.0
180388632024,42949729207,Канцелярские товары,краска акриловая художественная туба 75 мл brauberg «жёлто-зелёная светлая»,акриловые краски количество цветов 1 в комплекте 1шт,1.0,0.11687073347433324,0.3779527559055118,0.0,1.0,0.0,1.0,0.0,0.0,0.0,0.0,0.0,1.0
309237679682,68719596567,Ювелирные изделия,sokolov / кольцо из серебра с раухтопазом,кольцо серебро 925 женское с раухтопазом,1.0,0.11687481469765622,0.7160493827160493,0.0,0.0,0.0,0.0,0.0,0.0,0.0,0.0,0.0,1.0
77309532326,128849084462,Автотовары,"накидки-чехлы для форд рейнджер (2022 - 2024) пикап полуторная кабина / ford ranger на передние сиденья luxe vb, велюр, черный с бежевой строчкой.","coolpart накидки-чехлы для мерседес-бенц цле-класс (2023 - 2024) купе / mercedes-benz cle на весь салон luxe vb, велюр, черный с бежевой строчкой",1.0,0.11689131188186455,0.6666666666666665,0.3333333333333333,1.0,0.0,0.0,0.0,0.0,0.0,0.0,1.0,0.0
790274055514,584115617019,Автотовары,/ чехлы на сиденья киа пиканто 3 kia picanto 3 с 2017-н.в. ja,чехлы на сиденья киа пиканто 3 (kia picanto 3) с 2017-н.в. ja,1.0,0.11690089509317411,0.95,1.0,0.0,0.0,0.0,0.0,0.0,0.0,0.0,0.0,1.0
51539607978,317827655739,Товары для животных,игрушка пижон пищащая «ботинок» для собак 9.5 см зелёная,"игрушка пищащая ""ботинок"" для собак, 9,5 см, зелёная",1.0,0.11691244772817094,0.8333333333333333,0.0,1.0,1.0,0.0,0.0,0.0,0.0,0.0,0.0,0.0
180388647815,386547084997,Строительство и ремонт,"не определен средство деревозащитное dufa woodtex 0,9л орегон, арт. н0000006090","dufa декоративное покрытие, алкидная, полуматовое покрытие, 0.9 л, 0.9 кг, прозрачный",1.0,0.11692962219918042,0.4,0.0,1.0,1.0,1.0,0.0,1.0,0.0,0.0,0.0,0.0
738734406186,8589951511,Ювелирные изделия,золотой parad / обручальное кольцо золотое,обручальное кольцо золотое,1.0,0.1169963868351281,1.0,0.0,0.0,0.0,0.0,0.0,0.0,0.0,0.0,0.0,1.0
730144522831,231928280817,Ювелирные изделия,обручальное кольцо золотое,золотой parad / обручальное кольцо золотое,1.0,0.1169963868351281,1.0,0.0,0.0,0.0,0.0,0.0,0.0,0.0,0.0,0.0,1.0
386547141954,231928237389,Спорт и отдых,"горный велосипед stels miss-5000 v 26, 26, 2022",stels / женский велосипед miss 5000 v v050 (2023),1.0,0.1170229796601953,0.6956521739130435,0.2,1.0,0.0,0.0,0.0,0.0,0.0,1.0,0.0,1.0
824633827884,300647804990,Дом и сад,"steelite салатник revolution sandstone, 650 мл, 1 шт","салатник «революшн», 0,65 л, 20,5 см, бежевый, фарфор, 17760570, steelite",1.0,0.11702805094603819,0.49275362318840576,0.0,1.0,0.0,1.0,0.0,0.0,0.0,0.0,1.0,0.0
257698081883,472446475073,Ювелирные изделия,"кольцо помолвочное constantine filatov помолвочное кольцо с бриллиантом, красное золото, 585 проба, бриллиант, размер 17.25, розовый","constantine filatov, классическое помолвочное кольцо с шестью крапанами с бриллиантом 0, 30 кт, золото розовое, cf585-r-r-021-16,25, 1 бр 0,3кт 3/5а",1.0,0.11703808739642507,0.6640926640926641,0.1,1.0,0.0,0.0,0.0,0.0,0.0,1.0,0.0,0.0
257698081883,283467947377,Ювелирные изделия,"кольцо помолвочное constantine filatov помолвочное кольцо с бриллиантом, красное золото, 585 проба, бриллиант, размер 17.25, розовый","constantine filatov, классическое помолвочное кольцо с шестью крапанами с бриллиантом 0, 30 кт, золото розовое, cf585-r-r-021-16,75, 1 бр 0,3кт 3/5а",1.0,0.11703808739642507,0.6640926640926641,0.1,1.0,0.0,0.0,0.0,0.0,0.0,1.0,0.0,0.0
335007462388,661424986195,Ювелирные изделия,"master brilliant кольцо master brilliant, красное золото, 585 проба, раухтопаз, размер 16.5, золотой, красный",magic stones кольцо золотое,1.0,0.11704917436767823,0.36363636363636365,0.0,0.0,0.0,0.0,0.0,0.0,0.0,0.0,0.0,0.0
60129697076,292057797212,Автотовары,прокладка двс ajusa 13166500,прокладка коллектора ajusa 13225600,1.0,0.11706536727546371,0.6984126984126985,0.0,1.0,0.0,0.0,1.0,0.0,0.0,1.0,0.0,0.0
51539723257,8590016110,Строительство и ремонт,mantra / подвесной светильник galaxia 7625,"mantra (испания) подвесной светильник, e27, 20 вт",1.0,0.11715534386002431,0.6813186813186813,0.0,1.0,0.0,1.0,0.0,0.0,0.0,1.0,0.0,1.0
498216296911,60129696304,Автотовары,"jikiu втулка подвески, арт. sr51002",jikiu / сайлентблок рессоры ford transit 06-,1.0,0.11717629921406113,0.3544303797468355,0.0,1.0,0.0,0.0,0.0,0.0,1.0,0.0,0.0,0.0
214748479750,687194817670,Красота и гигиена,londa professional / шампунь deep moisture увлажняющий 1 л,londa deep moisture - шампунь для увлажнения 1000 мл,1.0,0.11722052137845448,0.7454545454545455,0.0,1.0,1.0,0.0,0.0,0.0,0.0,0.0,0.0,0.0
644245171165,824633744171,Красота и гигиена,"зеркало складное-подвесное, двустороннее, с увеличением, d зеркальной поверхности 14 см, цвет серебряный","no name зеркало складное-подвесное, двустороннее, с увеличением, d зеркальной поверхности 9 см, цвет серебристый",1.0,0.11722879035173223,0.9278350515463917,0.0,1.0,0.0,1.0,0.0,0.0,0.0,0.0,0.0,0.0
833223786244,730144595147,Электроника,oem / шлейф кнопки включения для ноутбука asus f550w 6-pin шаг 0.5mm длина 20cm обратный a-b awm 20624,ffc шлейф кнопки включения для ноутбука asus x550w 6-pin шаг 0.5mm длина 20cm обратный a-b awm 20624 80c 60v vw-1,1.0,0.11723061227912622,0.9375,0.625,1.0,1.0,1.0,0.0,0.0,0.0,0.0,0.0,0.0
180388721743,180388688648,Автотовары,metaco / р/к переднего суппорта toyota corolla e12 57mm 3840-016,"р/к переднего суппорта 3840-054 для: daewoo, gm, hyundai-kia арт. 3840-054",1.0,0.11730031883394133,0.5891472868217054,0.2,1.0,0.0,0.0,0.0,0.0,0.0,1.0,0.0,0.0
824633864828,523986025448,Ювелирные изделия,"diamant online серьги diamant online, золото, 585 проба, раухтопаз","sokolov, серьги из золота с раухтопазами, 728434, с подвесным элементом, раух-топаз, украшение из красного золота 585 пробы",1.0,0.11739285306375573,0.47337278106508873,0.5,1.0,0.0,0.0,0.0,0.0,0.0,0.0,0.0,0.0
60129575077,154618946959,Галантерея и аксессуары,"футляр для очков фасовка 20 шт, на затяжке, 9 х 17.5 см, плотность 190 г/м2, цвет чёрный","футляр для очков на затяжке, длина 17.5 см, цвет чёрный",1.0,0.11745829364811643,0.9423076923076923,0.2,1.0,1.0,1.0,0.0,0.0,0.0,0.0,0.0,0.0
755914259894,171798702027,Спорт и отдых,"grows culture / воблер trigon tn70 70мм, 31,5гр. раттлин","раттлин, виб grows culture tn /70 trigon 31.5g",1.0,0.11753120285869458,0.7843137254901962,0.3333333333333333,1.0,0.0,0.0,0.0,0.0,0.0,0.0,0.0,0.0
214748455339,326417605210,Автотовары,дефлекторы боковых окон для toyota corolla axio 2015-2017 шелкография серебро,ca plastic дефлектор для окон toyota corolla axio 2006-2012 шелкография серебро,1.0,0.11762634663057567,0.8461538461538461,0.0,1.0,0.0,0.0,0.0,0.0,0.0,1.0,0.0,0.0
77309516334,635655258393,Ювелирные изделия,белая ворона / серебряные серьги кольца с авантюрином круглые шарики,белая ворона серьги ювелирные серебро родированное 925 пробы,1.0,0.11765882498973995,0.578125,0.0,0.0,0.0,0.0,0.0,0.0,0.0,0.0,0.0,1.0
609885358095,781684111375,Автотовары,рычаг,"rostar / тяга реактивная l-571, lотв.-130, dотв.-19.",1.0,0.11770213288003982,0.10526315789473685,0.0,0.0,0.0,0.0,0.0,0.0,0.0,1.0,0.0,0.0
833223783189,317827619719,Спорт и отдых,мотус / отбойник малый красный (48 см) (10257737),"кранец причальный красный, 480 мм, # 0000488161",1.0,0.11772088705943293,0.39583333333333337,0.0,1.0,1.0,0.0,0.0,0.0,0.0,0.0,1.0,0.0
463856497447,481036407682,Ювелирные изделия,sokolov / серьги из серебра с агатами и фианитами,"sokolov, серьги из серебра с агатами и фианитами, 83020112, с подвесным элементом, 925 проба",1.0,0.1177228895063411,0.7435897435897436,0.0,0.0,0.0,0.0,0.0,0.0,0.0,0.0,0.0,0.0
721554510144,506806192968,Автотовары,"bosch датчик износа тормозных колодок, арт. 1987474945",bosch / датчик износа колодок bmw e53 x5,1.0,0.11781665151065085,0.6440677966101694,0.0,1.0,0.0,0.0,0.0,0.0,0.0,1.0,0.0,0.0
730144502494,687194811076,Музыкальные инструменты,"dunlop ag-phb 10-46 комплект струн для акустической, гитары фосфорная бронза","dunlop dap1048 комплект струн для акустической гитары, extra light, 10-48",1.0,0.11793736453442345,0.7248322147651006,0.25,1.0,0.0,0.0,0.0,0.0,0.0,0.0,0.0,0.0
68719500157,17180028119,Ювелирные изделия,infini серьги из золота 585 пробы с фианитами,"серьги из золота infini 120509а, фианит",1.0,0.11794888180293064,0.7619047619047619,0.0,1.0,0.0,0.0,1.0,0.0,0.0,1.0,0.0,1.0
541165977295,489626426096,Ювелирные изделия,"кольцо золотое женское 585 пробы с фианитами, 018566",sokolov / кольцо из золота с фианитами,1.0,0.11802095003233389,0.6,0.0,0.0,0.0,0.0,0.0,0.0,0.0,0.0,0.0,1.0
850403531035,446676747948,Строительство и ремонт,"zein футорка zein, 3/4"" х 1/2"", наружная/внутренняя резьба, никелированная латунь (5 шт)","кран шаровой zein, внутренняя/внутренняя резьба 1"", бабочка",1.0,0.11805904726091289,0.5578231292517006,0.2,1.0,0.0,0.0,0.0,0.0,0.0,0.0,0.0,0.0
257698102034,103079316729,Галантерея и аксессуары,marseille / колье,колье,1.0,0.11807954695741624,1.0,0.0,0.0,0.0,0.0,0.0,0.0,0.0,0.0,1.0,0.0
128849085007,481036358549,Товары для животных,"сухой корм farmina n&d pumpkin lamb & blueberry adult medium & maxi, для взрослых собак средних и крупных пород, беззерновой, ягненок, черника и тыква, 2,5 кг","farmina / корм farmina беззерновой тыква, ягненок и черника 2.5 кг",1.0,0.11808504728015354,0.7111111111111111,0.0,1.0,1.0,1.0,0.0,0.0,0.0,0.0,0.0,0.0
549755842018,661425016421,Автотовары,наконечник рулевой ctr cet77,ctr / cet 118 наконечник рулевой тяги прав лев,1.0,0.11812505639318423,0.88,0.0,1.0,0.0,0.0,0.0,0.0,0.0,1.0,0.0,0.0
249108122625,824633772525,Обувь,кроссовки under armour,"under armour кроссовки under armour, размер 6,5 us, белый",1.0,0.1183105678852736,1.0,0.0,0.0,0.0,0.0,1.0,0.0,0.0,0.0,1.0,0.0
151183,601295454938,Галантерея и аксессуары,"косметичка на молнии, цвет розовый",не определен косметичка розовый,1.0,0.11836921572678147,0.7346938775510204,0.0,0.0,0.0,0.0,0.0,1.0,0.0,0.0,1.0,0.0
137438961888,249108186633,Спорт и отдых,"daiwa daiwa, катушка 21 luvias airity fc lt2500s","daiwa катушка, диаметр катушки: 45 мм",1.0,0.118413535589522,0.3764705882352941,0.0,1.0,0.0,1.0,0.0,0.0,0.0,0.0,0.0,0.0
231928360260,17179958657,Обувь,"полуботинки рабочие скорпион ""экшен"" серые, размер 43 1750.43",полуботинки рабочие скорпион,1.0,0.11843305550490815,1.0,0.0,0.0,0.0,0.0,0.0,0.0,0.0,0.0,1.0,0.0
17179895215,584115631394,Строительство и ремонт,"ударный пневмогайковерт iw860, набор головок, 1/2, 7000 об/мин, 868 нм denzel 57473",denzel / гайковерт пневматический ударный iw860 denzel 57472,1.0,0.11854863124663054,0.5882352941176471,0.14285714285714285,1.0,0.0,0.0,0.0,0.0,0.0,0.0,0.0,0.0
438086792461,60129572449,Галантерея и аксессуары,dolomite стельки для обуви,стельки для обуви dolomite 54 footbed lt 1 шт. 8 beige 8,1.0,0.11866724086031881,1.0,0.0,0.0,0.0,0.0,0.0,0.0,0.0,0.0,0.0,0.0
