id1,id2,category,name_1,name_2,target,predict,name_token_set_ratio,name_numeric_jaccard,number_conflict,measure_match,measure_conflict,brand_match,brand_conflict,model_match,model_conflict,color_match,color_conflict
140635,283467967999,Детские товары,"no name мягкая игрушка «авокадо», заяц, 25 см","мягкая игрушка авокадо, заяц, 25 см",0.0,0.9624162781976223,0.875,1.0,0.0,1.0,1.0,0.0,0.0,0.0,0.0,0.0,0.0
171798703016,128102,Бытовая техника,швейная машина janome 1547,janome швейная машина 1547,0.0,0.9581496866080031,1.0,1.0,0.0,0.0,0.0,0.0,1.0,0.0,0.0,0.0,0.0
377957138674,25674,Детские товары,"танк радиоуправляемый fighter, 4wd, управление жестами, стреляет гелевыми пулями, цвет чёрно-синий","noname танк радиоуправляемый fighter, 4wd, управление жестами, стреляет гелевыми пулями, цвет чёрно-синий",0.0,0.9534989450795412,1.0,1.0,0.0,0.0,0.0,0.0,0.0,0.0,0.0,0.0,0.0
773094208205,824633805538,Детские товары,"набор детской посуды ""микки"" 2 предмета: салатник, кружка, микки маус и его друзья","disney набор детской посуды ""микки"" 2 предмета: салатник, кружка, микки маус и его друзья",0.0,0.9532919556492049,1.0,1.0,0.0,0.0,0.0,0.0,0.0,0.0,0.0,0.0,0.0
850403683771,231928288442,Детские товары,"грузовик радиоуправляемый самосвал, работает от батареек,","грузовик радиоуправляемый «самосвал», работает от батареек,",0.0,0.9512693533404754,0.9827586206896552,0.0,0.0,0.0,0.0,0.0,0.0,0.0,0.0,0.0,0.0
747324369616,515396152463,Хобби и творчество,без бренда набор для творчества «новогодний пазл-аппликация»,набор для творчества новогодний пазл-аппликация,0.0,0.948739321179889,0.8785046728971964,0.0,0.0,0.0,0.0,0.0,0.0,0.0,0.0,0.0,0.0
103079301415,77309532713,Детские товары,uni-fortune / машинка металлическая uni-fortune rmz city 1:32 ford gt 2019,машинка металлическая uni-fortune rmz city 1:32 ford gt 2019 (цвет синий),0.0,0.9472725587505898,0.9836065573770492,1.0,0.0,0.0,0.0,0.0,0.0,0.0,0.0,0.0,0.0
609885504467,850403552404,Бытовая техника,"тепловентилятор керамический электрический equation с электронным термостатом, 2000 вт","тепловентилятор керамический электрический equation с электронным термостатом, 2000 вт / вентилятор тепловой",0.0,0.9437651636594332,1.0,1.0,0.0,0.0,0.0,0.0,0.0,0.0,0.0,1.0,0.0
17179989050,163208847527,Бытовая химия,"glade освежитель воздуха цитрусовый, 300 мл","освежитель воздуха glade ""цитрусовый"", 300 мл",0.0,0.9403698838741124,0.9772727272727273,1.0,0.0,1.0,1.0,0.0,0.0,0.0,0.0,0.0,0.0
142672,584115671889,Детские товары,"sluban / конструктор космические войны осада крепости, 501 деталь","конструктор космические войны осада крепости, 501 деталь",0.0,0.9400503483687467,1.0,1.0,0.0,0.0,0.0,0.0,0.0,0.0,0.0,0.0,0.0
120259170316,231928285905,Детские товары,"именной держатель для пустышки с грызунком/алёна,лена","без бренда именной держатель для пустышки с грызунком/ алёна, лена",0.0,0.9400452430556376,0.7899159663865547,0.0,0.0,0.0,0.0,0.0,0.0,0.0,0.0,0.0,1.0
515396094993,223338303195,Детские товары,sweet / мягкая плюшевая игрушка мишка в костюме стича 65 см,мягкая плюшевая игрушка мишка в костюме стича 65 см,0.0,0.938491069097284,1.0,1.0,0.0,1.0,1.0,0.0,0.0,0.0,0.0,0.0,1.0
395137149371,712964592651,Бытовая техника,газовая варочная поверхность beko hiag64225sb,газовая варочная поверхность beko hiag64225sb,0.0,0.9377997052632772,1.0,1.0,0.0,0.0,1.0,0.0,0.0,0.0,0.0,0.0,0.0
532576032449,163208826633,Продукты питания,"мармелад fruittella медвежата, 150г","мармелад fruittella медвежата, 150 г",0.0,0.9344280437381517,0.9859154929577465,1.0,0.0,1.0,0.0,1.0,0.0,0.0,0.0,0.0,0.0
335007475186,798863940504,Электроника,"пластик в катушке funtasy (petg,1.75 мм,1 кг) , пластик для 3д принтера , картридж , леска , для творчества","пластик в катушке funtasy (petg,1.75 мм,1 кг) , пластик для 3д принтера , картридж , леска , для творчества",0.0,0.92768697242483,1.0,1.0,0.0,1.0,0.0,0.0,0.0,0.0,0.0,0.0,1.0
395137006978,755914312953,Бытовая техника,кофемолка электрическая lumme lu-2605,lumme / кофемолка электрическая lumme lu-2605,0.0,0.9265082938409218,1.0,1.0,0.0,0.0,0.0,0.0,0.0,0.0,1.0,0.0,0.0
163208791191,807453896144,Бытовая химия,"fairy / средство для мытья посуды зеленое яблоко, 900 мл","средство для мытья посуды fairy зеленое яблоко, 900 мл",0.0,0.9255163112484232,1.0,1.0,0.0,1.0,1.0,0.0,0.0,0.0,0.0,0.0,0.0
128849139173,377957224103,Музыкальные инструменты,"музыкальный инструмент глюкофон, зеленый, 8 лепестков, 15 х 9 см","music life музыкальный инструмент глюкофон, зеленый, 8 лепестков, 15 х 9 см 9644604",0.0,0.9227165134102986,1.0,0.75,1.0,1.0,1.0,0.0,0.0,0.0,0.0,0.0,1.0
197568525583,798863971112,Детские товары,3d metal model металлический конструктор / 3d конструктор / сборная модель imperial at-st,металлический конструктор / сборная модель / конструктор 3d metal model imperial at-at,0.0,0.9220277440990657,0.9861111111111112,1.0,0.0,0.0,0.0,0.0,0.0,0.0,0.0,0.0,0.0
231928253798,257698062078,Бытовая химия,чистящий кубик для унитаза chirton морской прибой 2х50 гр. х 2 шт.,чистящий кубик для унитаза chirton морской прибой 2х50 гр.,0.0,0.9201348838131285,1.0,1.0,0.0,1.0,1.0,1.0,0.0,0.0,0.0,0.0,0.0
764504258119,506806225959,Строительство и ремонт,"тундра набор ключей гаечных самозажимных, 2к рукоятка, 9 - 32 мм, 2 шт.","набор ключей гаечных самозажимных, 2к рукоятка, 9 - 32 мм, 2 шт.",0.0,0.9189760676597862,1.0,1.0,0.0,1.0,1.0,0.0,0.0,0.0,0.0,0.0,1.0
687194782843,309237674911,Бытовая техника,встраиваемая посудомоечная машина zigmund & shtain dw 269.4509,"встраиваемая посудомоечная машина zigmund & shtain dw 269.4509 x, серебристый, 45 см",0.0,0.9158362777439616,1.0,0.5,1.0,0.0,0.0,1.0,0.0,0.0,1.0,0.0,0.0
343597473113,481036486146,Канцелярские товары,"europe100 этикетка самоклеящаяся 48,5х25,4 мм, 40 этикеток, белая, 70 г/м2, 100 л, европа - 100",europe100 этикетка,0.0,0.9107856868174229,1.0,0.16666666666666666,1.0,0.0,0.0,0.0,0.0,0.0,0.0,0.0,0.0
670014972413,60129628567,Бытовая техника,мясорубка электрическая аксион м62.01,мясорубка электрическая аксион м 62.01 черный,0.0,0.9106908743111035,0.8955223880597015,1.0,0.0,0.0,0.0,0.0,0.0,0.0,1.0,0.0,0.0
154618875307,17179963090,Музыкальные инструменты,cx-52/fr-bk электрогитара clevan,"электрогитара clevan cx-52/fr-bk superstrat hsh, музыкальный инструмент для начинающих музыкантов и профессионалов",0.0,0.910580719566784,1.0,1.0,0.0,0.0,0.0,0.0,1.0,0.0,0.0,0.0,1.0
317827699131,111669291913,Музыкальные инструменты,"noname гитара акустическая, цвет синий, 97см, с вырезом","гитара акустическая, цвет синий, 97см, с вырезом",0.0,0.9098432992510036,1.0,1.0,0.0,1.0,0.0,0.0,0.0,0.0,0.0,1.0,0.0
824633843360,678604922708,Бытовая химия,"гель-бальзам для мытья посуды сочный гранат и абрикос synergetic, 500мл",synergetic / гель-бальзам для мытья посуды сочный гранат и абрикос 500мл,0.0,0.9092236114082269,0.9790209790209791,1.0,0.0,1.0,1.0,0.0,0.0,0.0,0.0,0.0,0.0
77309547955,103079337272,Детские товары,конструктор 3d,3d конструктор,0.0,0.9023461839817906,1.0,1.0,0.0,0.0,0.0,0.0,0.0,0.0,0.0,0.0,1.0
146028987018,790274081030,Детские товары,кукла шарнирная 30 см little mania варвара,кукла little mania шарнирная 30 см варвара,0.0,0.9001659400457978,1.0,1.0,0.0,1.0,0.0,0.0,0.0,0.0,0.0,0.0,0.0
429496859157,532576040828,Бытовая техника,микроволновая печь panasonic nn-gt352w,микроволновая печь panasonic nn-gt352wzpe белый,0.0,0.8991278642398096,0.8941176470588235,1.0,0.0,0.0,0.0,0.0,1.0,0.0,1.0,0.0,0.0
257698066879,627065308012,Хобби и творчество,"queen fair бусина из акрила ""сердечко"", 7*4мм, набор 10г, цвет бело-фиолетовый","бусина из акрила ""сердечко"", 7*4мм, набор 10г, цвет фиолетовый",0.0,0.8965787114482185,0.9026548672566372,1.0,0.0,1.0,0.0,0.0,0.0,0.0,0.0,0.0,0.0
360777344945,51539634853,Хобби и творчество,омзэт настольная игра «мини-футбол»,настольная игра мини-футбол,0.0,0.8945730961198874,0.8709677419354839,0.0,0.0,0.0,0.0,0.0,0.0,0.0,0.0,0.0,0.0
60129583089,395137101880,Музыкальные инструменты,чехол для укулеле сопрано martin romas ус-1,чехол для укулеле сопрано martin romas ус-1 blue,0.0,0.8927104600695756,1.0,1.0,0.0,0.0,0.0,1.0,0.0,0.0,1.0,0.0,1.0
695784825007,266288003901,Детские товары,"пупс функциональный милая малышка пьет, писает, с аксессуа","пупс функциональный ""милая малышка"" пьет, писает, с аксессуарами / 7015873",0.0,0.8925435439165383,0.7878787878787878,0.0,0.0,0.0,0.0,0.0,0.0,0.0,0.0,0.0,0.0
266288055296,266288083350,Детские товары,abtoys (абтойс) / игровой набор abtoys помогаю маме генеральная уборка 11 предметов pt-01654,игровой набор abtoys помогаю маме генеральная уборка 11 предметов,0.0,0.891779807869204,1.0,0.5,1.0,0.0,0.0,0.0,0.0,0.0,0.0,0.0,0.0
549755936883,34359781660,Музыкальные инструменты,d'addario струны для электрогитары exl120 d'addario,d'addario exl120 bt струны для электрогитары,0.0,0.8907326845281853,1.0,1.0,0.0,0.0,0.0,0.0,0.0,0.0,0.0,0.0,0.0
790274069051,609885454324,Бытовая техника,вертикальный пылесос bbk bv2511,bbk / вертикальный пылесос bbk bv2511 белый/голубой,0.0,0.8888857522466276,1.0,1.0,0.0,0.0,0.0,0.0,0.0,0.0,0.0,0.0,1.0
420906889079,661424989211,Хобби и творчество,"арт узор, бусины для творчества пластик ""розочки. перламутровый блеск"", набор 20 грамм, 1,8х2х1 см, 2 набора","арт узор бусины для творчества пластик ""розочки. перламутровый блеск"" набор 20 гр 1,8х2х1 см",0.0,0.886146819679865,0.92,1.0,0.0,1.0,1.0,0.0,0.0,0.0,0.0,1.0,0.0
412316929911,850403641166,Автотовары,датчик quattro freni qf02b00006,датчик quattro freni qf02b00006,0.0,0.8838944959708036,1.0,1.0,0.0,0.0,0.0,0.0,1.0,1.0,0.0,0.0,0.0
197568508462,575525678527,Бытовая техника,электробритва xiaomi showsee electric f1-r red,электробритва xiaomi showsee electric shaver f1-r red,0.0,0.8823537017474005,1.0,1.0,0.0,0.0,0.0,0.0,0.0,0.0,0.0,1.0,0.0
670014934536,455266539813,Музыкальные инструменты,"балалайка прима, 3-струнная, 3-й категории, doff f202","балалайка прима, 3-струнная, doff",0.0,0.8808843980653204,1.0,0.5,1.0,0.0,0.0,0.0,0.0,0.0,0.0,0.0,0.0
42949699426,472446502515,Музыкальные инструменты,ovation cs24-4 celebrity standard mid cutaway natural электроакустическая гитара,электроакустическая гитара ovation cs24c-4 celebrity standard mid cutaway natural,0.0,0.8790464820626246,0.9937888198757764,1.0,0.0,0.0,1.0,0.0,0.0,0.0,0.0,0.0,0.0
481036485705,386547067319,Хобби и творчество,"тесьма с бусинками, 13 см, 5 0,5 м, цвет изумрудный/бежевый","без бренда тесьма с бусинками, 13 см, 5 ± 0,5 м, цвет изумрудный/бежевый",0.0,0.8774379456066583,1.0,1.0,0.0,1.0,0.0,0.0,0.0,0.0,0.0,0.0,0.0
455266557449,335007518283,Красота и гигиена,зубная паста lacalut aktiv защита десен и бережное отбеливание 75мл,"зубная паста lacalut aktiv защита дёсен и бережное отбеливание, 75 мл",0.0,0.8769730309527037,0.9852941176470589,1.0,0.0,1.0,1.0,1.0,0.0,0.0,0.0,0.0,0.0
34359755724,326417572836,Детские товары,"мягкая игрушка ""зайка в сарафане"", 16 см","ukiyo star / мягкая игрушка ""зайка в сарафане"". 16 см",0.0,0.8763435469526629,0.8405797101449275,1.0,0.0,1.0,1.0,0.0,0.0,0.0,0.0,0.0,0.0
549755904744,137439074162,Музыкальные инструменты,"mz-chg-12-3skull2/b чехол для классической гитары, mezzo",чехол для классической гитары mezzo mz-chg-12-3skull2/b,0.0,0.8760205454488712,0.990990990990991,1.0,0.0,0.0,0.0,0.0,0.0,0.0,0.0,0.0,0.0
403726989639,429496798551,Красота и гигиена,"modum шампунь классика красный перец, 550 мл","шампунь классика красный перец, 550 мл",0.0,0.8752120691591379,1.0,1.0,0.0,1.0,1.0,0.0,1.0,0.0,0.0,0.0,0.0
300647834709,584115624011,Строительство и ремонт,манотек теплый пол инфракрасный 100 см с wi-fi терморегулятором,теплый пол инфракрасный 100 см с wi-fi терморегулятором,0.0,0.8751617613477088,1.0,1.0,0.0,1.0,1.0,0.0,0.0,0.0,0.0,1.0,0.0
137438977649,335007577966,Детские товары,"iq bot робот радиоуправляемый ""минибот"", световые эффекты, цвет синий","робот радиоуправляемый ""минибот"", световые эффекты, цвет синий",0.0,0.8736664694039649,1.0,0.0,0.0,0.0,0.0,0.0,0.0,0.0,0.0,0.0,0.0
824633731037,223338357225,Музыкальные инструменты,"yamaha акустическая гитара f310 6-струнная,",акустическая гитара f310,0.0,0.8719282193755762,1.0,0.5,1.0,0.0,0.0,0.0,1.0,0.0,0.0,0.0,1.0
841813657496,317827636020,Детские товары,мягкая игрушка брелок кот батон 16 см.,мэри море / мягкая игрушка брелок кот батон 2 шт. по 16 см.,0.0,0.8718159565872114,1.0,0.5,1.0,1.0,1.0,0.0,0.0,0.0,0.0,0.0,1.0
94489424324,661425003608,Бытовая химия,tide / стиральный порошок tide автомат 6 кг,стиральный порошок tide color автомат 6 кг,0.0,0.8715583668232423,0.9729729729729729,1.0,0.0,1.0,1.0,0.0,0.0,0.0,0.0,0.0,0.0
833223778187,515396137117,Музыкальные инструменты,классическая гитара belucci bc3805 bls,"belucci / гитара классическая 7/8 (38"") комплект bc3805 bls",0.0,0.8700972845112174,1.0,0.25,1.0,0.0,0.0,0.0,0.0,0.0,0.0,1.0,0.0
618475298791,747324320345,Детские товары,"детский электромотоцикл ducati black (12v, eva, ручка газа) - ft-1628-sp-black","мотоциклы futai детский электромотоцикл ducati red black (12v, eva, ручка газа) - ft-1628-sp-red-black",0.0,0.8694179511592437,0.8776978417266187,1.0,0.0,0.0,0.0,0.0,0.0,0.0,0.0,0.0,1.0
231928322077,249108114634,Электроника,видеодомофон hikvision ds-kh6320-wtde1 белый,видеодомофон hikvision ds-kh6320-wte1 белый,0.0,0.868273256045003,0.9885057471264368,1.0,0.0,0.0,0.0,0.0,0.0,0.0,0.0,0.0,1.0
481036448812,60129618258,Продукты питания,"вафли яшкино глазированные с орешками, 200 г","вафли яшкино глазированные, 200 г",0.0,0.8680908162209346,0.8571428571428571,1.0,0.0,1.0,1.0,1.0,0.0,0.0,0.0,0.0,0.0
352187469937,223338324168,Бытовая химия,"aleumi капсулы для стирки 3 в 1, 1 камера 8 гр, морской бриз, 30 шт/пакет, 2 уп","aleumi капсулы для стирки 3в1, 1 камера 8гр морской бриз 30шт/пакет",0.0,0.8672662606271552,0.7706422018348624,0.8,1.0,1.0,1.0,1.0,0.0,0.0,0.0,0.0,0.0
249108190544,274877984426,Хобби и творчество,"лас играс настольная игра ""дуббль kids"", на внимание и реакцию, 20 карточек","настольная игра ""дуббль"", на внимание и реакцию",0.0,0.8672381215145428,0.7704918032786885,0.0,0.0,0.0,0.0,0.0,0.0,0.0,0.0,0.0,0.0
17179954010,712964600711,Хобби и творчество,"силиконовый молд форма для гипса, бетона, эпоксидной смолы","без бренда силиконовый молд форма для гипса, бетона, эпоксидной смолы",0.0,0.8669508920978496,1.0,0.0,0.0,0.0,0.0,0.0,0.0,0.0,0.0,0.0,1.0
326417558763,326417620269,Детские товары,ricke mey / гусь обнимусь мягкая плюшевая игрушка подушка 130 см,мягкая плюшевая игрушка подушка гусь обнимусь 130 см,0.0,0.8662782771714428,1.0,1.0,0.0,1.0,1.0,0.0,0.0,0.0,0.0,0.0,1.0
841813631768,335007465910,Музыкальные инструменты,flight / ultra s-42 - укулеле сопрано,flight ultra s-42 укулеле сопрано,0.0,0.8647062820038852,1.0,1.0,0.0,0.0,0.0,0.0,0.0,0.0,0.0,0.0,1.0
455266539813,352187414984,Музыкальные инструменты,"балалайка прима, 3-струнная, doff","bpj балалайка прима, 3-струнная, doff",0.0,0.8647062820038852,1.0,1.0,0.0,0.0,0.0,0.0,0.0,0.0,0.0,0.0,0.0
566935829716,523986110711,Хобби и творчество,без бренда термонаклейка на одежду/термопринт techstyle/dtf наклейка для одежды,термонаклейка на одежду/термопринт techstyle/dtf наклейка для одежды,0.0,0.8642974723565563,1.0,0.0,0.0,0.0,0.0,0.0,0.0,0.0,0.0,0.0,1.0
120259156592,798863956681,Хобби и творчество,1toy набор для творчества с эпоксидной смолой. брелоки-шейкеры,набор для творчества с эпоксидной смолой брелок-шейкер,0.0,0.8629396492418985,0.9310344827586207,0.0,0.0,0.0,0.0,0.0,0.0,0.0,0.0,0.0,0.0
592705570794,51539638532,Хобби и творчество,набор для рисования 208 предметов,"ainur / набор для рисования, 208 предметов",0.0,0.8624870984091596,0.88,1.0,0.0,0.0,0.0,0.0,0.0,0.0,0.0,0.0,1.0
197568616922,25769841146,Продукты питания,mamba / конфеты жевательные mamba волшебный твист 150 г,конфеты жевательные mamba волшебный твист 150 г,0.0,0.8617194144686086,1.0,1.0,0.0,1.0,1.0,0.0,0.0,0.0,0.0,0.0,0.0
142578,584115559575,Хобби и творчество,нитки для вышивания схс мулине (150-3866) 100% полиэфир 12 штук x 8 м,многоцветница нитки для вышивания схс мулине (150-3866) blanc 100% полиэфир 12 штук x 8 м,0.0,0.8612844324780676,1.0,1.0,0.0,1.0,0.0,0.0,0.0,0.0,0.0,0.0,1.0
601295519131,721554569944,Хобби и творчество,школа талантов набор для творчества «новогоднее дерево своими руками»,"набор для творчества ""новогоднее дерево своими руками""",0.0,0.8612741160218221,0.8455284552845528,0.0,0.0,0.0,0.0,0.0,0.0,0.0,0.0,0.0,0.0
747324386188,438086753952,Канцелярские товары,noname набор маркеров профессиональных двусторонних 60 штук/60 цветов,набор маркеров профессиональных двусторонних 60 штук/60 цветов,0.0,0.8605726099425478,1.0,1.0,0.0,0.0,0.0,0.0,0.0,0.0,0.0,0.0,0.0
128849120659,8589951590,Хобби и творчество,подарочный набор для творчества .алмазная мозаика .от 3 лет,не определен подарочный набор для творчества . алмазная мозаика . от 3 лет,0.0,0.8603352515990483,0.8854961832061069,1.0,0.0,0.0,0.0,1.0,0.0,0.0,0.0,0.0,0.0
695784782934,661425068407,Детские товары,"без бренда машина радиоуправляемая «хот-род», эффект дыма, свет и звук, работает от аккумулятора, цвет зелёный","машина радиоуправляемая ""хот-род"", эффект дыма, свет и звук, работает от аккумулятора, цвет зелёный",0.0,0.8602278252085854,0.9411764705882354,0.0,0.0,0.0,0.0,0.0,0.0,0.0,0.0,1.0,0.0
601295455622,300647734948,Хобби и творчество,"шахматы магнитные, 19.5 х 19.5 см, чёрно-белые","без бренда шахматы магнитные, 19.5 х 19.5 см, чёрно-белые",0.0,0.858756608608002,1.0,1.0,0.0,1.0,1.0,0.0,0.0,0.0,0.0,0.0,0.0
618475442174,231928388741,Детские товары,"milo toys, мягкая игрушка ""панда"", 110 см",milo toys мягкая игрушка панда,0.0,0.8586160550223922,0.7755102040816326,0.0,0.0,0.0,1.0,0.0,0.0,0.0,0.0,0.0,1.0
764504284031,343597531052,Детские товары,"синтезатор детский, 37 клавиш, с микрофоном, цвет белый","без бренда синтезатор «детский», 37 клавиш, с микрофоном, цвет чёрный",0.0,0.8583313332590047,0.8421052631578948,1.0,0.0,0.0,0.0,0.0,0.0,0.0,0.0,0.0,1.0
764504182554,352187331491,Бытовая техника,"delta электрический чайник dl-1202 черный, черный, прозрачный",чайник delta dl-1202,0.0,0.8582926865755247,1.0,1.0,0.0,0.0,1.0,0.0,0.0,0.0,0.0,0.0,0.0
171798709000,438086773711,Хобби и творчество,"без бренда трафарет пластик ""бутоны роз"" 15х15 см","трафарет пластик ""бутон розы"" 15х15 см",0.0,0.8582592894351309,0.8505747126436782,1.0,0.0,1.0,0.0,0.0,0.0,0.0,0.0,0.0,0.0
584115707674,738734392863,Хобби и творчество,"nobrand трафарет пластик ""плитки азулежу 4 рисунка"" 15х15 см","трафарет пластик ""плитки азулежу 4 рисунка"" 15х15 см",0.0,0.8542882277367405,1.0,1.0,0.0,1.0,0.0,0.0,1.0,0.0,0.0,1.0,0.0
223338403493,335007582070,Музыкальные инструменты,vic firth 5b барабанные палочки орех,барабанные палочки vic firth 5b n орех,0.0,0.8541984016511911,1.0,1.0,0.0,0.0,0.0,1.0,0.0,0.0,0.0,0.0,0.0
575525741965,163208852617,Товары для животных,"сухой корм pro plan для собак с чувствительной кожей, лосось/рис, 3 кг",pro plan / сухой корм для собак с чувствительной кожей с лососем 3 кг,0.0,0.8529700729122563,0.9197080291970804,1.0,0.0,1.0,1.0,0.0,0.0,0.0,0.0,0.0,0.0
249108209150,17179984567,Продукты питания,соус burcu гранатовый 345 г,"соус турецкий burcu гранатовый, 345 г",0.0,0.8513931510009032,0.84375,1.0,0.0,1.0,0.0,0.0,1.0,0.0,0.0,0.0,0.0
231928403629,300647773647,Детские товары,"развивающий набор цилиндров ""больше-меньше"", цветные msn17065","не определен развивающий набор цилиндров «больше-меньше», цветные msn17065",0.0,0.8512340820596275,0.874074074074074,1.0,0.0,0.0,0.0,0.0,0.0,0.0,0.0,0.0,0.0
403727003376,523986150625,Продукты питания,tomo японские рисовые снеки крекеры к пиву набор 2 шт,японские рисовые снеки крекеры к пиву набор 2 шт,0.0,0.8512087877175832,1.0,1.0,0.0,1.0,1.0,1.0,0.0,0.0,0.0,0.0,0.0
764504237349,343597516483,Продукты питания,tomo японские рисовые снеки крекеры к пиву набор 2 шт,японские рисовые снеки крекеры к пиву набор 2 шт,0.0,0.8512087877175832,1.0,1.0,0.0,1.0,0.0,1.0,0.0,0.0,0.0,0.0,0.0
214748377883,575525760092,Продукты питания,японские рисовые снеки крекеры к пиву набор 2 шт,tomo японские рисовые снеки крекеры к пиву набор 2 шт,0.0,0.8512087877175832,1.0,1.0,0.0,1.0,0.0,1.0,0.0,0.0,0.0,0.0,0.0
481036385837,747324462610,Продукты питания,tomo японские рисовые снеки крекеры к пиву набор 2 шт,японские рисовые снеки крекеры к пиву набор 2 шт,0.0,0.8512087877175832,1.0,1.0,0.0,1.0,0.0,1.0,0.0,0.0,0.0,0.0,0.0
188978609588,77309515498,Товары для животных,"влажный корм для собак, solid natura holistic, говядина, упаковка 6 шт х 340 г","solid natura / влажный корм для собак holistic говядина, уп 6 шт х 340г",0.0,0.8502121974719601,0.912751677852349,1.0,0.0,1.0,1.0,0.0,0.0,0.0,0.0,0.0,0.0
721554591460,386547093971,Дом и сад,"плед 150х200см, корал-флис, 165г/м, пэ100%","бояртекс / плед 150х200см, корал-флис 165г/м, пэ100%",0.0,0.8493244307488871,0.8723404255319148,1.0,0.0,1.0,1.0,0.0,0.0,0.0,0.0,0.0,0.0
137438957266,163208890075,Музыкальные инструменты,midi-клавиатура axelvox key49j,midi-клавиатура axelvox key49j white,0.0,0.8490733208319344,1.0,1.0,0.0,0.0,0.0,0.0,0.0,0.0,0.0,0.0,1.0
541165990892,481036481636,Хобби и творчество,"набор для рисования светом эврики,  доска напиши и сотри, машинка","эврики / набор для рисования светом + доска напиши и сотри, машинки",0.0,0.8486485384406648,0.9465648854961831,0.0,0.0,0.0,0.0,0.0,0.0,0.0,0.0,0.0,0.0
730144553286,764504237717,Детские товары,"no name парковка «городские службы» с машинкой и рацией, световые и звуковые эффекты, микс","парковка городские службы с машинкой и рацией, световые и звуковые эффекты, микс",0.0,0.8481892173831796,0.9397590361445783,0.0,0.0,0.0,0.0,0.0,0.0,0.0,0.0,0.0,0.0
592705640689,584115634348,Бытовая химия,tiret / очиститель накипи для стиральных машин 250 мл,"tiret очиститель для стиральных машин , 250 мл /",0.0,0.847765240391469,0.9787234042553191,1.0,0.0,1.0,1.0,0.0,0.0,0.0,0.0,0.0,0.0
601295491912,652835151189,Бытовая химия,"моё солнышко мое солнышко бальзам после укусов насекомых детский 2,8","бальзам детский после укусов насекомых мое солнышко 2,8 гр.",0.0,0.8477009549041985,1.0,1.0,0.0,0.0,1.0,1.0,0.0,0.0,0.0,0.0,0.0
231928339894,472446533483,Детские товары,"робот-трансформер abtoys авторобот белый в коробке, 1:43","робот-трансформер abtoys авторобот желтый в коробке, 1:43",0.0,0.8467529958304099,0.9734513274336283,1.0,0.0,0.0,0.0,0.0,0.0,0.0,0.0,0.0,1.0
446676689204,352187444850,Детские товары,junfa / машинка-конструктор собери сам пожарная машина junfa 1068,машинка-конструктор собери сам пожарная машина,0.0,0.8455664351256883,1.0,0.0,0.0,0.0,0.0,0.0,0.0,0.0,0.0,0.0,0.0
472446453827,584115670790,Дом и сад,"tango комплект постельного белья, 1,5 спальный","tango / комплект постельного белья с одеялом 1,5-спальный",0.0,0.8449981319988092,0.7378640776699029,1.0,0.0,0.0,0.0,0.0,0.0,0.0,0.0,0.0,0.0
747324451513,644245184706,Бытовая техника,водонагреватель накопительный вн-10н ресанта,ресанта / водонагреватель накопительный ресанта вн-10н (10 литров),0.0,0.8442523147757269,1.0,1.0,0.0,1.0,1.0,0.0,0.0,0.0,0.0,0.0,0.0
412316890524,609885383777,Детские товары,"без бренда конструктор винтовой «лошадка», 20 деталей","конструктор винтовой ""лошадка"", 20 деталей",0.0,0.8441260867222891,0.8493150684931507,1.0,0.0,0.0,0.0,0.0,0.0,0.0,0.0,0.0,0.0
146028953333,369367192649,Музыкальные инструменты,чехол для классической гитары flight fbg-1039,flight / fbg-1039 butterfly чехол для классической гитары,0.0,0.8426801794844174,1.0,1.0,0.0,0.0,1.0,0.0,0.0,0.0,0.0,0.0,0.0
249108140312,420906873794,Строительство и ремонт,прожектор светодиодный ддо-8 20вт 6500к ip65 2100лм 105лм/вт 230в neox 4690612034010,прожектор светодиодный ддо-8 20вт 230в 6500к 2100лм 105лм/вт ip65 | код 4690612034010 | neox (4шт. в упак.),0.0,0.8417658176274232,1.0,0.8888888888888888,1.0,0.0,0.0,0.0,0.0,0.0,0.0,0.0,0.0
85899503726,609885481978,Бытовая химия,"fairy / средство для мытья посуды, fairy platinum, арбуз, 430 мл","fairy средство для мытья посуды fairy platinum арбуз, 430 мл",0.0,0.8416248000396894,0.9642857142857143,1.0,0.0,1.0,1.0,0.0,0.0,0.0,0.0,0.0,0.0
755914362654,670014925371,Хобби и творчество,термопистолет / клеевой пистолет для рукоделия,клеевой пистолет / клеевой пистолет для рукоделия,0.0,0.8405546428774103,1.0,0.0,0.0,1.0,1.0,0.0,0.0,0.0,0.0,0.0,0.0
747324471988,34359854340,Красота и гигиена,"queen fair пинцет скошенный, узкий, 9 см, цвет серебристый","пинцет скошенный, узкий, 9 см, цвет серебристый",0.0,0.8391061369524856,1.0,1.0,0.0,1.0,0.0,0.0,0.0,0.0,0.0,1.0,0.0
652835126738,94489427301,Дом и сад,"картридж сменный zein ps-10sl, полипропиленовая нить, 25 мкм","картридж сменный zein ps-10sl, полипропиленовая нить, 25 мкм",0.0,0.8378877234261102,1.0,1.0,0.0,0.0,1.0,0.0,1.0,0.0,0.0,0.0,0.0
532576028369,137438997068,Бытовая техника,робот-пылесос polaris pvcr 3200,"робот-пылесос polaris pvcr 3200 iq home aqua, темно-синий",0.0,0.8374562096543473,1.0,1.0,0.0,0.0,0.0,1.0,0.0,0.0,0.0,0.0,0.0
146028973127,523986162509,Хобби и творчество,набор для творчества bondibon. термомозаика с формами,набор для творчества bondibon термомозаика,0.0,0.8369305958074273,0.8842105263157894,0.0,0.0,0.0,0.0,0.0,0.0,0.0,0.0,0.0,0.0
558345868582,627065274101,Бытовая техника,вытяжка gefest во 1503,вытяжка настенная gefest во 1503 к62 белый,0.0,0.8367564971092267,1.0,0.5,1.0,0.0,0.0,1.0,0.0,0.0,1.0,1.0,0.0
2137,274878007732,Хобби и творчество,ткань для вышивки лентами (лентами не комплектуется) каролинка 25х35см,ткань для вышивки не комплектуется) каролинка 25х35см,0.0,0.836418138702298,1.0,1.0,0.0,1.0,1.0,0.0,0.0,0.0,0.0,0.0,0.0
635655220424,652835041719,Детские товары,"не определен конструктор-трансформер «спорткар», 129 деталей, цвет жёлтый","конструктор-трансформер спорткар, 129 деталей, цвет зелёный",0.0,0.83594161248615,0.82,1.0,0.0,0.0,1.0,0.0,0.0,0.0,0.0,0.0,0.0
68719537156,120259115844,Бытовая химия,brezo / brezo 97036 парфюмированная вода для утюгов 1л,"парфюмированная вода для утюгов, 1л brezo 97036",0.0,0.8342244801826673,0.9684210526315788,1.0,0.0,1.0,1.0,0.0,0.0,0.0,0.0,0.0,0.0
747324382184,833223746750,Товары для животных,"пижон / корм для волнистых попугаев, с орехами, 500 г","корм для волнистых попугаев, с орехами, 500 г",0.0,0.8339148699499761,1.0,1.0,0.0,1.0,1.0,0.0,0.0,0.0,0.0,0.0,0.0
257698058266,266287972368,Хобби и творчество,"лайт желтый мраморный песок для декора и творчества (4,5кг)","мраморный песок для декора и творчества (4,5кг)",0.0,0.8334950020708102,1.0,1.0,0.0,1.0,0.0,0.0,0.0,0.0,0.0,0.0,1.0
644245147331,790274058109,Бытовая техника,electrolux водонагреватель накопительный ewh 80 centurio dl,водонагреватель electrolux ewh 80,0.0,0.8334102805659128,1.0,1.0,0.0,0.0,0.0,0.0,0.0,0.0,0.0,0.0,0.0
180388671885,635655320111,Хобби и творчество,lvv / алмазная мозаика на подрамнике 40х50,алмазная мозаика на подрамнике 40х50,0.0,0.8315907414584814,1.0,1.0,0.0,1.0,1.0,0.0,0.0,0.0,0.0,0.0,1.0
678604933237,635655268591,Красота и гигиена,"крем для рук и ногтей бархатные ручки комплексный, 80мл",бархатные ручки. / крем для рук и ногтей комплексный 80мл,0.0,0.8314747818284901,0.9642857142857143,1.0,0.0,1.0,0.0,0.0,0.0,0.0,0.0,0.0,0.0
188978693060,300647851151,Музыкальные инструменты,цифровое пианино roland hp704,цифровое пианино roland hp704 dr (палисандр),0.0,0.8313741192297278,1.0,1.0,0.0,0.0,0.0,0.0,0.0,0.0,0.0,0.0,1.0
249108147115,77309441924,Бытовая техника,"диспенсер для антисептика/жидкого мыла локтевой, 1 л, пласти","диспенсер для антисептика/жидкого мыла локтевой, 1 л",0.0,0.8306587472675944,0.9803921568627452,1.0,0.0,1.0,0.0,0.0,0.0,0.0,0.0,0.0,0.0
532576076856,816043924296,Бытовая техника,электрическая зубная щетка oral-b io series 10 stardust white белая,oral-b / электрическая зубная щетка io 10 stardust white,0.0,0.8301291000812892,0.9818181818181819,1.0,0.0,0.0,0.0,0.0,0.0,0.0,0.0,1.0,0.0
103079369656,214748387929,Детские товары,"мягкая игрушка ""мишка лаппи"", 23 см","без бренда мягкая игрушка ""мишка лаппи"", 23 см",0.0,0.829261477198424,1.0,1.0,0.0,1.0,1.0,0.0,0.0,0.0,0.0,0.0,0.0
730144608480,833223681531,Дом и сад,"дорого внимание камни для виски в деревянной шкатулке ""мужик 100%"", 4 шт","камни для виски в деревянной шкатулке ""мужик 100%"", 4 шт",0.0,0.8290537219793899,1.0,1.0,0.0,1.0,0.0,0.0,0.0,0.0,0.0,0.0,1.0
592705574897,283467910787,Бытовая химия,"сода кальцинированная, 600 гр",сода кальцинированная 600 гр,0.0,0.8274273293276676,0.9824561403508772,1.0,0.0,1.0,1.0,0.0,0.0,0.0,0.0,0.0,0.0
85899495976,25769967264,Хобби и творчество,силиконовый молд anabellmold декор узор,"anabell силиконовый молд anabellmold декор, узор",0.0,0.826756502247215,0.9166666666666667,0.0,0.0,0.0,0.0,0.0,0.0,0.0,0.0,1.0,0.0
25769811790,395137011656,Бытовая химия,"чистящее средство ""универсал"", 750 г","чистин чистящее средство ""универсал"", sanfor, 750 г",0.0,0.8261562207299316,1.0,1.0,0.0,1.0,1.0,0.0,1.0,0.0,0.0,0.0,0.0
206158501293,283467879790,Музыкальные инструменты,rockdale aurora d6 gloss c nat - акустическая гитара,rockdale aurora d6 gloss nat,0.0,0.8259910512902375,1.0,1.0,0.0,0.0,0.0,0.0,0.0,0.0,0.0,0.0,0.0
154618845019,635655184976,Музыкальные инструменты,emily piano / синтезатор emily piano ek-7,синтезатор emily piano ek-7,0.0,0.8249936870987745,1.0,1.0,0.0,0.0,0.0,0.0,0.0,0.0,1.0,0.0,1.0
309237729765,764504256249,Красота и гигиена,"dr.ceuracle тонер успокаивающий с центеллой - cica regen 92 toner, 120мл",dr.ceuracle / успокаивающий тонер с центеллой cica regen 92 toner 120ml,0.0,0.8235327708139109,0.951048951048951,1.0,0.0,1.0,0.0,0.0,0.0,0.0,0.0,0.0,0.0
197568635413,687194833911,Хобби и творчество,"тм эврики / набор для опытов ""мой мини сад""","набор для опытов ""мой мини сад"", эврики",0.0,0.8218291764420168,0.926829268292683,0.0,0.0,0.0,0.0,0.0,0.0,0.0,0.0,0.0,0.0
51539681455,798863931074,Детские товары,lego / star wars конструктор звездные войны робот штурмовик,конструктор звездные войны робот штурмовик,0.0,0.8214518069200509,1.0,0.0,0.0,0.0,1.0,0.0,0.0,0.0,0.0,0.0,1.0
206158507568,68719491318,Хобби и творчество,подарочный набор для творчества .вышивка .,не определен подарочный набор для творчества . вышивка .,0.0,0.8209524549160939,0.88,0.0,0.0,0.0,0.0,1.0,0.0,0.0,0.0,0.0,0.0
730144467008,841813744489,Дом и сад,постельное бельё/2 спальное/простынь 220x245/пододеяльник 180x210/наволочки 70x70/сатин/танго,tango постельное бельё/2 спальное/простынь 220x245/пододеяльник 180x210/наволочки 70x70/сатин/танго,0.0,0.820843570657769,1.0,1.0,0.0,0.0,0.0,0.0,0.0,0.0,0.0,0.0,1.0
42949711961,77309440349,Хобби и творчество,"трафарет бордюрный ""узор"" пластик, 11х32 см","без бренда трафарет бордюрный ""узор"" пластик, 11х32 см",0.0,0.8199049301619917,1.0,1.0,0.0,1.0,0.0,0.0,0.0,0.0,0.0,0.0,0.0
128849111914,51539704985,Бытовая техника,"il monte / варочная панель газовая, 30 см., стекло, bh-312g-nsd","варочная панель газовая, закаленное стекло, 30 см., автоподжиг, чугунные решетки, il monte bh-312g-nsd",0.0,0.8186107277378584,0.9838709677419355,1.0,0.0,1.0,1.0,0.0,0.0,0.0,0.0,0.0,1.0
17179985028,670014972684,Детские товары,"пупс ""мой малыш"" в костюмчике, с аксессуарами","лас играс пупс «мой малыш» в костюмчике, с аксессуарами",0.0,0.8186095033413805,0.86,0.0,0.0,0.0,0.0,0.0,0.0,0.0,0.0,0.0,0.0
730144547355,764504312497,Продукты питания,кофе carte noire молотый 230 г,"кофе молотый carte noire intense, 230 г",0.0,0.8182066856414559,1.0,1.0,0.0,1.0,1.0,0.0,0.0,0.0,0.0,0.0,0.0
601295571056,790274098021,Хобби и творчество,книга сфера с наклейками создай портрет. наклейки. создай стильный образ девочек 1,тц сфера / книга сфера создай портрет. наклейки. создай стильный образ девочек,0.0,0.8175415410468473,0.96,0.0,0.0,0.0,0.0,0.0,0.0,0.0,0.0,0.0,0.0
781684174335,549755825340,Товары для животных,"alphapet wow сухой корм для кошек стерилизованных 1,5 кг","сухой корм alphapet wow для взрослых стерилизованных кошек с индейкой и потрохами 1,5 кг",0.0,0.8156874210954359,1.0,1.0,0.0,1.0,1.0,1.0,0.0,0.0,0.0,0.0,0.0
60129549140,670014921056,Строительство и ремонт,болгарка (ушм) союз ушс-9024п,"союз / шлифовальная машина, болгарка (ушм) союз ушс-9024п",0.0,0.8156794186264671,1.0,1.0,0.0,0.0,1.0,0.0,0.0,0.0,0.0,0.0,0.0
352187382998,850403625242,Музыкальные инструменты,укулеле концертная martin romas mr-02f,укулеле концертная martin romas mr-02f рисунок следы животного,0.0,0.8144384519132203,1.0,1.0,0.0,0.0,0.0,1.0,0.0,0.0,0.0,0.0,1.0
137438982352,798863956388,Мебель,без бренда зонт прямоугольный 2х3 м шестиспицевый стальной,зонт прямоугольный 2х3 м шестиспицевый стальной,0.0,0.8142511846581918,1.0,1.0,0.0,1.0,1.0,0.0,0.0,0.0,0.0,0.0,1.0
34359860107,695784753646,Дом и сад,"все картины тут / картина на холсте,40x50,корабль,c подрамником","картина на холсте, 40x50, корабль, c подрамником",0.0,0.8141332631420016,0.6666666666666665,1.0,0.0,1.0,1.0,0.0,0.0,0.0,0.0,0.0,0.0
309237650664,498216214554,Хобби и творчество,"пайетки ""круг"" зелёные набор 30 гр d:2,5 см","арт узор пайетки ""круг"" светло-зелёные набор 30 гр d=2,5 см",0.0,0.8139344524699671,0.8235294117647058,1.0,0.0,1.0,0.0,0.0,0.0,0.0,0.0,0.0,0.0
8589963228,635655190257,Детские товары,"melobo / melogo коляска для кукол универсальная, металлический каркас","коляска для кукол универсальная, металлический каркас",0.0,0.8139175786275161,1.0,0.0,0.0,0.0,0.0,0.0,0.0,0.0,0.0,0.0,1.0
695784795040,558345828441,Хобби и творчество,"disney набор для рисования в темноте «холодное сердце: магия света», а4","набор для рисования в темноте ""холодное сердце: магия света""",0.0,0.8126344765622198,0.8854961832061069,0.0,0.0,0.0,0.0,0.0,0.0,0.0,0.0,0.0,0.0
171798849285,678604995261,Хобби и творчество,инновации для детей / набор юный химик малый. чернила для шпионов (опыты и экспери,набор для опытов и экспериментов инновации для детей юный химик малый. чернила для шпионов (опыты и,0.0,0.8125046911152722,0.9315068493150684,0.0,0.0,0.0,0.0,0.0,0.0,0.0,0.0,0.0,0.0
635655254075,19297,Дом и сад,"часы настенные, серия: классика, плавный ход, d-30.5 см","не определен часы настенные, серия: классика, плавный ход, d-30.5 см",0.0,0.8120492453575168,1.0,1.0,0.0,1.0,0.0,0.0,1.0,0.0,0.0,0.0,0.0
747324374546,412316987488,Хобби и творчество,"миртъ / славянский оберег ""чертог волка""",миртъ / амулет / славянский оберег чертог волка,0.0,0.8117389347479047,0.8,0.0,0.0,0.0,0.0,0.0,0.0,0.0,0.0,0.0,0.0
154618951267,781684145384,Продукты питания,"kong манго кубики жевательные конфеты, 500гр","манго кубики жевательные конфеты,  500гр",0.0,0.8114104352160746,1.0,1.0,0.0,1.0,0.0,0.0,1.0,0.0,0.0,0.0,0.0
257698123733,42949770638,Хобби и творчество,"настольная игра ""в поисках деда мороза""",лас играс настольная игра «в поисках деда мороза»,0.0,0.8102613080459296,0.8409090909090909,0.0,0.0,0.0,0.0,0.0,0.0,0.0,0.0,0.0,0.0
652835058034,420906897769,Детские товары,"игра весёлые липучки. альбом ""изучаем животных""","/ весёлые липучки ""изучаем животных""",0.0,0.8102381707380417,0.8433734939759036,0.0,0.0,0.0,0.0,0.0,0.0,0.0,0.0,0.0,0.0
549755902342,575525748183,Детские товары,"лас играс робот «автобот», трансформируется","робот автобот, трансформируется",0.0,0.8093935036329389,0.8378378378378377,0.0,0.0,0.0,0.0,0.0,0.0,0.0,0.0,0.0,0.0
25769834529,68719560094,Дом и сад,"покрывало marianna «элегант», 200х220 см, пэ100%","покрывало двустороннее marianna элегант, 200х220 см, п/э100%",0.0,0.8092881005250524,0.7692307692307692,1.0,0.0,1.0,1.0,0.0,0.0,0.0,0.0,0.0,1.0
309237789383,463856468383,Товары для животных,"растение искусственное аквариумное, светящееся, 10 см, зелёное","пижон aqua растение искусственное аквариумное, светящееся, 10 см, зелёное",0.0,0.808219473761936,1.0,1.0,0.0,1.0,0.0,0.0,0.0,0.0,0.0,0.0,0.0
584115555492,670015016467,Хобби и творчество,развивающая игра накорми зверушку (2 основы+ ложка+ 20 элементов),"развивающая игра лесная мастерская ""накорми зверушку"" (2 основы+ ложка+ 20 элементов)",0.0,0.8074666582274299,0.8495575221238938,1.0,0.0,0.0,0.0,0.0,0.0,0.0,0.0,0.0,0.0
850403677118,240518265998,Детские товары,"перевёртыш радиоуправляемый stunt elf, работает от аккумулят","перевёртыш радиоуправляемый stunt elf с управлением жестами, работает от аккумулятора",0.0,0.8074077833264348,0.8571428571428571,0.0,0.0,0.0,0.0,0.0,0.0,0.0,0.0,0.0,0.0
558345860753,8590055343,Продукты питания,семечки подсолнечника неочищенные сырые 1кг,eco nuts №1 семечки подсолнечника очищенные сырые 1кг,0.0,0.8068512711686694,0.8541666666666667,1.0,0.0,1.0,1.0,0.0,1.0,0.0,0.0,0.0,0.0
369367249392,506806231824,Хобби и творчество,"лас играс kids / настольная игра ""хвостатый крокодил""","настольная игра ""хвостатый крокодил""",0.0,0.8065442238143415,1.0,0.0,0.0,0.0,0.0,0.0,0.0,0.0,0.0,0.0,0.0
661424998583,137438964375,Хобби и творчество,раскраска для малышей,раскраски для малышей,0.0,0.8049850869247774,0.9523809523809524,0.0,0.0,0.0,0.0,0.0,0.0,0.0,0.0,0.0,0.0
489626336424,489626377295,Мебель,кровать marubi с подъемным механизмом с размером спального места 120x200,без бренда кровать marubi с подъемным механизмом с размером спального места 120x200,0.0,0.8040084136124639,1.0,1.0,0.0,0.0,0.0,0.0,0.0,0.0,0.0,0.0,1.0
231928343507,25769868600,Хобби и творчество,"наклейки водонепроницаемые, набор листов 5 шт., меловой маркер, размер 1 наклейки 60 40 мм","не определен наклейки водонепроницаемые, набор листов 5 шт, меловой маркер, размер 1 наклейки — 60 × 40 мм",0.0,0.8036493906594877,0.9681528662420382,1.0,0.0,1.0,0.0,0.0,0.0,0.0,0.0,0.0,0.0
566935743950,42949705628,Красота и гигиена, victoria's secret  victoria's secret спрей для тела platinum ice 250 ml парфюмированный мист 250 мл,victoria's secret / парфюмированный спрей для тела victoria's secret 250 ml,0.0,0.8033180717369574,0.9821428571428571,1.0,0.0,1.0,0.0,0.0,0.0,0.0,0.0,0.0,0.0
609885412307,360777381758,Хобби и творчество,набор эврики для опытов «цветной снег» цвет фиолетовый,"эврики, набор для опытов ""цветной снег"", цвет розовый",0.0,0.803115289247275,0.7850467289719626,0.0,0.0,0.0,0.0,0.0,0.0,0.0,0.0,0.0,0.0
515396172215,309237720443,Спорт и отдых,беговая дорожка cardiopower s500,cardiopower беговая дорожка s500,0.0,0.8030274126884553,1.0,1.0,0.0,0.0,0.0,1.0,0.0,0.0,0.0,1.0,0.0
738734489789,403727053881,Детские товары,"happy valley / кукла интерактивная шарнирная, ""оля"" в платье, с пультом","кукла интерактивная шарнирная ""оля"" в платье, с пультом",0.0,0.8025501269421486,0.9,0.0,0.0,0.0,0.0,0.0,0.0,0.0,0.0,0.0,0.0
223338377443,670015000425,Детские товары,wawaka / мягкая игрушка зайка в платье 40 см,мягкая игрушка зайка в платье 40см,0.0,0.8017063257338146,0.9206349206349206,1.0,0.0,1.0,1.0,0.0,0.0,0.0,0.0,0.0,1.0
841813748782,137439034164,Спорт и отдых,"самокат graffiti, колеса световые pu 110/75 мм, abec 7","не определен самокат graffiti, колёса световые pu 110/75 мм, abec 7",0.0,0.8015838562157844,1.0,1.0,0.0,1.0,1.0,0.0,0.0,0.0,0.0,0.0,0.0
25769906203,163208811710,Хобби и творчество,подарочный набор для творчества .аппликация .от 3 лет,не определен подарочный набор для творчества . аппликация . от 3 лет,0.0,0.8011845758824495,0.8739495798319328,1.0,0.0,0.0,0.0,1.0,0.0,0.0,0.0,0.0,0.0
481036457395,850403535443,Детские товары,"toysib квадраты никитина 1 уровня, 6 квадратов (комплект из 5 шт)","квадраты никитина 1 уровня, 6 квадратов",0.0,0.8008452170245756,1.0,0.6666666666666666,1.0,0.0,0.0,0.0,0.0,0.0,0.0,0.0,0.0
833223795892,429496785355,Детские товары,"мягкая игрушка зайчик,25 см","не определен мягкая игрушка зайчик, 25 см",0.0,0.8008058925603722,0.7727272727272728,1.0,0.0,1.0,1.0,0.0,0.0,0.0,0.0,0.0,0.0
824633722811,841813674793,Детские товары,"ершик по уходу за детскими бутылочками, цвет микс","не определен ёршик по уходу за детскими бутылочками, цвет микс",0.0,0.7990988766339138,1.0,0.0,0.0,0.0,0.0,0.0,0.0,0.0,0.0,0.0,0.0
360777357880,678604956506,Автотовары,"фильтр воздушный honda civic 06-12, fr-v 07-, stream 06-14 1.8-2.0i vtec","фильтр воздушный honda civic 06-12, fr-v 07-, stream 06-14 1.8-2.0i vtec fortech",0.0,0.7970801843963119,1.0,1.0,0.0,0.0,0.0,0.0,1.0,0.0,1.0,0.0,0.0
60129635379,300647717811,Бытовая химия,комплект спрей 2 в 1 бэби дэта aqua 100 мл. х 2 шт.,спрей 2 в 1 бэби дэта aqua 100 мл.,0.0,0.7966709505866324,1.0,1.0,0.0,1.0,1.0,1.0,0.0,0.0,0.0,0.0,0.0
446676699087,438086728483,Детские товары,"noname конструктор магнитный «дино», 7 деталей","конструктор магнитный ""дино"", 7 деталей",0.0,0.7958594247203626,0.8857142857142857,1.0,0.0,0.0,0.0,0.0,0.0,0.0,0.0,0.0,0.0
103079266554,171798745892,Музыкальные инструменты,flight duc525 eq sp/zeb - укулеле концерт,"flight / duc525 eq sp/zeb укулеле концерт со звукоснимателем, верхняя дека массив ели, чехол в комплекте",0.0,0.7953914639402848,0.975,1.0,0.0,0.0,0.0,0.0,0.0,0.0,0.0,0.0,1.0
326417669576,730144460366,Товары для животных,monge / monge bwild dog low grain низкозерновой корм для собак 12кг,monge bwild dog low grain низкозерновой корм для собак из мяса дикого кабана 12кг,0.0,0.7951401077656598,0.9833333333333333,1.0,0.0,1.0,1.0,0.0,0.0,0.0,0.0,0.0,0.0
412316991534,678604995419,Спорт и отдых,горные лыжи с креплениями head total joy slr joy pro + joy 11 gw slr 22/23,горные лыжи head total joy slr joy pro + joy 11 gw slr 22/23,0.0,0.7944205828495279,1.0,1.0,0.0,0.0,0.0,0.0,0.0,0.0,0.0,0.0,0.0
790273998518,712964614834,Хобби и творчество,лас играс kids / настольная игра на реакцию,"лас играс kids настольная игра на реакцию под колпаком,1 штука",0.0,0.7940867431557773,0.9761904761904762,0.0,0.0,0.0,0.0,0.0,0.0,0.0,0.0,0.0,0.0
231928343344,661425068922,Детские товары,"коляска для кукол, универсальный, металлический каркас","подарок / коляска для кукол, универсальный, металлический каркас",0.0,0.7937796345264616,1.0,0.0,0.0,0.0,0.0,0.0,0.0,0.0,0.0,0.0,0.0
807453867382,635655247983,Аптека,спортивные фотохромные очки для чтения proud transitions xtr active blue block uv400,спортивные фотохромные очки для чтения proud transitions xtr active blue block uv400,0.0,0.7934962977315666,1.0,1.0,0.0,0.0,0.0,0.0,0.0,0.0,0.0,1.0,0.0
790273992840,369367344378,Детские товары,полесье набор мебели для кукол №6 (7 элементов),"набор мебели для кукол полесье №6, 7 элементов, розовый",0.0,0.7933209075860715,0.8823529411764706,1.0,0.0,0.0,0.0,0.0,0.0,0.0,0.0,0.0,0.0
541165985736,463856600324,Дом и сад,candie's комплект постельного белья candies евро can-5,комплект постельного белья candies евро can-5,0.0,0.792519458284048,1.0,1.0,0.0,0.0,0.0,0.0,0.0,0.0,0.0,0.0,1.0
146028985462,816043824088,Бытовая техника,водонагреватель накопительный zanussi zwh/s 80 80 л белый,"zanussi водонагреватель накопительный zwh/s 80 artendo dry, белый",0.0,0.7922985464991084,0.9811320754716981,1.0,0.0,0.0,0.0,1.0,0.0,0.0,1.0,1.0,0.0
523986023033,807453919663,Мебель,без бренда кровать alfia подъемным механизмом с размером спального места 160x200,кровать alfia подъемным механизмом с размером спального места 160x200,0.0,0.7911154707854468,1.0,1.0,0.0,0.0,0.0,0.0,0.0,0.0,0.0,0.0,1.0
240518269642,627065235098,Детские товары,"игровой набор abtoys боевая сила военная техника: танк, вертолет, 2 фигурки солдат","abtoys (абтойс) / игровой набор abtoys боевая сила военная техника: танк, вертолет, мотоцикл, 2 фигурки солдат",0.0,0.7910063055160218,1.0,1.0,0.0,0.0,0.0,0.0,0.0,0.0,0.0,0.0,0.0
712964656203,541165989761,Спорт и отдых,"мяч футбольный onlytop, pvc, машинная сшивка, 32 панели, р. 5","onlytop мяч футбольный onlytop, pvc, машинная сшивка, 32 панели, р. 5",0.0,0.7905154777080267,1.0,1.0,0.0,0.0,0.0,0.0,0.0,0.0,0.0,0.0,0.0
463856559276,171798855382,Канцелярские товары,"рюкзак на молнии, 3 наружных кармана, цвет чёрный","noname рюкзак на молнии, 3 наружных кармана, цвет чёрный",0.0,0.789818161218549,1.0,1.0,0.0,0.0,0.0,0.0,0.0,0.0,0.0,1.0,0.0
360777374425,798864002779,Товары для животных,eukanuba mature & senior large breed / сухой корм эукануба для пожилых собак крупных пород с курицей 4 кг,eukanuba / корм сухой для пожилых собак крупных пород 4 кг 4 шт,0.0,0.7897462368678987,0.9747899159663865,1.0,0.0,1.0,1.0,0.0,0.0,0.0,0.0,0.0,0.0
764504328660,532576018130,Красота и гигиена,balea / шампунь для волос balea 300 ml,шампунь для волос balea 300 ml,0.0,0.788952777936865,1.0,1.0,0.0,1.0,1.0,0.0,0.0,0.0,0.0,0.0,0.0
506806262424,326417546958,Электроника,для asus a6jc зарядное устройство блок питания ноутбука (зарядка адаптер + сетевой кабель/ шнур),для asus u6 зарядное устройство блок питания ноутбука (зарядка адаптер + сетевой кабель/ шнур),0.0,0.7880713657988935,0.9837837837837837,1.0,0.0,0.0,0.0,0.0,0.0,0.0,0.0,0.0,0.0
137439007437,309237646982,Хобби и творчество,"noname трафарет ""узор"" 24х16 см","трафарет ""узор"" 24х16 см",0.0,0.7878088920513792,1.0,1.0,0.0,1.0,0.0,0.0,0.0,0.0,0.0,0.0,0.0
841813723369,661424989405,Канцелярские товары,линия успеха / грамота с гербом 20 шт а4,грамота 20 шт,0.0,0.7878073056464956,1.0,0.5,1.0,1.0,1.0,0.0,0.0,0.0,0.0,0.0,0.0
257698156073,420906802884,Красота и гигиена,"аурасо магнолия и апельсин - пудра для волос аурасо, для создания быстрого прикорневого объема, универсальная, парфюмированная, натуральная, унисекс, 20 гр","магнолия - пудра для волос аурасо, для создания быстрого прикорневого объема, универсальная, парфюмированная, натуральная, унисекс, 20 гр",0.0,0.7876632847076644,1.0,1.0,0.0,1.0,1.0,0.0,1.0,0.0,0.0,0.0,0.0
532576099043,283467913092,Спорт и отдых,"вседлялодки nissamaran laker 410. ниссамаран лакер 410. тент ходовой, тент носовой с каркасом, дуги, крепления","nissamaran laker 410. ниссамаран лакер 410. тент ходовой, тент носовой с каркасом, дуги, крепления",0.0,0.7868857602223911,1.0,1.0,0.0,0.0,0.0,0.0,0.0,0.0,0.0,0.0,1.0
781684109172,618475442945,Детские товары,"пупс функциональный мой малыш, пьёт, писает, с аксессуарами","без бренда пупс функциональный мой малыш пьет, писает, с аксессуарами",0.0,0.7859223925502672,0.9369369369369369,0.0,0.0,0.0,0.0,0.0,0.0,0.0,0.0,0.0,0.0
523986058624,549755876085,Детские товары,imtun / игрушка йо-йо трюковой металлический с подшипниками,игрушка йо-йо трюковой металлический с подшипниками,0.0,0.7856635175158609,1.0,0.0,0.0,0.0,0.0,0.0,0.0,0.0,0.0,1.0,0.0
781684177044,523986121110,Товары для животных,"фон для аквариума, 30 х 50 см","пижон aqua фон для аквариума двухсторонний, 30 х 50 см",0.0,0.7851179083559761,0.7659574468085105,1.0,0.0,1.0,0.0,0.0,0.0,0.0,0.0,0.0,0.0
8590028996,163208856447,Бытовая химия,baq / порошок стиральный abc 9 кг,стиральный порошок abc 9 кг,0.0,0.7844380570412944,1.0,1.0,0.0,1.0,1.0,0.0,0.0,0.0,0.0,0.0,0.0
523986036747,343597404645,Хобби и творчество,"рама для картин (зеркал) 30 х 40 х 2,8 см, пластиковая, calligrata 6448, вишня с золотом","рама для картин (зеркал) 30 х 40 х 2,8 см, пластиковая, calligrata 6448, золотой",0.0,0.7843077432261238,0.9459459459459459,1.0,0.0,1.0,0.0,0.0,0.0,0.0,0.0,0.0,1.0
60129553114,498216332908,Канцелярские товары,"блокнот а6, 64 листа, в твёрдой обложке, гравити фолз","disney блокнот а6, 64 листа, в твёрдой обложке, гравити фолз",0.0,0.7830769828792115,1.0,1.0,0.0,0.0,0.0,0.0,0.0,0.0,0.0,0.0,0.0
94489317869,721554602943,Автотовары,чехлы на сиденья автопилот для  kia k5 с 20г. экокожа темно-серый + темно-серый,автопилот / чехлы на сиденья для kia k5 с 20г.,0.0,0.7826323462523809,0.9777777777777777,1.0,0.0,1.0,1.0,0.0,0.0,0.0,0.0,0.0,0.0
60129603488,704374773286,Дом и сад,ковер 100х200 комнатный напольный с ворсом,akts_home / ковер 100х200 комнатный напольный с ворсом,0.0,0.7822195036609567,1.0,1.0,0.0,1.0,1.0,0.0,0.0,0.0,0.0,0.0,1.0
386547091110,730144520732,Детские товары,"железная дорога волшебная , световые и звуковые эффекты","автоград / железная дорога ""волшебная"", световые и звуковые эффекты",0.0,0.7820922802582051,0.8775510204081632,0.0,0.0,0.0,0.0,0.0,0.0,0.0,0.0,0.0,0.0
721554569336,712964573607,Детские товары,"конструктор обучающий ""забавные пазлы""","kangaeru / конструктор обучающий ""забавные пазлы""",0.0,0.7820128118165318,1.0,0.0,0.0,0.0,0.0,0.0,0.0,0.0,0.0,0.0,0.0
472446409998,687194798688,Детские товары,"без бренда коляска универсальная для кукол, металлический каркас","коляска универсальная для кукол, металлический каркас",0.0,0.7812936673186124,1.0,0.0,0.0,0.0,0.0,0.0,0.0,0.0,0.0,0.0,0.0
197568515868,515396168891,Мебель,кресло офисное norden хельмут lb серебро/ha-102-01,кресло офисное norden хельмут lb ha-102-01,0.0,0.7809368229756753,0.9130434782608695,1.0,0.0,0.0,0.0,1.0,0.0,0.0,1.0,0.0,1.0
472446422298,240518205946,Детские товары,mum&baby / бутылочка для кормления 250 мл,"mum&baby, бутылочка для кормления, лисички: мамы и малыши, 250 мл, цилиндр, с ручками",0.0,0.7805957717550266,0.6190476190476191,1.0,0.0,1.0,1.0,0.0,0.0,0.0,0.0,0.0,1.0
798864005446,343597530366,Музыкальные инструменты,сурдина для трубы или корнета denis wick dw5504b,сурдина для трубы или корнета denis wick dw5504,0.0,0.780332320493341,0.9894736842105263,1.0,0.0,0.0,0.0,0.0,0.0,0.0,0.0,0.0,0.0
841813676157,25769917425,Строительство и ремонт,itk / itk - lc1-c5e04-111,"силовой кабель, 305 м",0.0,0.7798334546470429,0.1428571428571429,0.0,1.0,0.0,1.0,0.0,0.0,0.0,0.0,0.0,0.0
25769922943,103079336462,Товары для животных,"игрушка mr.kranch для собак средних и крупных пород бумеранг с пищалкой 34х28,5х6,5см, розовый","mr.kranch игрушка для собак средних и крупных пород бумеранг с пищалкой 34х28,5х6,5см, зеленый",0.0,0.7797342863947263,0.9574468085106383,1.0,0.0,1.0,1.0,0.0,0.0,0.0,0.0,0.0,0.0
420906903783,412316987816,Детские товары,"без бренда машина радиоуправляемая «скорая помощь», свет, работает от батареек","машина радиоуправляемая  ""скорая помощь "", работает от батареек",0.0,0.778767726050437,0.8301886792452831,0.0,0.0,0.0,0.0,0.0,0.0,0.0,0.0,1.0,0.0
429496883981,627065369785,Детские товары,"пупс функциональный ""мой малыш"" пьет, писает, с аксессуарами","moonglee / пупс функциональный ""мой малыш"" пьёт писает с аксессуарами",0.0,0.7787525599240168,0.8992248062015504,0.0,0.0,0.0,0.0,0.0,0.0,0.0,0.0,0.0,0.0
214748412051,274877924067,Спорт и отдых,"гидрокостюм мужской длинный для дайвинга, снорклинга, серфинга, плавания, фридайвинга, ныряния с аквалангом и других водных активностей salvimar portofino long men, 3мм, xl","гидрокостюм мужской длинный salvimar portofino long men, 3мм, s, для дайвинга, снорклинга, серфинга, плавания, ныряния и других водных активностей",0.0,0.7786608273785974,0.9896193771626298,1.0,0.0,1.0,0.0,0.0,0.0,0.0,0.0,1.0,0.0
292057918053,549755839285,Хобби и творчество,puzzle пазл фигурный «королевский павлин» + ребусы,"пазл фигурный ""королевский павлин""",0.0,0.778198477782482,0.7619047619047619,0.0,0.0,0.0,0.0,0.0,0.0,0.0,0.0,0.0,0.0
738734400669,386547191011,Красота и гигиена,yves saint laurent black opium парфюмерная вода 90мл ,парфюмерная вода / yves saint laurent black opium 90 мл,0.0,0.7776906358904233,0.9719626168224299,1.0,0.0,1.0,0.0,0.0,0.0,0.0,0.0,0.0,0.0
17180036289,274877991495,Хобби и творчество,нитки швейные для кожи 10/3 1000м,safira / нитки швейные для кожи 10/3 1000м,0.0,0.777116999022795,1.0,1.0,0.0,1.0,0.0,0.0,0.0,0.0,0.0,0.0,1.0
171798697883,386547089433,Хобби и творчество,"печать для сургуча с деревянной ручкой ""корона с буквой r"" 9х2,5х2,5 см","не определен печать для сургуча с деревянной ручкой ""корона с буквой q"" 9х2,5х2,5 см",0.0,0.7769140433259376,0.9777777777777777,1.0,0.0,1.0,0.0,0.0,1.0,0.0,0.0,0.0,0.0
94489283952,558345876240,Хобби и творчество,наклейки стикеры новогодние открытки,не определен наклейки стикеры новогодние открытки,0.0,0.7768976317683973,1.0,0.0,0.0,0.0,0.0,1.0,0.0,0.0,0.0,0.0,0.0
42949734980,420906915653,Бытовая химия,освежитель воздуха palitra 300мл освежающий лимон,сибиар palitra освежитель воздуха освежающий лимон 300 мл,0.0,0.7747091555419889,0.9347826086956522,1.0,0.0,1.0,0.0,0.0,0.0,0.0,0.0,0.0,0.0
206158492363,60129606389,Детские товары,"игровой набор ""подводная лодка"", стреляет ракетами, подвижные элементы, цвет светло-серый","игровой набор подводная лодка, стреляет ракетами, подвижные",0.0,0.7740034146918545,0.8316831683168318,0.0,0.0,0.0,0.0,0.0,0.0,0.0,0.0,0.0,0.0
601295475766,51539628819,Хобби и творчество,даймонд канвас / алмазная мозаика 30х40 на подрамнике природа,алмазная мозаика 30х40 на подрамнике природа,0.0,0.773924748292898,1.0,1.0,0.0,0.0,0.0,0.0,0.0,0.0,0.0,1.0,0.0
755914375942,575525700474,Канцелярские товары,"рюкзак школьный из текстиля на молнии, 3 кармана, цвет чёрный","no name рюкзак школьный из текстиля на молнии, 3 кармана, цвет чёрный",0.0,0.7736010906443526,1.0,1.0,0.0,0.0,0.0,0.0,0.0,0.0,0.0,0.0,0.0
360777412986,438086806484,Хобби и творчество,"/ сборная модель ""немецкий танк королевский тигр"" (1:72)","сборная модель ""немецкий танк. королевский тигр""",0.0,0.773467513081444,0.9333333333333332,0.0,0.0,0.0,0.0,0.0,0.0,0.0,0.0,0.0,0.0
618475337176,618475309099,Детские товары,футбольный мячик,"свисток ""футбольный мячик""",0.0,0.7734490965983067,0.4761904761904762,0.0,0.0,0.0,0.0,0.0,0.0,0.0,0.0,0.0,0.0
841813694264,523986104251,Детские товары,"велосипед maxiscoo air pro 18"" (2024)","maxiscoo / велосипед air pro 18"" (2024) msc-a1832p",0.0,0.7730339080804289,1.0,0.6666666666666666,1.0,0.0,0.0,0.0,0.0,0.0,0.0,0.0,1.0
77309544208,283467888723,Детские товары,набор игрушек для игры в ванне .пингвинчик - мельница .,без бренда набор игрушек для игры в ванне «пингвинчик мах - мельница»,0.0,0.7717819317110115,0.8387096774193549,0.0,0.0,0.0,0.0,0.0,0.0,0.0,0.0,1.0,0.0
609885432111,163208875657,Хобби и творчество,"десятое королевство, лото русское ""ларец""",десятое королевство / русское лото 'ларец',0.0,0.7717750029293129,0.9156626506024097,0.0,0.0,0.0,0.0,0.0,0.0,0.0,0.0,0.0,0.0
249108202031,429496779417,Хобби и творчество,"трафарет ""алфавит"" 15х15 см","master трафарет ""рукописный алфавит"" 15х15 см",0.0,0.7707849328447628,0.7727272727272728,1.0,0.0,1.0,0.0,0.0,0.0,0.0,0.0,0.0,0.0
197568622153,755914378616,Хобби и творчество,"замок-автомат для металлической молнии, 5, 10 шт, цвет чёрный никель","арт узор замок автоматический для металлической молнии, №5, 10 шт, цвет чёрный никель",0.0,0.7703412886958876,0.8571428571428571,1.0,0.0,1.0,0.0,0.0,0.0,0.0,0.0,0.0,0.0
85899506611,807454001527,Продукты питания,соус-крем сп мирный бальзамический 220 мл,соус-крем сп мирный бальзамический со вкусом граната 220 мл,0.0,0.7696802202743419,1.0,1.0,0.0,1.0,1.0,0.0,1.0,0.0,0.0,0.0,0.0
103079282525,532576015443,Бытовая техника,водонагреватель ariston blu1 r abs 65 v slim,водонагреватель ariston blu1 eco abs pw 65 v slim (3700556),0.0,0.7696594967738677,0.9767441860465117,0.6666666666666666,1.0,0.0,0.0,0.0,1.0,0.0,0.0,1.0,0.0
317827632530,317827721864,Детские товары,"мягкая игрушка покемон-пикачу, 25 см, picachu",мягкая игрушка пикачу 25 см,0.0,0.7693028839602853,0.7727272727272728,1.0,0.0,1.0,1.0,0.0,0.0,0.0,0.0,0.0,0.0
8590090545,292057889672,Красота и гигиена,набор косметики для девочки корона,"/ набор косметики для девочки ""корона и ак",0.0,0.7691735611874558,0.8947368421052632,0.0,0.0,0.0,0.0,0.0,0.0,0.0,0.0,0.0,0.0
266287972494,618475348399,Бытовая техника,ресанта / тепловентилятор твс-2 (2 квт),ресанта твс-2,0.0,0.7690198465394772,1.0,1.0,0.0,0.0,0.0,0.0,0.0,0.0,0.0,0.0,1.0
670015034141,575525669674,Дом и сад,vv viola / наволочка 50х70 набор 2 штуки на молнии,наволочка 50х70 набор 2 штуки на молнии,0.0,0.7690090314216278,1.0,1.0,0.0,0.0,1.0,0.0,0.0,0.0,0.0,0.0,1.0
214748474036,188978633215,Спорт и отдых,игольчатый подшипник tohatsu 369-00043-0,kacawa игольчатый подшипник tohatsu 369-00043-0,0.0,0.768929953975503,1.0,1.0,0.0,0.0,0.0,0.0,0.0,0.0,0.0,0.0,0.0
137438996039,566935729782,Детские товары,игровой набор junfa боулинг с шаром и 6 кеглями в держателе,junfa / игровой набор junfa боулинг с шаром и 6,0.0,0.7684213301106971,0.975,1.0,0.0,0.0,0.0,0.0,0.0,0.0,0.0,0.0,0.0
352187465022,206158477983,Хобби и творчество,"нарды ""драконы"", деревянная доска 40 х 40 см","нарды 'драконы', деревянная доска 40 х 40 см, золото",0.0,0.7683631306791474,0.8666666666666667,1.0,0.0,1.0,1.0,0.0,0.0,0.0,0.0,0.0,0.0
438086739352,257698126927,Хобби и творчество,набор бисероплетения пляжная вечеринка,без бренда набор бисероплетения «пижамная вечеринка»,0.0,0.7677098544888432,0.689655172413793,0.0,0.0,0.0,0.0,0.0,0.0,0.0,0.0,0.0,0.0
850403614827,214748409654,Хобби и творчество,"шахматы сувенирные ""долина смерти"", 36 х 36 см","idi-shop / шахматы сувенирные ""долина смерти""",0.0,0.7673623268105428,0.8181818181818181,0.0,0.0,0.0,1.0,0.0,0.0,0.0,0.0,0.0,0.0
386547185011,438086791438,Товары для животных,титбит / лакомство для собак корень бычий 50гр,"лакомство для собак бычий корень , 50г",0.0,0.7672396454669884,0.9142857142857143,1.0,0.0,1.0,1.0,0.0,0.0,0.0,0.0,0.0,0.0
687194818760,498216228938,Хобби и творчество,"арт узор / декор для творчества металл, стразы изогнутое сердце с коро","арт узор, декор для творчества металл, стразы ""изогнутое сердце с короной"" золото 1,5х1,8 см, 10 штук",0.0,0.7668533684017291,0.8135593220338982,0.0,0.0,0.0,1.0,0.0,0.0,0.0,0.0,0.0,0.0
231928262673,523986087759,Канцелярские товары,"nobrand набор кистей синтетика 10 штук, в пенале на молнии","набор кистей синтетика 10 штук, в пенале на молнии",0.0,0.7667374775661139,1.0,1.0,0.0,0.0,0.0,0.0,1.0,0.0,0.0,0.0,1.0
206158463553,566935786003,Детские товары,"автоград / погрузчик стройтехника, подвижные детали","автоград погрузчик металлический ""стройтехника"", подвижные детали, с элементами из пластика 7836216",0.0,0.7666404750281821,0.708860759493671,0.0,0.0,0.0,0.0,0.0,0.0,0.0,0.0,0.0,0.0
197568616571,592705532357,Электроника,dillon / коврик игровой компьютерный для мыши 300х250х4мм asus,коврик игровой компьютерный для мыши 300х250х4мм asus,0.0,0.766215625871872,1.0,1.0,0.0,1.0,1.0,0.0,0.0,0.0,0.0,0.0,1.0
549755844316,386547063419,Бытовая химия,"полено ""сварожич"" чистящее средство для очистки дымоходов","no name полено ""сварожич - мини"" чистящее средство для очистки дымоходов",0.0,0.7661802565649151,0.8932038834951456,0.0,0.0,0.0,0.0,0.0,1.0,0.0,0.0,0.0,0.0
249108211192,816043907399,Хобби и творчество,almaz painting / алмазная мозаика на подрамнике 40х50,алмазная мозаика на подрамнике 40х50,0.0,0.7660979332565453,1.0,1.0,0.0,0.0,0.0,0.0,0.0,0.0,0.0,1.0,0.0
94489284558,240518171660,Бытовая химия,green drago / средство для мытья полов 5 литров,средство для мытья полов green drago морская свежесть 5 литров,0.0,0.765898727678874,0.9782608695652173,1.0,0.0,0.0,1.0,0.0,0.0,0.0,0.0,0.0,0.0
824633813557,377957143091,Красота и гигиена,"набор для маникюра, с маслом, 9 предметов, в картонной коробке, разноцветный","без бренда набор для маникюра «aqua», с маслом, 9 предметов, в картонной коробке, разноцветный",0.0,0.7656149829365497,0.9295774647887324,1.0,0.0,0.0,0.0,0.0,0.0,0.0,0.0,0.0,0.0
257698040491,755914244314,Детские товары,"кукла шарнирная охико (30 см), серия аниме by-1811d","max&jessi кукла шарнирная кику (30 см), серия аниме by-1811c",0.0,0.7651511402772492,0.8468468468468469,1.0,0.0,1.0,0.0,1.0,0.0,0.0,0.0,0.0,0.0
833223747619,498216325389,Бытовая химия,"lion / кондиционер для белья ""aroma"" (длительного действия ""aroma rich sarah"" / ""сара"" с богатым ароматом натуральных масел (аромат унисекс)) 520 мл",lion / кондиционер для белья aroma rich diana 520 мл,0.0,0.7643308116551503,0.8695652173913043,1.0,0.0,1.0,1.0,0.0,0.0,0.0,0.0,0.0,0.0
515396102730,274878022652,Бытовая химия,капсулы для стирки персил пауэр капс 4в1 колор 28шт,капсулы для стирки персил 28 шт пауэр капс колор 4 в1,0.0,0.763804750667187,0.9423076923076923,1.0,0.0,1.0,1.0,0.0,1.0,0.0,0.0,0.0,0.0
523986054010,575525629109,Продукты питания,"стильные штучки конфеты мусс капучино, 104г","стильные штучки / конфеты стильные штучки мусс капучино, 104г",0.0,0.7637077805739783,1.0,1.0,0.0,1.0,1.0,0.0,0.0,0.0,0.0,0.0,0.0
214748437768,335007456009,Детские товары,mh-reborn / одежда для кукол реборн 50-60 см,одежда для кукол реборн 50-60 см,0.0,0.7622995191926618,1.0,1.0,0.0,1.0,0.0,0.0,0.0,0.0,0.0,0.0,0.0
188978675441,188978593895,Детские товары,mh-reborn / одежда для кукол реборн 50-60 см,одежда для кукол реборн 50-60 см,0.0,0.7622995191926618,1.0,1.0,0.0,1.0,0.0,0.0,0.0,0.0,0.0,0.0,0.0
395137140969,687194828315,Товары для животных,"пушистое счастье ошейник для собак и кошек с фастексом «неон», 30 х 1 см","пушистое счастье, ошейник для собак и кошек с фастексом ""неон"" , 30 х 1 см, цвет микс",0.0,0.7620982400304738,0.89171974522293,1.0,0.0,1.0,1.0,0.0,0.0,0.0,0.0,0.0,1.0
738734495167,128849165122,Хобби и творчество,"настольная игра омзэт ""хоккеймиг"" (девочки)",омзэт / игра хоккеймиг-о,0.0,0.760638725175424,0.6268656716417911,0.0,0.0,0.0,0.0,0.0,0.0,0.0,0.0,0.0,0.0
8590012098,506806157011,Бытовая техника,водонагреватель газовый проточный siberia dream 14,водонагреватель газовый проточный siberia dream 14 i,0.0,0.7592608119350445,1.0,1.0,0.0,0.0,0.0,0.0,0.0,0.0,0.0,1.0,0.0
455266597639,412316935666,Красота и гигиена,зубная паста lacalut white 75 мл,"зубная паста lacalut white&repair, 75мл",0.0,0.7592552284903107,0.8169014084507044,1.0,0.0,1.0,0.0,1.0,0.0,0.0,0.0,0.0,0.0
455266534459,420906851344,Детские товары,lego / конструктор железный человек: схватка с железным торговцем,конструктор lego super heroes железный человек: схватка с железным торговцем,0.0,0.7582681263462864,0.984375,0.0,0.0,0.0,0.0,0.0,0.0,0.0,1.0,0.0,0.0
506806268280,300647734443,Детские товары,комплект одежды и обуви для кукол paola reina 32 см,"не определен комплект одежды и обуви для кукол paola reina 32 см, сиреневый, розовый",0.0,0.7575907481137342,0.9696969696969697,1.0,0.0,1.0,1.0,0.0,0.0,0.0,0.0,0.0,1.0
841813683867,420906814533,Аптека,farsi очки для зрения женские с диоптриями +1.5,очки для зрения женские с диоптриями +1.5,0.0,0.7574962001807423,1.0,1.0,0.0,0.0,1.0,0.0,1.0,0.0,0.0,0.0,1.0
257698053127,206158471870,Красота и гигиена,"не определен набор баночек стеклянных для крема, 3 шт","набор баночек стеклянных для крема, 3 шт",0.0,0.7573228478737639,1.0,1.0,0.0,1.0,1.0,0.0,0.0,0.0,0.0,1.0,0.0
77309450925,111669242249,Хобби и творчество,не определен детский развивающий набор 2 в 1 «геометрические фигуры»,"развивающий набор ""геометрические фигуры""",0.0,0.7566623425548228,0.7155963302752294,0.0,0.0,0.0,0.0,0.0,1.0,0.0,0.0,0.0,0.0
188978658156,489626312135,Продукты питания,"без бренда посыпка кондитерская с глиттером блеск: золотой, фиолетовый, фуксия, 50 г","посыпка кондитерская с глиттером блеск золотой, фиолетовый, 50 г",0.0,0.7559705516894365,0.9508196721311475,1.0,0.0,1.0,0.0,0.0,1.0,0.0,0.0,0.0,0.0
352187344345,429496770305,Хобби и творчество,"не определен органайзер для канцтоваров ""котик""","органайзер для канцтоваров ""котик""",0.0,0.7558416602127863,1.0,0.0,0.0,0.0,0.0,0.0,0.0,0.0,0.0,0.0,0.0
197568526999,137439048566,Канцелярские товары,"рюкзак на молнии, 3 наружных кармана, цвет чёрный","без бренда рюкзак на молнии, 3 наружных кармана, цвет чёрный",0.0,0.7557037259564457,1.0,1.0,0.0,0.0,0.0,0.0,0.0,0.0,0.0,0.0,0.0
523986022142,386547189502,Хобби и творчество,"пазл ""вечерний пейзаж"" фигурные светящиеся детали / 9112942",puzzle пазл «вечерний пейзаж» фигурные светящиеся детали,0.0,0.7555568836339359,0.8173913043478261,0.0,0.0,0.0,0.0,0.0,0.0,0.0,0.0,0.0,0.0
34359745203,463856558400,Музыкальные инструменты,emily piano d-22 wh - цифровое фортепиано с наушниками behringer hc 200 в комплекте,emily piano / emily piano d-22 wh цифровое фортепиано,0.0,0.7554284962991429,0.975,0.5,1.0,0.0,0.0,0.0,0.0,0.0,0.0,0.0,0.0
721554626888,584115655306,Бытовая химия,"санэлит средство для сантехники wc плюс green, 750 мл","санэлит / средство для сантехники, 750 мл",0.0,0.7553400362427916,0.8297872340425532,1.0,0.0,1.0,1.0,0.0,0.0,0.0,0.0,0.0,0.0
34359768130,77309429519,Галантерея и аксессуары,sergio belotti / портмоне 3 в 1 с обложкой для автодокументов и паспорта,портмоне 3 в 1 с обложкой для автодокументов и паспорта натуральная кожа sergio belotti,0.0,0.753401315032989,0.9859154929577465,1.0,0.0,0.0,0.0,0.0,0.0,0.0,0.0,1.0,0.0
412316963825,807453860500,Канцелярские товары,milotto декупажная карта а4 рисовая бумага для декупажа,декупажная карта а4 рисовая бумага для декупажа,0.0,0.7533174756785036,1.0,1.0,0.0,0.0,1.0,0.0,0.0,0.0,0.0,0.0,0.0
472446544791,352187384326,Товары для животных,"без бренда растение искусственное аквариумное, светящееся, 15 см, зелёное","растение искусственное аквариумное, 15 см, зелёное",0.0,0.7531552101058319,1.0,1.0,0.0,1.0,0.0,0.0,0.0,0.0,0.0,1.0,0.0
730144551954,188978645627,Канцелярские товары,"рюкзак, отдел на молнии, наружный карман, 2 боковых кармана, цвет жёлтый","без бренда рюкзак, отдел на молнии, наружный карман, 2 боковых кармана, цвет жёлтый",0.0,0.7526387101782609,1.0,1.0,0.0,0.0,0.0,0.0,0.0,0.0,0.0,0.0,0.0
764504216536,687194811817,Бытовая техника,чайник электрический viconte vc-3295 черный 2л нержавейка,viconte / чайник vc-3295,0.0,0.7524927504431295,0.9565217391304348,0.5,1.0,1.0,0.0,0.0,0.0,0.0,0.0,0.0,1.0
180388686566,816043906666,Хобби и творчество,"набор учёного ""телескоп и микроскоп"", 3-х кратное увеличение, световые эффекты, работает от батареек","эврики набор учёного «телескоп+микроскоп», 3-х кратное увеличение, световые эффекты, работает от батареек",0.0,0.751880006737189,0.926829268292683,1.0,0.0,0.0,0.0,0.0,0.0,0.0,0.0,0.0,0.0
661425066401,438086746059,Канцелярские товары,"корректор-карандаш 7 мл, металлический наконечник, на основе растворителя, блистер, европодвес","не определен корректор-карандаш 7 мл, металлический наконечник, на основе растворителя, блистер, европодвес",0.0,0.7518268724038185,1.0,1.0,0.0,1.0,0.0,0.0,1.0,0.0,0.0,0.0,0.0
635655239062,206158477134,Канцелярские товары,"пенал мягкий, 1 отделение, плоский, 105 х 195 мм, пм1о-26, calligrata","не определен пенал мягкий, 1 отделение, плоский, 105 х 195 мм, пм1о-26, calligrata",0.0,0.7517474569126815,1.0,1.0,0.0,1.0,1.0,0.0,0.0,0.0,0.0,0.0,0.0
292057819223,764504302443,Канцелярские товары,"рюкзак школьный из текстиля на молнии, 3 кармана, пенал, цвет голубой","не определен рюкзак школьный из текстиля на молнии, 3 кармана, пенал, цвет голубой",0.0,0.7517474569126815,1.0,1.0,0.0,0.0,0.0,0.0,0.0,0.0,0.0,0.0,0.0
188978693060,652835051841,Музыкальные инструменты,цифровое пианино roland hp704,цифровое пианино roland hp704 wh (белый),0.0,0.7513248553709619,1.0,1.0,0.0,0.0,0.0,0.0,0.0,0.0,0.0,0.0,1.0
446676646185,798864055926,Хобби и творчество,"молния металлическая, разъёмная 1 замок, на атласной тесьме, 4 мм, 65 см, цвет черный, 1 шт","riri молния металлическая разъёмная, 1 замок, на атласной тесьме, 4 мм, 65 см, цвет красный, 1 шт",0.0,0.7512202799872839,0.8804347826086957,1.0,0.0,1.0,0.0,0.0,0.0,0.0,0.0,0.0,0.0
103079241280,584115575250,Музыкальные инструменты,hohner / губная гармоника диатоническая hohner pro harp 562/20 ms db / тональность: db,hohner pro harp 562/20 ms b губная гармоника диатоническая,0.0,0.7511467781293715,0.9824561403508772,1.0,0.0,0.0,0.0,0.0,0.0,0.0,0.0,0.0,0.0
498216263159,644245141160,Хобби и творчество,alias1 / настольная игра alias скажи иначе,alias/игра настольная alias - скажи иначе,0.0,0.7502090389463796,0.9397590361445783,0.0,0.0,0.0,0.0,0.0,0.0,0.0,0.0,0.0,1.0
180388691779,670014955983,Канцелярские товары,"рюкзак на молнии, 3 наружных кармана, цвет синий","без бренда рюкзак на молнии, 3 наружных кармана, цвет синий",0.0,0.7500719153756918,1.0,1.0,0.0,0.0,0.0,0.0,0.0,0.0,0.0,0.0,0.0
77309546397,188978620892,Хобби и творчество,школа талантов аппликация фольгой «крутая тачка»,5 шт. аппликация фольгой крутая тачка,0.0,0.7492121542086747,0.7764705882352942,0.0,0.0,0.0,0.0,0.0,0.0,0.0,0.0,0.0,0.0
214748421335,163208764521,Детские товары,игрушечная техника junfa утюг-мини серия мой дом со световыми эффектами,junfa / игрушечная техника junfa тостер-мини серия мой дом со световыми эффектами,0.0,0.7491147246938007,0.9315068493150684,0.0,0.0,0.0,0.0,0.0,0.0,0.0,0.0,0.0,0.0
274877923188,309237684003,Бытовая химия,"avgust кукарача гель средство от тараканов, чешуйниц, мокриц, 30 мл","/ средство от тараканов, чешуйниц и мокриц кукарача гель 30мл",0.0,0.7487614261445636,0.890625,1.0,0.0,1.0,1.0,0.0,0.0,0.0,0.0,0.0,0.0
231928375640,17179988911,Галантерея и аксессуары,"брелки на ключи, на рюкзак, набор 12шт","брелок / брелки на ключи, на рюкзак, набор 12шт",0.0,0.7486518563042374,1.0,1.0,0.0,1.0,1.0,0.0,0.0,0.0,0.0,0.0,1.0
678604979944,146028979417,Детские товары,"робот динобот, реагирует на прикосновение, световые и звуковые эффекты","iq bot робот «динобот», реагирует на прикосновение, световые и звуковые эффекты, металлический, цвет оранжевый",0.0,0.7484437817027283,0.8617886178861789,0.0,0.0,0.0,0.0,0.0,0.0,0.0,0.0,0.0,0.0
644245115761,197568496507,Красота и гигиена,"электрическая зубная щетка, с 4 насадками",brandno / электрическая зубная щетка с 4 насадками,0.0,0.7484367285411668,0.9066666666666667,1.0,0.0,0.0,0.0,0.0,0.0,0.0,0.0,1.0,0.0
94489354951,773094158253,Бытовая химия,средство для стекол и зеркал luscan 500 мл (с нашатырным спиртом),средство для стекол и зеркал luscan 500мл триггер,0.0,0.7475203949018828,0.8333333333333333,1.0,0.0,1.0,1.0,0.0,0.0,0.0,0.0,0.0,0.0
25769969289,395137028437,Детские товары,коляска для кукол трансформер buggy boom ярко-розовая,коляска для кукол трансформер buggy boom с люлькой светло-розовая,0.0,0.7468554698029943,0.864406779661017,0.0,0.0,0.0,0.0,0.0,0.0,0.0,0.0,0.0,0.0
566935806639,42949818553,Продукты питания,чай basilur восточная коллекция золотой месяц черный 100х2г,чай черный basilur восточная коллекция золотой месяц 100*2г 2уп,0.0,0.7467370551006596,0.9508196721311475,1.0,0.0,1.0,1.0,1.0,0.0,0.0,0.0,0.0,0.0
12877,180388685383,Товары для животных,деревенские лакомства / палочки куриные для мини-пород 55гр,палочки куриные для мини-пород 55гр,0.0,0.7466512585727638,1.0,1.0,0.0,1.0,1.0,0.0,0.0,0.0,0.0,0.0,0.0
197568506367,618475390812,Бытовая техника,"ariston водонагреватель накопительный водонагреватель накопительный электрический ariston blu1 eco abs pw 80 v slim, 80 л, белый",водонагреватель накопительный ariston abs blu1 r 80 v 80 л белый,0.0,0.7465947629418318,0.9661016949152542,1.0,0.0,1.0,0.0,1.0,0.0,0.0,1.0,1.0,0.0
137439057954,120259098769,Строительство и ремонт,carver / генератор ppg- 2500а 2.3квт,генератор carver ppg- 2500 2.3квт,0.0,0.7463171046687405,0.9565217391304348,1.0,0.0,0.0,0.0,0.0,0.0,0.0,0.0,0.0,1.0
42949794852,481036375601,Хобби и творчество,не определен подарочный набор для творчества .,подарочный набор для творчества .,0.0,0.746253723167843,1.0,0.0,0.0,0.0,0.0,1.0,0.0,0.0,0.0,0.0,0.0
627065376710,68719569492,Спорт и отдых,"не определен фляжка для алкоголя и воды из нержавеющей стали, подарочная, армейская, 240 мл, 8 oz","фляжка для алкоголя и воды из нержавеющей стали, подарочная, армейская, 240 мл, 8 oz",0.0,0.7458912681933011,1.0,1.0,0.0,1.0,1.0,0.0,0.0,0.0,0.0,0.0,0.0
137439009956,300647775680,Бытовая химия,набор гель-концентрат для пола domestos чистота и блеск горная свежесть 1 л + лимон и мята,"domestos гель-концентрат для пола чистота и блеск горная свежесть, 1 л/",0.0,0.7458189499645165,0.8992248062015504,1.0,0.0,1.0,0.0,1.0,0.0,0.0,0.0,0.0,0.0
231928269283,326417663113,Строительство и ремонт,газовая тепловая пушка ballu bhg-30l,ballu / пушка тепловая газовая bhg-30ls,0.0,0.7454054181265806,0.96,1.0,0.0,0.0,1.0,0.0,0.0,0.0,0.0,0.0,0.0
438086770036,661425102306,Детские товары,"набор бисероплетения ""волшебные бусины""",noname набор для бисероплетения «волшебные бусины»,0.0,0.7447710184105032,0.8314606741573033,0.0,0.0,0.0,0.0,0.0,0.0,0.0,0.0,0.0,0.0
644245116496,146029018414,Детские товары,"unkai / музыкальная гитара весёлые зверята, игрушечная, звук, цвет жёлтый","музыкальная гитара ""веселые зверята"", звук, цвет желтый",0.0,0.7447650949875882,0.828125,0.0,0.0,0.0,0.0,0.0,0.0,0.0,0.0,0.0,0.0
635655255460,687194813812,Детские товары,"сумка детская на магните, цвет красный","nobrand сумка детская на магните, длинный ремень, цвет красный",0.0,0.7446598311427575,1.0,0.0,0.0,0.0,0.0,0.0,1.0,0.0,0.0,0.0,0.0
601295552392,463856479118,Хобби и творчество,"не определен алмазная мозаика на раме с полным заполнением прекрасные цветы, 20х30 см","алмазная мозаика на раме с полным заполнением прекрасные цветы , 20x30 см",0.0,0.7446212847643497,0.8939393939393939,1.0,0.0,1.0,0.0,0.0,1.0,0.0,0.0,0.0,0.0
51539684970,712964720528,Детские товары,"растяжка - спираль мягкая с погремушкой на кроватку/коляску маленькая прнцесса, крошка я",крошка я / растяжка - спираль мягкая с погремушкой на кроватку/коляску,0.0,0.744183479666244,0.9855072463768115,0.0,0.0,0.0,0.0,0.0,0.0,0.0,0.0,0.0,0.0
807453929786,326417526767,Детские товары,budi basa / игрушка мягкая брелок кот басик с бантиком 12 см abb-005,мягкая игрушка budi basa кот басик 12 см,0.0,0.7434444353924866,1.0,0.5,1.0,1.0,1.0,0.0,0.0,0.0,0.0,0.0,0.0
85899421687,137439079216,Хобби и творчество,"artifact / пластика - полимерная глина, 56 г, ""классический""","artifact, пластика - полимерная глина, 56 грамм, классический, телесный средний",0.0,0.7430272506945104,0.6813186813186813,1.0,0.0,0.0,0.0,0.0,0.0,0.0,0.0,0.0,1.0
163208899992,661425112997,Канцелярские товары,"сима-ленд рюкзак школьный из текстиля на молнии, 3 кармана, красный","рюкзак школьный из текстиля на молнии, 3 кармана, красный",0.0,0.7428778556662313,1.0,1.0,0.0,0.0,0.0,0.0,0.0,0.0,0.0,0.0,1.0
326417652081,618475385158,Хобби и творчество,игра четыре в ряд,лас играс настольная игра «четыре в ряд»,0.0,0.7427631879309549,0.5217391304347826,0.0,0.0,0.0,0.0,0.0,0.0,0.0,0.0,0.0,0.0
446676692961,721554638396,Бытовая химия,дэта / аэрозоль от комаров и мошек 100 мл,"аэрозоль от комаров, мошек и клещей дэта, 100 мл",0.0,0.7427325782879175,0.8764044943820224,1.0,0.0,1.0,1.0,0.0,0.0,0.0,0.0,0.0,0.0
558345888487,309237651060,Электроника,"коврик для мыши игровой (60*30см., 2мм.)","growal / коврик для мыши игровой (60*30см., 2мм.)",0.0,0.7425206287989069,1.0,1.0,0.0,1.0,1.0,0.0,0.0,0.0,0.0,0.0,0.0
343597487457,850403646998,Бытовая химия,"чистящее средство для унитаза дезинфицирующее harpic power plus original, 700мл / универсальный гель для чистки туалета и сантехники",средство для сантехники harpic power plus 700 мл,0.0,0.7421398540382895,0.9213483146067416,1.0,0.0,1.0,1.0,0.0,0.0,0.0,0.0,0.0,0.0
601295468936,730144466563,Канцелярские товары,"альбом для рисования 48л., а4, на гребне мульти-пульти приключения енота, с раскраской","альбом для рисования 48 листов, а4, на гребне мульти-пульти ""приключения енота"", с раскраской, 2 шт",0.0,0.7417118726618509,0.8,0.6666666666666666,1.0,0.0,1.0,1.0,0.0,0.0,0.0,0.0,0.0
764504340802,661424984462,Хобби и творчество,"не определен набор для творчества ""новогодний шар "", холодное сердце","набор для творчества ""новогодний шар с раскраской"", холодное сердце",0.0,0.7404448939026262,0.8739495798319328,0.0,0.0,0.0,0.0,0.0,1.0,0.0,0.0,0.0,0.0
34359847717,34359874808,Бытовая химия,"grass / средство для пола arena с полирующим эффектом, 1 л","средство с полирующим эффектом для пола ""arena"" 1 л",0.0,0.7402857828894095,0.8990825688073394,1.0,0.0,1.0,1.0,0.0,0.0,0.0,0.0,0.0,0.0
687194806552,171798825332,Товары для животных,деревенские лакомства / лакомства для собак мясные колбаски из ягненка 45гр,деревенские лакомства 45г колбаски мясные из ягненка для кошек,0.0,0.7393547738835846,0.9291338582677166,1.0,0.0,1.0,1.0,0.0,0.0,0.0,0.0,0.0,0.0
506806286538,360777327087,Электроника,шлейф для iphone 7 на системный разъем/микрофон белый,akfis / шлейф для iphone 7 plus на системный разъем/микрофон белый,0.0,0.7393254914268557,1.0,1.0,0.0,0.0,0.0,0.0,0.0,0.0,0.0,0.0,0.0
111669288139,790274141548,Детские товары,"iq bot робот «динобот», реагирует на прикосновение, световые и звуковые эффекты, металлический, цвет оранжевый","робот динобот, реагирует на прикосновение, световые и звуковые эффекты, металлический, цвет зелёный",0.0,0.7383326902559681,0.9090909090909091,0.0,0.0,0.0,0.0,0.0,0.0,0.0,0.0,0.0,0.0
146028911393,747324339591,Хобби и творчество,набор для создания поддона из гипса с красками шестиугольник,не определен набор для создания поддона из гипса с сухоцветами «шестиугольник»,0.0,0.7379139891141479,0.7628865979381443,0.0,0.0,0.0,0.0,0.0,0.0,0.0,0.0,0.0,0.0
644245133202,369367264772,Бытовая химия,domestos power 5 duo блок для очищения унитаза ледяная магнолия,domestos / блок для очищения унитаза domestos power 5 trio ледяная маг,0.0,0.7378223303672543,0.903225806451613,1.0,0.0,0.0,0.0,0.0,0.0,0.0,0.0,0.0,0.0
807453867394,360777305637,Хобби и творчество,без бренда термонаклейка на одежду/термопринт techstyle/dtf наклейка для одежды,термобирка на одежду/наклейка для маркировки techstyle/dtf наклейка для одежды,0.0,0.7363955678723552,0.7189542483660131,0.0,0.0,0.0,0.0,0.0,0.0,0.0,0.0,0.0,1.0
100611,300647737329,Канцелярские товары,"без бренда набор настольный 6в1 с визитницей и часами, красное дерево","набор настольный 6в1 с визитницей и часами, красное дерево",0.0,0.736307344076634,1.0,1.0,0.0,0.0,0.0,0.0,0.0,0.0,0.0,0.0,0.0
627065287243,51539695570,Хобби и творчество,/ алмазная мозаика 30х40 на подрамнике цветы природ животные,алмазная мозаика 30х40cm на подрамнике цветы природ животные,0.0,0.7358093139864028,0.9666666666666667,1.0,0.0,1.0,1.0,0.0,0.0,0.0,0.0,0.0,1.0
833223797502,644245108520,Хобби и творчество,"кольцо-карабин плоский, d 20/28 мм, толщина - 4 мм, 5 шт, цвет золотой",starpony швейная фурнитура / кольцо-карабин,0.0,0.735787745547316,0.4912280701754386,0.0,0.0,1.0,1.0,0.0,0.0,0.0,0.0,0.0,0.0
489626373707,678604984310,Детские товары,"конструктор-мини ""оружие. ак-47"", 808 деталей","вершинатехно / игровое оружие ""мини-ак-47"": детский автомат",0.0,0.7354293821929802,0.34615384615384615,0.5,1.0,0.0,0.0,0.0,0.0,0.0,0.0,0.0,0.0
489626422843,60129604811,Канцелярские товары,"не определен рюкзак школьный из текстиля на молнии, 3 кармана, цвет чёрный","рюкзак школьный из текстиля на молнии, 3 кармана, цвет чёрный",0.0,0.7353956264063265,1.0,1.0,0.0,0.0,0.0,0.0,0.0,0.0,0.0,0.0,0.0
51539738546,833223822383,Красота и гигиена,"пилка-наждак ""классика"", на деревянной основе, абразивность 180, 20 шт, цвет серый","пилка-наждак классика, на деревянной основе, абразивность",0.0,0.7351977964852274,0.9038461538461539,0.0,0.0,0.0,0.0,0.0,0.0,0.0,0.0,0.0,0.0
103079348701,386547099728,Детские товары,"без бренда кукла-манекен для создания причёсок «стилист» с аксессуарами, микс","кукла-манекен для создания причёсок стилист с аксессуарами,",0.0,0.7346916514408314,0.9272727272727274,0.0,0.0,0.0,0.0,0.0,0.0,0.0,0.0,0.0,0.0
721554537301,730144446434,Детские товары,мягкая игрушка budi basa кот басик baby в стеганой курточке 20 см,budi basa / мягкая игрушка кот басик baby 20 см,0.0,0.7345755995993004,0.9782608695652173,1.0,0.0,1.0,1.0,0.0,0.0,0.0,0.0,0.0,0.0
197568550625,292057891155,Товары для животных,корм сухой для рыб tetra cichlid colour mini 500мл,tetra / корм для рыбок cichlid colour 500мл,0.0,0.7344774788998074,0.8974358974358974,1.0,0.0,1.0,1.0,0.0,0.0,0.0,0.0,0.0,0.0
42949712278,618475432900,Продукты питания,чай зеленый хэйлис 100 грамм 2 штуки,hyleys чай зеленый хэйлис с жасмином 100 грамм 2 штуки,0.0,0.7344384007144134,1.0,1.0,0.0,0.0,0.0,1.0,0.0,0.0,0.0,0.0,0.0
730144448895,94489358909,Канцелярские товары,"бумага цветная односторонняя, а4 18 листов 10 цветов,, золото и серебро","disney бумага цветная односторонняя, а4 18 листов 10 цветов, золото и серебро, тачки",0.0,0.7342493621495696,0.903225806451613,1.0,0.0,0.0,1.0,0.0,0.0,0.0,0.0,0.0,1.0
335007518713,94489360636,Строительство и ремонт,21641t настольная лампа globo jeremy,globo lighting настольная лампа декоративная globo jeremy 21641t,0.0,0.7341863054647793,1.0,1.0,0.0,0.0,0.0,0.0,1.0,0.0,0.0,0.0,0.0
292057865882,463856568719,Бытовая химия,frosch / концентрированный ополаскиватель для белья миндальное молочк,"frosch концентрированный ополаскиватель для белья миндальное молочко, 1 л.",0.0,0.7338272376581391,0.951048951048951,0.0,0.0,0.0,1.0,0.0,0.0,0.0,0.0,0.0,0.0
188978681831,850403559611,Товары для животных,"пояс для кобелей многоразовый впитывающий osso fashion, р. xs(обхват талии 23-29*9см), голубой",многоразовый пояс для кобелей впитывающий osso xs 23-29х9 см,0.0,0.7335268023469682,0.8679245283018868,1.0,0.0,1.0,1.0,0.0,0.0,0.0,0.0,0.0,0.0
266288069529,128849088285,Детские товары,не определен конструктор обучающий «забавные пазлы»,"конструктор обучающий ""забавные пазлы""",0.0,0.7321404678374378,0.8089887640449439,0.0,0.0,0.0,0.0,0.0,0.0,0.0,0.0,0.0,0.0
790274065906,154618941448,Дом и сад,ковер комнатный 200х550 см на пол mirkovrov7,mirkovrov7 / ковер комнатный 200х550 см на пол,0.0,0.7320369163665883,1.0,1.0,0.0,1.0,1.0,0.0,0.0,0.0,0.0,0.0,1.0
8590057422,266288097928,Детские товары,планета конструкторов / конструктор technic техник ford raptor f-150 форд раптор ду,конструктор техник ford f-150 raptor форд раптор,0.0,0.7319543694788164,1.0,1.0,0.0,0.0,0.0,0.0,0.0,0.0,0.0,0.0,0.0
670014931353,498216302893,Канцелярские товары,"сима-ленд рюкзак молодёжный из текстиля на молнии, 5 карманов, цвет чёрный","рюкзак молодёжный из текстиля на молнии, 5 карманов, цвет чёрный",0.0,0.7317407637999334,1.0,1.0,0.0,0.0,0.0,0.0,0.0,0.0,0.0,0.0,1.0
223338313904,704374700108,Канцелярские товары,"ежедневник а5, 80 листов ""marvel"",  мстители","без бренда ежедневник а5, 80 листов ""marvel"", мстители",0.0,0.7311124598449111,1.0,1.0,0.0,0.0,0.0,0.0,0.0,0.0,0.0,0.0,0.0
146029038796,292057927811,Бытовая техника,электрическая варочная панель homsair hvc43dbk,встраиваемая электрическая варочная панель homsair hvy43dbk,0.0,0.7310888493007539,0.891566265060241,1.0,0.0,0.0,0.0,0.0,1.0,0.0,0.0,1.0,0.0
712964644720,412316938943,Бытовая химия,"натуральное мыло для стирки от пятен с энзимами и глицерином золушка, 90г * 1",золушка / натуральное мыло для стирки от пятен с энзимами и глицерином,0.0,0.7309027220326616,0.9387755102040817,0.0,0.0,0.0,0.0,0.0,0.0,0.0,0.0,0.0,0.0
644245128439,223338395577,Товары для животных,"karmy / kitten для беременных кошек индейка 0,4 кг","сухой корм karmy kitten для котят, беременных и кормящих кошек с индейкой (0,4 + 0,4 кг)",0.0,0.7306910414049435,0.8505747126436782,1.0,0.0,1.0,1.0,0.0,0.0,0.0,0.0,0.0,0.0
575525622128,111669204008,Дом и сад,"медаль юбилейная с лентой '80 лет. красная', d 70 мм","noname медаль юбилейная с лентой ""80 лет. красная"", d = 70 мм",0.0,0.7303746428949341,0.8849557522123894,1.0,0.0,1.0,0.0,0.0,0.0,0.0,0.0,0.0,1.0
266288121691,231928364715,Бытовая химия,glade / освежитель воздуха сменный баллон 269мл,"освежитель воздуха glade сменный баллон, 269мл подходит для любых автоматических распылителей",0.0,0.7303632161249359,0.8941176470588235,1.0,0.0,1.0,1.0,0.0,0.0,0.0,0.0,0.0,0.0
85899443461,240518246453,Музыкальные инструменты,f310 акустическая гитара / f310 акустическая гитара,yamaha f310 tbs акустическая гитара цвет - коричневый санберст (индия),0.0,0.7303113793199998,0.96,1.0,0.0,0.0,0.0,0.0,0.0,0.0,0.0,0.0,1.0
790274028846,266287983879,Канцелярские товары,"не определен рюкзак женский из искусственной кожи на молнии, 1 карман, цвет серый","рюкзак женский из искусственной кожи на молнии, 1 карман, цвет серый",0.0,0.7301301562952185,1.0,1.0,0.0,0.0,0.0,0.0,0.0,0.0,0.0,0.0,0.0
206158508184,240518176287,Канцелярские товары,"рюкзак, отдел на молнии, 2 наружных кармана, цвет розовый","без бренда рюкзак, отдел на молнии, 2 наружных кармана, цвет розовый",0.0,0.7301231252187207,1.0,1.0,0.0,0.0,0.0,0.0,0.0,0.0,0.0,0.0,0.0
764504286521,678604914925,Спорт и отдых,"балансир рыболовный murena 15гр., 5см","балансир рыболовный murena 15гр, 5см",0.0,0.7301218486556754,0.9863013698630136,1.0,0.0,1.0,1.0,0.0,0.0,0.0,0.0,0.0,1.0
738734405742,257698081885,Детские товары,не определен набор для бисероплетения «рукодельница»,"набор для бисероплетения ""рукодельница""",0.0,0.7298600896895651,0.8131868131868132,0.0,0.0,0.0,0.0,0.0,1.0,0.0,0.0,0.0,0.0
532576058158,171798729996,Бытовая химия,жидкость для биотуалета thetford aqua rinse,"жидкость для верхнего бака биотуалета thetford aqua kem rinse, 1 л.",0.0,0.7294215576038374,0.925,0.0,0.0,0.0,0.0,0.0,0.0,0.0,0.0,0.0,0.0
386547083156,584115589220,Красота и гигиена,kiko milano 3d hydra lipgloss увлажняющий блеск для губ,блеск для губ kiko milano 3d hydra lipgloss,0.0,0.728913843322522,1.0,1.0,0.0,0.0,0.0,0.0,0.0,0.0,0.0,0.0,0.0
240518230487,790274084392,Детские товары,"поильник с трубочкой, 240 мл, с ручками,","поильник с силиконовой трубочкой и ручками, 240 мл",0.0,0.7288681229610471,0.8181818181818181,1.0,0.0,1.0,1.0,0.0,0.0,0.0,0.0,0.0,0.0
8590055455,455266685800,Строительство и ремонт,машина полировальная зубр зпм-240,зубр / полировальная машинка зпм-240,0.0,0.7288288415534135,0.9565217391304348,1.0,0.0,0.0,0.0,0.0,0.0,1.0,0.0,1.0,0.0
292057903863,498216270201,Товары для животных,"сухой корм almo nature hfc adult sterilized salmon для взрослых кастрированных котов и стерилизованных кошек со свежим лососем (0,3 + 0,3 кг)","almo nature / для стерилизованных кошек со свежим лососем 0,3 кг",0.0,0.727886416177,0.959349593495935,1.0,0.0,1.0,1.0,0.0,0.0,0.0,0.0,0.0,0.0
747324344561,575525690181,Детские товары,budi basa / мягкая игрушка кошка ли-ли baby 20 см,мягкая игрушка budi basa кошка ли-ли baby в красном пиджачке 20 см,0.0,0.7275237669265371,0.9791666666666667,1.0,0.0,1.0,1.0,0.0,0.0,0.0,0.0,0.0,0.0
472446520412,335007453401,Бытовая химия,"lion / кондиционер для белья lion япония soflan aroma natural, луговые травы, 550 мл",lion soflan aroma natural кондиционер для белья 550мл,0.0,0.7271137690296757,0.8478260869565217,1.0,0.0,1.0,1.0,0.0,0.0,0.0,0.0,0.0,0.0
403727032884,60129676378,Электроника,"hp / вентилятор для ноутбука compaq 2710, 2730, 2710p, 2730p","вентилятор (кулер) для ноутбука hp compaq 2710, 2710p, 2730, 2730p",0.0,0.7267112865861104,0.9830508474576272,1.0,0.0,0.0,0.0,0.0,0.0,0.0,1.0,0.0,0.0
627065319124,670014967650,Канцелярские товары,"не определен пенал школьный на молнии, ткань, 1 секция, 13 х 19,5 см, космос","пенал школьный на молнии, ткань, 1 секция, 13 х 19,5 см, космос",0.0,0.7262525611585846,1.0,1.0,0.0,1.0,0.0,0.0,0.0,0.0,0.0,0.0,0.0
730144503289,42949686902,Товары для животных,"monge / adult cat сухой корм для взрослых кошек с лососем 1,5 кг","monge сухой корм для взрослых кошек с лососем, 1,5 кг",0.0,0.726238978125214,0.9072164948453608,1.0,0.0,1.0,1.0,0.0,0.0,0.0,0.0,0.0,0.0
506806177551,274878017276,Бытовая химия,"освежитель воздуха airwick pure freshmatic цветущая вишня , автоматический, 250 мл",airwick / airwick pure освежитель воздуха цветущая вишня 250 мл.,0.0,0.725901769778704,0.9433962264150944,1.0,0.0,1.0,0.0,0.0,0.0,0.0,0.0,0.0,0.0
17180010583,558345756271,Мебель,"нет бренда / стул для кухни со спинкой, 46х83х48 см","стул для кухни со спинкой, 46х83х48 см",0.0,0.725860867399764,1.0,1.0,0.0,1.0,1.0,0.0,0.0,0.0,0.0,0.0,1.0
257698112956,197568611823,Мебель,"стул для кухни со спинкой, 40х98х56 см","нет бренда / стул для кухни со спинкой, 40х98х56 см",0.0,0.725860867399764,1.0,1.0,0.0,1.0,1.0,0.0,0.0,0.0,0.0,0.0,1.0
747324315498,549755909310,Бытовая химия,pure water стиральный порошок для белого белья  800 г,pure water / стиральный порошок для детского белья 800 г,0.0,0.725764035726328,0.9278350515463917,1.0,0.0,1.0,1.0,0.0,0.0,0.0,0.0,0.0,0.0
25769896900,515396201391,Продукты питания,кофе молотый в растворимом egoiste very special 100 г,"кофе молотый в растворимом egoiste special, 100 г",0.0,0.7257067571529318,0.9411764705882354,1.0,0.0,1.0,1.0,0.0,0.0,0.0,0.0,0.0,0.0
446676684382,747324325959,Хобби и творчество,"с / трафарет ""узор"" 24х16 см","трафарет ""узор"" 24х16 см",0.0,0.7255999716215217,1.0,1.0,0.0,1.0,1.0,0.0,0.0,0.0,0.0,0.0,0.0
532576033746,541165934149,Галантерея и аксессуары,"не определен рюкзак молодёжный на молнии, 4 кармана, цвет чёрный/зелёный","рюкзак молодёжный на молнии, 4 кармана, цвет чёрный/зелёный",0.0,0.7254005802722203,1.0,1.0,0.0,0.0,0.0,0.0,0.0,0.0,0.0,0.0,0.0
171798838037,223338427313,Детские товары,"recom машина радиоуправляемая «пожарная охрана», работает от батареек","машинка на пульте управления пожарная машина со световыми эффектами, машина на радиоуправлении, радиоуправляемая, игрушечная, детская, игрушка, спецтехника, 1:48, 4 канала, движение вперед, назад, повороты",0.0,0.7253764927546827,0.37878787878787873,0.0,0.0,0.0,0.0,0.0,0.0,0.0,0.0,0.0,1.0
472446541257,292057929240,Детские товары,"конструктор dodge charger доминика торетто / ferrari mercedes lamborghini chevrolet city technic minifigures racing series nissan классик / конструирование для детей, подросткам, взрослым",конструктор машина / прототип dodge charger доминика торетто,0.0,0.7242918336821255,0.8461538461538461,0.0,0.0,0.0,1.0,0.0,0.0,0.0,0.0,0.0,1.0
51539667188,558345771703,Хобби и творчество,"алмазная мозаика школа талантов, на подрамнике с полным заполнением ""фламинго на море"", 20х30 см",школа талантов / алмазная мозаика с полным заполнением на подрамнике «фламинг,0.0,0.7240327735361137,0.8705882352941177,0.0,0.0,0.0,0.0,0.0,0.0,0.0,0.0,0.0,0.0
335007520617,197568607601,Канцелярские товары,"рюкзак молодёжный из текстиля на молнии, 3 кармана, цвет бежевый","не определен рюкзак молодёжный из текстиля на молнии, 3 кармана, цвет бежевый",0.0,0.723921817726013,1.0,1.0,0.0,0.0,0.0,0.0,0.0,0.0,0.0,0.0,0.0
721554617441,738734457670,Канцелярские товары,"рюкзак молодёжный из текстиля на молнии, 3 кармана, цвет зелёный","не определен рюкзак молодёжный из текстиля на молнии, 3 кармана, цвет зелёный",0.0,0.723921817726013,1.0,1.0,0.0,0.0,0.0,0.0,0.0,0.0,0.0,0.0,0.0
712964647180,154618922809,Хобби и творчество,the army painter акриловая краска army painter warpaints speedpaint: purple alchemy,акриловая краска army painter warpaints speedpaint: ruddy fur,0.0,0.7238998806676271,0.9107142857142857,0.0,0.0,0.0,0.0,0.0,0.0,0.0,0.0,0.0,1.0
532576085341,343597501238,Товары для животных,"эва ева eva коврик под лоток и миску, универсальный ковер придверный в прихожую, соты 67x50 см","cellmat эва ева eva коврик под миску и лоток, универсальный ковер придверный в прихожую, соты 67x50 см",0.0,0.7221753268658184,0.9489795918367346,1.0,0.0,1.0,1.0,0.0,0.0,0.0,0.0,0.0,1.0
730144447234,163208887070,Канцелярские товары,"луч акварель zoo, 24 цвета, без кисточки","акварель zoo, 24 цвета, без кисти",0.0,0.7216731753767923,0.904109589041096,1.0,0.0,0.0,0.0,0.0,0.0,0.0,0.0,0.0,0.0
566935794852,197568645298,Хобби и творчество,"эврики / набор для опытов «ужасная лампа», лава-лампа","эврики, набор для опытов ""лава-лампа""",0.0,0.7215730383772007,0.7555555555555555,0.0,0.0,0.0,0.0,0.0,0.0,0.0,0.0,0.0,0.0
721554648485,326417642534,Детские товары,"крошка я соска силиконовая, антиколик, широкое горло, от 6 мес, быстрый поток","соска силиконовая, широкое горло, от 6 мес., быстрый поток",0.0,0.7210272744970251,0.9454545454545454,1.0,0.0,0.0,0.0,0.0,0.0,0.0,0.0,0.0,0.0
154618843052,51539647261,Детские товары,"логопедическая игра ""круговые пазлы. звук ""ш"", 3 ","теропром логопедическая игра «круговые пазлы. звук «с», 3+",0.0,0.720995819515405,0.8113207547169812,1.0,0.0,0.0,0.0,0.0,0.0,0.0,0.0,0.0,0.0
317827660810,670014919981,Бытовая техника,кухонная вытяжка making oasis everywhere po-60w,"кухонная вытяжка oasis ""making оasis everywhere"" up-60c (f)",0.0,0.7206463023466114,0.7169811320754716,1.0,0.0,0.0,0.0,0.0,1.0,0.0,0.0,0.0,0.0
180388777647,25769906770,Товары для животных,сухой корм для кошек farmina курица с гранатом 300 г,корм сухой для кошек farmina nd лоу грэйн 300г курица с гранатом стерилизованных,0.0,0.7200847473903246,0.9387755102040817,1.0,0.0,1.0,0.0,0.0,0.0,0.0,0.0,0.0,0.0
386547121160,816043938101,Автотовары,ctr / тяга стабилизатора bmw e81/e87/e90 пер.подв.прав. (-clb1r),тяга стабилизатора bmw e81/e87/e90 пер.подв.прав.,0.0,0.7200257199719143,1.0,0.75,1.0,0.0,0.0,0.0,0.0,0.0,1.0,0.0,0.0
146469,687194924063,Детские товары,"не определен --- мягкая игрушка «зайка в сарафане», на подвеске","мягкая игрушка зайка в сарафане , на подвесе",0.0,0.7197051793276539,0.8037383177570093,0.0,0.0,0.0,0.0,0.0,0.0,0.0,0.0,0.0,1.0
146029003083,824633782875,Музыкальные инструменты,акустическая гитара rockdale aurora d5 gloss c sb,акустическая гитара дредноут rockdale aurora d5 sb gloss,0.0,0.7196952390397056,0.9791666666666667,1.0,0.0,0.0,0.0,0.0,0.0,0.0,0.0,0.0,0.0
257698120417,292057776519,Бытовая химия,"dr. beckmann порошок очиститель для стиральных машин гигиенический dr. beckmann, 250 мл, 250 г","очиститель для стиральных машин dr.beckmann, 250 мл",0.0,0.7196275633053505,0.813953488372093,1.0,0.0,1.0,1.0,1.0,0.0,0.0,0.0,0.0,0.0
498216287378,618475407590,Товары для животных,"фон для аквариума, 30 см, рулон 25 м","сима-ленд фон для аквариума, 30 см, рулон 25 м 7572436",0.0,0.7195516311697098,1.0,0.6666666666666666,1.0,1.0,1.0,0.0,0.0,0.0,0.0,1.0,0.0
128849076712,747324331740,Продукты питания,оливковое масло iberica extra virgin нерафинированное 500 мл,"масло оливковое maestro de oliva extra virgin нерафинированное, 500 мл",0.0,0.7193853547580082,0.8769230769230769,1.0,0.0,1.0,1.0,0.0,1.0,0.0,0.0,0.0,0.0
747324413682,104073,Хобби и творчество,"аквамозаика дед мороз с ангелом , украшения на ёлку (2 шт)","не определен аквамозаика «дед мороз с ангелом», украшения на елку, в пакете",0.0,0.7191262525090577,0.736842105263158,0.0,0.0,0.0,0.0,0.0,0.0,0.0,0.0,0.0,0.0
326417663527,34359864216,Галантерея и аксессуары,"резинки для волос bright fame /аксессуар для волос/ комплект широких резинок для волос 2 цвета хаки, шоколадный",bright fame комплект резинок для волос 2 шт.,0.0,0.7190313907294653,0.9523809523809524,1.0,0.0,0.0,1.0,0.0,0.0,0.0,0.0,0.0,0.0
68719522603,472446447316,Бытовая химия,освежитель воздуха мелодия ароматов сирень 285мл сибиар,сибиар освежитель воздуха мелодия ароматов хвойный 285 мл,0.0,0.7188544163566619,0.8928571428571429,1.0,0.0,1.0,1.0,0.0,0.0,0.0,0.0,0.0,0.0
738734489905,197568563493,Хобби и творчество,"knitpro / спицы круговые укороченные ""ginger""","спицы круговые ""ginger"" 7мм/60см knitpro 31075",0.0,0.7186608773747892,0.8157894736842105,0.0,0.0,0.0,0.0,0.0,0.0,0.0,0.0,0.0,0.0
137438973287,712964606168,Бытовая химия,"гель для стирки белья универсальный 5 литров тд яркий домик, аромат хлопка, гипоаллергенный и биоразлагаемый",гель для стирки,0.0,0.7185413755150402,1.0,0.0,0.0,0.0,1.0,0.0,0.0,0.0,0.0,0.0,0.0
506806203063,34359822346,Красота и гигиена,туалетная вода dolce&gabbana light blue 100 ml,dolce & gabbana / туалетная вода dolce&gabbana light blue 100 ml,0.0,0.7181516199018284,1.0,1.0,0.0,1.0,0.0,0.0,0.0,0.0,0.0,0.0,0.0
137439044648,197568496515,Канцелярские товары,colop / штамп стандартный pr. c20 3.57 медосмотр пройден в рамке,штамп стандартный pr. c20 3.57 со сл. медосмотр пройден  в рамке colop,0.0,0.717921404760983,0.9841269841269842,1.0,0.0,0.0,0.0,0.0,0.0,0.0,0.0,0.0,0.0
146028947879,807453927393,Дом и сад,"пакет ламинированный, 26 x 32 x 12 см","nobrand пакет ламинированный, 26 x 32 x 12 см (12 шт)",0.0,0.7178166523672492,1.0,1.0,0.0,1.0,1.0,0.0,1.0,0.0,1.0,0.0,0.0
163208886606,532575964051,Хобби и творчество,школа талантов набор для творчества «создай украшение»,"набор для творчества ""создай украшение""",0.0,0.7175756030192011,0.7956989247311828,0.0,0.0,0.0,0.0,0.0,0.0,0.0,0.0,0.0,0.0
661425012291,704374726705,Красота и гигиена,"collistar питательный крем для душа talasso, 250 мл","крем для душа collistar talasso, 250 мл",0.0,0.7175016675015636,1.0,1.0,0.0,1.0,1.0,0.0,0.0,0.0,0.0,0.0,0.0
798864038012,206158512859,Бытовая химия,набор дезинфицирующих средств для пола lysol лимон 850 мл. + свежесть океана 850 мл.,средство дезинфицирующее для пола lysol лимон 850 мл,0.0,0.7172934522928403,0.765625,1.0,0.0,1.0,1.0,1.0,0.0,0.0,0.0,0.0,0.0
532575995268,523986027078,Детские товары,"не определен силиконовая кукла реборн reborn dolls девочка бэби в красном платье 55 см, подарок для девочки","силиконовая кукла реборн (reborn dolls) девочка бэби, 55 см",0.0,0.7170888243530102,0.7446808510638298,1.0,0.0,1.0,0.0,0.0,0.0,0.0,0.0,0.0,0.0
755914364594,343597431542,Продукты питания,кешью жареный 500 гр,кешью жареный pv-foods 500 гр,0.0,0.7167940595859789,1.0,1.0,0.0,1.0,1.0,0.0,1.0,0.0,0.0,0.0,0.0
309237757951,412316878150,Строительство и ремонт,vincea душевая стойка desire vsfs-1d1tmb,душевая стойка vincea desire vsfs-1d1tbg,0.0,0.71652923602296,0.975,1.0,0.0,0.0,0.0,0.0,0.0,0.0,0.0,0.0,1.0
146029021549,25769964048,Канцелярские товары,"карандаши 18 цветов каляка-маляка, шестигранные","каляка-маляка карандаши 18 цветов «каляка-маляка», шестигранные",0.0,0.7161530506813225,0.8545454545454545,1.0,0.0,0.0,0.0,0.0,0.0,0.0,0.0,0.0,1.0
678604832833,171798818953,Хобби и творчество,unkai / фишки для игры в нарды. дерево,пуговицы кокосовые,0.0,0.7160042858023186,0.1785714285714286,0.0,0.0,0.0,0.0,0.0,0.0,0.0,0.0,0.0,0.0
489626390251,575525715695,Бытовая химия,средство для мытья пола чистин 1000 г сочный лимон,средство чистин сочный лимон универсальное для мытья полов 1000г,0.0,0.7158600702602409,0.8636363636363636,1.0,0.0,1.0,1.0,1.0,0.0,0.0,0.0,0.0,0.0
764504212642,446676638746,Бытовая химия,блок гигиенический для унитаза domestos сменный  атлантик 40 гр,блок domestos атлантик для унитаза 40 г,0.0,0.7152786680674088,0.9736842105263157,1.0,0.0,1.0,0.0,1.0,0.0,0.0,1.0,0.0,0.0
738734427287,755914376413,Музыкальные инструменты,укулеле сопрано flight ultra s-42 - underwater (с чехлом-рюкзаком в комплекте),flight / ultra s-42 - укулеле сопрано,0.0,0.7147602816339993,0.9722222222222223,1.0,0.0,0.0,0.0,0.0,0.0,0.0,0.0,0.0,0.0
738734403306,644245183270,Канцелярские товары,пенал школьный на молнии микс 2 отделения спорт,не определен пенал школьный на молнии микс 2 отделения спорт,0.0,0.7147386132426231,1.0,1.0,0.0,0.0,0.0,0.0,0.0,0.0,0.0,0.0,0.0
730144615974,283467880101,Строительство и ремонт,минимойка karcher k 3,karcher / минимойка karcher k 3 car 1600вт,0.0,0.7140821481812415,1.0,0.5,1.0,0.0,0.0,0.0,1.0,0.0,1.0,1.0,0.0
661424974309,609885435275,Детские товары,акимбо кит мягкая игрушка котенок 30 см.,мягкая игрушка котенок 30 см.,0.0,0.7129900308586958,1.0,1.0,0.0,1.0,1.0,0.0,0.0,0.0,0.0,0.0,0.0
566935742091,850403623301,Хобби и творчество,"школа талантов / набор для творчества «создай своё украшение», вкусняшки","декоративный элемент школа талантов набор для творчества ""создай своё украшение""",0.0,0.7129492736798466,0.7894736842105263,0.0,0.0,0.0,0.0,0.0,0.0,0.0,0.0,0.0,0.0
17179959515,627065290343,Хобби и творчество,чипборд мамины сокровища,craftstory / чипборд пустышка - украшение для маминых сокровищ,0.0,0.7122876766856483,0.5581395348837209,0.0,0.0,0.0,0.0,0.0,0.0,0.0,0.0,0.0,0.0
369367233782,352187322560,Музыкальные инструменты,alhambra / 797 1c ht 7/8 классическая гитара 7/8,"1c ht 7/8 классическая гитара 7/8, alhambra 797",0.0,0.7121823284997614,0.9767441860465117,1.0,0.0,0.0,0.0,0.0,0.0,0.0,0.0,0.0,1.0
266288095296,850403622297,Детские товары,"набор мебели для кукол ""гостиная""","папасделал / набор мебели для кукол ""гостиная""",0.0,0.7119459056261674,1.0,0.0,0.0,0.0,0.0,0.0,0.0,0.0,0.0,0.0,0.0
39719,566935724059,Товары для животных,monge / monge cat sterilised сухой корм с уткой для стер. кошек 10кг,"сухой корм monge pfb cat monoprotein sterilised для стерилизованных кошек, с уткой 10 кг",0.0,0.7111557945786146,0.819047619047619,1.0,0.0,1.0,1.0,0.0,0.0,0.0,0.0,0.0,0.0
798864020105,17180037910,Бытовая химия,"kao / средство для мытья посуды ""cucute"" (без аромата) 300 мл","kao / средство для мытья посуды ""cucute"" (с ароматом апельсина / пена-спрей для мытья без губки) 300 мл",0.0,0.7110312404507942,0.8703703703703703,1.0,0.0,1.0,1.0,0.0,0.0,0.0,0.0,0.0,0.0
824633849655,704374770646,Детские товары,"без бренда одежда для пупса «мой малыш» боди, шапочка, носочки","одежда для пупса малыш боди, шапочка",0.0,0.7108422818047406,0.7586206896551724,0.0,0.0,0.0,0.0,0.0,0.0,0.0,0.0,0.0,0.0
438086809025,120259188425,Хобби и творчество,не определен подарочный набор для творчества . роспись . от 3 лет,подарочный набор для творчества .роспись .от 3 лет,0.0,0.7101278263322165,0.8672566371681415,1.0,0.0,0.0,0.0,1.0,0.0,0.0,0.0,0.0,0.0
824633823549,34359862470,Детские товары,"пупс функциональный ""мой малыш"" с аксессуарами, пьёт, писает","не определен пупс функциональный «мой малыш» с аксессуарами, пьёт, писает",0.0,0.7099745908403691,0.8888888888888888,0.0,0.0,0.0,0.0,0.0,0.0,0.0,0.0,0.0,0.0
188978662301,51539712182,Хобби и творчество,/ головоломки,"головоломка игры разума ""умные гвозди""16, 1 шт.",0.0,0.7098654686664808,0.4,0.0,0.0,0.0,0.0,0.0,0.0,0.0,0.0,0.0,0.0
661425111275,377957136501,Галантерея и аксессуары,"косметичка, 2 отдела на молниях, цвет чёрный","зфтс / косметичка, 2 отдела на молниях, цвет чёрный",0.0,0.7095529802459469,1.0,1.0,0.0,0.0,0.0,0.0,0.0,0.0,0.0,0.0,0.0
463856518644,8589997589,Одежда,"флисовый костюм мужской хсн discovery i-380 48 - 50 / 176, махагон-чёрный, для рыбалки, спортивный, для охоты, тактический, на молнии",хсн / костюм флисовый discovery i-380,0.0,0.708964711987652,1.0,0.25,1.0,0.0,1.0,0.0,0.0,0.0,0.0,0.0,1.0
352187388537,154618966483,Продукты питания,etol ароматизатор кизил на 10 л,ароматизатор киви на 10 л,0.0,0.7084509472696673,0.8888888888888888,1.0,0.0,1.0,1.0,0.0,1.0,0.0,0.0,0.0,0.0
377957224931,420906846635,Детские товары,"набор детской посуды из бамбука """", 5 предметов: тарелка, миска, стакан","крошка я набор детской посуды «коровка» из бамбука, 5 предметов: тарелка, миска, стакан, столовые приборы",0.0,0.7083909177679452,0.8455284552845528,1.0,0.0,0.0,0.0,0.0,0.0,0.0,0.0,0.0,1.0
463856470086,206158545827,Товары для животных,"не определен фон для аквариума, 50 см, рулон 25 м","фон для аквариума, 50 см, рулон 25 м",0.0,0.7082788776546598,1.0,1.0,0.0,1.0,1.0,0.0,0.0,0.0,0.0,0.0,0.0
721554623159,618475418824,Товары для животных,"не определен фон для аквариума, 30 см, рулон 25 м","фон для аквариума, 30 см, рулон 25 м",0.0,0.7082788776546598,1.0,1.0,0.0,1.0,0.0,0.0,1.0,0.0,0.0,0.0,0.0
223338326820,446676727894,Бытовая химия,"антипятин порошок-пятновыводитель с активным кислородом, 300г",антипятин / порошок-пятновыводитель с активным кислородом,0.0,0.7081184922394247,0.9491525423728814,0.0,0.0,0.0,1.0,0.0,0.0,0.0,0.0,0.0,0.0
609885456165,309237798540,Хобби и творчество,артсимвол / брелоки,"брелок 4 ""дракон успеха"", мед. сталь",0.0,0.7074098998580275,0.3272727272727273,0.0,0.0,0.0,0.0,0.0,0.0,0.0,0.0,0.0,0.0
180388637632,309237742802,Бытовая химия,"lion средство для мытья посуды, овощей и фруктов chamgreen свежий шпинат с помпой-дозатором, 965мл","lion / средство для мытья посуды ""chamgreen"", 965 мл.",0.0,0.7070588245147007,0.6052631578947368,1.0,0.0,1.0,1.0,0.0,0.0,0.0,0.0,0.0,0.0
592705569232,395137022096,Хобби и творчество,"моя печать / сургучная печать с гравировкой ""love: сердечко"", 30мм","сургучная печать с гравировкой ""love""",0.0,0.7066329773907966,0.8955223880597015,0.0,0.0,0.0,0.0,0.0,0.0,0.0,0.0,0.0,0.0
51539668891,369367278775,Детские товары,"маракас однотонный, набор 2 шт., цвет жёлтый","маракас однотонный, набор 2 шт., цвет салатовый",0.0,0.7066303693956905,0.923076923076923,1.0,0.0,1.0,1.0,0.0,0.0,0.0,0.0,0.0,1.0
377957223614,154618877575,Хобби и творчество,"нескучные игры слайм плюх zorro, перламутровый с шариками, капсула 130 гр, жёлтый","слайм плюх zorro, перламутровый, капсула 130 гр., жёлтый",0.0,0.7064924536296957,0.8029197080291971,1.0,0.0,1.0,1.0,0.0,0.0,0.0,0.0,0.0,0.0
678604843103,455266674169,Хобби и творчество,"не определен молд силикон ""ангелочек"" 2,8х1,9 см микс","молд силикон ""ангелочек"" 2,8х1,9 см",0.0,0.7064907024410458,1.0,1.0,0.0,1.0,1.0,0.0,0.0,0.0,0.0,0.0,0.0
764504353587,352187382491,Бытовая химия,"resmat ""жидкая кожа"", коричневый, 20 мл","средство для мебели resmat ""жидкая кожа"", светло-коричневый, 20 мл",0.0,0.7062995223699583,0.8181818181818181,1.0,0.0,1.0,1.0,1.0,0.0,0.0,0.0,0.0,0.0
627065225811,678604978231,Товары для животных,"адресник под гравировку ""йоркширский терьер"", 3 см",адресник пушистое счастье под гравировку и подвес акрил «йоркширский терьер» 3х3 см,0.0,0.7061845508396264,0.6917293233082706,1.0,0.0,1.0,0.0,0.0,0.0,0.0,0.0,0.0,0.0
403726960374,360777399181,Хобби и творчество,без бренда вышивка на канве «анютины глазки». набор для творчества,вышивка лентами на канве анютины глазки. набор для творчества,0.0,0.7059598006038218,0.8346456692913387,0.0,0.0,0.0,0.0,0.0,0.0,0.0,0.0,0.0,0.0
506806189986,163208763394,Музыкальные инструменты,"акустическая гитара, с чехлом, cort","акустическая гитара, с чехлом, cort pure-d-ns-wbag",0.0,0.7050494032802362,1.0,0.0,0.0,0.0,0.0,0.0,0.0,0.0,0.0,1.0,0.0
472446529448,807453921741,Бытовая химия,grass / средство для мытья пола arena 1+1,чистящее средство для мытья пола grass / грасс arena с полирующим эффектом водяная лилия 1л / бытовая химия для уборки дома,0.0,0.7049756336085843,0.9487179487179488,1.0,0.0,0.0,1.0,0.0,0.0,0.0,0.0,0.0,0.0
429496731465,747324384560,Красота и гигиена,"floresan восковые полоски gel-depil для депиляции чувствительной кожи лица, 20 шт","восковые полоски floresan для депиляции лица, 20 шт.",0.0,0.704790798256618,0.96,1.0,0.0,1.0,0.0,0.0,0.0,0.0,0.0,0.0,0.0
77309509754,197568555685,Детские товары,коляска прогулочная babalo future,babalo / коляска прогулочная babalo future 2024,0.0,0.7044805829389381,1.0,0.0,0.0,0.0,0.0,0.0,0.0,0.0,1.0,0.0,1.0
146028956633,566935830458,Галантерея и аксессуары,очки солнцезащитные женские 2024 модные,debenci / очки солнцезащитные женские 2024 модные,0.0,0.7041220014739147,1.0,1.0,0.0,0.0,1.0,0.0,0.0,0.0,0.0,0.0,1.0
335007546890,103079327240,Детские товары,мягкая игрушка-подушка длинный кот батон 110 см,бишкек / мягкая игрушка-подушка кот батон 110 см,0.0,0.7034834178488305,0.9069767441860465,1.0,0.0,1.0,1.0,0.0,0.0,0.0,0.0,1.0,0.0
506806192611,386547083205,Красота и гигиена,"novo палетка теней для век 9 цветов, 03","novo color note book палетка теней для век 9 цветов, 03",0.0,0.7032975733870547,1.0,1.0,0.0,0.0,0.0,0.0,0.0,0.0,0.0,0.0,0.0
120259118499,566935734631,Бытовая техника,кухонная вытяжка maunfeld bridge 60 черный,кухонная вытяжка maunfeld bridge line 60 черный-вставка сатин,0.0,0.7028809906241144,0.9090909090909091,1.0,0.0,0.0,0.0,0.0,0.0,0.0,0.0,1.0,0.0
171798793854,137439065303,Красота и гигиена,"пилинг для лица compliment professional easy peel, энзимный 3в1, 7 мл (2 шт)","compliment / пилинг для лица compliment professional easy peel, энзимный",0.0,0.702156713541246,0.9833333333333333,0.0,0.0,0.0,1.0,0.0,0.0,0.0,0.0,0.0,0.0
541165964819,180388682388,Детские товары,рамка-вкладыш домашние животные,лесная мастерская рамка-вкладыш «домашние животные»,0.0,0.7018635329640658,0.7560975609756098,0.0,0.0,0.0,0.0,0.0,0.0,0.0,0.0,0.0,0.0
481036438294,609885497823,Бытовая техника,beko посудомоечная машина dvn053wr01s,посудомоечная машина beko dvn053r01w,0.0,0.7017048694656816,0.9589041095890412,1.0,0.0,0.0,0.0,0.0,1.0,0.0,0.0,0.0,0.0
360777350900,266288123569,Детские товары,budi basa / мягкая игрушка зайка ми 15 см,"мягкая игрушка budi basa зайка ми в белой толстовке с сердцем, 15 см",0.0,0.7016973163551179,0.975,1.0,0.0,1.0,1.0,0.0,0.0,0.0,0.0,0.0,0.0
515396190199,532575999074,Бытовая химия,феникс / гель для стирки 5 литров концентрат универсальный,гель для стирки белья 5 литров концентрат универсальный,0.0,0.7014566912431371,0.9423076923076923,1.0,0.0,0.0,0.0,0.0,0.0,0.0,0.0,0.0,0.0
446676681248,240518276979,Красота и гигиена,теплая расслабляющая spa-маска для глаз mi-ri-ne с ароматом розы 12 г,"mi-ri-ne теплая расслабляющая spa-маска для глаз, с ароматом лаванды, 12 г",0.0,0.701182990509526,0.923076923076923,1.0,0.0,1.0,0.0,0.0,0.0,0.0,0.0,0.0,0.0
197568544342,704374694397,Электроника,защитная гидрогелевая пленка на realme 9 5g на экран,neomobile / защитная гидрогелевая пленка на realme 9 5g на экран,0.0,0.7007887968947769,1.0,1.0,0.0,0.0,0.0,0.0,0.0,0.0,0.0,0.0,0.0
317827656037,704374694397,Электроника,защитная гидрогелевая пленка на realme 9 5g на экран,neomobile / защитная гидрогелевая пленка на realme 9 5g на экран,0.0,0.7007887968947769,1.0,1.0,0.0,0.0,0.0,0.0,0.0,0.0,0.0,0.0,0.0
635655234926,386547085475,Хобби и творчество,"печать для сургуча с деревянной ручкой ""котики"" 9х2,5х2,5 см","no name печать для сургуча с деревянной ручкой ""кот и вьюнок"" 9х2,5х2,5 см",0.0,0.7003537077812366,0.9189189189189189,1.0,0.0,1.0,0.0,0.0,0.0,0.0,0.0,0.0,0.0
575525728022,618475311947,Детские товары,"железная дорога классический поезд , со светозвуковыми эффектами, протяжённость пути 2,6 м",похожая на цветок / железные дороги,0.0,0.6997963038732282,0.41600000000000004,0.0,0.0,0.0,1.0,0.0,0.0,0.0,0.0,0.0,0.0
798863986548,8590080888,Красота и гигиена,"ириска - пудра для волос аурасо, для создания быстрого прикорневого объема, универсальная, парфюмированная, натуральная, унисекс, 20 гр","аурасо камфора и ирис - пудра для волос аурасо, для создания быстрого прикорневого объема, универсальная, парфюмированная, натуральная, унисекс, 20 гр",0.0,0.699796121727786,0.9725490196078431,1.0,0.0,1.0,1.0,0.0,1.0,0.0,0.0,0.0,0.0
429496774845,773094226387,Товары для животных,"forza10 / сухой корм для взрослых собак треска, тунец, лосось - 20 кг","корм сухой forza 10 ""basic breeders"" для взрослых собак крупных пород, с треской, голубым тунцом и лососем, 20 кг",0.0,0.699692672892559,0.673076923076923,1.0,0.0,1.0,1.0,0.0,0.0,0.0,0.0,0.0,0.0
764504185830,309237681557,Красота и гигиена,cacharel / amor amor forbidden kiss туалетная вода 100 мл.,cacharel amor amor туалетная вода 100 мл,0.0,0.6995292031826308,0.955223880597015,1.0,0.0,1.0,0.0,0.0,0.0,0.0,0.0,0.0,0.0
798864008840,197568540408,Канцелярские товары,"планшет выпускник детского сада , дети, 21,8 х 30 см","не определен планшет «выпускнику детского сада», дети, 21,8 х 30 см",0.0,0.6994793298823297,0.8403361344537815,1.0,0.0,1.0,1.0,0.0,0.0,0.0,0.0,0.0,0.0
824633737183,841813599881,Бытовая техника,oasis / газовая колонка водонагреватель проточный 20 vg,газовая колонка для воды / водонагреватель проточный газовый oasis glass 20 sg,0.0,0.6991923192711231,0.9719626168224299,1.0,0.0,0.0,0.0,0.0,1.0,0.0,0.0,0.0,1.0
695784757990,523986051844,Бытовая техника,"насадка со щетиной на подвижном шарнире, для чистки жесткой мебели, карнизов,диванов+ переходник в комплекте для пылесоса karcher","без бренда насадка со щетиной на подвижном шарнире, для чистки жесткой мебели, карнизов, диванов+ переходник в комплекте для пылесоса elekta",0.0,0.6990484682049694,0.8839285714285714,0.0,0.0,0.0,0.0,0.0,1.0,0.0,0.0,0.0,0.0
335007605249,687194922735,Товары для животных,"felix / корм felix мясные ломтики, утка, 26х75 г","влажный корм, felix аппетитные кусочки форель 75г х 26шт + felix мясные ломтики утка 75г х 26шт",0.0,0.6987760897369425,0.6166666666666667,1.0,0.0,1.0,1.0,0.0,0.0,0.0,0.0,0.0,0.0
111669258053,214748513301,Бытовая химия,"grass / чистящий гель для ванны и туалета ""gloss breeze"" (1000 мл)","grass чистящий гель для ванны и туалета ""gloss coral"" 1000 мл",0.0,0.6987571973314814,0.8976377952755905,1.0,0.0,1.0,1.0,0.0,0.0,0.0,0.0,0.0,0.0
395137150879,704374636582,Хобби и творчество,доска для выжигания десятое королевство 5шт 03867,десятое королевство / доска для выжигания,0.0,0.6983798774697944,0.975,0.0,0.0,0.0,1.0,0.0,0.0,0.0,0.0,0.0,0.0
601295540757,154618956650,Хобби и творчество,набор для детского творчества гравюра,набор для творчества гравюра,0.0,0.6983581959838777,1.0,0.0,0.0,0.0,0.0,0.0,0.0,0.0,0.0,0.0,0.0
747324438347,231928271948,Хобби и творчество,пазл лучше позвони макрону,сомнительные поводы жить / пазл датствуйте мадс миккельсен,0.0,0.69809930166256,0.4523809523809524,0.0,0.0,0.0,0.0,0.0,0.0,0.0,0.0,0.0,1.0
455266587028,214748408341,Строительство и ремонт,подвесная люстра crystal lux armando sp6 6 gold,crystal lux / люстра armando sp6 gold,0.0,0.6978753098362518,0.9722222222222223,1.0,0.0,0.0,0.0,0.0,0.0,0.0,1.0,0.0,1.0
463856619136,197568530376,Бытовая химия,"жидкое средство grass alpi для стирки концентрат жидкий 1,8 л","grass / концентрированное жидкое средство для стирки alpi 1,8 л",0.0,0.6978173027090739,0.8709677419354839,1.0,0.0,1.0,1.0,0.0,0.0,0.0,0.0,0.0,0.0
695784793595,515396117617,Канцелярские товары,"рюкзак на молнии, 2 наружных кармана, цвет серый","не определен рюкзак на молнии, 2 наружных кармана, цвет серый",0.0,0.6977010804106476,1.0,1.0,0.0,0.0,0.0,0.0,0.0,0.0,0.0,0.0,0.0
773094127545,472446490142,Хобби и творчество,набор для рисования пони,al trade / детский набор для рисования 144 предмета набор для творчества подарок для девочек и мальчиков,0.0,0.6976162915653039,0.8837209302325582,0.0,0.0,0.0,0.0,0.0,0.0,0.0,0.0,0.0,0.0
360777343513,326417643588,Товары для животных,"галька декоративная, флуоресцентная, лимонная, фр. 5-10 мм, 350 г","decor de галька декоративная, флуоресцентнная микс: лимонный, зеленый, пурпурный, 350 г, фр.5-10 мм",0.0,0.697472491112032,0.7073170731707318,1.0,0.0,1.0,1.0,0.0,0.0,0.0,0.0,0.0,1.0
523986032780,584115580460,Детские товары,басик и ко / мягкая игрушка ли-ли в накидке с сердцем 24 см,"мягкая игрушка ли-ли с сердцем , 24 см",0.0,0.6974245150768638,0.9729729729729729,1.0,0.0,1.0,1.0,0.0,0.0,0.0,0.0,0.0,1.0
824633861453,386547200038,Хобби и творчество,"puzzle. / ""умные гвозди""","puzzle головоломка умные гвозди № 18, 3 штуки",0.0,0.697409158673483,0.43478260869565216,0.0,0.0,0.0,0.0,0.0,0.0,0.0,0.0,0.0,0.0
249108233530,300647765280,Детские товары,акриловая фигурка декоративная / статуэтки для интерьера реинкарнация безработного mushoku tensei эрис грейрат,ok-real акриловая фигурка декоративная / статуэтки для интерьера реинкарнация безработного mushoku tensei,0.0,0.6973918900704262,0.9603960396039604,0.0,0.0,0.0,0.0,0.0,0.0,0.0,0.0,0.0,1.0
197568568409,206158584347,Хобби и творчество,"планшет обучающий ""магнитное рисование"", цвет чёрный, 375 отверстий","эврики планшет обучающий «магнитное рисование», новогодний, цвет чёрный, 375 отверстий",0.0,0.697383605983137,0.8496732026143791,1.0,0.0,0.0,0.0,0.0,0.0,0.0,0.0,0.0,0.0
369367353475,42949673138,Хобби и творчество,"не определен набор для бисероплетения «креативные фантазии», цвет розовый","набор для бисероплетения ""креативные фантазии"", розовый, в пакете",0.0,0.6973308648987186,0.8405797101449275,0.0,0.0,0.0,0.0,0.0,1.0,0.0,0.0,0.0,0.0
687194805337,128849101142,Хобби и творчество,"мешочек для хранения карт таро и рун с ручной росписью, застежка на двух кнопках.","без бренда мешочек для хранения карт таро и рун с ручной росписью, материал смесовая ткань, застежка на двух кнопках.",0.0,0.69694855908447,1.0,0.0,0.0,0.0,0.0,0.0,0.0,0.0,0.0,1.0,0.0
343597448351,523986143338,Бытовая химия,"chirton / чиртон концентрат гель для стирки белых тканей, 1940мл","гель концентрат chirton для стирки чёрных тканей, 1940 мл",0.0,0.6968273358271793,0.8760330578512396,1.0,0.0,1.0,1.0,0.0,0.0,0.0,0.0,0.0,0.0
609885370658,420906863102,Бытовая химия,очиститель tiret для стиральной машины 250 мл,"tiret / очиститель для стиральных машин, 250мл",0.0,0.6966688421499274,0.8571428571428571,1.0,0.0,1.0,1.0,0.0,0.0,0.0,0.0,0.0,0.0
214748403863,111669271318,Бытовая техника,haier / стиральная машина hw60-bp12919b,стиральная машина haier hw60-bp12919bs,0.0,0.6965137782842369,0.961038961038961,1.0,0.0,0.0,0.0,0.0,0.0,0.0,1.0,0.0,1.0
34359784964,214748465996,Бытовая химия,"баллон сменный для автоосвежителя luscan 250 мл, яблоко и корица, сухое распыление",баллон сменный для автоосвежителя luscan 250мл гранат сухое распыл,0.0,0.6964499451587268,0.8214285714285714,1.0,0.0,1.0,0.0,0.0,0.0,0.0,0.0,0.0,0.0
128849142934,532575965038,Красота и гигиена,"кристалл декор тени для век, 1.5 г","кристалл декор тени для век ""маренго"", 1.5 гр.",0.0,0.6962526686460581,0.8852459016393442,1.0,0.0,1.0,0.0,0.0,1.0,0.0,0.0,0.0,1.0
506806198599,326417561187,Детские товары,"мягкая игрушка ""зайка в платье"", на подвеске, цвета микс","мягкая игрушка зайка в платье, 28 см, цвета микс",0.0,0.6962148150715552,0.8461538461538461,0.0,0.0,0.0,0.0,0.0,0.0,0.0,0.0,0.0,0.0
214748511169,678604974661,Хобби и творчество,"набор: раскраска волшебное, восковые карандаши",трансгрупп / раскраски,0.0,0.6960063833181299,0.32352941176470595,0.0,0.0,0.0,0.0,0.0,0.0,0.0,0.0,0.0,0.0
661425025982,17179872737,Автотовары,hyundai xteer масло моторное 5w-30 синтетическое 1 л,hyundai xteer / масло моторное 5w-30 синтетическое хендай икстир 1 литр,0.0,0.6957082839487787,0.9803921568627452,1.0,0.0,1.0,1.0,0.0,0.0,0.0,1.0,0.0,0.0
231928403381,687194845278,Детские товары,pomposhki. / мягкая игрушка единорожка,"pomposhki, мягкая игрушка ""единорожка"", новогодняя, 21 см",0.0,0.6954191219041533,0.6105263157894737,0.0,0.0,0.0,1.0,0.0,0.0,0.0,0.0,0.0,0.0
824633856793,824633803723,Детские товары,"/ мягкая игрушка ""басик в зеленой курточке","мягкая игрушка ""басик в зелёной курточке"", 22 см",0.0,0.6949592017862992,0.9111111111111111,0.0,0.0,0.0,1.0,0.0,0.0,0.0,0.0,0.0,0.0
618475356675,240518249659,Детские товары,"кукла сказочная ""русалочка"" с аксессуарами, микс","лас играс кукла сказочная ""русалка"" с аксессуарами, микс",0.0,0.6948014521513611,0.8846153846153847,0.0,0.0,0.0,0.0,0.0,0.0,0.0,0.0,0.0,0.0
712964620114,214748441540,Хобби и творчество,"набор для творчества набор для рисования светом paw patrol щенячий патруль: магия света, формат а4","не определен набор для рисования светом paw patrol «щенячий патруль: магия света», формовой",0.0,0.6938967995678166,0.7597765363128491,0.0,0.0,0.0,0.0,0.0,1.0,0.0,0.0,0.0,0.0
712964689738,377957209934,Товары для животных,"шлейка многоразмерная регулируемая быстросъемная, ог+ош 40-70 см, до 15 кг, джинс-красная","nobrand шлейка многоразмерная регулируемая быстросъемная, ог+ош 40-70 см, до 15 кг, джинс-черная",0.0,0.6935045819086307,0.9297297297297297,1.0,0.0,1.0,1.0,0.0,1.0,0.0,0.0,0.0,1.0
644245130358,266288104640,Строительство и ремонт,комплект weltwasser ww amberg 497 + gelbach 004 gl-wt + amberg rd-cr,комплект weltwasser ww amberg 497 + odenbach 004 gl-wt + amberg rd-mt cr,0.0,0.6934202535040805,0.901639344262295,1.0,0.0,0.0,0.0,1.0,0.0,0.0,1.0,0.0,0.0
523986144743,352187440578,Детские товары,"dade toys робот «динобот», трансформируется","робот ""динобот"", трансформируется",0.0,0.692849798009326,0.8157894736842105,0.0,0.0,0.0,0.0,0.0,0.0,0.0,0.0,0.0,0.0
309237684406,515396130426,Детские товары,"noname мягкая игрушка «авокадо», на брелоке","мягкая игрушка авокадо, на брелоке",0.0,0.6928180957360247,0.8831168831168832,0.0,0.0,0.0,0.0,0.0,0.0,0.0,0.0,0.0,0.0
558345906049,816043887593,Бытовая техника,сплит-система ishimatsu avk-12h,ishimatsu / сплит-система akita cvk-12h,0.0,0.6926292419064699,0.8857142857142857,1.0,0.0,0.0,0.0,0.0,1.0,0.0,0.0,0.0,0.0
25769853744,163208866416,Бытовая химия,"жидкая кожа ""мастер сити"", черная, 20 мл","мастер сити жидкая кожа ""мастер сити"", черная, 20 мл (комплект из 4 шт)",0.0,0.6923197976378628,1.0,0.5,1.0,1.0,1.0,1.0,0.0,0.0,0.0,0.0,0.0
360777268592,163208866416,Бытовая химия,"жидкая кожа ""мастер сити"", черная, 20 мл","мастер сити жидкая кожа ""мастер сити"", черная, 20 мл (комплект из 4 шт)",0.0,0.6923197976378628,1.0,0.5,1.0,1.0,1.0,1.0,0.0,0.0,0.0,0.0,0.0
292057825056,231928256419,Хобби и творчество,"развивающий набор ""круглая мозаика""","iq-zabiaka развивающий набор ""квадратная мозаика""",0.0,0.6918489957489756,0.8524590163934427,0.0,0.0,0.0,0.0,0.0,0.0,0.0,0.0,0.0,0.0
163208773010,833223710119,Детские товары,siku / машинка полицейский патруль,детская игрушечная модель машинки siku микроавтобус полиция 0806rus,0.0,0.691787377508298,0.49504950495049505,0.0,0.0,0.0,0.0,0.0,0.0,0.0,0.0,0.0,1.0
824633743096,223338434444,Музыкальные инструменты,каподастр на 3 струны для акустической гитары kyser kg3s,каподастр для акустической гитары kyser kg3g на 3 струны,0.0,0.6917083075764837,0.9821428571428571,1.0,0.0,0.0,0.0,0.0,0.0,0.0,0.0,0.0,0.0
455266640420,627065351942,Бытовая техника,"candy  варочная панель газовая candy chw6wlw, белый","газовая варочная панель candy chw6brww, белый",0.0,0.6916502186579394,0.9662921348314607,1.0,0.0,0.0,0.0,0.0,0.0,0.0,0.0,0.0,0.0
8589973182,730144549256,Красота и гигиена,"mertz / маникюрные ножницы для кутикулы, кожи и заусенцев. ручная заточка",mertz / маникюрные ножницы ручная заточка для кутикулы заусенцев,0.0,0.6916046295801681,0.9343065693430657,0.0,0.0,0.0,0.0,0.0,0.0,0.0,0.0,0.0,0.0
171798815744,292057830165,Детские товары,"elefantino / погремушка (2 шт. в упак.) легкие, с удобным за","elefantino погремушки, 2 шт",0.0,0.6907340057918251,0.5747126436781609,1.0,0.0,1.0,0.0,0.0,0.0,0.0,0.0,0.0,0.0
103079271596,670015061050,Детские товары,кнр / танк игрушка радиоуправлении подарок для мальчика,танк игрушка на радиоуправлении а подарок для мальчика,0.0,0.6907172717057746,0.9541284403669725,0.0,0.0,0.0,0.0,0.0,0.0,0.0,0.0,0.0,1.0
635655206494,206158578404,Канцелярские товары,"краска масляная художественная brauberg art premiere, 46 мл, проф. серия, зеленая прочная светлая","краска масляная художественная brauberg art premiere, 46 мл, проф. серия, зеленая светлая,",0.0,0.6905813663031227,0.9518716577540107,1.0,0.0,1.0,0.0,1.0,0.0,0.0,0.0,0.0,0.0
249108196971,146028912094,Бытовая техника,газовая плита flama fg 24227 w белый,газовая плита flama fg 24227в,0.0,0.6901416992771174,0.8627450980392157,1.0,0.0,0.0,0.0,1.0,0.0,0.0,0.0,0.0,1.0
627065365943,403726991440,Бытовая химия,"domestos / сменный блок для унитаза атлантик, 40 г, 3 шт","блок туалетный подвесной твердый 40 г domestos (доместос) атлантик , основной блок - 3 шт",0.0,0.6897612539512765,0.6,1.0,0.0,1.0,1.0,0.0,0.0,0.0,0.0,0.0,0.0
180388785375,137438992053,Красота и гигиена,"канекалон-коса двухцветная, черно-серая, 60см, 100гр, 1 шт","не определен канекалон-коса двухцветная, черно-синяя, 60см, 100гр, 1 шт",0.0,0.6896832168583612,0.8737864077669903,1.0,0.0,1.0,0.0,1.0,0.0,0.0,0.0,0.0,0.0
584115619980,352187330408,Детские товары,"коляска для кукол, happy valley универсальная, с металлическим каркасом","happy valley / коляска, универсальная, с металлическим каркасом",0.0,0.6894128161108783,0.9253731343283582,0.0,0.0,0.0,0.0,0.0,0.0,0.0,0.0,0.0,0.0
206158527762,25489,Бытовая техника,don холодильник r-296 в,двухкамерный холодильник don r-296 dub,0.0,0.6891407548792022,0.9545454545454546,1.0,0.0,0.0,0.0,0.0,0.0,0.0,0.0,0.0,0.0
635655232182,438086747480,Хобби и творчество,"крокодил гена и его друзья, 10 экз.",малыш крокодил гена и его друзья,0.0,0.6885682524519803,0.8059701492537313,0.0,0.0,0.0,0.0,0.0,0.0,0.0,0.0,0.0,0.0
807453918423,438086672998,Строительство и ремонт,lumion / подвесной светильник gillian 5235/1b,подвесной светильник lumion 5235/1a,0.0,0.6880637504834277,0.875,1.0,0.0,0.0,0.0,0.0,0.0,0.0,0.0,0.0,1.0
704374657953,695784862236,Хобби и творчество,головоломка танграм,"alatoys головоломка «танграм», 20 заданий, 7 деталей, 10 двусторонних карточек",0.0,0.6879282981100153,0.7333333333333333,0.0,0.0,0.0,0.0,0.0,0.0,0.0,0.0,0.0,0.0
326417579011,601295565638,Хобби и творчество,"не определен напёрсток сувенирный «хмао», латунь","напёрсток сувенирный ""хмао"", латунь",0.0,0.6876205595072674,0.8709677419354839,0.0,0.0,0.0,0.0,0.0,1.0,0.0,0.0,0.0,0.0
609885402778,420906819222,Хобби и творчество,"карабин металлический ""круг"", диаметр 14 мм, 10 шт, цвет золотой",little sparrowhawk-qb / карабин,0.0,0.6869078402032657,0.368421052631579,0.0,0.0,0.0,1.0,0.0,0.0,0.0,0.0,0.0,0.0
687194914347,541166000507,Товары для животных,"влажный корм care для котят, курица и сыр, пауч 80 г","brit care / пауч курица и сыр, корм влажный для котят, 24 шт. х 80 гр.",0.0,0.6868679916548528,0.9803921568627452,0.5,1.0,1.0,1.0,0.0,0.0,0.0,0.0,0.0,0.0
575525636623,661425030552,Детские товары,"happy valley куколка-сюрприз surprise doll с заколками, микс (комплект из 8 шт)","куколка-сюрприз surprise doll с заколками, микс",0.0,0.6868351822940141,1.0,0.0,0.0,0.0,0.0,0.0,0.0,0.0,0.0,0.0,0.0
807453899178,798864008958,Бытовая химия, стиральный порошок,ушастый нянь / стиральный порошок ушастый нянь для детского белья/детский,0.0,0.6864562403313194,1.0,0.0,0.0,0.0,0.0,0.0,0.0,0.0,0.0,0.0,0.0
420906937559,506806195025,Продукты питания,"декоративные блёстки luxart luxglitter (сухие), 20 мл, размер 0.2 мм, медовые","декоративные блёстки luxart luxglitter (сухие), 20 мл, размер 0.2 мм, голубые",0.0,0.6863043022484977,0.948051948051948,1.0,0.0,1.0,0.0,0.0,0.0,0.0,0.0,0.0,0.0
335007565704,575525668173,Продукты питания,"декоративные блёстки luxart luxglitter (сухие), 20 мл, размер 0.2 мм, зелёные","декоративные блёстки luxart luxglitter (сухие), 20 мл, размер 0.2 мм, голубые",0.0,0.6863043022484977,0.948051948051948,1.0,0.0,1.0,1.0,0.0,0.0,0.0,0.0,0.0,0.0
850403570065,446676694612,Красота и гигиена,"/ парфюмерная вода far away для нее, 50 мл","avon парфюмерная вода far away aurora для нее, 50 мл",0.0,0.6861079798006927,0.975609756097561,1.0,0.0,1.0,0.0,0.0,0.0,0.0,0.0,0.0,0.0
34359760370,154618929333,Детские товары,"автоград / машина металлическая «купе», инерция, свет и звук, 1:32, отк","автоград, машина металлическая ""купе"", инерция, свет и звук, 1:32, открываются двери, цвет белый",0.0,0.6859821181899882,0.8067226890756303,1.0,0.0,0.0,0.0,0.0,0.0,0.0,0.0,0.0,0.0
326417515288,618475397663,Бытовая техника,холодильник side by side hyundai cs4502f нержавеющая сталь,hyundai / холодильник cs4502f,0.0,0.6856426797825381,0.9642857142857143,1.0,0.0,0.0,0.0,0.0,0.0,0.0,0.0,0.0,1.0
738734449037,515396185522,Товары для животных,"titbit / сухой корм титбит для котят, беременных и кормящих кошек, 400 г",titbit / titbit,0.0,0.6853816748292983,1.0,0.0,0.0,0.0,1.0,0.0,0.0,0.0,0.0,0.0,0.0
403726954304,644245171356,Спорт и отдых,bresser / бинокль детский junior 6x21,бинокль детский bresser junior 6x21,0.0,0.685177477593894,1.0,1.0,0.0,0.0,0.0,0.0,0.0,0.0,1.0,1.0,0.0
369367189871,575525766235,Бытовая техника,обогреватель инфракрасный ballu bih-apl-3.0-m,инфракрасный обогреватель ballu bih-apl-3.0,0.0,0.6851195889452103,0.9772727272727273,1.0,0.0,0.0,0.0,0.0,0.0,0.0,0.0,0.0,1.0
128849043096,764504223659,Хобби и творчество,"спицы, круговые, супергладкие, никель, №4, 40 см.",addi / спицы для вязания,0.0,0.6850382698528212,0.3013698630136986,0.0,0.0,0.0,0.0,0.0,0.0,0.0,0.0,0.0,0.0
592705586043,25769863321,Бытовая химия,аэрозоль бэби-дэта от клещей и комаров 100 мл,"дэта / аэрозоль от клещей и комаров бэби дэта, детский, 100 мл",0.0,0.6842155093850518,0.875,1.0,0.0,1.0,1.0,0.0,0.0,0.0,0.0,0.0,0.0
395137011595,42949753773,Детские товары,"не определен мягкая игрушка «совёнок», 23 см, цвет фиолетовый","мягкая игрушка совёнок , 23 см, цвет розовый",0.0,0.6838938011698639,0.7428571428571428,1.0,0.0,1.0,1.0,0.0,0.0,0.0,0.0,0.0,1.0
670014988534,438086744930,Бытовая химия,капля sorti средство для мытья посуды 900 мл. глицерин,"средство для мытья посуды sorti глицерин и мята, 900 мл",0.0,0.683780664066639,0.8979591836734694,1.0,0.0,1.0,0.0,1.0,0.0,0.0,0.0,0.0,0.0
532576092271,429496786600,Дом и сад,"кмз керченская эмаль кастрюля цилиндрическая, 10 л, индукция, без деколи, цвет белый","кастрюля, сталь",0.0,0.6833448889918926,0.28282828282828276,0.0,0.0,0.0,0.0,0.0,0.0,0.0,0.0,1.0,0.0
841813743605,712964718065,Бытовая химия,"средство для мытья стекол и зеркал золушка с нашатырным спиртом, запасной блок, 500 мл","золушка / средство для мытья полов, 500 мл",0.0,0.6832800293559049,0.88,1.0,0.0,1.0,1.0,0.0,0.0,0.0,0.0,0.0,0.0
712964709531,369367221305,Товары для животных,"пижон / ошейник-удавка строгий, 2,5 мм х 45 см","пижон, ошейник-удавка строгий с защитными колпачками, 2,5 мм х 45 см",0.0,0.6826379428911419,0.7733333333333333,1.0,0.0,1.0,1.0,0.0,0.0,0.0,0.0,0.0,0.0
816043926028,163208779442,Строительство и ремонт,грунтовый светильник gordo n 1w cw-o-sr,kanlux / грунтовый светильник gordo n 1w cw-l-sr,0.0,0.6823017628841789,0.8857142857142857,1.0,0.0,0.0,0.0,0.0,0.0,0.0,0.0,0.0,0.0
77309530012,592705539142,Спорт и отдых,не определен тент-парус теневой туристический/садовый/пляжный 3х3х3/синий,тент туристический 3х3 м,0.0,0.6818132094068428,0.4742268041237114,1.0,0.0,0.0,1.0,0.0,0.0,0.0,0.0,0.0,1.0
171798765954,34359818023,Бытовая химия,"airwick / автоматический освежитель воздуха дикий гранат, 250мл","ароматический освежитель воздуха airwick дикий гранат, сменный баллон 250 мл",0.0,0.6808919065342326,0.8201438848920864,1.0,0.0,1.0,1.0,0.0,0.0,0.0,0.0,0.0,0.0
781684118622,231928403526,Бытовая техника,сплит-система centek ct-65g24 on/off,сплит-система centek ct-65h24,0.0,0.6808452517670183,0.8615384615384616,1.0,0.0,0.0,0.0,0.0,1.0,0.0,1.0,0.0,1.0
781684118622,77309423608,Бытовая техника,сплит-система centek ct-65g24 on/off,сплит-система centek ct-65v24,0.0,0.6808452517670183,0.8615384615384616,1.0,0.0,0.0,0.0,1.0,0.0,0.0,0.0,1.0,0.0
704374646821,34359819211,Строительство и ремонт,"изоляционная лента stekker intp01319-10 0,13*19 10 м. белая",stekker intp01319-10,0.0,0.6807190325174342,1.0,0.5,1.0,1.0,1.0,0.0,0.0,0.0,0.0,0.0,1.0
249108207469,103079250360,Бытовая техника,варочная панель smeg srv864pogh,газовая варочная панель smeg srv864aogh,0.0,0.6800664411387654,0.8571428571428571,1.0,0.0,0.0,0.0,0.0,0.0,0.0,0.0,0.0,1.0
463856534300,283467942508,Спорт и отдых,"in mother's hands / мяч детский ""арбуз"", d 22 см, 60 г",мяч резиновый арбуз 22 см,0.0,0.6799777391854321,0.4810126582278481,0.5,1.0,1.0,1.0,0.0,0.0,0.0,0.0,0.0,0.0
266288047516,498216228807,Бытовая техника,водонагреватель thermex flat plus pro if 80 v (pro),thermex / водонагреватель thermex if 80 h (pro),0.0,0.6791989217446165,0.9459459459459459,1.0,0.0,0.0,0.0,0.0,0.0,0.0,0.0,0.0,0.0
343597474581,231928262603,Канцелярские товары,пластиковые пружины для переплёта office kit 16 мм белые упаковка 100 шт bp2051,пружины пластиковые для переплета 16 мм белые 100 шт,0.0,0.6785910335359835,1.0,0.6666666666666666,1.0,1.0,1.0,0.0,0.0,0.0,0.0,0.0,0.0
240518192030,111669273097,Детские товары,"машина металлическая lamborghini huracan lp610-4, 1:64, цвет зелёный",без бренда машина металлическая lamborghini huracan lp610-4 1:64 цвет жёлтый,0.0,0.6785052327828593,0.8888888888888888,1.0,0.0,0.0,0.0,0.0,0.0,0.0,0.0,0.0,0.0
60129678666,171798785510,Детские товары,"без бренда мотоцикл инерционный ""спортбайк""","мотоцикл инерционный ""спортбайк""",0.0,0.6784198799862331,1.0,0.0,0.0,0.0,0.0,0.0,0.0,0.0,0.0,0.0,0.0
292057836907,257698130946,Дом и сад,"пакет ламинированный вертикальный, 31 х 40 х 11 см""с новым годом!"", холодное сердце","disney пакет ламинированный вертикальный, 31 х 40 х 11 см ""с новым годом!"", холодное сердце",0.0,0.6784148743879596,0.9681528662420382,1.0,0.0,1.0,0.0,0.0,0.0,0.0,0.0,1.0,0.0
111669173181,549755945645,Товары для животных,"рюкзак для переноски животных пушистое счастье ""кусь, кусь, кусь"" 31х23х30 см",пушистое счастье / рюкзак для переноски животных,0.0,0.6783735053393146,0.9787234042553191,0.0,0.0,1.0,1.0,0.0,0.0,0.0,0.0,0.0,0.0
764504210149,231928362390,Детские товары,"мягкая игрушка мишутка с бантом, цвета микс","мягкая игрушка «мишутка», цвета микс",0.0,0.6778134295409535,0.8354430379746836,0.0,0.0,0.0,0.0,0.0,0.0,0.0,0.0,0.0,0.0
309237733252,395137042914,Детские товары,санки-коляска galaxy glory gloss,санки-коляска galaxy glory gloss сатин серо-коричневый светоотражающий текстиль,0.0,0.6776223090665036,1.0,0.0,0.0,0.0,0.0,0.0,0.0,0.0,0.0,0.0,1.0
146028979114,25769902851,Хобби и творчество,"gamestil / алмазная мозаика на подрамнике ""девушка под дождем"" 90x70 см","алмазная мозаика без подрамника ""девушка под дождем"" 90x70 см",0.0,0.6774571974833772,0.8636363636363636,1.0,0.0,1.0,1.0,0.0,0.0,0.0,0.0,1.0,0.0
670014922770,146028906378,Красота и гигиена,"matrix кондиционер для волос, 300 мл","matrix / кондиционер для увлажнения волос, 300 мл",0.0,0.6773750259814092,1.0,1.0,0.0,1.0,0.0,0.0,0.0,0.0,0.0,0.0,0.0
292057834666,214748459782,Бытовая химия,"отбеливатель selena oxy crystal, порошок, для белых тканей, кислородный, 600 г (комплект из 8 шт)","отбеливатель selena oxy crystal, порошок, для белых тканей, кислородный, 600 г",0.0,0.6772910137469077,1.0,0.5,1.0,1.0,1.0,0.0,1.0,0.0,0.0,0.0,0.0
566935740562,704374700861,Детские товары,"машина металлическая ""спорт"", инерционная, масштаб 1:43","без бренда машина металлическая «спорт», инерционная, масштаб 1:43, цвет красный",0.0,0.6771395329079714,0.8541666666666667,1.0,0.0,0.0,0.0,0.0,0.0,0.0,0.0,0.0,0.0
8590080551,8590016609,Товары для животных,petmax игрушка для кошек дразнилка с мышкой 46 см,игрушка-дразнилка с мышкой,0.0,0.6771358136011011,0.48,0.0,0.0,0.0,0.0,0.0,1.0,0.0,0.0,0.0,0.0
120259100777,515396093344,Спорт и отдых,"шнур плетеный для рыбалки 0,18мм, 150м","рыбалка и отдых / плетеный шнур для рыбалки 0,18мм, 150м mask plexus",0.0,0.6770004089583818,1.0,1.0,0.0,1.0,0.0,0.0,0.0,0.0,0.0,0.0,1.0
223338313977,670015019740,Детские товары,llorens / кукла мими 42 см с подушкой со звуком,кукла llorens младенец мими 42 см с переноской со звуком,0.0,0.6769552748487813,0.8674698795180723,1.0,0.0,1.0,1.0,0.0,0.0,0.0,0.0,0.0,0.0
678604934790,103079313083,Продукты питания,zharcoffee / кофе в зернах бразилия серрадо 1кг,"кофе в зернах бразилия серрадо, 1кг",0.0,0.6766688409677818,0.8524590163934427,1.0,0.0,1.0,1.0,0.0,0.0,0.0,0.0,0.0,0.0
403726969843,575525624840,Детские товары,конструктор для мальчиков bionicle skull scorpio,lego / bionicle скорпион,0.0,0.676612416869988,0.5,0.0,0.0,0.0,1.0,0.0,0.0,0.0,1.0,0.0,0.0
575525647652,231928362426,Детские товары,радиоуправляемый экскаватор hui na toys 2.4g 9ch 1/18 rtr. hn1331,радиоуправляемый экскаватор hui na toys 2.4g 9ch 1:18,0.0,0.6762629578933117,0.9504950495049505,0.8,1.0,0.0,0.0,0.0,0.0,0.0,0.0,0.0,0.0
223338408938,25769956828,Спорт и отдых,балансир lucky john classic 4 + тр. 40мм/20,lucky john / балансир lucky john classic 4 + тр. 40мм/20 блистер,0.0,0.676084923908686,1.0,1.0,0.0,1.0,1.0,0.0,0.0,0.0,0.0,0.0,0.0
652835073107,463856496791,Бытовая техника,"микроволновая печь horizont 20mw800-1479bfs, серебристый",микроволновая печь horizont 20mw800-1479bds,0.0,0.6760391220737915,0.8484848484848484,1.0,0.0,0.0,0.0,0.0,0.0,0.0,0.0,0.0,0.0
601295550953,395137007286,Детские товары,noname швейная машинка «рукодельница» 3 катушки,"швейная машинка рукодельница , 3 катушки, 1 шт.",0.0,0.6759693615458398,0.7021276595744681,0.5,1.0,0.0,0.0,0.0,0.0,0.0,0.0,0.0,0.0
231928331846,678604894309,Аптека,очки dario мод. 310418 цвет 3 с линзами glance -3.25 рц 62-64,очки dario мод. 310418 цвет 3 с линзами glance cr-39 -3.25 рц 62-64,0.0,0.6759561791967277,1.0,0.8333333333333334,1.0,0.0,0.0,0.0,0.0,0.0,0.0,0.0,1.0
798864053702,532576102111,Детские товары,"автоград / машина металлическая chevrolet corvette grand sport, 1:64","машина металлическая chevrolet corvette grand sport, 1:64, цвет красный",0.0,0.6757888926216494,0.8776978417266187,1.0,0.0,0.0,0.0,0.0,0.0,0.0,0.0,0.0,0.0
103079318640,506806255196,Красота и гигиена,relouis / гель оттеночный для бровей водостойкий,"relouis гель для бровей водостойкий оттеночный, тон 03",0.0,0.6753107995473175,0.9215686274509803,0.0,0.0,0.0,0.0,0.0,0.0,0.0,0.0,0.0,1.0
180388744222,386547131592,Хобби и творчество,"набор для рисования ""гонки"" в пакете",школа талантов / набор для рисования гонки в пакете,0.0,0.6751046823296867,0.875,0.0,0.0,0.0,0.0,0.0,0.0,0.0,0.0,0.0,0.0
223338336725,25769851434,Музыкальные инструменты,d'addario / струны для электрогитары d'addario exl140,d'addario exl140 -8 струны для электрогитары,0.0,0.6749903169595362,0.9761904761904762,0.5,1.0,0.0,0.0,0.0,0.0,0.0,0.0,0.0,0.0
154618956253,429496860806,Товары для животных,сухой корм purina pro plan optiderma / пурина для взрослых собак крупных пород(атлетик) с чувствительной кожей с лососем 14кг,"purina pro plan / opti derma с лососем 14 кг, взрослые с чувствительной кожей",0.0,0.6748290605954191,0.7804878048780488,1.0,0.0,1.0,1.0,0.0,0.0,0.0,0.0,0.0,0.0
386547189322,34359819780,Бытовая химия,qualita / гель для стирки темного белья защита цвета 2 л,"qualita гель для стирки темного белья защита цвета и ткани от износа, 2 л, 2 штуки",0.0,0.6745923655706225,0.9629629629629629,1.0,0.0,1.0,1.0,0.0,0.0,0.0,0.0,0.0,0.0
395137123613,841813707666,Бытовая химия,"chirton жидкое средство для стирки, гель, для деликатных тканей, 750 мл","chirton жидкое средство для стирки chirton, гель, для чёрных тканей, 750 мл",0.0,0.6744448687211048,0.8347826086956522,1.0,0.0,1.0,1.0,1.0,0.0,0.0,0.0,0.0,0.0
77309487311,678604965356,Продукты питания,"double snake / спиртовые турбо дрожжи double snake c48, 130 гр (дабл снейк с48) - 4 шт.","спиртовые турбо дрожжи double snake c48, 130 гр",0.0,0.672541789674599,1.0,0.6666666666666666,1.0,1.0,1.0,0.0,0.0,0.0,0.0,0.0,0.0
309237702019,197568629245,Детские товары,"танк радиоуправляемый fighter, 4wd, управление жестами, стреляет гелевыми пулями","western digital танк радиоуправляемый fighter, 4wd, управление жестами, стреляет гелевыми пулями, цвет чёрно-синий",0.0,0.672403303186916,0.954248366013072,1.0,0.0,0.0,0.0,0.0,0.0,0.0,0.0,0.0,0.0
300647743482,695784845899,Детские товары,"не определен машина радиоуправляемая «купе», в комплекте педали и руль, работает от батареек, цвет синий","машина радиоуправляемая купе, в комплекте педали и руль, работает от батареек, цвет синий",0.0,0.6722568534294752,0.9651162790697674,0.0,0.0,0.0,0.0,0.0,0.0,0.0,0.0,1.0,0.0
171798836175,712964724075,Детские товары,"бутылочка для кормления детская приталенная, с ручками, 250 мл, от 0 мес., цвет красный","mum&baby бутылочка для кормления детская приталенная, с ручками,250 мл, от 0 мес, цвет розовый микс",0.0,0.6717192242957961,0.8163265306122449,1.0,0.0,1.0,0.0,0.0,0.0,0.0,0.0,0.0,0.0
807453907528,609885394674,Продукты питания,"кальмар сушеный темный паутинка 1 кг, закуска к пенному донской рыбокомбинат","кальмар сушеный паутинка светлая 1 кг, закуска к пенному донской рыбокомбинат",0.0,0.6713949204987333,0.9517241379310345,1.0,0.0,1.0,1.0,1.0,0.0,0.0,0.0,0.0,0.0
317827632571,103079341771,Бытовая техника,"мешки-пылесборники для пылесоса ozone xxl-49 синтетические, 12 шт в комплекте с 2мя микрофильтрами",мешки 12шт + 2 микрофильтра ozone для пылесосов xxl-04,0.0,0.6711651121397251,0.618421052631579,0.5,1.0,1.0,0.0,0.0,0.0,0.0,0.0,0.0,0.0
592705569428,575525682468,Детские товары,"весна кукла «эля» в русском костюме, 30,5 см","кукла эля в чувашском костюме, 30,5 см",0.0,0.6706590371590125,0.7741935483870968,1.0,0.0,1.0,0.0,0.0,0.0,0.0,0.0,0.0,0.0
721554609876,266287982619,Бытовая химия, стиральный порошок,"mukunghwa стиральный порошок «белизна и яркость» с пузырьками кислорода и содой, 5кг",0.0,0.6706304274994279,1.0,0.0,0.0,0.0,0.0,0.0,1.0,0.0,0.0,0.0,0.0
455266533754,730144610848,Спорт и отдых,фляга,"сима-ленд фляжка походная ""аdventure"", с чехлом 1л, алюминевая",0.0,0.6705188140232227,0.11940298507462685,0.0,0.0,0.0,0.0,0.0,0.0,0.0,0.0,0.0,0.0
678604964671,558345793409,Бытовая техника,"блендер погружной scarlett sc-hb42s09, мощность 700 вт, 1 скорость, импульсный режим, металл/пластик, белый","scarlett погружной блендер sc-hb42f09, белый",0.0,0.6704565167748296,0.8421052631578948,0.5,1.0,0.0,0.0,0.0,0.0,0.0,0.0,1.0,0.0
231928323628,824633783198,Детские товары,"nobrand машина металлическая nissan gt-r (r35),1:64, цвет черный матовый","машина металлическая nissan gt r r35, 1:64, цвет красный",0.0,0.6703161609547087,0.765625,1.0,0.0,0.0,0.0,0.0,1.0,0.0,0.0,0.0,0.0
721554642822,403726932185,Хобби и творчество,брэдбери р. канун дня всех святых 978-5-04-168142-5,эксмо канун всех святых,0.0,0.6700700263651233,0.85,0.0,0.0,0.0,0.0,0.0,0.0,0.0,0.0,0.0,0.0
146029027786,154618825055,Детские товары,"игрушки bondi. / чудики * мякиш антистресс любимец, бигль","чудики bondibon мякиш-антистресс ""любимец"", бульдог",0.0,0.6699811647580111,0.4444444444444444,0.0,0.0,0.0,0.0,0.0,0.0,0.0,0.0,0.0,0.0
171798830269,584115701284,Детские товары,гарри поттер / конструктор гарри поттер большой зал хогвартс / лего / lego,конструктор гарии поттер большой зал хогвартс,0.0,0.6696774410693421,0.9285714285714286,0.0,0.0,0.0,0.0,0.0,0.0,0.0,0.0,0.0,1.0
94489436562,670015017939,Детские товары,k / подогреватель для детских бутылочек usb,"подогреватель usb портативный для детских бутылочек, нагреватель детского питания, термосумка для смеси, грудного молока и воды",0.0,0.6696738653265105,0.8055555555555556,0.0,0.0,0.0,0.0,0.0,0.0,0.0,0.0,0.0,1.0
489626407959,558345816066,Хобби и творчество,"набор для творчества: декор из фетра и набор бусин ""цветочное настроение""",школа талантов набор для творчества: декор из фетра и набор бусин «цветочное восхищение»,0.0,0.6696272050387401,0.8053691275167785,0.0,0.0,0.0,0.0,0.0,0.0,0.0,0.0,0.0,0.0
171798803002,34359755036,Детские товары,cities / конструктор сити полицейский участок,конструктор сити полицейский участок,0.0,0.6693366198235654,1.0,0.0,0.0,0.0,1.0,0.0,0.0,0.0,0.0,0.0,0.0
163208850771,335007505453,Детские товары,"машина металлическая chevrolet camaro ss, 1:32, открываются","машина металлическая chevrolet camaro, 1:32, открываются двери, инерция, цвет жёлтый",0.0,0.669135885806614,0.897196261682243,1.0,0.0,0.0,0.0,0.0,0.0,0.0,0.0,0.0,0.0
386547108462,145406,Бытовая химия,"lion charmgreen средство для мытья посуды ""зеленый чай"" 500г","lion charmgreen refill средство для мытья посуды, овощей и фруктов ""charmgreen"" зелёный чай 500г",0.0,0.6689740538530042,0.7878787878787878,1.0,0.0,1.0,1.0,1.0,0.0,0.0,0.0,0.0,0.0
609885450909,489626416577,Хобби и творчество,"сима-ленд трафарет ""узор"" 24х16 см 9490161","трафарет ""узор"" 24х16 см",0.0,0.6689495285755459,1.0,0.6666666666666666,1.0,1.0,0.0,0.0,0.0,0.0,0.0,0.0,0.0
317827695143,377957220438,Бытовая химия,пятновыводитель для детского белья ушастый нянь 500 г,пятновыводитель невская косметика ушастый нянь 500мл триггер для детского белья,0.0,0.6688398070914636,0.94,1.0,0.0,0.0,1.0,1.0,0.0,0.0,0.0,0.0,0.0
51539628742,584115670811,Детские товары,bjd / шарнирная кукла. коллекционная 30 см,кукла шарнирная bjd 30 см,0.0,0.6683574277787768,0.8636363636363636,1.0,0.0,1.0,1.0,0.0,0.0,0.0,0.0,0.0,1.0
146029018745,223338446643,Бытовая техника,тепловентилятор союз твс-2000,тепловентилятор керамический союз твс-2000кв,0.0,0.6680587003730291,0.8163265306122449,1.0,0.0,0.0,0.0,1.0,0.0,0.0,0.0,0.0,1.0
412316984210,747324421534,Хобби и творчество,"не определен слайм «стекло» «party slime», 90 г, фиолетовый неон","слайм ""стекло"" ""party slime"", 90 г, желтый неон",0.0,0.6679749183258888,0.6486486486486487,1.0,0.0,1.0,0.0,0.0,0.0,0.0,0.0,0.0,0.0
77309471851,850403610343,Спорт и отдых,kuusamo / блесна зимняя kuusamo varma 45/5,блесна зимняя kuusamo varma 45/5 r/blu/s-s uv,0.0,0.6678112194680147,0.9696969696969697,1.0,0.0,0.0,0.0,0.0,0.0,0.0,0.0,0.0,1.0
231928403435,463856574995,Канцелярские товары,"неоновая вывеска обувь, 40х15 см","elmarto / неоновая вывеска обувь, 40х15 см",0.0,0.667678320178369,1.0,1.0,0.0,1.0,0.0,0.0,0.0,0.0,0.0,0.0,1.0
635655237931,5189,Бытовая техника,мясорубка белвар кэм-п2у-302-07 бел,мясорубка белвар помощница кэм-п2у 302-07 желтый,0.0,0.6669415203206367,0.6506024096385542,1.0,0.0,0.0,0.0,1.0,0.0,0.0,0.0,0.0,1.0
120259242664,704374724480,Детские товары,"светофор город, работает от батареек, световые эффекты, цвет белый","не определен светофор «город», работает от батареек, световые эффекты, цвет чёрный",0.0,0.6667584651088001,0.8907563025210083,0.0,0.0,0.0,0.0,0.0,0.0,0.0,0.0,0.0,1.0
635655210916,584115691684,Хобби и творчество,"наполнение для слайма, светится в темноте (набор 5 цветов) по 5 г","с / наполнение для слайма, светится в темноте (набор 5 цветов)",0.0,0.6666133033407001,0.9666666666666667,1.0,0.0,1.0,1.0,0.0,0.0,0.0,0.0,0.0,0.0
197568610711,34359757912,Красота и гигиена,deco. набор накладных ногтей nude chick coffee marble (24 шт + клеевые стикеры 24 шт),набор накладных ногтей deco. fantasy nude marble (24 шт + клеевые стикеры 24 шт),0.0,0.6665917902484573,0.9473684210526315,1.0,0.0,1.0,0.0,0.0,0.0,0.0,0.0,0.0,0.0
850403649947,335007525360,Бытовая химия,средство для мытья посуды fairy pure&clean 900мл,"fairy / средство для мытья посуды, 900мл",0.0,0.6662556580720876,0.8636363636363636,1.0,0.0,1.0,1.0,0.0,0.0,0.0,0.0,0.0,0.0
386547186267,618475344544,Детские товары,"зайка ми мягкая игрушка «зайка ми в оранжевом комбинезоне», 15 см","мягкая игрушка зайка ми в джинсовом комбинезоне, 15 см",0.0,0.6661964431821026,0.7758620689655171,1.0,0.0,1.0,1.0,0.0,0.0,0.0,0.0,0.0,0.0
197568508276,42949775500,Строительство и ремонт,розетка 1-местная мурманск 16а с заземлением с крышкой ip54 серый с защитными шторками | код. efr16-029-30-54 | ekf (8шт. в упак.),ekf proxima мурманск розетка 1-местная 16а с заземлением с крышкой ip54 серый с защитными шторками efr16-029-30-54,0.0,0.666143407960252,0.9622641509433962,0.8333333333333334,1.0,0.0,1.0,0.0,0.0,0.0,0.0,0.0,0.0
85899354989,60129621509,Товары для животных,"дарлинг / сухой корм для взрослых собак птица и овощи, 2 кг",сухой корм дарлинг с мясом и овощами для взрослых собак 2 кг,0.0,0.6659106886731612,0.8739495798319328,1.0,0.0,1.0,1.0,0.0,1.0,0.0,0.0,0.0,0.0
163208895813,77309489926,Бытовая химия,"чистящее средство мгновенного действия sanita, жироудалитель gold 500 мл",sanita / средство чистящее жироудалитель 500 мл,0.0,0.6658364518248303,0.8941176470588235,1.0,0.0,1.0,1.0,0.0,0.0,0.0,0.0,0.0,0.0
214748471276,695784813186,Бытовая техника,электрокамин flame bergen с очагом vision 42 log led темная олива,"линейный электрокамин royal flame bergen gr с очагом vision 42 log led, дрова, обогрев, пульт ду (линейный электрический камин)",0.0,0.6657428784132777,0.8495575221238938,1.0,0.0,0.0,0.0,0.0,0.0,0.0,0.0,0.0,1.0
17179892593,300647861507,Красота и гигиена,luxvisage тени для век matt tint waterproof 12h жидкие тон 107 rose beige,luxvisage / жидкие тени для век matt tint waterproof 12h,0.0,0.665478332182616,0.9818181818181819,0.5,1.0,0.0,0.0,0.0,0.0,0.0,0.0,0.0,1.0
833223676210,197568590005,Детские товары,"noname мягкая игрушка «хаски», 25 см, цвет микс","мягкая игрушка хаски, 25 см",0.0,0.6649721009880433,0.7727272727272728,1.0,0.0,1.0,1.0,0.0,0.0,0.0,0.0,0.0,1.0
429496787375,326417625836,Дом и сад,"шланг поливочный армированный, 3-х слойный, 3/4"", 50 м, luxe palisad",palisad / шланг поливочный армированный 3-х слойный 3/4 50 м luxe,0.0,0.6643777008775219,0.9473684210526315,1.0,0.0,1.0,1.0,0.0,0.0,0.0,0.0,0.0,0.0
206158595803,618475419555,Строительство и ремонт,муфта аксиальная 25 равносторонняя sf.422.06 mvi,муфта аксиальная 25 равносторонняя | код sf.422.06 | mvi (4шт. в упак.),0.0,0.6642112075237755,1.0,0.6666666666666666,1.0,0.0,0.0,0.0,0.0,0.0,0.0,0.0,0.0
180388667842,103079230851,Детские товары,мягкая игрушка дракон символ года 2024,акимбо кит мягкая игрушка дракон 18 см. символ года 2024.,0.0,0.6640531002397551,0.9295774647887324,0.5,1.0,0.0,0.0,0.0,0.0,0.0,0.0,1.0,0.0
223338356271,395137011896,Хобби и творчество,"головоломка ""танграм""",лазерпро головоломка «танграм»,0.0,0.6638188481079972,0.7450980392156863,0.0,0.0,0.0,0.0,0.0,0.0,0.0,0.0,0.0,0.0
747324417475,824633835659,Хобби и творчество,"головоломка ""танграм""",woodland головоломка «танграм»,0.0,0.6638188481079972,0.7450980392156863,0.0,0.0,0.0,0.0,0.0,0.0,0.0,0.0,0.0,0.0
618475342501,146029042536,Строительство и ремонт,"головка торцевая ударная глубокая 1/2"", 17 мм, тонкостенная, пластиковая защита king tony 494517mx","головка торцевая ударная глубокая 1/2"", 17 мм, тонкостенная, пластиковая защита king tony 494517m",0.0,0.6636480132595299,0.9948717948717949,1.0,0.0,1.0,1.0,0.0,0.0,0.0,0.0,0.0,0.0
661425053406,678604992143,Хобби и творчество,акриловая краска для моделирования the army painter war paints: army green (17мл),акриловая краска для моделирования the army painter war paints: greenskin (17мл),0.0,0.6631165422107567,0.9743589743589743,1.0,0.0,1.0,1.0,0.0,0.0,0.0,0.0,1.0,0.0
326417610305,34359795902,Детские товары,"кукла abtoys ""современный шик"" в платье без рукавов с плиссированной юбкой, коричневая сумка, светлые волосы 30см","abtoys / кукла ""современный шик"" в платье с длинной плиссированной юбкой, светлые волосы 30см",0.0,0.6628222098022754,0.9431818181818181,1.0,0.0,1.0,1.0,0.0,0.0,0.0,0.0,0.0,0.0
807453905965,652835130502,Хобби и творчество,"обложки для переплета a4, 230 г/м2, 100 листов, картонные, белые, тиснение под кожу, гелеос","обложки для переплета a4, 230 г/м2, 100 листов, картонные, черные, тиснение под кожу, гелеос",0.0,0.662665957048154,0.9726775956284154,1.0,0.0,1.0,0.0,0.0,0.0,0.0,0.0,0.0,0.0
627065327593,197568643573,Хобби и творчество,алмазная мозаика,новый мир / алмазная мозаика на подрамнике 40х50 цветы,0.0,0.6626606083964705,1.0,0.0,0.0,1.0,1.0,0.0,0.0,0.0,0.0,1.0,0.0
343597415049,120259225082,Бытовая техника,tosot сплит-система tosot t28h-snn(2)/i/t28h-snn(2)/o natal on/off,сплит-система tosot t28h-snn2/i/t28h-snn2/o,0.0,0.6624066617742902,0.8349514563106796,1.0,0.0,0.0,0.0,0.0,0.0,0.0,0.0,1.0,0.0
197568611489,103079303761,Красота и гигиена,тональный крем spf15 bobbi brown skin long-wear weightless foundation skin long-wear weightless foundation,тональный крем bobbi brown skin long-wear weightless foundation spf 15,0.0,0.6621629286494938,0.9640287769784173,1.0,0.0,0.0,0.0,0.0,0.0,0.0,0.0,0.0,0.0
197568628449,240518222916,Хобби и творчество,"арт узор фетр жёсткий ""ярко-оранжевый"" 1 мм (набор 10 листов) формат а4","фетр жесткий 1 мм ""ярко-оранжевый"" набор 10 листов формат а4",0.0,0.662160880531426,0.8785046728971964,1.0,0.0,1.0,0.0,0.0,0.0,0.0,0.0,0.0,0.0
51539663027,85899481486,Канцелярские товары,calligrata / папка c 80 вкладышами а4 700 мкм deluxe 40 мм в коробке,"папка c 80 вкладышами а4, 700 мкм, calligrata deluxe, 40 мм, в коробке, молочная",0.0,0.6620223891238567,0.8918918918918919,1.0,0.0,1.0,1.0,0.0,0.0,0.0,0.0,0.0,0.0
420906808363,231928293589,Детские товары,"без бренда мягкая игрушка «зайка», в сарафане","мягкая игрушка ""зайка в сарафане""",0.0,0.6620198552295424,0.7948717948717949,0.0,0.0,0.0,0.0,0.0,0.0,0.0,0.0,0.0,0.0
549755923186,94489311088,Музыкальные инструменты,"стойка для саксофона баритон, konig & meyer 14410-021-55","konig & meyer / стойка для саксофона баритон, konig & meyer",0.0,0.6613910239864111,0.9772727272727273,0.0,0.0,0.0,0.0,0.0,0.0,0.0,0.0,0.0,0.0
240518175046,661425043993,Хобби и творчество,рамки рязань / рамка,багетная рамка 50х60 для картин на подрамнике,0.0,0.6608521503020405,0.4307692307692308,0.0,0.0,0.0,0.0,0.0,0.0,0.0,0.0,0.0,1.0
60129543767,850403603747,Детские товары,"без бренда мягкая игрушка-топпер «кролик», цвета микс","мягкая игрушка ""кролик"", цвета микс",0.0,0.6608009466051039,0.75,0.0,0.0,0.0,0.0,0.0,0.0,0.0,0.0,0.0,0.0
841813642404,446676610002,Товары для животных,"ошейник для собак mr.kranch с qr-адресником, бежевый, 30-35 см","mr.kranch / ошейник для собак, с qr-адресником, кожаный, синий, 30-35 см",0.0,0.6605278670639295,0.8656716417910448,1.0,0.0,1.0,0.0,0.0,0.0,0.0,0.0,0.0,0.0
292057848964,300647832038,Канцелярские товары,"мешок для обуви с карманом 420 х 340 мм, calligrata, мсо-7с, (мягкий полиэстер, плотность 210d) ""аниме""","мешок для обуви с карманом 420 х 340 мм, calligrata мсо-7с, (мягкий полиэстер, плотность 210d) ""аниме""",0.0,0.6603073308152169,0.9951219512195122,1.0,0.0,1.0,0.0,0.0,0.0,0.0,0.0,0.0,0.0
455266551995,455266612463,Бытовая химия,"/ средство для мытья посуды dishwashing liquid 750мл, 4 шт","средство для мытья посуды ave / авэ dishwashing liquid limon гель, увлажняющее, для чувствительной кожи рук, с ароматом лимона 750мл / бытовая химия для дома",0.0,0.6601463362332334,0.8846153846153847,0.5,1.0,1.0,1.0,0.0,0.0,0.0,0.0,0.0,0.0
369367246604,51539691842,Аптека,афа / жидкий пластырь афапласт+ с пантенолом и серебром 60 мл,афапласт пластырь жидкий с пантенолом и серебром 60мл,0.0,0.6600429255402163,0.8947368421052632,1.0,0.0,1.0,1.0,0.0,0.0,0.0,0.0,0.0,0.0
377957140202,60129589666,Строительство и ремонт,шуруповерт аккумуляторный dewalt 18v,dewalt / шуруповерт аккумуляторный 18 вольт,0.0,0.6599275378968223,0.9411764705882354,1.0,0.0,1.0,1.0,0.0,0.0,0.0,0.0,1.0,0.0
566935836586,523986119153,Детские товары,nani seller / акриловая фигурка 2d аниме геншин импакт/ genshin impact,аниме 2d фигурка акриловая нин гуан геншин импакт / genshin impact,0.0,0.6597039998637574,0.8620689655172414,1.0,0.0,0.0,0.0,0.0,0.0,0.0,0.0,0.0,0.0
670014991914,68719565694,Детские товары,"машина инерционная ""пожарная служба"", микс","nobrand машина инерционная «пожарная служба» с цистерной, микс",0.0,0.6595629272893095,0.7692307692307692,0.0,0.0,0.0,0.0,0.0,1.0,0.0,0.0,0.0,0.0
360777253382,292057801359,Бытовая химия,"кондиционер для белья synergetic утренняя роса, 1 л",synergetic / кондиционер для белья 1 л,0.0,0.6595333088335679,0.9729729729729729,1.0,0.0,1.0,1.0,0.0,0.0,0.0,0.0,0.0,0.0
798863923404,773094207663,Бытовая химия,"средство для чистки плит, духовок, грилей от жира/нагара 500 г, sanita (санита) ""гель антижир"", 2642  ","комплект 13 шт, средство для чистки плит, духовок, грилей от жира/нагара 500 г, sanita (санита) ""гель антижир"", 2642",0.0,0.6594848464281111,1.0,0.6666666666666666,1.0,1.0,1.0,1.0,0.0,0.0,0.0,0.0,0.0
240518309137,266288068014,Хобби и творчество,"карточки хонкай стар рейл ""honkai star rail""",mskolimp / брелок для ключей хонкай стар рейл honkai star rail,0.0,0.659372522767242,0.6981132075471698,0.0,0.0,0.0,0.0,0.0,0.0,0.0,0.0,0.0,1.0
429496747227,42949784951,Бытовая техника,сменная салфетка для робота-пылесоса roborock s7 maxv (2 шт.),"комплект сменных салфеток для робота-пылесоса roborock s7 maxv, s7 (2 шт.)",0.0,0.6591077805458351,0.8787878787878788,1.0,0.0,1.0,1.0,1.0,0.0,0.0,0.0,0.0,0.0
841813710119,773094204866,Канцелярские товары,кисть плоская синтетика №20,№1 school кисть синтетика №20 плоская 2 штуки,0.0,0.6590279844071362,1.0,0.3333333333333333,1.0,0.0,0.0,0.0,0.0,0.0,0.0,0.0,0.0
77309477747,42949809743,Автотовары,колодки тормозные ctr ckvw9,тормозные колодки ctr ckvo9,0.0,0.6589669966380886,0.9629629629629629,1.0,0.0,0.0,0.0,0.0,0.0,0.0,1.0,0.0,0.0
635655300223,584115606341,Товары для животных,лакомство titbit корень бычий резаный для собак мелких пород 50 г,titbit лакомство корень бычий резаный для собак мягкая упаковка 50г,0.0,0.6589550471163965,0.8636363636363636,1.0,0.0,1.0,1.0,0.0,1.0,0.0,0.0,0.0,0.0
231928374050,163208759929,Детские товары,"abtoys (абтойс) / кукла abtoys emily синяя серия с серым котенком и аксессуарами, 30см",кукла abtoys emily мятная серия с серым котенком и аксессуарами 30см,0.0,0.6587564804217776,0.8707482993197279,1.0,0.0,1.0,1.0,0.0,0.0,0.0,0.0,0.0,0.0
489626359518,17179942361,Хобби и творчество,резинка для шитья / резинки для рукоделия,резинка для шитья и рукоделия,0.0,0.6586818938442999,0.9642857142857143,0.0,0.0,0.0,0.0,0.0,0.0,0.0,0.0,1.0,0.0
627065327593,420906935362,Хобби и творчество,алмазная мозаика,"без бренда алмазная мозаика ""цветы"" на подрамнике 40x50",0.0,0.6584567318334604,1.0,0.0,0.0,0.0,1.0,0.0,0.0,0.0,0.0,0.0,0.0
635655302040,274877910201,Хобби и творчество,"kinross corporation / алмазная мозаика ""взгляд волка""","алмазная мозаика на холсте ""взгляд девушки и волка""",0.0,0.6582768338359648,0.7560975609756098,0.0,0.0,0.0,0.0,0.0,0.0,0.0,0.0,0.0,0.0
60129689133,17179922933,Детские товары,"робот радиоуправляемый автобот, трансформируется, световые","робот радиоуправляемый ""автобот"", трансформируется, работает от батареек",0.0,0.6582716357539233,0.8307692307692308,0.0,0.0,0.0,0.0,0.0,0.0,0.0,0.0,0.0,0.0
773094151906,206158464488,Детские товары,игрушка на руку зайка,"игрушка на руку ""зайка"", 1 шт.",0.0,0.6581016125716413,0.8333333333333333,0.0,0.0,0.0,1.0,0.0,0.0,0.0,0.0,0.0,1.0
120259147676,652835175110,Галантерея и аксессуары,наручные часы мужские восток 17006б,"часы наручные мужские механические с автоподзаводом восток амфибия 17006б, резина, черный с перфорацией",0.0,0.658090511663748,0.8888888888888888,1.0,0.0,0.0,0.0,1.0,0.0,0.0,0.0,1.0,0.0
738734484306,386547139059,Товары для животных,"пижон, ошейник с подсветкой, xl, 50-58 см, 3 режима свечения, зелёный","пижон / ошейник с подсветкой, xl, 50-58 см, 3 ре",0.0,0.6579493361279405,0.8705882352941177,1.0,0.0,1.0,1.0,0.0,0.0,0.0,0.0,0.0,0.0
377957253457,764504346061,Бытовая техника,"liebherr холодильник cnsfd 5203, серебристый",холодильник liebherr cnd 5203,0.0,0.6568327555893393,0.8163265306122449,1.0,0.0,0.0,0.0,0.0,0.0,0.0,0.0,0.0,1.0
532576089245,661424967139,Детские товары,"автоботы робот «автобот», трансформируется","робот ""автобот"", трансформируется",0.0,0.6567450653708343,0.8266666666666667,0.0,0.0,0.0,0.0,0.0,0.0,0.0,0.0,0.0,0.0
472446505303,816043786257,Детские товары,"ural toys / машина - конструктор ""бетоноукладчик с шуруповёртом""",машинка на радиоуправлении uraltoys 3289-5  27mhz в коробке,0.0,0.6566924170570976,0.4426229508196721,0.0,0.0,0.0,0.0,0.0,0.0,0.0,0.0,0.0,0.0
695784850655,438086696046,Бытовая техника,встраиваемая микроволновая печь gorenje bmx201ag1bg,gorenje / встраиваемая микроволновая печь bm201eg1bg,0.0,0.6566901406989575,0.9514563106796117,1.0,0.0,0.0,0.0,0.0,0.0,0.0,1.0,1.0,0.0
249108227417,25769872444,Бытовая химия,средство для мытья посуды aos лимон 1.3 л,"средство для мытья посуды ecoway лимон, 1.3.",0.0,0.656585758703986,0.8705882352941177,1.0,0.0,0.0,0.0,0.0,0.0,0.0,0.0,0.0,0.0
17179915062,841813683499,Продукты питания,шоколад аленка молочный 90г,"шоколад молочный аленка с разноцветным драже, 90г",0.0,0.6564526990775466,1.0,1.0,0.0,1.0,1.0,1.0,0.0,0.0,0.0,0.0,0.0
403726944984,68719626022,Хобби и творчество,молния трактор arta-f т-5 разъемная 1 замок (2076) - 45 см 162 мимоза,arta-f / молния трактор т-5 разъемная 1 замок (2076) - 45 см - 1 шт.,0.0,0.6564505621886635,0.9508196721311475,0.8,1.0,1.0,1.0,0.0,0.0,0.0,0.0,0.0,1.0
68719617520,764504197639,Бытовая химия,"гель для стирки ласка уход и восстановление 33 стирки, 2л",гель для стирки ласка восстановление color для цветного 2л 33 стирки,0.0,0.6563263746907118,0.8484848484848484,1.0,0.0,1.0,0.0,0.0,1.0,0.0,0.0,0.0,0.0
790274113497,515396185514,Детские товары,одежда для кукол паола рейна,doll's dream / одежда для кукол паола рейна,0.0,0.6563078620501005,1.0,0.0,0.0,0.0,0.0,0.0,0.0,0.0,0.0,0.0,1.0
77309497095,773094148745,Строительство и ремонт,"электропила huter els-2,7p","huter / электропила цепная huter els- 2,7p",0.0,0.6561790556756656,0.7906976744186046,1.0,0.0,1.0,1.0,0.0,0.0,0.0,1.0,0.0,0.0
721554524873,17179943635,Хобби и творчество,фантазёр / набор для творчества фантазер волшебное сияние акварельная раскраска с неоном летний дождь,набор для творчества фантазер волшебное сияние акварельная раскраска с неоном на воздушном шаре,0.0,0.6553144463195416,0.911242603550296,0.0,0.0,0.0,0.0,0.0,0.0,0.0,0.0,0.0,0.0
609885388227,57804,Бытовая техника,сплит-система panasonic cs-z35xkew/cu-z35xke,настенная сплит система panasonic cs-tz35tkew/cu-tz35tke,0.0,0.6552867031296989,0.76,1.0,0.0,0.0,0.0,0.0,0.0,0.0,0.0,0.0,0.0
498216218736,807453868427,Бытовая химия,domestos / блок для очищения унитаза power 5 2х50 г,domestos блок для очищения унитаза power 5+ сказочный аромат дуо 2*50 гр х 2 шт.,0.0,0.6551868020765312,0.8791208791208791,1.0,0.0,1.0,1.0,0.0,0.0,0.0,0.0,0.0,0.0
541165954206,8589996236,Детские товары,"держатель для пустышки кошечка, на цепочке, цвет розовый","nobrand держатель для пустышки «любимая доченька», на цепочке цвет розовый",0.0,0.6548003798355503,0.8085106382978724,0.0,0.0,0.0,0.0,0.0,1.0,0.0,1.0,0.0,0.0
455266660458,790274068414,Хобби и творчество,термонаклейка на одежду магическая битва сатору годжо,не определен термокружка-непроливайка сатору годжо магическая битва,0.0,0.6546333758398151,0.7666666666666667,0.0,0.0,0.0,0.0,0.0,1.0,0.0,0.0,0.0,1.0
592705622085,532576059114,Хобби и творчество,"набор для творчества ""декор: блёстки""",школа талантов набор для творчества алмазное украшение блёстки,0.0,0.6543573284535605,0.7017543859649124,0.0,0.0,0.0,0.0,0.0,0.0,0.0,0.0,0.0,0.0
34359756817,575525738413,Товары для животных,"сухой корм ajo cat special line delicate taste низкозерновой для привередливых кошек и котят с индейкой (1,5 + 1,5 кг)","ajo / delicate taste для привередливых кошек и котят индейка,1,5кг",0.0,0.6540243811029165,0.8620689655172414,1.0,0.0,1.0,1.0,0.0,0.0,0.0,0.0,0.0,0.0
773094124098,171798811797,Детские товары,"набор доктора ""маленький доктор""",не определен набор доктора «маленький доктор»,0.0,0.6539477898637415,0.7792207792207791,0.0,0.0,0.0,0.0,0.0,0.0,0.0,0.0,0.0,0.0
670014993766,51539672152,Детские товары,генератор мыльных пузырей пистолет игрушка,генератор мыльных пузырей с подсветкой/машина -пистолет для создания мыльных пузырей/розовый,0.0,0.653851681508964,0.746268656716418,0.0,0.0,0.0,0.0,0.0,0.0,0.0,0.0,0.0,0.0
240518264616,438086746953,Галантерея и аксессуары,"radianza бусы radianza, агат",бусы из натурального нефрита,0.0,0.6538253894919321,0.3214285714285714,0.0,0.0,0.0,0.0,0.0,0.0,0.0,0.0,0.0,0.0
214748476663,360777287575,Товары для животных,"grandorf turkey & rice adult mini breeds сухой корм для собак мелких пород, индейка с рисом - 1 кг","сухой корм для мелких собак grandorf с индейкой, 1 кг",0.0,0.6537443180992781,0.8958333333333333,1.0,0.0,1.0,1.0,1.0,0.0,0.0,1.0,0.0,0.0
137439018769,42949724825,Хобби и творчество,"топпер ""с днем рождения, сыночек"", золотой","дарим красиво топпер ""с днем рождения"" со звездами, курсив, золотой, дарим красиво",0.0,0.6536766660351583,0.6181818181818182,0.0,0.0,0.0,0.0,0.0,0.0,0.0,0.0,0.0,1.0
163208877746,506806273985,Строительство и ремонт,вентилятор вытяжной electrolux серии rainbow eafr-100 black,вытяжной вентилятор electrolux rainbow eafr-100 white,0.0,0.6535599917685716,0.94,1.0,0.0,0.0,0.0,0.0,1.0,0.0,0.0,0.0,0.0
773094183230,816043922947,Бытовая техника,korting электрический духовой шкаф okb 2820 ex,духовой шкаф электрический встраиваемый korting okb 2820 en,0.0,0.6534084353759322,0.9662921348314607,1.0,0.0,0.0,0.0,0.0,0.0,0.0,0.0,0.0,0.0
644245172839,627065326510,Хобби и творчество,"трафарет ""листочки"" 24х16 см","не определен трафарет ""листочки"" 24х16 см",0.0,0.6533251079631927,1.0,1.0,0.0,1.0,0.0,0.0,1.0,0.0,0.0,0.0,0.0
274877925537,506806208389,Товары для животных,"pro plan пауч влажный корм для взрослых собак мелких и карликовых пород, с уткой в соусе,85 г","без бренда влажный корм pro plan для взрослых собак мелких и карликовых пород, склонных к набору веса, с курицей в соусе, пауч, 85 г",0.0,0.6533090480818249,0.8795180722891567,1.0,0.0,1.0,1.0,0.0,1.0,0.0,0.0,0.0,0.0
292057901640,850403654842,Галантерея и аксессуары,"russia часы наручные кварцевые часы наручные мужские японские casio casio edifice efr-564d-2avcr электронные часы кварцевые касио джи-шок водонепроницаемые для дайвинга, противоударные, многофункциональные с будильником, с гарантией.",наручные часы casio,0.0,0.6527510800551721,1.0,0.0,0.0,0.0,0.0,0.0,1.0,0.0,0.0,0.0,1.0
798864043040,231928260234,Красота и гигиена,"botavikos пенка для умывания тонизирующая для нормальной и зрелой кожи лица, 150 мл , 2 шт",/ тонизирующая пенка для умывания для нормальной и зрелой кожи,0.0,0.6522852633195028,0.9824561403508772,0.0,0.0,1.0,1.0,0.0,0.0,0.0,0.0,0.0,0.0
721554637412,627065279065,Аптека,"бандаж коленного сустава с волокнами бамбука к-901 комф-орт, xl",комф-орт / бандаж для коленного сустава к-901,0.0,0.65202767333436,0.8,1.0,0.0,0.0,0.0,0.0,0.0,0.0,0.0,0.0,0.0
584115698308,94489432331,Канцелярские товары,"не определен скетчбук а5 сказочный патруль варя, блокнот с плотными белыми листами для записей, 50 листов","скетчбук а5 сказочный патруль, блокнот с плотными белыми листами, 50 листов",0.0,0.6519709706637461,0.8636363636363636,1.0,0.0,1.0,1.0,0.0,0.0,0.0,0.0,0.0,1.0
816043836235,515396119794,Детские товары,машинка металлическая мерседес бенц гелик g63 amg 22см 1:24,dreamcar / металлическая машинка 1:24 гелик g63 amg mercedes мерседес,0.0,0.6519111413079407,0.9074074074074073,0.75,1.0,1.0,1.0,0.0,0.0,0.0,0.0,0.0,1.0
678604927575,283467942281,Хобби и творчество,"термопластичная пленка, 25 мк",двухслойная воздушно-пупырчатая плёнка 25 м,0.0,0.6515833300179847,0.36111111111111116,1.0,0.0,0.0,0.0,0.0,0.0,0.0,0.0,0.0,0.0
85899433892,816043915260,Товары для животных,tetra / корм betta granules для петушков 5г,"tetra сухой корм для петушков betta granules, 5х5 гр",0.0,0.6515700026641743,0.8421052631578948,1.0,0.0,1.0,1.0,0.0,0.0,0.0,0.0,0.0,0.0
747324471911,455266663722,Бытовая техника,стиральная машина hotpoint-ariston nsb 6015 zk v ru белая,стиральная машина hotpoint nsb 6015 w v ru,0.0,0.6515464841793642,0.8493150684931507,1.0,0.0,0.0,0.0,0.0,1.0,0.0,1.0,1.0,0.0
171798853280,197568605049,Продукты питания,горчичный порошок высший сорт 200 грамм горчица,"горчица, горчичный порошок 200 грамм, высший сорт (россия), натуральный, молотый",0.0,0.6512473360548946,0.825,1.0,0.0,0.0,0.0,0.0,0.0,0.0,0.0,0.0,0.0
163208870683,171798767117,Спорт и отдых,"коврик для йоги тпе 183х61х0,6 см","hawk коврик для йоги тпе 183х61х0,6 см e39315 (фиолетовый)",0.0,0.6506684143098873,1.0,0.75,1.0,1.0,1.0,0.0,0.0,0.0,0.0,1.0,0.0
403726969854,609885363559,Детские товары,"мягкая игрушка ""медведь"", цвет кофейный, 50 см","любимая игрушка мягкая игрушка «медведь тони», цвет кофейный, 50 см",0.0,0.6505886911974688,0.8641975308641975,1.0,0.0,1.0,1.0,0.0,0.0,0.0,0.0,0.0,0.0
695784728019,420906859879,Музыкальные инструменты,каподастр для акустической гитары alice a007e-a,alice a007d-a каподастр для акустической гитары,0.0,0.6505864082324195,0.9787234042553191,1.0,0.0,0.0,0.0,0.0,0.0,0.0,0.0,0.0,1.0
429496824487,704374642679,Хобби и творчество,"kubanstar / алмазная мозаика, 40х50 см / полная выкладка",kubanstar / алмазная мозаика 40x50 см,0.0,0.6505387837681689,0.7912087912087913,1.0,0.0,1.0,1.0,0.0,0.0,0.0,0.0,0.0,0.0
575525682744,25769842516,Бытовая химия,glorix чистящее средство для мытья пола цветущая яблоня и ландыш 1 литр х 4 шт.,средство чистящее для пола glorix цветущая яблоня и ландыш 1 л,0.0,0.6503268289192607,0.9836065573770492,0.5,1.0,0.0,1.0,1.0,0.0,0.0,0.0,0.0,0.0
412316882841,738734426781,Бытовая техника,electrolux rainbow eafr-150тн beige вытяжной вентилятор с датчиком влажности и регулируемым таймером,вентилятор вытяжной electrolux eafr-150t beige,0.0,0.6499319390088457,0.878048780487805,1.0,0.0,0.0,0.0,0.0,1.0,0.0,0.0,1.0,0.0
773094215939,781684106184,Бытовая химия,гель для стирки clean home для детского белья универсальный 1 л,"clean home / гель для стирки гель, универсальное, 1 л",0.0,0.6497625939381958,0.8214285714285714,1.0,0.0,1.0,1.0,0.0,0.0,0.0,0.0,0.0,0.0
481036440354,326417568738,Бытовая химия,"невская косметика гель для мытья детской посуды и принадлежностей детский невская косметика, 500мл х 20шт",гель для мытья посуды невская косметика и принадлежностей детский 500мл,0.0,0.6496053705110264,1.0,0.5,1.0,1.0,1.0,0.0,1.0,0.0,0.0,0.0,0.0
188978665102,120259243645,Бытовая техника,"bosch электрическая варочная панель pke645ba2e, черный","электрическая варочная панель bosch pke645ca2e, с рамкой, цвет панели черный, цвет рамки серебристый",0.0,0.6495975478218285,0.7865168539325842,1.0,0.0,0.0,0.0,0.0,0.0,0.0,0.0,1.0,0.0
764504211975,506806171818,Красота и гигиена,ушастый нянь жидкое мыло 300 мл,"ушастый нянь / жидкое мыло с пантенолом, 300 мл",0.0,0.649391567648674,1.0,1.0,0.0,1.0,1.0,0.0,0.0,0.0,0.0,0.0,0.0
816043856262,678604903343,Автотовары,gmb gwn44a помпа водяная,помпа водяная gmb gwis44a,0.0,0.649223454999899,0.9387755102040817,1.0,0.0,0.0,0.0,0.0,0.0,0.0,1.0,0.0,0.0
523986020465,506806174497,Детские товары,мягкая игрушка котик 25 см,мягкая игрушка котокуб квадратный кот 25 см,0.0,0.64911464421844,0.8695652173913043,1.0,0.0,1.0,1.0,0.0,0.0,0.0,0.0,1.0,0.0
455266672580,592705494739,Детские товары,"lubby поильник с силиконовой трубочкой и ручками, 240 мл","поильник с трубочкой, 240 мл, с ручками, цвета микс",0.0,0.6490883437982886,0.7238095238095238,1.0,0.0,1.0,0.0,0.0,0.0,0.0,0.0,0.0,1.0
730144539652,343597505535,Детские товары,"ванночка для купания новорожденных с матрасиком, складная, с термометром",/ ванночка для купания новорожденных складная с матрасиком,0.0,0.6487890368804047,0.875,0.0,0.0,0.0,0.0,0.0,0.0,0.0,0.0,0.0,1.0
8590036989,455266606361,Музыкальные инструменты,cort sfx-me-op sfx series электроакустическая гитара,электроакустическая гитара cort,0.0,0.6484054310426414,1.0,0.0,0.0,0.0,0.0,0.0,0.0,0.0,0.0,0.0,0.0
687194880853,506806255435,Бытовая техника,царга-60-кламп 2 дюйма чзда царга-60-кламп 2 дюйма,царга 2 дюйма,0.0,0.6483836372455565,0.7,0.5,1.0,0.0,0.0,0.0,1.0,0.0,0.0,0.0,0.0
773094129459,575525736727,Бытовая техника,индукционная варочная панель maunfeld cvi594bk,индукционная варочная панель/ индукционная варочная панель maunfeld cvi594swh cvi594swh,0.0,0.6482951522918242,0.891566265060241,1.0,0.0,0.0,0.0,0.0,0.0,0.0,0.0,0.0,1.0
523986163913,721554642026,Бытовая техника,"арт узор набор шпулек с нитками в контейнере, d = 20 мм, 25 шт, цвет белый","арт узор, набор шпулек с нитками в контейнере, d - 20 мм, 25 штук, цвет разноцветный",0.0,0.6482111384099662,0.8987341772151899,1.0,0.0,1.0,1.0,0.0,0.0,0.0,0.0,0.0,1.0
687194817504,292057806383,Хобби и творчество,"трафарет пластик ""ягодки"" ","no name трафарет пластик ""цветы, птичка, поцелуй"" 15х15 см",0.0,0.6481837827359084,0.7804878048780488,0.0,0.0,0.0,0.0,0.0,0.0,0.0,0.0,0.0,0.0
120259120147,412316991368,Дом и сад,коврик inspire lenzo 50x80 см полиэфир/резина цвет коричневый,"коврик inspire lenzo 50x80 см, полиэфиррезина, цвет коричневый",0.0,0.6476322302681448,0.975609756097561,1.0,0.0,1.0,0.0,0.0,0.0,0.0,0.0,0.0,0.0
257698152842,429496834942,Хобби и творчество,"лесная мастерская / набор для лепки пластилиновые картинки ""новогодняя ёлка""","лесная мастерская, пластилиновые картинки ""ёлочка в лесу""",0.0,0.6475417032299258,0.736842105263158,0.0,0.0,0.0,0.0,0.0,0.0,0.0,0.0,0.0,1.0
77309443939,111669275408,Дом и сад,ковер придверный 80х140 коврик в прихожую коридор на порог,коврик в прихожую / ковер в прихожую 80х140 придверный на порог,0.0,0.6474775598018644,0.9803921568627452,1.0,0.0,1.0,1.0,0.0,0.0,0.0,0.0,0.0,1.0
111669275408,386547065592,Дом и сад,коврик в прихожую / ковер в прихожую 80х140 придверный на порог,ковер придверный 80х140 коврик в прихожую коридор на порог,0.0,0.6474775598018644,0.9803921568627452,1.0,0.0,1.0,1.0,0.0,0.0,0.0,0.0,0.0,1.0
403726959974,240518223801,Товары для животных,"сухой кормдля котят whiskas аппетитное ассорти с индейкой и морковью, 350 г",whiskas вкусные подушечки с нежным паштетом сухой корм для взрослых кошек аппетитное ассорти с курицей и индейкой - 350 г,0.0,0.6472283672603688,0.8095238095238095,1.0,0.0,1.0,1.0,1.0,0.0,0.0,1.0,0.0,0.0
601295526928,463856567174,Красота и гигиена,"enigma / черные ресницы энигма микс 0,085/d/8-12 mm 16 линий","enigma ресницы для наращивания черные микс 0,085 / c+ / 8-12 мм (16 линий) / черные ресницы энигма микс 0,085 / с+ / 8-12 мм (16 линий)",0.0,0.6465010864543664,0.7464788732394366,1.0,0.0,1.0,0.0,0.0,0.0,0.0,0.0,0.0,0.0
137438993699,627065242356,Автотовары,чехлы на сиденья пежо боксер (peugeot boxer) g9 с 2006-н.в. фургон 3 мест,чехлы на сиденья пежо боксер (peugeot boxer) с 2006-н.в. g9,0.0,0.6463659972051793,1.0,0.6666666666666666,1.0,0.0,0.0,0.0,0.0,0.0,0.0,0.0,1.0
25769853724,850403675985,Товары для животных,"hill's / hill's k/d корм для кошек при заболеваниях почек, 1,5 кг","сухой корм для кошек hill's при заболевании почек, 1,5 кг",0.0,0.6462367079977586,0.8869565217391304,1.0,0.0,1.0,1.0,0.0,0.0,0.0,0.0,0.0,0.0
386547150757,3849,Хобби и творчество,"addi / спицы круговые из оливкового дерева, addinature",спицы круговые из оливкового дерева №5.5 100 см addi 575-7/5.5-100,0.0,0.646027414123628,0.7586206896551724,0.0,0.0,0.0,0.0,0.0,0.0,0.0,0.0,0.0,0.0
798863982000,635655161178,Детские товары,мягкая игрушка сонэ и соён котик,milo toys / мягкая игрушка сонэ и соён котик в свитере,0.0,0.6459402425654988,1.0,0.0,0.0,0.0,0.0,0.0,0.0,0.0,0.0,0.0,0.0
34359774902,627065324001,Хобби и творчество,"настольная игра-викторина ""путешествие в сказку""","квест книга игра ""путешествие в сказку""",0.0,0.6456594435187101,0.735632183908046,0.0,0.0,0.0,0.0,0.0,0.0,0.0,0.0,0.0,0.0
369367277557,627065298633,Бытовая техника,graude / graude bm 60.2 e духовой шкаф,graude электрический духовой шкаф электрический bm 60.2 s,0.0,0.6454931266162032,0.9310344827586207,1.0,0.0,0.0,0.0,0.0,0.0,0.0,1.0,0.0,0.0
231928397117,326417570792,Товары для животных,"сухой диетический корм для собак farmina 2 кг vet life struvite management профилактика рецидивов мкб, курица",farmina / vet life struvite management для кошек с курицей 2 кг,0.0,0.6452729423602607,0.8333333333333333,1.0,0.0,1.0,1.0,0.0,0.0,0.0,0.0,0.0,0.0
730144581855,833223802196,Детские товары,"машинка junfa джип-внедорожник 6х6 дорожный зверь 1:14, белая","junfa / машинка junfa джип-внедорожник 6х6 дорожный зверь 1:14, синяя wc-11568",0.0,0.6452157219076227,0.9482758620689655,0.75,1.0,0.0,0.0,0.0,0.0,0.0,0.0,0.0,0.0
670014956086,60129633721,Электроника,samsung / чехол на samsung s24 ultra с принтом,чехол на samsung s24 ultra с принтом,0.0,0.6451157613094235,1.0,1.0,0.0,0.0,0.0,0.0,0.0,0.0,0.0,0.0,1.0
274877915222,755914305850,Электроника,samsung / чехол на samsung s24 ultra с принтом,чехол на samsung s24 ultra с принтом,0.0,0.6451157613094235,1.0,1.0,0.0,0.0,0.0,0.0,0.0,0.0,0.0,0.0,0.0
515396089757,747324449216,Бытовая химия,vash gold средство для чистки стеклокерамических плит (жироудалитель) 500 мл (спрей) цифра,жироудалитель спрей vash gold 500 мл,0.0,0.6448547961763005,0.6153846153846154,1.0,0.0,1.0,0.0,1.0,0.0,0.0,1.0,0.0,0.0
515396180283,188978628947,Хобби и творчество,jim scale / набор акриловых красок,набор акриловых красок jim scale зимний камуфляж бтт ссср,0.0,0.6446714645186619,0.9696969696969697,0.0,0.0,0.0,0.0,0.0,0.0,0.0,0.0,0.0,1.0
223338374986,206158472810,Бытовая химия,"жидкое средство для стирки grass alpi sensetive gel концентрированное 1,8 л","средство жидкое для стирки grass alpi white gel, 1,8л",0.0,0.6446363601177834,0.8222222222222223,1.0,0.0,1.0,1.0,1.0,0.0,0.0,0.0,0.0,0.0
601295496333,515396185331,Бытовая химия,"frosch универсальный очиститель, 750 мл","frosch / универсальный очиститель малина, frosch 750мл",0.0,0.6443680034021096,0.8837209302325582,1.0,0.0,1.0,1.0,0.0,0.0,0.0,0.0,0.0,0.0
128849145928,712964643242,Детские товары,"железная дорога ""парк развлечений"", работает от батареек","не определен железная дорога «парк развлечений», световые и звуковые эффекты, работает от батареек",0.0,0.6443562717848759,0.782608695652174,0.0,0.0,0.0,0.0,0.0,0.0,0.0,0.0,0.0,0.0
584115711384,309237710185,Спорт и отдых,"без бренда гермомешок водонепроницаемый 20 литров, плотность 54 мкр, цвет синий",гермомешок 20 литров,0.0,0.6441515978682586,0.7878787878787878,0.5,1.0,0.0,0.0,0.0,0.0,0.0,0.0,0.0,1.0
575525704255,94489280698,Бытовая химия,набор гелей для стирки woolite premium pro-care 900 мл + color 900 мл,набор гелей для стирки woolite premium dark 900 мл. + color 900 мл.,0.0,0.6437911595242315,0.9256198347107438,1.0,0.0,1.0,0.0,1.0,0.0,0.0,0.0,0.0,0.0
798864021481,463856615351,Дом и сад,"белорусский лен комплект постельного белья, евро, наволочки 50x70","белорусский лен / комплект постельного белья, евро, наволочки 50х70, розовый",0.0,0.643727764224728,0.9516129032258064,1.0,0.0,0.0,0.0,0.0,0.0,0.0,0.0,0.0,1.0
601295573182,566935802253,Хобби и творчество,термонаклейка для одежды с именем валерий,без бренда термонаклейка для одежды с именем елисей,0.0,0.6437227003977024,0.8918918918918919,0.0,0.0,0.0,0.0,0.0,0.0,0.0,0.0,0.0,1.0
94489282431,627065308166,Продукты питания,"масло оливковое monini extra virgin classico, нерафинированное, 1 л",monini / оливковое масло extra virgin нерафинированное delicato 1л,0.0,0.6435618092415439,0.8872180451127819,1.0,0.0,1.0,1.0,0.0,0.0,0.0,0.0,0.0,0.0
103874,85899381670,Бытовая химия,"migan комплект ""migan"", от комаров, фумигатор и флакон, 30 мл",комплект  флакон с жидкостью от комаров 30 мл. + электрофумигатор,0.0,0.6430397614082883,0.72,1.0,0.0,1.0,1.0,0.0,1.0,0.0,0.0,0.0,0.0
747324397301,412316892099,Канцелярские товары,"комплект 9 штук, маркер акриловый edding 5100/906. кругл. нак. 2-3 мм. цвет солнечный желтый",маркер акриловый edding 5100/906.кругл.нак. 2-3 мм. цвет солнечный желтый,0.0,0.642623412564834,0.8848484848484849,0.8,1.0,1.0,0.0,0.0,0.0,0.0,0.0,0.0,0.0
515396172764,730144518095,Товары для животных,"мираторг / expert сухой бережная забота о здоровье почек 1,5кг","сухой корм для собак мираторг expert бережная забота о здоровье печени, 1,5 кг",0.0,0.6425933454494929,0.8727272727272728,1.0,0.0,1.0,1.0,0.0,0.0,0.0,0.0,0.0,0.0
206158532639,755914266086,Детские товары,конструктор город мастеров большие кубики:домик 25 дет. 259672,"конструктор город мастеров ""большие кубики, домик"" (25 дет.)",0.0,0.6425094504962016,0.7540983606557377,0.5,1.0,0.0,0.0,0.0,0.0,0.0,0.0,0.0,0.0
747324415681,60129592379,Хобби и творчество,набор для творчества. новогодний шар-персонаж 'снеговик в шапке',школа талантов набор для творчества. елочный шар «снегирь в шапочке»,0.0,0.6424217976486978,0.6818181818181819,0.0,0.0,0.0,0.0,0.0,0.0,0.0,0.0,0.0,0.0
627065300470,111669211451,Хобби и творчество,lori выращивание кристаллов «алхимик. красный дракончик»,"алхимик. выращивание кристаллов. драконы. ""розовый дракончик"", lori",0.0,0.6417504995327254,0.8292682926829268,0.0,0.0,0.0,0.0,0.0,0.0,0.0,0.0,0.0,1.0
120259165013,438086820170,Канцелярские товары,"папка для чертежей и рисунков а3, 470 х 350 х 20 мм, с ручками, текстильная, calligrata ст","папка для чертежей и рисунков а3, 470 х 350 х 20 мм, с ручками, текстильная, calligrata, ""надписи""",0.0,0.6414205054364525,0.923913043478261,1.0,0.0,1.0,1.0,1.0,0.0,0.0,0.0,0.0,1.0
506806189140,85899485039,Хобби и творчество,"стикерная мозайка форменная пинки пай, my little pony","hasbro / ободок для волос ""пинки пай"", my little pony",0.0,0.6411142734363734,0.49056603773584906,0.0,0.0,0.0,0.0,0.0,0.0,0.0,0.0,0.0,0.0
93486,824633816607,Бытовая химия,гель для стирки clean home текстиля и аксессуаров для домашних животных 1000мл,"clean home / гель для стирки ,1000 мл",0.0,0.6409377033351974,0.8253968253968255,1.0,0.0,1.0,1.0,0.0,0.0,0.0,0.0,0.0,0.0
575525736888,266288130783,Бытовая техника,making oasis everywhere / мини-печь электрическая духовка m-37br,электрическая мини-печь making oasis everywhere m-37b,0.0,0.6408957699506039,0.94,1.0,0.0,1.0,1.0,0.0,0.0,0.0,0.0,0.0,1.0
850403560990,197568558864,Автотовары,arivo ultra arz4 шины летние 225/55  r18 102v,arivo / шины летние 225/55r18 102v xl ultra arz4,0.0,0.640852830869243,0.9347826086956522,1.0,0.0,1.0,1.0,0.0,0.0,0.0,0.0,0.0,0.0
755914337931,773094234932,Хобби и творчество,"двусторонний тетрис "" транспорт""",тетрис транспорт,0.0,0.6406946300399684,0.6666666666666665,0.0,0.0,0.0,0.0,0.0,0.0,0.0,0.0,0.0,0.0
601295464533,704374674620,Хобби и творчество,термоаппликация,"термоаппликация / термонаклейка, термоаппликация, патч, термотрансфер",0.0,0.6406724535280118,1.0,0.0,0.0,0.0,0.0,0.0,0.0,0.0,0.0,0.0,1.0
627065317220,197568561572,Бытовая химия,"grass / очиститель после ремонта cement remover, 1 л",средство для очистки после ремонта cement remover grass 1л,0.0,0.6404395574906161,0.8363636363636364,1.0,0.0,1.0,1.0,0.0,0.0,0.0,0.0,0.0,0.0
807453864695,506806199560,Товары для животных,"не определен миска №1 ""нулевка"" 200 мл, 13,5 х 12,5 х 3 см, светло-бирюзовый перламутр","миска №1 ""нулевка"" 200 мл, 13,5 х 12,5 х 3 см, синяя",0.0,0.6404131640980091,0.9361702127659575,1.0,0.0,1.0,0.0,0.0,1.0,0.0,0.0,0.0,0.0
807453931203,188978591552,Детские товары,"мягкая игрушка ""медведь"", 40 см","мягкая игрушка ""медведь""",0.0,0.6401735020590258,0.8727272727272728,0.0,0.0,0.0,1.0,0.0,0.0,0.0,0.0,0.0,0.0
506806186094,51539660901,Хобби и творчество,буква-ленд раскраска гигант «день в зоопарке»,"раскраска-гигант ""мир динозавров""",0.0,0.6399157621829304,0.4358974358974359,0.0,0.0,0.0,0.0,0.0,0.0,0.0,0.0,0.0,1.0
695784740314,481036398530,Хобби и творчество,наклейка на авто без фона - vagodroch / вагодроч,1-я наклейка наклейки на авто стикеры vagodroch вагодроч,0.0,0.6398293358824724,0.8433734939759036,0.0,0.0,0.0,0.0,0.0,0.0,0.0,0.0,0.0,0.0
850403604231,738734446232,Хобби и творчество,спицы круговые супергладкие addiclassic №2.75 150 см,addi / cпицы круговые супергладкие classic,0.0,0.6398271840634526,0.8297872340425532,0.0,0.0,0.0,1.0,0.0,0.0,0.0,0.0,0.0,0.0
85899457711,335007476141,Детские товары,budi basa / мягкая игрушка кот басик 30 см в пижаме,мягкая игрушка budi basa кот басик в спортивном костюме 30 см,0.0,0.6394073935592991,0.903225806451613,1.0,0.0,1.0,1.0,0.0,0.0,0.0,0.0,0.0,0.0
309237771634,592705508686,Хобби и творчество,"спицы круговые укороченные nova metal 5мм, 40см, knitpro, 10355",knit pro / спицы для вязания,0.0,0.6393277809781863,0.37362637362637363,0.0,0.0,0.0,0.0,0.0,0.0,0.0,0.0,0.0,0.0
60129689516,695784820299,Бытовая техника,вытяжка встраиваемая korting khi 9997 x,вытяжка встраиваемая korting khi 9997 gn черное стекло,0.0,0.6393245759192346,0.9736842105263157,1.0,0.0,0.0,1.0,0.0,0.0,0.0,0.0,0.0,0.0
395137042123,120259195465,Хобби и творчество,не определен наклейки стикеры зайчики,наклейки стикеры зайчики,0.0,0.6391632450288806,1.0,0.0,0.0,0.0,0.0,1.0,0.0,0.0,0.0,0.0,0.0
360777305914,764504287509,Бытовая химия,стиральный порошок ariel автомат горный родник 20 стирок 3 кг,ariel / порошок стиральный,0.0,0.639081341619156,0.96,0.0,0.0,0.0,1.0,0.0,0.0,0.0,0.0,0.0,0.0
25769848851,463856525036,Бытовая техника,"electrolux водонагреватель накопительный ewh 50 royal flash, серебристый",electrolux / водонагреватель electrolux ewh 50,0.0,0.6386828678050875,0.9705882352941176,1.0,0.0,0.0,0.0,0.0,0.0,0.0,1.0,0.0,0.0
652835047364,687194875960,Товары для животных,"пушистое счастье лежанка с косточкой, 45х35х11 см, персиковая","лежанка с рыбкой, 45х35х11 см, персиковая пушистое счастье",0.0,0.638266000629607,0.9259259259259259,1.0,0.0,1.0,1.0,1.0,0.0,0.0,0.0,0.0,0.0
644245180089,326417666118,Бытовая химия,"domestos блок для очищения туалета power 5 свежесть лайма и ледяная магнолия, 5 шт",domestos / туалетный блок power 5 свежесть лайма,0.0,0.6382264539389373,0.8571428571428571,1.0,0.0,0.0,1.0,0.0,0.0,0.0,0.0,0.0,0.0
206158437656,85899378360,Спорт и отдых,медленно-растворимая рыболовная прикормка золотая рыбка,carat медленно-растворимая рыболовная прикормка золотая рыбка,0.0,0.6380888832238135,1.0,0.0,0.0,0.0,0.0,0.0,0.0,0.0,0.0,0.0,1.0
60129553132,25769830715,Детские товары,budi basa / мягкая игрушка кошка ли-ли балерина с лебедем 24 см lk24-006,мягкая игрушка budi basa кошка ли-ли с совой 24 см,0.0,0.637903842702861,0.9361702127659575,0.5,1.0,1.0,1.0,0.0,0.0,0.0,0.0,0.0,0.0
609885484930,481036375882,Красота и гигиена, reni 355 наливная парфюмерия 100 мл,reni parfum 355 наливная парфюмерия 100 мл-женский,0.0,0.637864507856657,0.955223880597015,1.0,0.0,1.0,1.0,0.0,0.0,0.0,0.0,0.0,0.0
128849164517,94489328597,Детские товары,трусики-подгузники offspring xxl 15-23 кг 24 шт расцветка джунгли,offspring трусики-подгузники xxl 15-23 кг (24 шт) расцветка рыбки. мягкие и стильные эко-подгузники из австралии с заботой о детях,0.0,0.6376559052981687,0.8793103448275862,1.0,0.0,1.0,1.0,0.0,0.0,0.0,0.0,0.0,0.0
257698037967,223338302145,Автотовары,patron / рычаг подвески ford: escort 91- (произведено в турции),рычаг подвески лев ford: escort 91-,0.0,0.6376396983413012,0.9393939393939393,1.0,0.0,0.0,0.0,0.0,0.0,0.0,1.0,0.0,0.0
343597444388,438086792115,Канцелярские товары,calligrata папка a4 (21 × 29.7 см),"calligrata папка ""дипломный проект"" а4 бумвинил, гребешки/сутаж, без бумаги, чёрная (вместимость до 300 листов)",0.0,0.6373636978460053,0.64,0.25,1.0,0.0,0.0,0.0,0.0,0.0,0.0,1.0,0.0
17179890198,360777385552,Детские товары,"набор музыкальных инструментов, 3 предмета","наборы музыкальных инструментов наша игрушка набор музыкальных инструментов, 3 предм, в асс, пакет",0.0,0.6372669757671299,0.88,1.0,0.0,0.0,0.0,0.0,0.0,0.0,0.0,0.0,0.0
33036,231928273279,Детские товары,игрушка азбукварик веселый паровозик 1 шт,"не определен железная дорога «весёлый паровозик», звуковые эффекты, работает от батареек",0.0,0.636926947134153,0.3565891472868218,0.0,0.0,0.0,1.0,0.0,0.0,0.0,0.0,0.0,0.0
403727055118,446676635926,Бытовая химия,"чистящее средство спрей для уборки ванной и кухни от налета cillit bang антиналет + блеск, 450 мл",cillit bang чистящее средство для кухни антижир + сияние 450 мл спрей,0.0,0.6368008427149368,0.878048780487805,1.0,0.0,1.0,0.0,0.0,1.0,0.0,0.0,0.0,0.0
292057797563,592705580093,Бытовая техника,"каминная вытяжка graude dhp 50.0 w, белая, ширина 50 см, производительность 450 м3/час, 3 режима, led-подсветка",вытяжка graude dhp 50.0 s,0.0,0.6363633986030114,0.9583333333333333,0.25,1.0,1.0,1.0,0.0,1.0,0.0,0.0,0.0,1.0
128849115403,343597435200,Хобби и творчество,"алмазная мозаика картина стразами бабочка, 15х20 см","алмазная мозаика мозайка / алмазная мозаика картина стразами бабочка, 15х20 см",0.0,0.6358738135343321,1.0,1.0,0.0,1.0,1.0,0.0,0.0,0.0,0.0,0.0,0.0
712964628094,618475307108,Бытовая техника,kapous / фен для волос профессиональный мощный tornado 2500,профессиональный фен для укладки волос kapous professional tornado 2500 ,0.0,0.6358620055625765,0.9174311926605505,1.0,0.0,0.0,0.0,0.0,0.0,0.0,0.0,0.0,1.0
695784840231,403726943194,Детские товары,машинка hot wheels car model porsche panameraw30is38 mha,hot wheels / машинка hot wheels игрушка коллекционная оригинал,0.0,0.6358353735289968,0.5217391304347826,0.0,0.0,0.0,0.0,0.0,0.0,0.0,0.0,0.0,1.0
257698165082,747324384615,Детские товары,"ming jia long коляска универсальная для кукол, с сумкой, с корзиной, металлический каркас","коляска для кукол с сумкой, универсальная, металлический каркас",0.0,0.6356366846541394,0.8266666666666667,0.0,0.0,0.0,0.0,0.0,0.0,0.0,0.0,0.0,1.0
154618838555,833223787340,Товары для животных,n1 №1 грейфер веревка для собак плетеная с мячом 33см,№1 грейфер веревка плетеная с мячом. 33см,0.0,0.6354672245580587,0.9066666666666667,1.0,0.0,1.0,1.0,0.0,0.0,0.0,0.0,0.0,0.0
541165991248,377957274398,Товары для животных,"пижон когти накладные ""антицарапки"", размер s, серые",когти накладные антицарапки размер s,0.0,0.6351916155041165,0.7727272727272728,0.0,0.0,0.0,0.0,0.0,0.0,0.0,0.0,0.0,0.0
68719542498,266288054830,Детские товары,"набор металлических машин классика, 4 штуки, 1:48, инерция, открываются двери",dominata / машинки металлические крузер,0.0,0.6348306730743997,0.41379310344827586,0.0,0.0,0.0,0.0,0.0,0.0,0.0,0.0,0.0,0.0
584115688988,816043890660,Детские товары,abtoys / мягкая игрушка кошка с пайетками 20 см,"мягкая игрушка abtoys кошка пушистая, 20 см",0.0,0.634730685832908,0.8684210526315789,1.0,0.0,1.0,1.0,0.0,0.0,0.0,0.0,0.0,0.0
317827716580,738734492116,Бытовая химия,"стиральный порошок sarma актив горная свежесть, 6 кг, для белых и светлых тканей, универсальное", стиральный порошок,0.0,0.6342809617360545,1.0,0.0,0.0,0.0,0.0,0.0,1.0,0.0,0.0,0.0,0.0
300647786215,85899435877,Бытовая химия,средство для чистки плит sanita спрей антижир 500г для стеклокерамики,санита / средство для чистки плит sanita спрей антижир 500г для стекл,0.0,0.6342544744073674,0.8695652173913043,1.0,0.0,1.0,1.0,0.0,0.0,0.0,0.0,0.0,0.0
687194866818,25769936996,Хобби и творчество,"набор для творчества. новогодний шар с витражными красками, синий","школа талантов набор для творчества. новогодний шар с витражными красками, красный",0.0,0.6341429736370446,0.9516129032258064,0.0,0.0,0.0,0.0,0.0,0.0,0.0,0.0,0.0,0.0
429496851847,558345841322,Хобби и творчество,"шахматы обиходные ""панды"" (король h-6.2 см, пешка h-3.2 см), доска 29 х 29 см",шахматы sima-land обиходные «машинка» король h 6.2 см пешка h 3.2 см доска 29х29 см,0.0,0.634092998032863,0.6308724832214765,1.0,0.0,1.0,0.0,0.0,0.0,0.0,0.0,0.0,0.0
463856518605,154618934239,Детские товары,"набор 2 шт. светящаяся соска-пустышка латексная bibs colour: vanilla glow/dark oak glow, 6+ месяцев",набор 2 шт. соска-пустышка bibs colour vanilla/blush 6+ месяцев,0.0,0.6339910293689666,0.8,1.0,0.0,1.0,0.0,0.0,0.0,0.0,0.0,0.0,0.0
670015002065,300647781591,Бытовая химия,"средство для чистки ванн sanfor ""лимонная свежесть"", 750 г",sanfor / средство чистящее для ванн лимонная свежесть 750 г,0.0,0.6335394104021502,0.905982905982906,1.0,0.0,1.0,1.0,0.0,0.0,0.0,0.0,0.0,0.0
42949753904,309237790935,Бытовая техника,"maunfeld электрическая варочная панель cvce594bdbk, черный",maunfeld cvi594bk,0.0,0.6334214467039676,0.64,1.0,0.0,0.0,1.0,0.0,0.0,0.0,0.0,1.0,0.0
377957183557,240518299856,Детские товары,asras - toy / мягкая игрушка подушка гусь обнимусь 130 см большая,мягкая плюшевая игрушка подушка гусь обнимусь 130 см,0.0,0.6333371466066,0.9052631578947369,1.0,0.0,1.0,1.0,0.0,0.0,0.0,0.0,0.0,1.0
730144555490,377957183557,Детские товары,мягкая плюшевая игрушка подушка гусь обнимусь 130 см,asras - toy / мягкая игрушка подушка гусь обнимусь 130 см большая,0.0,0.6333371466066,0.9052631578947369,1.0,0.0,1.0,1.0,0.0,0.0,0.0,0.0,0.0,1.0
764504200113,395137103721,Детские товары,не определен рамка-вкладыш дикие животные,"рамка-вкладыш ""дикие животные""",0.0,0.6332834395797168,0.7887323943661971,0.0,0.0,0.0,0.0,0.0,0.0,0.0,0.0,0.0,0.0
223338400360,352187431097,Бытовая химия,dr. beckmann / ловушка (ловушки) для цвета и грязи (салфетки) 22 шт,"ловушка для цвета и грязи (салфетка) dr. beckmann, одноразовая, 22 шт",0.0,0.632988910147737,0.7941176470588235,1.0,0.0,1.0,1.0,0.0,0.0,0.0,0.0,0.0,0.0
360777388571,446676663545,Строительство и ремонт,звонок проводной сверчок соловей 220в 80-90дба бел. тритон св-05 (9шт. в упак.),звонок проводной сверчок соловей 220в 80-90дба бел. тритон св-05,0.0,0.6327238097582552,1.0,0.8,1.0,0.0,0.0,0.0,0.0,0.0,0.0,0.0,0.0
523986105909,678604898450,Хобби и творчество,"наклейки тематические ""животные африки""",лесная мастерская пазл разрезные картинки «животные африки»,0.0,0.6325713214674259,0.5714285714285715,0.0,0.0,0.0,0.0,0.0,0.0,0.0,0.0,0.0,0.0
566935767723,592705583625,Хобби и творчество,наклейки для скрапбукинга,не определен наклейки для скрапбукинга печать,0.0,0.6325363323676706,1.0,0.0,0.0,0.0,0.0,0.0,1.0,0.0,0.0,0.0,1.0
77309448243,103079249966,Товары для животных,"dog lunch / корм для собак средних и крупных пород, жкт,телятина 15 кг","сухой корм dog lunch для собак средних и крупных пород, говядина, 15 кг",0.0,0.6324557784219187,0.88,1.0,0.0,1.0,1.0,0.0,0.0,0.0,0.0,0.0,0.0
747324337081,180388667145,Детские товары,"каток радиоуправляемый ""дорожные работы"", работает от батареек","без бренда каток радиоуправляемый дорожные работы, работает от батареек",0.0,0.6319338065998029,0.9022556390977443,0.0,0.0,0.0,0.0,0.0,0.0,0.0,0.0,0.0,0.0
360777360562,850403683504,Хобби и творчество,"время игры падающая башня ""время игры"", 20.5 х 6.3 см, 54 бруска, брусок 6.3 х 1.1 х 2.1 см","время игры, падающая башня ""время игры"", 20.5 х 6.3 см, 54 бруска, брусок 6.3 х 1.1 х 2.1 см",0.0,0.6318906962699802,0.9940119760479043,1.0,0.0,1.0,0.0,0.0,0.0,0.0,0.0,0.0,0.0
721554631541,695784783987,Бытовая техника,микроволновая печь haier hmbmm207sa,haier / микроволновая печь соло hmg-mm207sa,0.0,0.6318085846896827,0.8717948717948718,1.0,0.0,0.0,0.0,0.0,0.0,0.0,0.0,0.0,1.0
292057851163,206158548045,Хобби и творчество,"gamma, ручка для ткани, термоисчезающая, цвет синий №04, 2 штуки","ручка для ткани арт узор термоисчезающая, цвет белый",0.0,0.6317687658058897,0.746987951807229,0.0,0.0,0.0,0.0,0.0,0.0,0.0,0.0,0.0,1.0
343597433354,326417633943,Товары для животных,"canin / сухой корм kitten для котят, 2 кг","сухой корм для котят royal canin kitten sterilised, 2 кг",0.0,0.6312941647188922,0.8767123287671232,1.0,0.0,1.0,1.0,0.0,0.0,0.0,0.0,0.0,0.0
738734445302,644245196607,Хобби и творчество,"алмазная мозаика на подрамнике ""матрона московская"" 40x30 см, 19 цветов",вышивка / алмазная мозаика на подрамнике икона матрона московская,0.0,0.6312177493365613,0.7205882352941176,0.0,0.0,0.0,1.0,0.0,0.0,0.0,0.0,0.0,0.0
309237750141,807453905120,Детские товары,"грузовик инерционный стройка, микс",грузовик инерционный стройка,0.0,0.6310890607118652,0.903225806451613,0.0,0.0,0.0,0.0,0.0,0.0,0.0,0.0,0.0,0.0
77309455303,64459,Бытовая техника,sonic toothbrush x-3 / электрическая зубная щетка sonic toothbrush x-3,"sonic medical электрическая зубная щетка sonic toothbrush x3, черный",0.0,0.6310439369343361,0.9347826086956522,1.0,0.0,0.0,0.0,0.0,0.0,0.0,1.0,0.0,1.0
798863937606,85899441211,Товары для животных,"пижон, домик-вигвам ""нежность"", 40 х 40 х 37 см, бязь, розовый","пижон домик-вигвам ""нежность"", 40 х 40 х 37 см, бязь, коричневый",0.0,0.6310353533476808,0.8484848484848484,1.0,0.0,1.0,1.0,1.0,0.0,0.0,0.0,0.0,1.0
103079292654,34359818023,Бытовая химия,airwick / автоматический аэрозольный освежитель воздуха 250 мл,"ароматический освежитель воздуха airwick дикий гранат, сменный баллон 250 мл",0.0,0.6306525233324226,0.7536231884057972,1.0,0.0,1.0,1.0,0.0,0.0,0.0,0.0,0.0,0.0
77309493634,609885453362,Бытовая техника,"electrolux водонагреватель накопительный ewh 100 centurio iq 2.0 silver, серый металлик",electrolux ewh 100 centurio iq 2.0,0.0,0.630499641644704,1.0,1.0,0.0,0.0,0.0,0.0,0.0,0.0,0.0,0.0,1.0
566935728637,8589963300,Хобби и творчество,"глаза винтовые с заглушками, ""блёстки"" набор 30 шт, размер 1 шт: 1,6 см, цвет зелёный","/ глаза винтовые с заглушками ""блёстки""",0.0,0.6303322031550954,0.8,0.0,0.0,0.0,0.0,0.0,0.0,0.0,0.0,0.0,0.0
17179952427,446676635038,Бытовая техника,микроволновая печь соло samsung ms23t5018ac черный,samsung микроволновая печь соло ms23t5018ap,0.0,0.6301354720096198,0.903225806451613,1.0,0.0,0.0,0.0,1.0,0.0,0.0,1.0,0.0,1.0
163208838002,326417629533,Детские товары,соломон / пирамидка 7 колец с конусом № 1,"пирамидка, 7 колец с конусом",0.0,0.6298480035621032,0.782608695652174,0.5,1.0,0.0,0.0,0.0,0.0,0.0,0.0,0.0,0.0
738734404318,472446433358,Хобби и творчество,не определен наклейки стикеры пасха,наклейки стикеры пасха,0.0,0.6296728786914679,1.0,0.0,0.0,0.0,0.0,1.0,0.0,0.0,0.0,0.0,0.0
369367227480,231928375148,Красота и гигиена,luxvisage / блеск для губ плампер lip volumizer hot vanilla,luxvisage блеск - плампер для губ lip volumazer hot vanilla 302,0.0,0.6296695113832748,0.9344262295081966,0.0,0.0,0.0,0.0,0.0,0.0,0.0,0.0,0.0,0.0
790274088977,34359747688,Детские товары,"lubby / лабби соска пустышка just lubby от 0 мес, латекс","lubby латексная соска-пустышка just lubby с круглым соском, от 0 месяцев",0.0,0.6296218054337893,0.7241379310344829,1.0,0.0,1.0,1.0,0.0,0.0,0.0,0.0,0.0,0.0
317827723339,146028975813,Мебель,стул,"m-group / стул леон комфорт, аквамарин, чёрные ножки",0.0,0.6296045682184914,1.0,0.0,0.0,0.0,0.0,0.0,0.0,0.0,0.0,0.0,1.0
695784771580,764504254746,Спорт и отдых,"женский велосипед stels miss 6000 md 26 v010, год 2023, цвет зеленый, ростовка 17","stels / miss-6000 md 26"" v010 17""",0.0,0.6289810854557595,0.4210526315789474,0.8,1.0,0.0,1.0,0.0,0.0,0.0,0.0,0.0,1.0
60129701737,592705515994,Хобби и творчество,bondibon / набор для творчества bondibon ёлочные украшения дед мороз н,"набор для творчества bondibon""ёлочные украшения"" дед мороз",0.0,0.6288380554394057,0.9411764705882354,0.0,0.0,0.0,0.0,0.0,0.0,0.0,0.0,0.0,0.0
807453943042,824633788587,Хобби и творчество,"клей для слаймов, 200 мл, жёлтый","школа талантов клей для слаймов 200 мл, жёлтый",0.0,0.6284145290199381,0.8363636363636364,1.0,0.0,1.0,0.0,0.0,0.0,0.0,0.0,0.0,0.0
755914331837,68719625419,Хобби и творчество,набор бисера для рукоделия,не определен бисер для рукоделия,0.0,0.6283728340683018,0.7931034482758621,0.0,0.0,0.0,0.0,0.0,1.0,0.0,0.0,0.0,1.0
824633765756,833223705009,Хобби и творчество,шеврон участник сво,шеврон тактический (зеленый) участник сво - артиллерист,0.0,0.6283167181382132,1.0,0.0,0.0,0.0,0.0,0.0,0.0,0.0,0.0,0.0,1.0
721554645511,446676687251,Хобби и творчество,dinaart / именные термонаклейки на одежду кирилл,именные термонаклейки для подписи и маркировки детской одежды алексей,0.0,0.6281998781785757,0.6086956521739131,0.0,0.0,0.0,0.0,0.0,0.0,0.0,0.0,0.0,1.0
197568546629,309237784261,Детские товары,gen_beta / именной держатель для соски и грызунок алия,органический именной прорезыватель для зубов с именем алия. детский грызунки - деревянные и силиконовые.,0.0,0.6281534614758936,0.5063291139240507,0.0,0.0,0.0,0.0,0.0,0.0,0.0,0.0,0.0,1.0
120259207081,721554550163,Бытовая техника,не определен антивибрационные подставки для стиральных машин и холодильников ( 4 шт. в комплекте ),антивибрационные подкладки для стиральных машин и холодильников 4 шт,0.0,0.6281442805008614,0.894308943089431,1.0,0.0,1.0,1.0,0.0,1.0,0.0,0.0,0.0,0.0
420906796448,60129588670,Детские товары,игрушка интерактивная imc toys club petz акула billy,"imc toys / игрушка интерактивная imc toys club petz дельфин blublu интерактивный, со звуковыми эффектами, шевел",0.0,0.6279931438575067,0.8695652173913043,0.0,0.0,0.0,0.0,0.0,0.0,0.0,0.0,0.0,0.0
283467856025,412316987488,Хобби и творчество,"миртъ / славянский оберег ""чертог тура""",миртъ / амулет / славянский оберег чертог волка,0.0,0.6277879182788729,0.78125,0.0,0.0,0.0,0.0,0.0,0.0,0.0,0.0,0.0,0.0
94489409851,42949708475,Красота и гигиена,набор для маникюра и педикюра. маникюрный набор,маникюрный набор / набор для маникюра и педикюра,0.0,0.6276896339121897,0.963855421686747,0.0,0.0,0.0,0.0,0.0,0.0,0.0,0.0,0.0,0.0
317827586870,111669174239,Детские товары,"машина металлическая audi rs3 sportback, 1:43, цвет красный 1 шт.",автоград / машина металлическая audi rs3 sportback 1:43 цвет чёрный,0.0,0.6271970067814054,0.8484848484848484,1.0,0.0,0.0,1.0,0.0,0.0,0.0,0.0,0.0,0.0
773094174627,94489285191,Хобби и творчество,алмазная мозаика на подрамнике 40х50 лебеди,алмазная мозаика на подрамнике пара лебедей 40х50 см,0.0,0.6271194437165428,0.9113924050632911,1.0,0.0,1.0,1.0,0.0,0.0,0.0,0.0,0.0,1.0
446676679646,283467891113,Хобби и творчество,холст на подрамнике 30х40 лен т0003956,туюкан / холст,0.0,0.6270229106284003,0.5263157894736842,0.0,0.0,0.0,0.0,0.0,0.0,0.0,0.0,0.0,0.0
506806288914,25769806219,Автотовары,"провод пгва rexant 1х2.50 мм, черный, бухта 100 м","rexant / провод пгва 1х2.50 мм, белый, бухта 100 м",0.0,0.6269812082946116,0.9292929292929293,1.0,0.0,1.0,1.0,0.0,0.0,0.0,0.0,0.0,0.0
97411,618475375701,Автотовары,autokot / чехлы на сиденья для chery qq6 (2006-2010),чехлы на сиденья для чери куку 6 (chery qq6 2006-2010) / autokot / pcherryqq60610linesser,0.0,0.6268458429198376,0.7906976744186046,0.75,1.0,0.0,0.0,0.0,0.0,0.0,1.0,0.0,1.0
670015003204,154618949702,Музыкальные инструменты,"seydel sohne / губная гармошка, session steel natural minor e","10313d session steel natural minor d губная гармошка, seydel sohne",0.0,0.6268197126617372,0.9661016949152542,0.0,0.0,0.0,0.0,0.0,0.0,0.0,0.0,0.0,0.0
249108204651,532576068290,Строительство и ремонт,лампа галогенная кг 5000вт линейная k27s 220в мегаватт 03192,лампа галогенная кг 5000вт линейная k27s 220в мегаватт 03192 (8шт. в упак.),0.0,0.6266753141249483,1.0,0.8,1.0,0.0,0.0,0.0,0.0,0.0,0.0,0.0,0.0
128849035576,523986128492,Детские товары,подгузники-трусики yokosun l (9-14 кг) 44 шт,"трусики-подгузники yoshioki l (9-14 кг), 44 шт",0.0,0.6266129063795923,0.7111111111111111,1.0,0.0,1.0,0.0,0.0,1.0,0.0,0.0,0.0,0.0
584115590017,566935768001,Детские товары,"happy valley кукла-модель шарнирная «высокая мода», цветочный стиль","кукла-модель шарнирная ""высокая мода"", бирюзовый стиль",0.0,0.6264939583223466,0.6942148760330579,0.0,0.0,0.0,0.0,0.0,0.0,0.0,0.0,0.0,0.0
188978665111,575525751360,Детские товары,"полесье / автомобиль самосвал премиум 67х26,5х36,5 см","автомобиль самосвал дорожный ""премиум"" 67х26,5х36,5 см",0.0,0.6264281438584309,0.8037383177570093,1.0,0.0,1.0,0.0,0.0,0.0,0.0,0.0,0.0,0.0
644245228454,764504295734,Товары для животных,monge dog monoprotein fruits консервы для собак паштет из кролика с яблоком 150г,"monge monoprotein консервы для собак, с кроликом, 150 г",0.0,0.6264247855324727,0.7407407407407408,1.0,0.0,1.0,1.0,1.0,0.0,0.0,0.0,0.0,0.0
575525748686,652835043380,Детские товары,"машина металлическая vw touareg полиция, 12см, инерционная,","модель машины технопарк металлическая ""vw passat полиция"" 12 см, свет и звук, открываются двери, инерционная, в коробке",0.0,0.6262885950456417,0.611764705882353,1.0,0.0,1.0,1.0,0.0,0.0,0.0,0.0,0.0,0.0
77309468553,231928328579,Бытовая техника,samsung / пылесос samsung sc/vc 18m31c0hg черный,"samsung бытовой пылесос sc-18m31a0hp, бордовый",0.0,0.6259744317130672,0.627906976744186,1.0,0.0,1.0,1.0,0.0,0.0,0.0,1.0,0.0,0.0
438086673281,188978607739,Хобби и творчество,паспарту 30х35,арт-студия ариша. мастерская багета / картина,0.0,0.6258363065623114,0.2033898305084746,0.0,0.0,0.0,0.0,0.0,0.0,0.0,0.0,0.0,1.0
438086667979,816043940213,Детские товары,мягкая игрушка мишка валентинка,7toys / мягкая игрушка мишка валентинка,0.0,0.625726702474182,1.0,0.0,0.0,0.0,0.0,0.0,0.0,0.0,0.0,0.0,1.0
635655243404,68719505903,Бытовая химия,lion кондиционер для белья aroma rich ellie элли 520 мл,"lion / aroma rich sarah кондиционер для белья, 520мл",0.0,0.6254043310986863,0.7850467289719626,1.0,0.0,1.0,1.0,0.0,0.0,0.0,0.0,0.0,0.0
652835052039,601295505200,Спорт и отдых,"прикормка ""уловистая"", универсальная, шоколад, 800г","allvega прикормка ""уловистая"", универсальная, шоколад, 800 г",0.0,0.625281123177956,0.9484536082474228,1.0,0.0,1.0,0.0,0.0,0.0,0.0,0.0,0.0,0.0
309237717008,515396104928,Электроника,ноутбук lenovo thinkbook 15 g4 iap gray (21dj009fru),lenovo thinkbook 15 g4 iap ноутбук,0.0,0.6252293601361476,1.0,0.5,1.0,0.0,0.0,1.0,0.0,0.0,1.0,0.0,0.0
584115652597,798863981476,Продукты питания,"масло оливковое minerva extra virgin, 750 мл",minerva / оливковое масло kalamata p.d.o. extra virgin 750 мл,0.0,0.6248580370398621,0.9,1.0,0.0,1.0,1.0,0.0,0.0,0.0,0.0,0.0,0.0
343597483477,635655299157,Бытовая химия,комплект блок гигиенический для унитаза domestos атлантик 40 г х 2 шт,"domestos блок сменный для унитаза гигиенический атлантик, 40 г, 2 шт.",0.0,0.6245210893632289,0.8840579710144928,1.0,0.0,1.0,1.0,1.0,0.0,0.0,1.0,0.0,0.0
635655275896,816043815378,Бытовая химия,"dr.beckmann / отбеливатель, 80г.","dr. beckmann отбеливатель для гардин и занавесок, 80 г",0.0,0.6242597316677263,0.5581395348837209,1.0,0.0,1.0,1.0,0.0,0.0,0.0,0.0,0.0,0.0
420906944788,747324478410,Товары для животных,sirius корм сухой для стерилизованных кошек утка и клюква 400г,sirius / сухой корм для стерилизованных кошек 400,0.0,0.6242113421320786,0.9347826086956522,1.0,0.0,1.0,1.0,0.0,0.0,0.0,0.0,0.0,0.0
712964572109,738734449262,Бытовая химия,средство для мытья посуды fairy сочный лимон,"fairy / средство для мытья посуды fairy сочный лимон, 450мл",0.0,0.6241776332385159,0.926829268292683,0.0,0.0,0.0,0.0,0.0,0.0,0.0,0.0,0.0,0.0
214748506859,609885513305,Бытовая техника,horizont / микроволновая свч печь 20mw700-1378gsw,микроволновая печь horizont 20mw700-1378aaw,0.0,0.6240167527781895,0.8913043478260869,1.0,0.0,0.0,0.0,0.0,0.0,0.0,0.0,1.0,0.0
42949673322,566935742917,Хобби и творчество,проф-пресс раскраска с карандашами «для девочек»,раскраска детская для мальчиков и девочек,0.0,0.6238558903947432,0.5393258426966292,0.0,0.0,0.0,0.0,0.0,0.0,0.0,0.0,0.0,0.0
781684091561,506806253565,Детские товары,"робот ""смартбот"", реагирует на прикосновение, световые и звуковые эффекты, цвет красный","iq bot робот «смартбот», реагирует на прикосновение, световые и звуковые эффекты, цвета зелёный",0.0,0.6237661911051816,0.8901098901098901,0.0,0.0,0.0,0.0,0.0,0.0,0.0,0.0,0.0,0.0
94489428227,171798815812,Детские товары,"ясюкевич, коляска кукольная №3, цвет голубой с серым","ясюкевич / коляска кукольная №3, цвет оранжево-голубой",0.0,0.6237270328953982,0.8113207547169812,1.0,0.0,0.0,0.0,0.0,0.0,0.0,0.0,0.0,0.0
609885400770,266288098526,Хобби и творчество,"молд силикон ""сказочный набор""","не определен молд силикон ""пауки"" 3,7х1,4х0,6 2,4х2,4х0,3 3,2х2,6х0,6 см",0.0,0.6237147022257872,0.5714285714285715,0.0,0.0,0.0,1.0,0.0,0.0,0.0,0.0,0.0,0.0
17180004815,635655164879,Детские товары,"автомат-трещотка ""штурм""","сима-ленд автомат «штурм», стреляет мягкими пулями и шариками",0.0,0.6237139156070513,0.4705882352941177,0.0,0.0,0.0,0.0,0.0,0.0,0.0,0.0,0.0,0.0
377957155482,773094228727,Детские товары,"лас играс мягкая игрушка «мишка в кофточке», цвета микс",мягкая игрушка мишка в кофточке 40 см.,0.0,0.6236337998184923,0.6666666666666665,0.0,0.0,0.0,1.0,0.0,0.0,0.0,0.0,0.0,1.0
549755847479,824633746009,Хобби и творчество,алмазная мозаика диамант набор со стразами икона господь вседержитель 17x23 см,алмазная долина / основа для вышивания бисером икона господь вседержитель,0.0,0.6234650259540228,0.662251655629139,0.0,0.0,0.0,1.0,0.0,0.0,0.0,0.0,0.0,0.0
807453862079,601295492680,Бытовая техника,каминная вытяжка korting khc 6930 x,вытяжка каминная korting khc 6930 rc коричневый/золотистый,0.0,0.6234027910459169,0.9705882352941176,1.0,0.0,0.0,0.0,0.0,1.0,0.0,0.0,0.0,0.0
687194786089,523986146455,Детские товары,мягкая плюшевая игрушка подушка гусь обнимусь 130 см,добрушкин / мягкая игрушка подушка большой гусь обнимусь 130 см,0.0,0.6228861437130202,0.9052631578947369,1.0,0.0,1.0,1.0,0.0,0.0,0.0,0.0,1.0,0.0
687194896881,747324347876,Хобби и творчество,набор для рисования / набор для рисования и творчества,набор для рисования,0.0,0.622833884229382,1.0,0.0,0.0,0.0,0.0,0.0,0.0,0.0,0.0,0.0,0.0
335007586830,403726941408,Хобби и творчество,"бусины пластик ""кристалл многогранник. небесный"" прозрачный набор 20 гр 1х1х1 см",арт узор бусины пластик кристалл многогранник. алый прозрачный набор 20 гр 1х1х1 см,0.0,0.622800466775339,0.8588957055214723,1.0,0.0,1.0,0.0,0.0,1.0,0.0,0.0,0.0,0.0
163208872175,695784738078,Музыкальные инструменты,гитара акустическая шестиструнная flight f-230c bk,flight f-230c na - гитара акустическая шестиструнная флайт,0.0,0.6227837388688419,0.9690721649484536,1.0,0.0,0.0,0.0,0.0,0.0,0.0,0.0,0.0,1.0
609885474877,489626409948,Бытовая техника,без бренда корпус шнека для мясорубки moulinex me60514e/350,шнек для мясорубки moulinex: me60514a/350,0.0,0.6226499363244518,0.78,1.0,0.0,0.0,0.0,0.0,1.0,0.0,0.0,0.0,0.0
635655169658,712964664966,Красота и гигиена,"белита крем-мыло для мальчиков тутти-фрутти-банан,300 мл","белита / мыло детское ""робот-тобот"" 300 мл boys",0.0,0.6224791582648447,0.3883495145631068,1.0,0.0,1.0,1.0,0.0,0.0,0.0,0.0,0.0,0.0
206158557589,627065364084,Хобби и творчество,lori / набор для вышивки пайетками лисёнок,набор для творчества lori картина из пайеток лисичка,0.0,0.6222643362715307,0.6595744680851063,0.0,0.0,0.0,0.0,0.0,0.0,0.0,0.0,0.0,0.0
438086805865,721554522603,Продукты питания,белое озеро кедровый орех в молочном шоколаде 150 гр.,"грецкий орех в молочном шоколаде, белое озеро 150 гр.",0.0,0.6218783015068721,0.8867924528301887,1.0,0.0,1.0,1.0,0.0,1.0,0.0,0.0,0.0,0.0
489626418367,549755951095,Детские товары,машинка металлическая audi r8 /ауди r8/ масштаб 1/24,бальдр / машинка металлическая audi r8 1:24,0.0,0.6218612746824425,0.8055555555555556,1.0,0.0,0.0,0.0,0.0,0.0,0.0,0.0,0.0,1.0
532576099402,695784784818,Детские товары,"кукла ""оля"" в платье",simba кукла steffi и еви принцессы со зверушками 29 см,0.0,0.6217391037025245,0.4,0.0,0.0,0.0,0.0,0.0,0.0,0.0,0.0,0.0,0.0
420906913389,850403615619,Канцелярские товары,"стамм сортер - подставка для журналов и бумаг, сборная, 6 отделений, серая (комплект из 2 шт)","сортер - подставка для журналов и бумаг, сборная, 6 отделений, серая",0.0,0.6214197090836586,1.0,0.5,1.0,0.0,0.0,0.0,0.0,0.0,0.0,0.0,0.0
609885492612,635655186409,Товары для животных,monge / для собак средних пород с курицей 3кг,сухой корм monge dog medium adult chicken для взрослых собак средних пород с курицей (3 + 3 кг),0.0,0.621397891127222,0.9285714285714286,1.0,0.0,1.0,1.0,0.0,0.0,0.0,0.0,0.0,0.0
549755909527,798863957508,Бытовая техника,холодильник nordfrost rfc 350 nfs,nordfrost / двухкамерный холодильник rfc 350d nfs,0.0,0.6207631445424625,0.9354838709677419,1.0,0.0,0.0,0.0,0.0,0.0,0.0,1.0,1.0,0.0
515396089081,369367339574,Бытовая техника,lg / микроволновая печь mw25r35gis,микроволновая печь lg mw25r35gish,0.0,0.6207364241369736,0.955223880597015,1.0,0.0,0.0,0.0,0.0,0.0,0.0,1.0,0.0,0.0
352187461840,68719584642,Музыкальные инструменты,"bu-s21 чехол для укулеле сопрано, мозеръ","mbu-ms21 чехол под кофр для укулеле сопрано, мозеръ",0.0,0.6206234367149523,0.904109589041096,1.0,0.0,0.0,0.0,0.0,0.0,0.0,0.0,0.0,0.0
515396183538,352187449557,Красота и гигиена,ип_алексеева / парфюмерная вода tiziana terenzi andromeda духи 20 мл,tiziana terenzi andromeda парфюмерная вода 20 мл,0.0,0.6205485459765681,1.0,1.0,0.0,1.0,0.0,0.0,0.0,0.0,0.0,0.0,0.0
549755850254,558345767482,Музыкальные инструменты,"колки 6 в линию локовые gotoh sd91-hapm-05m, золото","колки 6 в линию gotoh sd91-05m, золото",0.0,0.6203618218255782,0.853932584269663,1.0,0.0,1.0,0.0,0.0,0.0,0.0,0.0,0.0,0.0
824633790379,730144511442,Товары для животных,"purina pro plan cat sterilised chicken optidigest / сухой корм пурина про план для стерилизованных кошек для поддержания здорового пищеварения курица 1,5 кг","purina pro plan sterilised / корм сухой для кошек 1,5кг",0.0,0.6202005188144476,0.9423076923076923,1.0,0.0,1.0,1.0,0.0,0.0,0.0,0.0,0.0,0.0
300647803015,163208826158,Детские товары,"машинка игрушка детская 1:24 mercedes-benz g63 cz118a, инерционная, свет, звук / черный глянцевый",не определен машинка veld co джип,0.0,0.6200776697425627,0.35,0.0,0.0,0.0,0.0,0.0,0.0,0.0,0.0,0.0,0.0
790274124390,584115686088,Товары для животных,"пушистое счастье / лежанка для кошек с рыбкой, 45х35х11 см, персиковая","лежанка пушистое счастье с косточкой, 45х35х11 см, персиковая",0.0,0.6196367724339145,0.9009009009009009,1.0,0.0,1.0,1.0,0.0,0.0,0.0,0.0,0.0,0.0
738734403502,584115558818,Красота и гигиена,зубная паста лесной бальзам тотал для всей семьи отбеливание свежая мята 290 г,зубная паста лесной бальзам 290 г,0.0,0.6195974769262812,1.0,1.0,0.0,1.0,1.0,0.0,1.0,0.0,0.0,0.0,0.0
627065262276,377957199227,Красота и гигиена,парфюмерная вода amouage man 100 мл,amouage boundless man вода парфюмерная 100 мл,0.0,0.619563652504783,1.0,1.0,0.0,1.0,1.0,1.0,0.0,0.0,0.0,0.0,0.0
377957218445,635655301810,Детские товары,"retailoriginal store / мягкая игрушка «мишка лаппи», 23 см","мягкая игрушка ""мишка лаппи"", 23 см",0.0,0.6195060584302929,0.7272727272727272,1.0,0.0,1.0,0.0,0.0,0.0,0.0,0.0,0.0,0.0
498216220332,240518311007,Бытовая химия,"grass / пятновыводитель для белых тканей , спрей g-oxi","пятновыводитель grass g-oxi, спрей, для белых тканей, кислородный, 600 мл",0.0,0.619499685315118,0.8031496062992126,0.0,0.0,0.0,1.0,0.0,0.0,0.0,0.0,0.0,0.0
721554612359,94489327719,Хобби и творчество,не определен набор для бисероплетения «цветочек»,"набор для бисероплетения ""цветочек"", в пластиковом контейнере",0.0,0.6191946626460958,0.7155963302752294,0.0,0.0,0.0,0.0,0.0,0.0,0.0,0.0,0.0,0.0
712964643123,850403650290,Красота и гигиена,"exxe / детская зубная паста кола с кальцием , 75 мл","exxe детская зубная паста ""мятно-фруктовый коктейль"", с кальцием, 75 мл",0.0,0.6191683170942551,0.7857142857142857,1.0,0.0,1.0,1.0,0.0,0.0,0.0,0.0,0.0,0.0
154618904160,798863998650,Хобби и творчество,"набор для творчества ""домики""","не определен набор заготовок ""домики"", 10 шт",0.0,0.619034467951038,0.6027397260273972,0.0,0.0,0.0,0.0,0.0,0.0,0.0,0.0,0.0,0.0
146029030321,139756,Хобби и творчество,"алмазная мозаика на подрамнике ""святая екатерина"", икона 14х19, диамант",диамант блеск / алмазная мозаика икона без подрамника,0.0,0.6186455003873212,0.7258064516129032,0.0,0.0,0.0,0.0,0.0,0.0,0.0,0.0,0.0,0.0
343597425978,309237797274,Канцелярские товары,калькулятор настольный attache 12-разрядный,калькулятор настольный attache ac-222 12-разрядный серебристый 140x107x34 мм,0.0,0.6185006946987396,1.0,0.2,1.0,0.0,1.0,0.0,0.0,0.0,0.0,0.0,1.0
335007558578,137439013863,Детские товары,"прогулочная коляска valco baby snap 4 trend, цвет: charcoal","прогулочная коляска valco baby snap 4 ultra trend, denim",0.0,0.6182894123145922,0.88,1.0,0.0,0.0,0.0,1.0,0.0,0.0,1.0,1.0,0.0
850403539543,781684183174,Бытовая химия,"fairy средство для мытья посуды активная пена, сменный блок, 375 мл",fairy / пена для посуды 375 мл,0.0,0.6180802456770613,0.8679245283018868,1.0,0.0,1.0,1.0,0.0,0.0,0.0,0.0,0.0,0.0
635655263113,377957244092,Хобби и творчество,"школа талантов набор для творчества ""ловец снов""",набор для творчества ловец снов своими руками,0.0,0.6180220377183817,0.7096774193548387,0.0,0.0,0.0,0.0,0.0,0.0,0.0,0.0,0.0,0.0
498216215106,678604865541,Детские товары,набор для опытов re-агенты фараонова змея и искусственный снег,"набор для опытов re-агенты, фараонова змея, 1 шт.",0.0,0.6179261946767892,0.7747747747747747,0.0,0.0,0.0,0.0,0.0,0.0,0.0,0.0,0.0,0.0
695784848077,489626339165,Бытовая химия,"универсальное чистящее средство domestos «лимонная свежесть», 750 мл",чистящее cредство domestos свежесть атлантики универсальное 750 мл,0.0,0.6177705290716512,0.746268656716418,1.0,0.0,1.0,1.0,1.0,0.0,0.0,0.0,0.0,0.0
42949793830,489626282704,Бытовая техника,schaub lorenz  варочная панель slk gy6511,"газовая варочная панель schaub lorenz slk gw6511, независимая, белый",0.0,0.6177427717613406,0.904109589041096,1.0,0.0,0.0,0.0,1.0,0.0,0.0,0.0,0.0,0.0
154618847884,661424972493,Товары для животных,"цепь оцинк. din 763,дл.звено  3мм , 5м   ","стройбат цепь оцинк. din 763, дл. звено 5мм , 3м",0.0,0.6176179103931456,0.8470588235294118,1.0,0.0,0.0,1.0,0.0,0.0,0.0,0.0,0.0,0.0
841813685192,214748432020,Дом и сад,"пакет ламинированный, 26 x 32 x 12 см (12 шт)","не определен пакет ламинированный, 26 x 32 x 12 см 12 шт",0.0,0.617462835688658,0.8974358974358974,1.0,0.0,1.0,0.0,0.0,1.0,0.0,0.0,0.0,1.0
377957207988,678604900486,Дом и сад,"moon & fox / палетка теней для век, 4 цвета","палетка теней для век, 4 цвета",0.0,0.6174451928371554,1.0,1.0,0.0,0.0,0.0,0.0,0.0,0.0,0.0,0.0,1.0
455266640361,60129572200,Хобби и творчество,"выращивание кристаллов lori монстрики ""оранжевый монстрик"" (крф-018)","lori / выращивание кристаллов монстрики оранжевый, в коробке",0.0,0.617154007665398,0.7628865979381443,0.0,0.0,0.0,0.0,0.0,0.0,0.0,0.0,0.0,0.0
103079223407,532575961048,Детские товары,"набор детских игрушек для песочницы, новинка",набор для песочницы,0.0,0.617152659843917,0.6428571428571428,0.0,0.0,0.0,0.0,0.0,0.0,0.0,0.0,0.0,1.0
42949785081,712964730386,Товары для животных,"лакомство для собак doggy joy ""полоски из куриного филе"", 55 г",doggy joy / полоски из утиного филе 55г,0.0,0.6170990624506125,0.6336633663366337,1.0,0.0,1.0,1.0,0.0,0.0,0.0,0.0,0.0,0.0
429496765302,360777265905,Товары для животных,"деревенские лакомства ""чистим зубы"" 100 г для собак от 20 кг твистер с уткой",деревенские лакомства чистим зубы 100 г для собак от 20 кг твистер с говядиной,0.0,0.6170437469920039,0.8484848484848484,1.0,0.0,1.0,0.0,1.0,0.0,0.0,0.0,0.0,0.0
85899452952,463856497513,Бытовая химия,profy mill средство для удаления пятен antipaint 250 мл. х 2 шт.,средство для удаления пятен antipaint 250 мл.,0.0,0.616965377288959,1.0,0.5,1.0,1.0,1.0,0.0,1.0,0.0,0.0,0.0,0.0
121540,154618874073,Бытовая химия,"чистящее средство help ""чистая кухня"", 500 мл","чистящее средство help ""чистая кухня"", 500 мл (комплект из 7 шт)",0.0,0.616965377288959,1.0,0.5,1.0,1.0,1.0,0.0,1.0,0.0,0.0,0.0,0.0
274878046697,335007552201,Товары для животных,филе лакомство molina для собак и щенков всех пород куриное филе (50 гр),"molina / лакомство для собак всех пород и щенков, куриный сэндвич 50г",0.0,0.6166601027117138,0.8529411764705883,1.0,0.0,1.0,1.0,0.0,0.0,0.0,0.0,0.0,0.0
833223754130,773094137099,Детские товары,tth shop / мягкая игрушка щенячий патруль,"игрушка щенячий патруль для девочек и мальчиков, малышей развивающая, детская / игровой набор",0.0,0.6166374420899758,0.7575757575757575,0.0,0.0,0.0,0.0,0.0,0.0,0.0,0.0,1.0,0.0
163208775460,395137025438,Товары для животных,наша марка / корм сухой для кошек цыпленок рис 15 кг,наша марка цыпленок и рис сухой корм для котят 15кг,0.0,0.6165263769483076,0.8932038834951456,1.0,0.0,1.0,1.0,0.0,0.0,0.0,0.0,0.0,0.0
489626299481,670014945591,Бытовая химия,сода кальцинированная 600 гр,дбх / сода кальцинированная дбх порошок 600 г,0.0,0.6164066308918538,0.9433962264150944,1.0,0.0,1.0,1.0,0.0,0.0,0.0,0.0,0.0,0.0
618475336338,34359879879,Хобби и творчество,"счастье в ладошках / аквамозаика для детей с декорациями ""девочки""","эврики, аквамозаика для детей ""для девочек""",0.0,0.616281850091719,0.65625,0.0,0.0,0.0,0.0,0.0,0.0,0.0,0.0,0.0,0.0
472446470169,687194820479,Музыкальные инструменты,ernie ball / ремень для акустической гитары и электрогитары polypro,ernie ball polypro - ремень для акустической и электрогитары,0.0,0.6162458993778881,0.9830508474576272,0.0,0.0,1.0,1.0,0.0,0.0,0.0,0.0,0.0,1.0
266288054606,17179880761,Хобби и творчество,"звезда / сборная модель zvezda немецкий средний танк pz iv ausf. g, 1",сборная модель танка / модель для сборки zvezda / немецкий средний танк t-iv (h),0.0,0.6162106333911579,0.7894736842105263,0.0,0.0,0.0,0.0,0.0,0.0,0.0,0.0,0.0,0.0
798863974889,738734414165,Товары для животных,корм сухой farmina vet life dog struvite 2 kg,farmina / vet life dog struvite management сухой корм для собак - 2 кг,0.0,0.6161924638248649,0.9655172413793103,1.0,0.0,1.0,1.0,0.0,0.0,0.0,0.0,0.0,0.0
489626425537,266288085458,Бытовая техника,"электрическая варочная панель krona corto 45 bl, черный","krona  варочная панель электрическая krona fidato 45 bl, черный",0.0,0.6161577595421118,0.9423076923076923,1.0,0.0,0.0,0.0,0.0,0.0,0.0,0.0,0.0,0.0
420906863269,128849042500,Детские товары,"толокар - каталка тачка , с родительской ручкой, цвет красный","не определен толокар-каталка «тачка», с родительской ручкой, цвет белый",0.0,0.6159548205810335,0.6666666666666665,0.0,0.0,0.0,1.0,0.0,0.0,0.0,0.0,0.0,0.0
841813616490,747324429880,Бытовая химия,без бренда парфюм кондиционер для белья в гранулах,парфюм кондиционер для стирки белья в гранулах,0.0,0.6158800540086141,0.9176470588235294,0.0,0.0,0.0,0.0,0.0,1.0,0.0,0.0,0.0,0.0
257698077136,377957258365,Бытовая техника,"чайник электрический gorenje k17feii нержавеющая сталь, объем 1.7 л, мощность 2200 вт.",gorenje / gorenje k17fe чайник,0.0,0.6156646455478925,0.7777777777777777,0.3333333333333333,1.0,1.0,1.0,0.0,0.0,0.0,0.0,0.0,1.0
816043792135,730144560906,Детские товары,коляска 3-в-1 riko basic delta ecco 11 camel,"riko aicon ecco 3 в 1, 04",0.0,0.6154554818807869,0.5294117647058824,0.5,1.0,0.0,0.0,0.0,0.0,0.0,0.0,0.0,1.0
850403642553,111669249399,Детские товары,melogo / коляска для кукол melogo 9308,коляска для кукол melogo,0.0,0.6152574538833933,1.0,0.0,0.0,0.0,0.0,0.0,0.0,0.0,0.0,0.0,0.0
154618942257,309237797765,Хобби и творчество,"алмазная мозаика без подрамника ""милый котёнок"" 90x70 см, 50 цветов",mosaicgoods / алмазная мозаика на подрамнике милый котенок,0.0,0.6151805177695022,0.5920000000000001,0.0,0.0,0.0,1.0,0.0,0.0,0.0,0.0,0.0,1.0
51539745505,712964723628,Хобби и творчество,"не определен брелок ""говлит"", в проволоке","брелок ""опал"", в проволоке",0.0,0.6150376636119514,0.8181818181818181,0.0,0.0,0.0,0.0,0.0,0.0,0.0,0.0,0.0,0.0
386547178693,369367305348,Автотовары,/ чехлы на сиденья ниссан х трейл t32 x-trail t32 с 2015-н.в.,чехлы на сиденья ниссан х трейл t32 (nissan x-trail t32) с 2015-н.в.,0.0,0.6148657319101923,0.9821428571428571,1.0,0.0,0.0,0.0,0.0,0.0,0.0,1.0,0.0,1.0
816043832570,695784804371,Бытовая химия,kalyon / чистящее средство от известкового налета и ржавчины,чистящее средство kalyon от известкового налета и ржавчины,0.0,0.6147954730314716,1.0,0.0,0.0,0.0,0.0,0.0,0.0,0.0,0.0,0.0,0.0
257698068422,163208801993,Хобби и творчество,"гамма / пластилин скульптурный, телесный, 1 кг","пластилин скульптурный гамма ""студия""",0.0,0.6147479898896777,0.6987951807228916,0.0,0.0,0.0,1.0,0.0,0.0,0.0,0.0,1.0,0.0
137439042136,850403623983,Бытовая химия,карандаш-пятновыводитель jundo eco oxy stick baby детский на основе кислорода,"карандаш-пятновыводитель jundo eco oxy stick, 35г",0.0,0.6145606678349624,0.8735632183908046,0.0,0.0,0.0,1.0,0.0,1.0,0.0,0.0,0.0,0.0
670014938726,644245132722,Товары для животных,наша марка / корм сухой для взрослых кошек с говядиной и овощами 10кг,наш рацион / сухой корм для взрослых кошек с говядиной 10 кг,0.0,0.6143837921022013,0.8527131782945736,1.0,0.0,1.0,1.0,0.0,0.0,0.0,0.0,0.0,0.0
283467946211,34359844031,Детские товары,машина на батарейках свет+звук,"кнр / машина радиоуправляемая ""широн"", открываются двери",0.0,0.6139098464419712,0.34883720930232553,0.0,0.0,0.0,0.0,0.0,0.0,0.0,0.0,0.0,0.0
343597429523,352187389392,Хобби и творчество,000 - бусина / бусины граненые стекло капля 9*15мм (10шт),бусины граненые стекло капля 9*15мм (10шт),0.0,0.613653387635669,1.0,0.75,1.0,1.0,0.0,0.0,0.0,0.0,0.0,0.0,1.0
42949702938,773094217537,Дом и сад,"комплект постельного белья, поплин, 2-x спальный, наволочки 70x70","love комплект постельного белья, поплин, 2 спальный, наволочки 70x70",0.0,0.6136264526689154,0.9682539682539683,1.0,0.0,0.0,0.0,0.0,0.0,0.0,0.0,0.0,1.0
103079215683,850403683051,Хобби и творчество,ножницы портновские металлические зиг-заг,home factory / портновские ножницы для раскройки зигзаг,0.0,0.6132245363006013,0.6458333333333335,0.0,0.0,0.0,0.0,0.0,0.0,0.0,0.0,1.0,0.0
584115569833,532576002506,Детские товары,"не определен пупс функциональный «саша», писает, пьёт, с аксессуарами","пупс функциональный ""саша"" пьет, писает, с аксессуарами",0.0,0.6131020908039777,0.9320388349514563,0.0,0.0,0.0,0.0,0.0,0.0,0.0,0.0,0.0,0.0
214748494601,755914317066,Детские товары,"развивающая игрушка музыкальная неваляшка ""мишка роро"", розовый","zabiaka развивающая игрушка музыкальная неваляшка: мишка роро , цвет голубой",0.0,0.6129239556216182,0.7482014388489209,0.0,0.0,0.0,0.0,0.0,0.0,0.0,0.0,0.0,0.0
652835086344,51539625580,Бытовая химия,"homestar / чистящее средство для туалета, 750мл","чистящее средство homestar, для ванн, 750мл",0.0,0.6128414079186301,0.8666666666666667,1.0,0.0,1.0,1.0,0.0,0.0,0.0,0.0,0.0,0.0
498216358371,266288112760,Хобби и творчество,"арт узор, набор для творчества половинка жемчужины d - 1,4 см, 2 набора по 20 грамм",арт узор. / набор для творчества,0.0,0.6127156207389232,0.8571428571428571,0.0,0.0,0.0,1.0,0.0,0.0,0.0,0.0,1.0,0.0
249108169057,206158535107,Красота и гигиена,"не определен зубная щетка для взрослых с широкой головкой и мягкой щетиной, прозрачная, серая","зубная щетка для взрослых с широкой головкой и мягкой щетиной, прозрачная, серая",0.0,0.6126936606566086,1.0,0.0,0.0,0.0,0.0,0.0,1.0,0.0,0.0,0.0,0.0
171798750654,798863990303,Бытовая техника,тепловентилятор eurolux твс-eu-1,тепловентилятор твк-eu-1 eurolux,0.0,0.6125906952009567,0.96875,1.0,0.0,0.0,0.0,0.0,1.0,0.0,0.0,0.0,0.0
532576037980,627065248404,Бытовая химия,sezim shop / порошок tide,tide стиральный порошок 2400 г 16  стирок для цветных тканей,0.0,0.6123812453823704,0.6486486486486487,0.0,0.0,1.0,1.0,0.0,0.0,0.0,0.0,0.0,0.0
712964730153,532576032698,Электроника,не определен магнитный пылевой фильтр для компьютера 120х120 мм (комплект из 2-х штук).,магнитный пылевой фильтр для компьютера 120х120 мм,0.0,0.6122611074729366,1.0,0.5,1.0,1.0,1.0,1.0,0.0,0.0,0.0,0.0,0.0
687194821071,352187353008,Товары для животных,"поводок-рулетка flexi красный, лента s 5 м./до 15 кг.",flexi / поводок,0.0,0.6121073248695745,0.5,0.0,0.0,0.0,1.0,0.0,0.0,0.0,0.0,0.0,0.0
635655240782,532575962668,Бытовая техника,электрический конвектор clima rec-a2000m,rec-v2000m royal clima электрический конвектор,0.0,0.612038389668542,0.9069767441860465,1.0,0.0,1.0,1.0,0.0,0.0,0.0,0.0,0.0,0.0
335007588534,446676611465,Бытовая химия,finish / порошок для посудомоечной машины,"finish classic порошок для посудомоечной машины, лимон 1 кг",0.0,0.6120348230361605,0.8767123287671232,0.0,0.0,1.0,1.0,0.0,0.0,0.0,0.0,0.0,0.0
343597402229,309237728070,Хобби и творчество,десятое королевство / настольная игра десятое королевство учимся: фигуры,игра развитие внимания 00051,0.0,0.6119080062859418,0.35,0.0,0.0,0.0,0.0,0.0,0.0,0.0,0.0,0.0,0.0
403726967978,429496858823,Бытовая химия,удалитель цемента 2 штуки prosept cement cleaner концентрат 1:2 1 литр,prosept / удалитель цемента 2 штуки cement cleaner1:2+перчатки,0.0,0.6118879215123482,0.8181818181818181,1.0,0.0,0.0,0.0,0.0,0.0,0.0,0.0,0.0,0.0
644245231934,824633751610,Детские товары,"пирамидка баскетбольный мяч, 6 колец","пирамидка «футбольный мяч», 6 колец",0.0,0.6117123867698938,0.8732394366197183,1.0,0.0,0.0,0.0,0.0,0.0,0.0,0.0,0.0,0.0
824633823969,532575997967,Детские товары,"maxitoys мягкая игрушка «кот батон», цвет рыжий, 70 см",кот батон 70 см мягкая игрушка 70 см рыжий,0.0,0.6116910806112339,0.7142857142857143,1.0,0.0,1.0,1.0,0.0,0.0,0.0,0.0,0.0,0.0
146028925932,326417594795,Детские товары,"maxitoys мягкая игрушка «кот батон», цвет рыжий, 70 см",кот батон 70 см мягкая игрушка 70 см рыжий,0.0,0.6116910806112339,0.7142857142857143,1.0,0.0,1.0,1.0,0.0,0.0,0.0,0.0,0.0,1.0
429496838338,455266556704,Хобби и творчество,"алмазная мозаика ""волк в зимнем лесу"", 40*50","алмазная мозаика картина стразами волк в зимнем лесу, 40х50 см",0.0,0.6116875331223951,0.7246376811594203,1.0,0.0,1.0,1.0,0.0,0.0,0.0,0.0,0.0,1.0
584115715748,386547158752,Детские товары,"мягкий модуль ""бассейн прямоугольный"", микс","не определен мягкий модуль бассейн прямоугольный, средний, микс 1372341 .",0.0,0.6116862359412366,0.7068965517241379,0.0,0.0,0.0,0.0,0.0,0.0,0.0,0.0,0.0,0.0
51539625055,687194814841,Бытовая химия,morinel средство для мытья посуды,"morinel / средство для мытья посуды, овощей, фруктов + витамин е 1л",0.0,0.6114686503485804,0.8813559322033899,0.0,0.0,0.0,0.0,0.0,0.0,0.0,0.0,0.0,0.0
317827602844,120259097281,Хобби и творчество,pokemon / pokemon: pokemon go pin collection (bulbasaur),покемон карты коллекционные: набор pokemon pokemon go pin collection (charmander),0.0,0.6114527645154914,0.684931506849315,0.0,0.0,0.0,0.0,0.0,0.0,0.0,0.0,0.0,0.0
601295526233,8590034938,Хобби и творчество,"макет ""скелет человека"" 85см","сима-ленд макет ""скелет человека"" 85см",0.0,0.6113829384455992,1.0,1.0,0.0,1.0,0.0,0.0,0.0,0.0,0.0,0.0,0.0
712964611292,171798807454,Хобби и творчество,"набор для творчества. фреска фигурная ""единорог""","store-m / набор для творчества. роспись по дереву ""единорог""",0.0,0.6113091647149628,0.8,0.0,0.0,0.0,0.0,0.0,0.0,0.0,0.0,0.0,0.0
644245124625,180388720698,Детские товары,happy valley набор доктора «лучший доктор»,игровой набор доктора лучший доктор.,0.0,0.6113038395273747,0.5641025641025641,0.0,0.0,0.0,0.0,0.0,0.0,0.0,0.0,0.0,0.0
171798792285,171798848055,Дом и сад,без бренда гирлянда «конский хвост» 10 нитей по 1 м ip20 серебристая нить 100 led свечение тёплое белое 2 режима aaх3,"гирлянда конский хвост 10 нитей по 1 м, ip20, серебристая нить, 100 led, свечение белое, 2 режима, aaх3",0.0,0.6111548914904065,0.8272727272727272,1.0,0.0,1.0,1.0,0.0,0.0,0.0,0.0,0.0,0.0
214748456438,343597479766,Продукты питания,schweppes / газированный напиток lemon лимон 330мл х 3шт,газированный напиток schweppes orange 330мл х 3шт,0.0,0.6111508900488132,0.923076923076923,1.0,0.0,1.0,1.0,0.0,0.0,0.0,0.0,0.0,0.0
549755855878,223338330046,Бытовая химия,освежитель воздуха chirton light air прохлада раннего утра 300 мл.,"chirton / освежитель воздуха прикосновение свежести light air, 300 мл.",0.0,0.6111179481410051,0.7794117647058824,1.0,0.0,1.0,0.0,0.0,0.0,0.0,0.0,0.0,0.0
180388646431,506806168280,Канцелярские товары,блокнот а5 эстетика devil core 18+,art & craft блокнот а5 эстетика devil core 18+,0.0,0.6110035372294905,1.0,1.0,0.0,1.0,1.0,0.0,0.0,0.0,0.0,0.0,1.0
755914276428,103079250257,Канцелярские товары,"мешок для обуви пифагор, 1 отделение, 40х32 см, ""avocat"", 2 штуки","пифагор / мешок для обуви 1 отделение, 40х32 см",0.0,0.610839869450553,0.8395061728395062,0.75,1.0,1.0,1.0,0.0,0.0,0.0,0.0,0.0,0.0
730144562719,601295471002,Хобби и творчество,крестики нолики / крестики нолики игра деревянные настольная для детей,крестики-нолики  игра деревянная,0.0,0.6105664064222852,0.6823529411764706,0.0,0.0,0.0,0.0,0.0,0.0,0.0,0.0,0.0,0.0
352187326854,506806189663,Детские товары,"сумка детская единорог на молнии, цвет розовый","nazamok kids сумка детская единорог на молнии, цвет сиреневый",0.0,0.6104304612287513,0.9047619047619048,0.0,0.0,0.0,0.0,0.0,0.0,0.0,0.0,0.0,0.0
455266540612,206158454457,Хобби и творчество,десятое королевство набор для творчества: мягкая игрушка из фетра «совёнок»,набор для творчества. аппликация фигурная совёнок,0.0,0.6103804429866125,0.5483870967741935,0.0,0.0,0.0,0.0,0.0,0.0,0.0,0.0,0.0,0.0
163208858124,146029012749,Хобби и творчество,миниатюра кукольная олень с цветами,не определен миниатюра кукольная «олень»,0.0,0.6103169798914267,0.7466666666666667,0.0,0.0,0.0,0.0,0.0,1.0,0.0,0.0,0.0,0.0
17179930016,489626437527,Бытовая техника,"thermex водонагреватель накопительный ic 10 o, белый",thermex / водонагреватель накопительный thermex n 10 o,0.0,0.6101234796200952,0.9302325581395349,1.0,0.0,0.0,0.0,0.0,0.0,0.0,0.0,0.0,0.0
773094254047,96387,Хобби и творчество,amann group mettler / нитки швейные / нить отделочная топ-стич,"отделочная нить, mettler seralon top-stitch, 30 м6675-0475 0475 wild rice",0.0,0.6100504641205378,0.4661654135338346,0.0,0.0,0.0,0.0,0.0,0.0,0.0,0.0,0.0,0.0
618475434164,695784763811,Хобби и творчество,"не определен альбом для рисования а4, 24 листа 100 г/м², на скрепке, смешарики",альбом-склейка смешарики см,0.0,0.6099374755126985,0.5,0.0,0.0,0.0,0.0,1.0,0.0,0.0,0.0,0.0,0.0
790274104013,609885442715,Бытовая химия,раптор / средство от насекомых раптор ловушка от тараканов 6 шт,"ловушка от тараканов, 6 шт.",0.0,0.6099153035462694,0.625,1.0,0.0,1.0,0.0,0.0,0.0,0.0,0.0,0.0,0.0
515396179511,618475404149,Хобби и творчество,"бисер стекло арт узор 6/0 - 15/0 ассорти кофёйное d=1,5-4 мм, н-р 10гр, 4шт.","бисер стекло 6/0 - 15/0 ""ассорти розовое"" d 1,5-4 мм, н-р 10гр",0.0,0.609895623540918,0.681159420289855,1.0,0.0,1.0,1.0,0.0,1.0,0.0,0.0,0.0,1.0
850403547373,721554584198,Хобби и творчество,"алмазная мозаика  ""цветной котик""",красиво красим мозаика / алмазная мозаика на подрамнике - вышивка котик в косынке,0.0,0.6098710113391137,0.6666666666666665,0.0,0.0,0.0,0.0,0.0,0.0,0.0,0.0,0.0,1.0
51539687795,712964585558,Хобби и творчество,настольная игра piatnik activity вперед,flume / настольная игра activity,0.0,0.6098597127411437,0.8571428571428571,0.0,0.0,0.0,0.0,0.0,0.0,0.0,0.0,0.0,0.0
300647807558,498216322859,Строительство и ремонт,прожектор,"nobrand прожектор светодиодный модульный m-02b 50вт, ip65, 4500лм, 3000к, 220в, черный",0.0,0.6097898530260879,1.0,0.0,0.0,0.0,0.0,0.0,1.0,0.0,0.0,0.0,0.0
17179894845,60129598721,Бытовая техника,вытяжка intro 60 black 6506,встраиваемая вытяжка kuppersberg intro 60 white,0.0,0.6097120930669658,0.7441860465116279,0.5,1.0,0.0,0.0,0.0,1.0,0.0,0.0,0.0,1.0
549755904311,231928244733,Бытовая химия,bimax / bimax стиральный порошок бимакс 100 пятен 9 кг,"стиральный порошок bimax color ""100 пятен"", автомат, 9 кг",0.0,0.6096514476140614,0.8,1.0,0.0,1.0,1.0,0.0,0.0,0.0,0.0,0.0,0.0
266288019416,738734412363,Товары для животных,"сухой корм для стерилизованных кошек и кастрированных котов purina pro plan sterilised optirenal, с высоким содержанием индейки, 3 шт. х 3 кг",pro plan / корм для стерилизованных кошек с индейкой 3 кг,0.0,0.6096372099907212,0.8932038834951456,1.0,0.0,1.0,1.0,0.0,0.0,0.0,0.0,0.0,0.0
111669149768,120259158220,Бытовая химия,cif / чистящий крем cif универсальный 500ml,крем чистящий универсальный cif 500мл лимон,0.0,0.6095629709599829,0.8857142857142857,1.0,0.0,1.0,1.0,0.0,0.0,0.0,0.0,0.0,0.0
816043895092,695784867637,Бытовая химия,стиральный порошок аистёнок эко 400 гр,аистёнок / порошок стиральный детский soft extra 400гр,0.0,0.6095373450506666,0.8307692307692308,1.0,0.0,1.0,1.0,0.0,0.0,0.0,0.0,0.0,0.0
77309457025,206158595679,Бытовая химия,гель для стирки темного белья qualita дой-пак 3000 мл,qualita / гель для стирки универсальный без запаха дой-пак 3000мл,0.0,0.6094821938763947,0.7380952380952381,1.0,0.0,1.0,1.0,0.0,0.0,0.0,0.0,0.0,0.0
627065307023,549755899244,Строительство и ремонт,ключ комбинированный 8мм,"snap-on ключ комбинированный, с трещоточным механизмом, шарнирный 8мм",0.0,0.6093943092881472,0.5161290322580645,1.0,0.0,1.0,1.0,0.0,1.0,0.0,0.0,0.0,0.0
240518298812,498216259616,Красота и гигиена,духи унисекс / francis kurkdjian. baccarat rouge 540, баккарат руж 540 духи 10 мл,0.0,0.6093754741575167,0.45714285714285713,0.5,1.0,0.0,1.0,0.0,0.0,0.0,0.0,0.0,0.0
292057855076,523986151991,Детские товары,коляска 2в1 indigo baby special is 01 (белая кожа),indigo / коляска 2 в 1 indigo special,0.0,0.6088864636848755,0.8461538461538461,0.6666666666666666,1.0,0.0,0.0,0.0,0.0,0.0,0.0,0.0,1.0
206158501736,206158559061,Хобби и творчество,не определен набор для создания игрушки из фетра ‎собачка‎,набор для изготовления игрушка из глины собачка,0.0,0.6088024693209263,0.6476190476190475,0.0,0.0,0.0,0.0,0.0,1.0,0.0,0.0,0.0,0.0
670014952717,712964620569,Детские товары,конструктор гарри поттер дом уизли,lego / конструктор lego harry potter 75980 нападение на нору,0.0,0.6087058054099195,0.4888888888888889,0.0,0.0,0.0,1.0,0.0,0.0,0.0,1.0,0.0,0.0
249108187940,274878025667,Детские товары,"стульчик для кормления ""стд-07"", трансформер, цвет розовый (розовая столешница)","без бренда стульчик для кормления «стд-07», трансформер, цвет розовый, рисунок микс",0.0,0.6084840197868604,0.7283950617283951,1.0,0.0,0.0,0.0,0.0,0.0,0.0,0.0,0.0,0.0
463856510039,506806199189,Хобби и творчество,"универсальная нить sew-all, 200 м, 247 фуксия, 100% полиэстер, 1 шт, gutermann",gutermann / нитки для декоративных швов и отстрочки,0.0,0.6084093101160135,0.40310077519379844,0.0,0.0,0.0,0.0,0.0,0.0,0.0,0.0,0.0,1.0
120259243645,309237715945,Бытовая техника,"электрическая варочная панель bosch pke645ca2e, с рамкой, цвет панели черный, цвет рамки серебристый",электрическая варочная панель bosch pke645bb2e,0.0,0.6082227716631124,0.8641975308641975,1.0,0.0,0.0,0.0,0.0,0.0,0.0,0.0,1.0,0.0
481036480540,455266630641,Бытовая химия,гель для стирки ласка / гель для стирки ласка эффект восстановления черного,гель для стирки ласка эффект восстановления цвета,0.0,0.6081923375010378,0.9347826086956522,0.0,0.0,0.0,0.0,0.0,0.0,0.0,0.0,0.0,0.0
678604936352,188978583831,Бытовая химия,пятновыводитель ккислородный grass g-oxi spray для цветных вещей 600 мл 2шт,пятновыводитель grass g-oxi spray для цветных вещей 600 мл,0.0,0.6081834089443263,1.0,0.5,1.0,1.0,1.0,1.0,0.0,0.0,0.0,0.0,0.0
695784751121,721554542676,Бытовая химия,"средство для мытья детской посуды fairy, 450 мл","fairy / средство для мытья посуды, 450мл",0.0,0.6079559846230209,0.8045977011494253,1.0,0.0,1.0,1.0,0.0,0.0,0.0,0.0,0.0,0.0
755914358143,712964639154,Детские товары,"полесье / тачка-каталка ""садовод"" 74х36х39,5 см, арт. 4376","тачка полесье ""садовод"" желтый 74х36х39,5 см.",0.0,0.6078887621761063,0.767123287671233,0.75,1.0,1.0,1.0,0.0,0.0,0.0,0.0,0.0,1.0
111669269795,231928401137,Хобби и творчество,рукодельница / алмазная мозаика,"алмазная мозаика на подрамнике ""белые медведи"", картина диамант, 43,7х55",0.0,0.6077780542037868,0.6808510638297872,0.0,0.0,0.0,0.0,0.0,0.0,0.0,0.0,0.0,0.0
403726931033,111669276658,Детские товары,vitacci сумка,сумка joolz changing bag black,0.0,0.607729646091996,0.5555555555555556,0.0,0.0,0.0,0.0,0.0,0.0,0.0,1.0,1.0,0.0
77309546006,60129549392,Хобби и творчество,любимые герои / пазлы томас и его друзья,"пазлы ""томас и его друзья"", 104 элемента",0.0,0.6076112437563416,0.65,0.0,0.0,0.0,0.0,0.0,0.0,0.0,0.0,0.0,0.0
231928337354,515396158086,Красота и гигиена,"шампунь детский солнце и луна , для мальчиков, с запахом кока-колы, 200 мл","шампунь для волос, 200 мл",0.0,0.6075961007938796,0.8372093023255814,1.0,0.0,1.0,0.0,0.0,0.0,0.0,0.0,0.0,0.0
163470,584115664417,Хобби и творчество,термодизайн / термонаклейки для одежды,термонаклейки на одежду,0.0,0.6073268329573295,0.7222222222222223,0.0,0.0,0.0,0.0,0.0,0.0,0.0,0.0,0.0,0.0
446676674628,188978675809,Бытовая техника,водонагреватель накопительный thermex h 15 u (pro) под мойкой,thermex / водонагреватель накопительный h 15 o (pro),0.0,0.6071243966675278,0.96,1.0,0.0,0.0,0.0,0.0,0.0,0.0,1.0,1.0,0.0
764504309393,652835145733,Детские товары,робот на радиоуправлении наша игрушка,"робот радиоуправляемый, интерактивный ""эпсилон-ти"", световые и звуковые эффекты, ходит, функция гидроаккумулятора / 3547458",0.0,0.6069501029431451,0.3875,0.0,0.0,0.0,0.0,0.0,0.0,0.0,0.0,0.0,0.0
214748510526,695784852109,Красота и гигиена,floresan восковые полоски для депиляции области бикини и подмышек для чувствительной кожи 20 полосок deep depil,floresan / восковые полоски для депиляции 20 штук,0.0,0.6068924265693926,0.923076923076923,1.0,0.0,0.0,0.0,0.0,0.0,0.0,0.0,0.0,0.0
292057822857,335007535751,Хобби и творчество,набор для творчества - создай ёлочное украшение из фетра новогодний олень,школа талантов набор для творчества - создай ёлочное украшение из фетра «милый олень»,0.0,0.6067470743777755,0.8682170542635659,0.0,0.0,0.0,0.0,1.0,0.0,0.0,0.0,0.0,0.0
824633828368,60129683344,Бытовая техника,thermex champion h 30-o водонагреватель электрический настенный,водонагреватель электрический thermex iu 30 v,0.0,0.6065940155679946,0.9024390243902439,1.0,0.0,0.0,0.0,0.0,1.0,0.0,0.0,0.0,0.0
833223765877,678604834252,Товары для животных,"влажный корм brit premium для стерилизованных кошек и котов (кусочки в соусе) с курицей, 85 г.",влажный корм brit premium с куриной печенью для стерилизованных кошек 85 г,0.0,0.6064025356274508,0.8615384615384616,1.0,0.0,1.0,1.0,0.0,1.0,0.0,0.0,0.0,0.0
558345847604,463856525490,Детские товары,"полесье трактор ""прогресс"" с прицепом инерционный (зелёный) (в коробке)",трактор полесье прогресс с бортовым прицепом инерционный зелёный в коробке,0.0,0.6063503600685131,0.8137931034482758,0.0,0.0,0.0,0.0,0.0,0.0,0.0,0.0,0.0,0.0
618475355716,111669288884,Продукты питания,"bestofindia / соан папди кокос воздушные индийские сладости, халва 250г","соан папди манго 250г bestofindia воздушные индийские сладости, восточные сладости, индийская халва",0.0,0.6062946138435436,0.9402985074626865,1.0,0.0,1.0,1.0,0.0,0.0,0.0,0.0,0.0,0.0
515396160223,85899501981,Хобби и творчество,"не определен логопедическая игра круговые пазлы звук с, 3+","логопедическая игра круговые пазлы. звук л, 3+",0.0,0.6062904671843747,0.878048780487805,1.0,0.0,0.0,0.0,0.0,1.0,0.0,0.0,0.0,0.0
429496769453,850403550645,Бытовая техника,centek / сплит-система инверторная ct-65edc09 для 25 кв.м,кондиционер centek ct-65cxx ct-65c09 до 25 м2 неинвертор,0.0,0.606084198925653,0.5309734513274337,0.75,1.0,0.0,1.0,0.0,0.0,0.0,1.0,0.0,0.0
730144489103,472446541076,Детские товары,crossbot машинка на радиоуправлении самосвал,"спецтехника самосвал (свет,звук) в коробке",0.0,0.6060192230382915,0.4186046511627907,0.0,0.0,0.0,0.0,0.0,0.0,0.0,0.0,0.0,0.0
326417612618,747324462622,Красота и гигиена,barbara / черные ресницы барбара элегант микс l 0.07 7-12mm,черные ресницы barbara elegant d+ 0.07 7-12 mm микс / ресницы для наращивания барбара элегант,0.0,0.605807067090751,0.9174311926605505,1.0,0.0,1.0,1.0,0.0,0.0,0.0,0.0,0.0,0.0
403727072136,206158530888,Детские товары,"junfa. / робот-трансформер серия динозавры ""велоцераптор""","junfa робот-трансформер серия динозавры ""птеродактиль""",0.0,0.6057380811912007,0.8288288288288288,0.0,0.0,0.0,0.0,0.0,0.0,0.0,0.0,0.0,0.0
206158459724,584115649428,Спорт и отдых,"мяч детский 22 см, 60 г","не определен мяч детский, d=22 см, 60 г",0.0,0.6056497134918886,0.7419354838709676,1.0,0.0,1.0,0.0,0.0,0.0,0.0,0.0,0.0,0.0
68719534436,180388799629,Товары для животных,"monge / monge cat bwild низкозерновой для взрослых кошек 1,5 кг","сухой корм monge cat bwild low hare для взрослых кошек, низкозерновой, из мяса зайца 1,5 кг",0.0,0.6056371737920474,0.7608695652173912,1.0,0.0,1.0,1.0,0.0,0.0,0.0,0.0,0.0,0.0
197568598478,506806157367,Хобби и творчество,"макет ""скелет человека"" 22см (5 шт)",макет скелет человека 22см,0.0,0.605378806253265,0.8524590163934427,0.5,1.0,1.0,1.0,0.0,0.0,0.0,0.0,0.0,0.0
68719479387,420906857981,Галантерея и аксессуары,мужские наручные часы casio ga-700mg-1a,наручные часы мужские casio ga-700cy-1a,0.0,0.6052321960215508,0.9487179487179488,1.0,0.0,0.0,0.0,1.0,0.0,0.0,0.0,1.0,0.0
704374671438,463856520818,Бытовая техника,мужская электробритва braun series 9 pro 9417s с дорожным чехлом / электробритва для сухого и влажного бритья,braun / электробритва braun series 9 pro 9465cc,0.0,0.6051532731062194,0.9066666666666667,0.3333333333333333,1.0,0.0,0.0,0.0,0.0,0.0,0.0,0.0,0.0
386547165913,146029033525,Красота и гигиена,/ туалетная вода imari queen 50 мл для нее,"avon туалетная вода imari rouge для неё, 50 мл",0.0,0.6050891311870582,0.8636363636363636,1.0,0.0,1.0,1.0,0.0,0.0,0.0,0.0,0.0,0.0
807453952712,455266561093,Бытовая химия,"sinteco кондиционер для белья ""солонго"" 950мл","кондиционер для белья sinteco бунси, 950 мл",0.0,0.605005287672517,0.8055555555555556,1.0,0.0,1.0,1.0,1.0,0.0,0.0,0.0,0.0,0.0
292057787054,180388784883,Канцелярские товары,№1 school / кисть №1 school синтетика плоская №12,кисть плоская синтетика №12,0.0,0.6049138873699342,1.0,0.5,1.0,0.0,0.0,0.0,0.0,0.0,0.0,0.0,0.0
137439042354,635655185934,Хобби и творчество,"настольная игра дуббль. версия 2.0 на реакцию и внимание, 5+","настолка / настольная игра ""дуббль"", на внимание и реакцию",0.0,0.6048856906985837,0.6949152542372882,0.0,0.0,0.0,0.0,0.0,0.0,0.0,0.0,0.0,0.0
240518270494,523986126572,Галантерея и аксессуары,"queen fair / ободок для волос ""престиж"" 3 см, чёрный металлик","ободок для волос ""престиж"" 3 см, чёрный",0.0,0.6048224520820009,1.0,1.0,0.0,1.0,1.0,0.0,0.0,0.0,0.0,0.0,0.0
171798792141,609885417265,Бытовая химия,"средство для мытья посуды sarma ""сода-эффект"", 500 мл","sarma / средство для мытья посуды, свежесть, 500 мл",0.0,0.6048008010124492,0.7560975609756098,1.0,0.0,1.0,1.0,0.0,0.0,0.0,0.0,0.0,0.0
463856474770,515396108704,Бытовая техника,вытяжка встраиваемая lex gs bloc p 600 bl черный управление: кнопочное (1 мотор),вытяжка lex gs bloc g 600 black,0.0,0.6047984458834926,0.8518518518518519,0.5,1.0,0.0,0.0,0.0,1.0,0.0,0.0,1.0,0.0
335007483442,446676737569,Товары для животных,не определен поводок для собак ferplast sport g 13 мм./120 см,"поводок-шнур для собак спорт g13, 120 см",0.0,0.604778874368802,0.49504950495049505,1.0,0.0,1.0,1.0,0.0,0.0,0.0,0.0,0.0,0.0
