generation_rule_id,source_rule_id,generation_tier,label,concept,relation,semantic_family,attribute_key,anchor_hint,allowed_categories,generation_action,required_postcondition,selection_reason,category,attribute_key_source,observed_attribute_key_support,forbidden_source_attribute_support,top_observed_attribute_keys,parent_all_pair_support,parent_all_label0,parent_all_label1,parent_all_occurrence_target_probability,parent_singleton_support,parent_singleton_label0,parent_singleton_label1,parent_singleton_target_probability,non_identifier_all_support,non_identifier_all_target_support,non_identifier_all_target_probability,non_identifier_singleton_support,non_identifier_singleton_target_support,non_identifier_singleton_target_probability,non_identifier_split_statistics,parent_discovery_singleton_support,parent_validation_singleton_support,parent_example_pair_ids,parent_example_value_pairs,anchor_profiles,allowed_product_types,allowed_anchor_context_keys,source_examples,profile_diagnostics,semantic_review_required,mutation_mode,forbidden_anchor_attribute_patterns,target_value_pattern,forbidden_target_value_pattern,singleton_support,singleton_target_support,singleton_target_probability,discovery_singleton_support,discovery_singleton_target_support,discovery_singleton_target_probability,validation_singleton_support,validation_singleton_target_support,validation_singleton_target_probability,target_value_domain,primary_task_safety_cap,profile_capacity_policy_version,profile_capacity_policy_sha256
gen_stat_5f860edacf7b2e08,stat_54de59afa601d232,STAT_LABEL0_MIN2_P80_SCOPED,0,color,different_value,statistical_atomic_difference,Цвет товара,"Создай товар, где характеристику «Цвет товара» можно изменить независимо. Не добавляй другие атрибуты, которые логически фиксируют её значение или станут противоречивыми после замены.",['Автотовары'],"Replace exactly this explicit attribute with a different, realistic value for the same concrete product subtype.","Change only this attribute; preserve product subtype and all unrelated facts, and update every title mention consistently.",singleton_all_occurrence_and_product_type_threshold,Автотовары,override,13,0,"[{'attribute_key': 'цвет товара', 'support': 13}, {'attribute_key': 'цвет', 'support': 4}]",572,518,54,0.9055944055944056,19,16,3,0.8421052631578947,572,518,0.9055944055944056,19,16,0.8421052631578947,"{'discovery': {'support': 14, 'target_support': 13, 'target_probability': 0.9285714285714286}, 'validation': {'support': 5, 'target_support': 3, 'target_probability': 0.6}}",14,5,rp_71f58f533df975967b04ce58;rp_4caa38759a05cac587b44c5d;rp_a04152e7673a34e6dbfdc34b,bright red | серый | светло-серый,"[{'product_type': 'оплетка на руль', 'normalized_product_type': 'оплетка на руль', 'singleton_pair_support': 2, 'singleton_target_support': 2, 'singleton_target_probability': 1.0, 'split_statistics': {'discovery': {'support': 2, 'target_support': 2, 'target_probability': 1.0}, 'validation': {'support': 0, 'target_support': 0, 'target_probability': 0.0}}, 'source_pair_ids': ['rp_12eb55ff0309839c8105035f', 'rp_3efa714fe6a2ac12865ed08a'], 'source_examples': [{'source_pair_id': 'rp_12eb55ff0309839c8105035f', 'product_type': 'оплетка на руль', 'title_a': 'autopilot оплетка на руль, диаметр 37.39 см, 1 шт. ', 'title_b': 'автопилот оплетка на руль ситроен берлинго (1996 - 2002) компактвэн / citroen berlingo, искусственная кожа (высокого качества), серый', 'target_value_a': 'черный', 'target_value_b': 'серый'}, {'source_pair_id': 'rp_3efa714fe6a2ac12865ed08a', 'product_type': 'оплетка на руль', 'title_a': 'автопилот оплетка на руль мазда 3 мпс (2006 - 2009) хэтчбек 5 дверей / mazda 3 mps, искусственная кожа (высокого качества), черный с красным', 'title_b': 'autopilot оплетка на руль, диаметр 37.39 см, 1 шт. ', 'target_value_a': 'черный с красным', 'target_value_b': 'черный'}]}]",['оплетка на руль'],['Бренд'],"[{'source_pair_id': 'rp_12eb55ff0309839c8105035f', 'product_type': 'оплетка на руль', 'title_a': 'autopilot оплетка на руль, диаметр 37.39 см, 1 шт. ', 'title_b': 'автопилот оплетка на руль ситроен берлинго (1996 - 2002) компактвэн / citroen berlingo, искусственная кожа (высокого качества), серый', 'target_value_a': 'черный', 'target_value_b': 'серый'}, {'source_pair_id': 'rp_3efa714fe6a2ac12865ed08a', 'product_type': 'оплетка на руль', 'title_a': 'автопилот оплетка на руль мазда 3 мпс (2006 - 2009) хэтчбек 5 дверей / mazda 3 mps, искусственная кожа (высокого качества), черный с красным', 'title_b': 'autopilot оплетка на руль, диаметр 37.39 см, 1 шт. ', 'target_value_a': 'черный с красным', 'target_value_b': 'черный'}]","{'source_singleton_pairs': 19, 'source_pairs_with_explicit_type': 5, 'observed_exact_product_types': 4, 'supported_product_type_profiles': 1}",False,independent_value,[],,,2,2,1.0,2,2,1.0,0,0,0.0,[],,profile_capacity_policy_v1,829f9c458f1a2a72f16b766dfaf3abbdbad9a1874d71feb4457eab7da52b3fee
gen_stat_cc1f5b4f49f4b3e2,stat_1253793637953c55,STAT_LABEL0_CROSS_SPLIT_MIN2_P80_SCOPED,0,material,different_value,statistical_atomic_difference,Материал,"Создай товар, где характеристику «Материал» можно изменить независимо. Не добавляй другие атрибуты, которые логически фиксируют её значение или станут противоречивыми после замены. Новое значение должно обозначать физически другой материал, а не синоним или маркетинговое название того же материала: например, искусственная кожа, экокожа и кожзам считаются одним семейством.",['Автотовары'],"Replace this attribute with a physically different material family, never a synonym or marketing alias.","Change only this attribute; preserve product subtype and all unrelated facts, and update every title mention consistently.",cross_split_threshold_and_product_type_scope,Автотовары,override,9,0,"[{'attribute_key': 'материал', 'support': 9}]",226,203,23,0.8982300884955752,5,5,0,1.0,226,203,0.8982300884955752,5,5,1.0,"{'discovery': {'support': 4, 'target_support': 4, 'target_probability': 1.0}, 'validation': {'support': 1, 'target_support': 1, 'target_probability': 1.0}}",4,1,rp_ed03685b97132d94817b9a01;rp_4caa38759a05cac587b44c5d;rp_d9e800ac527e271dc192453f,сетка | экокожа | искусственная кожа,"[{'product_type': 'оплетка на руль', 'normalized_product_type': 'оплетка на руль', 'singleton_pair_support': 4, 'singleton_target_support': 4, 'singleton_target_probability': 1.0, 'split_statistics': {'discovery': {'support': 3, 'target_support': 3, 'target_probability': 1.0}, 'validation': {'support': 1, 'target_support': 1, 'target_probability': 1.0}}, 'source_pair_ids': ['rp_4ce6422c4d28a0f53086d617', 'rp_4ef4788450c8a4c8d7a5ba1b', 'rp_cb403a3f861947aa053aaaca', 'rp_590499402c34f6b34c215bc4'], 'source_examples': [{'source_pair_id': 'rp_4ce6422c4d28a0f53086d617', 'product_type': 'оплетка на руль', 'title_a': 'автопилот оплетка на руль мерседес-бенц глс амг (2020 - 2024) внедорожник 5 дверей / mercedes-benz gls amg, силикон, черный', 'title_b': 'autopilot оплетка на руль, диаметр 37.39 см, 1 шт. ', 'target_value_a': 'силикон', 'target_value_b': 'искусственная кожа'}, {'source_pair_id': 'rp_4ef4788450c8a4c8d7a5ba1b', 'product_type': 'оплетка на руль', 'title_a': 'автопилот оплетка на руль ниссан марч (2010 - 2013) хэтчбек 5 дверей / nissan march, силикон, черный', 'title_b': 'autopilot оплетка на руль, диаметр 37.39 см, 1 шт. ', 'target_value_a': 'силикон', 'target_value_b': 'экокожа'}, {'source_pair_id': 'rp_cb403a3f861947aa053aaaca', 'product_type': 'оплетка на руль', 'title_a': 'автопилот оплетка на руль хонда легенд (2004 - 2008) седан / honda legend, натуральная кожа (высокого качества), черный', 'title_b': 'autopilot оплетка на руль, диаметр 37.39 см, 1 шт. ', 'target_value_a': 'натуральная кожа', 'target_value_b': 'искусственная кожа'}, {'source_pair_id': 'rp_590499402c34f6b34c215bc4', 'product_type': 'оплетка на руль', 'title_a': 'автопилот оплетка на руль фольксваген каравелла (2009 - 2015) минивэн / volkswagen искусственная кожа (высокого качества) и карбон, черный', 'title_b': 'autopilot оплетка на руль, диаметр 37.39 см, 1 шт. ', 'target_value_a': 'искусственная кожа, карбон', 'target_value_b': 'экокожа'}]}]",['оплетка на руль'],['Бренд'],"[{'source_pair_id': 'rp_4ce6422c4d28a0f53086d617', 'product_type': 'оплетка на руль', 'title_a': 'автопилот оплетка на руль мерседес-бенц глс амг (2020 - 2024) внедорожник 5 дверей / mercedes-benz gls amg, силикон, черный', 'title_b': 'autopilot оплетка на руль, диаметр 37.39 см, 1 шт. ', 'target_value_a': 'силикон', 'target_value_b': 'искусственная кожа'}, {'source_pair_id': 'rp_4ef4788450c8a4c8d7a5ba1b', 'product_type': 'оплетка на руль', 'title_a': 'автопилот оплетка на руль ниссан марч (2010 - 2013) хэтчбек 5 дверей / nissan march, силикон, черный', 'title_b': 'autopilot оплетка на руль, диаметр 37.39 см, 1 шт. ', 'target_value_a': 'силикон', 'target_value_b': 'экокожа'}, {'source_pair_id': 'rp_cb403a3f861947aa053aaaca', 'product_type': 'оплетка на руль', 'title_a': 'автопилот оплетка на руль хонда легенд (2004 - 2008) седан / honda legend, натуральная кожа (высокого качества), черный', 'title_b': 'autopilot оплетка на руль, диаметр 37.39 см, 1 шт. ', 'target_value_a': 'натуральная кожа', 'target_value_b': 'искусственная кожа'}, {'source_pair_id': 'rp_590499402c34f6b34c215bc4', 'product_type': 'оплетка на руль', 'title_a': 'автопилот оплетка на руль фольксваген каравелла (2009 - 2015) минивэн / volkswagen искусственная кожа (высокого качества) и карбон, черный', 'title_b': 'autopilot оплетка на руль, диаметр 37.39 см, 1 шт. ', 'target_value_a': 'искусственная кожа, карбон', 'target_value_b': 'экокожа'}]","{'source_singleton_pairs': 5, 'source_pairs_with_explicit_type': 4, 'observed_exact_product_types': 1, 'supported_product_type_profiles': 1}",False,independent_value,['(?:состав|ингредиент|сырье|красител|composition|ingredient)'],,,4,4,1.0,3,3,1.0,1,1,1.0,[],,profile_capacity_policy_v1,829f9c458f1a2a72f16b766dfaf3abbdbad9a1874d71feb4457eab7da52b3fee
gen_stat_4c86982e56e83f95,stat_e6eb4a85af3bf757,STAT_LABEL0_UNANIMOUS_OVERRIDE,0,flavor,different_value,statistical_atomic_difference,Вкус,"Создай товар, где характеристику «Вкус» можно изменить независимо. Не добавляй другие атрибуты, которые логически фиксируют её значение или станут противоречивыми после замены. В частности, не указывай состав, сырьё, конструкцию или назначение, которые верны только для исходного значения.",['Аптека'],"Replace exactly this explicit attribute with a different, realistic value for the same concrete product subtype.","Change only this attribute; preserve product subtype and all unrelated facts, and update every title mention consistently.",unanimous_singleton_override,Аптека,override,2,0,"[{'attribute_key': 'аромат/вкус', 'support': 2}, {'attribute_key': 'аромат', 'support': 1}]",9,6,3,0.6666666666666666,3,3,0,1.0,9,6,0.6666666666666666,3,3,1.0,"{'discovery': {'support': 3, 'target_support': 3, 'target_probability': 1.0}, 'validation': {'support': 0, 'target_support': 0, 'target_probability': 0.0}}",3,0,rp_3d8a84c363307236b65d7cff;rp_3da738399559e2744b99e64b;rp_42568abf1ae9015fec3396a8,без вкуса | фруктов | клубника,"[{'product_type': 'лубрикант', 'normalized_product_type': 'лубрикант', 'singleton_pair_support': 2, 'singleton_target_support': 2, 'singleton_target_probability': 1.0, 'split_statistics': {'discovery': {'support': 2, 'target_support': 2, 'target_probability': 1.0}, 'validation': {'support': 0, 'target_support': 0, 'target_probability': 0.0}}, 'source_pair_ids': ['rp_3da738399559e2744b99e64b', 'rp_42568abf1ae9015fec3396a8'], 'source_examples': [{'source_pair_id': 'rp_3da738399559e2744b99e64b', 'product_type': 'лубрикант', 'title_a': 'интимный съедобный лубрикант juicy fruit с ароматом фруктов - 30 мл.', 'title_b': 'biomed nutrition интимный съедобный лубрикант juicy fruit с ароматом дыни - 30 мл.', 'target_value_a': 'фруктов', 'target_value_b': 'дыни'}, {'source_pair_id': 'rp_42568abf1ae9015fec3396a8', 'product_type': 'лубрикант', 'title_a': 'лубрикант с ароматом клубники wicked aqua - 3 мл.', 'title_b': 'лубрикант со вкусом кофе мокко wicked aqua mocha java - 3 мл.', 'target_value_a': 'клубника', 'target_value_b': 'кофе мокко'}]}]",['лубрикант'],['Бренд'],"[{'source_pair_id': 'rp_3da738399559e2744b99e64b', 'product_type': 'лубрикант', 'title_a': 'интимный съедобный лубрикант juicy fruit с ароматом фруктов - 30 мл.', 'title_b': 'biomed nutrition интимный съедобный лубрикант juicy fruit с ароматом дыни - 30 мл.', 'target_value_a': 'фруктов', 'target_value_b': 'дыни'}, {'source_pair_id': 'rp_42568abf1ae9015fec3396a8', 'product_type': 'лубрикант', 'title_a': 'лубрикант с ароматом клубники wicked aqua - 3 мл.', 'title_b': 'лубрикант со вкусом кофе мокко wicked aqua mocha java - 3 мл.', 'target_value_a': 'клубника', 'target_value_b': 'кофе мокко'}]","{'source_singleton_pairs': 3, 'source_pairs_with_explicit_type': 2, 'observed_exact_product_types': 1, 'supported_product_type_profiles': 1}",False,independent_value,['(?:состав|ингредиент|сырье|красител|composition|ingredient)'],,,2,2,1.0,2,2,1.0,0,0,0.0,[],,profile_capacity_policy_v1,829f9c458f1a2a72f16b766dfaf3abbdbad9a1874d71feb4457eab7da52b3fee
gen_stat_2006394e9f73a316,stat_0df4e05fddba5602,STAT_LABEL0_CROSS_SPLIT_MIN2_P80_SCOPED,0,optical_power,different_value,statistical_atomic_difference,Оптическая сила,"Создай товар, где характеристику «Оптическая сила» можно изменить независимо. Не добавляй другие атрибуты, которые логически фиксируют её значение или станут противоречивыми после замены.",['Аптека'],"Replace exactly this explicit attribute with a different, realistic value for the same concrete product subtype.","Change only this attribute; preserve product subtype and all unrelated facts, and update every title mention consistently.",cross_split_threshold_and_product_type_scope,Аптека,override,39,0,"[{'attribute_key': 'оптическая сила', 'support': 39}, {'attribute_key': 'диоптрии', 'support': 6}]",1188,1187,1,0.9991582491582491,48,48,0,1.0,1188,1187,0.9991582491582491,48,48,1.0,"{'discovery': {'support': 41, 'target_support': 41, 'target_probability': 1.0}, 'validation': {'support': 7, 'target_support': 7, 'target_probability': 1.0}}",41,7,rp_74cd0be132fadd0f21dad35e;rp_e685f396514d9431b6af86ba;rp_f29d5c7c2fb8b8086ff942c9,"+3.25 | -0,75 | -1.50","[{'product_type': 'контактные линзы', 'normalized_product_type': 'контактные линзы', 'singleton_pair_support': 17, 'singleton_target_support': 17, 'singleton_target_probability': 1.0, 'split_statistics': {'discovery': {'support': 13, 'target_support': 13, 'target_probability': 1.0}, 'validation': {'support': 4, 'target_support': 4, 'target_probability': 1.0}}, 'source_pair_ids': ['rp_2b781da95128dceda81d2308', 'rp_ca58e5158566d46469405d59', 'rp_2d1d63097e58d69d0900c55d', 'rp_b6541e26eea67659817994a3', 'rp_3706686ee78246ebeed07b33', 'rp_ed004d780c27204d6485d8fd', 'rp_e721f5df6f0336617e45a2c5', 'rp_b95bbcb48b76386dd5558aee'], 'source_examples': [{'source_pair_id': 'rp_2b781da95128dceda81d2308', 'product_type': 'контактные линзы', 'title_a': 'vizoteque / контактные линзы comfortex 6 шт r 8.6 sph +0.50', 'title_b': 'контактные линзы vizoteque comfortex, 6 шт -6.5 радиус кривизны 8.6', 'target_value_a': '+0.50', 'target_value_b': '-6.50'}, {'source_pair_id': 'rp_ca58e5158566d46469405d59', 'product_type': 'контактные линзы', 'title_a': 'acuvue oasys / контактные линзы oasys 1-day with hydraluxe 30 линз r 8.5', 'title_b': 'acuvue контактные линзы oasys 1-day with hydraluxe  30 линз, 30 шт., -1.00 / 8.5/ 1 день', 'target_value_a': '+2.25', 'target_value_b': '-1.00'}, {'source_pair_id': 'rp_2d1d63097e58d69d0900c55d', 'product_type': 'контактные линзы', 'title_a': 'alcon контактные линзы total1optikanew_бесцветные, 90 шт., -4.25 / 8.5/ 1 день', 'title_b': 'линзы контактные alcon/алкон dailies total 1 (8.5/-6,00) 90шт', 'target_value_a': '-4.25', 'target_value_b': '-6,00'}, {'source_pair_id': 'rp_b6541e26eea67659817994a3', 'product_type': 'контактные линзы', 'title_a': 'alcon контактные линзы air optix aqua, 6 шт., -4.25 / 8.6/ 1 месяц, ежемесячные', 'title_b': 'alcon air optix aqua контактные линзы плановой замены/-5,25/ 6 шт.', 'target_value_a': '-4.25', 'target_value_b': '-5,25'}]}]",['контактные линзы'],['Бренд'],"[{'source_pair_id': 'rp_2b781da95128dceda81d2308', 'product_type': 'контактные линзы', 'title_a': 'vizoteque / контактные линзы comfortex 6 шт r 8.6 sph +0.50', 'title_b': 'контактные линзы vizoteque comfortex, 6 шт -6.5 радиус кривизны 8.6', 'target_value_a': '+0.50', 'target_value_b': '-6.50'}, {'source_pair_id': 'rp_ca58e5158566d46469405d59', 'product_type': 'контактные линзы', 'title_a': 'acuvue oasys / контактные линзы oasys 1-day with hydraluxe 30 линз r 8.5', 'title_b': 'acuvue контактные линзы oasys 1-day with hydraluxe  30 линз, 30 шт., -1.00 / 8.5/ 1 день', 'target_value_a': '+2.25', 'target_value_b': '-1.00'}, {'source_pair_id': 'rp_2d1d63097e58d69d0900c55d', 'product_type': 'контактные линзы', 'title_a': 'alcon контактные линзы total1optikanew_бесцветные, 90 шт., -4.25 / 8.5/ 1 день', 'title_b': 'линзы контактные alcon/алкон dailies total 1 (8.5/-6,00) 90шт', 'target_value_a': '-4.25', 'target_value_b': '-6,00'}, {'source_pair_id': 'rp_b6541e26eea67659817994a3', 'product_type': 'контактные линзы', 'title_a': 'alcon контактные линзы air optix aqua, 6 шт., -4.25 / 8.6/ 1 месяц, ежемесячные', 'title_b': 'alcon air optix aqua контактные линзы плановой замены/-5,25/ 6 шт.', 'target_value_a': '-4.25', 'target_value_b': '-5,25'}]","{'source_singleton_pairs': 48, 'source_pairs_with_explicit_type': 21, 'observed_exact_product_types': 4, 'supported_product_type_profiles': 1}",False,independent_value,[],"[+-]?\d+(?:[.,]\d+)?(?:\s*(?:дптр|d|диоптр\w*))?",,17,17,1.0,13,13,1.0,4,4,1.0,[],,profile_capacity_policy_v1,829f9c458f1a2a72f16b766dfaf3abbdbad9a1874d71feb4457eab7da52b3fee
gen_stat_382f0293a0c9df9a,stat_0df4e05fddba5602,STAT_LABEL0_MIN2_P80_SCOPED,0,optical_power,different_value,statistical_atomic_difference,Оптическая сила,"Создай товар, где характеристику «Оптическая сила» можно изменить независимо. Не добавляй другие атрибуты, которые логически фиксируют её значение или станут противоречивыми после замены.",['Аптека'],"Replace exactly this explicit attribute with a different, realistic value for the same concrete product subtype.","Change only this attribute; preserve product subtype and all unrelated facts, and update every title mention consistently.",singleton_all_occurrence_and_product_type_threshold,Аптека,override,39,0,"[{'attribute_key': 'оптическая сила', 'support': 39}, {'attribute_key': 'диоптрии', 'support': 6}]",1188,1187,1,0.9991582491582491,48,48,0,1.0,1188,1187,0.9991582491582491,48,48,1.0,"{'discovery': {'support': 41, 'target_support': 41, 'target_probability': 1.0}, 'validation': {'support': 7, 'target_support': 7, 'target_probability': 1.0}}",41,7,rp_74cd0be132fadd0f21dad35e;rp_e685f396514d9431b6af86ba;rp_f29d5c7c2fb8b8086ff942c9,"+3.25 | -0,75 | -1.50","[{'product_type': 'астигматические линзы', 'normalized_product_type': 'астигматические линзы', 'singleton_pair_support': 2, 'singleton_target_support': 2, 'singleton_target_probability': 1.0, 'split_statistics': {'discovery': {'support': 2, 'target_support': 2, 'target_probability': 1.0}, 'validation': {'support': 0, 'target_support': 0, 'target_probability': 0.0}}, 'source_pair_ids': ['rp_96bdcc9ddd4e9c6ba54f375a', 'rp_64a01615c8ea2f54f17c003b'], 'source_examples': [{'source_pair_id': 'rp_96bdcc9ddd4e9c6ba54f375a', 'product_type': 'астигматические линзы', 'title_a': 'coopervision астигматические линзы biofinity toric -0,75, 70, 3 шт. , -5.25, 8.7, -0.75, 70, 1 месяц ', 'title_b': 'контактные линзы coopervision biofinity toric, 3 шт., r 8,7, d -1,25,\xa0cyl:\xa0-0,75,\xa0aх:\xa070', 'target_value_a': '-5.25', 'target_value_b': '-1,25'}, {'source_pair_id': 'rp_64a01615c8ea2f54f17c003b', 'product_type': 'астигматические линзы', 'title_a': 'контактные линзы coopervision biofinity toric, 3 шт., r 8,7, d +1,\xa0cyl:\xa0-1,75,\xa0aх:\xa0100', 'title_b': 'coopervision астигматические линзы biofinity toric -1,75, 100, 3 шт. , -6.50, 8.7, -1.75, 100, 1 месяц ', 'target_value_a': '+1', 'target_value_b': '-6.50'}]}]",['астигматические линзы'],['Бренд'],"[{'source_pair_id': 'rp_96bdcc9ddd4e9c6ba54f375a', 'product_type': 'астигматические линзы', 'title_a': 'coopervision астигматические линзы biofinity toric -0,75, 70, 3 шт. , -5.25, 8.7, -0.75, 70, 1 месяц ', 'title_b': 'контактные линзы coopervision biofinity toric, 3 шт., r 8,7, d -1,25,\xa0cyl:\xa0-0,75,\xa0aх:\xa070', 'target_value_a': '-5.25', 'target_value_b': '-1,25'}, {'source_pair_id': 'rp_64a01615c8ea2f54f17c003b', 'product_type': 'астигматические линзы', 'title_a': 'контактные линзы coopervision biofinity toric, 3 шт., r 8,7, d +1,\xa0cyl:\xa0-1,75,\xa0aх:\xa0100', 'title_b': 'coopervision астигматические линзы biofinity toric -1,75, 100, 3 шт. , -6.50, 8.7, -1.75, 100, 1 месяц ', 'target_value_a': '+1', 'target_value_b': '-6.50'}]","{'source_singleton_pairs': 48, 'source_pairs_with_explicit_type': 21, 'observed_exact_product_types': 4, 'supported_product_type_profiles': 1}",False,independent_value,[],"[+-]?\d+(?:[.,]\d+)?(?:\s*(?:дптр|d|диоптр\w*))?",,2,2,1.0,2,2,1.0,0,0,0.0,[],,profile_capacity_policy_v1,829f9c458f1a2a72f16b766dfaf3abbdbad9a1874d71feb4457eab7da52b3fee
gen_stat_c9dda2e1ba3ca408,stat_35f442538ea613f7,STAT_LABEL0_UNANIMOUS_OVERRIDE,0,laundry_purpose,different_value,statistical_atomic_difference,Назначение средства для стирки,"Создай товар, где характеристику «Назначение средства для стирки» можно изменить независимо. Не добавляй другие атрибуты, которые логически фиксируют её значение или станут противоречивыми после замены.",['Бытовая химия'],"Replace exactly this explicit attribute with a different, realistic value for the same concrete product subtype.","Change only this attribute; preserve product subtype and all unrelated facts, and update every title mention consistently.",unanimous_singleton_override,Бытовая химия,override,4,0,"[{'attribute_key': 'назначение средства для стирки', 'support': 4}, {'attribute_key': 'назначение', 'support': 2}, {'attribute_key': 'назначение стирального средства', 'support': 1}, {'attribute_key': 'эффект средства', 'support': 1}]",45,29,16,0.6444444444444445,5,5,0,1.0,45,29,0.6444444444444445,5,5,1.0,"{'discovery': {'support': 5, 'target_support': 5, 'target_probability': 1.0}, 'validation': {'support': 0, 'target_support': 0, 'target_probability': 0.0}}",5,0,rp_633ea071592841a810fcc27c;rp_5e0ef96fbb1b6816062963e9;rp_59b369d4c6f87fa5db019562,для белых тканей | для белых тканей | для черных и темных тканей,"[{'product_type': 'жидкое средство для стирки', 'normalized_product_type': 'жидкое средство для стирки', 'singleton_pair_support': 2, 'singleton_target_support': 2, 'singleton_target_probability': 1.0, 'split_statistics': {'discovery': {'support': 2, 'target_support': 2, 'target_probability': 1.0}, 'validation': {'support': 0, 'target_support': 0, 'target_probability': 0.0}}, 'source_pair_ids': ['rp_bbc9d12ca1305af842ac5306', 'rp_24f886db3b972c9bf5183a42'], 'source_examples': [{'source_pair_id': 'rp_bbc9d12ca1305af842ac5306', 'product_type': 'жидкое средство для стирки', 'title_a': 'жидкое средство для стирки clean home, гель, универсальное, 1 л', 'title_b': 'clean home жидкое средство для стирки clean home, гель, для чёрных тканей, 1 л', 'target_value_a': 'универсальное', 'target_value_b': 'для чёрных тканей'}, {'source_pair_id': 'rp_24f886db3b972c9bf5183a42', 'product_type': 'жидкое средство для стирки', 'title_a': 'жидкое средство для стирки qualita, гель, для цветных тканей, 3 л', 'title_b': 'qualita жидкое средство для стирки qualita, гель, универсальное, 3 л', 'target_value_a': 'для цветных тканей', 'target_value_b': 'универсальное'}]}]",['жидкое средство для стирки'],['Бренд'],"[{'source_pair_id': 'rp_bbc9d12ca1305af842ac5306', 'product_type': 'жидкое средство для стирки', 'title_a': 'жидкое средство для стирки clean home, гель, универсальное, 1 л', 'title_b': 'clean home жидкое средство для стирки clean home, гель, для чёрных тканей, 1 л', 'target_value_a': 'универсальное', 'target_value_b': 'для чёрных тканей'}, {'source_pair_id': 'rp_24f886db3b972c9bf5183a42', 'product_type': 'жидкое средство для стирки', 'title_a': 'жидкое средство для стирки qualita, гель, для цветных тканей, 3 л', 'title_b': 'qualita жидкое средство для стирки qualita, гель, универсальное, 3 л', 'target_value_a': 'для цветных тканей', 'target_value_b': 'универсальное'}]","{'source_singleton_pairs': 5, 'source_pairs_with_explicit_type': 4, 'observed_exact_product_types': 3, 'supported_product_type_profiles': 1}",False,independent_value,[],,,2,2,1.0,2,2,1.0,0,0,0.0,[],,profile_capacity_policy_v1,829f9c458f1a2a72f16b766dfaf3abbdbad9a1874d71feb4457eab7da52b3fee
gen_stat_6dee67e88e529f0c,stat_ac1c78f5ecb1d2ed,STAT_LABEL0_CROSS_SPLIT_MIN2_P80_SCOPED,0,package_quantity,different_value,statistical_atomic_difference,Количество в упаковке,"Создай товар, где характеристику «Количество в упаковке» можно изменить независимо. Не добавляй другие атрибуты, которые логически фиксируют её значение или станут противоречивыми после замены. Записывай значение только как положительное целое число с явной единицей «шт», например «6 шт»; число без единицы недопустимо. Не дублируй количество в комплектации, весе, объёме или других полях. По примерам конкретного типа определи, означает ли оно число одинаковых товаров либо число основных штук, доз или элементов внутри продаваемой упаковки. Не считай аксессуары и рекламные вложения.",['Бытовая химия'],"Replace exactly this explicit attribute with a different, realistic value for the same concrete product subtype.","Change only this attribute; preserve product subtype and all unrelated facts, and update every title mention consistently.",cross_split_threshold_and_product_type_scope,Бытовая химия,override,48,0,"[{'attribute_key': 'комплектация', 'support': 48}, {'attribute_key': 'единиц в одном товаре', 'support': 39}, {'attribute_key': 'количество предметов в упаковке', 'support': 10}, {'attribute_key': 'количество таблеток/капсул в одной упаковке, шт', 'support': 7}, {'attribute_key': 'количество упаковок', 'support': 5}]",421,380,41,0.9026128266033254,99,88,11,0.8888888888888888,421,380,0.9026128266033254,99,88,0.8888888888888888,"{'discovery': {'support': 75, 'target_support': 68, 'target_probability': 0.9066666666666666}, 'validation': {'support': 24, 'target_support': 20, 'target_probability': 0.8333333333333334}}",75,24,rp_7e296ca7c6c71c2bd51a27e6;rp_a64d7b0e2e62cf8cc420f426;rp_a327e4747d2d7b2bdc5c2492,90 шт | 3 | 4 шт,"[{'product_type': 'освежитель воздуха', 'normalized_product_type': 'освежитель воздуха', 'singleton_pair_support': 16, 'singleton_target_support': 16, 'singleton_target_probability': 1.0, 'split_statistics': {'discovery': {'support': 14, 'target_support': 14, 'target_probability': 1.0}, 'validation': {'support': 2, 'target_support': 2, 'target_probability': 1.0}}, 'source_pair_ids': ['rp_9beccce0227faf7419a1b266', 'rp_09f9ba618d4929072a7c43de', 'rp_423e58eac22974c5b312e4fc', 'rp_b14c877d885cf3527437f35b', 'rp_6af5109dfc4a64d2274e3986', 'rp_0a81470e6944d9e42d4ad3e2', 'rp_b1060a67e61c1ff71e5519a2', 'rp_d33836e36c25a341164cb243'], 'source_examples': [{'source_pair_id': 'rp_9beccce0227faf7419a1b266', 'product_type': 'освежитель воздуха', 'title_a': 'аэрозоль-освежитель воздуха airwick pure сочный манго 250 мл. х 2 шт.', 'title_b': 'airwick / освежитель воздуха сочное манго 250 мл.', 'target_value_a': '2', 'target_value_b': '1'}, {'source_pair_id': 'rp_09f9ba618d4929072a7c43de', 'product_type': 'освежитель воздуха', 'title_a': 'освежитель воздуха аэрозольный first fresh лигурийский бриз, 300мл (сухое распыление)', 'title_b': 'аэро-про first fresh освежитель воздуха лигурийский бриз, 300 мл, 9 шт', 'target_value_a': '1', 'target_value_b': '9'}, {'source_pair_id': 'rp_423e58eac22974c5b312e4fc', 'product_type': 'освежитель воздуха', 'title_a': 'без бренда освежитель воздуха alpen весенний сад, 300 мл, 6 шт', 'title_b': 'освежитель воздуха alpen весенний сад, 300 мл', 'target_value_a': '6 шт', 'target_value_b': '1'}, {'source_pair_id': 'rp_b14c877d885cf3527437f35b', 'product_type': 'освежитель воздуха', 'title_a': 'chirton / освежитель воздуха сосна и вереск 300 мл', 'title_b': 'освежитель воздуха chirton сосна и вереск 300 мл.', 'target_value_a': '2 шт', 'target_value_b': '1'}]}]",['освежитель воздуха'],['Бренд'],"[{'source_pair_id': 'rp_9beccce0227faf7419a1b266', 'product_type': 'освежитель воздуха', 'title_a': 'аэрозоль-освежитель воздуха airwick pure сочный манго 250 мл. х 2 шт.', 'title_b': 'airwick / освежитель воздуха сочное манго 250 мл.', 'target_value_a': '2', 'target_value_b': '1'}, {'source_pair_id': 'rp_09f9ba618d4929072a7c43de', 'product_type': 'освежитель воздуха', 'title_a': 'освежитель воздуха аэрозольный first fresh лигурийский бриз, 300мл (сухое распыление)', 'title_b': 'аэро-про first fresh освежитель воздуха лигурийский бриз, 300 мл, 9 шт', 'target_value_a': '1', 'target_value_b': '9'}, {'source_pair_id': 'rp_423e58eac22974c5b312e4fc', 'product_type': 'освежитель воздуха', 'title_a': 'без бренда освежитель воздуха alpen весенний сад, 300 мл, 6 шт', 'title_b': 'освежитель воздуха alpen весенний сад, 300 мл', 'target_value_a': '6 шт', 'target_value_b': '1'}, {'source_pair_id': 'rp_b14c877d885cf3527437f35b', 'product_type': 'освежитель воздуха', 'title_a': 'chirton / освежитель воздуха сосна и вереск 300 мл', 'title_b': 'освежитель воздуха chirton сосна и вереск 300 мл.', 'target_value_a': '2 шт', 'target_value_b': '1'}]","{'source_singleton_pairs': 99, 'source_pairs_with_explicit_type': 33, 'observed_exact_product_types': 10, 'supported_product_type_profiles': 1}",False,independent_value,['(?:вес|масса|weight|объем|объём|volume|нетто)'],"[1-9]\d{0,4}\s*(?:шт\.?|штук(?:а|и)?|ед\.?|единиц(?:а|ы)?)",,16,16,1.0,14,14,1.0,2,2,1.0,[],,profile_capacity_policy_v1,829f9c458f1a2a72f16b766dfaf3abbdbad9a1874d71feb4457eab7da52b3fee
gen_stat_226616ec5c5023fc,stat_ac1c78f5ecb1d2ed,STAT_LABEL0_CROSS_SPLIT_MIN2_P80_SCOPED,0,package_quantity,different_value,statistical_atomic_difference,Количество в упаковке,"Создай товар, где характеристику «Количество в упаковке» можно изменить независимо. Не добавляй другие атрибуты, которые логически фиксируют её значение или станут противоречивыми после замены. Записывай значение только как положительное целое число с явной единицей «шт», например «6 шт»; число без единицы недопустимо. Не дублируй количество в комплектации, весе, объёме или других полях. По примерам конкретного типа определи, означает ли оно число одинаковых товаров либо число основных штук, доз или элементов внутри продаваемой упаковки. Не считай аксессуары и рекламные вложения.",['Бытовая химия'],"Replace exactly this explicit attribute with a different, realistic value for the same concrete product subtype.","Change only this attribute; preserve product subtype and all unrelated facts, and update every title mention consistently.",cross_split_threshold_and_product_type_scope,Бытовая химия,override,48,0,"[{'attribute_key': 'комплектация', 'support': 48}, {'attribute_key': 'единиц в одном товаре', 'support': 39}, {'attribute_key': 'количество предметов в упаковке', 'support': 10}, {'attribute_key': 'количество таблеток/капсул в одной упаковке, шт', 'support': 7}, {'attribute_key': 'количество упаковок', 'support': 5}]",421,380,41,0.9026128266033254,99,88,11,0.8888888888888888,421,380,0.9026128266033254,99,88,0.8888888888888888,"{'discovery': {'support': 75, 'target_support': 68, 'target_probability': 0.9066666666666666}, 'validation': {'support': 24, 'target_support': 20, 'target_probability': 0.8333333333333334}}",75,24,rp_7e296ca7c6c71c2bd51a27e6;rp_a64d7b0e2e62cf8cc420f426;rp_a327e4747d2d7b2bdc5c2492,90 шт | 3 | 4 шт,"[{'product_type': 'таблетки для посудомоечных машин', 'normalized_product_type': 'таблетки для посудомоечных машин', 'singleton_pair_support': 4, 'singleton_target_support': 4, 'singleton_target_probability': 1.0, 'split_statistics': {'discovery': {'support': 2, 'target_support': 2, 'target_probability': 1.0}, 'validation': {'support': 2, 'target_support': 2, 'target_probability': 1.0}}, 'source_pair_ids': ['rp_f31e20dbe3e3a1a5cacb504f', 'rp_96acb51f6dda34c809924ac5', 'rp_7344c50dbdf9a70975352ff8', 'rp_8323d5e7eb107a1578154802'], 'source_examples': [{'source_pair_id': 'rp_f31e20dbe3e3a1a5cacb504f', 'product_type': 'таблетки для посудомоечных машин', 'title_a': 'clean&fresh / таблетки для посудомоечной машины 100 шт', 'title_b': 'таблетки для посудомоечных машин clean & fresh all in 1, 15 шт', 'target_value_a': '100', 'target_value_b': '15'}, {'source_pair_id': 'rp_96acb51f6dda34c809924ac5', 'product_type': 'таблетки для посудомоечных машин', 'title_a': 'clean&fresh-tm / таблетки для посудомоечных машин clean fresh all in 1 45 шт клин энд фреш 45 таблеток все в одном', 'title_b': 'таблетки для посудомоечных машин clean & fresh ""all in 1"", с ароматом лимона, 100 шт', 'target_value_a': '45 шт', 'target_value_b': '100 шт'}, {'source_pair_id': 'rp_7344c50dbdf9a70975352ff8', 'product_type': 'таблетки для посудомоечных машин', 'title_a': 'somat / таблетки для посудомоечной машины', 'title_b': 'somat pro nature таблетки для посудомоечных машин всё в 1, 50шт', 'target_value_a': '34шт', 'target_value_b': '50'}, {'source_pair_id': 'rp_8323d5e7eb107a1578154802', 'product_type': 'таблетки для посудомоечных машин', 'title_a': 'таблетки для посудомоечных машин naturtek бесфосфатные 20 шт', 'title_b': 'naturtek / таблетки для посудомоечных машин naturtek 40 шт - 1 шт', 'target_value_a': '20 шт', 'target_value_b': '40 шт'}]}]",['таблетки для посудомоечных машин'],['Бренд'],"[{'source_pair_id': 'rp_f31e20dbe3e3a1a5cacb504f', 'product_type': 'таблетки для посудомоечных машин', 'title_a': 'clean&fresh / таблетки для посудомоечной машины 100 шт', 'title_b': 'таблетки для посудомоечных машин clean & fresh all in 1, 15 шт', 'target_value_a': '100', 'target_value_b': '15'}, {'source_pair_id': 'rp_96acb51f6dda34c809924ac5', 'product_type': 'таблетки для посудомоечных машин', 'title_a': 'clean&fresh-tm / таблетки для посудомоечных машин clean fresh all in 1 45 шт клин энд фреш 45 таблеток все в одном', 'title_b': 'таблетки для посудомоечных машин clean & fresh ""all in 1"", с ароматом лимона, 100 шт', 'target_value_a': '45 шт', 'target_value_b': '100 шт'}, {'source_pair_id': 'rp_7344c50dbdf9a70975352ff8', 'product_type': 'таблетки для посудомоечных машин', 'title_a': 'somat / таблетки для посудомоечной машины', 'title_b': 'somat pro nature таблетки для посудомоечных машин всё в 1, 50шт', 'target_value_a': '34шт', 'target_value_b': '50'}, {'source_pair_id': 'rp_8323d5e7eb107a1578154802', 'product_type': 'таблетки для посудомоечных машин', 'title_a': 'таблетки для посудомоечных машин naturtek бесфосфатные 20 шт', 'title_b': 'naturtek / таблетки для посудомоечных машин naturtek 40 шт - 1 шт', 'target_value_a': '20 шт', 'target_value_b': '40 шт'}]","{'source_singleton_pairs': 99, 'source_pairs_with_explicit_type': 33, 'observed_exact_product_types': 10, 'supported_product_type_profiles': 1}",False,independent_value,['(?:вес|масса|weight|объем|объём|volume|нетто)'],"[1-9]\d{0,4}\s*(?:шт\.?|штук(?:а|и)?|ед\.?|единиц(?:а|ы)?)",,4,4,1.0,2,2,1.0,2,2,1.0,[],,profile_capacity_policy_v1,829f9c458f1a2a72f16b766dfaf3abbdbad9a1874d71feb4457eab7da52b3fee
gen_stat_1156d16314b406d8,stat_ac1c78f5ecb1d2ed,STAT_LABEL0_CROSS_SPLIT_MIN2_P80_SCOPED,0,package_quantity,different_value,statistical_atomic_difference,Количество в упаковке,"Создай товар, где характеристику «Количество в упаковке» можно изменить независимо. Не добавляй другие атрибуты, которые логически фиксируют её значение или станут противоречивыми после замены. Записывай значение только как положительное целое число с явной единицей «шт», например «6 шт»; число без единицы недопустимо. Не дублируй количество в комплектации, весе, объёме или других полях. По примерам конкретного типа определи, означает ли оно число одинаковых товаров либо число основных штук, доз или элементов внутри продаваемой упаковки. Не считай аксессуары и рекламные вложения.",['Бытовая химия'],"Replace exactly this explicit attribute with a different, realistic value for the same concrete product subtype.","Change only this attribute; preserve product subtype and all unrelated facts, and update every title mention consistently.",cross_split_threshold_and_product_type_scope,Бытовая химия,override,48,0,"[{'attribute_key': 'комплектация', 'support': 48}, {'attribute_key': 'единиц в одном товаре', 'support': 39}, {'attribute_key': 'количество предметов в упаковке', 'support': 10}, {'attribute_key': 'количество таблеток/капсул в одной упаковке, шт', 'support': 7}, {'attribute_key': 'количество упаковок', 'support': 5}]",421,380,41,0.9026128266033254,99,88,11,0.8888888888888888,421,380,0.9026128266033254,99,88,0.8888888888888888,"{'discovery': {'support': 75, 'target_support': 68, 'target_probability': 0.9066666666666666}, 'validation': {'support': 24, 'target_support': 20, 'target_probability': 0.8333333333333334}}",75,24,rp_7e296ca7c6c71c2bd51a27e6;rp_a64d7b0e2e62cf8cc420f426;rp_a327e4747d2d7b2bdc5c2492,90 шт | 3 | 4 шт,"[{'product_type': 'пятновыводитель', 'normalized_product_type': 'пятновыводитель', 'singleton_pair_support': 3, 'singleton_target_support': 3, 'singleton_target_probability': 1.0, 'split_statistics': {'discovery': {'support': 2, 'target_support': 2, 'target_probability': 1.0}, 'validation': {'support': 1, 'target_support': 1, 'target_probability': 1.0}}, 'source_pair_ids': ['rp_4b0601ad80a7a931215f65b5', 'rp_aea84bf83b859cd3087b0b1b', 'rp_22650164e40177eb0fca4ccf'], 'source_examples': [{'source_pair_id': 'rp_4b0601ad80a7a931215f65b5', 'product_type': 'пятновыводитель', 'title_a': 'ушастый нянь пятновыводитель для детского белья, триггер, 500 мл, 2 шт', 'title_b': 'ушастый нянь / пятновыводитель для детского белья, 500 мл', 'target_value_a': '2', 'target_value_b': '1'}, {'source_pair_id': 'rp_aea84bf83b859cd3087b0b1b', 'product_type': 'пятновыводитель', 'title_a': 'dr. beckmann набор из 3 штук эксперт пятновыводитель dr.beckmann офис и хобби 50мл', 'title_b': 'dr. beckmann эксперт пятновыводитель офис и хобби, 50 мл', 'target_value_a': '3 штуки', 'target_value_b': '1'}, {'source_pair_id': 'rp_22650164e40177eb0fca4ccf', 'product_type': 'пятновыводитель', 'title_a': 'бос / пятновыводитель oxi spray 500мл х 16шт', 'title_b': 'универсальный пятновыводитель бос oxi spray, 500мл х 5шт', 'target_value_a': '16шт', 'target_value_b': '5шт'}]}]",['пятновыводитель'],['Бренд'],"[{'source_pair_id': 'rp_4b0601ad80a7a931215f65b5', 'product_type': 'пятновыводитель', 'title_a': 'ушастый нянь пятновыводитель для детского белья, триггер, 500 мл, 2 шт', 'title_b': 'ушастый нянь / пятновыводитель для детского белья, 500 мл', 'target_value_a': '2', 'target_value_b': '1'}, {'source_pair_id': 'rp_aea84bf83b859cd3087b0b1b', 'product_type': 'пятновыводитель', 'title_a': 'dr. beckmann набор из 3 штук эксперт пятновыводитель dr.beckmann офис и хобби 50мл', 'title_b': 'dr. beckmann эксперт пятновыводитель офис и хобби, 50 мл', 'target_value_a': '3 штуки', 'target_value_b': '1'}, {'source_pair_id': 'rp_22650164e40177eb0fca4ccf', 'product_type': 'пятновыводитель', 'title_a': 'бос / пятновыводитель oxi spray 500мл х 16шт', 'title_b': 'универсальный пятновыводитель бос oxi spray, 500мл х 5шт', 'target_value_a': '16шт', 'target_value_b': '5шт'}]","{'source_singleton_pairs': 99, 'source_pairs_with_explicit_type': 33, 'observed_exact_product_types': 10, 'supported_product_type_profiles': 1}",False,independent_value,['(?:вес|масса|weight|объем|объём|volume|нетто)'],"[1-9]\d{0,4}\s*(?:шт\.?|штук(?:а|и)?|ед\.?|единиц(?:а|ы)?)",,3,3,1.0,2,2,1.0,1,1,1.0,[],,profile_capacity_policy_v1,829f9c458f1a2a72f16b766dfaf3abbdbad9a1874d71feb4457eab7da52b3fee
gen_stat_7c2345ac2119a70c,stat_ac1c78f5ecb1d2ed,STAT_LABEL0_MIN2_P80_SCOPED,0,package_quantity,different_value,statistical_atomic_difference,Количество в упаковке,"Создай товар, где характеристику «Количество в упаковке» можно изменить независимо. Не добавляй другие атрибуты, которые логически фиксируют её значение или станут противоречивыми после замены. Записывай значение только как положительное целое число с явной единицей «шт», например «6 шт»; число без единицы недопустимо. Не дублируй количество в комплектации, весе, объёме или других полях. По примерам конкретного типа определи, означает ли оно число одинаковых товаров либо число основных штук, доз или элементов внутри продаваемой упаковки. Не считай аксессуары и рекламные вложения.",['Бытовая химия'],"Replace exactly this explicit attribute with a different, realistic value for the same concrete product subtype.","Change only this attribute; preserve product subtype and all unrelated facts, and update every title mention consistently.",singleton_all_occurrence_and_product_type_threshold,Бытовая химия,override,48,0,"[{'attribute_key': 'комплектация', 'support': 48}, {'attribute_key': 'единиц в одном товаре', 'support': 39}, {'attribute_key': 'количество предметов в упаковке', 'support': 10}, {'attribute_key': 'количество таблеток/капсул в одной упаковке, шт', 'support': 7}, {'attribute_key': 'количество упаковок', 'support': 5}]",421,380,41,0.9026128266033254,99,88,11,0.8888888888888888,421,380,0.9026128266033254,99,88,0.8888888888888888,"{'discovery': {'support': 75, 'target_support': 68, 'target_probability': 0.9066666666666666}, 'validation': {'support': 24, 'target_support': 20, 'target_probability': 0.8333333333333334}}",75,24,rp_7e296ca7c6c71c2bd51a27e6;rp_a64d7b0e2e62cf8cc420f426;rp_a327e4747d2d7b2bdc5c2492,90 шт | 3 | 4 шт,"[{'product_type': 'стиральный порошок', 'normalized_product_type': 'стиральный порошок', 'singleton_pair_support': 2, 'singleton_target_support': 2, 'singleton_target_probability': 1.0, 'split_statistics': {'discovery': {'support': 2, 'target_support': 2, 'target_probability': 1.0}, 'validation': {'support': 0, 'target_support': 0, 'target_probability': 0.0}}, 'source_pair_ids': ['rp_2a5a6c82ecfdce0a4f3bc9dc', 'rp_f7a58701fd4253f5ca07e1ce'], 'source_examples': [{'source_pair_id': 'rp_2a5a6c82ecfdce0a4f3bc9dc', 'product_type': 'стиральный порошок', 'title_a': 'стиральный порошок сарма актив горная свежесть 400г (3шт)', 'title_b': 'sarma / стиральный порошок горная свежесть актив, 400 г', 'target_value_a': '3шт', 'target_value_b': '1 шт'}, {'source_pair_id': 'rp_f7a58701fd4253f5ca07e1ce', 'product_type': 'стиральный порошок', 'title_a': 'миф стиральный порошок 400 г', 'title_b': 'миф / стиральный порошок автомат миф аквапудра 400г/2шт', 'target_value_a': '1', 'target_value_b': '2'}]}]",['стиральный порошок'],['Бренд'],"[{'source_pair_id': 'rp_2a5a6c82ecfdce0a4f3bc9dc', 'product_type': 'стиральный порошок', 'title_a': 'стиральный порошок сарма актив горная свежесть 400г (3шт)', 'title_b': 'sarma / стиральный порошок горная свежесть актив, 400 г', 'target_value_a': '3шт', 'target_value_b': '1 шт'}, {'source_pair_id': 'rp_f7a58701fd4253f5ca07e1ce', 'product_type': 'стиральный порошок', 'title_a': 'миф стиральный порошок 400 г', 'title_b': 'миф / стиральный порошок автомат миф аквапудра 400г/2шт', 'target_value_a': '1', 'target_value_b': '2'}]","{'source_singleton_pairs': 99, 'source_pairs_with_explicit_type': 33, 'observed_exact_product_types': 10, 'supported_product_type_profiles': 1}",False,independent_value,['(?:вес|масса|weight|объем|объём|volume|нетто)'],"[1-9]\d{0,4}\s*(?:шт\.?|штук(?:а|и)?|ед\.?|единиц(?:а|ы)?)",,2,2,1.0,2,2,1.0,0,0,0.0,[],,profile_capacity_policy_v1,829f9c458f1a2a72f16b766dfaf3abbdbad9a1874d71feb4457eab7da52b3fee
gen_stat_27a4df2e379281e1,stat_518f6e0fc00c16b8,STAT_LABEL0_MIN2_P80_SCOPED,0,case_diameter,different_value,statistical_atomic_difference,Диаметр корпуса,"Создай товар, где характеристику «Диаметр корпуса» можно изменить независимо. Не добавляй другие атрибуты, которые логически фиксируют её значение или станут противоречивыми после замены. Создай наручные часы; диаметр относится к корпусу часов, не к упаковке. Укажи одно число и явную физическую единицу мм, см или дюйм; число без единицы недопустимо.",['Галантерея и аксессуары'],"Replace exactly this explicit attribute with a different, realistic value for the same concrete product subtype.","Change only this attribute; preserve product subtype and all unrelated facts, and update every title mention consistently.",singleton_all_occurrence_and_product_type_threshold,Галантерея и аксессуары,static_pair_rule_mapping,2,0,"[{'attribute_key': 'диаметр корпуса, мм', 'support': 2}, {'attribute_key': 'диаметр корпуса', 'support': 2}]",226,204,22,0.9026548672566371,2,2,0,1.0,226,204,0.9026548672566371,2,2,1.0,"{'discovery': {'support': 2, 'target_support': 2, 'target_probability': 1.0}, 'validation': {'support': 0, 'target_support': 0, 'target_probability': 0.0}}",2,0,rp_a5131ad7924874d75d58c50b;rp_75ecc911c39c3b51e0eeb251;rp_b8b54e9dc9ab26b623c5bbbe,5 см | 34 | 45,"[{'product_type': 'часы наручные', 'normalized_product_type': 'часы наручные', 'singleton_pair_support': 2, 'singleton_target_support': 2, 'singleton_target_probability': 1.0, 'split_statistics': {'discovery': {'support': 2, 'target_support': 2, 'target_probability': 1.0}, 'validation': {'support': 0, 'target_support': 0, 'target_probability': 0.0}}, 'source_pair_ids': ['rp_0e16b52b7c66265fa4193162', 'rp_d5eff55a6bfbd4b849633fa8'], 'source_examples': [{'source_pair_id': 'rp_0e16b52b7c66265fa4193162', 'product_type': 'часы наручные', 'title_a': 'q&q часы наручные', 'title_b': 'q&q / наручные часы vs62-006.', 'target_value_a': '36', 'target_value_b': '3 см'}, {'source_pair_id': 'rp_d5eff55a6bfbd4b849633fa8', 'product_type': 'часы наручные', 'title_a': 'север часы наручные', 'title_b': 'север наручные часы север, синий', 'target_value_a': '40', 'target_value_b': '47 мм'}]}]",['часы наручные'],['Бренд'],"[{'source_pair_id': 'rp_0e16b52b7c66265fa4193162', 'product_type': 'часы наручные', 'title_a': 'q&q часы наручные', 'title_b': 'q&q / наручные часы vs62-006.', 'target_value_a': '36', 'target_value_b': '3 см'}, {'source_pair_id': 'rp_d5eff55a6bfbd4b849633fa8', 'product_type': 'часы наручные', 'title_a': 'север часы наручные', 'title_b': 'север наручные часы север, синий', 'target_value_a': '40', 'target_value_b': '47 мм'}]","{'source_singleton_pairs': 2, 'source_pairs_with_explicit_type': 2, 'observed_exact_product_types': 1, 'supported_product_type_profiles': 1}",False,independent_value,['(?:вес|масса|weight|net\\s*weight)'],"[+]?(?:\d+(?:[.,]\d+)?|[.,]\d+)\s*(?:мм|см|дюйм\w*|inch(?:es)?|in|\"")",,2,2,1.0,2,2,1.0,0,0,0.0,[],,profile_capacity_policy_v1,829f9c458f1a2a72f16b766dfaf3abbdbad9a1874d71feb4457eab7da52b3fee
gen_stat_28319d64284a9128,stat_f54f5dde2d6be3d4,STAT_LABEL0_CROSS_SPLIT_MIN2_P80_SCOPED,0,size,different_value,statistical_atomic_difference,Размер,"Создай товар, где характеристику «Размер» можно изменить независимо. Не добавляй другие атрибуты, которые логически фиксируют её значение или станут противоречивыми после замены.",['Галантерея и аксессуары'],"Replace exactly this explicit attribute with a different, realistic value for the same concrete product subtype.","Change only this attribute; preserve product subtype and all unrelated facts, and update every title mention consistently.",cross_split_threshold_and_product_type_scope,Галантерея и аксессуары,override,4,0,"[{'attribute_key': 'размер изделия', 'support': 4}, {'attribute_key': 'российский размер', 'support': 4}, {'attribute_key': 'размер чемодана', 'support': 1}, {'attribute_key': 'ширина предмета', 'support': 1}, {'attribute_key': 'размер браслета', 'support': 1}]",144,119,25,0.8263888888888888,9,8,1,0.8888888888888888,144,119,0.8263888888888888,9,8,0.8888888888888888,"{'discovery': {'support': 6, 'target_support': 5, 'target_probability': 0.8333333333333334}, 'validation': {'support': 3, 'target_support': 3, 'target_probability': 1.0}}",6,3,rp_72ff7ca8b707565e913305a1;rp_22aef6292c26c91b054829bb;rp_f3f82949c033193f8bef1e43,крупные | d-8см | безразмерный,"[{'product_type': 'браслет', 'normalized_product_type': 'браслет', 'singleton_pair_support': 3, 'singleton_target_support': 3, 'singleton_target_probability': 1.0, 'split_statistics': {'discovery': {'support': 2, 'target_support': 2, 'target_probability': 1.0}, 'validation': {'support': 1, 'target_support': 1, 'target_probability': 1.0}}, 'source_pair_ids': ['rp_2fa6c9e000f993442b8bf8f6', 'rp_fed86da9b6116a1a6e8ab9c8', 'rp_9131c946346a84f871adbe3c'], 'source_examples': [{'source_pair_id': 'rp_2fa6c9e000f993442b8bf8f6', 'product_type': 'браслет', 'title_a': ""браслет 'цепь' крупное сердце, цвет золото, l 23"", 'title_b': 'трансгрупп / браслет', 'target_value_a': '23', 'target_value_b': '21'}, {'source_pair_id': 'rp_fed86da9b6116a1a6e8ab9c8', 'product_type': 'браслет', 'title_a': 'hrustalek браслет', 'title_b': 'не определен браслет, агат, черный', 'target_value_a': '22', 'target_value_b': '20'}, {'source_pair_id': 'rp_9131c946346a84f871adbe3c', 'product_type': 'браслет', 'title_a': 'силиконовый браслет ""хохо"" женский, цвет розовый, 18 см', 'title_b': 'не определен браслет, размер 20 см', 'target_value_a': '18 см', 'target_value_b': '20 см'}]}]",['браслет'],['Бренд'],"[{'source_pair_id': 'rp_2fa6c9e000f993442b8bf8f6', 'product_type': 'браслет', 'title_a': ""браслет 'цепь' крупное сердце, цвет золото, l 23"", 'title_b': 'трансгрупп / браслет', 'target_value_a': '23', 'target_value_b': '21'}, {'source_pair_id': 'rp_fed86da9b6116a1a6e8ab9c8', 'product_type': 'браслет', 'title_a': 'hrustalek браслет', 'title_b': 'не определен браслет, агат, черный', 'target_value_a': '22', 'target_value_b': '20'}, {'source_pair_id': 'rp_9131c946346a84f871adbe3c', 'product_type': 'браслет', 'title_a': 'силиконовый браслет ""хохо"" женский, цвет розовый, 18 см', 'title_b': 'не определен браслет, размер 20 см', 'target_value_a': '18 см', 'target_value_b': '20 см'}]","{'source_singleton_pairs': 9, 'source_pairs_with_explicit_type': 6, 'observed_exact_product_types': 3, 'supported_product_type_profiles': 1}",False,independent_value,['(?:вес|масса|weight|net\\s*weight)'],"(?:(?=.*\d)[a-zа-яё0-9+.,/×x*\""' -]{1,60}|xxs|xs|s|m|l|xl|xxl|xxxl)",,3,3,1.0,2,2,1.0,1,1,1.0,[],,profile_capacity_policy_v1,829f9c458f1a2a72f16b766dfaf3abbdbad9a1874d71feb4457eab7da52b3fee
gen_stat_86b4526f3831b8cf,stat_f54f5dde2d6be3d4,STAT_LABEL0_MIN2_P80_SCOPED,0,size,different_value,statistical_atomic_difference,Размер,"Создай товар, где характеристику «Размер» можно изменить независимо. Не добавляй другие атрибуты, которые логически фиксируют её значение или станут противоречивыми после замены.",['Галантерея и аксессуары'],"Replace exactly this explicit attribute with a different, realistic value for the same concrete product subtype.","Change only this attribute; preserve product subtype and all unrelated facts, and update every title mention consistently.",singleton_all_occurrence_and_product_type_threshold,Галантерея и аксессуары,override,4,0,"[{'attribute_key': 'размер изделия', 'support': 4}, {'attribute_key': 'российский размер', 'support': 4}, {'attribute_key': 'размер чемодана', 'support': 1}, {'attribute_key': 'ширина предмета', 'support': 1}, {'attribute_key': 'размер браслета', 'support': 1}]",144,119,25,0.8263888888888888,9,8,1,0.8888888888888888,144,119,0.8263888888888888,9,8,0.8888888888888888,"{'discovery': {'support': 6, 'target_support': 5, 'target_probability': 0.8333333333333334}, 'validation': {'support': 3, 'target_support': 3, 'target_probability': 1.0}}",6,3,rp_72ff7ca8b707565e913305a1;rp_22aef6292c26c91b054829bb;rp_f3f82949c033193f8bef1e43,крупные | d-8см | безразмерный,"[{'product_type': 'кольцо', 'normalized_product_type': 'кольцо', 'singleton_pair_support': 2, 'singleton_target_support': 2, 'singleton_target_probability': 1.0, 'split_statistics': {'discovery': {'support': 2, 'target_support': 2, 'target_probability': 1.0}, 'validation': {'support': 0, 'target_support': 0, 'target_probability': 0.0}}, 'source_pair_ids': ['rp_47e7dfd201d60a4c308bdeac', 'rp_a079f17b64f65dd6c5f4e54d'], 'source_examples': [{'source_pair_id': 'rp_47e7dfd201d60a4c308bdeac', 'product_type': 'кольцо', 'title_a': 'кольцо', 'title_b': 'красная пресня / кольцо женское', 'target_value_a': '17', 'target_value_b': '18'}, {'source_pair_id': 'rp_a079f17b64f65dd6c5f4e54d', 'product_type': 'кольцо', 'title_a': 'кольцо jenavi', 'title_b': '/ кольцо', 'target_value_a': '20', 'target_value_b': '17'}]}]",['кольцо'],['Бренд'],"[{'source_pair_id': 'rp_47e7dfd201d60a4c308bdeac', 'product_type': 'кольцо', 'title_a': 'кольцо', 'title_b': 'красная пресня / кольцо женское', 'target_value_a': '17', 'target_value_b': '18'}, {'source_pair_id': 'rp_a079f17b64f65dd6c5f4e54d', 'product_type': 'кольцо', 'title_a': 'кольцо jenavi', 'title_b': '/ кольцо', 'target_value_a': '20', 'target_value_b': '17'}]","{'source_singleton_pairs': 9, 'source_pairs_with_explicit_type': 6, 'observed_exact_product_types': 3, 'supported_product_type_profiles': 1}",False,independent_value,['(?:вес|масса|weight|net\\s*weight)'],"(?:(?=.*\d)[a-zа-яё0-9+.,/×x*\""' -]{1,60}|xxs|xs|s|m|l|xl|xxl|xxxl)",,2,2,1.0,2,2,1.0,0,0,0.0,[],,profile_capacity_policy_v1,829f9c458f1a2a72f16b766dfaf3abbdbad9a1874d71feb4457eab7da52b3fee
gen_stat_e0b71d92c2bf1126,stat_cdcd6c1c0db51084,STAT_LABEL0_MIN2_P80_SCOPED,0,package_quantity,different_value,statistical_atomic_difference,Количество в упаковке,"Создай товар, где характеристику «Количество в упаковке» можно изменить независимо. Не добавляй другие атрибуты, которые логически фиксируют её значение или станут противоречивыми после замены. Записывай значение только как положительное целое число с явной единицей «шт», например «6 шт»; число без единицы недопустимо. Не дублируй количество в комплектации, весе, объёме или других полях. По примерам конкретного типа определи, означает ли оно число одинаковых товаров либо число основных штук, доз или элементов внутри продаваемой упаковки. Не считай аксессуары и рекламные вложения.",['Дом и сад'],"Replace exactly this explicit attribute with a different, realistic value for the same concrete product subtype.","Change only this attribute; preserve product subtype and all unrelated facts, and update every title mention consistently.",singleton_all_occurrence_and_product_type_threshold,Дом и сад,override,27,0,"[{'attribute_key': 'комплектация', 'support': 27}, {'attribute_key': 'количество заводских упаковок', 'support': 5}, {'attribute_key': 'количество в упаковке, шт.', 'support': 4}, {'attribute_key': 'количество предметов', 'support': 4}, {'attribute_key': 'количество предметов в упаковке', 'support': 3}]",235,213,22,0.9063829787234042,42,36,6,0.8571428571428571,235,213,0.9063829787234042,42,36,0.8571428571428571,"{'discovery': {'support': 35, 'target_support': 30, 'target_probability': 0.8571428571428571}, 'validation': {'support': 7, 'target_support': 6, 'target_probability': 0.8571428571428571}}",35,7,rp_59fbd245403de0477e3cd456;rp_933f47f9efaad0511308359e;rp_38aa86445dfd477787d696f6,2 шторы | 2 | 1,"[{'product_type': 'семена', 'normalized_product_type': 'семена', 'singleton_pair_support': 10, 'singleton_target_support': 9, 'singleton_target_probability': 0.9, 'split_statistics': {'discovery': {'support': 10, 'target_support': 9, 'target_probability': 0.9}, 'validation': {'support': 0, 'target_support': 0, 'target_probability': 0.0}}, 'source_pair_ids': ['rp_4f7d60760c9bdb8deba94ec3', 'rp_c3fc8dc2d8dba70dca077fd8', 'rp_4278d627901d6522d66930b1', 'rp_a26075073cd01a7a3b18a811', 'rp_ab77b4acd95cbacba0dcffba', 'rp_882253fae55ee24dcfa2ecde', 'rp_0cf9feeeae1d29f1fe1a4bc7', 'rp_c1a86acd8f26f03dae994fc7'], 'source_examples': [{'source_pair_id': 'rp_4f7d60760c9bdb8deba94ec3', 'product_type': 'семена', 'title_a': 'семена огурца ""верные друзья"", f1, 10 шт.', 'title_b': 'без бренда семена огурца верные друзья, f1, 10 шт 2 шт', 'target_value_a': '10 шт', 'target_value_b': '2 шт'}, {'source_pair_id': 'rp_c3fc8dc2d8dba70dca077fd8', 'product_type': 'семена', 'title_a': 'низкорослый томат толстый боцман (семена алтая), 2 шт по 0,05 г', 'title_b': 'семена алтая / томат толстый боцман, 0.05гр', 'target_value_a': '2', 'target_value_b': '1'}, {'source_pair_id': 'rp_4278d627901d6522d66930b1', 'product_type': 'семена', 'title_a': 'семена', 'title_b': 'nobrand семена виола швейцарские гиганты 7349773-2p 2 уп.', 'target_value_a': '1', 'target_value_b': '2'}, {'source_pair_id': 'rp_a26075073cd01a7a3b18a811', 'product_type': 'семена', 'title_a': 'гавриш / томат киржач f1 0,1 г автор.', 'title_b': 'семена томат гавриш киржач f1, 0,1 г (2 шт.)', 'target_value_a': '1шт', 'target_value_b': '2'}]}]",['семена'],['Бренд'],"[{'source_pair_id': 'rp_4f7d60760c9bdb8deba94ec3', 'product_type': 'семена', 'title_a': 'семена огурца ""верные друзья"", f1, 10 шт.', 'title_b': 'без бренда семена огурца верные друзья, f1, 10 шт 2 шт', 'target_value_a': '10 шт', 'target_value_b': '2 шт'}, {'source_pair_id': 'rp_c3fc8dc2d8dba70dca077fd8', 'product_type': 'семена', 'title_a': 'низкорослый томат толстый боцман (семена алтая), 2 шт по 0,05 г', 'title_b': 'семена алтая / томат толстый боцман, 0.05гр', 'target_value_a': '2', 'target_value_b': '1'}, {'source_pair_id': 'rp_4278d627901d6522d66930b1', 'product_type': 'семена', 'title_a': 'семена', 'title_b': 'nobrand семена виола швейцарские гиганты 7349773-2p 2 уп.', 'target_value_a': '1', 'target_value_b': '2'}, {'source_pair_id': 'rp_a26075073cd01a7a3b18a811', 'product_type': 'семена', 'title_a': 'гавриш / томат киржач f1 0,1 г автор.', 'title_b': 'семена томат гавриш киржач f1, 0,1 г (2 шт.)', 'target_value_a': '1шт', 'target_value_b': '2'}]","{'source_singleton_pairs': 42, 'source_pairs_with_explicit_type': 30, 'observed_exact_product_types': 15, 'supported_product_type_profiles': 1}",False,independent_value,['(?:вес|масса|weight|объем|объём|volume|нетто)'],"[1-9]\d{0,4}\s*(?:шт\.?|штук(?:а|и)?|ед\.?|единиц(?:а|ы)?)",,10,9,0.9,10,9,0.9,0,0,0.0,[],,profile_capacity_policy_v1,829f9c458f1a2a72f16b766dfaf3abbdbad9a1874d71feb4457eab7da52b3fee
gen_stat_206f34050e889dca,stat_cdcd6c1c0db51084,STAT_LABEL0_CROSS_SPLIT_MIN2_P80_SCOPED,0,package_quantity,different_value,statistical_atomic_difference,Количество в упаковке,"Создай товар, где характеристику «Количество в упаковке» можно изменить независимо. Не добавляй другие атрибуты, которые логически фиксируют её значение или станут противоречивыми после замены. Записывай значение только как положительное целое число с явной единицей «шт», например «6 шт»; число без единицы недопустимо. Не дублируй количество в комплектации, весе, объёме или других полях. По примерам конкретного типа определи, означает ли оно число одинаковых товаров либо число основных штук, доз или элементов внутри продаваемой упаковки. Не считай аксессуары и рекламные вложения.",['Дом и сад'],"Replace exactly this explicit attribute with a different, realistic value for the same concrete product subtype.","Change only this attribute; preserve product subtype and all unrelated facts, and update every title mention consistently.",cross_split_threshold_and_product_type_scope,Дом и сад,override,27,0,"[{'attribute_key': 'комплектация', 'support': 27}, {'attribute_key': 'количество заводских упаковок', 'support': 5}, {'attribute_key': 'количество в упаковке, шт.', 'support': 4}, {'attribute_key': 'количество предметов', 'support': 4}, {'attribute_key': 'количество предметов в упаковке', 'support': 3}]",235,213,22,0.9063829787234042,42,36,6,0.8571428571428571,235,213,0.9063829787234042,42,36,0.8571428571428571,"{'discovery': {'support': 35, 'target_support': 30, 'target_probability': 0.8571428571428571}, 'validation': {'support': 7, 'target_support': 6, 'target_probability': 0.8571428571428571}}",35,7,rp_59fbd245403de0477e3cd456;rp_933f47f9efaad0511308359e;rp_38aa86445dfd477787d696f6,2 шторы | 2 | 1,"[{'product_type': 'постер', 'normalized_product_type': 'постер', 'singleton_pair_support': 6, 'singleton_target_support': 6, 'singleton_target_probability': 1.0, 'split_statistics': {'discovery': {'support': 2, 'target_support': 2, 'target_probability': 1.0}, 'validation': {'support': 4, 'target_support': 4, 'target_probability': 1.0}}, 'source_pair_ids': ['rp_df99d3c2d1e57e9d6177ae8f', 'rp_5def2223dea997d1a21cd749', 'rp_1b67d8f7429e428578e5d451', 'rp_42fa2e6053308fa3a60232dc', 'rp_7539d77a2b91e761310729b6', 'rp_49bd7224307e6c011b95457c'], 'source_examples': [{'source_pair_id': 'rp_df99d3c2d1e57e9d6177ae8f', 'product_type': 'постер', 'title_a': 'lotsprints постер ""ванная комната"", 180 см х 90 см', 'title_b': 'lotsprints / постер', 'target_value_a': '1', 'target_value_b': '3'}, {'source_pair_id': 'rp_5def2223dea997d1a21cd749', 'product_type': 'постер', 'title_a': 'lotsprints / постер', 'title_b': 'lotsprints постер ""справочная "", 180 см х 90 см', 'target_value_a': '3', 'target_value_b': '1'}, {'source_pair_id': 'rp_1b67d8f7429e428578e5d451', 'product_type': 'постер', 'title_a': 'lotsprints постер ""цветник"", 180 см х 90 см', 'title_b': 'lotsprints / постер', 'target_value_a': '1', 'target_value_b': '3'}, {'source_pair_id': 'rp_42fa2e6053308fa3a60232dc', 'product_type': 'постер', 'title_a': 'lotsprints постер ""фон ткани "", 180 см х 90 см', 'title_b': 'lotsprints / постер', 'target_value_a': '1', 'target_value_b': '3'}]}]",['постер'],['Бренд'],"[{'source_pair_id': 'rp_df99d3c2d1e57e9d6177ae8f', 'product_type': 'постер', 'title_a': 'lotsprints постер ""ванная комната"", 180 см х 90 см', 'title_b': 'lotsprints / постер', 'target_value_a': '1', 'target_value_b': '3'}, {'source_pair_id': 'rp_5def2223dea997d1a21cd749', 'product_type': 'постер', 'title_a': 'lotsprints / постер', 'title_b': 'lotsprints постер ""справочная "", 180 см х 90 см', 'target_value_a': '3', 'target_value_b': '1'}, {'source_pair_id': 'rp_1b67d8f7429e428578e5d451', 'product_type': 'постер', 'title_a': 'lotsprints постер ""цветник"", 180 см х 90 см', 'title_b': 'lotsprints / постер', 'target_value_a': '1', 'target_value_b': '3'}, {'source_pair_id': 'rp_42fa2e6053308fa3a60232dc', 'product_type': 'постер', 'title_a': 'lotsprints постер ""фон ткани "", 180 см х 90 см', 'title_b': 'lotsprints / постер', 'target_value_a': '1', 'target_value_b': '3'}]","{'source_singleton_pairs': 42, 'source_pairs_with_explicit_type': 30, 'observed_exact_product_types': 15, 'supported_product_type_profiles': 1}",False,independent_value,['(?:вес|масса|weight|объем|объём|volume|нетто)'],"[1-9]\d{0,4}\s*(?:шт\.?|штук(?:а|и)?|ед\.?|единиц(?:а|ы)?)",,6,6,1.0,2,2,1.0,4,4,1.0,[],,profile_capacity_policy_v1,829f9c458f1a2a72f16b766dfaf3abbdbad9a1874d71feb4457eab7da52b3fee
gen_stat_453b05e4f170a1a0,stat_65c037ae6a3485a8,STAT_LABEL0_CROSS_SPLIT_MIN2_P80_SCOPED,0,width,different_value,statistical_atomic_difference,Ширина,"Создай товар, где характеристику «Ширина» можно изменить независимо. Не добавляй другие атрибуты, которые логически фиксируют её значение или станут противоречивыми после замены. Характеристика должна относиться к самому товару, а не к упаковке, доставке или приблизительному диапазону. Укажи одно число и явную физическую единицу мм, см, м или дюйм; число без единицы недопустимо.",['Дом и сад'],"Replace exactly this explicit attribute with a different, realistic value for the same concrete product subtype.","Change only this attribute; preserve product subtype and all unrelated facts, and update every title mention consistently.",cross_split_threshold_and_product_type_scope,Дом и сад,override,2,0,"[{'attribute_key': 'ширина, см', 'support': 2}, {'attribute_key': 'ширина штор', 'support': 1}]",403,386,17,0.9578163771712159,4,4,0,1.0,403,386,0.9578163771712159,4,4,1.0,"{'discovery': {'support': 3, 'target_support': 3, 'target_probability': 1.0}, 'validation': {'support': 1, 'target_support': 1, 'target_probability': 1.0}}",3,1,rp_59fbd245403de0477e3cd456;rp_933f47f9efaad0511308359e;rp_f1e01889b032f48f04c78fbc,130 | 300 | 150,"[{'product_type': 'жалюзи', 'normalized_product_type': 'жалюзи', 'singleton_pair_support': 2, 'singleton_target_support': 2, 'singleton_target_probability': 1.0, 'split_statistics': {'discovery': {'support': 1, 'target_support': 1, 'target_probability': 1.0}, 'validation': {'support': 1, 'target_support': 1, 'target_probability': 1.0}}, 'source_pair_ids': ['rp_023f18aa988377deea279d6d', 'rp_aaaafaa72f2332bd192d83d1'], 'source_examples': [{'source_pair_id': 'rp_023f18aa988377deea279d6d', 'product_type': 'жалюзи', 'title_a': 'без бренда жалюзи горизонтальные алюминиевые 50*140 см', 'title_b': ' жалюзи горизонтальные 45х140см', 'target_value_a': '50', 'target_value_b': '45'}, {'source_pair_id': 'rp_aaaafaa72f2332bd192d83d1', 'product_type': 'жалюзи', 'title_a': 'гелиос hit / жалюзи горизонтальные алюминиевые ш 45 в 160', 'title_b': 'жалюзи на окна горизонтальные алюминиевые ширина 55 см высота 160 см, управление левое цвет серебро', 'target_value_a': '45 см', 'target_value_b': '55 см'}]}]",['жалюзи'],['Бренд'],"[{'source_pair_id': 'rp_023f18aa988377deea279d6d', 'product_type': 'жалюзи', 'title_a': 'без бренда жалюзи горизонтальные алюминиевые 50*140 см', 'title_b': ' жалюзи горизонтальные 45х140см', 'target_value_a': '50', 'target_value_b': '45'}, {'source_pair_id': 'rp_aaaafaa72f2332bd192d83d1', 'product_type': 'жалюзи', 'title_a': 'гелиос hit / жалюзи горизонтальные алюминиевые ш 45 в 160', 'title_b': 'жалюзи на окна горизонтальные алюминиевые ширина 55 см высота 160 см, управление левое цвет серебро', 'target_value_a': '45 см', 'target_value_b': '55 см'}]","{'source_singleton_pairs': 4, 'source_pairs_with_explicit_type': 4, 'observed_exact_product_types': 2, 'supported_product_type_profiles': 1}",False,independent_value,['(?:вес|масса|weight|net\\s*weight)'],"[+]?(?:\d+(?:[.,]\d+)?|[.,]\d+)\s*(?:мм|см|м|дюйм\w*|inch(?:es)?|in|\"")",,2,2,1.0,1,1,1.0,1,1,1.0,[],,profile_capacity_policy_v1,829f9c458f1a2a72f16b766dfaf3abbdbad9a1874d71feb4457eab7da52b3fee
gen_stat_32d64937471ce828,stat_65c037ae6a3485a8,STAT_LABEL0_MIN2_P80_SCOPED,0,width,different_value,statistical_atomic_difference,Ширина,"Создай товар, где характеристику «Ширина» можно изменить независимо. Не добавляй другие атрибуты, которые логически фиксируют её значение или станут противоречивыми после замены. Характеристика должна относиться к самому товару, а не к упаковке, доставке или приблизительному диапазону. Укажи одно число и явную физическую единицу мм, см, м или дюйм; число без единицы недопустимо.",['Дом и сад'],"Replace exactly this explicit attribute with a different, realistic value for the same concrete product subtype.","Change only this attribute; preserve product subtype and all unrelated facts, and update every title mention consistently.",singleton_all_occurrence_and_product_type_threshold,Дом и сад,override,2,0,"[{'attribute_key': 'ширина, см', 'support': 2}, {'attribute_key': 'ширина штор', 'support': 1}]",403,386,17,0.9578163771712159,4,4,0,1.0,403,386,0.9578163771712159,4,4,1.0,"{'discovery': {'support': 3, 'target_support': 3, 'target_probability': 1.0}, 'validation': {'support': 1, 'target_support': 1, 'target_probability': 1.0}}",3,1,rp_59fbd245403de0477e3cd456;rp_933f47f9efaad0511308359e;rp_f1e01889b032f48f04c78fbc,130 | 300 | 150,"[{'product_type': 'тюль', 'normalized_product_type': 'тюль', 'singleton_pair_support': 2, 'singleton_target_support': 2, 'singleton_target_probability': 1.0, 'split_statistics': {'discovery': {'support': 2, 'target_support': 2, 'target_probability': 1.0}, 'validation': {'support': 0, 'target_support': 0, 'target_probability': 0.0}}, 'source_pair_ids': ['rp_c77f8b85baa0501f15500409', 'rp_59ace2e1ea9cbb1028815bb6'], 'source_examples': [{'source_pair_id': 'rp_c77f8b85baa0501f15500409', 'product_type': 'тюль', 'title_a': 'han home collection / тюль вуаль, высота 200 см х ширина 450 см, синий', 'title_b': 'han - new collection тюль высота 200 см, ширина 400 см, крепление - лента, синий', 'target_value_a': '450', 'target_value_b': '400'}, {'source_pair_id': 'rp_59ace2e1ea9cbb1028815bb6', 'product_type': 'тюль', 'title_a': 'мир штор / тюль в гостиную 700х260 см', 'title_b': ' тюль высота 260 см, ширина 900 см, крепление - лента, белая', 'target_value_a': '700 см', 'target_value_b': '900 см'}]}]",['тюль'],['Бренд'],"[{'source_pair_id': 'rp_c77f8b85baa0501f15500409', 'product_type': 'тюль', 'title_a': 'han home collection / тюль вуаль, высота 200 см х ширина 450 см, синий', 'title_b': 'han - new collection тюль высота 200 см, ширина 400 см, крепление - лента, синий', 'target_value_a': '450', 'target_value_b': '400'}, {'source_pair_id': 'rp_59ace2e1ea9cbb1028815bb6', 'product_type': 'тюль', 'title_a': 'мир штор / тюль в гостиную 700х260 см', 'title_b': ' тюль высота 260 см, ширина 900 см, крепление - лента, белая', 'target_value_a': '700 см', 'target_value_b': '900 см'}]","{'source_singleton_pairs': 4, 'source_pairs_with_explicit_type': 4, 'observed_exact_product_types': 2, 'supported_product_type_profiles': 1}",False,independent_value,['(?:вес|масса|weight|net\\s*weight)'],"[+]?(?:\d+(?:[.,]\d+)?|[.,]\d+)\s*(?:мм|см|м|дюйм\w*|inch(?:es)?|in|\"")",,2,2,1.0,2,2,1.0,0,0,0.0,[],,profile_capacity_policy_v1,829f9c458f1a2a72f16b766dfaf3abbdbad9a1874d71feb4457eab7da52b3fee
gen_stat_b79e1e2d1849a70e,stat_6a1f354f7ae1c2fe,STAT_LABEL0_MIN2_P80_SCOPED,0,length,different_value,statistical_atomic_difference,Длина,"Создай товар, где характеристику «Длина» можно изменить независимо. Не добавляй другие атрибуты, которые логически фиксируют её значение или станут противоречивыми после замены. Характеристика должна относиться к самому товару, а не к упаковке, доставке или приблизительному диапазону. Укажи одно число и явную физическую единицу мм, см, м или дюйм; число без единицы недопустимо.",['Красота и гигиена'],"Replace exactly this explicit attribute with a different, realistic value for the same concrete product subtype.","Change only this attribute; preserve product subtype and all unrelated facts, and update every title mention consistently.",singleton_all_occurrence_and_product_type_threshold,Красота и гигиена,override,2,0,"[{'attribute_key': 'длина ресниц, мм', 'support': 2}, {'attribute_key': 'длина ресниц', 'support': 1}]",93,93,0,1.0,5,5,0,1.0,93,93,1.0,5,5,1.0,"{'discovery': {'support': 5, 'target_support': 5, 'target_probability': 1.0}, 'validation': {'support': 0, 'target_support': 0, 'target_probability': 0.0}}",5,0,rp_8875bbcf7e4bc6296f8730de;rp_37b1c6cc20f0bc8ba9355646;rp_907d51d617ea3fda74a01caa,8 | 7 мм | 6 мм,"[{'product_type': 'ресницы для наращивания', 'normalized_product_type': 'ресницы для наращивания', 'singleton_pair_support': 2, 'singleton_target_support': 2, 'singleton_target_probability': 1.0, 'split_statistics': {'discovery': {'support': 2, 'target_support': 2, 'target_probability': 1.0}, 'validation': {'support': 0, 'target_support': 0, 'target_probability': 0.0}}, 'source_pair_ids': ['rp_9a2636240e583e770faa5458', 'rp_2455d9037e97f49f1080b2bd'], 'source_examples': [{'source_pair_id': 'rp_9a2636240e583e770faa5458', 'product_type': 'ресницы для наращивания', 'title_a': 'enigma light / черные ресницы для наращивания 0,10/c+/11 mm (16 линий)', 'title_b': 'enigma light c/0.10/8 черные ресницы для наращивания (16 линий одна длина)', 'target_value_a': '11', 'target_value_b': '8'}, {'source_pair_id': 'rp_2455d9037e97f49f1080b2bd', 'product_type': 'ресницы для наращивания', 'title_a': 'lovely / ресницы чёрные лавли серия silicone - c0.12 09мм 20линий', 'title_b': 'lovely ресницы для наращивания черные  silicone 0,12 / c+ / 11 мм ( 20 линий ) / ресницы лавли силикон', 'target_value_a': '9 мм', 'target_value_b': '11 мм'}]}]",['ресницы для наращивания'],['Бренд'],"[{'source_pair_id': 'rp_9a2636240e583e770faa5458', 'product_type': 'ресницы для наращивания', 'title_a': 'enigma light / черные ресницы для наращивания 0,10/c+/11 mm (16 линий)', 'title_b': 'enigma light c/0.10/8 черные ресницы для наращивания (16 линий одна длина)', 'target_value_a': '11', 'target_value_b': '8'}, {'source_pair_id': 'rp_2455d9037e97f49f1080b2bd', 'product_type': 'ресницы для наращивания', 'title_a': 'lovely / ресницы чёрные лавли серия silicone - c0.12 09мм 20линий', 'title_b': 'lovely ресницы для наращивания черные  silicone 0,12 / c+ / 11 мм ( 20 линий ) / ресницы лавли силикон', 'target_value_a': '9 мм', 'target_value_b': '11 мм'}]","{'source_singleton_pairs': 5, 'source_pairs_with_explicit_type': 2, 'observed_exact_product_types': 1, 'supported_product_type_profiles': 1}",False,independent_value,['(?:вес|масса|weight|net\\s*weight)'],"[+]?(?:\d+(?:[.,]\d+)?|[.,]\d+)\s*(?:мм|см|м|дюйм\w*|inch(?:es)?|in|\"")",,2,2,1.0,2,2,1.0,0,0,0.0,[],,profile_capacity_policy_v1,829f9c458f1a2a72f16b766dfaf3abbdbad9a1874d71feb4457eab7da52b3fee
gen_stat_43a7cd9ad984aacf,stat_0d4a44b88e72ee15,STAT_LABEL0_CROSS_SPLIT_MIN2_P80_SCOPED,0,model,different_value,statistical_atomic_difference,Название аромата,"Создай товар, где характеристику «Название аромата» можно изменить независимо. Не добавляй другие атрибуты, которые логически фиксируют её значение или станут противоречивыми после замены. Используй вымышленные нейтральные модели и не копируй известный бренд+модель. Модель должна содержать буквы и не может быть полностью числовым каталожным номером.",['Красота и гигиена'],"Replace exactly this explicit attribute with a different, realistic value for the same concrete product subtype.","Change only this attribute; preserve product subtype and all unrelated facts, and update every title mention consistently.",cross_split_threshold_and_product_type_scope,Красота и гигиена,category_override,1,0,"[{'attribute_key': 'модель', 'support': 1}]",198,178,20,0.898989898989899,23,22,1,0.9565217391304348,156,136,0.8717948717948718,16,15,0.9375,"{'discovery': {'support': 14, 'target_support': 13, 'target_probability': 0.9285714285714286}, 'validation': {'support': 2, 'target_support': 2, 'target_probability': 1.0}}",20,3,rp_e2e7799e087c3620fcc0458b;rp_cf4f73a9d226fee40bf752bc;rp_a2528db7f16468eb2becac87,be yourself born to glow | arabian passion | mg3710/15,"[{'product_type': 'вода парфюмерная', 'normalized_product_type': 'вода парфюмерная', 'singleton_pair_support': 2, 'singleton_target_support': 2, 'singleton_target_probability': 1.0, 'split_statistics': {'discovery': {'support': 1, 'target_support': 1, 'target_probability': 1.0}, 'validation': {'support': 1, 'target_support': 1, 'target_probability': 1.0}}, 'source_pair_ids': ['rp_c0b1cc8e21ea675f911ac71f', 'rp_f5ae2ded8cd9724f194bf294'], 'source_examples': [{'source_pair_id': 'rp_c0b1cc8e21ea675f911ac71f', 'product_type': 'вода парфюмерная', 'title_a': 'mancera / musk edp 120 ml - парфюмерная вода', 'title_b': ' mancera cedrat boise edp вода парфюмерная 120 мл', 'target_value_a': 'musk', 'target_value_b': 'cedrat boise'}, {'source_pair_id': 'rp_f5ae2ded8cd9724f194bf294', 'product_type': 'вода парфюмерная', 'title_a': 'marc-antoine barrois marc antoine barrois encelade парфюмерная вода 30мл, шт', 'title_b': 'marc-antoine barrois ganymede extrait вода парфюмерная 30 мл', 'target_value_a': 'encelade', 'target_value_b': 'ganymede'}]}]",['вода парфюмерная'],['Бренд'],"[{'source_pair_id': 'rp_c0b1cc8e21ea675f911ac71f', 'product_type': 'вода парфюмерная', 'title_a': 'mancera / musk edp 120 ml - парфюмерная вода', 'title_b': ' mancera cedrat boise edp вода парфюмерная 120 мл', 'target_value_a': 'musk', 'target_value_b': 'cedrat boise'}, {'source_pair_id': 'rp_f5ae2ded8cd9724f194bf294', 'product_type': 'вода парфюмерная', 'title_a': 'marc-antoine barrois marc antoine barrois encelade парфюмерная вода 30мл, шт', 'title_b': 'marc-antoine barrois ganymede extrait вода парфюмерная 30 мл', 'target_value_a': 'encelade', 'target_value_b': 'ganymede'}]","{'source_singleton_pairs': 16, 'source_pairs_with_explicit_type': 8, 'observed_exact_product_types': 7, 'supported_product_type_profiles': 1}",False,identity_value,['(?:ноты|группа\\s+аромата|семейство\\s+аромата|состав|ингредиент|fragrance|composition|ingredient)'],,^(?:модель\s*)?(?:№|#|no)?\s*\d[\d ._/-]*$,2,2,1.0,1,1,1.0,1,1,1.0,[],,profile_capacity_policy_v1,829f9c458f1a2a72f16b766dfaf3abbdbad9a1874d71feb4457eab7da52b3fee
gen_stat_312d73e0f22eab27,stat_0d4a44b88e72ee15,STAT_LABEL0_CROSS_SPLIT_MIN2_P80_SCOPED,0,model,different_value,statistical_atomic_difference,Название аромата,"Создай товар, где характеристику «Название аромата» можно изменить независимо. Не добавляй другие атрибуты, которые логически фиксируют её значение или станут противоречивыми после замены. Используй вымышленные нейтральные модели и не копируй известный бренд+модель. Модель должна содержать буквы и не может быть полностью числовым каталожным номером.",['Красота и гигиена'],"Replace exactly this explicit attribute with a different, realistic value for the same concrete product subtype.","Change only this attribute; preserve product subtype and all unrelated facts, and update every title mention consistently.",cross_split_threshold_and_product_type_scope,Красота и гигиена,category_override,1,0,"[{'attribute_key': 'модель', 'support': 1}]",198,178,20,0.898989898989899,23,22,1,0.9565217391304348,156,136,0.8717948717948718,16,15,0.9375,"{'discovery': {'support': 14, 'target_support': 13, 'target_probability': 0.9285714285714286}, 'validation': {'support': 2, 'target_support': 2, 'target_probability': 1.0}}",20,3,rp_e2e7799e087c3620fcc0458b;rp_cf4f73a9d226fee40bf752bc;rp_a2528db7f16468eb2becac87,be yourself born to glow | arabian passion | mg3710/15,"[{'product_type': 'духи-масло', 'normalized_product_type': 'духи-масло', 'singleton_pair_support': 2, 'singleton_target_support': 2, 'singleton_target_probability': 1.0, 'split_statistics': {'discovery': {'support': 1, 'target_support': 1, 'target_probability': 1.0}, 'validation': {'support': 1, 'target_support': 1, 'target_probability': 1.0}}, 'source_pair_ids': ['rp_083e14653b1e362cff588016', 'rp_9244fc836119d144eb414331'], 'source_examples': [{'source_pair_id': 'rp_083e14653b1e362cff588016', 'product_type': 'духи-масло', 'title_a': 'rever parfum мдp l707 духи-масло 7 мл', 'title_b': 'rever l631/rever parfum/collection for women/rose prick/7 мл', 'target_value_a': 'l707', 'target_value_b': 'l631'}, {'source_pair_id': 'rp_9244fc836119d144eb414331', 'product_type': 'духи-масло', 'title_a': 'rever parfum мд l2736 духи-масло 7 мл', 'title_b': 'rever parfum / l393/rever premium collection for women/intoxicated/7 мл', 'target_value_a': 'l2736', 'target_value_b': 'l393'}]}]",['духи-масло'],['Бренд'],"[{'source_pair_id': 'rp_083e14653b1e362cff588016', 'product_type': 'духи-масло', 'title_a': 'rever parfum мдp l707 духи-масло 7 мл', 'title_b': 'rever l631/rever parfum/collection for women/rose prick/7 мл', 'target_value_a': 'l707', 'target_value_b': 'l631'}, {'source_pair_id': 'rp_9244fc836119d144eb414331', 'product_type': 'духи-масло', 'title_a': 'rever parfum мд l2736 духи-масло 7 мл', 'title_b': 'rever parfum / l393/rever premium collection for women/intoxicated/7 мл', 'target_value_a': 'l2736', 'target_value_b': 'l393'}]","{'source_singleton_pairs': 16, 'source_pairs_with_explicit_type': 8, 'observed_exact_product_types': 7, 'supported_product_type_profiles': 1}",False,identity_value,['(?:ноты|группа\\s+аромата|семейство\\s+аромата|состав|ингредиент|fragrance|composition|ingredient)'],,^(?:модель\s*)?(?:№|#|no)?\s*\d[\d ._/-]*$,2,2,1.0,1,1,1.0,1,1,1.0,[],,profile_capacity_policy_v1,829f9c458f1a2a72f16b766dfaf3abbdbad9a1874d71feb4457eab7da52b3fee
gen_stat_c753baa2b5e9612c,stat_f49b51b98118f76e,STAT_LABEL0_MIN2_P80_SCOPED,0,package_quantity,different_value,statistical_atomic_difference,Количество в упаковке,"Создай товар, где характеристику «Количество в упаковке» можно изменить независимо. Не добавляй другие атрибуты, которые логически фиксируют её значение или станут противоречивыми после замены. Записывай значение только как положительное целое число с явной единицей «шт», например «6 шт»; число без единицы недопустимо. Не дублируй количество в комплектации, весе, объёме или других полях. По примерам конкретного типа определи, означает ли оно число одинаковых товаров либо число основных штук, доз или элементов внутри продаваемой упаковки. Не считай аксессуары и рекламные вложения.",['Красота и гигиена'],"Replace exactly this explicit attribute with a different, realistic value for the same concrete product subtype.","Change only this attribute; preserve product subtype and all unrelated facts, and update every title mention consistently.",singleton_all_occurrence_and_product_type_threshold,Красота и гигиена,override,27,0,"[{'attribute_key': 'единиц в одном товаре', 'support': 27}, {'attribute_key': 'комплектация', 'support': 12}, {'attribute_key': 'количество предметов в упаковке', 'support': 7}, {'attribute_key': 'количество в упаковке, шт', 'support': 5}, {'attribute_key': 'количество в упаковке, шт.', 'support': 2}]",182,163,19,0.8956043956043956,47,42,5,0.8936170212765957,182,163,0.8956043956043956,47,42,0.8936170212765957,"{'discovery': {'support': 39, 'target_support': 36, 'target_probability': 0.9230769230769231}, 'validation': {'support': 8, 'target_support': 6, 'target_probability': 0.75}}",39,8,rp_94f68726dfa2c7af52b35bb7;rp_5f12d2462f8d2e47546e3c66;rp_e3c6ebaa12435596ff0e0a9d,24 шт прокладок | 2 шт | 1,"[{'product_type': 'бальзам для волос', 'normalized_product_type': 'бальзам для волос', 'singleton_pair_support': 2, 'singleton_target_support': 2, 'singleton_target_probability': 1.0, 'split_statistics': {'discovery': {'support': 2, 'target_support': 2, 'target_probability': 1.0}, 'validation': {'support': 0, 'target_support': 0, 'target_probability': 0.0}}, 'source_pair_ids': ['rp_6d28d7fa2dd26cc5f1fa642c', 'rp_63eb45467be801a8d622f56f'], 'source_examples': [{'source_pair_id': 'rp_6d28d7fa2dd26cc5f1fa642c', 'product_type': 'бальзам для волос', 'title_a': 'бальзам для волос body boom matcha & pear smoothie ультра-забота 330мл х 2шт', 'title_b': 'бальзам для волос body boom matcha & pear smoothie ультра-забота 330мл х 3шт', 'target_value_a': '2шт', 'target_value_b': '3шт'}, {'source_pair_id': 'rp_63eb45467be801a8d622f56f', 'product_type': 'бальзам для волос', 'title_a': 'тоника / оттеночный бальзам 6.45 рыжий, 2 шт по 150 мл', 'title_b': 'тоника - оттеночный бальзам для волос 6.45 рыжий 150 мл', 'target_value_a': '2 штуки', 'target_value_b': '1'}]}]",['бальзам для волос'],['Бренд'],"[{'source_pair_id': 'rp_6d28d7fa2dd26cc5f1fa642c', 'product_type': 'бальзам для волос', 'title_a': 'бальзам для волос body boom matcha & pear smoothie ультра-забота 330мл х 2шт', 'title_b': 'бальзам для волос body boom matcha & pear smoothie ультра-забота 330мл х 3шт', 'target_value_a': '2шт', 'target_value_b': '3шт'}, {'source_pair_id': 'rp_63eb45467be801a8d622f56f', 'product_type': 'бальзам для волос', 'title_a': 'тоника / оттеночный бальзам 6.45 рыжий, 2 шт по 150 мл', 'title_b': 'тоника - оттеночный бальзам для волос 6.45 рыжий 150 мл', 'target_value_a': '2 штуки', 'target_value_b': '1'}]","{'source_singleton_pairs': 47, 'source_pairs_with_explicit_type': 23, 'observed_exact_product_types': 16, 'supported_product_type_profiles': 1}",False,independent_value,['(?:вес|масса|weight|объем|объём|volume|нетто)'],"[1-9]\d{0,4}\s*(?:шт\.?|штук(?:а|и)?|ед\.?|единиц(?:а|ы)?)",,2,2,1.0,2,2,1.0,0,0,0.0,[],,profile_capacity_policy_v1,829f9c458f1a2a72f16b766dfaf3abbdbad9a1874d71feb4457eab7da52b3fee
gen_stat_c6ae3bf27c979fe6,stat_f49b51b98118f76e,STAT_LABEL0_MIN2_P80_SCOPED,0,package_quantity,different_value,statistical_atomic_difference,Количество в упаковке,"Создай товар, где характеристику «Количество в упаковке» можно изменить независимо. Не добавляй другие атрибуты, которые логически фиксируют её значение или станут противоречивыми после замены. Записывай значение только как положительное целое число с явной единицей «шт», например «6 шт»; число без единицы недопустимо. Не дублируй количество в комплектации, весе, объёме или других полях. По примерам конкретного типа определи, означает ли оно число одинаковых товаров либо число основных штук, доз или элементов внутри продаваемой упаковки. Не считай аксессуары и рекламные вложения.",['Красота и гигиена'],"Replace exactly this explicit attribute with a different, realistic value for the same concrete product subtype.","Change only this attribute; preserve product subtype and all unrelated facts, and update every title mention consistently.",singleton_all_occurrence_and_product_type_threshold,Красота и гигиена,override,27,0,"[{'attribute_key': 'единиц в одном товаре', 'support': 27}, {'attribute_key': 'комплектация', 'support': 12}, {'attribute_key': 'количество предметов в упаковке', 'support': 7}, {'attribute_key': 'количество в упаковке, шт', 'support': 5}, {'attribute_key': 'количество в упаковке, шт.', 'support': 2}]",182,163,19,0.8956043956043956,47,42,5,0.8936170212765957,182,163,0.8956043956043956,47,42,0.8936170212765957,"{'discovery': {'support': 39, 'target_support': 36, 'target_probability': 0.9230769230769231}, 'validation': {'support': 8, 'target_support': 6, 'target_probability': 0.75}}",39,8,rp_94f68726dfa2c7af52b35bb7;rp_5f12d2462f8d2e47546e3c66;rp_e3c6ebaa12435596ff0e0a9d,24 шт прокладок | 2 шт | 1,"[{'product_type': 'ватные диски', 'normalized_product_type': 'ватные диски', 'singleton_pair_support': 2, 'singleton_target_support': 2, 'singleton_target_probability': 1.0, 'split_statistics': {'discovery': {'support': 2, 'target_support': 2, 'target_probability': 1.0}, 'validation': {'support': 0, 'target_support': 0, 'target_probability': 0.0}}, 'source_pair_ids': ['rp_1c3df97ad625ca7ffb29912a', 'rp_b6e3cefb1f327226b73dc126'], 'source_examples': [{'source_pair_id': 'rp_1c3df97ad625ca7ffb29912a', 'product_type': 'ватные диски', 'title_a': 'missha ватные диски silk feel cotton puff, с шелком, 80 шт, 2 уп', 'title_b': 'missha / ватные диски ""с шелком"" silk feel cotton puff, 80шт', 'target_value_a': '2', 'target_value_b': '1'}, {'source_pair_id': 'rp_b6e3cefb1f327226b73dc126', 'product_type': 'ватные диски', 'title_a': 'emily style ватные диски, 120 шт.', 'title_b': 'ватные диски emily style 120шт х2', 'target_value_a': '6', 'target_value_b': '2'}]}]",['ватные диски'],['Бренд'],"[{'source_pair_id': 'rp_1c3df97ad625ca7ffb29912a', 'product_type': 'ватные диски', 'title_a': 'missha ватные диски silk feel cotton puff, с шелком, 80 шт, 2 уп', 'title_b': 'missha / ватные диски ""с шелком"" silk feel cotton puff, 80шт', 'target_value_a': '2', 'target_value_b': '1'}, {'source_pair_id': 'rp_b6e3cefb1f327226b73dc126', 'product_type': 'ватные диски', 'title_a': 'emily style ватные диски, 120 шт.', 'title_b': 'ватные диски emily style 120шт х2', 'target_value_a': '6', 'target_value_b': '2'}]","{'source_singleton_pairs': 47, 'source_pairs_with_explicit_type': 23, 'observed_exact_product_types': 16, 'supported_product_type_profiles': 1}",False,independent_value,['(?:вес|масса|weight|объем|объём|volume|нетто)'],"[1-9]\d{0,4}\s*(?:шт\.?|штук(?:а|и)?|ед\.?|единиц(?:а|ы)?)",,2,2,1.0,2,2,1.0,0,0,0.0,[],,profile_capacity_policy_v1,829f9c458f1a2a72f16b766dfaf3abbdbad9a1874d71feb4457eab7da52b3fee
gen_stat_e6214320570e4773,stat_f49b51b98118f76e,STAT_LABEL0_CROSS_SPLIT_MIN2_P80_SCOPED,0,package_quantity,different_value,statistical_atomic_difference,Количество в упаковке,"Создай товар, где характеристику «Количество в упаковке» можно изменить независимо. Не добавляй другие атрибуты, которые логически фиксируют её значение или станут противоречивыми после замены. Записывай значение только как положительное целое число с явной единицей «шт», например «6 шт»; число без единицы недопустимо. Не дублируй количество в комплектации, весе, объёме или других полях. По примерам конкретного типа определи, означает ли оно число одинаковых товаров либо число основных штук, доз или элементов внутри продаваемой упаковки. Не считай аксессуары и рекламные вложения.",['Красота и гигиена'],"Replace exactly this explicit attribute with a different, realistic value for the same concrete product subtype.","Change only this attribute; preserve product subtype and all unrelated facts, and update every title mention consistently.",cross_split_threshold_and_product_type_scope,Красота и гигиена,override,27,0,"[{'attribute_key': 'единиц в одном товаре', 'support': 27}, {'attribute_key': 'комплектация', 'support': 12}, {'attribute_key': 'количество предметов в упаковке', 'support': 7}, {'attribute_key': 'количество в упаковке, шт', 'support': 5}, {'attribute_key': 'количество в упаковке, шт.', 'support': 2}]",182,163,19,0.8956043956043956,47,42,5,0.8936170212765957,182,163,0.8956043956043956,47,42,0.8936170212765957,"{'discovery': {'support': 39, 'target_support': 36, 'target_probability': 0.9230769230769231}, 'validation': {'support': 8, 'target_support': 6, 'target_probability': 0.75}}",39,8,rp_94f68726dfa2c7af52b35bb7;rp_5f12d2462f8d2e47546e3c66;rp_e3c6ebaa12435596ff0e0a9d,24 шт прокладок | 2 шт | 1,"[{'product_type': 'ватные палочки', 'normalized_product_type': 'ватные палочки', 'singleton_pair_support': 2, 'singleton_target_support': 2, 'singleton_target_probability': 1.0, 'split_statistics': {'discovery': {'support': 1, 'target_support': 1, 'target_probability': 1.0}, 'validation': {'support': 1, 'target_support': 1, 'target_probability': 1.0}}, 'source_pair_ids': ['rp_59919b1c0054030a142ce991', 'rp_d7a4d6a84f1b14390fec02f6'], 'source_examples': [{'source_pair_id': 'rp_59919b1c0054030a142ce991', 'product_type': 'ватные палочки', 'title_a': 'bella / ватные палочки пакет 100 шт 2 упаковки', 'title_b': 'bella ватные палочки, 100 шт', 'target_value_a': '200 шт.', 'target_value_b': '100'}, {'source_pair_id': 'rp_d7a4d6a84f1b14390fec02f6', 'product_type': 'ватные палочки', 'title_a': 'ватные палочки я самая, 100 шт', 'title_b': 'палочки ватные я самая косметические 100шт х2', 'target_value_a': '100 шт', 'target_value_b': '200 шт'}]}]",['ватные палочки'],['Бренд'],"[{'source_pair_id': 'rp_59919b1c0054030a142ce991', 'product_type': 'ватные палочки', 'title_a': 'bella / ватные палочки пакет 100 шт 2 упаковки', 'title_b': 'bella ватные палочки, 100 шт', 'target_value_a': '200 шт.', 'target_value_b': '100'}, {'source_pair_id': 'rp_d7a4d6a84f1b14390fec02f6', 'product_type': 'ватные палочки', 'title_a': 'ватные палочки я самая, 100 шт', 'title_b': 'палочки ватные я самая косметические 100шт х2', 'target_value_a': '100 шт', 'target_value_b': '200 шт'}]","{'source_singleton_pairs': 47, 'source_pairs_with_explicit_type': 23, 'observed_exact_product_types': 16, 'supported_product_type_profiles': 1}",False,independent_value,['(?:вес|масса|weight|объем|объём|volume|нетто)'],"[1-9]\d{0,4}\s*(?:шт\.?|штук(?:а|и)?|ед\.?|единиц(?:а|ы)?)",,2,2,1.0,1,1,1.0,1,1,1.0,[],,profile_capacity_policy_v1,829f9c458f1a2a72f16b766dfaf3abbdbad9a1874d71feb4457eab7da52b3fee
gen_stat_20150c2279d6c39f,stat_f49b51b98118f76e,STAT_LABEL0_MIN2_P80_SCOPED,0,package_quantity,different_value,statistical_atomic_difference,Количество в упаковке,"Создай товар, где характеристику «Количество в упаковке» можно изменить независимо. Не добавляй другие атрибуты, которые логически фиксируют её значение или станут противоречивыми после замены. Записывай значение только как положительное целое число с явной единицей «шт», например «6 шт»; число без единицы недопустимо. Не дублируй количество в комплектации, весе, объёме или других полях. По примерам конкретного типа определи, означает ли оно число одинаковых товаров либо число основных штук, доз или элементов внутри продаваемой упаковки. Не считай аксессуары и рекламные вложения.",['Красота и гигиена'],"Replace exactly this explicit attribute with a different, realistic value for the same concrete product subtype.","Change only this attribute; preserve product subtype and all unrelated facts, and update every title mention consistently.",singleton_all_occurrence_and_product_type_threshold,Красота и гигиена,override,27,0,"[{'attribute_key': 'единиц в одном товаре', 'support': 27}, {'attribute_key': 'комплектация', 'support': 12}, {'attribute_key': 'количество предметов в упаковке', 'support': 7}, {'attribute_key': 'количество в упаковке, шт', 'support': 5}, {'attribute_key': 'количество в упаковке, шт.', 'support': 2}]",182,163,19,0.8956043956043956,47,42,5,0.8936170212765957,182,163,0.8956043956043956,47,42,0.8936170212765957,"{'discovery': {'support': 39, 'target_support': 36, 'target_probability': 0.9230769230769231}, 'validation': {'support': 8, 'target_support': 6, 'target_probability': 0.75}}",39,8,rp_94f68726dfa2c7af52b35bb7;rp_5f12d2462f8d2e47546e3c66;rp_e3c6ebaa12435596ff0e0a9d,24 шт прокладок | 2 шт | 1,"[{'product_type': 'тампоны', 'normalized_product_type': 'тампоны', 'singleton_pair_support': 2, 'singleton_target_support': 2, 'singleton_target_probability': 1.0, 'split_statistics': {'discovery': {'support': 2, 'target_support': 2, 'target_probability': 1.0}, 'validation': {'support': 0, 'target_support': 0, 'target_probability': 0.0}}, 'source_pair_ids': ['rp_8d4cefd12f44b8e0d7c1ba58', 'rp_67c6d3ef062baa5ef3a7032b'], 'source_examples': [{'source_pair_id': 'rp_8d4cefd12f44b8e0d7c1ba58', 'product_type': 'тампоны', 'title_a': 'тампоны ola normal/ 2 капли/ 1 уп/ 16 шт.', 'title_b': 'ola! / тампоны гигиенические мягкие, 8 шт', 'target_value_a': '16 шт', 'target_value_b': '8 шт'}, {'source_pair_id': 'rp_67c6d3ef062baa5ef3a7032b', 'product_type': 'тампоны', 'title_a': 'тампоны', 'title_b': 'ola / тампоны гигиенические без аппликатора 8 шт', 'target_value_a': '16', 'target_value_b': '8'}]}]",['тампоны'],['Бренд'],"[{'source_pair_id': 'rp_8d4cefd12f44b8e0d7c1ba58', 'product_type': 'тампоны', 'title_a': 'тампоны ola normal/ 2 капли/ 1 уп/ 16 шт.', 'title_b': 'ola! / тампоны гигиенические мягкие, 8 шт', 'target_value_a': '16 шт', 'target_value_b': '8 шт'}, {'source_pair_id': 'rp_67c6d3ef062baa5ef3a7032b', 'product_type': 'тампоны', 'title_a': 'тампоны', 'title_b': 'ola / тампоны гигиенические без аппликатора 8 шт', 'target_value_a': '16', 'target_value_b': '8'}]","{'source_singleton_pairs': 47, 'source_pairs_with_explicit_type': 23, 'observed_exact_product_types': 16, 'supported_product_type_profiles': 1}",False,independent_value,['(?:вес|масса|weight|объем|объём|volume|нетто)'],"[1-9]\d{0,4}\s*(?:шт\.?|штук(?:а|и)?|ед\.?|единиц(?:а|ы)?)",,2,2,1.0,2,2,1.0,0,0,0.0,[],,profile_capacity_policy_v1,829f9c458f1a2a72f16b766dfaf3abbdbad9a1874d71feb4457eab7da52b3fee
gen_stat_a6c92e6bd56c2da1,stat_f49b51b98118f76e,STAT_LABEL0_CROSS_SPLIT_MIN2_P80_SCOPED,0,package_quantity,different_value,statistical_atomic_difference,Количество в упаковке,"Создай товар, где характеристику «Количество в упаковке» можно изменить независимо. Не добавляй другие атрибуты, которые логически фиксируют её значение или станут противоречивыми после замены. Записывай значение только как положительное целое число с явной единицей «шт», например «6 шт»; число без единицы недопустимо. Не дублируй количество в комплектации, весе, объёме или других полях. По примерам конкретного типа определи, означает ли оно число одинаковых товаров либо число основных штук, доз или элементов внутри продаваемой упаковки. Не считай аксессуары и рекламные вложения.",['Красота и гигиена'],"Replace exactly this explicit attribute with a different, realistic value for the same concrete product subtype.","Change only this attribute; preserve product subtype and all unrelated facts, and update every title mention consistently.",cross_split_threshold_and_product_type_scope,Красота и гигиена,override,27,0,"[{'attribute_key': 'единиц в одном товаре', 'support': 27}, {'attribute_key': 'комплектация', 'support': 12}, {'attribute_key': 'количество предметов в упаковке', 'support': 7}, {'attribute_key': 'количество в упаковке, шт', 'support': 5}, {'attribute_key': 'количество в упаковке, шт.', 'support': 2}]",182,163,19,0.8956043956043956,47,42,5,0.8936170212765957,182,163,0.8956043956043956,47,42,0.8936170212765957,"{'discovery': {'support': 39, 'target_support': 36, 'target_probability': 0.9230769230769231}, 'validation': {'support': 8, 'target_support': 6, 'target_probability': 0.75}}",39,8,rp_94f68726dfa2c7af52b35bb7;rp_5f12d2462f8d2e47546e3c66;rp_e3c6ebaa12435596ff0e0a9d,24 шт прокладок | 2 шт | 1,"[{'product_type': 'эфирное масло', 'normalized_product_type': 'эфирное масло', 'singleton_pair_support': 2, 'singleton_target_support': 2, 'singleton_target_probability': 1.0, 'split_statistics': {'discovery': {'support': 1, 'target_support': 1, 'target_probability': 1.0}, 'validation': {'support': 1, 'target_support': 1, 'target_probability': 1.0}}, 'source_pair_ids': ['rp_005da879eafb9ab99b59b64a', 'rp_19a02d5d975bc8c80c95cd64'], 'source_examples': [{'source_pair_id': 'rp_005da879eafb9ab99b59b64a', 'product_type': 'эфирное масло', 'title_a': 'vitateka эфирное масло лимон, 10 мл', 'title_b': 'витатека, эфирное масло ""лимон"" 10 мл, 3 штуки', 'target_value_a': '1', 'target_value_b': '3'}, {'source_pair_id': 'rp_19a02d5d975bc8c80c95cd64', 'product_type': 'эфирное масло', 'title_a': ""2 шт. эфирное масло 'сандал', флакон-капельница, аннотация, 10 мл, 'добропаровъ'"", 'title_b': 'добропаровъ / эфирное масло ""сандал"", флакон-капельница, аннотация, 10 мл, ""добропаровъ""', 'target_value_a': '2', 'target_value_b': '1'}]}]",['эфирное масло'],['Бренд'],"[{'source_pair_id': 'rp_005da879eafb9ab99b59b64a', 'product_type': 'эфирное масло', 'title_a': 'vitateka эфирное масло лимон, 10 мл', 'title_b': 'витатека, эфирное масло ""лимон"" 10 мл, 3 штуки', 'target_value_a': '1', 'target_value_b': '3'}, {'source_pair_id': 'rp_19a02d5d975bc8c80c95cd64', 'product_type': 'эфирное масло', 'title_a': ""2 шт. эфирное масло 'сандал', флакон-капельница, аннотация, 10 мл, 'добропаровъ'"", 'title_b': 'добропаровъ / эфирное масло ""сандал"", флакон-капельница, аннотация, 10 мл, ""добропаровъ""', 'target_value_a': '2', 'target_value_b': '1'}]","{'source_singleton_pairs': 47, 'source_pairs_with_explicit_type': 23, 'observed_exact_product_types': 16, 'supported_product_type_profiles': 1}",False,independent_value,['(?:вес|масса|weight|объем|объём|volume|нетто)'],"[1-9]\d{0,4}\s*(?:шт\.?|штук(?:а|и)?|ед\.?|единиц(?:а|ы)?)",,2,2,1.0,1,1,1.0,1,1,1.0,[],,profile_capacity_policy_v1,829f9c458f1a2a72f16b766dfaf3abbdbad9a1874d71feb4457eab7da52b3fee
gen_stat_22f8f3682a53d671,stat_2a0863ca41a55dba,STAT_LABEL0_CROSS_SPLIT_MIN2_P80_SCOPED,0,color,different_value,statistical_atomic_difference,Цвет товара,"Создай товар, где характеристику «Цвет товара» можно изменить независимо. Не добавляй другие атрибуты, которые логически фиксируют её значение или станут противоречивыми после замены.",['Мебель'],"Replace exactly this explicit attribute with a different, realistic value for the same concrete product subtype.","Change only this attribute; preserve product subtype and all unrelated facts, and update every title mention consistently.",cross_split_threshold_and_product_type_scope,Мебель,override,91,0,"[{'attribute_key': 'цвет товара', 'support': 91}, {'attribute_key': 'название цвета', 'support': 11}, {'attribute_key': 'цвет', 'support': 9}, {'attribute_key': 'цвет обивки', 'support': 2}, {'attribute_key': 'цвет корпуса', 'support': 1}]",1625,1433,192,0.8818461538461538,69,57,12,0.8260869565217391,1625,1433,0.8818461538461538,69,57,0.8260869565217391,"{'discovery': {'support': 55, 'target_support': 45, 'target_probability': 0.8181818181818182}, 'validation': {'support': 14, 'target_support': 12, 'target_probability': 0.8571428571428571}}",55,14,rp_91d000514a4160014fc4e996;rp_5c0091460e160b2f734944ae;rp_d5f91436e62f3ef8b98181dd,белое стекло | ясень анкор светлый | береза,"[{'product_type': 'угловой диван', 'normalized_product_type': 'угловой диван', 'singleton_pair_support': 12, 'singleton_target_support': 11, 'singleton_target_probability': 0.9166666666666666, 'split_statistics': {'discovery': {'support': 10, 'target_support': 9, 'target_probability': 0.9}, 'validation': {'support': 2, 'target_support': 2, 'target_probability': 1.0}}, 'source_pair_ids': ['rp_2dea9689e50f443b7b54b77a', 'rp_94cb5715ae4a21cd85c759a8', 'rp_5edc3be10eec85e5dbbb92ed', 'rp_e14972a3f338ed1b1efed889', 'rp_9ae7483ecdfa2a70851d92cc', 'rp_544c7084ce6a665303b07203', 'rp_dcc4de9b353d40fdb72b45d9', 'rp_2b33aed40803dbe9006d5f80'], 'source_examples': [{'source_pair_id': 'rp_2dea9689e50f443b7b54b77a', 'product_type': 'угловой диван', 'title_a': 'лига диванов угловой диван ,231х141х90см', 'title_b': 'лига диванов угловой диван гермес лайт правый угол', 'target_value_a': 'черный', 'target_value_b': 'фиолетовый'}, {'source_pair_id': 'rp_94cb5715ae4a21cd85c759a8', 'product_type': 'угловой диван', 'title_a': 'clicker угловой диван амадэус левый угол', 'title_b': 'лига диванов угловой диван ,262х169х69см', 'target_value_a': 'бирюзовый', 'target_value_b': 'коричневый'}, {'source_pair_id': 'rp_5edc3be10eec85e5dbbb92ed', 'product_type': 'угловой диван', 'title_a': 'лига диванов угловой диван принстон правый угол, велюр голубой и черный', 'title_b': 'лига диванов угловой диван ,244х150х85см', 'target_value_a': 'голубой\\черный', 'target_value_b': 'бирюзовый'}, {'source_pair_id': 'rp_e14972a3f338ed1b1efed889', 'product_type': 'угловой диван', 'title_a': 'лига диванов угловой диван форсайт правый угол, микровельвет сиреневый', 'title_b': 'лига диванов угловой диван ,226х151х92см', 'target_value_a': 'сиреневый', 'target_value_b': 'коралловый'}]}]",['угловой диван'],['Бренд'],"[{'source_pair_id': 'rp_2dea9689e50f443b7b54b77a', 'product_type': 'угловой диван', 'title_a': 'лига диванов угловой диван ,231х141х90см', 'title_b': 'лига диванов угловой диван гермес лайт правый угол', 'target_value_a': 'черный', 'target_value_b': 'фиолетовый'}, {'source_pair_id': 'rp_94cb5715ae4a21cd85c759a8', 'product_type': 'угловой диван', 'title_a': 'clicker угловой диван амадэус левый угол', 'title_b': 'лига диванов угловой диван ,262х169х69см', 'target_value_a': 'бирюзовый', 'target_value_b': 'коричневый'}, {'source_pair_id': 'rp_5edc3be10eec85e5dbbb92ed', 'product_type': 'угловой диван', 'title_a': 'лига диванов угловой диван принстон правый угол, велюр голубой и черный', 'title_b': 'лига диванов угловой диван ,244х150х85см', 'target_value_a': 'голубой\\черный', 'target_value_b': 'бирюзовый'}, {'source_pair_id': 'rp_e14972a3f338ed1b1efed889', 'product_type': 'угловой диван', 'title_a': 'лига диванов угловой диван форсайт правый угол, микровельвет сиреневый', 'title_b': 'лига диванов угловой диван ,226х151х92см', 'target_value_a': 'сиреневый', 'target_value_b': 'коралловый'}]","{'source_singleton_pairs': 69, 'source_pairs_with_explicit_type': 56, 'observed_exact_product_types': 29, 'supported_product_type_profiles': 1}",False,independent_value,[],,,12,11,0.9166666666666666,10,9,0.9,2,2,1.0,[],,profile_capacity_policy_v1,829f9c458f1a2a72f16b766dfaf3abbdbad9a1874d71feb4457eab7da52b3fee
gen_stat_19810ba02ddf5cb4,stat_2a0863ca41a55dba,STAT_LABEL0_CROSS_SPLIT_MIN2_P80_SCOPED,0,color,different_value,statistical_atomic_difference,Цвет товара,"Создай товар, где характеристику «Цвет товара» можно изменить независимо. Не добавляй другие атрибуты, которые логически фиксируют её значение или станут противоречивыми после замены.",['Мебель'],"Replace exactly this explicit attribute with a different, realistic value for the same concrete product subtype.","Change only this attribute; preserve product subtype and all unrelated facts, and update every title mention consistently.",cross_split_threshold_and_product_type_scope,Мебель,override,91,0,"[{'attribute_key': 'цвет товара', 'support': 91}, {'attribute_key': 'название цвета', 'support': 11}, {'attribute_key': 'цвет', 'support': 9}, {'attribute_key': 'цвет обивки', 'support': 2}, {'attribute_key': 'цвет корпуса', 'support': 1}]",1625,1433,192,0.8818461538461538,69,57,12,0.8260869565217391,1625,1433,0.8818461538461538,69,57,0.8260869565217391,"{'discovery': {'support': 55, 'target_support': 45, 'target_probability': 0.8181818181818182}, 'validation': {'support': 14, 'target_support': 12, 'target_probability': 0.8571428571428571}}",55,14,rp_91d000514a4160014fc4e996;rp_5c0091460e160b2f734944ae;rp_d5f91436e62f3ef8b98181dd,белое стекло | ясень анкор светлый | береза,"[{'product_type': 'кухонный уголок', 'normalized_product_type': 'кухонный уголок', 'singleton_pair_support': 8, 'singleton_target_support': 7, 'singleton_target_probability': 0.875, 'split_statistics': {'discovery': {'support': 6, 'target_support': 5, 'target_probability': 0.8333333333333334}, 'validation': {'support': 2, 'target_support': 2, 'target_probability': 1.0}}, 'source_pair_ids': ['rp_00e1430dd8349f2c5264b297', 'rp_f8236c1b954dbe0208803806', 'rp_bf6fa0b74dc7367c1b70bdb1', 'rp_5b78ef697e5d902fe0c58e7c', 'rp_48f198a414e098fa6737613c', 'rp_ffdb47d73dba1db993acb82c', 'rp_bec64a4630448fab986ce58c'], 'source_examples': [{'source_pair_id': 'rp_00e1430dd8349f2c5264b297', 'product_type': 'кухонный уголок', 'title_a': 'лига диванов кухонный угловой диван уют правый угол, микровельвет зеленый и бежевый', 'title_b': 'кухонный уголок кухонный угловой диван уют правый угол, 150х125х88 см', 'target_value_a': 'зеленый/бежевый', 'target_value_b': 'сиреневый'}, {'source_pair_id': 'rp_f8236c1b954dbe0208803806', 'product_type': 'кухонный уголок', 'title_a': 'кухонный уголок кухонный угловой диван токио правый угол, 204х126х82 см', 'title_b': 'лига диванов кухонный угловой диван токио правый угол, велюр бежевый и коричневый', 'target_value_a': 'серый', 'target_value_b': 'бежевый/коричневый'}, {'source_pair_id': 'rp_bf6fa0b74dc7367c1b70bdb1', 'product_type': 'кухонный уголок', 'title_a': 'лига диванов кухонный угловой диван альфа правый угол, микровельвет сиреневый и коричневый', 'title_b': 'кухонный уголок кухонный угловой диван альфа правый угол, 155х124х77 см', 'target_value_a': 'сиреневый\\коричневый', 'target_value_b': 'желтый'}, {'source_pair_id': 'rp_5b78ef697e5d902fe0c58e7c', 'product_type': 'кухонный уголок', 'title_a': 'кухонный уголок кухонный угловой диван деметра левый угол, 200х120х82 см', 'title_b': 'лига диванов кухонный угловой диван деметра левый угол, микровельвет сиреневый', 'target_value_a': 'желтый', 'target_value_b': 'сиреневый'}]}]",['кухонный уголок'],['Бренд'],"[{'source_pair_id': 'rp_00e1430dd8349f2c5264b297', 'product_type': 'кухонный уголок', 'title_a': 'лига диванов кухонный угловой диван уют правый угол, микровельвет зеленый и бежевый', 'title_b': 'кухонный уголок кухонный угловой диван уют правый угол, 150х125х88 см', 'target_value_a': 'зеленый/бежевый', 'target_value_b': 'сиреневый'}, {'source_pair_id': 'rp_f8236c1b954dbe0208803806', 'product_type': 'кухонный уголок', 'title_a': 'кухонный уголок кухонный угловой диван токио правый угол, 204х126х82 см', 'title_b': 'лига диванов кухонный угловой диван токио правый угол, велюр бежевый и коричневый', 'target_value_a': 'серый', 'target_value_b': 'бежевый/коричневый'}, {'source_pair_id': 'rp_bf6fa0b74dc7367c1b70bdb1', 'product_type': 'кухонный уголок', 'title_a': 'лига диванов кухонный угловой диван альфа правый угол, микровельвет сиреневый и коричневый', 'title_b': 'кухонный уголок кухонный угловой диван альфа правый угол, 155х124х77 см', 'target_value_a': 'сиреневый\\коричневый', 'target_value_b': 'желтый'}, {'source_pair_id': 'rp_5b78ef697e5d902fe0c58e7c', 'product_type': 'кухонный уголок', 'title_a': 'кухонный уголок кухонный угловой диван деметра левый угол, 200х120х82 см', 'title_b': 'лига диванов кухонный угловой диван деметра левый угол, микровельвет сиреневый', 'target_value_a': 'желтый', 'target_value_b': 'сиреневый'}]","{'source_singleton_pairs': 69, 'source_pairs_with_explicit_type': 56, 'observed_exact_product_types': 29, 'supported_product_type_profiles': 1}",False,independent_value,[],,,8,7,0.875,6,5,0.8333333333333334,2,2,1.0,[],,profile_capacity_policy_v1,829f9c458f1a2a72f16b766dfaf3abbdbad9a1874d71feb4457eab7da52b3fee
gen_stat_9edca633cea98188,stat_2a0863ca41a55dba,STAT_LABEL0_MIN2_P80_SCOPED,0,color,different_value,statistical_atomic_difference,Цвет товара,"Создай товар, где характеристику «Цвет товара» можно изменить независимо. Не добавляй другие атрибуты, которые логически фиксируют её значение или станут противоречивыми после замены.",['Мебель'],"Replace exactly this explicit attribute with a different, realistic value for the same concrete product subtype.","Change only this attribute; preserve product subtype and all unrelated facts, and update every title mention consistently.",singleton_all_occurrence_and_product_type_threshold,Мебель,override,91,0,"[{'attribute_key': 'цвет товара', 'support': 91}, {'attribute_key': 'название цвета', 'support': 11}, {'attribute_key': 'цвет', 'support': 9}, {'attribute_key': 'цвет обивки', 'support': 2}, {'attribute_key': 'цвет корпуса', 'support': 1}]",1625,1433,192,0.8818461538461538,69,57,12,0.8260869565217391,1625,1433,0.8818461538461538,69,57,0.8260869565217391,"{'discovery': {'support': 55, 'target_support': 45, 'target_probability': 0.8181818181818182}, 'validation': {'support': 14, 'target_support': 12, 'target_probability': 0.8571428571428571}}",55,14,rp_91d000514a4160014fc4e996;rp_5c0091460e160b2f734944ae;rp_d5f91436e62f3ef8b98181dd,белое стекло | ясень анкор светлый | береза,"[{'product_type': 'прямой диван', 'normalized_product_type': 'прямой диван', 'singleton_pair_support': 6, 'singleton_target_support': 5, 'singleton_target_probability': 0.8333333333333334, 'split_statistics': {'discovery': {'support': 6, 'target_support': 5, 'target_probability': 0.8333333333333334}, 'validation': {'support': 0, 'target_support': 0, 'target_probability': 0.0}}, 'source_pair_ids': ['rp_de0f87702b52494ef9f9eb68', 'rp_4ff6811ac8efd172f93b6d1b', 'rp_01199f429199704697183088', 'rp_8cc01722601be352ef0de382', 'rp_16ad5fefd496e3d6d4912e48'], 'source_examples': [{'source_pair_id': 'rp_de0f87702b52494ef9f9eb68', 'product_type': 'прямой диван', 'title_a': 'прямой диван лига диванов брайтон 2 люкс зеленый (микровельвет)', 'title_b': 'лига диванов прямой диван, механизм нераскладной, 153х86х98 см', 'target_value_a': 'зеленый', 'target_value_b': 'зеленый\\бежевый'}, {'source_pair_id': 'rp_4ff6811ac8efd172f93b6d1b', 'product_type': 'прямой диван', 'title_a': 'лига диванов прямой диван, механизм еврокнижка, 226х96х92 см', 'title_b': 'лига диванов прямой диван форсайт микровельвет желтый/коричневый', 'target_value_a': 'коричневый', 'target_value_b': 'желтый'}, {'source_pair_id': 'rp_01199f429199704697183088', 'product_type': 'прямой диван', 'title_a': 'лига диванов прямой диван бергамо 2-х местный, велюр бирюзовый и коричневый', 'title_b': 'лига диванов прямой диван, механизм нераскладной, 143х67х80 см', 'target_value_a': 'бирюзовый/коричневый', 'target_value_b': 'бирюзовый'}, {'source_pair_id': 'rp_8cc01722601be352ef0de382', 'product_type': 'прямой диван', 'title_a': 'лига диванов прямой диван, механизм еврокнижка, 226х78х91 см', 'title_b': 'лига диванов прямой диван рейн, микровельвет, модель 112557', 'target_value_a': 'фиолетовый', 'target_value_b': 'зеленый'}]}]",['прямой диван'],['Бренд'],"[{'source_pair_id': 'rp_de0f87702b52494ef9f9eb68', 'product_type': 'прямой диван', 'title_a': 'прямой диван лига диванов брайтон 2 люкс зеленый (микровельвет)', 'title_b': 'лига диванов прямой диван, механизм нераскладной, 153х86х98 см', 'target_value_a': 'зеленый', 'target_value_b': 'зеленый\\бежевый'}, {'source_pair_id': 'rp_4ff6811ac8efd172f93b6d1b', 'product_type': 'прямой диван', 'title_a': 'лига диванов прямой диван, механизм еврокнижка, 226х96х92 см', 'title_b': 'лига диванов прямой диван форсайт микровельвет желтый/коричневый', 'target_value_a': 'коричневый', 'target_value_b': 'желтый'}, {'source_pair_id': 'rp_01199f429199704697183088', 'product_type': 'прямой диван', 'title_a': 'лига диванов прямой диван бергамо 2-х местный, велюр бирюзовый и коричневый', 'title_b': 'лига диванов прямой диван, механизм нераскладной, 143х67х80 см', 'target_value_a': 'бирюзовый/коричневый', 'target_value_b': 'бирюзовый'}, {'source_pair_id': 'rp_8cc01722601be352ef0de382', 'product_type': 'прямой диван', 'title_a': 'лига диванов прямой диван, механизм еврокнижка, 226х78х91 см', 'title_b': 'лига диванов прямой диван рейн, микровельвет, модель 112557', 'target_value_a': 'фиолетовый', 'target_value_b': 'зеленый'}]","{'source_singleton_pairs': 69, 'source_pairs_with_explicit_type': 56, 'observed_exact_product_types': 29, 'supported_product_type_profiles': 1}",False,independent_value,[],,,6,5,0.8333333333333334,6,5,0.8333333333333334,0,0,0.0,[],,profile_capacity_policy_v1,829f9c458f1a2a72f16b766dfaf3abbdbad9a1874d71feb4457eab7da52b3fee
gen_stat_4e002802a99ac8b9,stat_2a0863ca41a55dba,STAT_LABEL0_MIN2_P80_SCOPED,0,color,different_value,statistical_atomic_difference,Цвет товара,"Создай товар, где характеристику «Цвет товара» можно изменить независимо. Не добавляй другие атрибуты, которые логически фиксируют её значение или станут противоречивыми после замены.",['Мебель'],"Replace exactly this explicit attribute with a different, realistic value for the same concrete product subtype.","Change only this attribute; preserve product subtype and all unrelated facts, and update every title mention consistently.",singleton_all_occurrence_and_product_type_threshold,Мебель,override,91,0,"[{'attribute_key': 'цвет товара', 'support': 91}, {'attribute_key': 'название цвета', 'support': 11}, {'attribute_key': 'цвет', 'support': 9}, {'attribute_key': 'цвет обивки', 'support': 2}, {'attribute_key': 'цвет корпуса', 'support': 1}]",1625,1433,192,0.8818461538461538,69,57,12,0.8260869565217391,1625,1433,0.8818461538461538,69,57,0.8260869565217391,"{'discovery': {'support': 55, 'target_support': 45, 'target_probability': 0.8181818181818182}, 'validation': {'support': 14, 'target_support': 12, 'target_probability': 0.8571428571428571}}",55,14,rp_91d000514a4160014fc4e996;rp_5c0091460e160b2f734944ae;rp_d5f91436e62f3ef8b98181dd,белое стекло | ясень анкор светлый | береза,"[{'product_type': 'компьютерный стол', 'normalized_product_type': 'компьютерный стол', 'singleton_pair_support': 2, 'singleton_target_support': 2, 'singleton_target_probability': 1.0, 'split_statistics': {'discovery': {'support': 2, 'target_support': 2, 'target_probability': 1.0}, 'validation': {'support': 0, 'target_support': 0, 'target_probability': 0.0}}, 'source_pair_ids': ['rp_f4d5140f71bd903d715c0253', 'rp_ee73241f8c31d20f3cf2d1c3'], 'source_examples': [{'source_pair_id': 'rp_f4d5140f71bd903d715c0253', 'product_type': 'компьютерный стол', 'title_a': 'кобор компьютерный стол, 180х70х75 см', 'title_b': 'kobor компьютерный стол а-опора black/premium', 'target_value_a': 'темно-коричневый', 'target_value_b': 'черный'}, {'source_pair_id': 'rp_ee73241f8c31d20f3cf2d1c3', 'product_type': 'компьютерный стол', 'title_a': 'регион 058 компьютерный стол ""ск-11"" (улучшенная фурнитура) - графит', 'title_b': 'компьютерный стол ""ск-11"" (улучшенная фурнитура) - венге', 'target_value_a': 'графит', 'target_value_b': 'венге'}]}]",['компьютерный стол'],['Бренд'],"[{'source_pair_id': 'rp_f4d5140f71bd903d715c0253', 'product_type': 'компьютерный стол', 'title_a': 'кобор компьютерный стол, 180х70х75 см', 'title_b': 'kobor компьютерный стол а-опора black/premium', 'target_value_a': 'темно-коричневый', 'target_value_b': 'черный'}, {'source_pair_id': 'rp_ee73241f8c31d20f3cf2d1c3', 'product_type': 'компьютерный стол', 'title_a': 'регион 058 компьютерный стол ""ск-11"" (улучшенная фурнитура) - графит', 'title_b': 'компьютерный стол ""ск-11"" (улучшенная фурнитура) - венге', 'target_value_a': 'графит', 'target_value_b': 'венге'}]","{'source_singleton_pairs': 69, 'source_pairs_with_explicit_type': 56, 'observed_exact_product_types': 29, 'supported_product_type_profiles': 1}",False,independent_value,[],,,2,2,1.0,2,2,1.0,0,0,0.0,[],,profile_capacity_policy_v1,829f9c458f1a2a72f16b766dfaf3abbdbad9a1874d71feb4457eab7da52b3fee
gen_stat_53131ef0cbe00e75,stat_2a0863ca41a55dba,STAT_LABEL0_MIN2_P80_SCOPED,0,color,different_value,statistical_atomic_difference,Цвет товара,"Создай товар, где характеристику «Цвет товара» можно изменить независимо. Не добавляй другие атрибуты, которые логически фиксируют её значение или станут противоречивыми после замены.",['Мебель'],"Replace exactly this explicit attribute with a different, realistic value for the same concrete product subtype.","Change only this attribute; preserve product subtype and all unrelated facts, and update every title mention consistently.",singleton_all_occurrence_and_product_type_threshold,Мебель,override,91,0,"[{'attribute_key': 'цвет товара', 'support': 91}, {'attribute_key': 'название цвета', 'support': 11}, {'attribute_key': 'цвет', 'support': 9}, {'attribute_key': 'цвет обивки', 'support': 2}, {'attribute_key': 'цвет корпуса', 'support': 1}]",1625,1433,192,0.8818461538461538,69,57,12,0.8260869565217391,1625,1433,0.8818461538461538,69,57,0.8260869565217391,"{'discovery': {'support': 55, 'target_support': 45, 'target_probability': 0.8181818181818182}, 'validation': {'support': 14, 'target_support': 12, 'target_probability': 0.8571428571428571}}",55,14,rp_91d000514a4160014fc4e996;rp_5c0091460e160b2f734944ae;rp_d5f91436e62f3ef8b98181dd,белое стекло | ясень анкор светлый | береза,"[{'product_type': 'столешница', 'normalized_product_type': 'столешница', 'singleton_pair_support': 2, 'singleton_target_support': 2, 'singleton_target_probability': 1.0, 'split_statistics': {'discovery': {'support': 2, 'target_support': 2, 'target_probability': 1.0}, 'validation': {'support': 0, 'target_support': 0, 'target_probability': 0.0}}, 'source_pair_ids': ['rp_1c17e79f4d19fab0238457a7', 'rp_ce9b28b3630ac36b797a245d'], 'source_examples': [{'source_pair_id': 'rp_1c17e79f4d19fab0238457a7', 'product_type': 'столешница', 'title_a': 'столешница для кухни скиф 1200х600x38 мм с торцевыми планками. цвет - дуб серебристый', 'title_b': 'столешница для кухни скиф 1200х600x38мм с торцевыми планками . цвет - бетон', 'target_value_a': 'дуб серебристый', 'target_value_b': 'бетон'}, {'source_pair_id': 'rp_ce9b28b3630ac36b797a245d', 'product_type': 'столешница', 'title_a': 'столешница для кухни скиф 600х600x38мм с кромкой. цвет - дуб вотан', 'title_b': 'столешница для кухни скиф 600х600x38мм с кромкой. цвет - вяз', 'target_value_a': 'дуб вотан', 'target_value_b': 'вяз'}]}]",['столешница'],['Бренд'],"[{'source_pair_id': 'rp_1c17e79f4d19fab0238457a7', 'product_type': 'столешница', 'title_a': 'столешница для кухни скиф 1200х600x38 мм с торцевыми планками. цвет - дуб серебристый', 'title_b': 'столешница для кухни скиф 1200х600x38мм с торцевыми планками . цвет - бетон', 'target_value_a': 'дуб серебристый', 'target_value_b': 'бетон'}, {'source_pair_id': 'rp_ce9b28b3630ac36b797a245d', 'product_type': 'столешница', 'title_a': 'столешница для кухни скиф 600х600x38мм с кромкой. цвет - дуб вотан', 'title_b': 'столешница для кухни скиф 600х600x38мм с кромкой. цвет - вяз', 'target_value_a': 'дуб вотан', 'target_value_b': 'вяз'}]","{'source_singleton_pairs': 69, 'source_pairs_with_explicit_type': 56, 'observed_exact_product_types': 29, 'supported_product_type_profiles': 1}",False,independent_value,[],,,2,2,1.0,2,2,1.0,0,0,0.0,[],,profile_capacity_policy_v1,829f9c458f1a2a72f16b766dfaf3abbdbad9a1874d71feb4457eab7da52b3fee
gen_stat_85bd9892423be105,stat_18eef310e34d5d8c,STAT_LABEL0_MIN2_P80_SCOPED,0,width,different_value,statistical_atomic_difference,Ширина,"Создай товар, где характеристику «Ширина» можно изменить независимо. Не добавляй другие атрибуты, которые логически фиксируют её значение или станут противоречивыми после замены. Характеристика должна относиться к самому товару, а не к упаковке, доставке или приблизительному диапазону. Укажи одно число и явную физическую единицу мм, см, м или дюйм; число без единицы недопустимо.",['Мебель'],"Replace exactly this explicit attribute with a different, realistic value for the same concrete product subtype.","Change only this attribute; preserve product subtype and all unrelated facts, and update every title mention consistently.",singleton_all_occurrence_and_product_type_threshold,Мебель,override,3,0,"[{'attribute_key': 'ширина, см', 'support': 3}, {'attribute_key': 'ширина, мм', 'support': 2}, {'attribute_key': 'размеры', 'support': 1}, {'attribute_key': 'ширина', 'support': 1}]",1099,1018,81,0.9262966333030027,6,5,1,0.8333333333333334,1099,1018,0.9262966333030027,6,5,0.8333333333333334,"{'discovery': {'support': 5, 'target_support': 4, 'target_probability': 0.8}, 'validation': {'support': 1, 'target_support': 1, 'target_probability': 1.0}}",5,1,rp_82d822485fae1f69f5b0f6a0;rp_0d84c82bd8438e82ea745454;rp_c4e2c392b2a5264eba8fb6ee,153 см | 100 см | 224,"[{'product_type': 'стол производственный', 'normalized_product_type': 'стол производственный', 'singleton_pair_support': 2, 'singleton_target_support': 2, 'singleton_target_probability': 1.0, 'split_statistics': {'discovery': {'support': 2, 'target_support': 2, 'target_probability': 1.0}, 'validation': {'support': 0, 'target_support': 0, 'target_probability': 0.0}}, 'source_pair_ids': ['rp_ce0b0dfd282145ada2bfffbf', 'rp_d7e6aee23f1e68d84af36d17'], 'source_examples': [{'source_pair_id': 'rp_ce0b0dfd282145ada2bfffbf', 'product_type': 'стол производственный', 'title_a': 'стол производственный островной 1500*600*850 серия стандарт, столешница нержавеющая сталь, толщина 0,8 мм; каркас разборный, сплошная полка', 'title_b': 'рестметалл стол производственный островной 600*600*850 серия стандарт +, столешница нержавеющая сталь, толщина 0,8 мм; каркас разборный, сплошная полка', 'target_value_a': '150', 'target_value_b': '600'}, {'source_pair_id': 'rp_d7e6aee23f1e68d84af36d17', 'product_type': 'стол производственный', 'title_a': 'стол производственный 800*600*850 серия стандарт, столешница нержавеющая сталь, толщина 0,8 мм; каркас разборный, обвязка, борт', 'title_b': 'рестметалл стол производственный 500*600*850 серия стандарт +, столешница нержавеющая сталь, толщина 0,8 мм; каркас разборный, обвязка, борт', 'target_value_a': '80', 'target_value_b': '50'}]}]",['стол производственный'],['Бренд'],"[{'source_pair_id': 'rp_ce0b0dfd282145ada2bfffbf', 'product_type': 'стол производственный', 'title_a': 'стол производственный островной 1500*600*850 серия стандарт, столешница нержавеющая сталь, толщина 0,8 мм; каркас разборный, сплошная полка', 'title_b': 'рестметалл стол производственный островной 600*600*850 серия стандарт +, столешница нержавеющая сталь, толщина 0,8 мм; каркас разборный, сплошная полка', 'target_value_a': '150', 'target_value_b': '600'}, {'source_pair_id': 'rp_d7e6aee23f1e68d84af36d17', 'product_type': 'стол производственный', 'title_a': 'стол производственный 800*600*850 серия стандарт, столешница нержавеющая сталь, толщина 0,8 мм; каркас разборный, обвязка, борт', 'title_b': 'рестметалл стол производственный 500*600*850 серия стандарт +, столешница нержавеющая сталь, толщина 0,8 мм; каркас разборный, обвязка, борт', 'target_value_a': '80', 'target_value_b': '50'}]","{'source_singleton_pairs': 6, 'source_pairs_with_explicit_type': 5, 'observed_exact_product_types': 3, 'supported_product_type_profiles': 1}",False,independent_value,['(?:вес|масса|weight|net\\s*weight)'],"[+]?(?:\d+(?:[.,]\d+)?|[.,]\d+)\s*(?:мм|см|м|дюйм\w*|inch(?:es)?|in|\"")",,2,2,1.0,2,2,1.0,0,0,0.0,[],,profile_capacity_policy_v1,829f9c458f1a2a72f16b766dfaf3abbdbad9a1874d71feb4457eab7da52b3fee
gen_stat_05d067b8debb19d2,stat_18eef310e34d5d8c,STAT_LABEL0_MIN2_P80_SCOPED,0,width,different_value,statistical_atomic_difference,Ширина,"Создай товар, где характеристику «Ширина» можно изменить независимо. Не добавляй другие атрибуты, которые логически фиксируют её значение или станут противоречивыми после замены. Характеристика должна относиться к самому товару, а не к упаковке, доставке или приблизительному диапазону. Укажи одно число и явную физическую единицу мм, см, м или дюйм; число без единицы недопустимо.",['Мебель'],"Replace exactly this explicit attribute with a different, realistic value for the same concrete product subtype.","Change only this attribute; preserve product subtype and all unrelated facts, and update every title mention consistently.",singleton_all_occurrence_and_product_type_threshold,Мебель,override,3,0,"[{'attribute_key': 'ширина, см', 'support': 3}, {'attribute_key': 'ширина, мм', 'support': 2}, {'attribute_key': 'размеры', 'support': 1}, {'attribute_key': 'ширина', 'support': 1}]",1099,1018,81,0.9262966333030027,6,5,1,0.8333333333333334,1099,1018,0.9262966333030027,6,5,0.8333333333333334,"{'discovery': {'support': 5, 'target_support': 4, 'target_probability': 0.8}, 'validation': {'support': 1, 'target_support': 1, 'target_probability': 1.0}}",5,1,rp_82d822485fae1f69f5b0f6a0;rp_0d84c82bd8438e82ea745454;rp_c4e2c392b2a5264eba8fb6ee,153 см | 100 см | 224,"[{'product_type': 'столешница', 'normalized_product_type': 'столешница', 'singleton_pair_support': 2, 'singleton_target_support': 2, 'singleton_target_probability': 1.0, 'split_statistics': {'discovery': {'support': 2, 'target_support': 2, 'target_probability': 1.0}, 'validation': {'support': 0, 'target_support': 0, 'target_probability': 0.0}}, 'source_pair_ids': ['rp_31f8a9234407ea7a9da5c13f', 'rp_82b5528728bca65f6a9cd533'], 'source_examples': [{'source_pair_id': 'rp_31f8a9234407ea7a9da5c13f', 'product_type': 'столешница', 'title_a': 'solarius / столешница деревянная для стола, 140х60х4 см, цвет розовый', 'title_b': 'столешница деревянная для стола, 140х70х4 см, цвет розовый', 'target_value_a': '60 см', 'target_value_b': '700 мм'}, {'source_pair_id': 'rp_82b5528728bca65f6a9cd533', 'product_type': 'столешница', 'title_a': 'столешница лдсп 750х500х16 серый', 'title_b': 'без бренда столешница лдсп 700х500х16 серый', 'target_value_a': '750', 'target_value_b': '70 см'}]}]",['столешница'],['Бренд'],"[{'source_pair_id': 'rp_31f8a9234407ea7a9da5c13f', 'product_type': 'столешница', 'title_a': 'solarius / столешница деревянная для стола, 140х60х4 см, цвет розовый', 'title_b': 'столешница деревянная для стола, 140х70х4 см, цвет розовый', 'target_value_a': '60 см', 'target_value_b': '700 мм'}, {'source_pair_id': 'rp_82b5528728bca65f6a9cd533', 'product_type': 'столешница', 'title_a': 'столешница лдсп 750х500х16 серый', 'title_b': 'без бренда столешница лдсп 700х500х16 серый', 'target_value_a': '750', 'target_value_b': '70 см'}]","{'source_singleton_pairs': 6, 'source_pairs_with_explicit_type': 5, 'observed_exact_product_types': 3, 'supported_product_type_profiles': 1}",False,independent_value,['(?:вес|масса|weight|net\\s*weight)'],"[+]?(?:\d+(?:[.,]\d+)?|[.,]\d+)\s*(?:мм|см|м|дюйм\w*|inch(?:es)?|in|\"")",,2,2,1.0,2,2,1.0,0,0,0.0,[],,profile_capacity_policy_v1,829f9c458f1a2a72f16b766dfaf3abbdbad9a1874d71feb4457eab7da52b3fee
gen_stat_48bacd02def2374c,stat_9e5cd37ba3356156,STAT_LABEL0_CROSS_SPLIT_MIN2_P80_SCOPED,0,model,different_value,statistical_atomic_difference,Модель,"Создай товар, где характеристику «Модель» можно изменить независимо. Не добавляй другие атрибуты, которые логически фиксируют её значение или станут противоречивыми после замены. Используй вымышленные нейтральные модели и не копируй известный бренд+модель. Модель должна содержать буквы и не может быть полностью числовым каталожным номером.",['Музыкальные инструменты'],"Replace exactly this explicit attribute with a different, realistic value for the same concrete product subtype.","Change only this attribute; preserve product subtype and all unrelated facts, and update every title mention consistently.",cross_split_threshold_and_product_type_scope,Музыкальные инструменты,override,14,8,"[{'attribute_key': 'модель', 'support': 14}, {'attribute_key': 'бренд', 'support': 1}, {'attribute_key': 'маркировка', 'support': 1}]",1347,1275,72,0.9465478841870824,211,195,16,0.9241706161137441,1148,1083,0.9433797909407665,184,170,0.9239130434782609,"{'discovery': {'support': 144, 'target_support': 134, 'target_probability': 0.9305555555555556}, 'validation': {'support': 40, 'target_support': 36, 'target_probability': 0.9}}",164,47,rp_dce2dc381cac8f63a235a036;rp_f18c6ab9c31ceafbf52d1252;rp_164f3815466ac971039bd3c5,dp 300 | m15c-gg | ftc-21,"[{'product_type': 'акустическая гитара', 'normalized_product_type': 'акустическая гитара', 'singleton_pair_support': 9, 'singleton_target_support': 9, 'singleton_target_probability': 1.0, 'split_statistics': {'discovery': {'support': 4, 'target_support': 4, 'target_probability': 1.0}, 'validation': {'support': 5, 'target_support': 5, 'target_probability': 1.0}}, 'source_pair_ids': ['rp_a9c10dbeaa31c41502173b07', 'rp_bdd95b20f46a596da9a14288', 'rp_b4b400d9f14b6e7240576f8a', 'rp_ba0a073c5d98c077869674ef', 'rp_f108ba80c0b201e194871777', 'rp_94720e8c98d869d9649e5356', 'rp_34bbab934075e6f36251e727', 'rp_cdd3642f0f746c4158317602'], 'source_examples': [{'source_pair_id': 'rp_a9c10dbeaa31c41502173b07', 'product_type': 'акустическая гитара', 'title_a': 'tg220cbk акустическая гитара с вырезом naranda', 'title_b': 'naranda / dg220cbk акустическая гитара с вырезом', 'target_value_a': 'tg220cbk', 'target_value_b': 'dg220cbk'}, {'source_pair_id': 'rp_bdd95b20f46a596da9a14288', 'product_type': 'акустическая гитара', 'title_a': 'акустическая гитара с вырезом naranda dg303cna', 'title_b': 'dg305sna акустическая гитара naranda', 'target_value_a': 'dg303cna', 'target_value_b': 'dg305sna'}, {'source_pair_id': 'rp_b4b400d9f14b6e7240576f8a', 'product_type': 'акустическая гитара', 'title_a': 'акустическая гитара parkwood s22', 'title_b': 's62 акустическая гитара, с чехлом, parkwood', 'target_value_a': 's22', 'target_value_b': 's62'}, {'source_pair_id': 'rp_ba0a073c5d98c077869674ef', 'product_type': 'акустическая гитара', 'title_a': 'naranda акустическая гитара naranda dg220bs', 'title_b': 'акустическая гитара naranda dg220bls', 'target_value_a': 'dg220bs', 'target_value_b': 'dg220bls'}]}]",['акустическая гитара'],['Бренд'],"[{'source_pair_id': 'rp_a9c10dbeaa31c41502173b07', 'product_type': 'акустическая гитара', 'title_a': 'tg220cbk акустическая гитара с вырезом naranda', 'title_b': 'naranda / dg220cbk акустическая гитара с вырезом', 'target_value_a': 'tg220cbk', 'target_value_b': 'dg220cbk'}, {'source_pair_id': 'rp_bdd95b20f46a596da9a14288', 'product_type': 'акустическая гитара', 'title_a': 'акустическая гитара с вырезом naranda dg303cna', 'title_b': 'dg305sna акустическая гитара naranda', 'target_value_a': 'dg303cna', 'target_value_b': 'dg305sna'}, {'source_pair_id': 'rp_b4b400d9f14b6e7240576f8a', 'product_type': 'акустическая гитара', 'title_a': 'акустическая гитара parkwood s22', 'title_b': 's62 акустическая гитара, с чехлом, parkwood', 'target_value_a': 's22', 'target_value_b': 's62'}, {'source_pair_id': 'rp_ba0a073c5d98c077869674ef', 'product_type': 'акустическая гитара', 'title_a': 'naranda акустическая гитара naranda dg220bs', 'title_b': 'акустическая гитара naranda dg220bls', 'target_value_a': 'dg220bs', 'target_value_b': 'dg220bls'}]","{'source_singleton_pairs': 184, 'source_pairs_with_explicit_type': 63, 'observed_exact_product_types': 29, 'supported_product_type_profiles': 1}",False,identity_value,[],,^(?:модель\s*)?(?:№|#|no)?\s*\d[\d ._/-]*$,9,9,1.0,4,4,1.0,5,5,1.0,[],,profile_capacity_policy_v1,829f9c458f1a2a72f16b766dfaf3abbdbad9a1874d71feb4457eab7da52b3fee
gen_stat_1859923e35e4f8be,stat_9e5cd37ba3356156,STAT_LABEL0_CROSS_SPLIT_MIN2_P80_SCOPED,0,model,different_value,statistical_atomic_difference,Модель,"Создай товар, где характеристику «Модель» можно изменить независимо. Не добавляй другие атрибуты, которые логически фиксируют её значение или станут противоречивыми после замены. Используй вымышленные нейтральные модели и не копируй известный бренд+модель. Модель должна содержать буквы и не может быть полностью числовым каталожным номером.",['Музыкальные инструменты'],"Replace exactly this explicit attribute with a different, realistic value for the same concrete product subtype.","Change only this attribute; preserve product subtype and all unrelated facts, and update every title mention consistently.",cross_split_threshold_and_product_type_scope,Музыкальные инструменты,override,14,8,"[{'attribute_key': 'модель', 'support': 14}, {'attribute_key': 'бренд', 'support': 1}, {'attribute_key': 'маркировка', 'support': 1}]",1347,1275,72,0.9465478841870824,211,195,16,0.9241706161137441,1148,1083,0.9433797909407665,184,170,0.9239130434782609,"{'discovery': {'support': 144, 'target_support': 134, 'target_probability': 0.9305555555555556}, 'validation': {'support': 40, 'target_support': 36, 'target_probability': 0.9}}",164,47,rp_dce2dc381cac8f63a235a036;rp_f18c6ab9c31ceafbf52d1252;rp_164f3815466ac971039bd3c5,dp 300 | m15c-gg | ftc-21,"[{'product_type': 'чехол', 'normalized_product_type': 'чехол', 'singleton_pair_support': 6, 'singleton_target_support': 6, 'singleton_target_probability': 1.0, 'split_statistics': {'discovery': {'support': 5, 'target_support': 5, 'target_probability': 1.0}, 'validation': {'support': 1, 'target_support': 1, 'target_probability': 1.0}}, 'source_pair_ids': ['rp_2540a24ff047f497d1212136', 'rp_ee5f72d3dcb902cef329b3d6', 'rp_87869f16f59cce16762986d8', 'rp_739bc3b5af346831e987a08f', 'rp_1869e10be6f88c55268430a1', 'rp_450d40a2f3dc89e52be63b88'], 'source_examples': [{'source_pair_id': 'rp_2540a24ff047f497d1212136', 'product_type': 'чехол', 'title_a': 'чехол для электрогитары gator g-iconelectric', 'title_b': 'чехол для электрогитары gator gpx-electric', 'target_value_a': 'g-iconelectric', 'target_value_b': 'gpx-electric'}, {'source_pair_id': 'rp_ee5f72d3dcb902cef329b3d6', 'product_type': 'чехол', 'title_a': 'terris tgb-c-01 чехол для классической гитары', 'title_b': 'terris tgb-c-05bk - чехол для классической гитары', 'target_value_a': 'tgb-c-01', 'target_value_b': 'tgb-c-05bk'}, {'source_pair_id': 'rp_87869f16f59cce16762986d8', 'product_type': 'чехол', 'title_a': 'чехол/кейс для клавишных rockbag rb21518b', 'title_b': 'чехол для синтезатора rockbag rb21517b', 'target_value_a': 'rb21518b', 'target_value_b': 'rb21517b'}, {'source_pair_id': 'rp_739bc3b5af346831e987a08f', 'product_type': 'чехол', 'title_a': 'mz-chgc-1/2g чехол для классической гитары размером 1/2, mezzo', 'title_b': 'mezzo mz-chgc-2/1flam - чехол для классической гитары', 'target_value_a': 'mz-chgc-1/2g', 'target_value_b': 'mz-chgc-2/1flam'}]}]",['чехол'],['Бренд'],"[{'source_pair_id': 'rp_2540a24ff047f497d1212136', 'product_type': 'чехол', 'title_a': 'чехол для электрогитары gator g-iconelectric', 'title_b': 'чехол для электрогитары gator gpx-electric', 'target_value_a': 'g-iconelectric', 'target_value_b': 'gpx-electric'}, {'source_pair_id': 'rp_ee5f72d3dcb902cef329b3d6', 'product_type': 'чехол', 'title_a': 'terris tgb-c-01 чехол для классической гитары', 'title_b': 'terris tgb-c-05bk - чехол для классической гитары', 'target_value_a': 'tgb-c-01', 'target_value_b': 'tgb-c-05bk'}, {'source_pair_id': 'rp_87869f16f59cce16762986d8', 'product_type': 'чехол', 'title_a': 'чехол/кейс для клавишных rockbag rb21518b', 'title_b': 'чехол для синтезатора rockbag rb21517b', 'target_value_a': 'rb21518b', 'target_value_b': 'rb21517b'}, {'source_pair_id': 'rp_739bc3b5af346831e987a08f', 'product_type': 'чехол', 'title_a': 'mz-chgc-1/2g чехол для классической гитары размером 1/2, mezzo', 'title_b': 'mezzo mz-chgc-2/1flam - чехол для классической гитары', 'target_value_a': 'mz-chgc-1/2g', 'target_value_b': 'mz-chgc-2/1flam'}]","{'source_singleton_pairs': 184, 'source_pairs_with_explicit_type': 63, 'observed_exact_product_types': 29, 'supported_product_type_profiles': 1}",False,identity_value,[],,^(?:модель\s*)?(?:№|#|no)?\s*\d[\d ._/-]*$,6,6,1.0,5,5,1.0,1,1,1.0,[],,profile_capacity_policy_v1,829f9c458f1a2a72f16b766dfaf3abbdbad9a1874d71feb4457eab7da52b3fee
gen_stat_3d12b697a2a316a3,stat_9e5cd37ba3356156,STAT_LABEL0_MIN2_P80_SCOPED,0,model,different_value,statistical_atomic_difference,Модель,"Создай товар, где характеристику «Модель» можно изменить независимо. Не добавляй другие атрибуты, которые логически фиксируют её значение или станут противоречивыми после замены. Используй вымышленные нейтральные модели и не копируй известный бренд+модель. Модель должна содержать буквы и не может быть полностью числовым каталожным номером.",['Музыкальные инструменты'],"Replace exactly this explicit attribute with a different, realistic value for the same concrete product subtype.","Change only this attribute; preserve product subtype and all unrelated facts, and update every title mention consistently.",singleton_all_occurrence_and_product_type_threshold,Музыкальные инструменты,override,14,8,"[{'attribute_key': 'модель', 'support': 14}, {'attribute_key': 'бренд', 'support': 1}, {'attribute_key': 'маркировка', 'support': 1}]",1347,1275,72,0.9465478841870824,211,195,16,0.9241706161137441,1148,1083,0.9433797909407665,184,170,0.9239130434782609,"{'discovery': {'support': 144, 'target_support': 134, 'target_probability': 0.9305555555555556}, 'validation': {'support': 40, 'target_support': 36, 'target_probability': 0.9}}",164,47,rp_dce2dc381cac8f63a235a036;rp_f18c6ab9c31ceafbf52d1252;rp_164f3815466ac971039bd3c5,dp 300 | m15c-gg | ftc-21,"[{'product_type': 'укулеле', 'normalized_product_type': 'укулеле', 'singleton_pair_support': 6, 'singleton_target_support': 5, 'singleton_target_probability': 0.8333333333333334, 'split_statistics': {'discovery': {'support': 4, 'target_support': 4, 'target_probability': 1.0}, 'validation': {'support': 2, 'target_support': 1, 'target_probability': 0.5}}, 'source_pair_ids': ['rp_50d84930bc6560f70d97ace5', 'rp_8691aefd757705a9d22302fc', 'rp_cee9d7d64cca2ba9aa282dea', 'rp_f7e92b13f4ecfc2b7dbd3317', 'rp_63ae4f9be636cd20e3a6904d'], 'source_examples': [{'source_pair_id': 'rp_50d84930bc6560f70d97ace5', 'product_type': 'укулеле', 'title_a': 'укулеле сопрано, красный, listen lis-100red', 'title_b': 'укулеле mahalo mr1rd', 'target_value_a': 'lis-100red', 'target_value_b': 'mr1rd'}, {'source_pair_id': 'rp_8691aefd757705a9d22302fc', 'product_type': 'укулеле', 'title_a': 'terris / plus hari укулеле сопрано', 'title_b': 'terris укулеле plus dino - сопрано', 'target_value_a': 'plus hari', 'target_value_b': 'plus dino'}, {'source_pair_id': 'rp_cee9d7d64cca2ba9aa282dea', 'product_type': 'укулеле', 'title_a': 'bumblebee / hive soprano pu укулеле сопрано', 'title_b': 'bumblebee hive soprano mah - укулеле сопрано', 'target_value_a': 'hive soprano pu', 'target_value_b': 'hive soprano mah'}, {'source_pair_id': 'rp_f7e92b13f4ecfc2b7dbd3317', 'product_type': 'укулеле', 'title_a': 'гитара укулеле концертная wiki uk30c', 'title_b': 'wiki uk40c укулеле-концерт с чехлом', 'target_value_a': 'uk30c', 'target_value_b': 'uk40c'}]}]",['укулеле'],['Бренд'],"[{'source_pair_id': 'rp_50d84930bc6560f70d97ace5', 'product_type': 'укулеле', 'title_a': 'укулеле сопрано, красный, listen lis-100red', 'title_b': 'укулеле mahalo mr1rd', 'target_value_a': 'lis-100red', 'target_value_b': 'mr1rd'}, {'source_pair_id': 'rp_8691aefd757705a9d22302fc', 'product_type': 'укулеле', 'title_a': 'terris / plus hari укулеле сопрано', 'title_b': 'terris укулеле plus dino - сопрано', 'target_value_a': 'plus hari', 'target_value_b': 'plus dino'}, {'source_pair_id': 'rp_cee9d7d64cca2ba9aa282dea', 'product_type': 'укулеле', 'title_a': 'bumblebee / hive soprano pu укулеле сопрано', 'title_b': 'bumblebee hive soprano mah - укулеле сопрано', 'target_value_a': 'hive soprano pu', 'target_value_b': 'hive soprano mah'}, {'source_pair_id': 'rp_f7e92b13f4ecfc2b7dbd3317', 'product_type': 'укулеле', 'title_a': 'гитара укулеле концертная wiki uk30c', 'title_b': 'wiki uk40c укулеле-концерт с чехлом', 'target_value_a': 'uk30c', 'target_value_b': 'uk40c'}]","{'source_singleton_pairs': 184, 'source_pairs_with_explicit_type': 63, 'observed_exact_product_types': 29, 'supported_product_type_profiles': 1}",False,identity_value,[],,^(?:модель\s*)?(?:№|#|no)?\s*\d[\d ._/-]*$,6,5,0.8333333333333334,4,4,1.0,2,1,0.5,[],,profile_capacity_policy_v1,829f9c458f1a2a72f16b766dfaf3abbdbad9a1874d71feb4457eab7da52b3fee
gen_stat_35f6fb5502de62b9,stat_9e5cd37ba3356156,STAT_LABEL0_CROSS_SPLIT_MIN2_P80_SCOPED,0,model,different_value,statistical_atomic_difference,Модель,"Создай товар, где характеристику «Модель» можно изменить независимо. Не добавляй другие атрибуты, которые логически фиксируют её значение или станут противоречивыми после замены. Используй вымышленные нейтральные модели и не копируй известный бренд+модель. Модель должна содержать буквы и не может быть полностью числовым каталожным номером.",['Музыкальные инструменты'],"Replace exactly this explicit attribute with a different, realistic value for the same concrete product subtype.","Change only this attribute; preserve product subtype and all unrelated facts, and update every title mention consistently.",cross_split_threshold_and_product_type_scope,Музыкальные инструменты,override,14,8,"[{'attribute_key': 'модель', 'support': 14}, {'attribute_key': 'бренд', 'support': 1}, {'attribute_key': 'маркировка', 'support': 1}]",1347,1275,72,0.9465478841870824,211,195,16,0.9241706161137441,1148,1083,0.9433797909407665,184,170,0.9239130434782609,"{'discovery': {'support': 144, 'target_support': 134, 'target_probability': 0.9305555555555556}, 'validation': {'support': 40, 'target_support': 36, 'target_probability': 0.9}}",164,47,rp_dce2dc381cac8f63a235a036;rp_f18c6ab9c31ceafbf52d1252;rp_164f3815466ac971039bd3c5,dp 300 | m15c-gg | ftc-21,"[{'product_type': 'ремень', 'normalized_product_type': 'ремень', 'singleton_pair_support': 4, 'singleton_target_support': 4, 'singleton_target_probability': 1.0, 'split_statistics': {'discovery': {'support': 3, 'target_support': 3, 'target_probability': 1.0}, 'validation': {'support': 1, 'target_support': 1, 'target_probability': 1.0}}, 'source_pair_ids': ['rp_c461adad77a28bf7dd08b204', 'rp_e5dd2a761b726ebbc56149cb', 'rp_b96366b3cbadbc2719bee447', 'rp_b2c507a4c85e3c5e2df06b2f'], 'source_examples': [{'source_pair_id': 'rp_c461adad77a28bf7dd08b204', 'product_type': 'ремень', 'title_a': 'pad lock ремень для гитары, черный, planet waves 50f05-rl', 'title_b': 'ремень для гитары planet 50prw 02 без наплечника', 'target_value_a': '50f05-rl', 'target_value_b': '50prw 02'}, {'source_pair_id': 'rp_e5dd2a761b726ebbc56149cb', 'product_type': 'ремень', 'title_a': ""perri's ремень для гитары perris nwspl-7161"", 'title_b': ""perri's nwspl-7162 ремень для гитары"", 'target_value_a': 'nwspl-7161', 'target_value_b': 'nwspl-7162'}, {'source_pair_id': 'rp_b96366b3cbadbc2719bee447', 'product_type': 'ремень', 'title_a': 'ремень для гитары planet waves 50c 02', 'title_b': 'ремень для гитары planet 50e02', 'target_value_a': '50c 02', 'target_value_b': '50e02'}, {'source_pair_id': 'rp_b2c507a4c85e3c5e2df06b2f', 'product_type': 'ремень', 'title_a': 'fl9026cs cotton strong ремень для гитары, хлопок, орнамент, fidel', 'title_b': 'fl9023cs cotton strong ремень для гитары, хлопок, орнамент, fidel', 'target_value_a': 'fl9026cs', 'target_value_b': 'fl9023cs'}]}]",['ремень'],['Бренд'],"[{'source_pair_id': 'rp_c461adad77a28bf7dd08b204', 'product_type': 'ремень', 'title_a': 'pad lock ремень для гитары, черный, planet waves 50f05-rl', 'title_b': 'ремень для гитары planet 50prw 02 без наплечника', 'target_value_a': '50f05-rl', 'target_value_b': '50prw 02'}, {'source_pair_id': 'rp_e5dd2a761b726ebbc56149cb', 'product_type': 'ремень', 'title_a': ""perri's ремень для гитары perris nwspl-7161"", 'title_b': ""perri's nwspl-7162 ремень для гитары"", 'target_value_a': 'nwspl-7161', 'target_value_b': 'nwspl-7162'}, {'source_pair_id': 'rp_b96366b3cbadbc2719bee447', 'product_type': 'ремень', 'title_a': 'ремень для гитары planet waves 50c 02', 'title_b': 'ремень для гитары planet 50e02', 'target_value_a': '50c 02', 'target_value_b': '50e02'}, {'source_pair_id': 'rp_b2c507a4c85e3c5e2df06b2f', 'product_type': 'ремень', 'title_a': 'fl9026cs cotton strong ремень для гитары, хлопок, орнамент, fidel', 'title_b': 'fl9023cs cotton strong ремень для гитары, хлопок, орнамент, fidel', 'target_value_a': 'fl9026cs', 'target_value_b': 'fl9023cs'}]","{'source_singleton_pairs': 184, 'source_pairs_with_explicit_type': 63, 'observed_exact_product_types': 29, 'supported_product_type_profiles': 1}",False,identity_value,[],,^(?:модель\s*)?(?:№|#|no)?\s*\d[\d ._/-]*$,4,4,1.0,3,3,1.0,1,1,1.0,[],,profile_capacity_policy_v1,829f9c458f1a2a72f16b766dfaf3abbdbad9a1874d71feb4457eab7da52b3fee
gen_stat_ec33196f6938ec07,stat_9e5cd37ba3356156,STAT_LABEL0_MIN2_P80_SCOPED,0,model,different_value,statistical_atomic_difference,Модель,"Создай товар, где характеристику «Модель» можно изменить независимо. Не добавляй другие атрибуты, которые логически фиксируют её значение или станут противоречивыми после замены. Используй вымышленные нейтральные модели и не копируй известный бренд+модель. Модель должна содержать буквы и не может быть полностью числовым каталожным номером.",['Музыкальные инструменты'],"Replace exactly this explicit attribute with a different, realistic value for the same concrete product subtype.","Change only this attribute; preserve product subtype and all unrelated facts, and update every title mention consistently.",singleton_all_occurrence_and_product_type_threshold,Музыкальные инструменты,override,14,8,"[{'attribute_key': 'модель', 'support': 14}, {'attribute_key': 'бренд', 'support': 1}, {'attribute_key': 'маркировка', 'support': 1}]",1347,1275,72,0.9465478841870824,211,195,16,0.9241706161137441,1148,1083,0.9433797909407665,184,170,0.9239130434782609,"{'discovery': {'support': 144, 'target_support': 134, 'target_probability': 0.9305555555555556}, 'validation': {'support': 40, 'target_support': 36, 'target_probability': 0.9}}",164,47,rp_dce2dc381cac8f63a235a036;rp_f18c6ab9c31ceafbf52d1252;rp_164f3815466ac971039bd3c5,dp 300 | m15c-gg | ftc-21,"[{'product_type': 'электрогитара', 'normalized_product_type': 'электрогитара', 'singleton_pair_support': 4, 'singleton_target_support': 4, 'singleton_target_probability': 1.0, 'split_statistics': {'discovery': {'support': 4, 'target_support': 4, 'target_probability': 1.0}, 'validation': {'support': 0, 'target_support': 0, 'target_probability': 0.0}}, 'source_pair_ids': ['rp_840c0f22d0d124c19134899a', 'rp_b19c2b43d2abd3cc415b2344', 'rp_10cb4c54a7ce8aa88c5a209b', 'rp_ffb5a8a17537135ce1bb72ff'], 'source_examples': [{'source_pair_id': 'rp_840c0f22d0d124c19134899a', 'product_type': 'электрогитара', 'title_a': 'solar guitars электрогитара s by solar ab4.6frc', 'title_b': 'электрогитара s by solar ab4 61mc', 'target_value_a': 'ab4.6frc', 'target_value_b': 'ab4 61mc'}, {'source_pair_id': 'rp_b19c2b43d2abd3cc415b2344', 'product_type': 'электрогитара', 'title_a': 'rocket / st-02 wh 39"" электрогитара stratocaster', 'title_b': 'rocket электрогитара st-01 6-струнная,', 'target_value_a': 'st-02', 'target_value_b': 'st-01'}, {'source_pair_id': 'rp_10cb4c54a7ce8aa88c5a209b', 'product_type': 'электрогитара', 'title_a': 'sx ed1-3ts - электрогитара', 'title_b': 'электрогитара sx sem1/3ts', 'target_value_a': 'ed1-3ts', 'target_value_b': 'sem1/3ts'}, {'source_pair_id': 'rp_ffb5a8a17537135ce1bb72ff', 'product_type': 'электрогитара', 'title_a': 'terris tss-239 bk - электрогитара шестиструнная террис', 'title_b': 'terris tss-039 bk - электрогитара шестиструнная', 'target_value_a': 'tss-239 bk', 'target_value_b': 'tss-039 bk'}]}]",['электрогитара'],['Бренд'],"[{'source_pair_id': 'rp_840c0f22d0d124c19134899a', 'product_type': 'электрогитара', 'title_a': 'solar guitars электрогитара s by solar ab4.6frc', 'title_b': 'электрогитара s by solar ab4 61mc', 'target_value_a': 'ab4.6frc', 'target_value_b': 'ab4 61mc'}, {'source_pair_id': 'rp_b19c2b43d2abd3cc415b2344', 'product_type': 'электрогитара', 'title_a': 'rocket / st-02 wh 39"" электрогитара stratocaster', 'title_b': 'rocket электрогитара st-01 6-струнная,', 'target_value_a': 'st-02', 'target_value_b': 'st-01'}, {'source_pair_id': 'rp_10cb4c54a7ce8aa88c5a209b', 'product_type': 'электрогитара', 'title_a': 'sx ed1-3ts - электрогитара', 'title_b': 'электрогитара sx sem1/3ts', 'target_value_a': 'ed1-3ts', 'target_value_b': 'sem1/3ts'}, {'source_pair_id': 'rp_ffb5a8a17537135ce1bb72ff', 'product_type': 'электрогитара', 'title_a': 'terris tss-239 bk - электрогитара шестиструнная террис', 'title_b': 'terris tss-039 bk - электрогитара шестиструнная', 'target_value_a': 'tss-239 bk', 'target_value_b': 'tss-039 bk'}]","{'source_singleton_pairs': 184, 'source_pairs_with_explicit_type': 63, 'observed_exact_product_types': 29, 'supported_product_type_profiles': 1}",False,identity_value,[],,^(?:модель\s*)?(?:№|#|no)?\s*\d[\d ._/-]*$,4,4,1.0,4,4,1.0,0,0,0.0,[],,profile_capacity_policy_v1,829f9c458f1a2a72f16b766dfaf3abbdbad9a1874d71feb4457eab7da52b3fee
gen_stat_f4947e7f9d101051,stat_9e5cd37ba3356156,STAT_LABEL0_CROSS_SPLIT_MIN2_P80_SCOPED,0,model,different_value,statistical_atomic_difference,Модель,"Создай товар, где характеристику «Модель» можно изменить независимо. Не добавляй другие атрибуты, которые логически фиксируют её значение или станут противоречивыми после замены. Используй вымышленные нейтральные модели и не копируй известный бренд+модель. Модель должна содержать буквы и не может быть полностью числовым каталожным номером.",['Музыкальные инструменты'],"Replace exactly this explicit attribute with a different, realistic value for the same concrete product subtype.","Change only this attribute; preserve product subtype and all unrelated facts, and update every title mention consistently.",cross_split_threshold_and_product_type_scope,Музыкальные инструменты,override,14,8,"[{'attribute_key': 'модель', 'support': 14}, {'attribute_key': 'бренд', 'support': 1}, {'attribute_key': 'маркировка', 'support': 1}]",1347,1275,72,0.9465478841870824,211,195,16,0.9241706161137441,1148,1083,0.9433797909407665,184,170,0.9239130434782609,"{'discovery': {'support': 144, 'target_support': 134, 'target_probability': 0.9305555555555556}, 'validation': {'support': 40, 'target_support': 36, 'target_probability': 0.9}}",164,47,rp_dce2dc381cac8f63a235a036;rp_f18c6ab9c31ceafbf52d1252;rp_164f3815466ac971039bd3c5,dp 300 | m15c-gg | ftc-21,"[{'product_type': 'порожек', 'normalized_product_type': 'порожек', 'singleton_pair_support': 3, 'singleton_target_support': 3, 'singleton_target_probability': 1.0, 'split_statistics': {'discovery': {'support': 2, 'target_support': 2, 'target_probability': 1.0}, 'validation': {'support': 1, 'target_support': 1, 'target_probability': 1.0}}, 'source_pair_ids': ['rp_8eedb276c7eb1097122940ae', 'rp_54abd18e41a7c44e313f64c8', 'rp_54817fa29f1f62bc9ad1f7ce'], 'source_examples': [{'source_pair_id': 'rp_8eedb276c7eb1097122940ae', 'product_type': 'порожек', 'title_a': 'верхний порожек для гитары, белый, 10 шт, paxphil nt-039-wh', 'title_b': 'nt-005-wh верхний порожек для гитары, 10 шт, paxphil', 'target_value_a': 'nt-039-wh', 'target_value_b': 'nt-005-wh'}, {'source_pair_id': 'rp_54abd18e41a7c44e313f64c8', 'product_type': 'порожек', 'title_a': 'hosco f-3410, нижний порожек для гитары (71.5 х 2.3 х 11 mm)', 'title_b': 'нижний порожек для акустической гитары, кость, hosco hsb-st1', 'target_value_a': 'f-3410', 'target_value_b': 'hsb-st1'}, {'source_pair_id': 'rp_54817fa29f1f62bc9ad1f7ce', 'product_type': 'порожек', 'title_a': 'pq-6226-00 tusq верхний порожек для акустической/электрогитары, graphtech', 'title_b': 'graph tech tusq верхний порожек для акустической/электрогитары, graphtech pq-6225-00', 'target_value_a': 'pq-6226-00', 'target_value_b': 'pq-6225-00'}]}]",['порожек'],['Бренд'],"[{'source_pair_id': 'rp_8eedb276c7eb1097122940ae', 'product_type': 'порожек', 'title_a': 'верхний порожек для гитары, белый, 10 шт, paxphil nt-039-wh', 'title_b': 'nt-005-wh верхний порожек для гитары, 10 шт, paxphil', 'target_value_a': 'nt-039-wh', 'target_value_b': 'nt-005-wh'}, {'source_pair_id': 'rp_54abd18e41a7c44e313f64c8', 'product_type': 'порожек', 'title_a': 'hosco f-3410, нижний порожек для гитары (71.5 х 2.3 х 11 mm)', 'title_b': 'нижний порожек для акустической гитары, кость, hosco hsb-st1', 'target_value_a': 'f-3410', 'target_value_b': 'hsb-st1'}, {'source_pair_id': 'rp_54817fa29f1f62bc9ad1f7ce', 'product_type': 'порожек', 'title_a': 'pq-6226-00 tusq верхний порожек для акустической/электрогитары, graphtech', 'title_b': 'graph tech tusq верхний порожек для акустической/электрогитары, graphtech pq-6225-00', 'target_value_a': 'pq-6226-00', 'target_value_b': 'pq-6225-00'}]","{'source_singleton_pairs': 184, 'source_pairs_with_explicit_type': 63, 'observed_exact_product_types': 29, 'supported_product_type_profiles': 1}",False,identity_value,[],,^(?:модель\s*)?(?:№|#|no)?\s*\d[\d ._/-]*$,3,3,1.0,2,2,1.0,1,1,1.0,[],,profile_capacity_policy_v1,829f9c458f1a2a72f16b766dfaf3abbdbad9a1874d71feb4457eab7da52b3fee
gen_stat_2b8ca69c6cc83f90,stat_9e5cd37ba3356156,STAT_LABEL0_MIN2_P80_SCOPED,0,model,different_value,statistical_atomic_difference,Модель,"Создай товар, где характеристику «Модель» можно изменить независимо. Не добавляй другие атрибуты, которые логически фиксируют её значение или станут противоречивыми после замены. Используй вымышленные нейтральные модели и не копируй известный бренд+модель. Модель должна содержать буквы и не может быть полностью числовым каталожным номером.",['Музыкальные инструменты'],"Replace exactly this explicit attribute with a different, realistic value for the same concrete product subtype.","Change only this attribute; preserve product subtype and all unrelated facts, and update every title mention consistently.",singleton_all_occurrence_and_product_type_threshold,Музыкальные инструменты,override,14,8,"[{'attribute_key': 'модель', 'support': 14}, {'attribute_key': 'бренд', 'support': 1}, {'attribute_key': 'маркировка', 'support': 1}]",1347,1275,72,0.9465478841870824,211,195,16,0.9241706161137441,1148,1083,0.9433797909407665,184,170,0.9239130434782609,"{'discovery': {'support': 144, 'target_support': 134, 'target_probability': 0.9305555555555556}, 'validation': {'support': 40, 'target_support': 36, 'target_probability': 0.9}}",164,47,rp_dce2dc381cac8f63a235a036;rp_f18c6ab9c31ceafbf52d1252;rp_164f3815466ac971039bd3c5,dp 300 | m15c-gg | ftc-21,"[{'product_type': 'верхний порожек', 'normalized_product_type': 'верхний порожек', 'singleton_pair_support': 2, 'singleton_target_support': 2, 'singleton_target_probability': 1.0, 'split_statistics': {'discovery': {'support': 2, 'target_support': 2, 'target_probability': 1.0}, 'validation': {'support': 0, 'target_support': 0, 'target_probability': 0.0}}, 'source_pair_ids': ['rp_5044b913156c4dbc2bf8c4f3', 'rp_2d9b616347845a2c48dd0531'], 'source_examples': [{'source_pair_id': 'rp_5044b913156c4dbc2bf8c4f3', 'product_type': 'верхний порожек', 'title_a': 'верхний порожек для гитары, 10 шт, paxphil nt-005-wh', 'title_b': 'nt-006-wh верхний порожек для гитары, 10 шт, paxphil', 'target_value_a': 'nt-005-wh', 'target_value_b': 'nt-006-wh'}, {'source_pair_id': 'rp_2d9b616347845a2c48dd0531', 'product_type': 'верхний порожек', 'title_a': 'верхний порожек для гитары, белый, 10 шт, paxphil nt-042-wh', 'title_b': 'nt-006-wh верхний порожек для гитары, 10 шт, paxphil', 'target_value_a': 'nt-042-wh', 'target_value_b': 'nt-006-wh'}]}]",['верхний порожек'],['Бренд'],"[{'source_pair_id': 'rp_5044b913156c4dbc2bf8c4f3', 'product_type': 'верхний порожек', 'title_a': 'верхний порожек для гитары, 10 шт, paxphil nt-005-wh', 'title_b': 'nt-006-wh верхний порожек для гитары, 10 шт, paxphil', 'target_value_a': 'nt-005-wh', 'target_value_b': 'nt-006-wh'}, {'source_pair_id': 'rp_2d9b616347845a2c48dd0531', 'product_type': 'верхний порожек', 'title_a': 'верхний порожек для гитары, белый, 10 шт, paxphil nt-042-wh', 'title_b': 'nt-006-wh верхний порожек для гитары, 10 шт, paxphil', 'target_value_a': 'nt-042-wh', 'target_value_b': 'nt-006-wh'}]","{'source_singleton_pairs': 184, 'source_pairs_with_explicit_type': 63, 'observed_exact_product_types': 29, 'supported_product_type_profiles': 1}",False,identity_value,[],,^(?:модель\s*)?(?:№|#|no)?\s*\d[\d ._/-]*$,2,2,1.0,2,2,1.0,0,0,0.0,[],,profile_capacity_policy_v1,829f9c458f1a2a72f16b766dfaf3abbdbad9a1874d71feb4457eab7da52b3fee
gen_stat_e175d7e7e298cec1,stat_9e5cd37ba3356156,STAT_LABEL0_MIN2_P80_SCOPED,0,model,different_value,statistical_atomic_difference,Модель,"Создай товар, где характеристику «Модель» можно изменить независимо. Не добавляй другие атрибуты, которые логически фиксируют её значение или станут противоречивыми после замены. Используй вымышленные нейтральные модели и не копируй известный бренд+модель. Модель должна содержать буквы и не может быть полностью числовым каталожным номером.",['Музыкальные инструменты'],"Replace exactly this explicit attribute with a different, realistic value for the same concrete product subtype.","Change only this attribute; preserve product subtype and all unrelated facts, and update every title mention consistently.",singleton_all_occurrence_and_product_type_threshold,Музыкальные инструменты,override,14,8,"[{'attribute_key': 'модель', 'support': 14}, {'attribute_key': 'бренд', 'support': 1}, {'attribute_key': 'маркировка', 'support': 1}]",1347,1275,72,0.9465478841870824,211,195,16,0.9241706161137441,1148,1083,0.9433797909407665,184,170,0.9239130434782609,"{'discovery': {'support': 144, 'target_support': 134, 'target_probability': 0.9305555555555556}, 'validation': {'support': 40, 'target_support': 36, 'target_probability': 0.9}}",164,47,rp_dce2dc381cac8f63a235a036;rp_f18c6ab9c31ceafbf52d1252;rp_164f3815466ac971039bd3c5,dp 300 | m15c-gg | ftc-21,"[{'product_type': 'звукосниматель', 'normalized_product_type': 'звукосниматель', 'singleton_pair_support': 2, 'singleton_target_support': 2, 'singleton_target_probability': 1.0, 'split_statistics': {'discovery': {'support': 2, 'target_support': 2, 'target_probability': 1.0}, 'validation': {'support': 0, 'target_support': 0, 'target_probability': 0.0}}, 'source_pair_ids': ['rp_b1fa22429e9a1205ce9194b3', 'rp_5a8fcb84676181cdf5d0adcd'], 'source_examples': [{'source_pair_id': 'rp_b1fa22429e9a1205ce9194b3', 'product_type': 'звукосниматель', 'title_a': 'tesla ah-2/bk/ne neck. звукосниматель, хамбакер активный, чёрный', 'title_b': 'tesla ah-4/bk/ne звукосниматель хамбакер активный, черный', 'target_value_a': 'ah-2/bk/ne', 'target_value_b': 'ah-4/bk/ne'}, {'source_pair_id': 'rp_5a8fcb84676181cdf5d0adcd', 'product_type': 'звукосниматель', 'title_a': 'звукосниматель хамбакер tesla vega-m1-bk-nk', 'title_b': 'tesla vega-m2-bk-br звукосниматель хамбакер', 'target_value_a': 'vega-m1-bk-nk', 'target_value_b': 'vega-m2-bk-br'}]}]",['звукосниматель'],['Бренд'],"[{'source_pair_id': 'rp_b1fa22429e9a1205ce9194b3', 'product_type': 'звукосниматель', 'title_a': 'tesla ah-2/bk/ne neck. звукосниматель, хамбакер активный, чёрный', 'title_b': 'tesla ah-4/bk/ne звукосниматель хамбакер активный, черный', 'target_value_a': 'ah-2/bk/ne', 'target_value_b': 'ah-4/bk/ne'}, {'source_pair_id': 'rp_5a8fcb84676181cdf5d0adcd', 'product_type': 'звукосниматель', 'title_a': 'звукосниматель хамбакер tesla vega-m1-bk-nk', 'title_b': 'tesla vega-m2-bk-br звукосниматель хамбакер', 'target_value_a': 'vega-m1-bk-nk', 'target_value_b': 'vega-m2-bk-br'}]","{'source_singleton_pairs': 184, 'source_pairs_with_explicit_type': 63, 'observed_exact_product_types': 29, 'supported_product_type_profiles': 1}",False,identity_value,[],,^(?:модель\s*)?(?:№|#|no)?\s*\d[\d ._/-]*$,2,2,1.0,2,2,1.0,0,0,0.0,[],,profile_capacity_policy_v1,829f9c458f1a2a72f16b766dfaf3abbdbad9a1874d71feb4457eab7da52b3fee
gen_stat_fb6e5efe009ae277,stat_9e5cd37ba3356156,STAT_LABEL0_MIN2_P80_SCOPED,0,model,different_value,statistical_atomic_difference,Модель,"Создай товар, где характеристику «Модель» можно изменить независимо. Не добавляй другие атрибуты, которые логически фиксируют её значение или станут противоречивыми после замены. Используй вымышленные нейтральные модели и не копируй известный бренд+модель. Модель должна содержать буквы и не может быть полностью числовым каталожным номером.",['Музыкальные инструменты'],"Replace exactly this explicit attribute with a different, realistic value for the same concrete product subtype.","Change only this attribute; preserve product subtype and all unrelated facts, and update every title mention consistently.",singleton_all_occurrence_and_product_type_threshold,Музыкальные инструменты,override,14,8,"[{'attribute_key': 'модель', 'support': 14}, {'attribute_key': 'бренд', 'support': 1}, {'attribute_key': 'маркировка', 'support': 1}]",1347,1275,72,0.9465478841870824,211,195,16,0.9241706161137441,1148,1083,0.9433797909407665,184,170,0.9239130434782609,"{'discovery': {'support': 144, 'target_support': 134, 'target_probability': 0.9305555555555556}, 'validation': {'support': 40, 'target_support': 36, 'target_probability': 0.9}}",164,47,rp_dce2dc381cac8f63a235a036;rp_f18c6ab9c31ceafbf52d1252;rp_164f3815466ac971039bd3c5,dp 300 | m15c-gg | ftc-21,"[{'product_type': 'палочки', 'normalized_product_type': 'палочки', 'singleton_pair_support': 2, 'singleton_target_support': 2, 'singleton_target_probability': 1.0, 'split_statistics': {'discovery': {'support': 2, 'target_support': 2, 'target_probability': 1.0}, 'validation': {'support': 0, 'target_support': 0, 'target_probability': 0.0}}, 'source_pair_ids': ['rp_806d11758d077c00759a098d', 'rp_b275c21321fc50f54fbe52e5'], 'source_examples': [{'source_pair_id': 'rp_806d11758d077c00759a098d', 'product_type': 'палочки', 'title_a': 'барабанные палочки 5a pro mark fbh565tw select balance', 'title_b': 'барабанные палочки pro-mark classic 5ab', 'target_value_a': 'fbh565tw select balance', 'target_value_b': 'classic 5ab'}, {'source_pair_id': 'rp_b275c21321fc50f54fbe52e5', 'product_type': 'палочки', 'title_a': 'барабанные палочки studio light 3a, деревянный наконечник, leonty sl3aw', 'title_b': 'sl5aw studio light 5a барабанные палочки, деревянный наконечник, leonty', 'target_value_a': '3a', 'target_value_b': '5a'}]}]",['палочки'],['Бренд'],"[{'source_pair_id': 'rp_806d11758d077c00759a098d', 'product_type': 'палочки', 'title_a': 'барабанные палочки 5a pro mark fbh565tw select balance', 'title_b': 'барабанные палочки pro-mark classic 5ab', 'target_value_a': 'fbh565tw select balance', 'target_value_b': 'classic 5ab'}, {'source_pair_id': 'rp_b275c21321fc50f54fbe52e5', 'product_type': 'палочки', 'title_a': 'барабанные палочки studio light 3a, деревянный наконечник, leonty sl3aw', 'title_b': 'sl5aw studio light 5a барабанные палочки, деревянный наконечник, leonty', 'target_value_a': '3a', 'target_value_b': '5a'}]","{'source_singleton_pairs': 184, 'source_pairs_with_explicit_type': 63, 'observed_exact_product_types': 29, 'supported_product_type_profiles': 1}",False,identity_value,[],,^(?:модель\s*)?(?:№|#|no)?\s*\d[\d ._/-]*$,2,2,1.0,2,2,1.0,0,0,0.0,[],,profile_capacity_policy_v1,829f9c458f1a2a72f16b766dfaf3abbdbad9a1874d71feb4457eab7da52b3fee
gen_stat_8224734c9acb4b65,stat_9e5cd37ba3356156,STAT_LABEL0_MIN2_P80_SCOPED,0,model,different_value,statistical_atomic_difference,Модель,"Создай товар, где характеристику «Модель» можно изменить независимо. Не добавляй другие атрибуты, которые логически фиксируют её значение или станут противоречивыми после замены. Используй вымышленные нейтральные модели и не копируй известный бренд+модель. Модель должна содержать буквы и не может быть полностью числовым каталожным номером.",['Музыкальные инструменты'],"Replace exactly this explicit attribute with a different, realistic value for the same concrete product subtype.","Change only this attribute; preserve product subtype and all unrelated facts, and update every title mention consistently.",singleton_all_occurrence_and_product_type_threshold,Музыкальные инструменты,override,14,8,"[{'attribute_key': 'модель', 'support': 14}, {'attribute_key': 'бренд', 'support': 1}, {'attribute_key': 'маркировка', 'support': 1}]",1347,1275,72,0.9465478841870824,211,195,16,0.9241706161137441,1148,1083,0.9433797909407665,184,170,0.9239130434782609,"{'discovery': {'support': 144, 'target_support': 134, 'target_probability': 0.9305555555555556}, 'validation': {'support': 40, 'target_support': 36, 'target_probability': 0.9}}",164,47,rp_dce2dc381cac8f63a235a036;rp_f18c6ab9c31ceafbf52d1252;rp_164f3815466ac971039bd3c5,dp 300 | m15c-gg | ftc-21,"[{'product_type': 'пластик', 'normalized_product_type': 'пластик', 'singleton_pair_support': 2, 'singleton_target_support': 2, 'singleton_target_probability': 1.0, 'split_statistics': {'discovery': {'support': 2, 'target_support': 2, 'target_probability': 1.0}, 'validation': {'support': 0, 'target_support': 0, 'target_probability': 0.0}}, 'source_pair_ids': ['rp_bf789cc63e19d4b29ce7688c', 'rp_e7b9d68f7c0daf283e09ca6b'], 'source_examples': [{'source_pair_id': 'rp_bf789cc63e19d4b29ce7688c', 'product_type': 'пластик', 'title_a': 'пластик для барабана williams wcu2-10mil-22', 'title_b': 'пластик williams wcu2-10mil-20', 'target_value_a': 'wcu2-10mil-22', 'target_value_b': 'wcu2-10mil-20'}, {'source_pair_id': 'rp_e7b9d68f7c0daf283e09ca6b', 'product_type': 'пластик', 'title_a': 'пластик williams w2-7mil-20', 'title_b': 'пластик williams w1sc-7mil-20', 'target_value_a': 'w2-7mil-20', 'target_value_b': 'w1sc-7mil-20'}]}]",['пластик'],['Бренд'],"[{'source_pair_id': 'rp_bf789cc63e19d4b29ce7688c', 'product_type': 'пластик', 'title_a': 'пластик для барабана williams wcu2-10mil-22', 'title_b': 'пластик williams wcu2-10mil-20', 'target_value_a': 'wcu2-10mil-22', 'target_value_b': 'wcu2-10mil-20'}, {'source_pair_id': 'rp_e7b9d68f7c0daf283e09ca6b', 'product_type': 'пластик', 'title_a': 'пластик williams w2-7mil-20', 'title_b': 'пластик williams w1sc-7mil-20', 'target_value_a': 'w2-7mil-20', 'target_value_b': 'w1sc-7mil-20'}]","{'source_singleton_pairs': 184, 'source_pairs_with_explicit_type': 63, 'observed_exact_product_types': 29, 'supported_product_type_profiles': 1}",False,identity_value,[],,^(?:модель\s*)?(?:№|#|no)?\s*\d[\d ._/-]*$,2,2,1.0,2,2,1.0,0,0,0.0,[],,profile_capacity_policy_v1,829f9c458f1a2a72f16b766dfaf3abbdbad9a1874d71feb4457eab7da52b3fee
gen_stat_e82ed04d3b709d38,stat_9e5cd37ba3356156,STAT_LABEL0_MIN2_P80_SCOPED,0,model,different_value,statistical_atomic_difference,Модель,"Создай товар, где характеристику «Модель» можно изменить независимо. Не добавляй другие атрибуты, которые логически фиксируют её значение или станут противоречивыми после замены. Используй вымышленные нейтральные модели и не копируй известный бренд+модель. Модель должна содержать буквы и не может быть полностью числовым каталожным номером.",['Музыкальные инструменты'],"Replace exactly this explicit attribute with a different, realistic value for the same concrete product subtype.","Change only this attribute; preserve product subtype and all unrelated facts, and update every title mention consistently.",singleton_all_occurrence_and_product_type_threshold,Музыкальные инструменты,override,14,8,"[{'attribute_key': 'модель', 'support': 14}, {'attribute_key': 'бренд', 'support': 1}, {'attribute_key': 'маркировка', 'support': 1}]",1347,1275,72,0.9465478841870824,211,195,16,0.9241706161137441,1148,1083,0.9433797909407665,184,170,0.9239130434782609,"{'discovery': {'support': 144, 'target_support': 134, 'target_probability': 0.9305555555555556}, 'validation': {'support': 40, 'target_support': 36, 'target_probability': 0.9}}",164,47,rp_dce2dc381cac8f63a235a036;rp_f18c6ab9c31ceafbf52d1252;rp_164f3815466ac971039bd3c5,dp 300 | m15c-gg | ftc-21,"[{'product_type': 'стойка', 'normalized_product_type': 'стойка', 'singleton_pair_support': 2, 'singleton_target_support': 2, 'singleton_target_probability': 1.0, 'split_statistics': {'discovery': {'support': 2, 'target_support': 2, 'target_probability': 1.0}, 'validation': {'support': 0, 'target_support': 0, 'target_probability': 0.0}}, 'source_pair_ids': ['rp_3d67acbdf81e1ee1b680cacb', 'rp_dc766b9fd72a0bf530df6c27'], 'source_examples': [{'source_pair_id': 'rp_3d67acbdf81e1ee1b680cacb', 'product_type': 'стойка', 'title_a': 'hercules gs412b plus стойка для гитары с автозахватом', 'title_b': 'hercules gs414b plus стойка для гитары с автозахватом', 'target_value_a': 'gs412b plus', 'target_value_b': 'gs414b plus'}, {'source_pair_id': 'rp_dc766b9fd72a0bf530df6c27', 'product_type': 'стойка', 'title_a': 'световая стойка, высота 1620-3250 мм, диаметр штанги 38 мм tempo lst80', 'title_b': 'tempo lst100bk стойка для световых приборов', 'target_value_a': 'lst80', 'target_value_b': 'lst100bk'}]}]",['стойка'],['Бренд'],"[{'source_pair_id': 'rp_3d67acbdf81e1ee1b680cacb', 'product_type': 'стойка', 'title_a': 'hercules gs412b plus стойка для гитары с автозахватом', 'title_b': 'hercules gs414b plus стойка для гитары с автозахватом', 'target_value_a': 'gs412b plus', 'target_value_b': 'gs414b plus'}, {'source_pair_id': 'rp_dc766b9fd72a0bf530df6c27', 'product_type': 'стойка', 'title_a': 'световая стойка, высота 1620-3250 мм, диаметр штанги 38 мм tempo lst80', 'title_b': 'tempo lst100bk стойка для световых приборов', 'target_value_a': 'lst80', 'target_value_b': 'lst100bk'}]","{'source_singleton_pairs': 184, 'source_pairs_with_explicit_type': 63, 'observed_exact_product_types': 29, 'supported_product_type_profiles': 1}",False,identity_value,[],,^(?:модель\s*)?(?:№|#|no)?\s*\d[\d ._/-]*$,2,2,1.0,2,2,1.0,0,0,0.0,[],,profile_capacity_policy_v1,829f9c458f1a2a72f16b766dfaf3abbdbad9a1874d71feb4457eab7da52b3fee
gen_stat_609933830ff5d630,stat_9e5cd37ba3356156,STAT_LABEL0_MIN2_P80_SCOPED,0,model,different_value,statistical_atomic_difference,Модель,"Создай товар, где характеристику «Модель» можно изменить независимо. Не добавляй другие атрибуты, которые логически фиксируют её значение или станут противоречивыми после замены. Используй вымышленные нейтральные модели и не копируй известный бренд+модель. Модель должна содержать буквы и не может быть полностью числовым каталожным номером.",['Музыкальные инструменты'],"Replace exactly this explicit attribute with a different, realistic value for the same concrete product subtype.","Change only this attribute; preserve product subtype and all unrelated facts, and update every title mention consistently.",singleton_all_occurrence_and_product_type_threshold,Музыкальные инструменты,override,14,8,"[{'attribute_key': 'модель', 'support': 14}, {'attribute_key': 'бренд', 'support': 1}, {'attribute_key': 'маркировка', 'support': 1}]",1347,1275,72,0.9465478841870824,211,195,16,0.9241706161137441,1148,1083,0.9433797909407665,184,170,0.9239130434782609,"{'discovery': {'support': 144, 'target_support': 134, 'target_probability': 0.9305555555555556}, 'validation': {'support': 40, 'target_support': 36, 'target_probability': 0.9}}",164,47,rp_dce2dc381cac8f63a235a036;rp_f18c6ab9c31ceafbf52d1252;rp_164f3815466ac971039bd3c5,dp 300 | m15c-gg | ftc-21,"[{'product_type': 'электроакустическая гитара', 'normalized_product_type': 'электроакустическая гитара', 'singleton_pair_support': 2, 'singleton_target_support': 2, 'singleton_target_probability': 1.0, 'split_statistics': {'discovery': {'support': 2, 'target_support': 2, 'target_probability': 1.0}, 'validation': {'support': 0, 'target_support': 0, 'target_probability': 0.0}}, 'source_pair_ids': ['rp_41bb62be52871faabe137c36', 'rp_dab8146a3989867542b3c885'], 'source_examples': [{'source_pair_id': 'rp_41bb62be52871faabe137c36', 'product_type': 'электроакустическая гитара', 'title_a': 'электроакустическая гитара sigma jm-sge', 'title_b': 'электроакустическая гитара sigma gjm-sge', 'target_value_a': 'jm-sge', 'target_value_b': 'gjm-sge'}, {'source_pair_id': 'rp_dab8146a3989867542b3c885', 'product_type': 'электроакустическая гитара', 'title_a': 'электро-акустическая гитара parkwood s27-gt с чехлом', 'title_b': 'parkwood s66 электроакустическая гитара', 'target_value_a': 's27-gt', 'target_value_b': 's66'}]}]",['электроакустическая гитара'],['Бренд'],"[{'source_pair_id': 'rp_41bb62be52871faabe137c36', 'product_type': 'электроакустическая гитара', 'title_a': 'электроакустическая гитара sigma jm-sge', 'title_b': 'электроакустическая гитара sigma gjm-sge', 'target_value_a': 'jm-sge', 'target_value_b': 'gjm-sge'}, {'source_pair_id': 'rp_dab8146a3989867542b3c885', 'product_type': 'электроакустическая гитара', 'title_a': 'электро-акустическая гитара parkwood s27-gt с чехлом', 'title_b': 'parkwood s66 электроакустическая гитара', 'target_value_a': 's27-gt', 'target_value_b': 's66'}]","{'source_singleton_pairs': 184, 'source_pairs_with_explicit_type': 63, 'observed_exact_product_types': 29, 'supported_product_type_profiles': 1}",False,identity_value,[],,^(?:модель\s*)?(?:№|#|no)?\s*\d[\d ._/-]*$,2,2,1.0,2,2,1.0,0,0,0.0,[],,profile_capacity_policy_v1,829f9c458f1a2a72f16b766dfaf3abbdbad9a1874d71feb4457eab7da52b3fee
gen_stat_aa22c877f05f270e,stat_55d6a647b28985e0,STAT_LABEL0_CROSS_SPLIT_MIN2_P80_SCOPED,0,size,different_value,statistical_atomic_difference,Размер,"Создай товар, где характеристику «Размер» можно изменить независимо. Не добавляй другие атрибуты, которые логически фиксируют её значение или станут противоречивыми после замены.",['Музыкальные инструменты'],"Replace exactly this explicit attribute with a different, realistic value for the same concrete product subtype.","Change only this attribute; preserve product subtype and all unrelated facts, and update every title mention consistently.",cross_split_threshold_and_product_type_scope,Музыкальные инструменты,override,5,0,"[{'attribute_key': 'размер', 'support': 5}, {'attribute_key': 'размер инструмента', 'support': 2}, {'attribute_key': 'размер скрипки', 'support': 1}]",118,107,11,0.9067796610169492,15,14,1,0.9333333333333333,116,105,0.9051724137931034,15,14,0.9333333333333333,"{'discovery': {'support': 12, 'target_support': 11, 'target_probability': 0.9166666666666666}, 'validation': {'support': 3, 'target_support': 3, 'target_probability': 1.0}}",12,3,rp_4da34b0d2aaac515dbe60fda;rp_f9dd520080f68965cd94e52c;rp_6f0db1058b0d870178c541ac,1/4 | 1/4 | 4/4,"[{'product_type': 'смычок', 'normalized_product_type': 'смычок', 'singleton_pair_support': 3, 'singleton_target_support': 3, 'singleton_target_probability': 1.0, 'split_statistics': {'discovery': {'support': 2, 'target_support': 2, 'target_probability': 1.0}, 'validation': {'support': 1, 'target_support': 1, 'target_probability': 1.0}}, 'source_pair_ids': ['rp_0ae39b910232980e3a3eb394', 'rp_09a67d4dbdaff978d70a8a81', 'rp_dc8de6f1e70967f5ef2fcbbd'], 'source_examples': [{'source_pair_id': 'rp_0ae39b910232980e3a3eb394', 'product_type': 'смычок', 'title_a': 'смычок для скрипки music life 4/4', 'title_b': 'не определен смычок для скрипки music life 1/4', 'target_value_a': '4/4', 'target_value_b': '1/4'}, {'source_pair_id': 'rp_09a67d4dbdaff978d70a8a81', 'product_type': 'смычок', 'title_a': 'смычок для скрипки music life 1/8 high quality, 52 см', 'title_b': 'смычок для скрипки music life 1/4', 'target_value_a': '1/8', 'target_value_b': '1/4'}, {'source_pair_id': 'rp_dc8de6f1e70967f5ef2fcbbd', 'product_type': 'смычок', 'title_a': 'hmi vb-7 4/4 - смычок для скрипки 4/4', 'title_b': 'hmi vb-7 смычок для скрипки 1/4', 'target_value_a': '4/4', 'target_value_b': '1/4'}]}]",['смычок'],['Бренд'],"[{'source_pair_id': 'rp_0ae39b910232980e3a3eb394', 'product_type': 'смычок', 'title_a': 'смычок для скрипки music life 4/4', 'title_b': 'не определен смычок для скрипки music life 1/4', 'target_value_a': '4/4', 'target_value_b': '1/4'}, {'source_pair_id': 'rp_09a67d4dbdaff978d70a8a81', 'product_type': 'смычок', 'title_a': 'смычок для скрипки music life 1/8 high quality, 52 см', 'title_b': 'смычок для скрипки music life 1/4', 'target_value_a': '1/8', 'target_value_b': '1/4'}, {'source_pair_id': 'rp_dc8de6f1e70967f5ef2fcbbd', 'product_type': 'смычок', 'title_a': 'hmi vb-7 4/4 - смычок для скрипки 4/4', 'title_b': 'hmi vb-7 смычок для скрипки 1/4', 'target_value_a': '4/4', 'target_value_b': '1/4'}]","{'source_singleton_pairs': 15, 'source_pairs_with_explicit_type': 4, 'observed_exact_product_types': 2, 'supported_product_type_profiles': 1}",False,independent_value,['(?:вес|масса|weight|net\\s*weight)'],"(?:(?=.*\d)[a-zа-яё0-9+.,/×x*\""' -]{1,60}|xxs|xs|s|m|l|xl|xxl|xxxl)",,3,3,1.0,2,2,1.0,1,1,1.0,"['1/32', '1/16', '1/10', '1/8', '1/4', '1/2', '3/4', '4/4']",28.0,profile_capacity_policy_v1,829f9c458f1a2a72f16b766dfaf3abbdbad9a1874d71feb4457eab7da52b3fee
gen_stat_575f3a5a41bcaccd,stat_dafd66bcb6413ec4,STAT_LABEL0_MIN2_P80_SCOPED,0,brand,different_value,statistical_atomic_difference,Бренд,"Создай товар, где характеристику «Бренд» можно изменить независимо. Не добавляй другие атрибуты, которые логически фиксируют её значение или станут противоречивыми после замены. Не добавляй модель, серию или линейку, зависящую от целевого значения.",['Обувь'],"Replace exactly this explicit attribute with a different, realistic value for the same concrete product subtype.","Change only this attribute; preserve product subtype and all unrelated facts, and update every title mention consistently.",singleton_all_occurrence_and_product_type_threshold,Обувь,override,6,0,"[{'attribute_key': 'бренд в одежде и обуви', 'support': 6}]",796,777,19,0.9761306532663316,7,6,1,0.8571428571428571,796,777,0.9761306532663316,7,6,0.8571428571428571,"{'discovery': {'support': 6, 'target_support': 5, 'target_probability': 0.8333333333333334}, 'validation': {'support': 1, 'target_support': 1, 'target_probability': 1.0}}",6,1,rp_eddf750bc52a856ba02c55c0;rp_da205c5d5531761f7811a4ea;rp_558904290a2057d38ea271d5,o`shade | тофа | timejump,"[{'product_type': 'ботинки', 'normalized_product_type': 'ботинки', 'singleton_pair_support': 2, 'singleton_target_support': 2, 'singleton_target_probability': 1.0, 'split_statistics': {'discovery': {'support': 2, 'target_support': 2, 'target_probability': 1.0}, 'validation': {'support': 0, 'target_support': 0, 'target_probability': 0.0}}, 'source_pair_ids': ['rp_130681c2bb5ede498b7f764e', 'rp_04bba4ca20fd099405b9fd9e'], 'source_examples': [{'source_pair_id': 'rp_130681c2bb5ede498b7f764e', 'product_type': 'ботинки', 'title_a': 'respect ботинки respect, размер 37, черный', 'title_b': 'ботинки mysabel', 'target_value_a': 'respect', 'target_value_b': 'mysabel'}, {'source_pair_id': 'rp_04bba4ca20fd099405b9fd9e', 'product_type': 'ботинки', 'title_a': 'ботинки rooman', 'title_b': 'bossner ботинки bossner, размер 44, черный', 'target_value_a': 'rooman', 'target_value_b': 'bossner'}]}]",['ботинки'],['Назначение'],"[{'source_pair_id': 'rp_130681c2bb5ede498b7f764e', 'product_type': 'ботинки', 'title_a': 'respect ботинки respect, размер 37, черный', 'title_b': 'ботинки mysabel', 'target_value_a': 'respect', 'target_value_b': 'mysabel'}, {'source_pair_id': 'rp_04bba4ca20fd099405b9fd9e', 'product_type': 'ботинки', 'title_a': 'ботинки rooman', 'title_b': 'bossner ботинки bossner, размер 44, черный', 'target_value_a': 'rooman', 'target_value_b': 'bossner'}]","{'source_singleton_pairs': 7, 'source_pairs_with_explicit_type': 3, 'observed_exact_product_types': 2, 'supported_product_type_profiles': 1}",False,identity_value,['(?<!\\w)(?:модель|model|серия|series|линейка|line|коллекци\\w*|collection|производител\\w*|manufacturer)(?!\\w)'],,,2,2,1.0,2,2,1.0,0,0,0.0,[],,profile_capacity_policy_v1,829f9c458f1a2a72f16b766dfaf3abbdbad9a1874d71feb4457eab7da52b3fee
gen_stat_30e550d025d2c124,stat_d210f800d6be6d76,STAT_LABEL0_MIN2_P80_SCOPED,0,color,different_value,statistical_atomic_difference,Цвет товара,"Создай товар, где характеристику «Цвет товара» можно изменить независимо. Не добавляй другие атрибуты, которые логически фиксируют её значение или станут противоречивыми после замены.",['Обувь'],"Replace exactly this explicit attribute with a different, realistic value for the same concrete product subtype.","Change only this attribute; preserve product subtype and all unrelated facts, and update every title mention consistently.",singleton_all_occurrence_and_product_type_threshold,Обувь,override,17,0,"[{'attribute_key': 'цвет товара', 'support': 17}, {'attribute_key': 'цвет', 'support': 7}]",1633,1519,114,0.9301898346601347,14,13,1,0.9285714285714286,1633,1519,0.9301898346601347,14,13,0.9285714285714286,"{'discovery': {'support': 13, 'target_support': 12, 'target_probability': 0.9230769230769231}, 'validation': {'support': 1, 'target_support': 1, 'target_probability': 1.0}}",13,1,rp_fb80377aafad3bd9d3520fc1;rp_83e20d1208127726abd52a85;rp_da205c5d5531761f7811a4ea,темно-серый | кремовый | черный,"[{'product_type': 'шлепанцы', 'normalized_product_type': 'шлепанцы', 'singleton_pair_support': 2, 'singleton_target_support': 2, 'singleton_target_probability': 1.0, 'split_statistics': {'discovery': {'support': 2, 'target_support': 2, 'target_probability': 1.0}, 'validation': {'support': 0, 'target_support': 0, 'target_probability': 0.0}}, 'source_pair_ids': ['rp_1d45afeba0f075cb184c4b3b', 'rp_4631dea10f46ffb897238839'], 'source_examples': [{'source_pair_id': 'rp_1d45afeba0f075cb184c4b3b', 'product_type': 'шлепанцы', 'title_a': 'шлепанцы les tropeziennes', 'title_b': 'les tropeziennes шлепанцы les tropeziennes, размер 41, черный', 'target_value_a': 'темно-синий', 'target_value_b': 'черный'}, {'source_pair_id': 'rp_4631dea10f46ffb897238839', 'product_type': 'шлепанцы', 'title_a': 'шлепанцы tendance', 'title_b': 'tendance шлепанцы tendance, размер 41', 'target_value_a': 'темно-синий', 'target_value_b': 'бежево-коричневый'}]}]",['шлепанцы'],['Бренд'],"[{'source_pair_id': 'rp_1d45afeba0f075cb184c4b3b', 'product_type': 'шлепанцы', 'title_a': 'шлепанцы les tropeziennes', 'title_b': 'les tropeziennes шлепанцы les tropeziennes, размер 41, черный', 'target_value_a': 'темно-синий', 'target_value_b': 'черный'}, {'source_pair_id': 'rp_4631dea10f46ffb897238839', 'product_type': 'шлепанцы', 'title_a': 'шлепанцы tendance', 'title_b': 'tendance шлепанцы tendance, размер 41', 'target_value_a': 'темно-синий', 'target_value_b': 'бежево-коричневый'}]","{'source_singleton_pairs': 14, 'source_pairs_with_explicit_type': 5, 'observed_exact_product_types': 4, 'supported_product_type_profiles': 1}",False,independent_value,[],,,2,2,1.0,2,2,1.0,0,0,0.0,[],,profile_capacity_policy_v1,829f9c458f1a2a72f16b766dfaf3abbdbad9a1874d71feb4457eab7da52b3fee
gen_stat_a2b34ae11a7dee8a,stat_258445e6b449238f,STAT_LABEL0_CROSS_SPLIT_MIN2_P80_SCOPED,0,flavor,different_value,statistical_atomic_difference,Вкус,"Создай товар, где характеристику «Вкус» можно изменить независимо. Не добавляй другие атрибуты, которые логически фиксируют её значение или станут противоречивыми после замены. В частности, не указывай состав, сырьё, конструкцию или назначение, которые верны только для исходного значения.",['Продукты питания'],"Replace exactly this explicit attribute with a different, realistic value for the same concrete product subtype.","Change only this attribute; preserve product subtype and all unrelated facts, and update every title mention consistently.",cross_split_threshold_and_product_type_scope,Продукты питания,override,6,0,"[{'attribute_key': 'вкус', 'support': 6}, {'attribute_key': 'название вкуса', 'support': 2}, {'attribute_key': 'вкус сиропа', 'support': 1}, {'attribute_key': 'вкус (соки, нектары и морсы)', 'support': 1}]",312,291,21,0.9326923076923077,19,17,2,0.8947368421052632,312,291,0.9326923076923077,19,17,0.8947368421052632,"{'discovery': {'support': 15, 'target_support': 13, 'target_probability': 0.8666666666666667}, 'validation': {'support': 4, 'target_support': 4, 'target_probability': 1.0}}",15,4,rp_ddd768d2e238343df4557dcd;rp_ae90af2ba531aaa90b6da8f6;rp_c99469610b48bb68ca48ffe3,сырный | вишня | рамунэ,"[{'product_type': 'сироп', 'normalized_product_type': 'сироп', 'singleton_pair_support': 4, 'singleton_target_support': 4, 'singleton_target_probability': 1.0, 'split_statistics': {'discovery': {'support': 3, 'target_support': 3, 'target_probability': 1.0}, 'validation': {'support': 1, 'target_support': 1, 'target_probability': 1.0}}, 'source_pair_ids': ['rp_c58bd6bac5f2eaa812052e7c', 'rp_8370139627a6fe37667cf1f7', 'rp_8e4d74faec775cf455fb9a60', 'rp_f36036863b33a14adcc33c6b'], 'source_examples': [{'source_pair_id': 'rp_c58bd6bac5f2eaa812052e7c', 'product_type': 'сироп', 'title_a': 'cane. / сироп cane ""банан"", 1 л', 'title_b': 'сироп royal cane ""лесной орех"", 1 л.', 'target_value_a': 'банан', 'target_value_b': 'лесной орех'}, {'source_pair_id': 'rp_8370139627a6fe37667cf1f7', 'product_type': 'сироп', 'title_a': 'сироп proffsyrup пина колада, 1 л', 'title_b': 'сироп proffsyrup кола, 1 л', 'target_value_a': 'пина колада', 'target_value_b': 'кола'}, {'source_pair_id': 'rp_8e4d74faec775cf455fb9a60', 'product_type': 'сироп', 'title_a': 'mr.djemius zero / низкокалорийный сироп банан без сахара', 'title_b': 'mr. djemius zero сироп манго, 330 мл.', 'target_value_a': 'банан', 'target_value_b': 'манго'}, {'source_pair_id': 'rp_f36036863b33a14adcc33c6b', 'product_type': 'сироп', 'title_a': 'сироп манго monin 1 литр', 'title_b': 'monin / сироп monin макадамия 1 л', 'target_value_a': 'манго', 'target_value_b': 'макадамия'}]}]",['сироп'],['Бренд'],"[{'source_pair_id': 'rp_c58bd6bac5f2eaa812052e7c', 'product_type': 'сироп', 'title_a': 'cane. / сироп cane ""банан"", 1 л', 'title_b': 'сироп royal cane ""лесной орех"", 1 л.', 'target_value_a': 'банан', 'target_value_b': 'лесной орех'}, {'source_pair_id': 'rp_8370139627a6fe37667cf1f7', 'product_type': 'сироп', 'title_a': 'сироп proffsyrup пина колада, 1 л', 'title_b': 'сироп proffsyrup кола, 1 л', 'target_value_a': 'пина колада', 'target_value_b': 'кола'}, {'source_pair_id': 'rp_8e4d74faec775cf455fb9a60', 'product_type': 'сироп', 'title_a': 'mr.djemius zero / низкокалорийный сироп банан без сахара', 'title_b': 'mr. djemius zero сироп манго, 330 мл.', 'target_value_a': 'банан', 'target_value_b': 'манго'}, {'source_pair_id': 'rp_f36036863b33a14adcc33c6b', 'product_type': 'сироп', 'title_a': 'сироп манго monin 1 литр', 'title_b': 'monin / сироп monin макадамия 1 л', 'target_value_a': 'манго', 'target_value_b': 'макадамия'}]","{'source_singleton_pairs': 19, 'source_pairs_with_explicit_type': 13, 'observed_exact_product_types': 9, 'supported_product_type_profiles': 1}",False,independent_value,['(?:состав|ингредиент|сырье|красител|composition|ingredient)'],,,4,4,1.0,3,3,1.0,1,1,1.0,[],,profile_capacity_policy_v1,829f9c458f1a2a72f16b766dfaf3abbdbad9a1874d71feb4457eab7da52b3fee
gen_stat_9735ca627b05e1aa,stat_258445e6b449238f,STAT_LABEL0_MIN2_P80_SCOPED,0,flavor,different_value,statistical_atomic_difference,Вкус,"Создай товар, где характеристику «Вкус» можно изменить независимо. Не добавляй другие атрибуты, которые логически фиксируют её значение или станут противоречивыми после замены. В частности, не указывай состав, сырьё, конструкцию или назначение, которые верны только для исходного значения.",['Продукты питания'],"Replace exactly this explicit attribute with a different, realistic value for the same concrete product subtype.","Change only this attribute; preserve product subtype and all unrelated facts, and update every title mention consistently.",singleton_all_occurrence_and_product_type_threshold,Продукты питания,override,6,0,"[{'attribute_key': 'вкус', 'support': 6}, {'attribute_key': 'название вкуса', 'support': 2}, {'attribute_key': 'вкус сиропа', 'support': 1}, {'attribute_key': 'вкус (соки, нектары и морсы)', 'support': 1}]",312,291,21,0.9326923076923077,19,17,2,0.8947368421052632,312,291,0.9326923076923077,19,17,0.8947368421052632,"{'discovery': {'support': 15, 'target_support': 13, 'target_probability': 0.8666666666666667}, 'validation': {'support': 4, 'target_support': 4, 'target_probability': 1.0}}",15,4,rp_ddd768d2e238343df4557dcd;rp_ae90af2ba531aaa90b6da8f6;rp_c99469610b48bb68ca48ffe3,сырный | вишня | рамунэ,"[{'product_type': 'конфеты', 'normalized_product_type': 'конфеты', 'singleton_pair_support': 2, 'singleton_target_support': 2, 'singleton_target_probability': 1.0, 'split_statistics': {'discovery': {'support': 2, 'target_support': 2, 'target_probability': 1.0}, 'validation': {'support': 0, 'target_support': 0, 'target_probability': 0.0}}, 'source_pair_ids': ['rp_8114aab186dbaba3c2eb6b02', 'rp_7cd138fe01c6a3d0fb51dc26'], 'source_examples': [{'source_pair_id': 'rp_8114aab186dbaba3c2eb6b02', 'product_type': 'конфеты', 'title_a': 'конфеты dolce albero трюфели со вкусом апельсина, 175г', 'title_b': 'конфеты dolce albero трюфели со вкусом рома, 175г', 'target_value_a': 'апельсин', 'target_value_b': 'рома'}, {'source_pair_id': 'rp_7cd138fe01c6a3d0fb51dc26', 'product_type': 'конфеты', 'title_a': 'конфеты шоколадные diyes+ трюфельные витаминизированные на фруктозе 200 г', 'title_b': 'конфеты диyes кокосовые на фруктозе 200 г', 'target_value_a': 'трюфельные', 'target_value_b': 'кокосовые'}]}]",['конфеты'],['Бренд'],"[{'source_pair_id': 'rp_8114aab186dbaba3c2eb6b02', 'product_type': 'конфеты', 'title_a': 'конфеты dolce albero трюфели со вкусом апельсина, 175г', 'title_b': 'конфеты dolce albero трюфели со вкусом рома, 175г', 'target_value_a': 'апельсин', 'target_value_b': 'рома'}, {'source_pair_id': 'rp_7cd138fe01c6a3d0fb51dc26', 'product_type': 'конфеты', 'title_a': 'конфеты шоколадные diyes+ трюфельные витаминизированные на фруктозе 200 г', 'title_b': 'конфеты диyes кокосовые на фруктозе 200 г', 'target_value_a': 'трюфельные', 'target_value_b': 'кокосовые'}]","{'source_singleton_pairs': 19, 'source_pairs_with_explicit_type': 13, 'observed_exact_product_types': 9, 'supported_product_type_profiles': 1}",False,independent_value,['(?:состав|ингредиент|сырье|красител|composition|ingredient)'],,,2,2,1.0,2,2,1.0,0,0,0.0,[],,profile_capacity_policy_v1,829f9c458f1a2a72f16b766dfaf3abbdbad9a1874d71feb4457eab7da52b3fee
gen_stat_e079b63e0a72fb45,stat_ec818e938162c651,STAT_LABEL0_MIN2_P80_SCOPED,0,package_quantity,different_value,statistical_atomic_difference,Количество в упаковке,"Создай товар, где характеристику «Количество в упаковке» можно изменить независимо. Не добавляй другие атрибуты, которые логически фиксируют её значение или станут противоречивыми после замены. Записывай значение только как положительное целое число с явной единицей «шт», например «6 шт»; число без единицы недопустимо. Не дублируй количество в комплектации, весе, объёме или других полях. По примерам конкретного типа определи, означает ли оно число одинаковых товаров либо число основных штук, доз или элементов внутри продаваемой упаковки. Не считай аксессуары и рекламные вложения.",['Продукты питания'],"Replace exactly this explicit attribute with a different, realistic value for the same concrete product subtype.","Change only this attribute; preserve product subtype and all unrelated facts, and update every title mention consistently.",singleton_all_occurrence_and_product_type_threshold,Продукты питания,override,37,0,"[{'attribute_key': 'единиц в одном товаре', 'support': 37}, {'attribute_key': 'количество предметов в упаковке', 'support': 7}, {'attribute_key': 'количество в упаковке', 'support': 4}, {'attribute_key': 'количество упаковок', 'support': 4}, {'attribute_key': 'количество штук в упаковке', 'support': 1}]",542,514,28,0.948339483394834,46,44,2,0.9565217391304348,542,514,0.948339483394834,46,44,0.9565217391304348,"{'discovery': {'support': 39, 'target_support': 38, 'target_probability': 0.9743589743589743}, 'validation': {'support': 7, 'target_support': 6, 'target_probability': 0.8571428571428571}}",39,7,rp_ae90af2ba531aaa90b6da8f6;rp_d09700d977a1e8c5bc10ce41;rp_44ab5f93b5eb239bb92856f0,6 | 10 штук | 1,"[{'product_type': 'жевательная резинка', 'normalized_product_type': 'жевательная резинка', 'singleton_pair_support': 2, 'singleton_target_support': 2, 'singleton_target_probability': 1.0, 'split_statistics': {'discovery': {'support': 2, 'target_support': 2, 'target_probability': 1.0}, 'validation': {'support': 0, 'target_support': 0, 'target_probability': 0.0}}, 'source_pair_ids': ['rp_71df32ba7c3ea17d6804b311', 'rp_7043a53bf02ad48a0fa8fe01'], 'source_examples': [{'source_pair_id': 'rp_71df32ba7c3ea17d6804b311', 'product_type': 'жевательная резинка', 'title_a': 'жевательная резинка dirol white ""мята"" 3 вида, без сахара, 13.6 г, 15 шт.', 'title_b': 'dirol / жевательная резинка дирол white без сахара с растительным углем и вкусом мяты 30 шт по 13,6гр', 'target_value_a': '15', 'target_value_b': '30'}, {'source_pair_id': 'rp_7043a53bf02ad48a0fa8fe01', 'product_type': 'жевательная резинка', 'title_a': 'dirol / жевательная резинка dirol white мята, 30 шт х 13,6 гр.', 'title_b': 'жевательная резинка dirol white мята, без сахара, 13.6г, 90шт.', 'target_value_a': '30 шт.', 'target_value_b': '90'}]}]",['жевательная резинка'],['Бренд'],"[{'source_pair_id': 'rp_71df32ba7c3ea17d6804b311', 'product_type': 'жевательная резинка', 'title_a': 'жевательная резинка dirol white ""мята"" 3 вида, без сахара, 13.6 г, 15 шт.', 'title_b': 'dirol / жевательная резинка дирол white без сахара с растительным углем и вкусом мяты 30 шт по 13,6гр', 'target_value_a': '15', 'target_value_b': '30'}, {'source_pair_id': 'rp_7043a53bf02ad48a0fa8fe01', 'product_type': 'жевательная резинка', 'title_a': 'dirol / жевательная резинка dirol white мята, 30 шт х 13,6 гр.', 'title_b': 'жевательная резинка dirol white мята, без сахара, 13.6г, 90шт.', 'target_value_a': '30 шт.', 'target_value_b': '90'}]","{'source_singleton_pairs': 46, 'source_pairs_with_explicit_type': 26, 'observed_exact_product_types': 20, 'supported_product_type_profiles': 1}",False,independent_value,['(?:вес|масса|weight|объем|объём|volume|нетто)'],"[1-9]\d{0,4}\s*(?:шт\.?|штук(?:а|и)?|ед\.?|единиц(?:а|ы)?)",,2,2,1.0,2,2,1.0,0,0,0.0,[],,profile_capacity_policy_v1,829f9c458f1a2a72f16b766dfaf3abbdbad9a1874d71feb4457eab7da52b3fee
gen_stat_02d08a2bf2c5c478,stat_ec818e938162c651,STAT_LABEL0_CROSS_SPLIT_MIN2_P80_SCOPED,0,package_quantity,different_value,statistical_atomic_difference,Количество в упаковке,"Создай товар, где характеристику «Количество в упаковке» можно изменить независимо. Не добавляй другие атрибуты, которые логически фиксируют её значение или станут противоречивыми после замены. Записывай значение только как положительное целое число с явной единицей «шт», например «6 шт»; число без единицы недопустимо. Не дублируй количество в комплектации, весе, объёме или других полях. По примерам конкретного типа определи, означает ли оно число одинаковых товаров либо число основных штук, доз или элементов внутри продаваемой упаковки. Не считай аксессуары и рекламные вложения.",['Продукты питания'],"Replace exactly this explicit attribute with a different, realistic value for the same concrete product subtype.","Change only this attribute; preserve product subtype and all unrelated facts, and update every title mention consistently.",cross_split_threshold_and_product_type_scope,Продукты питания,override,37,0,"[{'attribute_key': 'единиц в одном товаре', 'support': 37}, {'attribute_key': 'количество предметов в упаковке', 'support': 7}, {'attribute_key': 'количество в упаковке', 'support': 4}, {'attribute_key': 'количество упаковок', 'support': 4}, {'attribute_key': 'количество штук в упаковке', 'support': 1}]",542,514,28,0.948339483394834,46,44,2,0.9565217391304348,542,514,0.948339483394834,46,44,0.9565217391304348,"{'discovery': {'support': 39, 'target_support': 38, 'target_probability': 0.9743589743589743}, 'validation': {'support': 7, 'target_support': 6, 'target_probability': 0.8571428571428571}}",39,7,rp_ae90af2ba531aaa90b6da8f6;rp_d09700d977a1e8c5bc10ce41;rp_44ab5f93b5eb239bb92856f0,6 | 10 штук | 1,"[{'product_type': 'кофе в зернах', 'normalized_product_type': 'кофе в зернах', 'singleton_pair_support': 2, 'singleton_target_support': 2, 'singleton_target_probability': 1.0, 'split_statistics': {'discovery': {'support': 1, 'target_support': 1, 'target_probability': 1.0}, 'validation': {'support': 1, 'target_support': 1, 'target_probability': 1.0}}, 'source_pair_ids': ['rp_abe24b5bb884315ec9e40d47', 'rp_c6d9b4497d4bd4b9a9070251'], 'source_examples': [{'source_pair_id': 'rp_abe24b5bb884315ec9e40d47', 'product_type': 'кофе в зернах', 'title_a': 'жокей кофе в зернах итальяно,500 г', 'title_b': 'кофе в зернах жокей кафе итальяно, 500г (комплект 2 шт.) 6005022', 'target_value_a': '1', 'target_value_b': '2'}, {'source_pair_id': 'rp_c6d9b4497d4bd4b9a9070251', 'product_type': 'кофе в зернах', 'title_a': 'кофе в зернах poetti leggenda oro, 1 кг', 'title_b': 'кофе в зернах poetti leggenda oro 1кг х2шт', 'target_value_a': '1', 'target_value_b': '2'}]}]",['кофе в зернах'],['Бренд'],"[{'source_pair_id': 'rp_abe24b5bb884315ec9e40d47', 'product_type': 'кофе в зернах', 'title_a': 'жокей кофе в зернах итальяно,500 г', 'title_b': 'кофе в зернах жокей кафе итальяно, 500г (комплект 2 шт.) 6005022', 'target_value_a': '1', 'target_value_b': '2'}, {'source_pair_id': 'rp_c6d9b4497d4bd4b9a9070251', 'product_type': 'кофе в зернах', 'title_a': 'кофе в зернах poetti leggenda oro, 1 кг', 'title_b': 'кофе в зернах poetti leggenda oro 1кг х2шт', 'target_value_a': '1', 'target_value_b': '2'}]","{'source_singleton_pairs': 46, 'source_pairs_with_explicit_type': 26, 'observed_exact_product_types': 20, 'supported_product_type_profiles': 1}",False,independent_value,['(?:вес|масса|weight|объем|объём|volume|нетто)'],"[1-9]\d{0,4}\s*(?:шт\.?|штук(?:а|и)?|ед\.?|единиц(?:а|ы)?)",,2,2,1.0,1,1,1.0,1,1,1.0,[],,profile_capacity_policy_v1,829f9c458f1a2a72f16b766dfaf3abbdbad9a1874d71feb4457eab7da52b3fee
gen_stat_89fb313b996a5ad9,stat_ec818e938162c651,STAT_LABEL0_MIN2_P80_SCOPED,0,package_quantity,different_value,statistical_atomic_difference,Количество в упаковке,"Создай товар, где характеристику «Количество в упаковке» можно изменить независимо. Не добавляй другие атрибуты, которые логически фиксируют её значение или станут противоречивыми после замены. Записывай значение только как положительное целое число с явной единицей «шт», например «6 шт»; число без единицы недопустимо. Не дублируй количество в комплектации, весе, объёме или других полях. По примерам конкретного типа определи, означает ли оно число одинаковых товаров либо число основных штук, доз или элементов внутри продаваемой упаковки. Не считай аксессуары и рекламные вложения.",['Продукты питания'],"Replace exactly this explicit attribute with a different, realistic value for the same concrete product subtype.","Change only this attribute; preserve product subtype and all unrelated facts, and update every title mention consistently.",singleton_all_occurrence_and_product_type_threshold,Продукты питания,override,37,0,"[{'attribute_key': 'единиц в одном товаре', 'support': 37}, {'attribute_key': 'количество предметов в упаковке', 'support': 7}, {'attribute_key': 'количество в упаковке', 'support': 4}, {'attribute_key': 'количество упаковок', 'support': 4}, {'attribute_key': 'количество штук в упаковке', 'support': 1}]",542,514,28,0.948339483394834,46,44,2,0.9565217391304348,542,514,0.948339483394834,46,44,0.9565217391304348,"{'discovery': {'support': 39, 'target_support': 38, 'target_probability': 0.9743589743589743}, 'validation': {'support': 7, 'target_support': 6, 'target_probability': 0.8571428571428571}}",39,7,rp_ae90af2ba531aaa90b6da8f6;rp_d09700d977a1e8c5bc10ce41;rp_44ab5f93b5eb239bb92856f0,6 | 10 штук | 1,"[{'product_type': 'кофе растворимый', 'normalized_product_type': 'кофе растворимый', 'singleton_pair_support': 2, 'singleton_target_support': 2, 'singleton_target_probability': 1.0, 'split_statistics': {'discovery': {'support': 2, 'target_support': 2, 'target_probability': 1.0}, 'validation': {'support': 0, 'target_support': 0, 'target_probability': 0.0}}, 'source_pair_ids': ['rp_e8f5ff2a513b01fdd6e52ee0', 'rp_29205349e7a934fec30fef7f'], 'source_examples': [{'source_pair_id': 'rp_e8f5ff2a513b01fdd6e52ee0', 'product_type': 'кофе растворимый', 'title_a': 'jardin gold кофе растворимый сублимированный арабика в стек. банке 95 г (комплект 10 шт.) 6016431', 'title_b': 'кофе растворимый jardin 95г. 1шт.', 'target_value_a': '10 шт.', 'target_value_b': '1шт.'}, {'source_pair_id': 'rp_29205349e7a934fec30fef7f', 'product_type': 'кофе растворимый', 'title_a': 'чай / кофе egoiste noir растворимый 100 г', 'title_b': 'кофе растворимый egoiste noir 100г 2шт', 'target_value_a': '1', 'target_value_b': '2'}]}]",['кофе растворимый'],['Бренд'],"[{'source_pair_id': 'rp_e8f5ff2a513b01fdd6e52ee0', 'product_type': 'кофе растворимый', 'title_a': 'jardin gold кофе растворимый сублимированный арабика в стек. банке 95 г (комплект 10 шт.) 6016431', 'title_b': 'кофе растворимый jardin 95г. 1шт.', 'target_value_a': '10 шт.', 'target_value_b': '1шт.'}, {'source_pair_id': 'rp_29205349e7a934fec30fef7f', 'product_type': 'кофе растворимый', 'title_a': 'чай / кофе egoiste noir растворимый 100 г', 'title_b': 'кофе растворимый egoiste noir 100г 2шт', 'target_value_a': '1', 'target_value_b': '2'}]","{'source_singleton_pairs': 46, 'source_pairs_with_explicit_type': 26, 'observed_exact_product_types': 20, 'supported_product_type_profiles': 1}",False,independent_value,['(?:вес|масса|weight|объем|объём|volume|нетто)'],"[1-9]\d{0,4}\s*(?:шт\.?|штук(?:а|и)?|ед\.?|единиц(?:а|ы)?)",,2,2,1.0,2,2,1.0,0,0,0.0,[],,profile_capacity_policy_v1,829f9c458f1a2a72f16b766dfaf3abbdbad9a1874d71feb4457eab7da52b3fee
gen_stat_852f1c50bdba3e61,stat_ec818e938162c651,STAT_LABEL0_MIN2_P80_SCOPED,0,package_quantity,different_value,statistical_atomic_difference,Количество в упаковке,"Создай товар, где характеристику «Количество в упаковке» можно изменить независимо. Не добавляй другие атрибуты, которые логически фиксируют её значение или станут противоречивыми после замены. Записывай значение только как положительное целое число с явной единицей «шт», например «6 шт»; число без единицы недопустимо. Не дублируй количество в комплектации, весе, объёме или других полях. По примерам конкретного типа определи, означает ли оно число одинаковых товаров либо число основных штук, доз или элементов внутри продаваемой упаковки. Не считай аксессуары и рекламные вложения.",['Продукты питания'],"Replace exactly this explicit attribute with a different, realistic value for the same concrete product subtype.","Change only this attribute; preserve product subtype and all unrelated facts, and update every title mention consistently.",singleton_all_occurrence_and_product_type_threshold,Продукты питания,override,37,0,"[{'attribute_key': 'единиц в одном товаре', 'support': 37}, {'attribute_key': 'количество предметов в упаковке', 'support': 7}, {'attribute_key': 'количество в упаковке', 'support': 4}, {'attribute_key': 'количество упаковок', 'support': 4}, {'attribute_key': 'количество штук в упаковке', 'support': 1}]",542,514,28,0.948339483394834,46,44,2,0.9565217391304348,542,514,0.948339483394834,46,44,0.9565217391304348,"{'discovery': {'support': 39, 'target_support': 38, 'target_probability': 0.9743589743589743}, 'validation': {'support': 7, 'target_support': 6, 'target_probability': 0.8571428571428571}}",39,7,rp_ae90af2ba531aaa90b6da8f6;rp_d09700d977a1e8c5bc10ce41;rp_44ab5f93b5eb239bb92856f0,6 | 10 штук | 1,"[{'product_type': 'соус', 'normalized_product_type': 'соус', 'singleton_pair_support': 2, 'singleton_target_support': 2, 'singleton_target_probability': 1.0, 'split_statistics': {'discovery': {'support': 2, 'target_support': 2, 'target_probability': 1.0}, 'validation': {'support': 0, 'target_support': 0, 'target_probability': 0.0}}, 'source_pair_ids': ['rp_7818b06d89199b9e5c404c39', 'rp_0ebcb90c16536797635f3d35'], 'source_examples': [{'source_pair_id': 'rp_7818b06d89199b9e5c404c39', 'product_type': 'соус', 'title_a': 'соус calve майонезный легкий 400 г 4 шт', 'title_b': 'соус майонезный calve легкий, 400 гр * 7 шт.', 'target_value_a': '4', 'target_value_b': '7'}, {'source_pair_id': 'rp_0ebcb90c16536797635f3d35', 'product_type': 'соус', 'title_a': 'giuliano tartufi / соус из артишоков с черным трюфелем', 'title_b': 'соус giuliano tartufi из артишоков с черным трюфелем 80г 3 шт', 'target_value_a': '1', 'target_value_b': '3'}]}]",['соус'],['Бренд'],"[{'source_pair_id': 'rp_7818b06d89199b9e5c404c39', 'product_type': 'соус', 'title_a': 'соус calve майонезный легкий 400 г 4 шт', 'title_b': 'соус майонезный calve легкий, 400 гр * 7 шт.', 'target_value_a': '4', 'target_value_b': '7'}, {'source_pair_id': 'rp_0ebcb90c16536797635f3d35', 'product_type': 'соус', 'title_a': 'giuliano tartufi / соус из артишоков с черным трюфелем', 'title_b': 'соус giuliano tartufi из артишоков с черным трюфелем 80г 3 шт', 'target_value_a': '1', 'target_value_b': '3'}]","{'source_singleton_pairs': 46, 'source_pairs_with_explicit_type': 26, 'observed_exact_product_types': 20, 'supported_product_type_profiles': 1}",False,independent_value,['(?:вес|масса|weight|объем|объём|volume|нетто)'],"[1-9]\d{0,4}\s*(?:шт\.?|штук(?:а|и)?|ед\.?|единиц(?:а|ы)?)",,2,2,1.0,2,2,1.0,0,0,0.0,[],,profile_capacity_policy_v1,829f9c458f1a2a72f16b766dfaf3abbdbad9a1874d71feb4457eab7da52b3fee
gen_stat_6885eaf0dfc63b4e,stat_ec818e938162c651,STAT_LABEL0_MIN2_P80_SCOPED,0,package_quantity,different_value,statistical_atomic_difference,Количество в упаковке,"Создай товар, где характеристику «Количество в упаковке» можно изменить независимо. Не добавляй другие атрибуты, которые логически фиксируют её значение или станут противоречивыми после замены. Записывай значение только как положительное целое число с явной единицей «шт», например «6 шт»; число без единицы недопустимо. Не дублируй количество в комплектации, весе, объёме или других полях. По примерам конкретного типа определи, означает ли оно число одинаковых товаров либо число основных штук, доз или элементов внутри продаваемой упаковки. Не считай аксессуары и рекламные вложения.",['Продукты питания'],"Replace exactly this explicit attribute with a different, realistic value for the same concrete product subtype.","Change only this attribute; preserve product subtype and all unrelated facts, and update every title mention consistently.",singleton_all_occurrence_and_product_type_threshold,Продукты питания,override,37,0,"[{'attribute_key': 'единиц в одном товаре', 'support': 37}, {'attribute_key': 'количество предметов в упаковке', 'support': 7}, {'attribute_key': 'количество в упаковке', 'support': 4}, {'attribute_key': 'количество упаковок', 'support': 4}, {'attribute_key': 'количество штук в упаковке', 'support': 1}]",542,514,28,0.948339483394834,46,44,2,0.9565217391304348,542,514,0.948339483394834,46,44,0.9565217391304348,"{'discovery': {'support': 39, 'target_support': 38, 'target_probability': 0.9743589743589743}, 'validation': {'support': 7, 'target_support': 6, 'target_probability': 0.8571428571428571}}",39,7,rp_ae90af2ba531aaa90b6da8f6;rp_d09700d977a1e8c5bc10ce41;rp_44ab5f93b5eb239bb92856f0,6 | 10 штук | 1,"[{'product_type': 'чай в пакетиках', 'normalized_product_type': 'чай в пакетиках', 'singleton_pair_support': 2, 'singleton_target_support': 2, 'singleton_target_probability': 1.0, 'split_statistics': {'discovery': {'support': 2, 'target_support': 2, 'target_probability': 1.0}, 'validation': {'support': 0, 'target_support': 0, 'target_probability': 0.0}}, 'source_pair_ids': ['rp_effea50238c14f5723a67c3d', 'rp_fdc11e441fb60cc74bb69595'], 'source_examples': [{'source_pair_id': 'rp_effea50238c14f5723a67c3d', 'product_type': 'чай в пакетиках', 'title_a': 'niktea чай в пакетиках кения сапфир, черный, 25 пакетиков', 'title_b': '3шт, чай черный niktea sapphire/кения сапфир в пакетиках, 25 пак.', 'target_value_a': '1', 'target_value_b': '3'}, {'source_pair_id': 'rp_fdc11e441fb60cc74bb69595', 'product_type': 'чай в пакетиках', 'title_a': 'чай в пакетиках черный greenfield / гринфилд golden ceylon, 25шт. / продукты питания', 'title_b': 'greenfield / чай черный гринфилд 25 пакетиков 2 шт', 'target_value_a': '1', 'target_value_b': '2'}]}]",['чай в пакетиках'],['Бренд'],"[{'source_pair_id': 'rp_effea50238c14f5723a67c3d', 'product_type': 'чай в пакетиках', 'title_a': 'niktea чай в пакетиках кения сапфир, черный, 25 пакетиков', 'title_b': '3шт, чай черный niktea sapphire/кения сапфир в пакетиках, 25 пак.', 'target_value_a': '1', 'target_value_b': '3'}, {'source_pair_id': 'rp_fdc11e441fb60cc74bb69595', 'product_type': 'чай в пакетиках', 'title_a': 'чай в пакетиках черный greenfield / гринфилд golden ceylon, 25шт. / продукты питания', 'title_b': 'greenfield / чай черный гринфилд 25 пакетиков 2 шт', 'target_value_a': '1', 'target_value_b': '2'}]","{'source_singleton_pairs': 46, 'source_pairs_with_explicit_type': 26, 'observed_exact_product_types': 20, 'supported_product_type_profiles': 1}",False,independent_value,['(?:вес|масса|weight|объем|объём|volume|нетто)'],"[1-9]\d{0,4}\s*(?:шт\.?|штук(?:а|и)?|ед\.?|единиц(?:а|ы)?)",,2,2,1.0,2,2,1.0,0,0,0.0,[],,profile_capacity_policy_v1,829f9c458f1a2a72f16b766dfaf3abbdbad9a1874d71feb4457eab7da52b3fee
gen_stat_d155dafd49247442,stat_ec818e938162c651,STAT_LABEL0_MIN2_P80_SCOPED,0,package_quantity,different_value,statistical_atomic_difference,Количество в упаковке,"Создай товар, где характеристику «Количество в упаковке» можно изменить независимо. Не добавляй другие атрибуты, которые логически фиксируют её значение или станут противоречивыми после замены. Записывай значение только как положительное целое число с явной единицей «шт», например «6 шт»; число без единицы недопустимо. Не дублируй количество в комплектации, весе, объёме или других полях. По примерам конкретного типа определи, означает ли оно число одинаковых товаров либо число основных штук, доз или элементов внутри продаваемой упаковки. Не считай аксессуары и рекламные вложения.",['Продукты питания'],"Replace exactly this explicit attribute with a different, realistic value for the same concrete product subtype.","Change only this attribute; preserve product subtype and all unrelated facts, and update every title mention consistently.",singleton_all_occurrence_and_product_type_threshold,Продукты питания,override,37,0,"[{'attribute_key': 'единиц в одном товаре', 'support': 37}, {'attribute_key': 'количество предметов в упаковке', 'support': 7}, {'attribute_key': 'количество в упаковке', 'support': 4}, {'attribute_key': 'количество упаковок', 'support': 4}, {'attribute_key': 'количество штук в упаковке', 'support': 1}]",542,514,28,0.948339483394834,46,44,2,0.9565217391304348,542,514,0.948339483394834,46,44,0.9565217391304348,"{'discovery': {'support': 39, 'target_support': 38, 'target_probability': 0.9743589743589743}, 'validation': {'support': 7, 'target_support': 6, 'target_probability': 0.8571428571428571}}",39,7,rp_ae90af2ba531aaa90b6da8f6;rp_d09700d977a1e8c5bc10ce41;rp_44ab5f93b5eb239bb92856f0,6 | 10 штук | 1,"[{'product_type': 'шоколад', 'normalized_product_type': 'шоколад', 'singleton_pair_support': 2, 'singleton_target_support': 2, 'singleton_target_probability': 1.0, 'split_statistics': {'discovery': {'support': 2, 'target_support': 2, 'target_probability': 1.0}, 'validation': {'support': 0, 'target_support': 0, 'target_probability': 0.0}}, 'source_pair_ids': ['rp_b52eed8f494af44afa6ea06c', 'rp_de8dfa9d73c7c4360c1debec'], 'source_examples': [{'source_pair_id': 'rp_b52eed8f494af44afa6ea06c', 'product_type': 'шоколад', 'title_a': 'красный октябрь / молочный шоколад «аленка», маленькая плитка, 15 г', 'title_b': 'шоколад красный октябрь, ""аленка"", молочный шоколад, мини 15 г, 5 шт.', 'target_value_a': '1', 'target_value_b': '5'}, {'source_pair_id': 'rp_de8dfa9d73c7c4360c1debec', 'product_type': 'шоколад', 'title_a': 'красный октябрь шоколад красный октябрь, ""аленка"", молочный шоколад, 90 г, 10 шт.', 'title_b': 'халяль молочный шоколад красный октябрь ""аленка"", 90 г, 1 шт.', 'target_value_a': '10 шт.', 'target_value_b': '1'}]}]",['шоколад'],['Бренд'],"[{'source_pair_id': 'rp_b52eed8f494af44afa6ea06c', 'product_type': 'шоколад', 'title_a': 'красный октябрь / молочный шоколад «аленка», маленькая плитка, 15 г', 'title_b': 'шоколад красный октябрь, ""аленка"", молочный шоколад, мини 15 г, 5 шт.', 'target_value_a': '1', 'target_value_b': '5'}, {'source_pair_id': 'rp_de8dfa9d73c7c4360c1debec', 'product_type': 'шоколад', 'title_a': 'красный октябрь шоколад красный октябрь, ""аленка"", молочный шоколад, 90 г, 10 шт.', 'title_b': 'халяль молочный шоколад красный октябрь ""аленка"", 90 г, 1 шт.', 'target_value_a': '10 шт.', 'target_value_b': '1'}]","{'source_singleton_pairs': 46, 'source_pairs_with_explicit_type': 26, 'observed_exact_product_types': 20, 'supported_product_type_profiles': 1}",False,independent_value,['(?:вес|масса|weight|объем|объём|volume|нетто)'],"[1-9]\d{0,4}\s*(?:шт\.?|штук(?:а|и)?|ед\.?|единиц(?:а|ы)?)",,2,2,1.0,2,2,1.0,0,0,0.0,[],,profile_capacity_policy_v1,829f9c458f1a2a72f16b766dfaf3abbdbad9a1874d71feb4457eab7da52b3fee
gen_stat_3da4dff0e3d599ef,stat_2532c21055507f99,STAT_LABEL0_CROSS_SPLIT_MIN2_P80_SCOPED,0,color_code,different_value,statistical_atomic_difference,Код/номер цвета,"Создай товар, где характеристику «Код/номер цвета» можно изменить независимо. Не добавляй другие атрибуты, которые логически фиксируют её значение или станут противоречивыми после замены.",['Спорт и отдых'],"Replace exactly this explicit attribute with a different, realistic value for the same concrete product subtype.","Change only this attribute; preserve product subtype and all unrelated facts, and update every title mention consistently.",cross_split_threshold_and_product_type_scope,Спорт и отдых,override,8,0,"[{'attribute_key': 'название цвета', 'support': 8}, {'attribute_key': 'цвет товара', 'support': 3}]",89,86,3,0.9662921348314607,15,14,1,0.9333333333333333,89,86,0.9662921348314607,15,14,0.9333333333333333,"{'discovery': {'support': 10, 'target_support': 9, 'target_probability': 0.9}, 'validation': {'support': 5, 'target_support': 5, 'target_probability': 1.0}}",10,5,rp_08c1e109c05d074e14fe1ed7;rp_b89d186bf84bf1114df833d5;rp_fed44a7cc1e28728e5c4991f,305 | 005 | 10,"[{'product_type': 'воблер', 'normalized_product_type': 'воблер', 'singleton_pair_support': 10, 'singleton_target_support': 9, 'singleton_target_probability': 0.9, 'split_statistics': {'discovery': {'support': 7, 'target_support': 6, 'target_probability': 0.8571428571428571}, 'validation': {'support': 3, 'target_support': 3, 'target_probability': 1.0}}, 'source_pair_ids': ['rp_bfe4f871a7f98fdd656d10b7', 'rp_d074da185a00c9375220f1f3', 'rp_d90000a1e870fb6289d65087', 'rp_dc705c75854611ecb0653cb5', 'rp_3c8fe3b8874ed2a0e4b919e3', 'rp_72fe6863e374d8ea841ab7b6', 'rp_6b66efa778f93a0e28d07949', 'rp_86ab5d8d22e85997217076ab'], 'source_examples': [{'source_pair_id': 'rp_bfe4f871a7f98fdd656d10b7', 'product_type': 'воблер', 'title_a': 'воблер namazu ac-dc, 80 мм, 5 г, минноу, плавающий (0.5-1.5 м), цвет 4', 'title_b': 'воблер namazu ac-dc, 80 мм, 5 г, минноу, плавающий (0.5-1.5 м), цвет 11', 'target_value_a': 'цвет 4', 'target_value_b': 'цвет 11'}, {'source_pair_id': 'rp_d074da185a00c9375220f1f3', 'product_type': 'воблер', 'title_a': 'воблер akara arrow 110sp 17 гр. (3/5 oz 4,3 in) a108', 'title_b': 'воблер akara arrow 110sp 110мм. 17г. №a109 рыболовная приманка', 'target_value_a': 'a108', 'target_value_b': 'a109'}, {'source_pair_id': 'rp_d90000a1e870fb6289d65087', 'product_type': 'воблер', 'title_a': 'akara / arrow 110sp, 110 мм, #a125, 17 гр., воблер на щуку', 'title_b': 'воблер akara arrow 110sp 110мм. 17г. №a108 рыболовная приманка', 'target_value_a': '#a125', 'target_value_b': 'a108'}, {'source_pair_id': 'rp_dc705c75854611ecb0653cb5', 'product_type': 'воблер', 'title_a': 'воблер kyoda axe vib, размер 85 мм, вес 31 гр, тонущий, цвет p1747', 'title_b': 'воблер kyoda axe vib размер 85 мм вес 31 гр тонущий цвет p1981', 'target_value_a': 'p1747', 'target_value_b': 'p1981'}]}]",['воблер'],['Бренд'],"[{'source_pair_id': 'rp_bfe4f871a7f98fdd656d10b7', 'product_type': 'воблер', 'title_a': 'воблер namazu ac-dc, 80 мм, 5 г, минноу, плавающий (0.5-1.5 м), цвет 4', 'title_b': 'воблер namazu ac-dc, 80 мм, 5 г, минноу, плавающий (0.5-1.5 м), цвет 11', 'target_value_a': 'цвет 4', 'target_value_b': 'цвет 11'}, {'source_pair_id': 'rp_d074da185a00c9375220f1f3', 'product_type': 'воблер', 'title_a': 'воблер akara arrow 110sp 17 гр. (3/5 oz 4,3 in) a108', 'title_b': 'воблер akara arrow 110sp 110мм. 17г. №a109 рыболовная приманка', 'target_value_a': 'a108', 'target_value_b': 'a109'}, {'source_pair_id': 'rp_d90000a1e870fb6289d65087', 'product_type': 'воблер', 'title_a': 'akara / arrow 110sp, 110 мм, #a125, 17 гр., воблер на щуку', 'title_b': 'воблер akara arrow 110sp 110мм. 17г. №a108 рыболовная приманка', 'target_value_a': '#a125', 'target_value_b': 'a108'}, {'source_pair_id': 'rp_dc705c75854611ecb0653cb5', 'product_type': 'воблер', 'title_a': 'воблер kyoda axe vib, размер 85 мм, вес 31 гр, тонущий, цвет p1747', 'title_b': 'воблер kyoda axe vib размер 85 мм вес 31 гр тонущий цвет p1981', 'target_value_a': 'p1747', 'target_value_b': 'p1981'}]","{'source_singleton_pairs': 15, 'source_pairs_with_explicit_type': 14, 'observed_exact_product_types': 4, 'supported_product_type_profiles': 1}",False,independent_value,[],"(?=.*\d)(?:цвет\s*)?#?[a-zа-яё0-9][a-zа-яё0-9 ._/-]{0,24}",,10,9,0.9,7,6,0.8571428571428571,3,3,1.0,[],,profile_capacity_policy_v1,829f9c458f1a2a72f16b766dfaf3abbdbad9a1874d71feb4457eab7da52b3fee
gen_stat_f714950d93e0e1c6,stat_2532c21055507f99,STAT_LABEL0_CROSS_SPLIT_MIN2_P80_SCOPED,0,color_code,different_value,statistical_atomic_difference,Код/номер цвета,"Создай товар, где характеристику «Код/номер цвета» можно изменить независимо. Не добавляй другие атрибуты, которые логически фиксируют её значение или станут противоречивыми после замены.",['Спорт и отдых'],"Replace exactly this explicit attribute with a different, realistic value for the same concrete product subtype.","Change only this attribute; preserve product subtype and all unrelated facts, and update every title mention consistently.",cross_split_threshold_and_product_type_scope,Спорт и отдых,override,8,0,"[{'attribute_key': 'название цвета', 'support': 8}, {'attribute_key': 'цвет товара', 'support': 3}]",89,86,3,0.9662921348314607,15,14,1,0.9333333333333333,89,86,0.9662921348314607,15,14,0.9333333333333333,"{'discovery': {'support': 10, 'target_support': 9, 'target_probability': 0.9}, 'validation': {'support': 5, 'target_support': 5, 'target_probability': 1.0}}",10,5,rp_08c1e109c05d074e14fe1ed7;rp_b89d186bf84bf1114df833d5;rp_fed44a7cc1e28728e5c4991f,305 | 005 | 10,"[{'product_type': 'блесна', 'normalized_product_type': 'блесна', 'singleton_pair_support': 4, 'singleton_target_support': 4, 'singleton_target_probability': 1.0, 'split_statistics': {'discovery': {'support': 3, 'target_support': 3, 'target_probability': 1.0}, 'validation': {'support': 1, 'target_support': 1, 'target_probability': 1.0}}, 'source_pair_ids': ['rp_b89d186bf84bf1114df833d5', 'rp_6fcc96161c8e4dc9b48a8972', 'rp_1da8358e57ebabdf3da5c783', 'rp_78d1c6769624444c1d6de07e'], 'source_examples': [{'source_pair_id': 'rp_b89d186bf84bf1114df833d5', 'product_type': 'блесна', 'title_a': 'lucky john / блесна lucky john bonnie blade 05 13.4г 005', 'title_b': 'блесна вращающаяся lucky john bonnie blade 05, 13.4 г, цвет 006', 'target_value_a': '005', 'target_value_b': '006'}, {'source_pair_id': 'rp_6fcc96161c8e4dc9b48a8972', 'product_type': 'блесна', 'title_a': 'блесна вращающаяся akara c-5091, 4 г, цвет 209', 'title_b': 'блесна вертушка akara comet c-5091 4 г.цвет: 9-116', 'target_value_a': '209', 'target_value_b': '9-116'}, {'source_pair_id': 'rp_1da8358e57ebabdf3da5c783', 'product_type': 'блесна', 'title_a': 'smith / блесна smith baitis ii 22,0гр. 05gfr', 'title_b': 'блесна smith baitis ii 22,0гр. №12spb', 'target_value_a': '05gfr', 'target_value_b': '№12spb'}, {'source_pair_id': 'rp_78d1c6769624444c1d6de07e', 'product_type': 'блесна', 'title_a': 'блесна вращающаяся akara action series aglia 0 2,5 гр. 1/11 oz. a13', 'title_b': 'блесна вращающаяся akara action series aglia 0 2,5 гр. a02', 'target_value_a': 'a13', 'target_value_b': 'a02'}]}]",['блесна'],['Бренд'],"[{'source_pair_id': 'rp_b89d186bf84bf1114df833d5', 'product_type': 'блесна', 'title_a': 'lucky john / блесна lucky john bonnie blade 05 13.4г 005', 'title_b': 'блесна вращающаяся lucky john bonnie blade 05, 13.4 г, цвет 006', 'target_value_a': '005', 'target_value_b': '006'}, {'source_pair_id': 'rp_6fcc96161c8e4dc9b48a8972', 'product_type': 'блесна', 'title_a': 'блесна вращающаяся akara c-5091, 4 г, цвет 209', 'title_b': 'блесна вертушка akara comet c-5091 4 г.цвет: 9-116', 'target_value_a': '209', 'target_value_b': '9-116'}, {'source_pair_id': 'rp_1da8358e57ebabdf3da5c783', 'product_type': 'блесна', 'title_a': 'smith / блесна smith baitis ii 22,0гр. 05gfr', 'title_b': 'блесна smith baitis ii 22,0гр. №12spb', 'target_value_a': '05gfr', 'target_value_b': '№12spb'}, {'source_pair_id': 'rp_78d1c6769624444c1d6de07e', 'product_type': 'блесна', 'title_a': 'блесна вращающаяся akara action series aglia 0 2,5 гр. 1/11 oz. a13', 'title_b': 'блесна вращающаяся akara action series aglia 0 2,5 гр. a02', 'target_value_a': 'a13', 'target_value_b': 'a02'}]","{'source_singleton_pairs': 15, 'source_pairs_with_explicit_type': 14, 'observed_exact_product_types': 4, 'supported_product_type_profiles': 1}",False,independent_value,[],"(?=.*\d)(?:цвет\s*)?#?[a-zа-яё0-9][a-zа-яё0-9 ._/-]{0,24}",,4,4,1.0,3,3,1.0,1,1,1.0,[],,profile_capacity_policy_v1,829f9c458f1a2a72f16b766dfaf3abbdbad9a1874d71feb4457eab7da52b3fee
gen_stat_55b5ffa6af53b701,stat_8e415f708b98f716,STAT_LABEL0_CROSS_SPLIT_MIN2_P80_SCOPED,0,wheel_diameter,different_value,statistical_atomic_difference,Диаметр колес,"Создай товар, где характеристику «Диаметр колес» можно изменить независимо. Не добавляй другие атрибуты, которые логически фиксируют её значение или станут противоречивыми после замены. Укажи одно число и явную физическую единицу мм, см или дюйм; число без единицы недопустимо.",['Спорт и отдых'],"Replace exactly this explicit attribute with a different, realistic value for the same concrete product subtype.","Change only this attribute; preserve product subtype and all unrelated facts, and update every title mention consistently.",cross_split_threshold_and_product_type_scope,Спорт и отдых,static_pair_rule_mapping,4,0,"[{'attribute_key': 'диаметр колес, дюймы', 'support': 4}, {'attribute_key': 'диаметр', 'support': 2}, {'attribute_key': 'диаметр колес (дюймы)', 'support': 1}]",69,69,0,1.0,4,4,0,1.0,69,69,1.0,4,4,1.0,"{'discovery': {'support': 3, 'target_support': 3, 'target_probability': 1.0}, 'validation': {'support': 1, 'target_support': 1, 'target_probability': 1.0}}",3,1,rp_8eee48d81b7b3689c72e969e;rp_8afb5f2e429312f4f8c245ca;rp_99c1fbebd29a95d9588b0463,"26 | 29 | 27,5","[{'product_type': 'велокамера', 'normalized_product_type': 'велокамера', 'singleton_pair_support': 3, 'singleton_target_support': 3, 'singleton_target_probability': 1.0, 'split_statistics': {'discovery': {'support': 2, 'target_support': 2, 'target_probability': 1.0}, 'validation': {'support': 1, 'target_support': 1, 'target_probability': 1.0}}, 'source_pair_ids': ['rp_2ec7c787bf0f15048cc9d596', 'rp_cc12d67ad187b674d13960f5', 'rp_cd7ed7fbc7c422b2bcc59382'], 'source_examples': [{'source_pair_id': 'rp_2ec7c787bf0f15048cc9d596', 'product_type': 'велокамера', 'title_a': 'silapro / велокамера', 'title_b': 'silapro велокамера, диаметр колеса:20 (дюймы)', 'target_value_a': '26', 'target_value_b': '20'}, {'source_pair_id': 'rp_cc12d67ad187b674d13960f5', 'product_type': 'велокамера', 'title_a': 'trix велокамера, диаметр колеса:24 (дюймы)', 'title_b': 'камера велосипедная trix 29"" x 1.95/2.125 48 мм', 'target_value_a': '24', 'target_value_b': '29""'}, {'source_pair_id': 'rp_cd7ed7fbc7c422b2bcc59382', 'product_type': 'велокамера', 'title_a': 'tbs велокамера, диаметр колеса:14 (дюймы)', 'title_b': 'не определен китайские производители камера 26x1,75/2,125 в торг. уп.', 'target_value_a': '14', 'target_value_b': '26""'}]}]",['велокамера'],['Бренд'],"[{'source_pair_id': 'rp_2ec7c787bf0f15048cc9d596', 'product_type': 'велокамера', 'title_a': 'silapro / велокамера', 'title_b': 'silapro велокамера, диаметр колеса:20 (дюймы)', 'target_value_a': '26', 'target_value_b': '20'}, {'source_pair_id': 'rp_cc12d67ad187b674d13960f5', 'product_type': 'велокамера', 'title_a': 'trix велокамера, диаметр колеса:24 (дюймы)', 'title_b': 'камера велосипедная trix 29"" x 1.95/2.125 48 мм', 'target_value_a': '24', 'target_value_b': '29""'}, {'source_pair_id': 'rp_cd7ed7fbc7c422b2bcc59382', 'product_type': 'велокамера', 'title_a': 'tbs велокамера, диаметр колеса:14 (дюймы)', 'title_b': 'не определен китайские производители камера 26x1,75/2,125 в торг. уп.', 'target_value_a': '14', 'target_value_b': '26""'}]","{'source_singleton_pairs': 4, 'source_pairs_with_explicit_type': 3, 'observed_exact_product_types': 2, 'supported_product_type_profiles': 1}",False,independent_value,['(?:вес|масса|weight|net\\s*weight)'],"[+]?(?:\d+(?:[.,]\d+)?|[.,]\d+)\s*(?:мм|см|дюйм\w*|inch(?:es)?|in|\"")",,3,3,1.0,2,2,1.0,1,1,1.0,[],,profile_capacity_policy_v1,829f9c458f1a2a72f16b766dfaf3abbdbad9a1874d71feb4457eab7da52b3fee
gen_stat_9f89f32556c53254,stat_13bc6f8848fbdcf2,STAT_LABEL0_CROSS_SPLIT_MIN2_P80_SCOPED,0,diameter,different_value,statistical_atomic_difference,Диаметр,"Создай товар, где характеристику «Диаметр» можно изменить независимо. Не добавляй другие атрибуты, которые логически фиксируют её значение или станут противоречивыми после замены. Характеристика должна относиться к самому товару, а не к упаковке, доставке или приблизительному диапазону. Укажи одно число и явную физическую единицу мм, см, м или дюйм; число без единицы недопустимо.",['Строительство и ремонт'],"Replace exactly this explicit attribute with a different, realistic value for the same concrete product subtype.","Change only this attribute; preserve product subtype and all unrelated facts, and update every title mention consistently.",cross_split_threshold_and_product_type_scope,Строительство и ремонт,static_pair_rule_mapping,2,0,"[{'attribute_key': 'диаметр сверла', 'support': 2}, {'attribute_key': 'диаметр, мм', 'support': 2}, {'attribute_key': 'диаметр', 'support': 2}, {'attribute_key': 'диаметр сверл, мм', 'support': 2}, {'attribute_key': 'диаметр присоединения, мм', 'support': 1}]",125,122,3,0.976,7,6,1,0.8571428571428571,125,122,0.976,7,6,0.8571428571428571,"{'discovery': {'support': 5, 'target_support': 4, 'target_probability': 0.8}, 'validation': {'support': 2, 'target_support': 2, 'target_probability': 1.0}}",5,2,rp_9c3ae9d5d3d4b984f6600f06;rp_a230f59397ffee5181da58df;rp_c093da79d1fa68320b5a100d,"6,0 мм | 4 | 32","[{'product_type': 'сверло', 'normalized_product_type': 'сверло', 'singleton_pair_support': 2, 'singleton_target_support': 2, 'singleton_target_probability': 1.0, 'split_statistics': {'discovery': {'support': 1, 'target_support': 1, 'target_probability': 1.0}, 'validation': {'support': 1, 'target_support': 1, 'target_probability': 1.0}}, 'source_pair_ids': ['rp_283c4b26da508cc999a039f1', 'rp_b1ff97105e380f85c489df56'], 'source_examples': [{'source_pair_id': 'rp_283c4b26da508cc999a039f1', 'product_type': 'сверло', 'title_a': 'зубр / сверло по дереву левиса, хвостовик шестигранный, 8х235/160мм', 'title_b': 'сверло левиса зубр по дереву, шестигранный хвостовик, 12x235/160 мм', 'target_value_a': '8', 'target_value_b': '12'}, {'source_pair_id': 'rp_b1ff97105e380f85c489df56', 'product_type': 'сверло', 'title_a': 'виз/сверло по металлу / сверло ц/хв., ср. серия, d=12.0 мм (i=101, l=151, р6м5)', 'title_b': 'сверло по металлу 13,2 р6м5 , виз, 1 шт', 'target_value_a': '12,0 мм', 'target_value_b': '13.2'}]}]",['сверло'],['Бренд'],"[{'source_pair_id': 'rp_283c4b26da508cc999a039f1', 'product_type': 'сверло', 'title_a': 'зубр / сверло по дереву левиса, хвостовик шестигранный, 8х235/160мм', 'title_b': 'сверло левиса зубр по дереву, шестигранный хвостовик, 12x235/160 мм', 'target_value_a': '8', 'target_value_b': '12'}, {'source_pair_id': 'rp_b1ff97105e380f85c489df56', 'product_type': 'сверло', 'title_a': 'виз/сверло по металлу / сверло ц/хв., ср. серия, d=12.0 мм (i=101, l=151, р6м5)', 'title_b': 'сверло по металлу 13,2 р6м5 , виз, 1 шт', 'target_value_a': '12,0 мм', 'target_value_b': '13.2'}]","{'source_singleton_pairs': 7, 'source_pairs_with_explicit_type': 3, 'observed_exact_product_types': 2, 'supported_product_type_profiles': 1}",False,independent_value,"['(?:вес|масса|weight|net\\s*weight)', '(?:длина|высота|ширина|рабоч\\w*\\s+част|общ\\w*\\s+длина|length|height|width)']","[+]?(?:\d+(?:[.,]\d+)?|[.,]\d+)\s*(?:мм|см|м|дюйм\w*|inch(?:es)?|in|\"")",,2,2,1.0,1,1,1.0,1,1,1.0,[],,profile_capacity_policy_v1,829f9c458f1a2a72f16b766dfaf3abbdbad9a1874d71feb4457eab7da52b3fee
gen_stat_fa70490e70ccff44,stat_8e133bfac00ef3e8,STAT_LABEL0_MIN2_P80_SCOPED,0,length,different_value,statistical_atomic_difference,Длина,"Создай товар, где характеристику «Длина» можно изменить независимо. Не добавляй другие атрибуты, которые логически фиксируют её значение или станут противоречивыми после замены. Характеристика должна относиться к самому товару, а не к упаковке, доставке или приблизительному диапазону. Укажи одно число и явную физическую единицу мм, см, м или дюйм; число без единицы недопустимо.",['Строительство и ремонт'],"Replace exactly this explicit attribute with a different, realistic value for the same concrete product subtype.","Change only this attribute; preserve product subtype and all unrelated facts, and update every title mention consistently.",singleton_all_occurrence_and_product_type_threshold,Строительство и ремонт,override,8,0,"[{'attribute_key': 'длина', 'support': 8}, {'attribute_key': 'длина, мм', 'support': 8}, {'attribute_key': 'длина, м', 'support': 5}, {'attribute_key': 'длина кабеля (м)', 'support': 1}]",449,416,33,0.9265033407572383,23,21,2,0.9130434782608695,449,416,0.9265033407572383,23,21,0.9130434782608695,"{'discovery': {'support': 18, 'target_support': 17, 'target_probability': 0.9444444444444444}, 'validation': {'support': 5, 'target_support': 4, 'target_probability': 0.8}}",18,5,rp_d34308bcb7202a41c0b2cd29;rp_801da783ed79f3e01d88af07;rp_9c3ae9d5d3d4b984f6600f06,770 | 108 мм | 10 м,"[{'product_type': 'ламель для кровати', 'normalized_product_type': 'ламель для кровати', 'singleton_pair_support': 2, 'singleton_target_support': 2, 'singleton_target_probability': 1.0, 'split_statistics': {'discovery': {'support': 2, 'target_support': 2, 'target_probability': 1.0}, 'validation': {'support': 0, 'target_support': 0, 'target_probability': 0.0}}, 'source_pair_ids': ['rp_93d4151ed3cd0d25d3baee84', 'rp_5eff95be7b2c815f31010d2c'], 'source_examples': [{'source_pair_id': 'rp_93d4151ed3cd0d25d3baee84', 'product_type': 'ламель для кровати', 'title_a': 'без бренда ламель ортопедическая 680/63/10, гнутая, из березы, толщиной 10 мм - набор из 2 шт (рейки для кровати дивана раскладушки, деревянные, усиленные)', 'title_b': 'ламель для кровати 625, 63 мм, 2 шт.', 'target_value_a': '68 см', 'target_value_b': '625'}, {'source_pair_id': 'rp_5eff95be7b2c815f31010d2c', 'product_type': 'ламель для кровати', 'title_a': 'без бренда ламель ортопедическая 815/53/8, гнутая, из березы, толщиной 8 мм - набор из 2 шт (рейки для кровати дивана раскладушки, деревянные)', 'title_b': 'ламель для кровати 530, 53 мм, 2 шт.', 'target_value_a': '81.5 см', 'target_value_b': '530'}]}]",['ламель для кровати'],['Бренд'],"[{'source_pair_id': 'rp_93d4151ed3cd0d25d3baee84', 'product_type': 'ламель для кровати', 'title_a': 'без бренда ламель ортопедическая 680/63/10, гнутая, из березы, толщиной 10 мм - набор из 2 шт (рейки для кровати дивана раскладушки, деревянные, усиленные)', 'title_b': 'ламель для кровати 625, 63 мм, 2 шт.', 'target_value_a': '68 см', 'target_value_b': '625'}, {'source_pair_id': 'rp_5eff95be7b2c815f31010d2c', 'product_type': 'ламель для кровати', 'title_a': 'без бренда ламель ортопедическая 815/53/8, гнутая, из березы, толщиной 8 мм - набор из 2 шт (рейки для кровати дивана раскладушки, деревянные)', 'title_b': 'ламель для кровати 530, 53 мм, 2 шт.', 'target_value_a': '81.5 см', 'target_value_b': '530'}]","{'source_singleton_pairs': 23, 'source_pairs_with_explicit_type': 7, 'observed_exact_product_types': 7, 'supported_product_type_profiles': 1}",False,independent_value,['(?:вес|масса|weight|net\\s*weight)'],"[+]?(?:\d+(?:[.,]\d+)?|[.,]\d+)\s*(?:мм|см|м|дюйм\w*|inch(?:es)?|in|\"")",,2,2,1.0,2,2,1.0,0,0,0.0,[],,profile_capacity_policy_v1,829f9c458f1a2a72f16b766dfaf3abbdbad9a1874d71feb4457eab7da52b3fee
gen_stat_c2323c34e927e530,stat_a60dff17ebc1ca48,STAT_LABEL0_MIN2_P80_SCOPED,0,model,different_value,statistical_atomic_difference,Модель,"Создай товар, где характеристику «Модель» можно изменить независимо. Не добавляй другие атрибуты, которые логически фиксируют её значение или станут противоречивыми после замены. Используй вымышленные нейтральные модели и не копируй известный бренд+модель. Модель должна содержать буквы и не может быть полностью числовым каталожным номером.",['Строительство и ремонт'],"Replace exactly this explicit attribute with a different, realistic value for the same concrete product subtype.","Change only this attribute; preserve product subtype and all unrelated facts, and update every title mention consistently.",singleton_all_occurrence_and_product_type_threshold,Строительство и ремонт,override,5,2,"[{'attribute_key': 'модель', 'support': 5}, {'attribute_key': 'torx', 'support': 1}]",744,678,66,0.9112903225806451,39,33,6,0.8461538461538461,553,512,0.9258589511754068,31,26,0.8387096774193549,"{'discovery': {'support': 24, 'target_support': 20, 'target_probability': 0.8333333333333334}, 'validation': {'support': 7, 'target_support': 6, 'target_probability': 0.8571428571428571}}",30,9,rp_269052b7c39f3fd320c7c4de;rp_97af233c05ae01c82b38bfd2;rp_dbbd740160df1730d95fe2bd,aris-b | crete (cr3535-63) | hb76857,"[{'product_type': 'верстак', 'normalized_product_type': 'верстак', 'singleton_pair_support': 2, 'singleton_target_support': 2, 'singleton_target_probability': 1.0, 'split_statistics': {'discovery': {'support': 2, 'target_support': 2, 'target_probability': 1.0}, 'validation': {'support': 0, 'target_support': 0, 'target_probability': 0.0}}, 'source_pair_ids': ['rp_7861716ae1428148affba306', 'rp_d6ea5a433dc6dc1c20d9d9c6'], 'source_examples': [{'source_pair_id': 'rp_7861716ae1428148affba306', 'product_type': 'верстак', 'title_a': 'стол производственный, верстак четырехтумбовый mechanic м20 №1116 универсальный в гараж, в мастерскую,870х2000х700', 'title_b': 'верстакофф стол производственный, верстак четырехтумбовый mechanic м20.1ппс106 универсальный в гараж, в мастерскую,870х2000х700', 'target_value_a': 'м20 №1116', 'target_value_b': 'м20.1ппс106'}, {'source_pair_id': 'rp_d6ea5a433dc6dc1c20d9d9c6', 'product_type': 'верстак', 'title_a': 'стол производственный, верстак трехтумбовый mechanic м15 №197 универсальный в гараж, в мастерскую,870х1500х700', 'title_b': 'верстакофф стол производственный, верстак трехтумбовый mechanic м15.016 универсальный в гараж, в мастерскую,870х1500х700', 'target_value_a': 'м15 №197', 'target_value_b': 'м15.016'}]}]",['верстак'],['Бренд'],"[{'source_pair_id': 'rp_7861716ae1428148affba306', 'product_type': 'верстак', 'title_a': 'стол производственный, верстак четырехтумбовый mechanic м20 №1116 универсальный в гараж, в мастерскую,870х2000х700', 'title_b': 'верстакофф стол производственный, верстак четырехтумбовый mechanic м20.1ппс106 универсальный в гараж, в мастерскую,870х2000х700', 'target_value_a': 'м20 №1116', 'target_value_b': 'м20.1ппс106'}, {'source_pair_id': 'rp_d6ea5a433dc6dc1c20d9d9c6', 'product_type': 'верстак', 'title_a': 'стол производственный, верстак трехтумбовый mechanic м15 №197 универсальный в гараж, в мастерскую,870х1500х700', 'title_b': 'верстакофф стол производственный, верстак трехтумбовый mechanic м15.016 универсальный в гараж, в мастерскую,870х1500х700', 'target_value_a': 'м15 №197', 'target_value_b': 'м15.016'}]","{'source_singleton_pairs': 31, 'source_pairs_with_explicit_type': 18, 'observed_exact_product_types': 16, 'supported_product_type_profiles': 1}",False,identity_value,[],,^(?:модель\s*)?(?:№|#|no)?\s*\d[\d ._/-]*$,2,2,1.0,2,2,1.0,0,0,0.0,[],,profile_capacity_policy_v1,829f9c458f1a2a72f16b766dfaf3abbdbad9a1874d71feb4457eab7da52b3fee
gen_stat_d4edb50c03d0b2d1,stat_a60dff17ebc1ca48,STAT_LABEL0_MIN2_P80_SCOPED,0,model,different_value,statistical_atomic_difference,Модель,"Создай товар, где характеристику «Модель» можно изменить независимо. Не добавляй другие атрибуты, которые логически фиксируют её значение или станут противоречивыми после замены. Используй вымышленные нейтральные модели и не копируй известный бренд+модель. Модель должна содержать буквы и не может быть полностью числовым каталожным номером.",['Строительство и ремонт'],"Replace exactly this explicit attribute with a different, realistic value for the same concrete product subtype.","Change only this attribute; preserve product subtype and all unrelated facts, and update every title mention consistently.",singleton_all_occurrence_and_product_type_threshold,Строительство и ремонт,override,5,2,"[{'attribute_key': 'модель', 'support': 5}, {'attribute_key': 'torx', 'support': 1}]",744,678,66,0.9112903225806451,39,33,6,0.8461538461538461,553,512,0.9258589511754068,31,26,0.8387096774193549,"{'discovery': {'support': 24, 'target_support': 20, 'target_probability': 0.8333333333333334}, 'validation': {'support': 7, 'target_support': 6, 'target_probability': 0.8571428571428571}}",30,9,rp_269052b7c39f3fd320c7c4de;rp_97af233c05ae01c82b38bfd2;rp_dbbd740160df1730d95fe2bd,aris-b | crete (cr3535-63) | hb76857,"[{'product_type': 'кран шаровой', 'normalized_product_type': 'кран шаровой', 'singleton_pair_support': 2, 'singleton_target_support': 2, 'singleton_target_probability': 1.0, 'split_statistics': {'discovery': {'support': 2, 'target_support': 2, 'target_probability': 1.0}, 'validation': {'support': 0, 'target_support': 0, 'target_probability': 0.0}}, 'source_pair_ids': ['rp_a8f4b67caa9ed689ffa8c4bc', 'rp_faae683436f1bb1a0213ac2f'], 'source_examples': [{'source_pair_id': 'rp_a8f4b67caa9ed689ffa8c4bc', 'product_type': 'кран шаровой', 'title_a': 'кран шаровой ld 1/2"" вв (бабочка) серия pride 47.15.b-b.б', 'title_b': 'кран шаровой латунный ld pride 44.15. в-в. м. б ду 15 м20 ру 16 бабочка ( red, g1/2 х м20)', 'target_value_a': '47.15.b-b.б', 'target_value_b': '44.15. в-в. м. б'}, {'source_pair_id': 'rp_faae683436f1bb1a0213ac2f', 'product_type': 'кран шаровой', 'title_a': 'кран шаровой rr 365 1/2 дюйма m-m полнопроходной', 'title_b': 'remer кран шаровой rr 371 1/2 дюйма m-m полнопроходной', 'target_value_a': 'rr 365', 'target_value_b': 'rr 371'}]}]",['кран шаровой'],['Бренд'],"[{'source_pair_id': 'rp_a8f4b67caa9ed689ffa8c4bc', 'product_type': 'кран шаровой', 'title_a': 'кран шаровой ld 1/2"" вв (бабочка) серия pride 47.15.b-b.б', 'title_b': 'кран шаровой латунный ld pride 44.15. в-в. м. б ду 15 м20 ру 16 бабочка ( red, g1/2 х м20)', 'target_value_a': '47.15.b-b.б', 'target_value_b': '44.15. в-в. м. б'}, {'source_pair_id': 'rp_faae683436f1bb1a0213ac2f', 'product_type': 'кран шаровой', 'title_a': 'кран шаровой rr 365 1/2 дюйма m-m полнопроходной', 'title_b': 'remer кран шаровой rr 371 1/2 дюйма m-m полнопроходной', 'target_value_a': 'rr 365', 'target_value_b': 'rr 371'}]","{'source_singleton_pairs': 31, 'source_pairs_with_explicit_type': 18, 'observed_exact_product_types': 16, 'supported_product_type_profiles': 1}",False,identity_value,[],,^(?:модель\s*)?(?:№|#|no)?\s*\d[\d ._/-]*$,2,2,1.0,2,2,1.0,0,0,0.0,[],,profile_capacity_policy_v1,829f9c458f1a2a72f16b766dfaf3abbdbad9a1874d71feb4457eab7da52b3fee
gen_stat_f6c3bfb1315306c6,stat_a60dff17ebc1ca48,STAT_LABEL0_CROSS_SPLIT_MIN2_P80_SCOPED,0,model,different_value,statistical_atomic_difference,Модель,"Создай товар, где характеристику «Модель» можно изменить независимо. Не добавляй другие атрибуты, которые логически фиксируют её значение или станут противоречивыми после замены. Используй вымышленные нейтральные модели и не копируй известный бренд+модель. Модель должна содержать буквы и не может быть полностью числовым каталожным номером.",['Строительство и ремонт'],"Replace exactly this explicit attribute with a different, realistic value for the same concrete product subtype.","Change only this attribute; preserve product subtype and all unrelated facts, and update every title mention consistently.",cross_split_threshold_and_product_type_scope,Строительство и ремонт,override,5,2,"[{'attribute_key': 'модель', 'support': 5}, {'attribute_key': 'torx', 'support': 1}]",744,678,66,0.9112903225806451,39,33,6,0.8461538461538461,553,512,0.9258589511754068,31,26,0.8387096774193549,"{'discovery': {'support': 24, 'target_support': 20, 'target_probability': 0.8333333333333334}, 'validation': {'support': 7, 'target_support': 6, 'target_probability': 0.8571428571428571}}",30,9,rp_269052b7c39f3fd320c7c4de;rp_97af233c05ae01c82b38bfd2;rp_dbbd740160df1730d95fe2bd,aris-b | crete (cr3535-63) | hb76857,"[{'product_type': 'отвертка', 'normalized_product_type': 'отвертка', 'singleton_pair_support': 2, 'singleton_target_support': 2, 'singleton_target_probability': 1.0, 'split_statistics': {'discovery': {'support': 1, 'target_support': 1, 'target_probability': 1.0}, 'validation': {'support': 1, 'target_support': 1, 'target_probability': 1.0}}, 'source_pair_ids': ['rp_2e0e703f44d09155496016cd', 'rp_c5904825ed81edcf6f3002dd'], 'source_examples': [{'source_pair_id': 'rp_2e0e703f44d09155496016cd', 'product_type': 'отвертка', 'title_a': 'kraftool / реверсивная отвертка expert-55', 'title_b': 'реверсивная отвертка kraftool expert с битами 25554-h55.', 'target_value_a': 'expert-55', 'target_value_b': '25554-h55'}, {'source_pair_id': 'rp_c5904825ed81edcf6f3002dd', 'product_type': 'отвертка', 'title_a': 'rossvik отвёртка шлицевая rossvik, sl6125', 'title_b': 'отвёртка шлицевая rossvik, sl5250', 'target_value_a': 'sl6125', 'target_value_b': 'sl5250'}]}]",['отвертка'],['Бренд'],"[{'source_pair_id': 'rp_2e0e703f44d09155496016cd', 'product_type': 'отвертка', 'title_a': 'kraftool / реверсивная отвертка expert-55', 'title_b': 'реверсивная отвертка kraftool expert с битами 25554-h55.', 'target_value_a': 'expert-55', 'target_value_b': '25554-h55'}, {'source_pair_id': 'rp_c5904825ed81edcf6f3002dd', 'product_type': 'отвертка', 'title_a': 'rossvik отвёртка шлицевая rossvik, sl6125', 'title_b': 'отвёртка шлицевая rossvik, sl5250', 'target_value_a': 'sl6125', 'target_value_b': 'sl5250'}]","{'source_singleton_pairs': 31, 'source_pairs_with_explicit_type': 18, 'observed_exact_product_types': 16, 'supported_product_type_profiles': 1}",False,identity_value,[],,^(?:модель\s*)?(?:№|#|no)?\s*\d[\d ._/-]*$,2,2,1.0,1,1,1.0,1,1,1.0,[],,profile_capacity_policy_v1,829f9c458f1a2a72f16b766dfaf3abbdbad9a1874d71feb4457eab7da52b3fee
gen_stat_530c8f3ec91602a0,stat_5f3794d4fb9e51d1,STAT_LABEL0_CROSS_SPLIT_MIN2_P80_SCOPED,0,package_quantity,different_value,statistical_atomic_difference,Количество в упаковке,"Создай товар, где характеристику «Количество в упаковке» можно изменить независимо. Не добавляй другие атрибуты, которые логически фиксируют её значение или станут противоречивыми после замены. Записывай значение только как положительное целое число с явной единицей «шт», например «6 шт»; число без единицы недопустимо. Не дублируй количество в комплектации, весе, объёме или других полях. По примерам конкретного типа определи, означает ли оно число одинаковых товаров либо число основных штук, доз или элементов внутри продаваемой упаковки. Не считай аксессуары и рекламные вложения.",['Строительство и ремонт'],"Replace exactly this explicit attribute with a different, realistic value for the same concrete product subtype.","Change only this attribute; preserve product subtype and all unrelated facts, and update every title mention consistently.",cross_split_threshold_and_product_type_scope,Строительство и ремонт,override,19,0,"[{'attribute_key': 'единиц в одном товаре', 'support': 19}, {'attribute_key': 'количество в упаковке', 'support': 5}, {'attribute_key': 'комплектация', 'support': 4}, {'attribute_key': 'количество предметов в упаковке', 'support': 3}, {'attribute_key': 'кол-во в упаковке', 'support': 1}]",278,271,7,0.9748201438848921,34,33,1,0.9705882352941176,278,271,0.9748201438848921,34,33,0.9705882352941176,"{'discovery': {'support': 25, 'target_support': 25, 'target_probability': 1.0}, 'validation': {'support': 9, 'target_support': 8, 'target_probability': 0.8888888888888888}}",25,9,rp_7de5851c5ed52c8181c76741;rp_801da783ed79f3e01d88af07;rp_eaad01a8220d86b610d9588b,1 | 5шт | 3,"[{'product_type': 'розетка', 'normalized_product_type': 'розетка', 'singleton_pair_support': 5, 'singleton_target_support': 5, 'singleton_target_probability': 1.0, 'split_statistics': {'discovery': {'support': 3, 'target_support': 3, 'target_probability': 1.0}, 'validation': {'support': 2, 'target_support': 2, 'target_probability': 1.0}}, 'source_pair_ids': ['rp_d203f7434f619f6e8e267fba', 'rp_bbeef67c9fb5248c4b078a2d', 'rp_567beb6cffda2f2c3e029ba4', 'rp_6ee506a75e649aa770717a3e', 'rp_79c9e43f2212172d4e416992'], 'source_examples': [{'source_pair_id': 'rp_d203f7434f619f6e8e267fba', 'product_type': 'розетка', 'title_a': 'розетка 2-м оп glory рс22-3-хс 16а с заземл. сосна erh21-k34-16 iek (2шт.)', 'title_b': 'рсш22-3-хс розет. 2-ая с з/к и з/ш о/у 16а glory сосна, iek erh24-k34-16 (1 шт.)', 'target_value_a': '2шт.', 'target_value_b': '1 шт.'}, {'source_pair_id': 'rp_bbeef67c9fb5248c4b078a2d', 'product_type': 'розетка', 'title_a': 'розетка двойная schneider electric glossa с заземлением в сборе. платина', 'title_b': 'розетка двухместная glossa, скрытый монтаж, с заземлением, платина. gsl001224 schneider electric (4шт.)', 'target_value_a': '1', 'target_value_b': '4'}, {'source_pair_id': 'rp_567beb6cffda2f2c3e029ba4', 'product_type': 'розетка', 'title_a': 'розетка 1-м оп viola 16а ip20 без заземл. бел. lezard 751-0200-121', 'title_b': 'розетка 1-м оп viola 16а ip20 без заземл. бел. lezard 751-0200-121 (2шт.)', 'target_value_a': '1', 'target_value_b': '2 шт.'}, {'source_pair_id': 'rp_6ee506a75e649aa770717a3e', 'product_type': 'розетка', 'title_a': 'розетка 1-м оп 16а ip20 круглая без заземл. бел. makel 16012 (3шт.в упак.)', 'title_b': 'розетка 1-м оп 16а ip20 круглая без заземл. бел. makel 16012 (80шт. в упак.)', 'target_value_a': '3', 'target_value_b': '80'}]}]",['розетка'],['Бренд'],"[{'source_pair_id': 'rp_d203f7434f619f6e8e267fba', 'product_type': 'розетка', 'title_a': 'розетка 2-м оп glory рс22-3-хс 16а с заземл. сосна erh21-k34-16 iek (2шт.)', 'title_b': 'рсш22-3-хс розет. 2-ая с з/к и з/ш о/у 16а glory сосна, iek erh24-k34-16 (1 шт.)', 'target_value_a': '2шт.', 'target_value_b': '1 шт.'}, {'source_pair_id': 'rp_bbeef67c9fb5248c4b078a2d', 'product_type': 'розетка', 'title_a': 'розетка двойная schneider electric glossa с заземлением в сборе. платина', 'title_b': 'розетка двухместная glossa, скрытый монтаж, с заземлением, платина. gsl001224 schneider electric (4шт.)', 'target_value_a': '1', 'target_value_b': '4'}, {'source_pair_id': 'rp_567beb6cffda2f2c3e029ba4', 'product_type': 'розетка', 'title_a': 'розетка 1-м оп viola 16а ip20 без заземл. бел. lezard 751-0200-121', 'title_b': 'розетка 1-м оп viola 16а ip20 без заземл. бел. lezard 751-0200-121 (2шт.)', 'target_value_a': '1', 'target_value_b': '2 шт.'}, {'source_pair_id': 'rp_6ee506a75e649aa770717a3e', 'product_type': 'розетка', 'title_a': 'розетка 1-м оп 16а ip20 круглая без заземл. бел. makel 16012 (3шт.в упак.)', 'title_b': 'розетка 1-м оп 16а ip20 круглая без заземл. бел. makel 16012 (80шт. в упак.)', 'target_value_a': '3', 'target_value_b': '80'}]","{'source_singleton_pairs': 34, 'source_pairs_with_explicit_type': 28, 'observed_exact_product_types': 19, 'supported_product_type_profiles': 1}",False,independent_value,['(?:вес|масса|weight|объем|объём|volume|нетто)'],"[1-9]\d{0,4}\s*(?:шт\.?|штук(?:а|и)?|ед\.?|единиц(?:а|ы)?)",,5,5,1.0,3,3,1.0,2,2,1.0,[],,profile_capacity_policy_v1,829f9c458f1a2a72f16b766dfaf3abbdbad9a1874d71feb4457eab7da52b3fee
gen_stat_e46ebd58cbd1ce7b,stat_5f3794d4fb9e51d1,STAT_LABEL0_MIN2_P80_SCOPED,0,package_quantity,different_value,statistical_atomic_difference,Количество в упаковке,"Создай товар, где характеристику «Количество в упаковке» можно изменить независимо. Не добавляй другие атрибуты, которые логически фиксируют её значение или станут противоречивыми после замены. Записывай значение только как положительное целое число с явной единицей «шт», например «6 шт»; число без единицы недопустимо. Не дублируй количество в комплектации, весе, объёме или других полях. По примерам конкретного типа определи, означает ли оно число одинаковых товаров либо число основных штук, доз или элементов внутри продаваемой упаковки. Не считай аксессуары и рекламные вложения.",['Строительство и ремонт'],"Replace exactly this explicit attribute with a different, realistic value for the same concrete product subtype.","Change only this attribute; preserve product subtype and all unrelated facts, and update every title mention consistently.",singleton_all_occurrence_and_product_type_threshold,Строительство и ремонт,override,19,0,"[{'attribute_key': 'единиц в одном товаре', 'support': 19}, {'attribute_key': 'количество в упаковке', 'support': 5}, {'attribute_key': 'комплектация', 'support': 4}, {'attribute_key': 'количество предметов в упаковке', 'support': 3}, {'attribute_key': 'кол-во в упаковке', 'support': 1}]",278,271,7,0.9748201438848921,34,33,1,0.9705882352941176,278,271,0.9748201438848921,34,33,0.9705882352941176,"{'discovery': {'support': 25, 'target_support': 25, 'target_probability': 1.0}, 'validation': {'support': 9, 'target_support': 8, 'target_probability': 0.8888888888888888}}",25,9,rp_7de5851c5ed52c8181c76741;rp_801da783ed79f3e01d88af07;rp_eaad01a8220d86b610d9588b,1 | 5шт | 3,"[{'product_type': 'рамка электроустановочная', 'normalized_product_type': 'рамка электроустановочная', 'singleton_pair_support': 3, 'singleton_target_support': 3, 'singleton_target_probability': 1.0, 'split_statistics': {'discovery': {'support': 3, 'target_support': 3, 'target_probability': 1.0}, 'validation': {'support': 0, 'target_support': 0, 'target_probability': 0.0}}, 'source_pair_ids': ['rp_93588a2cf61ddc236e773d7f', 'rp_151f54cd25138f7e53b7a9e0', 'rp_f071fdd3f1b0750353b06175'], 'source_examples': [{'source_pair_id': 'rp_93588a2cf61ddc236e773d7f', 'product_type': 'рамка электроустановочная', 'title_a': 'iek рамка электроустановочная brite, белый, 1 пост., 1 шт.', 'title_b': 'iek / рамка 1-м brite ру-1-2-брб стекло бел. br-m12-g-k0 (8шт)', 'target_value_a': '1 шт.', 'target_value_b': '8шт'}, {'source_pair_id': 'rp_151f54cd25138f7e53b7a9e0', 'product_type': 'рамка электроустановочная', 'title_a': 'legrand рамка 3-м inspiria бронз. leg | код 673959 | inspiria(группа legrand) (9шт. в упак.)', 'title_b': 'legrand рамка электроустановочная, 6 шт.', 'target_value_a': '9', 'target_value_b': '6'}, {'source_pair_id': 'rp_f071fdd3f1b0750353b06175', 'product_type': 'рамка электроустановочная', 'title_a': 'рамка 2-м лизетта ретро abs-пластик карельская сосна bironi bf1-620-13/pl ( 1шт. )', 'title_b': 'bironi рамка электроустановочная, 8 шт.', 'target_value_a': '1', 'target_value_b': '8'}]}]",['рамка электроустановочная'],['Бренд'],"[{'source_pair_id': 'rp_93588a2cf61ddc236e773d7f', 'product_type': 'рамка электроустановочная', 'title_a': 'iek рамка электроустановочная brite, белый, 1 пост., 1 шт.', 'title_b': 'iek / рамка 1-м brite ру-1-2-брб стекло бел. br-m12-g-k0 (8шт)', 'target_value_a': '1 шт.', 'target_value_b': '8шт'}, {'source_pair_id': 'rp_151f54cd25138f7e53b7a9e0', 'product_type': 'рамка электроустановочная', 'title_a': 'legrand рамка 3-м inspiria бронз. leg | код 673959 | inspiria(группа legrand) (9шт. в упак.)', 'title_b': 'legrand рамка электроустановочная, 6 шт.', 'target_value_a': '9', 'target_value_b': '6'}, {'source_pair_id': 'rp_f071fdd3f1b0750353b06175', 'product_type': 'рамка электроустановочная', 'title_a': 'рамка 2-м лизетта ретро abs-пластик карельская сосна bironi bf1-620-13/pl ( 1шт. )', 'title_b': 'bironi рамка электроустановочная, 8 шт.', 'target_value_a': '1', 'target_value_b': '8'}]","{'source_singleton_pairs': 34, 'source_pairs_with_explicit_type': 28, 'observed_exact_product_types': 19, 'supported_product_type_profiles': 1}",False,independent_value,['(?:вес|масса|weight|объем|объём|volume|нетто)'],"[1-9]\d{0,4}\s*(?:шт\.?|штук(?:а|и)?|ед\.?|единиц(?:а|ы)?)",,3,3,1.0,3,3,1.0,0,0,0.0,[],,profile_capacity_policy_v1,829f9c458f1a2a72f16b766dfaf3abbdbad9a1874d71feb4457eab7da52b3fee
gen_stat_29c0577b6751e4b4,stat_5f3794d4fb9e51d1,STAT_LABEL0_MIN2_P80_SCOPED,0,package_quantity,different_value,statistical_atomic_difference,Количество в упаковке,"Создай товар, где характеристику «Количество в упаковке» можно изменить независимо. Не добавляй другие атрибуты, которые логически фиксируют её значение или станут противоречивыми после замены. Записывай значение только как положительное целое число с явной единицей «шт», например «6 шт»; число без единицы недопустимо. Не дублируй количество в комплектации, весе, объёме или других полях. По примерам конкретного типа определи, означает ли оно число одинаковых товаров либо число основных штук, доз или элементов внутри продаваемой упаковки. Не считай аксессуары и рекламные вложения.",['Строительство и ремонт'],"Replace exactly this explicit attribute with a different, realistic value for the same concrete product subtype.","Change only this attribute; preserve product subtype and all unrelated facts, and update every title mention consistently.",singleton_all_occurrence_and_product_type_threshold,Строительство и ремонт,override,19,0,"[{'attribute_key': 'единиц в одном товаре', 'support': 19}, {'attribute_key': 'количество в упаковке', 'support': 5}, {'attribute_key': 'комплектация', 'support': 4}, {'attribute_key': 'количество предметов в упаковке', 'support': 3}, {'attribute_key': 'кол-во в упаковке', 'support': 1}]",278,271,7,0.9748201438848921,34,33,1,0.9705882352941176,278,271,0.9748201438848921,34,33,0.9705882352941176,"{'discovery': {'support': 25, 'target_support': 25, 'target_probability': 1.0}, 'validation': {'support': 9, 'target_support': 8, 'target_probability': 0.8888888888888888}}",25,9,rp_7de5851c5ed52c8181c76741;rp_801da783ed79f3e01d88af07;rp_eaad01a8220d86b610d9588b,1 | 5шт | 3,"[{'product_type': 'светильник', 'normalized_product_type': 'светильник', 'singleton_pair_support': 3, 'singleton_target_support': 3, 'singleton_target_probability': 1.0, 'split_statistics': {'discovery': {'support': 3, 'target_support': 3, 'target_probability': 1.0}, 'validation': {'support': 0, 'target_support': 0, 'target_probability': 0.0}}, 'source_pair_ids': ['rp_7de5851c5ed52c8181c76741', 'rp_deca6aef6b7d572e2b232266', 'rp_f32c4ea81fa4c4fbf6ee2177'], 'source_examples': [{'source_pair_id': 'rp_7de5851c5ed52c8181c76741', 'product_type': 'светильник', 'title_a': 'светильник светодиодный точечный dk ld23 sl/wh gx53 декор со светодиод. подсветкой прозр. эра б0029627', 'title_b': '(2 шт.) эра свет-к dk ld23 sl/wh декор cо светодиодной подсветкой gx53, прозрачный', 'target_value_a': '1', 'target_value_b': '2'}, {'source_pair_id': 'rp_deca6aef6b7d572e2b232266', 'product_type': 'светильник', 'title_a': 'эра подвесной светильник', 'title_b': 'светильник kl1a ch 50вт mr16 12в точечный литой поворот. хром. эра c0043656 (8шт. в упак.)', 'target_value_a': '3', 'target_value_b': '8'}, {'source_pair_id': 'rp_f32c4ea81fa4c4fbf6ee2177', 'product_type': 'светильник', 'title_a': 'эра светильник декоративный светильник точечный st3 ch 50вт mr16 12в штампован. хром. эра c0043804', 'title_b': 'светильник st3 ch 50вт mr16 12в точечный штампован. хром. эра c0043804 (3шт. в упак.)', 'target_value_a': '1', 'target_value_b': '3'}]}]",['светильник'],['Бренд'],"[{'source_pair_id': 'rp_7de5851c5ed52c8181c76741', 'product_type': 'светильник', 'title_a': 'светильник светодиодный точечный dk ld23 sl/wh gx53 декор со светодиод. подсветкой прозр. эра б0029627', 'title_b': '(2 шт.) эра свет-к dk ld23 sl/wh декор cо светодиодной подсветкой gx53, прозрачный', 'target_value_a': '1', 'target_value_b': '2'}, {'source_pair_id': 'rp_deca6aef6b7d572e2b232266', 'product_type': 'светильник', 'title_a': 'эра подвесной светильник', 'title_b': 'светильник kl1a ch 50вт mr16 12в точечный литой поворот. хром. эра c0043656 (8шт. в упак.)', 'target_value_a': '3', 'target_value_b': '8'}, {'source_pair_id': 'rp_f32c4ea81fa4c4fbf6ee2177', 'product_type': 'светильник', 'title_a': 'эра светильник декоративный светильник точечный st3 ch 50вт mr16 12в штампован. хром. эра c0043804', 'title_b': 'светильник st3 ch 50вт mr16 12в точечный штампован. хром. эра c0043804 (3шт. в упак.)', 'target_value_a': '1', 'target_value_b': '3'}]","{'source_singleton_pairs': 34, 'source_pairs_with_explicit_type': 28, 'observed_exact_product_types': 19, 'supported_product_type_profiles': 1}",False,independent_value,['(?:вес|масса|weight|объем|объём|volume|нетто)'],"[1-9]\d{0,4}\s*(?:шт\.?|штук(?:а|и)?|ед\.?|единиц(?:а|ы)?)",,3,3,1.0,3,3,1.0,0,0,0.0,[],,profile_capacity_policy_v1,829f9c458f1a2a72f16b766dfaf3abbdbad9a1874d71feb4457eab7da52b3fee
gen_stat_0cb1577b473cdf55,stat_5f3794d4fb9e51d1,STAT_LABEL0_MIN2_P80_SCOPED,0,package_quantity,different_value,statistical_atomic_difference,Количество в упаковке,"Создай товар, где характеристику «Количество в упаковке» можно изменить независимо. Не добавляй другие атрибуты, которые логически фиксируют её значение или станут противоречивыми после замены. Записывай значение только как положительное целое число с явной единицей «шт», например «6 шт»; число без единицы недопустимо. Не дублируй количество в комплектации, весе, объёме или других полях. По примерам конкретного типа определи, означает ли оно число одинаковых товаров либо число основных штук, доз или элементов внутри продаваемой упаковки. Не считай аксессуары и рекламные вложения.",['Строительство и ремонт'],"Replace exactly this explicit attribute with a different, realistic value for the same concrete product subtype.","Change only this attribute; preserve product subtype and all unrelated facts, and update every title mention consistently.",singleton_all_occurrence_and_product_type_threshold,Строительство и ремонт,override,19,0,"[{'attribute_key': 'единиц в одном товаре', 'support': 19}, {'attribute_key': 'количество в упаковке', 'support': 5}, {'attribute_key': 'комплектация', 'support': 4}, {'attribute_key': 'количество предметов в упаковке', 'support': 3}, {'attribute_key': 'кол-во в упаковке', 'support': 1}]",278,271,7,0.9748201438848921,34,33,1,0.9705882352941176,278,271,0.9748201438848921,34,33,0.9705882352941176,"{'discovery': {'support': 25, 'target_support': 25, 'target_probability': 1.0}, 'validation': {'support': 9, 'target_support': 8, 'target_probability': 0.8888888888888888}}",25,9,rp_7de5851c5ed52c8181c76741;rp_801da783ed79f3e01d88af07;rp_eaad01a8220d86b610d9588b,1 | 5шт | 3,"[{'product_type': 'анкер', 'normalized_product_type': 'анкер', 'singleton_pair_support': 2, 'singleton_target_support': 2, 'singleton_target_probability': 1.0, 'split_statistics': {'discovery': {'support': 2, 'target_support': 2, 'target_probability': 1.0}, 'validation': {'support': 0, 'target_support': 0, 'target_probability': 0.0}}, 'source_pair_ids': ['rp_e4348f51feb653d06e334aee', 'rp_704c7cf3ecb5ddfc434036ff'], 'source_examples': [{'source_pair_id': 'rp_e4348f51feb653d06e334aee', 'product_type': 'анкер', 'title_a': 'зубр / анкер молли с крюком, оцинкованный, 11 ммхm5x52 мм, 80 шт', 'title_b': 'зубр анкер', 'target_value_a': '80 шт', 'target_value_b': '1 шт'}, {'source_pair_id': 'rp_704c7cf3ecb5ddfc434036ff', 'product_type': 'анкер', 'title_a': 'анкер 10х052 д/рам оконных', 'title_b': 'анкер рамный 10х52 (2 шт)', 'target_value_a': '10 шт.', 'target_value_b': '2'}]}]",['анкер'],['Бренд'],"[{'source_pair_id': 'rp_e4348f51feb653d06e334aee', 'product_type': 'анкер', 'title_a': 'зубр / анкер молли с крюком, оцинкованный, 11 ммхm5x52 мм, 80 шт', 'title_b': 'зубр анкер', 'target_value_a': '80 шт', 'target_value_b': '1 шт'}, {'source_pair_id': 'rp_704c7cf3ecb5ddfc434036ff', 'product_type': 'анкер', 'title_a': 'анкер 10х052 д/рам оконных', 'title_b': 'анкер рамный 10х52 (2 шт)', 'target_value_a': '10 шт.', 'target_value_b': '2'}]","{'source_singleton_pairs': 34, 'source_pairs_with_explicit_type': 28, 'observed_exact_product_types': 19, 'supported_product_type_profiles': 1}",False,independent_value,['(?:вес|масса|weight|объем|объём|volume|нетто)'],"[1-9]\d{0,4}\s*(?:шт\.?|штук(?:а|и)?|ед\.?|единиц(?:а|ы)?)",,2,2,1.0,2,2,1.0,0,0,0.0,[],,profile_capacity_policy_v1,829f9c458f1a2a72f16b766dfaf3abbdbad9a1874d71feb4457eab7da52b3fee
gen_stat_7d78f533a49679e8,stat_5f3794d4fb9e51d1,STAT_LABEL0_CROSS_SPLIT_MIN2_P80_SCOPED,0,package_quantity,different_value,statistical_atomic_difference,Количество в упаковке,"Создай товар, где характеристику «Количество в упаковке» можно изменить независимо. Не добавляй другие атрибуты, которые логически фиксируют её значение или станут противоречивыми после замены. Записывай значение только как положительное целое число с явной единицей «шт», например «6 шт»; число без единицы недопустимо. Не дублируй количество в комплектации, весе, объёме или других полях. По примерам конкретного типа определи, означает ли оно число одинаковых товаров либо число основных штук, доз или элементов внутри продаваемой упаковки. Не считай аксессуары и рекламные вложения.",['Строительство и ремонт'],"Replace exactly this explicit attribute with a different, realistic value for the same concrete product subtype.","Change only this attribute; preserve product subtype and all unrelated facts, and update every title mention consistently.",cross_split_threshold_and_product_type_scope,Строительство и ремонт,override,19,0,"[{'attribute_key': 'единиц в одном товаре', 'support': 19}, {'attribute_key': 'количество в упаковке', 'support': 5}, {'attribute_key': 'комплектация', 'support': 4}, {'attribute_key': 'количество предметов в упаковке', 'support': 3}, {'attribute_key': 'кол-во в упаковке', 'support': 1}]",278,271,7,0.9748201438848921,34,33,1,0.9705882352941176,278,271,0.9748201438848921,34,33,0.9705882352941176,"{'discovery': {'support': 25, 'target_support': 25, 'target_probability': 1.0}, 'validation': {'support': 9, 'target_support': 8, 'target_probability': 0.8888888888888888}}",25,9,rp_7de5851c5ed52c8181c76741;rp_801da783ed79f3e01d88af07;rp_eaad01a8220d86b610d9588b,1 | 5шт | 3,"[{'product_type': 'выключатель', 'normalized_product_type': 'выключатель', 'singleton_pair_support': 2, 'singleton_target_support': 2, 'singleton_target_probability': 1.0, 'split_statistics': {'discovery': {'support': 1, 'target_support': 1, 'target_probability': 1.0}, 'validation': {'support': 1, 'target_support': 1, 'target_probability': 1.0}}, 'source_pair_ids': ['rp_673236ace04a031f5250acf1', 'rp_018b87d519c39e350dddec40'], 'source_examples': [{'source_pair_id': 'rp_673236ace04a031f5250acf1', 'product_type': 'выключатель', 'title_a': 'выключатель одноклавишный 10ax-250в, (белый), legrand inspiria (комплект 7шт)', 'title_b': 'выключатель одноклавишный 10ax-250в, (белый), legrand inspiria (комплект 2шт)', 'target_value_a': '7', 'target_value_b': '2'}, {'source_pair_id': 'rp_018b87d519c39e350dddec40', 'product_type': 'выключатель', 'title_a': 'ekf / выключатель мурманск 2-клавишный 10а ip54 серый код efv10-023-30-54 ekf ( 1шт. )', 'title_b': 'выключатель ekf / екф мурманск, 10а ip54 серый 71х50х77мм двухклавишный, efv10-023-30-54 / переключатель (комплект из 3 шт)', 'target_value_a': '1шт.', 'target_value_b': '3 шт'}]}]",['выключатель'],['Бренд'],"[{'source_pair_id': 'rp_673236ace04a031f5250acf1', 'product_type': 'выключатель', 'title_a': 'выключатель одноклавишный 10ax-250в, (белый), legrand inspiria (комплект 7шт)', 'title_b': 'выключатель одноклавишный 10ax-250в, (белый), legrand inspiria (комплект 2шт)', 'target_value_a': '7', 'target_value_b': '2'}, {'source_pair_id': 'rp_018b87d519c39e350dddec40', 'product_type': 'выключатель', 'title_a': 'ekf / выключатель мурманск 2-клавишный 10а ip54 серый код efv10-023-30-54 ekf ( 1шт. )', 'title_b': 'выключатель ekf / екф мурманск, 10а ip54 серый 71х50х77мм двухклавишный, efv10-023-30-54 / переключатель (комплект из 3 шт)', 'target_value_a': '1шт.', 'target_value_b': '3 шт'}]","{'source_singleton_pairs': 34, 'source_pairs_with_explicit_type': 28, 'observed_exact_product_types': 19, 'supported_product_type_profiles': 1}",False,independent_value,['(?:вес|масса|weight|объем|объём|volume|нетто)'],"[1-9]\d{0,4}\s*(?:шт\.?|штук(?:а|и)?|ед\.?|единиц(?:а|ы)?)",,2,2,1.0,1,1,1.0,1,1,1.0,[],,profile_capacity_policy_v1,829f9c458f1a2a72f16b766dfaf3abbdbad9a1874d71feb4457eab7da52b3fee
gen_stat_1a3dcb0b7448febc,stat_5f3794d4fb9e51d1,STAT_LABEL0_CROSS_SPLIT_MIN2_P80_SCOPED,0,package_quantity,different_value,statistical_atomic_difference,Количество в упаковке,"Создай товар, где характеристику «Количество в упаковке» можно изменить независимо. Не добавляй другие атрибуты, которые логически фиксируют её значение или станут противоречивыми после замены. Записывай значение только как положительное целое число с явной единицей «шт», например «6 шт»; число без единицы недопустимо. Не дублируй количество в комплектации, весе, объёме или других полях. По примерам конкретного типа определи, означает ли оно число одинаковых товаров либо число основных штук, доз или элементов внутри продаваемой упаковки. Не считай аксессуары и рекламные вложения.",['Строительство и ремонт'],"Replace exactly this explicit attribute with a different, realistic value for the same concrete product subtype.","Change only this attribute; preserve product subtype and all unrelated facts, and update every title mention consistently.",cross_split_threshold_and_product_type_scope,Строительство и ремонт,override,19,0,"[{'attribute_key': 'единиц в одном товаре', 'support': 19}, {'attribute_key': 'количество в упаковке', 'support': 5}, {'attribute_key': 'комплектация', 'support': 4}, {'attribute_key': 'количество предметов в упаковке', 'support': 3}, {'attribute_key': 'кол-во в упаковке', 'support': 1}]",278,271,7,0.9748201438848921,34,33,1,0.9705882352941176,278,271,0.9748201438848921,34,33,0.9705882352941176,"{'discovery': {'support': 25, 'target_support': 25, 'target_probability': 1.0}, 'validation': {'support': 9, 'target_support': 8, 'target_probability': 0.8888888888888888}}",25,9,rp_7de5851c5ed52c8181c76741;rp_801da783ed79f3e01d88af07;rp_eaad01a8220d86b610d9588b,1 | 5шт | 3,"[{'product_type': 'лампочка', 'normalized_product_type': 'лампочка', 'singleton_pair_support': 2, 'singleton_target_support': 2, 'singleton_target_probability': 1.0, 'split_statistics': {'discovery': {'support': 1, 'target_support': 1, 'target_probability': 1.0}, 'validation': {'support': 1, 'target_support': 1, 'target_probability': 1.0}}, 'source_pair_ids': ['rp_c174ced2796748e1249ad753', 'rp_f6603c6044fc12f58cd3a2a6'], 'source_examples': [{'source_pair_id': 'rp_c174ced2796748e1249ad753', 'product_type': 'лампочка', 'title_a': '(2 шт.) светодиодная лампочка feron g9 230v 5w(400lm) 2700k 2k матовая 47x16, lb-430 25636', 'title_b': 'feron лампочка g9 230v 5w(400lm) 2700k 2k матовая 47x16, lb-430 25636 (10 шт.), 10 шт.', 'target_value_a': '2', 'target_value_b': '10'}, {'source_pair_id': 'rp_f6603c6044fc12f58cd3a2a6', 'product_type': 'лампочка', 'title_a': '(10 шт.) светодиодная лампочка gauss свеча c37 e27 9.5w(950lm) 4100k 4k 101x37матовая, алюм./пластик 103102210 нейтральный белый. цоколь e27', 'title_b': 'gauss / (15 шт.) светодиодная лампочка gauss свеча c37 e27 9.5w(950l', 'target_value_a': '10', 'target_value_b': '15'}]}]",['лампочка'],['Бренд'],"[{'source_pair_id': 'rp_c174ced2796748e1249ad753', 'product_type': 'лампочка', 'title_a': '(2 шт.) светодиодная лампочка feron g9 230v 5w(400lm) 2700k 2k матовая 47x16, lb-430 25636', 'title_b': 'feron лампочка g9 230v 5w(400lm) 2700k 2k матовая 47x16, lb-430 25636 (10 шт.), 10 шт.', 'target_value_a': '2', 'target_value_b': '10'}, {'source_pair_id': 'rp_f6603c6044fc12f58cd3a2a6', 'product_type': 'лампочка', 'title_a': '(10 шт.) светодиодная лампочка gauss свеча c37 e27 9.5w(950lm) 4100k 4k 101x37матовая, алюм./пластик 103102210 нейтральный белый. цоколь e27', 'title_b': 'gauss / (15 шт.) светодиодная лампочка gauss свеча c37 e27 9.5w(950l', 'target_value_a': '10', 'target_value_b': '15'}]","{'source_singleton_pairs': 34, 'source_pairs_with_explicit_type': 28, 'observed_exact_product_types': 19, 'supported_product_type_profiles': 1}",False,independent_value,['(?:вес|масса|weight|объем|объём|volume|нетто)'],"[1-9]\d{0,4}\s*(?:шт\.?|штук(?:а|и)?|ед\.?|единиц(?:а|ы)?)",,2,2,1.0,1,1,1.0,1,1,1.0,[],,profile_capacity_policy_v1,829f9c458f1a2a72f16b766dfaf3abbdbad9a1874d71feb4457eab7da52b3fee
gen_stat_1a4a2510f4ac4cbc,stat_5f3794d4fb9e51d1,STAT_LABEL0_CROSS_SPLIT_MIN2_P80_SCOPED,0,package_quantity,different_value,statistical_atomic_difference,Количество в упаковке,"Создай товар, где характеристику «Количество в упаковке» можно изменить независимо. Не добавляй другие атрибуты, которые логически фиксируют её значение или станут противоречивыми после замены. Записывай значение только как положительное целое число с явной единицей «шт», например «6 шт»; число без единицы недопустимо. Не дублируй количество в комплектации, весе, объёме или других полях. По примерам конкретного типа определи, означает ли оно число одинаковых товаров либо число основных штук, доз или элементов внутри продаваемой упаковки. Не считай аксессуары и рекламные вложения.",['Строительство и ремонт'],"Replace exactly this explicit attribute with a different, realistic value for the same concrete product subtype.","Change only this attribute; preserve product subtype and all unrelated facts, and update every title mention consistently.",cross_split_threshold_and_product_type_scope,Строительство и ремонт,override,19,0,"[{'attribute_key': 'единиц в одном товаре', 'support': 19}, {'attribute_key': 'количество в упаковке', 'support': 5}, {'attribute_key': 'комплектация', 'support': 4}, {'attribute_key': 'количество предметов в упаковке', 'support': 3}, {'attribute_key': 'кол-во в упаковке', 'support': 1}]",278,271,7,0.9748201438848921,34,33,1,0.9705882352941176,278,271,0.9748201438848921,34,33,0.9705882352941176,"{'discovery': {'support': 25, 'target_support': 25, 'target_probability': 1.0}, 'validation': {'support': 9, 'target_support': 8, 'target_probability': 0.8888888888888888}}",25,9,rp_7de5851c5ed52c8181c76741;rp_801da783ed79f3e01d88af07;rp_eaad01a8220d86b610d9588b,1 | 5шт | 3,"[{'product_type': 'муфта', 'normalized_product_type': 'муфта', 'singleton_pair_support': 2, 'singleton_target_support': 2, 'singleton_target_probability': 1.0, 'split_statistics': {'discovery': {'support': 1, 'target_support': 1, 'target_probability': 1.0}, 'validation': {'support': 1, 'target_support': 1, 'target_probability': 1.0}}, 'source_pair_ids': ['rp_ce0a6b84497075d90a0a3a01', 'rp_01abc54ba8889c501adecdf7'], 'source_examples': [{'source_pair_id': 'rp_ce0a6b84497075d90a0a3a01', 'product_type': 'муфта', 'title_a': 'муфта комбинированная разъемная (американка) с наружной резьбой 25 мм x 3/4"" полипропиленовая ppr белая valfex (5шт)', 'title_b': 'муфта комбинированная разъемная (американка) с наружной резьбой  25 мм x 3/4"" полипропиленовая ppr белая valfex (1шт)', 'target_value_a': '5шт', 'target_value_b': '1шт'}, {'source_pair_id': 'rp_01abc54ba8889c501adecdf7', 'product_type': 'муфта', 'title_a': 'муфта переходная с наружной резьбой 25 мм x 3/4"" полипропиленовая ppr белая valfex (7шт)', 'title_b': 'муфта переходная с наружной резьбой 25 мм x 3/4"" полипропиленовая ppr белая valfex (25шт)', 'target_value_a': '7', 'target_value_b': '25'}]}]",['муфта'],['Бренд'],"[{'source_pair_id': 'rp_ce0a6b84497075d90a0a3a01', 'product_type': 'муфта', 'title_a': 'муфта комбинированная разъемная (американка) с наружной резьбой 25 мм x 3/4"" полипропиленовая ppr белая valfex (5шт)', 'title_b': 'муфта комбинированная разъемная (американка) с наружной резьбой  25 мм x 3/4"" полипропиленовая ppr белая valfex (1шт)', 'target_value_a': '5шт', 'target_value_b': '1шт'}, {'source_pair_id': 'rp_01abc54ba8889c501adecdf7', 'product_type': 'муфта', 'title_a': 'муфта переходная с наружной резьбой 25 мм x 3/4"" полипропиленовая ppr белая valfex (7шт)', 'title_b': 'муфта переходная с наружной резьбой 25 мм x 3/4"" полипропиленовая ppr белая valfex (25шт)', 'target_value_a': '7', 'target_value_b': '25'}]","{'source_singleton_pairs': 34, 'source_pairs_with_explicit_type': 28, 'observed_exact_product_types': 19, 'supported_product_type_profiles': 1}",False,independent_value,['(?:вес|масса|weight|объем|объём|volume|нетто)'],"[1-9]\d{0,4}\s*(?:шт\.?|штук(?:а|и)?|ед\.?|единиц(?:а|ы)?)",,2,2,1.0,1,1,1.0,1,1,1.0,[],,profile_capacity_policy_v1,829f9c458f1a2a72f16b766dfaf3abbdbad9a1874d71feb4457eab7da52b3fee
gen_stat_953cd6d64d8d9eb7,stat_5f3794d4fb9e51d1,STAT_LABEL0_MIN2_P80_SCOPED,0,package_quantity,different_value,statistical_atomic_difference,Количество в упаковке,"Создай товар, где характеристику «Количество в упаковке» можно изменить независимо. Не добавляй другие атрибуты, которые логически фиксируют её значение или станут противоречивыми после замены. Записывай значение только как положительное целое число с явной единицей «шт», например «6 шт»; число без единицы недопустимо. Не дублируй количество в комплектации, весе, объёме или других полях. По примерам конкретного типа определи, означает ли оно число одинаковых товаров либо число основных штук, доз или элементов внутри продаваемой упаковки. Не считай аксессуары и рекламные вложения.",['Строительство и ремонт'],"Replace exactly this explicit attribute with a different, realistic value for the same concrete product subtype.","Change only this attribute; preserve product subtype and all unrelated facts, and update every title mention consistently.",singleton_all_occurrence_and_product_type_threshold,Строительство и ремонт,override,19,0,"[{'attribute_key': 'единиц в одном товаре', 'support': 19}, {'attribute_key': 'количество в упаковке', 'support': 5}, {'attribute_key': 'комплектация', 'support': 4}, {'attribute_key': 'количество предметов в упаковке', 'support': 3}, {'attribute_key': 'кол-во в упаковке', 'support': 1}]",278,271,7,0.9748201438848921,34,33,1,0.9705882352941176,278,271,0.9748201438848921,34,33,0.9705882352941176,"{'discovery': {'support': 25, 'target_support': 25, 'target_probability': 1.0}, 'validation': {'support': 9, 'target_support': 8, 'target_probability': 0.8888888888888888}}",25,9,rp_7de5851c5ed52c8181c76741;rp_801da783ed79f3e01d88af07;rp_eaad01a8220d86b610d9588b,1 | 5шт | 3,"[{'product_type': 'прожектор', 'normalized_product_type': 'прожектор', 'singleton_pair_support': 2, 'singleton_target_support': 2, 'singleton_target_probability': 1.0, 'split_statistics': {'discovery': {'support': 2, 'target_support': 2, 'target_probability': 1.0}, 'validation': {'support': 0, 'target_support': 0, 'target_probability': 0.0}}, 'source_pair_ids': ['rp_e1bb5f14338ef30b6620f43f', 'rp_021eeff7b7365b2a91ba2952'], 'source_examples': [{'source_pair_id': 'rp_e1bb5f14338ef30b6620f43f', 'product_type': 'прожектор', 'title_a': 'эра прожектор', 'title_b': 'прожектор светодиодный lpr-041-1-65k-030 30вт 6500к 2100лм ip65 139х104х35 уличный датчик движ. нерегулир. | код. б0043575 | эра (5шт. в упак.)', 'target_value_a': '9', 'target_value_b': '5'}, {'source_pair_id': 'rp_021eeff7b7365b2a91ba2952', 'product_type': 'прожектор', 'title_a': 'эра прожектор, светодиодный lpr-041-1-65k-030 30вт 6500к 2100лм ip65 139х104х35 уличный датчик движ. нерегулир. .', 'title_b': 'прожектор светодиодный lpr-041-1-65k-030 30вт 6500к 2100лм ip65 139х104х35 уличный датчик движ. нерегулир. эра б0043575', 'target_value_a': '7', 'target_value_b': '1'}]}]",['прожектор'],['Бренд'],"[{'source_pair_id': 'rp_e1bb5f14338ef30b6620f43f', 'product_type': 'прожектор', 'title_a': 'эра прожектор', 'title_b': 'прожектор светодиодный lpr-041-1-65k-030 30вт 6500к 2100лм ip65 139х104х35 уличный датчик движ. нерегулир. | код. б0043575 | эра (5шт. в упак.)', 'target_value_a': '9', 'target_value_b': '5'}, {'source_pair_id': 'rp_021eeff7b7365b2a91ba2952', 'product_type': 'прожектор', 'title_a': 'эра прожектор, светодиодный lpr-041-1-65k-030 30вт 6500к 2100лм ip65 139х104х35 уличный датчик движ. нерегулир. .', 'title_b': 'прожектор светодиодный lpr-041-1-65k-030 30вт 6500к 2100лм ip65 139х104х35 уличный датчик движ. нерегулир. эра б0043575', 'target_value_a': '7', 'target_value_b': '1'}]","{'source_singleton_pairs': 34, 'source_pairs_with_explicit_type': 28, 'observed_exact_product_types': 19, 'supported_product_type_profiles': 1}",False,independent_value,['(?:вес|масса|weight|объем|объём|volume|нетто)'],"[1-9]\d{0,4}\s*(?:шт\.?|штук(?:а|и)?|ед\.?|единиц(?:а|ы)?)",,2,2,1.0,2,2,1.0,0,0,0.0,[],,profile_capacity_policy_v1,829f9c458f1a2a72f16b766dfaf3abbdbad9a1874d71feb4457eab7da52b3fee
gen_stat_4b19c32984e67278,stat_5f3794d4fb9e51d1,STAT_LABEL0_MIN2_P80_SCOPED,0,package_quantity,different_value,statistical_atomic_difference,Количество в упаковке,"Создай товар, где характеристику «Количество в упаковке» можно изменить независимо. Не добавляй другие атрибуты, которые логически фиксируют её значение или станут противоречивыми после замены. Записывай значение только как положительное целое число с явной единицей «шт», например «6 шт»; число без единицы недопустимо. Не дублируй количество в комплектации, весе, объёме или других полях. По примерам конкретного типа определи, означает ли оно число одинаковых товаров либо число основных штук, доз или элементов внутри продаваемой упаковки. Не считай аксессуары и рекламные вложения.",['Строительство и ремонт'],"Replace exactly this explicit attribute with a different, realistic value for the same concrete product subtype.","Change only this attribute; preserve product subtype and all unrelated facts, and update every title mention consistently.",singleton_all_occurrence_and_product_type_threshold,Строительство и ремонт,override,19,0,"[{'attribute_key': 'единиц в одном товаре', 'support': 19}, {'attribute_key': 'количество в упаковке', 'support': 5}, {'attribute_key': 'комплектация', 'support': 4}, {'attribute_key': 'количество предметов в упаковке', 'support': 3}, {'attribute_key': 'кол-во в упаковке', 'support': 1}]",278,271,7,0.9748201438848921,34,33,1,0.9705882352941176,278,271,0.9748201438848921,34,33,0.9705882352941176,"{'discovery': {'support': 25, 'target_support': 25, 'target_probability': 1.0}, 'validation': {'support': 9, 'target_support': 8, 'target_probability': 0.8888888888888888}}",25,9,rp_7de5851c5ed52c8181c76741;rp_801da783ed79f3e01d88af07;rp_eaad01a8220d86b610d9588b,1 | 5шт | 3,"[{'product_type': 'рамка', 'normalized_product_type': 'рамка', 'singleton_pair_support': 2, 'singleton_target_support': 2, 'singleton_target_probability': 1.0, 'split_statistics': {'discovery': {'support': 2, 'target_support': 2, 'target_probability': 1.0}, 'validation': {'support': 0, 'target_support': 0, 'target_probability': 0.0}}, 'source_pair_ids': ['rp_151f54cd25138f7e53b7a9e0', 'rp_f071fdd3f1b0750353b06175'], 'source_examples': [{'source_pair_id': 'rp_151f54cd25138f7e53b7a9e0', 'product_type': 'рамка', 'title_a': 'legrand рамка 3-м inspiria бронз. leg | код 673959 | inspiria(группа legrand) (9шт. в упак.)', 'title_b': 'legrand рамка электроустановочная, 6 шт.', 'target_value_a': '9', 'target_value_b': '6'}, {'source_pair_id': 'rp_f071fdd3f1b0750353b06175', 'product_type': 'рамка', 'title_a': 'рамка 2-м лизетта ретро abs-пластик карельская сосна bironi bf1-620-13/pl ( 1шт. )', 'title_b': 'bironi рамка электроустановочная, 8 шт.', 'target_value_a': '1', 'target_value_b': '8'}]}]",['рамка'],['Бренд'],"[{'source_pair_id': 'rp_151f54cd25138f7e53b7a9e0', 'product_type': 'рамка', 'title_a': 'legrand рамка 3-м inspiria бронз. leg | код 673959 | inspiria(группа legrand) (9шт. в упак.)', 'title_b': 'legrand рамка электроустановочная, 6 шт.', 'target_value_a': '9', 'target_value_b': '6'}, {'source_pair_id': 'rp_f071fdd3f1b0750353b06175', 'product_type': 'рамка', 'title_a': 'рамка 2-м лизетта ретро abs-пластик карельская сосна bironi bf1-620-13/pl ( 1шт. )', 'title_b': 'bironi рамка электроустановочная, 8 шт.', 'target_value_a': '1', 'target_value_b': '8'}]","{'source_singleton_pairs': 34, 'source_pairs_with_explicit_type': 28, 'observed_exact_product_types': 19, 'supported_product_type_profiles': 1}",False,independent_value,['(?:вес|масса|weight|объем|объём|volume|нетто)'],"[1-9]\d{0,4}\s*(?:шт\.?|штук(?:а|и)?|ед\.?|единиц(?:а|ы)?)",,2,2,1.0,2,2,1.0,0,0,0.0,[],,profile_capacity_policy_v1,829f9c458f1a2a72f16b766dfaf3abbdbad9a1874d71feb4457eab7da52b3fee
gen_stat_57d8d17f597c7e32,stat_fa3d65104e680308,STAT_LABEL0_MIN2_P80_SCOPED,0,size,different_value,statistical_atomic_difference,Размер,"Создай товар, где характеристику «Размер» можно изменить независимо. Не добавляй другие атрибуты, которые логически фиксируют её значение или станут противоречивыми после замены.",['Строительство и ремонт'],"Replace exactly this explicit attribute with a different, realistic value for the same concrete product subtype.","Change only this attribute; preserve product subtype and all unrelated facts, and update every title mention consistently.",singleton_all_occurrence_and_product_type_threshold,Строительство и ремонт,override,3,0,"[{'attribute_key': 'размер ключа', 'support': 3}, {'attribute_key': 'размер ключа, в миллиметрах', 'support': 1}]",33,32,1,0.9696969696969697,6,6,0,1.0,32,31,0.96875,5,5,1.0,"{'discovery': {'support': 3, 'target_support': 3, 'target_probability': 1.0}, 'validation': {'support': 2, 'target_support': 2, 'target_probability': 1.0}}",4,2,rp_10fa11eab2be79597d00fe05;rp_aec4a5a940739c9f5a62f5ce;rp_88747623c07952add4e95fff,"2,5-4мм | 32x3/4"" | 18 мм","[{'product_type': 'ключ', 'normalized_product_type': 'ключ', 'singleton_pair_support': 2, 'singleton_target_support': 2, 'singleton_target_probability': 1.0, 'split_statistics': {'discovery': {'support': 2, 'target_support': 2, 'target_probability': 1.0}, 'validation': {'support': 0, 'target_support': 0, 'target_probability': 0.0}}, 'source_pair_ids': ['rp_88747623c07952add4e95fff', 'rp_d0fb71fe3c17e72c642bde4b'], 'source_examples': [{'source_pair_id': 'rp_88747623c07952add4e95fff', 'product_type': 'ключ', 'title_a': 'ключ комбинированный vira с храповым механизмом 18мм', 'title_b': 'комбинированный ключ с трещоточным механизмом vira 12 мм 511068', 'target_value_a': '18 мм', 'target_value_b': '12'}, {'source_pair_id': 'rp_d0fb71fe3c17e72c642bde4b', 'product_type': 'ключ', 'title_a': 'не определен комбинированный ключ, изогнутый, 11 мм ks tools', 'title_b': 'ключ комбинированный,хромированный, изогнутый, 27 мм ks tools', 'target_value_a': '11 мм', 'target_value_b': '27 мм'}]}]",['ключ'],['Бренд'],"[{'source_pair_id': 'rp_88747623c07952add4e95fff', 'product_type': 'ключ', 'title_a': 'ключ комбинированный vira с храповым механизмом 18мм', 'title_b': 'комбинированный ключ с трещоточным механизмом vira 12 мм 511068', 'target_value_a': '18 мм', 'target_value_b': '12'}, {'source_pair_id': 'rp_d0fb71fe3c17e72c642bde4b', 'product_type': 'ключ', 'title_a': 'не определен комбинированный ключ, изогнутый, 11 мм ks tools', 'title_b': 'ключ комбинированный,хромированный, изогнутый, 27 мм ks tools', 'target_value_a': '11 мм', 'target_value_b': '27 мм'}]","{'source_singleton_pairs': 5, 'source_pairs_with_explicit_type': 2, 'observed_exact_product_types': 2, 'supported_product_type_profiles': 1}",False,independent_value,['(?:вес|масса|weight|net\\s*weight)'],"(?:(?=.*\d)[a-zа-яё0-9+.,/×x*\""' -]{1,60}|xxs|xs|s|m|l|xl|xxl|xxxl)",,2,2,1.0,2,2,1.0,0,0,0.0,[],,profile_capacity_policy_v1,829f9c458f1a2a72f16b766dfaf3abbdbad9a1874d71feb4457eab7da52b3fee
gen_stat_ea17ad29e4dba263,stat_1fafafa6472c4f96,STAT_LABEL0_CROSS_SPLIT_MIN2_P80_SCOPED,0,color,different_value,statistical_atomic_difference,Цвет товара,"Создай товар, где характеристику «Цвет товара» можно изменить независимо. Не добавляй другие атрибуты, которые логически фиксируют её значение или станут противоречивыми после замены.",['Товары для животных'],"Replace exactly this explicit attribute with a different, realistic value for the same concrete product subtype.","Change only this attribute; preserve product subtype and all unrelated facts, and update every title mention consistently.",cross_split_threshold_and_product_type_scope,Товары для животных,override,36,0,"[{'attribute_key': 'цвет товара', 'support': 36}, {'attribute_key': 'цвет', 'support': 20}, {'attribute_key': 'название цвета', 'support': 2}, {'attribute_key': 'цвет поводка', 'support': 1}, {'attribute_key': 'цвет свечения', 'support': 1}]",312,259,53,0.8301282051282052,70,56,14,0.8,312,259,0.8301282051282052,70,56,0.8,"{'discovery': {'support': 50, 'target_support': 42, 'target_probability': 0.84}, 'validation': {'support': 20, 'target_support': 14, 'target_probability': 0.7}}",50,20,rp_9be72f38f896e7544db5db27;rp_dd099d2f154f8dd46481a1b7;rp_df099fa933c20b6736de3521,серый | красный | синий,"[{'product_type': 'ошейник', 'normalized_product_type': 'ошейник', 'singleton_pair_support': 5, 'singleton_target_support': 5, 'singleton_target_probability': 1.0, 'split_statistics': {'discovery': {'support': 4, 'target_support': 4, 'target_probability': 1.0}, 'validation': {'support': 1, 'target_support': 1, 'target_probability': 1.0}}, 'source_pair_ids': ['rp_3f3dbf32ba4b552f542df3b1', 'rp_2c5118cf203fd250e0f99af1', 'rp_be22eaa95a75c1a58111d605', 'rp_62a572d7e612e4d7b49baa6d', 'rp_1e440897880e10a2bfcb70be'], 'source_examples': [{'source_pair_id': 'rp_3f3dbf32ba4b552f542df3b1', 'product_type': 'ошейник', 'title_a': 'ferplast / ошейник прогулочный для собак daytona c15/35.', 'title_b': 'ошейник ferplast daytona deluxe c15/35 с мягкой подкладкой, светоотражающий, зелёно-чёрный', 'target_value_a': 'красный', 'target_value_b': 'зеленый'}, {'source_pair_id': 'rp_2c5118cf203fd250e0f99af1', 'product_type': 'ошейник', 'title_a': 'hunter / ошейник для собак hilo vario basic 33-50 см,текстиль, лайм', 'title_b': 'hunter: ошейник для собак, hilo vario basic 33-50 см, сетчатый текстиль, оранжевый', 'target_value_a': 'лайм', 'target_value_b': 'оранжевый'}, {'source_pair_id': 'rp_be22eaa95a75c1a58111d605', 'product_type': 'ошейник', 'title_a': 'trixie ошейник premium для собак, фуксия, размер xs s, 22 35 см, 10 мм', 'title_b': 'ошейник для собак trixie premium xs–s нейлон красный 10 мм 22 – 35 см (1 шт)', 'target_value_a': 'фуксия', 'target_value_b': 'красный'}, {'source_pair_id': 'rp_62a572d7e612e4d7b49baa6d', 'product_type': 'ошейник', 'title_a': 'ошейник пижон кожаный на синтепоне «ёж» 56 х 2.5 см ош 35-45 см красный', 'title_b': 'пижон, ошейник кожаный на синтепоне ""ёж"", 56 х 2,5 см, обхват шеи 35-45 см, коричневый', 'target_value_a': 'красный', 'target_value_b': 'коричневый'}]}]",['ошейник'],['Бренд'],"[{'source_pair_id': 'rp_3f3dbf32ba4b552f542df3b1', 'product_type': 'ошейник', 'title_a': 'ferplast / ошейник прогулочный для собак daytona c15/35.', 'title_b': 'ошейник ferplast daytona deluxe c15/35 с мягкой подкладкой, светоотражающий, зелёно-чёрный', 'target_value_a': 'красный', 'target_value_b': 'зеленый'}, {'source_pair_id': 'rp_2c5118cf203fd250e0f99af1', 'product_type': 'ошейник', 'title_a': 'hunter / ошейник для собак hilo vario basic 33-50 см,текстиль, лайм', 'title_b': 'hunter: ошейник для собак, hilo vario basic 33-50 см, сетчатый текстиль, оранжевый', 'target_value_a': 'лайм', 'target_value_b': 'оранжевый'}, {'source_pair_id': 'rp_be22eaa95a75c1a58111d605', 'product_type': 'ошейник', 'title_a': 'trixie ошейник premium для собак, фуксия, размер xs s, 22 35 см, 10 мм', 'title_b': 'ошейник для собак trixie premium xs–s нейлон красный 10 мм 22 – 35 см (1 шт)', 'target_value_a': 'фуксия', 'target_value_b': 'красный'}, {'source_pair_id': 'rp_62a572d7e612e4d7b49baa6d', 'product_type': 'ошейник', 'title_a': 'ошейник пижон кожаный на синтепоне «ёж» 56 х 2.5 см ош 35-45 см красный', 'title_b': 'пижон, ошейник кожаный на синтепоне ""ёж"", 56 х 2,5 см, обхват шеи 35-45 см, коричневый', 'target_value_a': 'красный', 'target_value_b': 'коричневый'}]","{'source_singleton_pairs': 70, 'source_pairs_with_explicit_type': 34, 'observed_exact_product_types': 17, 'supported_product_type_profiles': 1}",False,independent_value,[],,,5,5,1.0,4,4,1.0,1,1,1.0,[],,profile_capacity_policy_v1,829f9c458f1a2a72f16b766dfaf3abbdbad9a1874d71feb4457eab7da52b3fee
gen_stat_d0996e6b5a9dadac,stat_1fafafa6472c4f96,STAT_LABEL0_MIN2_P80_SCOPED,0,color,different_value,statistical_atomic_difference,Цвет товара,"Создай товар, где характеристику «Цвет товара» можно изменить независимо. Не добавляй другие атрибуты, которые логически фиксируют её значение или станут противоречивыми после замены.",['Товары для животных'],"Replace exactly this explicit attribute with a different, realistic value for the same concrete product subtype.","Change only this attribute; preserve product subtype and all unrelated facts, and update every title mention consistently.",singleton_all_occurrence_and_product_type_threshold,Товары для животных,override,36,0,"[{'attribute_key': 'цвет товара', 'support': 36}, {'attribute_key': 'цвет', 'support': 20}, {'attribute_key': 'название цвета', 'support': 2}, {'attribute_key': 'цвет поводка', 'support': 1}, {'attribute_key': 'цвет свечения', 'support': 1}]",312,259,53,0.8301282051282052,70,56,14,0.8,312,259,0.8301282051282052,70,56,0.8,"{'discovery': {'support': 50, 'target_support': 42, 'target_probability': 0.84}, 'validation': {'support': 20, 'target_support': 14, 'target_probability': 0.7}}",50,20,rp_9be72f38f896e7544db5db27;rp_dd099d2f154f8dd46481a1b7;rp_df099fa933c20b6736de3521,серый | красный | синий,"[{'product_type': 'поводок', 'normalized_product_type': 'поводок', 'singleton_pair_support': 5, 'singleton_target_support': 4, 'singleton_target_probability': 0.8, 'split_statistics': {'discovery': {'support': 3, 'target_support': 3, 'target_probability': 1.0}, 'validation': {'support': 2, 'target_support': 1, 'target_probability': 0.5}}, 'source_pair_ids': ['rp_a82a024d8914c8d252a54b33', 'rp_825aa5b01dc7316afcbc8b1f', 'rp_9d72835a52e665da8d600ca0', 'rp_ce5c7a8ee8ef05ff14d37dba'], 'source_examples': [{'source_pair_id': 'rp_a82a024d8914c8d252a54b33', 'product_type': 'поводок', 'title_a': 'поводок-рулетка flexi black design до 25кг лента черная/синяя м 5м', 'title_b': 'flexi / поводок-рулетка black design, ремень, м, розовая (5 м, 25 кг', 'target_value_a': 'черный; синий', 'target_value_b': 'розовая'}, {'source_pair_id': 'rp_825aa5b01dc7316afcbc8b1f', 'product_type': 'поводок', 'title_a': 'flexi / поводок-рулетка для собак / classic new, размер xs, 3м, 12кг, синяя, ремень чёрный', 'title_b': 'поводок-рулетка для собак, classic new, размер xs, 3м, 12кг, красная, ремень чёрный, flexi, 1 шт.', 'target_value_a': 'синяя', 'target_value_b': 'красная'}, {'source_pair_id': 'rp_9d72835a52e665da8d600ca0', 'product_type': 'поводок', 'title_a': 'пижон поводок усиленный с амортизатором от рывка, 120 х 1,2 см, красно-синий', 'title_b': 'пижон поводок усиленный с амортизатором от рывка, 120х1,2 см, чёрно-синий', 'target_value_a': 'красно-синий', 'target_value_b': 'чёрно-синий'}, {'source_pair_id': 'rp_ce5c7a8ee8ef05ff14d37dba', 'product_type': 'поводок', 'title_a': 'flexi black design xs 3м до 8кг поводок-рулетка трос, серебро', 'title_b': 'flexi / рулетка black design xs до 8 кг (3 м трос) розовая', 'target_value_a': 'серебро', 'target_value_b': 'розовая'}]}]",['поводок'],['Бренд'],"[{'source_pair_id': 'rp_a82a024d8914c8d252a54b33', 'product_type': 'поводок', 'title_a': 'поводок-рулетка flexi black design до 25кг лента черная/синяя м 5м', 'title_b': 'flexi / поводок-рулетка black design, ремень, м, розовая (5 м, 25 кг', 'target_value_a': 'черный; синий', 'target_value_b': 'розовая'}, {'source_pair_id': 'rp_825aa5b01dc7316afcbc8b1f', 'product_type': 'поводок', 'title_a': 'flexi / поводок-рулетка для собак / classic new, размер xs, 3м, 12кг, синяя, ремень чёрный', 'title_b': 'поводок-рулетка для собак, classic new, размер xs, 3м, 12кг, красная, ремень чёрный, flexi, 1 шт.', 'target_value_a': 'синяя', 'target_value_b': 'красная'}, {'source_pair_id': 'rp_9d72835a52e665da8d600ca0', 'product_type': 'поводок', 'title_a': 'пижон поводок усиленный с амортизатором от рывка, 120 х 1,2 см, красно-синий', 'title_b': 'пижон поводок усиленный с амортизатором от рывка, 120х1,2 см, чёрно-синий', 'target_value_a': 'красно-синий', 'target_value_b': 'чёрно-синий'}, {'source_pair_id': 'rp_ce5c7a8ee8ef05ff14d37dba', 'product_type': 'поводок', 'title_a': 'flexi black design xs 3м до 8кг поводок-рулетка трос, серебро', 'title_b': 'flexi / рулетка black design xs до 8 кг (3 м трос) розовая', 'target_value_a': 'серебро', 'target_value_b': 'розовая'}]","{'source_singleton_pairs': 70, 'source_pairs_with_explicit_type': 34, 'observed_exact_product_types': 17, 'supported_product_type_profiles': 1}",False,independent_value,[],,,5,4,0.8,3,3,1.0,2,1,0.5,[],,profile_capacity_policy_v1,829f9c458f1a2a72f16b766dfaf3abbdbad9a1874d71feb4457eab7da52b3fee
gen_stat_7ae50b29fe156073,stat_1fafafa6472c4f96,STAT_LABEL0_CROSS_SPLIT_MIN2_P80_SCOPED,0,color,different_value,statistical_atomic_difference,Цвет товара,"Создай товар, где характеристику «Цвет товара» можно изменить независимо. Не добавляй другие атрибуты, которые логически фиксируют её значение или станут противоречивыми после замены.",['Товары для животных'],"Replace exactly this explicit attribute with a different, realistic value for the same concrete product subtype.","Change only this attribute; preserve product subtype and all unrelated facts, and update every title mention consistently.",cross_split_threshold_and_product_type_scope,Товары для животных,override,36,0,"[{'attribute_key': 'цвет товара', 'support': 36}, {'attribute_key': 'цвет', 'support': 20}, {'attribute_key': 'название цвета', 'support': 2}, {'attribute_key': 'цвет поводка', 'support': 1}, {'attribute_key': 'цвет свечения', 'support': 1}]",312,259,53,0.8301282051282052,70,56,14,0.8,312,259,0.8301282051282052,70,56,0.8,"{'discovery': {'support': 50, 'target_support': 42, 'target_probability': 0.84}, 'validation': {'support': 20, 'target_support': 14, 'target_probability': 0.7}}",50,20,rp_9be72f38f896e7544db5db27;rp_dd099d2f154f8dd46481a1b7;rp_df099fa933c20b6736de3521,серый | красный | синий,"[{'product_type': 'грунт для аквариума', 'normalized_product_type': 'грунт для аквариума', 'singleton_pair_support': 4, 'singleton_target_support': 4, 'singleton_target_probability': 1.0, 'split_statistics': {'discovery': {'support': 3, 'target_support': 3, 'target_probability': 1.0}, 'validation': {'support': 1, 'target_support': 1, 'target_probability': 1.0}}, 'source_pair_ids': ['rp_0921ddc73203a82fd5ad3a4d', 'rp_88b52d10f3b229825560c85d', 'rp_98bde2f83e01e6192f64b22b', 'rp_8b7bef13284abcadb253c99a'], 'source_examples': [{'source_pair_id': 'rp_0921ddc73203a82fd5ad3a4d', 'product_type': 'грунт для аквариума', 'title_a': 'грунт для аквариума decor de ""галька цветная, темно-зеленая"" 800 г, фракция 8-12 мм (10 г 8-12)', 'title_b': ""decor de / грунт для аквариума 'галька цветная, салатовая' 800г фр 8-1"", 'target_value_a': 'темно-зеленая', 'target_value_b': 'салатовая'}, {'source_pair_id': 'rp_88b52d10f3b229825560c85d', 'product_type': 'грунт для аквариума', 'title_a': 'decor de грунт для аквариума ""галька цветная, темно-синяя"" 800г фр 8-12 мм', 'title_b': 'грунт для аквариума галька цветная, бирюзовая 800г фр 8-12 мм', 'target_value_a': 'темно-синяя', 'target_value_b': 'бирюзовая'}, {'source_pair_id': 'rp_98bde2f83e01e6192f64b22b', 'product_type': 'грунт для аквариума', 'title_a': 'decor de грунт для аквариума ""галька цветная, красная"" 800г фр 8-12 мм', 'title_b': 'грунт для аквариума ""галька цветная, голубая"" 800г фр 8-12 мм', 'target_value_a': 'красный', 'target_value_b': 'голубая'}, {'source_pair_id': 'rp_8b7bef13284abcadb253c99a', 'product_type': 'грунт для аквариума', 'title_a': 'decor de грунт для аквариума ""галька цветная, темно-синяя"" 800г фр 8-12 мм', 'title_b': 'грунт для аквариума ""галька цветная, темно-зеленая"" 800г фр 8-12 мм', 'target_value_a': 'темно-синяя', 'target_value_b': 'темно-зеленая'}]}]",['грунт для аквариума'],['Бренд'],"[{'source_pair_id': 'rp_0921ddc73203a82fd5ad3a4d', 'product_type': 'грунт для аквариума', 'title_a': 'грунт для аквариума decor de ""галька цветная, темно-зеленая"" 800 г, фракция 8-12 мм (10 г 8-12)', 'title_b': ""decor de / грунт для аквариума 'галька цветная, салатовая' 800г фр 8-1"", 'target_value_a': 'темно-зеленая', 'target_value_b': 'салатовая'}, {'source_pair_id': 'rp_88b52d10f3b229825560c85d', 'product_type': 'грунт для аквариума', 'title_a': 'decor de грунт для аквариума ""галька цветная, темно-синяя"" 800г фр 8-12 мм', 'title_b': 'грунт для аквариума галька цветная, бирюзовая 800г фр 8-12 мм', 'target_value_a': 'темно-синяя', 'target_value_b': 'бирюзовая'}, {'source_pair_id': 'rp_98bde2f83e01e6192f64b22b', 'product_type': 'грунт для аквариума', 'title_a': 'decor de грунт для аквариума ""галька цветная, красная"" 800г фр 8-12 мм', 'title_b': 'грунт для аквариума ""галька цветная, голубая"" 800г фр 8-12 мм', 'target_value_a': 'красный', 'target_value_b': 'голубая'}, {'source_pair_id': 'rp_8b7bef13284abcadb253c99a', 'product_type': 'грунт для аквариума', 'title_a': 'decor de грунт для аквариума ""галька цветная, темно-синяя"" 800г фр 8-12 мм', 'title_b': 'грунт для аквариума ""галька цветная, темно-зеленая"" 800г фр 8-12 мм', 'target_value_a': 'темно-синяя', 'target_value_b': 'темно-зеленая'}]","{'source_singleton_pairs': 70, 'source_pairs_with_explicit_type': 34, 'observed_exact_product_types': 17, 'supported_product_type_profiles': 1}",False,independent_value,[],,,4,4,1.0,3,3,1.0,1,1,1.0,[],,profile_capacity_policy_v1,829f9c458f1a2a72f16b766dfaf3abbdbad9a1874d71feb4457eab7da52b3fee
gen_stat_d00c30b629402b1b,stat_1fafafa6472c4f96,STAT_LABEL0_MIN2_P80_SCOPED,0,color,different_value,statistical_atomic_difference,Цвет товара,"Создай товар, где характеристику «Цвет товара» можно изменить независимо. Не добавляй другие атрибуты, которые логически фиксируют её значение или станут противоречивыми после замены.",['Товары для животных'],"Replace exactly this explicit attribute with a different, realistic value for the same concrete product subtype.","Change only this attribute; preserve product subtype and all unrelated facts, and update every title mention consistently.",singleton_all_occurrence_and_product_type_threshold,Товары для животных,override,36,0,"[{'attribute_key': 'цвет товара', 'support': 36}, {'attribute_key': 'цвет', 'support': 20}, {'attribute_key': 'название цвета', 'support': 2}, {'attribute_key': 'цвет поводка', 'support': 1}, {'attribute_key': 'цвет свечения', 'support': 1}]",312,259,53,0.8301282051282052,70,56,14,0.8,312,259,0.8301282051282052,70,56,0.8,"{'discovery': {'support': 50, 'target_support': 42, 'target_probability': 0.84}, 'validation': {'support': 20, 'target_support': 14, 'target_probability': 0.7}}",50,20,rp_9be72f38f896e7544db5db27;rp_dd099d2f154f8dd46481a1b7;rp_df099fa933c20b6736de3521,серый | красный | синий,"[{'product_type': 'переноска', 'normalized_product_type': 'переноска', 'singleton_pair_support': 3, 'singleton_target_support': 3, 'singleton_target_probability': 1.0, 'split_statistics': {'discovery': {'support': 3, 'target_support': 3, 'target_probability': 1.0}, 'validation': {'support': 0, 'target_support': 0, 'target_probability': 0.0}}, 'source_pair_ids': ['rp_34ab36091ac32172f2fa09bc', 'rp_a95e0ca50eb0ca66c6a10e2e', 'rp_6ddba59e39131b2c2f7403e6'], 'source_examples': [{'source_pair_id': 'rp_34ab36091ac32172f2fa09bc', 'product_type': 'переноска', 'title_a': 'переноска для животных bama pet kennel tour maxi до 12 кг коричневая 59 х 38 х 37 см', 'title_b': 'bama pet / переноска kennel tour maxi, до 12 кг, синий', 'target_value_a': 'коричневая', 'target_value_b': 'синий'}, {'source_pair_id': 'rp_a95e0ca50eb0ca66c6a10e2e', 'product_type': 'переноска', 'title_a': 'переноска для животных до 9 кг ""пижон"", металлическая дверь, 43 х 29 х 27,5 см, оливковая', 'title_b': 'пижон переноска для животных до 9 кг ""пижон"", металлическая дверь, 43 х 29 х 27,5 см, бело-серая', 'target_value_a': 'оливковая', 'target_value_b': 'бело-серая'}, {'source_pair_id': 'rp_6ddba59e39131b2c2f7403e6', 'product_type': 'переноска', 'title_a': 'пижон / сумка-переноска сетчатая, 43 х 21 х 30 см, фиолетовая', 'title_b': 'пижон сумка-переноска сетчатая, 43 х 21 х 30 см, голубая', 'target_value_a': 'фиолетовая', 'target_value_b': 'голубой'}]}]",['переноска'],['Бренд'],"[{'source_pair_id': 'rp_34ab36091ac32172f2fa09bc', 'product_type': 'переноска', 'title_a': 'переноска для животных bama pet kennel tour maxi до 12 кг коричневая 59 х 38 х 37 см', 'title_b': 'bama pet / переноска kennel tour maxi, до 12 кг, синий', 'target_value_a': 'коричневая', 'target_value_b': 'синий'}, {'source_pair_id': 'rp_a95e0ca50eb0ca66c6a10e2e', 'product_type': 'переноска', 'title_a': 'переноска для животных до 9 кг ""пижон"", металлическая дверь, 43 х 29 х 27,5 см, оливковая', 'title_b': 'пижон переноска для животных до 9 кг ""пижон"", металлическая дверь, 43 х 29 х 27,5 см, бело-серая', 'target_value_a': 'оливковая', 'target_value_b': 'бело-серая'}, {'source_pair_id': 'rp_6ddba59e39131b2c2f7403e6', 'product_type': 'переноска', 'title_a': 'пижон / сумка-переноска сетчатая, 43 х 21 х 30 см, фиолетовая', 'title_b': 'пижон сумка-переноска сетчатая, 43 х 21 х 30 см, голубая', 'target_value_a': 'фиолетовая', 'target_value_b': 'голубой'}]","{'source_singleton_pairs': 70, 'source_pairs_with_explicit_type': 34, 'observed_exact_product_types': 17, 'supported_product_type_profiles': 1}",False,independent_value,[],,,3,3,1.0,3,3,1.0,0,0,0.0,[],,profile_capacity_policy_v1,829f9c458f1a2a72f16b766dfaf3abbdbad9a1874d71feb4457eab7da52b3fee
gen_stat_0bf42866b169c3f2,stat_1fafafa6472c4f96,STAT_LABEL0_CROSS_SPLIT_MIN2_P80_SCOPED,0,color,different_value,statistical_atomic_difference,Цвет товара,"Создай товар, где характеристику «Цвет товара» можно изменить независимо. Не добавляй другие атрибуты, которые логически фиксируют её значение или станут противоречивыми после замены.",['Товары для животных'],"Replace exactly this explicit attribute with a different, realistic value for the same concrete product subtype.","Change only this attribute; preserve product subtype and all unrelated facts, and update every title mention consistently.",cross_split_threshold_and_product_type_scope,Товары для животных,override,36,0,"[{'attribute_key': 'цвет товара', 'support': 36}, {'attribute_key': 'цвет', 'support': 20}, {'attribute_key': 'название цвета', 'support': 2}, {'attribute_key': 'цвет поводка', 'support': 1}, {'attribute_key': 'цвет свечения', 'support': 1}]",312,259,53,0.8301282051282052,70,56,14,0.8,312,259,0.8301282051282052,70,56,0.8,"{'discovery': {'support': 50, 'target_support': 42, 'target_probability': 0.84}, 'validation': {'support': 20, 'target_support': 14, 'target_probability': 0.7}}",50,20,rp_9be72f38f896e7544db5db27;rp_dd099d2f154f8dd46481a1b7;rp_df099fa933c20b6736de3521,серый | красный | синий,"[{'product_type': 'рулетка', 'normalized_product_type': 'рулетка', 'singleton_pair_support': 3, 'singleton_target_support': 3, 'singleton_target_probability': 1.0, 'split_statistics': {'discovery': {'support': 1, 'target_support': 1, 'target_probability': 1.0}, 'validation': {'support': 2, 'target_support': 2, 'target_probability': 1.0}}, 'source_pair_ids': ['rp_1c1be8e1753852802155b833', 'rp_3d4f446ac7e471b838545f02', 'rp_92bcdea7c2ef0210957c7e3a'], 'source_examples': [{'source_pair_id': 'rp_1c1be8e1753852802155b833', 'product_type': 'рулетка', 'title_a': 'пижон рулетка ""пижон"" светоотражающая, 5 м, до 25 кг, трос, прорезиненная ручка, оранжевая', 'title_b': 'пижон, рулетка 5 метров, до 25 кг, со светоотражающими элементами на корпусе и поводке, резиновая ручка, зелёная', 'target_value_a': 'черный', 'target_value_b': 'зеленый'}, {'source_pair_id': 'rp_3d4f446ac7e471b838545f02', 'product_type': 'рулетка', 'title_a': 'one day рулетка малая эконом, 3 м, до 18 кг, синяя', 'title_b': 'рулетка малая эконом, 3 м, до 18 кг, красная', 'target_value_a': 'синяя', 'target_value_b': 'красная'}, {'source_pair_id': 'rp_92bcdea7c2ef0210957c7e3a', 'product_type': 'рулетка', 'title_a': 'рулетка flexi new comfort l ремень 5 м до 60 кг, красный', 'title_b': 'рулетка flexi new comfort l 5м до 60кг черный-синий', 'target_value_a': 'красный', 'target_value_b': 'черный-синий'}]}]",['рулетка'],['Бренд'],"[{'source_pair_id': 'rp_1c1be8e1753852802155b833', 'product_type': 'рулетка', 'title_a': 'пижон рулетка ""пижон"" светоотражающая, 5 м, до 25 кг, трос, прорезиненная ручка, оранжевая', 'title_b': 'пижон, рулетка 5 метров, до 25 кг, со светоотражающими элементами на корпусе и поводке, резиновая ручка, зелёная', 'target_value_a': 'черный', 'target_value_b': 'зеленый'}, {'source_pair_id': 'rp_3d4f446ac7e471b838545f02', 'product_type': 'рулетка', 'title_a': 'one day рулетка малая эконом, 3 м, до 18 кг, синяя', 'title_b': 'рулетка малая эконом, 3 м, до 18 кг, красная', 'target_value_a': 'синяя', 'target_value_b': 'красная'}, {'source_pair_id': 'rp_92bcdea7c2ef0210957c7e3a', 'product_type': 'рулетка', 'title_a': 'рулетка flexi new comfort l ремень 5 м до 60 кг, красный', 'title_b': 'рулетка flexi new comfort l 5м до 60кг черный-синий', 'target_value_a': 'красный', 'target_value_b': 'черный-синий'}]","{'source_singleton_pairs': 70, 'source_pairs_with_explicit_type': 34, 'observed_exact_product_types': 17, 'supported_product_type_profiles': 1}",False,independent_value,[],,,3,3,1.0,1,1,1.0,2,2,1.0,[],,profile_capacity_policy_v1,829f9c458f1a2a72f16b766dfaf3abbdbad9a1874d71feb4457eab7da52b3fee
gen_stat_6614bd81dca1dd32,stat_1fafafa6472c4f96,STAT_LABEL0_MIN2_P80_SCOPED,0,color,different_value,statistical_atomic_difference,Цвет товара,"Создай товар, где характеристику «Цвет товара» можно изменить независимо. Не добавляй другие атрибуты, которые логически фиксируют её значение или станут противоречивыми после замены.",['Товары для животных'],"Replace exactly this explicit attribute with a different, realistic value for the same concrete product subtype.","Change only this attribute; preserve product subtype and all unrelated facts, and update every title mention consistently.",singleton_all_occurrence_and_product_type_threshold,Товары для животных,override,36,0,"[{'attribute_key': 'цвет товара', 'support': 36}, {'attribute_key': 'цвет', 'support': 20}, {'attribute_key': 'название цвета', 'support': 2}, {'attribute_key': 'цвет поводка', 'support': 1}, {'attribute_key': 'цвет свечения', 'support': 1}]",312,259,53,0.8301282051282052,70,56,14,0.8,312,259,0.8301282051282052,70,56,0.8,"{'discovery': {'support': 50, 'target_support': 42, 'target_probability': 0.84}, 'validation': {'support': 20, 'target_support': 14, 'target_probability': 0.7}}",50,20,rp_9be72f38f896e7544db5db27;rp_dd099d2f154f8dd46481a1b7;rp_df099fa933c20b6736de3521,серый | красный | синий,"[{'product_type': 'комбинезон', 'normalized_product_type': 'комбинезон', 'singleton_pair_support': 2, 'singleton_target_support': 2, 'singleton_target_probability': 1.0, 'split_statistics': {'discovery': {'support': 2, 'target_support': 2, 'target_probability': 1.0}, 'validation': {'support': 0, 'target_support': 0, 'target_probability': 0.0}}, 'source_pair_ids': ['rp_b432fb85dc48b95dc524084d', 'rp_b64297b571ffb4e41218329d'], 'source_examples': [{'source_pair_id': 'rp_b432fb85dc48b95dc524084d', 'product_type': 'комбинезон', 'title_a': 'комбинезон ""умка"", размер 10 (дс 25 см, ог 34 см, ош 24 см), чёрно-фиолетовый', 'title_b': 'no name комбинезон ""умка"", размер 10 (дс 25 см, ог 34 см, ош 24 см), камуфляжный', 'target_value_a': 'чёрно-фиолетовый', 'target_value_b': 'камуфляжный'}, {'source_pair_id': 'rp_b64297b571ffb4e41218329d', 'product_type': 'комбинезон', 'title_a': 'не определен комбинезон ""девочка"" с утяжкой, размер 10 (дс 25 см, ог 34 см, ош 24 см), красный', 'title_b': 'комбинезон с замком на спине, размер 10 (дс 25 см,ог 34 см,ош 24 см), розовый', 'target_value_a': 'красный', 'target_value_b': 'розовый'}]}]",['комбинезон'],['Бренд'],"[{'source_pair_id': 'rp_b432fb85dc48b95dc524084d', 'product_type': 'комбинезон', 'title_a': 'комбинезон ""умка"", размер 10 (дс 25 см, ог 34 см, ош 24 см), чёрно-фиолетовый', 'title_b': 'no name комбинезон ""умка"", размер 10 (дс 25 см, ог 34 см, ош 24 см), камуфляжный', 'target_value_a': 'чёрно-фиолетовый', 'target_value_b': 'камуфляжный'}, {'source_pair_id': 'rp_b64297b571ffb4e41218329d', 'product_type': 'комбинезон', 'title_a': 'не определен комбинезон ""девочка"" с утяжкой, размер 10 (дс 25 см, ог 34 см, ош 24 см), красный', 'title_b': 'комбинезон с замком на спине, размер 10 (дс 25 см,ог 34 см,ош 24 см), розовый', 'target_value_a': 'красный', 'target_value_b': 'розовый'}]","{'source_singleton_pairs': 70, 'source_pairs_with_explicit_type': 34, 'observed_exact_product_types': 17, 'supported_product_type_profiles': 1}",False,independent_value,[],,,2,2,1.0,2,2,1.0,0,0,0.0,[],,profile_capacity_policy_v1,829f9c458f1a2a72f16b766dfaf3abbdbad9a1874d71feb4457eab7da52b3fee
gen_stat_a514c2dfa9336964,stat_5aaf89646570a67c,STAT_LABEL0_MIN2_P80_SCOPED,0,length,different_value,statistical_atomic_difference,Длина,"Создай товар, где характеристику «Длина» можно изменить независимо. Не добавляй другие атрибуты, которые логически фиксируют её значение или станут противоречивыми после замены. Характеристика должна относиться к самому товару, а не к упаковке, доставке или приблизительному диапазону. Укажи одно число и явную физическую единицу мм, см, м или дюйм; число без единицы недопустимо.",['Товары для животных'],"Replace exactly this explicit attribute with a different, realistic value for the same concrete product subtype.","Change only this attribute; preserve product subtype and all unrelated facts, and update every title mention consistently.",singleton_all_occurrence_and_product_type_threshold,Товары для животных,override,1,0,"[{'attribute_key': 'длина поводка, м', 'support': 1}, {'attribute_key': 'длина', 'support': 1}]",101,97,4,0.9603960396039604,4,4,0,1.0,101,97,0.9603960396039604,4,4,1.0,"{'discovery': {'support': 4, 'target_support': 4, 'target_probability': 1.0}, 'validation': {'support': 0, 'target_support': 0, 'target_probability': 0.0}}",4,0,rp_8ce08c2a2aef6b5d24814580;rp_df099fa933c20b6736de3521;rp_fd2d1ffcf6f28e68bb25958f,"45 см | 33 см | 1,5 метра","[{'product_type': 'поводок', 'normalized_product_type': 'поводок', 'singleton_pair_support': 4, 'singleton_target_support': 4, 'singleton_target_probability': 1.0, 'split_statistics': {'discovery': {'support': 4, 'target_support': 4, 'target_probability': 1.0}, 'validation': {'support': 0, 'target_support': 0, 'target_probability': 0.0}}, 'source_pair_ids': ['rp_05d5be150c20cadf7d08063f', 'rp_72146aeb8a12a4711a9d7fd4', 'rp_c75ac4245bb376fdf192b87e', 'rp_46bbcabdb62e60d95e5ff0b4'], 'source_examples': [{'source_pair_id': 'rp_05d5be150c20cadf7d08063f', 'product_type': 'поводок', 'title_a': 'humpo / поводок капроновый бэнд синий ширина 20 мм длина 2 м', 'title_b': 'humpo поводок капроновый бэнд, синий, длина 300 см, ширина 2 см', 'target_value_a': '2 м', 'target_value_b': '300 см'}, {'source_pair_id': 'rp_72146aeb8a12a4711a9d7fd4', 'product_type': 'поводок', 'title_a': 'поводок брезент', 'title_b': 'вака поводок брезент', 'target_value_a': '3', 'target_value_b': '7 м'}, {'source_pair_id': 'rp_c75ac4245bb376fdf192b87e', 'product_type': 'поводок', 'title_a': 'лесная сказка поводок брезентовый 5 м х 2,5 см, тёмно-зелёный', 'title_b': 'поводок брезентовый 7 м х 2,5 см, тёмно-зелёный, 1 шт.', 'target_value_a': '5 м', 'target_value_b': '7 м'}, {'source_pair_id': 'rp_46bbcabdb62e60d95e5ff0b4', 'product_type': 'поводок', 'title_a': 'поводок брезентовый каскад 2 см, длина 1,5 м', 'title_b': 'каскад поводок брезент 20мм 5м', 'target_value_a': '1,5 м', 'target_value_b': '5м'}]}]",['поводок'],['Бренд'],"[{'source_pair_id': 'rp_05d5be150c20cadf7d08063f', 'product_type': 'поводок', 'title_a': 'humpo / поводок капроновый бэнд синий ширина 20 мм длина 2 м', 'title_b': 'humpo поводок капроновый бэнд, синий, длина 300 см, ширина 2 см', 'target_value_a': '2 м', 'target_value_b': '300 см'}, {'source_pair_id': 'rp_72146aeb8a12a4711a9d7fd4', 'product_type': 'поводок', 'title_a': 'поводок брезент', 'title_b': 'вака поводок брезент', 'target_value_a': '3', 'target_value_b': '7 м'}, {'source_pair_id': 'rp_c75ac4245bb376fdf192b87e', 'product_type': 'поводок', 'title_a': 'лесная сказка поводок брезентовый 5 м х 2,5 см, тёмно-зелёный', 'title_b': 'поводок брезентовый 7 м х 2,5 см, тёмно-зелёный, 1 шт.', 'target_value_a': '5 м', 'target_value_b': '7 м'}, {'source_pair_id': 'rp_46bbcabdb62e60d95e5ff0b4', 'product_type': 'поводок', 'title_a': 'поводок брезентовый каскад 2 см, длина 1,5 м', 'title_b': 'каскад поводок брезент 20мм 5м', 'target_value_a': '1,5 м', 'target_value_b': '5м'}]","{'source_singleton_pairs': 4, 'source_pairs_with_explicit_type': 4, 'observed_exact_product_types': 1, 'supported_product_type_profiles': 1}",False,independent_value,['(?:вес|масса|weight|net\\s*weight)'],"[+]?(?:\d+(?:[.,]\d+)?|[.,]\d+)\s*(?:мм|см|м|дюйм\w*|inch(?:es)?|in|\"")",,4,4,1.0,4,4,1.0,0,0,0.0,[],,profile_capacity_policy_v1,829f9c458f1a2a72f16b766dfaf3abbdbad9a1874d71feb4457eab7da52b3fee
gen_stat_fca373073847a0e6,stat_50ece90f5cd7e94c,STAT_LABEL0_CROSS_SPLIT_MIN2_P80_SCOPED,0,color_code,different_value,statistical_atomic_difference,Код/номер цвета,"Создай товар, где характеристику «Код/номер цвета» можно изменить независимо. Не добавляй другие атрибуты, которые логически фиксируют её значение или станут противоречивыми после замены.",['Хобби и творчество'],"Replace exactly this explicit attribute with a different, realistic value for the same concrete product subtype.","Change only this attribute; preserve product subtype and all unrelated facts, and update every title mention consistently.",cross_split_threshold_and_product_type_scope,Хобби и творчество,override,2,0,"[{'attribute_key': 'название цвета', 'support': 2}, {'attribute_key': 'цвет товара', 'support': 1}]",33,31,2,0.9393939393939394,9,8,1,0.8888888888888888,33,31,0.9393939393939394,9,8,0.8888888888888888,"{'discovery': {'support': 8, 'target_support': 7, 'target_probability': 0.875}, 'validation': {'support': 1, 'target_support': 1, 'target_probability': 1.0}}",8,1,rp_2ccc835d6d0599849adebb8b;rp_dc2330584babbbdeea40f4af;rp_47fbdb2286fc66b8992eb16b,8990 | 301 | 2626,"[{'product_type': 'нитки', 'normalized_product_type': 'нитки', 'singleton_pair_support': 4, 'singleton_target_support': 4, 'singleton_target_probability': 1.0, 'split_statistics': {'discovery': {'support': 3, 'target_support': 3, 'target_probability': 1.0}, 'validation': {'support': 1, 'target_support': 1, 'target_probability': 1.0}}, 'source_pair_ids': ['rp_2ccc835d6d0599849adebb8b', 'rp_debdedf26ca7240b2504ac7e', 'rp_11291822634778b2cdbb7559', 'rp_5314eedd5e99433565b1bf42'], 'source_examples': [{'source_pair_id': 'rp_2ccc835d6d0599849adebb8b', 'product_type': 'нитки', 'title_a': 'нитки madeira aerofil № 120, 400 м, цвет 8990', 'title_b': 'универсальные швейные нитки aerofil madeira № 120, 400 м', 'target_value_a': '8990', 'target_value_b': '9950'}, {'source_pair_id': 'rp_debdedf26ca7240b2504ac7e', 'product_type': 'нитки', 'title_a': 'нитки galaces круглые, вощеные, толщиной 0,8 мм, цвет 117', 'title_b': 'нитки galaces круглые, вощеные, толщиной 0,8 мм, цвет 103', 'target_value_a': '117', 'target_value_b': '103'}, {'source_pair_id': 'rp_11291822634778b2cdbb7559', 'product_type': 'нитки', 'title_a': 'dor tak / нитки бытовые для шитья 40/2 10шт.цв.366', 'title_b': 'нитки dor tak бытовые 40/2 полиэстер 366м цв.558 бирюзовый', 'target_value_a': '366', 'target_value_b': '558'}, {'source_pair_id': 'rp_5314eedd5e99433565b1bf42', 'product_type': 'нитки', 'title_a': 'нитки dor tak бытовые, 40/2, 366 м, 100% полиэстер, цвет 419 синий', 'title_b': 'швейные нитки dor tak бытовые, 40/2, 366 м, 100% полиэстер, цвет 393 синий (40/2.dt.393)', 'target_value_a': '419', 'target_value_b': '393'}]}]",['нитки'],['Бренд'],"[{'source_pair_id': 'rp_2ccc835d6d0599849adebb8b', 'product_type': 'нитки', 'title_a': 'нитки madeira aerofil № 120, 400 м, цвет 8990', 'title_b': 'универсальные швейные нитки aerofil madeira № 120, 400 м', 'target_value_a': '8990', 'target_value_b': '9950'}, {'source_pair_id': 'rp_debdedf26ca7240b2504ac7e', 'product_type': 'нитки', 'title_a': 'нитки galaces круглые, вощеные, толщиной 0,8 мм, цвет 117', 'title_b': 'нитки galaces круглые, вощеные, толщиной 0,8 мм, цвет 103', 'target_value_a': '117', 'target_value_b': '103'}, {'source_pair_id': 'rp_11291822634778b2cdbb7559', 'product_type': 'нитки', 'title_a': 'dor tak / нитки бытовые для шитья 40/2 10шт.цв.366', 'title_b': 'нитки dor tak бытовые 40/2 полиэстер 366м цв.558 бирюзовый', 'target_value_a': '366', 'target_value_b': '558'}, {'source_pair_id': 'rp_5314eedd5e99433565b1bf42', 'product_type': 'нитки', 'title_a': 'нитки dor tak бытовые, 40/2, 366 м, 100% полиэстер, цвет 419 синий', 'title_b': 'швейные нитки dor tak бытовые, 40/2, 366 м, 100% полиэстер, цвет 393 синий (40/2.dt.393)', 'target_value_a': '419', 'target_value_b': '393'}]","{'source_singleton_pairs': 9, 'source_pairs_with_explicit_type': 9, 'observed_exact_product_types': 3, 'supported_product_type_profiles': 1}",False,independent_value,[],"(?=.*\d)(?:цвет\s*)?#?[a-zа-яё0-9][a-zа-яё0-9 ._/-]{0,24}",,4,4,1.0,3,3,1.0,1,1,1.0,[],,profile_capacity_policy_v1,829f9c458f1a2a72f16b766dfaf3abbdbad9a1874d71feb4457eab7da52b3fee
gen_stat_0eae3999f36202a0,stat_2f090dd3912f3fef,STAT_LABEL0_MIN2_P80_SCOPED,0,diameter,different_value,statistical_atomic_difference,Диаметр,"Создай товар, где характеристику «Диаметр» можно изменить независимо. Не добавляй другие атрибуты, которые логически фиксируют её значение или станут противоречивыми после замены. Характеристика должна относиться к самому товару, а не к упаковке, доставке или приблизительному диапазону. Укажи одно число и явную физическую единицу мм, см, м или дюйм; число без единицы недопустимо.",['Хобби и творчество'],"Replace exactly this explicit attribute with a different, realistic value for the same concrete product subtype.","Change only this attribute; preserve product subtype and all unrelated facts, and update every title mention consistently.",singleton_all_occurrence_and_product_type_threshold,Хобби и творчество,static_pair_rule_mapping,5,0,"[{'attribute_key': 'диаметр спиц, мм', 'support': 5}, {'attribute_key': 'диаметр спицы', 'support': 3}, {'attribute_key': 'размер, мм', 'support': 1}, {'attribute_key': 'толщина, мм', 'support': 1}]",85,79,6,0.9294117647058824,16,13,3,0.8125,85,79,0.9294117647058824,16,13,0.8125,"{'discovery': {'support': 12, 'target_support': 10, 'target_probability': 0.8333333333333334}, 'validation': {'support': 4, 'target_support': 3, 'target_probability': 0.75}}",12,4,rp_8c5c635a68751f664fb685bb;rp_932b08dacbaf9ec080ea6ebc;rp_bfc1cadce0997bb05071c24b,"7мм | 4 | 2,5","[{'product_type': 'спицы', 'normalized_product_type': 'спицы', 'singleton_pair_support': 6, 'singleton_target_support': 5, 'singleton_target_probability': 0.8333333333333334, 'split_statistics': {'discovery': {'support': 4, 'target_support': 4, 'target_probability': 1.0}, 'validation': {'support': 2, 'target_support': 1, 'target_probability': 0.5}}, 'source_pair_ids': ['rp_9f9cc23f3ba53feb93479a40', 'rp_0fcb86ab8250624ac9410164', 'rp_252c81c38f2b7dc7598f6a0a', 'rp_80bedbb789ab9dabccd1ebfc', 'rp_f69eb61eee15c3e42eec29a1'], 'source_examples': [{'source_pair_id': 'rp_9f9cc23f3ba53feb93479a40', 'product_type': 'спицы', 'title_a': 'спицы knit pro symfonie 20147, диаметр 8 мм, длина 15 см, общая длина 15 см, многоцветный', 'title_b': 'спицы чулочные knit pro symfonie, 3,5 мм, 15 см, дерево, многоцветный, 5 шт (knpr.20120)', 'target_value_a': '8 мм', 'target_value_b': '3.5'}, {'source_pair_id': 'rp_0fcb86ab8250624ac9410164', 'product_type': 'спицы', 'title_a': 'спицы для вязания knit pro прямые basix aluminum 35см, 2мм, арт.45261', 'title_b': 'knit pro спицы прямые basix aluminum 5мм/35см, knitpro, 45267', 'target_value_a': '2мм', 'target_value_b': '5мм'}, {'source_pair_id': 'rp_252c81c38f2b7dc7598f6a0a', 'product_type': 'спицы', 'title_a': 'арт узор спицы для вязания, чулочные, с тефлоновым покрытием, d = 2 мм, 20 см, 5 шт', 'title_b': 'арт узор спицы для вязания, чулочные, с тефлоновым покрытием, d 2,5 мм, 20 см, 5 штук в упаковке', 'target_value_a': '2 мм', 'target_value_b': '2.5 мм'}, {'source_pair_id': 'rp_80bedbb789ab9dabccd1ebfc', 'product_type': 'спицы', 'title_a': 'спицы чулочные knit pro basix aluminum, 4,5 мм, 20 см, алюминий, серебристый, 5 шт (knpr.45116)', 'title_b': '45121 knit pro спицы чулочные basix aluminum 3,75мм/20см, алюминий, серебристый, 5шт', 'target_value_a': '4,5 мм', 'target_value_b': '3,75мм'}]}]",['спицы'],['Бренд'],"[{'source_pair_id': 'rp_9f9cc23f3ba53feb93479a40', 'product_type': 'спицы', 'title_a': 'спицы knit pro symfonie 20147, диаметр 8 мм, длина 15 см, общая длина 15 см, многоцветный', 'title_b': 'спицы чулочные knit pro symfonie, 3,5 мм, 15 см, дерево, многоцветный, 5 шт (knpr.20120)', 'target_value_a': '8 мм', 'target_value_b': '3.5'}, {'source_pair_id': 'rp_0fcb86ab8250624ac9410164', 'product_type': 'спицы', 'title_a': 'спицы для вязания knit pro прямые basix aluminum 35см, 2мм, арт.45261', 'title_b': 'knit pro спицы прямые basix aluminum 5мм/35см, knitpro, 45267', 'target_value_a': '2мм', 'target_value_b': '5мм'}, {'source_pair_id': 'rp_252c81c38f2b7dc7598f6a0a', 'product_type': 'спицы', 'title_a': 'арт узор спицы для вязания, чулочные, с тефлоновым покрытием, d = 2 мм, 20 см, 5 шт', 'title_b': 'арт узор спицы для вязания, чулочные, с тефлоновым покрытием, d 2,5 мм, 20 см, 5 штук в упаковке', 'target_value_a': '2 мм', 'target_value_b': '2.5 мм'}, {'source_pair_id': 'rp_80bedbb789ab9dabccd1ebfc', 'product_type': 'спицы', 'title_a': 'спицы чулочные knit pro basix aluminum, 4,5 мм, 20 см, алюминий, серебристый, 5 шт (knpr.45116)', 'title_b': '45121 knit pro спицы чулочные basix aluminum 3,75мм/20см, алюминий, серебристый, 5шт', 'target_value_a': '4,5 мм', 'target_value_b': '3,75мм'}]","{'source_singleton_pairs': 16, 'source_pairs_with_explicit_type': 9, 'observed_exact_product_types': 3, 'supported_product_type_profiles': 1}",False,independent_value,['(?:вес|масса|weight|net\\s*weight)'],"[+]?(?:\d+(?:[.,]\d+)?|[.,]\d+)\s*(?:мм|см|м|дюйм\w*|inch(?:es)?|in|\"")",,6,5,0.8333333333333334,4,4,1.0,2,1,0.5,[],,profile_capacity_policy_v1,829f9c458f1a2a72f16b766dfaf3abbdbad9a1874d71feb4457eab7da52b3fee
gen_stat_b1c6570f311858b8,stat_2f090dd3912f3fef,STAT_LABEL0_MIN2_P80_SCOPED,0,diameter,different_value,statistical_atomic_difference,Диаметр,"Создай товар, где характеристику «Диаметр» можно изменить независимо. Не добавляй другие атрибуты, которые логически фиксируют её значение или станут противоречивыми после замены. Характеристика должна относиться к самому товару, а не к упаковке, доставке или приблизительному диапазону. Укажи одно число и явную физическую единицу мм, см, м или дюйм; число без единицы недопустимо.",['Хобби и творчество'],"Replace exactly this explicit attribute with a different, realistic value for the same concrete product subtype.","Change only this attribute; preserve product subtype and all unrelated facts, and update every title mention consistently.",singleton_all_occurrence_and_product_type_threshold,Хобби и творчество,static_pair_rule_mapping,5,0,"[{'attribute_key': 'диаметр спиц, мм', 'support': 5}, {'attribute_key': 'диаметр спицы', 'support': 3}, {'attribute_key': 'размер, мм', 'support': 1}, {'attribute_key': 'толщина, мм', 'support': 1}]",85,79,6,0.9294117647058824,16,13,3,0.8125,85,79,0.9294117647058824,16,13,0.8125,"{'discovery': {'support': 12, 'target_support': 10, 'target_probability': 0.8333333333333334}, 'validation': {'support': 4, 'target_support': 3, 'target_probability': 0.75}}",12,4,rp_8c5c635a68751f664fb685bb;rp_932b08dacbaf9ec080ea6ebc;rp_bfc1cadce0997bb05071c24b,"7мм | 4 | 2,5","[{'product_type': 'спицы для вязания', 'normalized_product_type': 'спицы для вязания', 'singleton_pair_support': 4, 'singleton_target_support': 4, 'singleton_target_probability': 1.0, 'split_statistics': {'discovery': {'support': 4, 'target_support': 4, 'target_probability': 1.0}, 'validation': {'support': 0, 'target_support': 0, 'target_probability': 0.0}}, 'source_pair_ids': ['rp_2bfb8e6d09ee0d0f5780edde', 'rp_b7d0e584e9f8dce2f13f2561', 'rp_0fcb86ab8250624ac9410164', 'rp_252c81c38f2b7dc7598f6a0a'], 'source_examples': [{'source_pair_id': 'rp_2bfb8e6d09ee0d0f5780edde', 'product_type': 'спицы для вязания', 'title_a': 'спицы для вязания, чулочные, d - 5 мм, 25 см, 5 шт', 'title_b': 'арт узор / спицы для вязания чулочные 5шт d-4мм, длина 25см', 'target_value_a': '5 мм', 'target_value_b': '4мм'}, {'source_pair_id': 'rp_b7d0e584e9f8dce2f13f2561', 'product_type': 'спицы для вязания', 'title_a': 'addi / спицы для вязания круговые addiclassic №3.25 40 см', 'title_b': 'спицы для вязания круговые addiclassic №2.75 40 см', 'target_value_a': '3.25', 'target_value_b': '2.75'}, {'source_pair_id': 'rp_0fcb86ab8250624ac9410164', 'product_type': 'спицы для вязания', 'title_a': 'спицы для вязания knit pro прямые basix aluminum 35см, 2мм, арт.45261', 'title_b': 'knit pro спицы прямые basix aluminum 5мм/35см, knitpro, 45267', 'target_value_a': '2мм', 'target_value_b': '5мм'}, {'source_pair_id': 'rp_252c81c38f2b7dc7598f6a0a', 'product_type': 'спицы для вязания', 'title_a': 'арт узор спицы для вязания, чулочные, с тефлоновым покрытием, d = 2 мм, 20 см, 5 шт', 'title_b': 'арт узор спицы для вязания, чулочные, с тефлоновым покрытием, d 2,5 мм, 20 см, 5 штук в упаковке', 'target_value_a': '2 мм', 'target_value_b': '2.5 мм'}]}]",['спицы для вязания'],['Бренд'],"[{'source_pair_id': 'rp_2bfb8e6d09ee0d0f5780edde', 'product_type': 'спицы для вязания', 'title_a': 'спицы для вязания, чулочные, d - 5 мм, 25 см, 5 шт', 'title_b': 'арт узор / спицы для вязания чулочные 5шт d-4мм, длина 25см', 'target_value_a': '5 мм', 'target_value_b': '4мм'}, {'source_pair_id': 'rp_b7d0e584e9f8dce2f13f2561', 'product_type': 'спицы для вязания', 'title_a': 'addi / спицы для вязания круговые addiclassic №3.25 40 см', 'title_b': 'спицы для вязания круговые addiclassic №2.75 40 см', 'target_value_a': '3.25', 'target_value_b': '2.75'}, {'source_pair_id': 'rp_0fcb86ab8250624ac9410164', 'product_type': 'спицы для вязания', 'title_a': 'спицы для вязания knit pro прямые basix aluminum 35см, 2мм, арт.45261', 'title_b': 'knit pro спицы прямые basix aluminum 5мм/35см, knitpro, 45267', 'target_value_a': '2мм', 'target_value_b': '5мм'}, {'source_pair_id': 'rp_252c81c38f2b7dc7598f6a0a', 'product_type': 'спицы для вязания', 'title_a': 'арт узор спицы для вязания, чулочные, с тефлоновым покрытием, d = 2 мм, 20 см, 5 шт', 'title_b': 'арт узор спицы для вязания, чулочные, с тефлоновым покрытием, d 2,5 мм, 20 см, 5 штук в упаковке', 'target_value_a': '2 мм', 'target_value_b': '2.5 мм'}]","{'source_singleton_pairs': 16, 'source_pairs_with_explicit_type': 9, 'observed_exact_product_types': 3, 'supported_product_type_profiles': 1}",False,independent_value,['(?:вес|масса|weight|net\\s*weight)'],"[+]?(?:\d+(?:[.,]\d+)?|[.,]\d+)\s*(?:мм|см|м|дюйм\w*|inch(?:es)?|in|\"")",,4,4,1.0,4,4,1.0,0,0,0.0,[],,profile_capacity_policy_v1,829f9c458f1a2a72f16b766dfaf3abbdbad9a1874d71feb4457eab7da52b3fee
gen_stat_b97435049f214aa4,stat_f7942e3f511910b8,STAT_LABEL0_MIN2_P80_SCOPED,0,length,different_value,statistical_atomic_difference,Длина,"Создай товар, где характеристику «Длина» можно изменить независимо. Не добавляй другие атрибуты, которые логически фиксируют её значение или станут противоречивыми после замены. Характеристика должна относиться к самому товару, а не к упаковке, доставке или приблизительному диапазону. Укажи одно число и явную физическую единицу мм, см, м или дюйм; число без единицы недопустимо.",['Хобби и творчество'],"Replace exactly this explicit attribute with a different, realistic value for the same concrete product subtype.","Change only this attribute; preserve product subtype and all unrelated facts, and update every title mention consistently.",singleton_all_occurrence_and_product_type_threshold,Хобби и творчество,override,6,0,"[{'attribute_key': 'длина, см', 'support': 6}, {'attribute_key': 'длина спицы', 'support': 2}, {'attribute_key': 'длина молнии', 'support': 1}, {'attribute_key': 'длина намотки (м)', 'support': 1}, {'attribute_key': 'длина, м', 'support': 1}]",137,124,13,0.9051094890510949,18,18,0,1.0,137,124,0.9051094890510949,18,18,1.0,"{'discovery': {'support': 16, 'target_support': 16, 'target_probability': 1.0}, 'validation': {'support': 2, 'target_support': 2, 'target_probability': 1.0}}",16,2,rp_8c5c635a68751f664fb685bb;rp_48832d30199d28ae0c112951;rp_ac7e56afb864594b09014db3,40см | 100 см | 22.9,"[{'product_type': 'молния', 'normalized_product_type': 'молния', 'singleton_pair_support': 3, 'singleton_target_support': 3, 'singleton_target_probability': 1.0, 'split_statistics': {'discovery': {'support': 3, 'target_support': 3, 'target_probability': 1.0}, 'validation': {'support': 0, 'target_support': 0, 'target_probability': 0.0}}, 'source_pair_ids': ['rp_921a676e696483923de18a57', 'rp_11df4adb0a29f836c900dd8d', 'rp_87377a7e530441b693fb5a3c'], 'source_examples': [{'source_pair_id': 'rp_921a676e696483923de18a57', 'product_type': 'молния', 'title_a': 'без бренда молния тентовая, разъёмная, трактор №8, 100 см.', 'title_b': 'молния тентовая, разъёмная, трактор №8', 'target_value_a': '100', 'target_value_b': '90'}, {'source_pair_id': 'rp_11df4adb0a29f836c900dd8d', 'product_type': 'молния', 'title_a': 'молния металл, am, слайдер hs4, неразъёмная брючная, 4 мм, 18 см, цвет 2121, серый стальной', 'title_b': 'riri молния металл, am, неразъемная, на атласной тесьме, 4 мм, 16 см, цвет 2121, серый стальной', 'target_value_a': '18 см', 'target_value_b': '16 см'}, {'source_pair_id': 'rp_87377a7e530441b693fb5a3c', 'product_type': 'молния', 'title_a': 'айрис молния металл-никель, разъемная (2 замка, т5) - 80 см (078 хаки), 5 шт', 'title_b': 'молния металл-никель, разъемная т5 - 75см (078 хаки), 5 шт', 'target_value_a': '80 см', 'target_value_b': '75'}]}]",['молния'],['Бренд'],"[{'source_pair_id': 'rp_921a676e696483923de18a57', 'product_type': 'молния', 'title_a': 'без бренда молния тентовая, разъёмная, трактор №8, 100 см.', 'title_b': 'молния тентовая, разъёмная, трактор №8', 'target_value_a': '100', 'target_value_b': '90'}, {'source_pair_id': 'rp_11df4adb0a29f836c900dd8d', 'product_type': 'молния', 'title_a': 'молния металл, am, слайдер hs4, неразъёмная брючная, 4 мм, 18 см, цвет 2121, серый стальной', 'title_b': 'riri молния металл, am, неразъемная, на атласной тесьме, 4 мм, 16 см, цвет 2121, серый стальной', 'target_value_a': '18 см', 'target_value_b': '16 см'}, {'source_pair_id': 'rp_87377a7e530441b693fb5a3c', 'product_type': 'молния', 'title_a': 'айрис молния металл-никель, разъемная (2 замка, т5) - 80 см (078 хаки), 5 шт', 'title_b': 'молния металл-никель, разъемная т5 - 75см (078 хаки), 5 шт', 'target_value_a': '80 см', 'target_value_b': '75'}]","{'source_singleton_pairs': 18, 'source_pairs_with_explicit_type': 5, 'observed_exact_product_types': 3, 'supported_product_type_profiles': 1}",False,independent_value,['(?:вес|масса|weight|net\\s*weight)'],"[+]?(?:\d+(?:[.,]\d+)?|[.,]\d+)\s*(?:мм|см|м|дюйм\w*|inch(?:es)?|in|\"")",,3,3,1.0,3,3,1.0,0,0,0.0,[],,profile_capacity_policy_v1,829f9c458f1a2a72f16b766dfaf3abbdbad9a1874d71feb4457eab7da52b3fee
gen_stat_f80394fef50bd8ff,stat_bb4e433a9aaf27fd,STAT_LABEL0_CROSS_SPLIT_MIN2_P80_SCOPED,0,scent,different_value,statistical_atomic_difference,Аромат,"Создай товар, где характеристику «Аромат» можно изменить независимо. Не добавляй другие атрибуты, которые логически фиксируют её значение или станут противоречивыми после замены.",['Хобби и творчество'],"Replace exactly this explicit attribute with a different, realistic value for the same concrete product subtype.","Change only this attribute; preserve product subtype and all unrelated facts, and update every title mention consistently.",cross_split_threshold_and_product_type_scope,Хобби и творчество,override,3,0,"[{'attribute_key': 'аромат', 'support': 3}]",8,8,0,1.0,5,5,0,1.0,8,8,1.0,5,5,1.0,"{'discovery': {'support': 4, 'target_support': 4, 'target_probability': 1.0}, 'validation': {'support': 1, 'target_support': 1, 'target_probability': 1.0}}",4,1,rp_640ddac424547fcb779ece58;rp_8ed70cd4231ddabdcc1b09d4;rp_02206d88248c44ce82617988,кокос и ваниль | initio oud for greatness | орхидея; роза; ландыш,"[{'product_type': 'отдушка', 'normalized_product_type': 'отдушка', 'singleton_pair_support': 4, 'singleton_target_support': 4, 'singleton_target_probability': 1.0, 'split_statistics': {'discovery': {'support': 3, 'target_support': 3, 'target_probability': 1.0}, 'validation': {'support': 1, 'target_support': 1, 'target_probability': 1.0}}, 'source_pair_ids': ['rp_8ed70cd4231ddabdcc1b09d4', 'rp_ea577ebd7b20fa087e052590', 'rp_b2aa4bc540fa340386a8abd1', 'rp_a8ac599d860b03f79019a4fc'], 'source_examples': [{'source_pair_id': 'rp_8ed70cd4231ddabdcc1b09d4', 'product_type': 'отдушка', 'title_a': 'парфюмерная отдушка. аромат initio oud for greatness', 'title_b': 'aromdom / парфюмерная отдушка. аромат - кремовый аромат чистоты', 'target_value_a': 'initio oud for greatness', 'target_value_b': 'кремовый аромат чистоты'}, {'source_pair_id': 'rp_ea577ebd7b20fa087e052590', 'product_type': 'отдушка', 'title_a': 'ароматическое масло ""горячий хлеб"" 30 мл, отдушка для свечей, мыла, диффузоров, саше', 'title_b': 'warm laboratory / отдушка для свечей', 'target_value_a': 'горячий хлеб', 'target_value_b': 'слива; кашемир'}, {'source_pair_id': 'rp_b2aa4bc540fa340386a8abd1', 'product_type': 'отдушка', 'title_a': 'апельсин и перец, отдушка для свечей и мыла, 50 мл', 'title_b': 'bombshell / маракуйя и цитрусы / отдушка для свечей и мыла - 50 мл', 'target_value_a': 'апельсин и перец', 'target_value_b': 'маракуйя и цитрусы'}, {'source_pair_id': 'rp_a8ac599d860b03f79019a4fc', 'product_type': 'отдушка', 'title_a': 'парфюмерная отдушка. аромат zad&volt this is her', 'title_b': ""aromdom / парфюмерная отдушка. аромат - hermes terre d'hermes"", 'target_value_a': 'zad&volt this is her', 'target_value_b': ""hermes terre d'hermes""}]}]",['отдушка'],['Бренд'],"[{'source_pair_id': 'rp_8ed70cd4231ddabdcc1b09d4', 'product_type': 'отдушка', 'title_a': 'парфюмерная отдушка. аромат initio oud for greatness', 'title_b': 'aromdom / парфюмерная отдушка. аромат - кремовый аромат чистоты', 'target_value_a': 'initio oud for greatness', 'target_value_b': 'кремовый аромат чистоты'}, {'source_pair_id': 'rp_ea577ebd7b20fa087e052590', 'product_type': 'отдушка', 'title_a': 'ароматическое масло ""горячий хлеб"" 30 мл, отдушка для свечей, мыла, диффузоров, саше', 'title_b': 'warm laboratory / отдушка для свечей', 'target_value_a': 'горячий хлеб', 'target_value_b': 'слива; кашемир'}, {'source_pair_id': 'rp_b2aa4bc540fa340386a8abd1', 'product_type': 'отдушка', 'title_a': 'апельсин и перец, отдушка для свечей и мыла, 50 мл', 'title_b': 'bombshell / маракуйя и цитрусы / отдушка для свечей и мыла - 50 мл', 'target_value_a': 'апельсин и перец', 'target_value_b': 'маракуйя и цитрусы'}, {'source_pair_id': 'rp_a8ac599d860b03f79019a4fc', 'product_type': 'отдушка', 'title_a': 'парфюмерная отдушка. аромат zad&volt this is her', 'title_b': ""aromdom / парфюмерная отдушка. аромат - hermes terre d'hermes"", 'target_value_a': 'zad&volt this is her', 'target_value_b': ""hermes terre d'hermes""}]","{'source_singleton_pairs': 5, 'source_pairs_with_explicit_type': 4, 'observed_exact_product_types': 1, 'supported_product_type_profiles': 1}",False,independent_value,[],,,4,4,1.0,3,3,1.0,1,1,1.0,[],,profile_capacity_policy_v1,829f9c458f1a2a72f16b766dfaf3abbdbad9a1874d71feb4457eab7da52b3fee
gen_stat_6dd763165ae289f2,stat_c46f5080e96efc14,STAT_LABEL0_CROSS_SPLIT_MIN2_P80_SCOPED,0,size,different_value,statistical_atomic_difference,Размер,"Создай товар, где характеристику «Размер» можно изменить независимо. Не добавляй другие атрибуты, которые логически фиксируют её значение или станут противоречивыми после замены.",['Хобби и творчество'],"Replace exactly this explicit attribute with a different, realistic value for the same concrete product subtype.","Change only this attribute; preserve product subtype and all unrelated facts, and update every title mention consistently.",cross_split_threshold_and_product_type_scope,Хобби и творчество,override,5,0,"[{'attribute_key': 'размеры, мм', 'support': 5}, {'attribute_key': 'формат фотографии', 'support': 3}, {'attribute_key': 'комплектация', 'support': 2}, {'attribute_key': 'ширина предмета', 'support': 1}, {'attribute_key': 'размер, мм', 'support': 1}]",208,196,12,0.9423076923076923,30,27,3,0.9,208,196,0.9423076923076923,30,27,0.9,"{'discovery': {'support': 24, 'target_support': 22, 'target_probability': 0.9166666666666666}, 'validation': {'support': 6, 'target_support': 5, 'target_probability': 0.8333333333333334}}",24,6,rp_bb70c1902de8f8cb2c1488b0;rp_ad8499127133156ff180e4b5;rp_8ec1ce3bec0d0a14abb37a35,19х24 см | 7.5x4.5см | 30*38,"[{'product_type': 'алмазная мозаика', 'normalized_product_type': 'алмазная мозаика', 'singleton_pair_support': 3, 'singleton_target_support': 3, 'singleton_target_probability': 1.0, 'split_statistics': {'discovery': {'support': 2, 'target_support': 2, 'target_probability': 1.0}, 'validation': {'support': 1, 'target_support': 1, 'target_probability': 1.0}}, 'source_pair_ids': ['rp_9e87b5d135d9206bb939e730', 'rp_a519bfbf5dfc1d66ef062a5f', 'rp_d353728bf4939f1169681877'], 'source_examples': [{'source_pair_id': 'rp_9e87b5d135d9206bb939e730', 'product_type': 'алмазная мозаика', 'title_a': 'алмазная мозаика со стразами волк с белой розой/выкладка полная/размер холста 30х40 см/размер картинки 25х35', 'title_b': 'алмазная мозаика seichi волк с белой розой 40х50 см', 'target_value_a': '30х40 см', 'target_value_b': '40х50 см'}, {'source_pair_id': 'rp_a519bfbf5dfc1d66ef062a5f', 'product_type': 'алмазная мозаика', 'title_a': 'алмазная мозаика / алмазная картина', 'title_b': 'алмазная мозаика / алмазная мозаика', 'target_value_a': '40х50', 'target_value_b': '50x40'}, {'source_pair_id': 'rp_d353728bf4939f1169681877', 'product_type': 'алмазная мозаика', 'title_a': 'паутинка / алмазная мозаика котики, 50х35 см', 'title_b': 'алмазная мозаика без подрамника ""котики"" 40x30 см, 50 цветов', 'target_value_a': '50х35 см', 'target_value_b': '40x30 см'}]}]",['алмазная мозаика'],['Бренд'],"[{'source_pair_id': 'rp_9e87b5d135d9206bb939e730', 'product_type': 'алмазная мозаика', 'title_a': 'алмазная мозаика со стразами волк с белой розой/выкладка полная/размер холста 30х40 см/размер картинки 25х35', 'title_b': 'алмазная мозаика seichi волк с белой розой 40х50 см', 'target_value_a': '30х40 см', 'target_value_b': '40х50 см'}, {'source_pair_id': 'rp_a519bfbf5dfc1d66ef062a5f', 'product_type': 'алмазная мозаика', 'title_a': 'алмазная мозаика / алмазная картина', 'title_b': 'алмазная мозаика / алмазная мозаика', 'target_value_a': '40х50', 'target_value_b': '50x40'}, {'source_pair_id': 'rp_d353728bf4939f1169681877', 'product_type': 'алмазная мозаика', 'title_a': 'паутинка / алмазная мозаика котики, 50х35 см', 'title_b': 'алмазная мозаика без подрамника ""котики"" 40x30 см, 50 цветов', 'target_value_a': '50х35 см', 'target_value_b': '40x30 см'}]","{'source_singleton_pairs': 30, 'source_pairs_with_explicit_type': 11, 'observed_exact_product_types': 8, 'supported_product_type_profiles': 1}",False,independent_value,['(?:вес|масса|weight|net\\s*weight)'],"(?:(?=.*\d)[a-zа-яё0-9+.,/×x*\""' -]{1,60}|xxs|xs|s|m|l|xl|xxl|xxxl)",,3,3,1.0,2,2,1.0,1,1,1.0,[],,profile_capacity_policy_v1,829f9c458f1a2a72f16b766dfaf3abbdbad9a1874d71feb4457eab7da52b3fee
gen_stat_74f471278b893658,stat_c46f5080e96efc14,STAT_LABEL0_CROSS_SPLIT_MIN2_P80_SCOPED,0,size,different_value,statistical_atomic_difference,Размер,"Создай товар, где характеристику «Размер» можно изменить независимо. Не добавляй другие атрибуты, которые логически фиксируют её значение или станут противоречивыми после замены.",['Хобби и творчество'],"Replace exactly this explicit attribute with a different, realistic value for the same concrete product subtype.","Change only this attribute; preserve product subtype and all unrelated facts, and update every title mention consistently.",cross_split_threshold_and_product_type_scope,Хобби и творчество,override,5,0,"[{'attribute_key': 'размеры, мм', 'support': 5}, {'attribute_key': 'формат фотографии', 'support': 3}, {'attribute_key': 'комплектация', 'support': 2}, {'attribute_key': 'ширина предмета', 'support': 1}, {'attribute_key': 'размер, мм', 'support': 1}]",208,196,12,0.9423076923076923,30,27,3,0.9,208,196,0.9423076923076923,30,27,0.9,"{'discovery': {'support': 24, 'target_support': 22, 'target_probability': 0.9166666666666666}, 'validation': {'support': 6, 'target_support': 5, 'target_probability': 0.8333333333333334}}",24,6,rp_bb70c1902de8f8cb2c1488b0;rp_ad8499127133156ff180e4b5;rp_8ec1ce3bec0d0a14abb37a35,19х24 см | 7.5x4.5см | 30*38,"[{'product_type': 'холст', 'normalized_product_type': 'холст', 'singleton_pair_support': 3, 'singleton_target_support': 3, 'singleton_target_probability': 1.0, 'split_statistics': {'discovery': {'support': 2, 'target_support': 2, 'target_probability': 1.0}, 'validation': {'support': 1, 'target_support': 1, 'target_probability': 1.0}}, 'source_pair_ids': ['rp_3ab483ffcb821062877db14c', 'rp_d6b0c9fb333d1341225b284e', 'rp_15a2431e516d063a0f01551b'], 'source_examples': [{'source_pair_id': 'rp_3ab483ffcb821062877db14c', 'product_type': 'холст', 'title_a': 'холст на картоне 40 х 50 см, хлопок 100%, акриловый грунт, мелкозернистый, ""студия""', 'title_b': 'гамма холст на картоне 40 х 60 см, хлопок 100%, акриловый грунт, мелкозернистый, «студия»', 'target_value_a': '40 х 50 см', 'target_value_b': '40 х 60 см'}, {'source_pair_id': 'rp_d6b0c9fb333d1341225b284e', 'product_type': 'холст', 'title_a': 'холст на подрамнике гамма ""старый мастер"", 50*60см, 100% лен, мелкое зерно', 'title_b': 'холст на подрамнике гамма ""старый мастер"", 40*60см, 100% лен, мелкое зерно', 'target_value_a': '50*60см', 'target_value_b': '40*60см'}, {'source_pair_id': 'rp_15a2431e516d063a0f01551b', 'product_type': 'холст', 'title_a': 'гамма / холст на подрамнике ""старый мастер"", 40х50 см, 100% лен', 'title_b': 'холст на подрамнике гамма ""старый мастер"", 30х35 см, 100% лен, мелкое зерно (100920207)', 'target_value_a': '40х50 см', 'target_value_b': '30х35 см'}]}]",['холст'],['Бренд'],"[{'source_pair_id': 'rp_3ab483ffcb821062877db14c', 'product_type': 'холст', 'title_a': 'холст на картоне 40 х 50 см, хлопок 100%, акриловый грунт, мелкозернистый, ""студия""', 'title_b': 'гамма холст на картоне 40 х 60 см, хлопок 100%, акриловый грунт, мелкозернистый, «студия»', 'target_value_a': '40 х 50 см', 'target_value_b': '40 х 60 см'}, {'source_pair_id': 'rp_d6b0c9fb333d1341225b284e', 'product_type': 'холст', 'title_a': 'холст на подрамнике гамма ""старый мастер"", 50*60см, 100% лен, мелкое зерно', 'title_b': 'холст на подрамнике гамма ""старый мастер"", 40*60см, 100% лен, мелкое зерно', 'target_value_a': '50*60см', 'target_value_b': '40*60см'}, {'source_pair_id': 'rp_15a2431e516d063a0f01551b', 'product_type': 'холст', 'title_a': 'гамма / холст на подрамнике ""старый мастер"", 40х50 см, 100% лен', 'title_b': 'холст на подрамнике гамма ""старый мастер"", 30х35 см, 100% лен, мелкое зерно (100920207)', 'target_value_a': '40х50 см', 'target_value_b': '30х35 см'}]","{'source_singleton_pairs': 30, 'source_pairs_with_explicit_type': 11, 'observed_exact_product_types': 8, 'supported_product_type_profiles': 1}",False,independent_value,['(?:вес|масса|weight|net\\s*weight)'],"(?:(?=.*\d)[a-zа-яё0-9+.,/×x*\""' -]{1,60}|xxs|xs|s|m|l|xl|xxl|xxxl)",,3,3,1.0,2,2,1.0,1,1,1.0,[],,profile_capacity_policy_v1,829f9c458f1a2a72f16b766dfaf3abbdbad9a1874d71feb4457eab7da52b3fee
gen_stat_9c34ec5028e8e5bd,stat_8da8d965a049c638,STAT_LABEL0_CROSS_SPLIT_MIN2_P80_SCOPED,0,cpu_model,different_value,statistical_atomic_difference,Модель процессора,"Создай товар, где характеристику «Модель процессора» можно изменить независимо. Не добавляй другие атрибуты, которые логически фиксируют её значение или станут противоречивыми после замены. Используй вымышленные нейтральные модели и не копируй известный бренд+модель. Модель должна содержать буквы и не может быть полностью числовым каталожным номером.",['Электроника'],"Replace exactly this explicit attribute with a different, realistic value for the same concrete product subtype.","Change only this attribute; preserve product subtype and all unrelated facts, and update every title mention consistently.",cross_split_threshold_and_product_type_scope,Электроника,override,12,0,"[{'attribute_key': 'процессор', 'support': 12}, {'attribute_key': 'модель процессора', 'support': 4}]",124,124,0,1.0,8,8,0,1.0,122,122,1.0,8,8,1.0,"{'discovery': {'support': 7, 'target_support': 7, 'target_probability': 1.0}, 'validation': {'support': 1, 'target_support': 1, 'target_probability': 1.0}}",7,1,rp_17d378009a1c33e513579e45;rp_18473d608743fdf7e6a86dd7;rp_4adb49697fa84e7d6026704c,1235u | intel core i5-13600kf | amd ryzen 7 7700x,"[{'product_type': 'настольный компьютер', 'normalized_product_type': 'настольный компьютер', 'singleton_pair_support': 2, 'singleton_target_support': 2, 'singleton_target_probability': 1.0, 'split_statistics': {'discovery': {'support': 1, 'target_support': 1, 'target_probability': 1.0}, 'validation': {'support': 1, 'target_support': 1, 'target_probability': 1.0}}, 'source_pair_ids': ['rp_e5059d5d50e227d0d8b8366e', 'rp_5f1dce8f43cf16f6f83e1a11'], 'source_examples': [{'source_pair_id': 'rp_e5059d5d50e227d0d8b8366e', 'product_type': 'настольный компьютер', 'title_a': 'bonuspk системный блок игровой компьютер bonuspk o53770558 (intel core i5-13500 (3.50 ггц), ram 32 гб, ssd 1000 гб, hdd 4000 гб, nvidia geforce rtx 3070 (8 гб), windows 10 home), черный', 'title_b': 'настольный компьютер bonuspk черный (53766863)', 'target_value_a': 'intel core i5-13500', 'target_value_b': '13400f'}, {'source_pair_id': 'rp_5f1dce8f43cf16f6f83e1a11', 'product_type': 'настольный компьютер', 'title_a': 'bonuspk системный блок игровой компьютер bonuspk o53780535 (intel core i5-13500 (3.50 ггц), ram 32 гб, ssd 1000 гб, hdd 1000 гб, nvidia geforce rtx 4070 (12 гб), windows 11 pro), черный', 'title_b': 'настольный компьютер bonuspk черный (53763515)', 'target_value_a': 'intel core i5-13500', 'target_value_b': '13400f'}]}]",['настольный компьютер'],['Бренд'],"[{'source_pair_id': 'rp_e5059d5d50e227d0d8b8366e', 'product_type': 'настольный компьютер', 'title_a': 'bonuspk системный блок игровой компьютер bonuspk o53770558 (intel core i5-13500 (3.50 ггц), ram 32 гб, ssd 1000 гб, hdd 4000 гб, nvidia geforce rtx 3070 (8 гб), windows 10 home), черный', 'title_b': 'настольный компьютер bonuspk черный (53766863)', 'target_value_a': 'intel core i5-13500', 'target_value_b': '13400f'}, {'source_pair_id': 'rp_5f1dce8f43cf16f6f83e1a11', 'product_type': 'настольный компьютер', 'title_a': 'bonuspk системный блок игровой компьютер bonuspk o53780535 (intel core i5-13500 (3.50 ггц), ram 32 гб, ssd 1000 гб, hdd 1000 гб, nvidia geforce rtx 4070 (12 гб), windows 11 pro), черный', 'title_b': 'настольный компьютер bonuspk черный (53763515)', 'target_value_a': 'intel core i5-13500', 'target_value_b': '13400f'}]","{'source_singleton_pairs': 8, 'source_pairs_with_explicit_type': 2, 'observed_exact_product_types': 1, 'supported_product_type_profiles': 1}",False,independent_value,['(?:частот|ядр|поток|сокет|к[эе]ш|cache|tdp|техпроцесс|архитект)'],,^(?:модель\s*)?(?:№|#|no)?\s*\d[\d ._/-]*$,2,2,1.0,1,1,1.0,1,1,1.0,[],,profile_capacity_policy_v1,829f9c458f1a2a72f16b766dfaf3abbdbad9a1874d71feb4457eab7da52b3fee
gen_stat_eb16953dac65f235,stat_b1abe2f0bf2bb50a,STAT_LABEL0_CROSS_SPLIT_MIN2_P80_SCOPED,0,model,different_value,statistical_atomic_difference,Модель,"Создай товар, где характеристику «Модель» можно изменить независимо. Не добавляй другие атрибуты, которые логически фиксируют её значение или станут противоречивыми после замены. Используй вымышленные нейтральные модели и не копируй известный бренд+модель. Модель должна содержать буквы и не может быть полностью числовым каталожным номером.",['Электроника'],"Replace exactly this explicit attribute with a different, realistic value for the same concrete product subtype.","Change only this attribute; preserve product subtype and all unrelated facts, and update every title mention consistently.",cross_split_threshold_and_product_type_scope,Электроника,override,14,0,"[{'attribute_key': 'модель', 'support': 14}, {'attribute_key': 'тип расходного материала для печати', 'support': 1}]",715,648,67,0.9062937062937063,64,57,7,0.890625,652,592,0.9079754601226994,62,55,0.8870967741935484,"{'discovery': {'support': 45, 'target_support': 38, 'target_probability': 0.8444444444444444}, 'validation': {'support': 17, 'target_support': 17, 'target_probability': 1.0}}",46,18,rp_91b93592f41e8f51f5158d97;rp_009562c1aef4b30b330c87ca;rp_4305db3dd0942dda35e23c27,6s7e0ea-wpro | kf560c40bbk2-32 | kf552c40bbk2-32,"[{'product_type': 'пульт ду', 'normalized_product_type': 'пульт ду', 'singleton_pair_support': 3, 'singleton_target_support': 3, 'singleton_target_probability': 1.0, 'split_statistics': {'discovery': {'support': 2, 'target_support': 2, 'target_probability': 1.0}, 'validation': {'support': 1, 'target_support': 1, 'target_probability': 1.0}}, 'source_pair_ids': ['rp_e7e266568d3144ca5116e106', 'rp_db54ed73ea4699456a1543a2', 'rp_270de2dd84787136f168d1f9'], 'source_examples': [{'source_pair_id': 'rp_e7e266568d3144ca5116e106', 'product_type': 'пульт ду', 'title_a': 'пульт ду philips rc 242254990467 (ykf309-001) smart tv', 'title_b': 'huayu / пульт rc242254990477 для телевизоров philips / филипс', 'target_value_a': 'rc 242254990467 (ykf309-001)', 'target_value_b': 'rc242254990477'}, {'source_pair_id': 'rp_db54ed73ea4699456a1543a2', 'product_type': 'пульт ду', 'title_a': 'пульт ду для goldstar rc200 timeshift', 'title_b': 'dulger / пульт huayu ip-tv gdl-62-zte030 для ресивера', 'target_value_a': 'rc200', 'target_value_b': 'gdl-62-zte030'}, {'source_pair_id': 'rp_270de2dd84787136f168d1f9', 'product_type': 'пульт ду', 'title_a': 'пульт ду huayu для samsung aa59-00507a', 'title_b': 'пультикспб / пульт huayu aa59-00818a для тв samsung', 'target_value_a': 'aa59-00507a', 'target_value_b': 'aa59-00818a'}]}]",['пульт ду'],['Бренд'],"[{'source_pair_id': 'rp_e7e266568d3144ca5116e106', 'product_type': 'пульт ду', 'title_a': 'пульт ду philips rc 242254990467 (ykf309-001) smart tv', 'title_b': 'huayu / пульт rc242254990477 для телевизоров philips / филипс', 'target_value_a': 'rc 242254990467 (ykf309-001)', 'target_value_b': 'rc242254990477'}, {'source_pair_id': 'rp_db54ed73ea4699456a1543a2', 'product_type': 'пульт ду', 'title_a': 'пульт ду для goldstar rc200 timeshift', 'title_b': 'dulger / пульт huayu ip-tv gdl-62-zte030 для ресивера', 'target_value_a': 'rc200', 'target_value_b': 'gdl-62-zte030'}, {'source_pair_id': 'rp_270de2dd84787136f168d1f9', 'product_type': 'пульт ду', 'title_a': 'пульт ду huayu для samsung aa59-00507a', 'title_b': 'пультикспб / пульт huayu aa59-00818a для тв samsung', 'target_value_a': 'aa59-00507a', 'target_value_b': 'aa59-00818a'}]","{'source_singleton_pairs': 62, 'source_pairs_with_explicit_type': 29, 'observed_exact_product_types': 22, 'supported_product_type_profiles': 1}",False,identity_value,[],,^(?:модель\s*)?(?:№|#|no)?\s*\d[\d ._/-]*$,3,3,1.0,2,2,1.0,1,1,1.0,[],,profile_capacity_policy_v1,829f9c458f1a2a72f16b766dfaf3abbdbad9a1874d71feb4457eab7da52b3fee
gen_stat_3f3abdbb0623b9bc,stat_b1abe2f0bf2bb50a,STAT_LABEL0_MIN2_P80_SCOPED,0,model,different_value,statistical_atomic_difference,Модель,"Создай товар, где характеристику «Модель» можно изменить независимо. Не добавляй другие атрибуты, которые логически фиксируют её значение или станут противоречивыми после замены. Используй вымышленные нейтральные модели и не копируй известный бренд+модель. Модель должна содержать буквы и не может быть полностью числовым каталожным номером.",['Электроника'],"Replace exactly this explicit attribute with a different, realistic value for the same concrete product subtype.","Change only this attribute; preserve product subtype and all unrelated facts, and update every title mention consistently.",singleton_all_occurrence_and_product_type_threshold,Электроника,override,14,0,"[{'attribute_key': 'модель', 'support': 14}, {'attribute_key': 'тип расходного материала для печати', 'support': 1}]",715,648,67,0.9062937062937063,64,57,7,0.890625,652,592,0.9079754601226994,62,55,0.8870967741935484,"{'discovery': {'support': 45, 'target_support': 38, 'target_probability': 0.8444444444444444}, 'validation': {'support': 17, 'target_support': 17, 'target_probability': 1.0}}",46,18,rp_91b93592f41e8f51f5158d97;rp_009562c1aef4b30b330c87ca;rp_4305db3dd0942dda35e23c27,6s7e0ea-wpro | kf560c40bbk2-32 | kf552c40bbk2-32,"[{'product_type': 'микросхема', 'normalized_product_type': 'микросхема', 'singleton_pair_support': 2, 'singleton_target_support': 2, 'singleton_target_probability': 1.0, 'split_statistics': {'discovery': {'support': 2, 'target_support': 2, 'target_probability': 1.0}, 'validation': {'support': 0, 'target_support': 0, 'target_probability': 0.0}}, 'source_pair_ids': ['rp_055a7c3afad5c58766cfed56', 'rp_7d5508a7422557a6d7dec6f4'], 'source_examples': [{'source_pair_id': 'rp_055a7c3afad5c58766cfed56', 'product_type': 'микросхема', 'title_a': 'микросхема tda5145t so28 brushless dc motor drive circuit', 'title_b': 'без бренда микросхема mc68hc908jl8cdw so28, 8-bit mcu', 'target_value_a': 'tda5145t', 'target_value_b': 'mc68hc908jl8cdw'}, {'source_pair_id': 'rp_7d5508a7422557a6d7dec6f4', 'product_type': 'микросхема', 'title_a': 'микросхема isl88731hrz', 'title_b': 'не определен микросхема axp202', 'target_value_a': 'isl88731hrz', 'target_value_b': 'axp202'}]}]",['микросхема'],['Бренд'],"[{'source_pair_id': 'rp_055a7c3afad5c58766cfed56', 'product_type': 'микросхема', 'title_a': 'микросхема tda5145t so28 brushless dc motor drive circuit', 'title_b': 'без бренда микросхема mc68hc908jl8cdw so28, 8-bit mcu', 'target_value_a': 'tda5145t', 'target_value_b': 'mc68hc908jl8cdw'}, {'source_pair_id': 'rp_7d5508a7422557a6d7dec6f4', 'product_type': 'микросхема', 'title_a': 'микросхема isl88731hrz', 'title_b': 'не определен микросхема axp202', 'target_value_a': 'isl88731hrz', 'target_value_b': 'axp202'}]","{'source_singleton_pairs': 62, 'source_pairs_with_explicit_type': 29, 'observed_exact_product_types': 22, 'supported_product_type_profiles': 1}",False,identity_value,[],,^(?:модель\s*)?(?:№|#|no)?\s*\d[\d ._/-]*$,2,2,1.0,2,2,1.0,0,0,0.0,[],,profile_capacity_policy_v1,829f9c458f1a2a72f16b766dfaf3abbdbad9a1874d71feb4457eab7da52b3fee
gen_stat_91fbd4aeaee34966,stat_b1abe2f0bf2bb50a,STAT_LABEL0_MIN2_P80_SCOPED,0,model,different_value,statistical_atomic_difference,Модель,"Создай товар, где характеристику «Модель» можно изменить независимо. Не добавляй другие атрибуты, которые логически фиксируют её значение или станут противоречивыми после замены. Используй вымышленные нейтральные модели и не копируй известный бренд+модель. Модель должна содержать буквы и не может быть полностью числовым каталожным номером.",['Электроника'],"Replace exactly this explicit attribute with a different, realistic value for the same concrete product subtype.","Change only this attribute; preserve product subtype and all unrelated facts, and update every title mention consistently.",singleton_all_occurrence_and_product_type_threshold,Электроника,override,14,0,"[{'attribute_key': 'модель', 'support': 14}, {'attribute_key': 'тип расходного материала для печати', 'support': 1}]",715,648,67,0.9062937062937063,64,57,7,0.890625,652,592,0.9079754601226994,62,55,0.8870967741935484,"{'discovery': {'support': 45, 'target_support': 38, 'target_probability': 0.8444444444444444}, 'validation': {'support': 17, 'target_support': 17, 'target_probability': 1.0}}",46,18,rp_91b93592f41e8f51f5158d97;rp_009562c1aef4b30b330c87ca;rp_4305db3dd0942dda35e23c27,6s7e0ea-wpro | kf560c40bbk2-32 | kf552c40bbk2-32,"[{'product_type': 'ноутбук', 'normalized_product_type': 'ноутбук', 'singleton_pair_support': 2, 'singleton_target_support': 2, 'singleton_target_probability': 1.0, 'split_statistics': {'discovery': {'support': 2, 'target_support': 2, 'target_probability': 1.0}, 'validation': {'support': 0, 'target_support': 0, 'target_probability': 0.0}}, 'source_pair_ids': ['rp_e58d1be6347210427bdd878a', 'rp_89834e77360aea77f4dd11c5'], 'source_examples': [{'source_pair_id': 'rp_e58d1be6347210427bdd878a', 'product_type': 'ноутбук', 'title_a': 'lenovo ноутбук thinkpad x1 nano g1 20una00ccd pro black 13""', 'title_b': 'lenovo thinkpad x12 detachable ноутбук 12.3"", intel core i5-1130g7, ram 8 гб, ssd 256 гб, intel iris xe graphics, windows pro, (20uw0004rt), черный, русская раскладка', 'target_value_a': 'thinkpad x1 nano g1', 'target_value_b': 'thinkpad x12 detachable'}, {'source_pair_id': 'rp_89834e77360aea77f4dd11c5', 'product_type': 'ноутбук', 'title_a': 'msi katana 17 b12ucr-1024xru игровой ноутбук 17.3"", intel core i5-12450h, ram 8 гб, nvidia geforce rtx 3050 для ноутбуков (4 гб), без системы, (2003007014115,4711377151184), черный', 'title_b': '17.3"" ноутбук msi katana gf76 12uc-265xru черный', 'target_value_a': 'b12ucr-1024xru', 'target_value_b': 'gf76 12uc-265xru'}]}]",['ноутбук'],['Бренд'],"[{'source_pair_id': 'rp_e58d1be6347210427bdd878a', 'product_type': 'ноутбук', 'title_a': 'lenovo ноутбук thinkpad x1 nano g1 20una00ccd pro black 13""', 'title_b': 'lenovo thinkpad x12 detachable ноутбук 12.3"", intel core i5-1130g7, ram 8 гб, ssd 256 гб, intel iris xe graphics, windows pro, (20uw0004rt), черный, русская раскладка', 'target_value_a': 'thinkpad x1 nano g1', 'target_value_b': 'thinkpad x12 detachable'}, {'source_pair_id': 'rp_89834e77360aea77f4dd11c5', 'product_type': 'ноутбук', 'title_a': 'msi katana 17 b12ucr-1024xru игровой ноутбук 17.3"", intel core i5-12450h, ram 8 гб, nvidia geforce rtx 3050 для ноутбуков (4 гб), без системы, (2003007014115,4711377151184), черный', 'title_b': '17.3"" ноутбук msi katana gf76 12uc-265xru черный', 'target_value_a': 'b12ucr-1024xru', 'target_value_b': 'gf76 12uc-265xru'}]","{'source_singleton_pairs': 62, 'source_pairs_with_explicit_type': 29, 'observed_exact_product_types': 22, 'supported_product_type_profiles': 1}",False,identity_value,[],,^(?:модель\s*)?(?:№|#|no)?\s*\d[\d ._/-]*$,2,2,1.0,2,2,1.0,0,0,0.0,[],,profile_capacity_policy_v1,829f9c458f1a2a72f16b766dfaf3abbdbad9a1874d71feb4457eab7da52b3fee
gen_stat_9372031afac0f492,stat_62a28cf9e974855f,STAT_LABEL0_CROSS_SPLIT_MIN2_P80_SCOPED,0,package_quantity,different_value,statistical_atomic_difference,Количество в упаковке,"Создай товар, где характеристику «Количество в упаковке» можно изменить независимо. Не добавляй другие атрибуты, которые логически фиксируют её значение или станут противоречивыми после замены. Записывай значение только как положительное целое число с явной единицей «шт», например «6 шт»; число без единицы недопустимо. Не дублируй количество в комплектации, весе, объёме или других полях. По примерам конкретного типа определи, означает ли оно число одинаковых товаров либо число основных штук, доз или элементов внутри продаваемой упаковки. Не считай аксессуары и рекламные вложения.",['Электроника'],"Replace exactly this explicit attribute with a different, realistic value for the same concrete product subtype.","Change only this attribute; preserve product subtype and all unrelated facts, and update every title mention consistently.",cross_split_threshold_and_product_type_scope,Электроника,override,6,0,"[{'attribute_key': 'количество в упаковке, шт', 'support': 6}, {'attribute_key': 'количество в упаковке', 'support': 3}, {'attribute_key': 'количество предметов в упаковке', 'support': 2}, {'attribute_key': 'единиц в одном товаре', 'support': 1}]",90,79,11,0.8777777777777778,9,8,1,0.8888888888888888,90,79,0.8777777777777778,9,8,0.8888888888888888,"{'discovery': {'support': 7, 'target_support': 6, 'target_probability': 0.8571428571428571}, 'validation': {'support': 2, 'target_support': 2, 'target_probability': 1.0}}",7,2,rp_27fb645ce329ef1701c945a6;rp_19be2c65bc6bc3e5e696d504;rp_6dd9ee1a342a142b98a138cb,1 | 50 | 1,"[{'product_type': 'батарейка', 'normalized_product_type': 'батарейка', 'singleton_pair_support': 2, 'singleton_target_support': 2, 'singleton_target_probability': 1.0, 'split_statistics': {'discovery': {'support': 1, 'target_support': 1, 'target_probability': 1.0}, 'validation': {'support': 1, 'target_support': 1, 'target_probability': 1.0}}, 'source_pair_ids': ['rp_b24cee1caf6d182b2e3c715c', 'rp_8ffff8bb742da7a85ab73bde'], 'source_examples': [{'source_pair_id': 'rp_b24cee1caf6d182b2e3c715c', 'product_type': 'батарейка', 'title_a': 'трофи батарейка, 5 шт', 'title_b': 'трофи / элемент питания литиевый cr2032-5bl (блист.5шт) c0 (7шт)', 'target_value_a': '5', 'target_value_b': '7'}, {'source_pair_id': 'rp_8ffff8bb742da7a85ab73bde', 'product_type': 'батарейка', 'title_a': 'батарейка, элемент питания алкалиновый lr03 alkaline bp-24 (уп.24шт) new, ergolux 14213 (1 упак)', 'title_b': 'ergolux / элемент питания алкалиновый aaa lr03 1', 'target_value_a': '24шт', 'target_value_b': '3'}]}]",['батарейка'],['Бренд'],"[{'source_pair_id': 'rp_b24cee1caf6d182b2e3c715c', 'product_type': 'батарейка', 'title_a': 'трофи батарейка, 5 шт', 'title_b': 'трофи / элемент питания литиевый cr2032-5bl (блист.5шт) c0 (7шт)', 'target_value_a': '5', 'target_value_b': '7'}, {'source_pair_id': 'rp_8ffff8bb742da7a85ab73bde', 'product_type': 'батарейка', 'title_a': 'батарейка, элемент питания алкалиновый lr03 alkaline bp-24 (уп.24шт) new, ergolux 14213 (1 упак)', 'title_b': 'ergolux / элемент питания алкалиновый aaa lr03 1', 'target_value_a': '24шт', 'target_value_b': '3'}]","{'source_singleton_pairs': 9, 'source_pairs_with_explicit_type': 5, 'observed_exact_product_types': 4, 'supported_product_type_profiles': 1}",False,independent_value,['(?:вес|масса|weight|объем|объём|volume|нетто)'],"[1-9]\d{0,4}\s*(?:шт\.?|штук(?:а|и)?|ед\.?|единиц(?:а|ы)?)",,2,2,1.0,1,1,1.0,1,1,1.0,[],,profile_capacity_policy_v1,829f9c458f1a2a72f16b766dfaf3abbdbad9a1874d71feb4457eab7da52b3fee
gen_stat_28c84b25a5c29adb,stat_9c10d1b1125459f5,STAT_LABEL0_CROSS_SPLIT_MIN2_P80_SCOPED,0,storage_capacity,different_value,statistical_atomic_difference,Объем памяти,"Создай товар, где характеристику «Объем памяти» можно изменить независимо. Не добавляй другие атрибуты, которые логически фиксируют её значение или станут противоречивыми после замены. Создай устройство или накопитель, где объем памяти является собственной характеристикой товара.",['Электроника'],"Replace exactly this explicit attribute with a different, realistic value for the same concrete product subtype.","Change only this attribute; preserve product subtype and all unrelated facts, and update every title mention consistently.",cross_split_threshold_and_product_type_scope,Электроника,static_pair_rule_mapping,1,0,"[{'attribute_key': 'встроенная память', 'support': 1}]",86,85,1,0.9883720930232558,3,3,0,1.0,86,85,0.9883720930232558,3,3,1.0,"{'discovery': {'support': 1, 'target_support': 1, 'target_probability': 1.0}, 'validation': {'support': 2, 'target_support': 2, 'target_probability': 1.0}}",1,2,rp_18473d608743fdf7e6a86dd7;rp_38f31c80ae96ec5e6421ff42;rp_f66dc34253e48f54f95f9541,500 гб | 1000 гб | 512,"[{'product_type': 'смартфон', 'normalized_product_type': 'смартфон', 'singleton_pair_support': 3, 'singleton_target_support': 3, 'singleton_target_probability': 1.0, 'split_statistics': {'discovery': {'support': 1, 'target_support': 1, 'target_probability': 1.0}, 'validation': {'support': 2, 'target_support': 2, 'target_probability': 1.0}}, 'source_pair_ids': ['rp_fac332ca014ad0a96c538cc0', 'rp_08c301b144a1a3d99cfff314', 'rp_aa0c1c68d5ecf03c9876f08b'], 'source_examples': [{'source_pair_id': 'rp_fac332ca014ad0a96c538cc0', 'product_type': 'смартфон', 'title_a': 'apple смартфон iphone 14 pro max 6/512 гб, фиолетовый', 'title_b': 'смартфон apple iphone 14 pro max 128gb фиолетовый для других стран', 'target_value_a': '512 гб', 'target_value_b': '128 гб'}, {'source_pair_id': 'rp_08c301b144a1a3d99cfff314', 'product_type': 'смартфон', 'title_a': 'apple смартфон apple iphone 12 pro max 6/256 гб, золотой', 'title_b': 'apple / смартфон iphone 12 pro max 512gb золотой', 'target_value_a': '256 гб', 'target_value_b': '512gb'}, {'source_pair_id': 'rp_aa0c1c68d5ecf03c9876f08b', 'product_type': 'смартфон', 'title_a': 'смартфон iphone 11 64gb white айфон 11', 'title_b': 'apple смартфон iphone 11 128 гб, dual: nano sim + esim 4/128 гб, белый', 'target_value_a': '64', 'target_value_b': '128'}]}]",['смартфон'],['Бренд'],"[{'source_pair_id': 'rp_fac332ca014ad0a96c538cc0', 'product_type': 'смартфон', 'title_a': 'apple смартфон iphone 14 pro max 6/512 гб, фиолетовый', 'title_b': 'смартфон apple iphone 14 pro max 128gb фиолетовый для других стран', 'target_value_a': '512 гб', 'target_value_b': '128 гб'}, {'source_pair_id': 'rp_08c301b144a1a3d99cfff314', 'product_type': 'смартфон', 'title_a': 'apple смартфон apple iphone 12 pro max 6/256 гб, золотой', 'title_b': 'apple / смартфон iphone 12 pro max 512gb золотой', 'target_value_a': '256 гб', 'target_value_b': '512gb'}, {'source_pair_id': 'rp_aa0c1c68d5ecf03c9876f08b', 'product_type': 'смартфон', 'title_a': 'смартфон iphone 11 64gb white айфон 11', 'title_b': 'apple смартфон iphone 11 128 гб, dual: nano sim + esim 4/128 гб, белый', 'target_value_a': '64', 'target_value_b': '128'}]","{'source_singleton_pairs': 3, 'source_pairs_with_explicit_type': 3, 'observed_exact_product_types': 1, 'supported_product_type_profiles': 1}",False,independent_value,[],"[1-9]\d*(?:[.,]\d+)?(?:\s*(?:гб|gb|тб|tb))?",,3,3,1.0,1,1,1.0,2,2,1.0,"['8 ГБ', '16 ГБ', '32 ГБ', '64 ГБ', '128 ГБ', '256 ГБ', '512 ГБ', '1024 ГБ']",28.0,profile_capacity_policy_v1,829f9c458f1a2a72f16b766dfaf3abbdbad9a1874d71feb4457eab7da52b3fee
gen_stat_b435ac6c04156670,stat_12e60620bb78a5f6,STAT_LABEL0_MIN2_P80_SCOPED,0,brand,different_value,statistical_atomic_difference,Бренд,"Создай товар, где характеристику «Бренд» можно изменить независимо. Не добавляй другие атрибуты, которые логически фиксируют её значение или станут противоречивыми после замены. Не добавляй модель, серию или линейку, зависящую от целевого значения.",['Ювелирные изделия'],"Replace exactly this explicit attribute with a different, realistic value for the same concrete product subtype.","Change only this attribute; preserve product subtype and all unrelated facts, and update every title mention consistently.",singleton_all_occurrence_and_product_type_threshold,Ювелирные изделия,override,17,0,"[{'attribute_key': 'бренд', 'support': 17}]",576,510,66,0.8854166666666666,13,13,0,1.0,576,510,0.8854166666666666,13,13,1.0,"{'discovery': {'support': 12, 'target_support': 12, 'target_probability': 1.0}, 'validation': {'support': 1, 'target_support': 1, 'target_probability': 1.0}}",12,1,rp_f4d502cbbcc6241d63bc9fde;rp_6700cb5ca2d33d9ebb5d0073;rp_741fa0892113d33638134c1e,585gold | jv | jewelry,"[{'product_type': 'кольцо', 'normalized_product_type': 'кольцо', 'singleton_pair_support': 8, 'singleton_target_support': 8, 'singleton_target_probability': 1.0, 'split_statistics': {'discovery': {'support': 8, 'target_support': 8, 'target_probability': 1.0}, 'validation': {'support': 0, 'target_support': 0, 'target_probability': 0.0}}, 'source_pair_ids': ['rp_741fa0892113d33638134c1e', 'rp_355b16586a1e4c3508a0a735', 'rp_d88c93716a5a09bcb75b6564', 'rp_a1a0acf3cb3db05dcfff5ce7', 'rp_4fe5197c4476ae8f21c852f4', 'rp_3b3a72380353c1eb00fc2855', 'rp_a899637b450d562d25befca6', 'rp_55ea8181bbbdf2195a310194'], 'source_examples': [{'source_pair_id': 'rp_741fa0892113d33638134c1e', 'product_type': 'кольцо', 'title_a': 'jewelry кольцо женское из красного золота 585 пробы с алмазной гранью ', 'title_b': 'aurora jewelry / кольцо золотое 585 пробы с бриллиантом / бриллианты якутии', 'target_value_a': 'jewelry', 'target_value_b': 'aurora jewelry'}, {'source_pair_id': 'rp_355b16586a1e4c3508a0a735', 'product_type': 'кольцо', 'title_a': 'bamoer / женское ювелирное кольцо из серебра 925 пробы с фианитами', 'title_b': 'jeda кольцо помолвочное, с белым фианитом, серебряное, родированное, артикул 2343.1', 'target_value_a': 'bamoer', 'target_value_b': 'jeda'}, {'source_pair_id': 'rp_d88c93716a5a09bcb75b6564', 'product_type': 'кольцо', 'title_a': 'sokolov diamonds, кольцо из золота с миксом камней, 6015093, украшение из красного золота 585 пробы', 'title_b': 'кольцо из керамики и желтого золота р. 17,5 alltime 6015012_s, бриллиант', 'target_value_a': 'sokolov', 'target_value_b': 'alltime'}, {'source_pair_id': 'rp_a1a0acf3cb3db05dcfff5ce7', 'product_type': 'кольцо', 'title_a': 'lucente кольцо из серебра 925 пробы женское мужское широкое', 'title_b': 'кольцо otokodesign', 'target_value_a': 'lucente', 'target_value_b': 'otokodesign'}]}]",['кольцо'],['Назначение'],"[{'source_pair_id': 'rp_741fa0892113d33638134c1e', 'product_type': 'кольцо', 'title_a': 'jewelry кольцо женское из красного золота 585 пробы с алмазной гранью ', 'title_b': 'aurora jewelry / кольцо золотое 585 пробы с бриллиантом / бриллианты якутии', 'target_value_a': 'jewelry', 'target_value_b': 'aurora jewelry'}, {'source_pair_id': 'rp_355b16586a1e4c3508a0a735', 'product_type': 'кольцо', 'title_a': 'bamoer / женское ювелирное кольцо из серебра 925 пробы с фианитами', 'title_b': 'jeda кольцо помолвочное, с белым фианитом, серебряное, родированное, артикул 2343.1', 'target_value_a': 'bamoer', 'target_value_b': 'jeda'}, {'source_pair_id': 'rp_d88c93716a5a09bcb75b6564', 'product_type': 'кольцо', 'title_a': 'sokolov diamonds, кольцо из золота с миксом камней, 6015093, украшение из красного золота 585 пробы', 'title_b': 'кольцо из керамики и желтого золота р. 17,5 alltime 6015012_s, бриллиант', 'target_value_a': 'sokolov', 'target_value_b': 'alltime'}, {'source_pair_id': 'rp_a1a0acf3cb3db05dcfff5ce7', 'product_type': 'кольцо', 'title_a': 'lucente кольцо из серебра 925 пробы женское мужское широкое', 'title_b': 'кольцо otokodesign', 'target_value_a': 'lucente', 'target_value_b': 'otokodesign'}]","{'source_singleton_pairs': 13, 'source_pairs_with_explicit_type': 11, 'observed_exact_product_types': 3, 'supported_product_type_profiles': 1}",False,identity_value,['(?<!\\w)(?:модель|model|серия|series|линейка|line|коллекци\\w*|collection|производител\\w*|manufacturer)(?!\\w)'],,,8,8,1.0,8,8,1.0,0,0,0.0,[],,profile_capacity_policy_v1,829f9c458f1a2a72f16b766dfaf3abbdbad9a1874d71feb4457eab7da52b3fee
gen_stat_2ffa1bd928ec9dcb,stat_12e60620bb78a5f6,STAT_LABEL0_MIN2_P80_SCOPED,0,brand,different_value,statistical_atomic_difference,Бренд,"Создай товар, где характеристику «Бренд» можно изменить независимо. Не добавляй другие атрибуты, которые логически фиксируют её значение или станут противоречивыми после замены. Не добавляй модель, серию или линейку, зависящую от целевого значения.",['Ювелирные изделия'],"Replace exactly this explicit attribute with a different, realistic value for the same concrete product subtype.","Change only this attribute; preserve product subtype and all unrelated facts, and update every title mention consistently.",singleton_all_occurrence_and_product_type_threshold,Ювелирные изделия,override,17,0,"[{'attribute_key': 'бренд', 'support': 17}]",576,510,66,0.8854166666666666,13,13,0,1.0,576,510,0.8854166666666666,13,13,1.0,"{'discovery': {'support': 12, 'target_support': 12, 'target_probability': 1.0}, 'validation': {'support': 1, 'target_support': 1, 'target_probability': 1.0}}",12,1,rp_f4d502cbbcc6241d63bc9fde;rp_6700cb5ca2d33d9ebb5d0073;rp_741fa0892113d33638134c1e,585gold | jv | jewelry,"[{'product_type': 'серьги ювелирные', 'normalized_product_type': 'серьги ювелирные', 'singleton_pair_support': 2, 'singleton_target_support': 2, 'singleton_target_probability': 1.0, 'split_statistics': {'discovery': {'support': 2, 'target_support': 2, 'target_probability': 1.0}, 'validation': {'support': 0, 'target_support': 0, 'target_probability': 0.0}}, 'source_pair_ids': ['rp_ae3b9e9954cf8a6fb6ad78a0', 'rp_25f452106da9fd8e538e73af'], 'source_examples': [{'source_pair_id': 'rp_ae3b9e9954cf8a6fb6ad78a0', 'product_type': 'серьги ювелирные', 'title_a': 'алорис золото серьги ювелирные золото красное 585 пробы', 'title_b': 'златамира серьги златамира, золото, 585 проба, рубин, бриллиант', 'target_value_a': 'алорис золото', 'target_value_b': 'златамира'}, {'source_pair_id': 'rp_25f452106da9fd8e538e73af', 'product_type': 'серьги ювелирные', 'title_a': 'аврора голд серьги ювелирные серебро родированное 925 пробы', 'title_b': 'minimal!st / серьги серебро кольца полукруглый профиль диаметр 4 см', 'target_value_a': 'аврора голд', 'target_value_b': 'minimal!st'}]}]",['серьги ювелирные'],['Назначение'],"[{'source_pair_id': 'rp_ae3b9e9954cf8a6fb6ad78a0', 'product_type': 'серьги ювелирные', 'title_a': 'алорис золото серьги ювелирные золото красное 585 пробы', 'title_b': 'златамира серьги златамира, золото, 585 проба, рубин, бриллиант', 'target_value_a': 'алорис золото', 'target_value_b': 'златамира'}, {'source_pair_id': 'rp_25f452106da9fd8e538e73af', 'product_type': 'серьги ювелирные', 'title_a': 'аврора голд серьги ювелирные серебро родированное 925 пробы', 'title_b': 'minimal!st / серьги серебро кольца полукруглый профиль диаметр 4 см', 'target_value_a': 'аврора голд', 'target_value_b': 'minimal!st'}]","{'source_singleton_pairs': 13, 'source_pairs_with_explicit_type': 11, 'observed_exact_product_types': 3, 'supported_product_type_profiles': 1}",False,identity_value,['(?<!\\w)(?:модель|model|серия|series|линейка|line|коллекци\\w*|collection|производител\\w*|manufacturer)(?!\\w)'],,,2,2,1.0,2,2,1.0,0,0,0.0,[],,profile_capacity_policy_v1,829f9c458f1a2a72f16b766dfaf3abbdbad9a1874d71feb4457eab7da52b3fee
gen_stat_6e46cc751debab2a,stat_2a4e03feefaa1b2c,STAT_LABEL0_CROSS_SPLIT_MIN2_P80_SCOPED,0,gold_color,different_value,statistical_atomic_difference,Цвет золота,"Создай товар, где характеристику «Цвет золота» можно изменить независимо. Не добавляй другие атрибуты, которые логически фиксируют её значение или станут противоречивыми после замены.",['Ювелирные изделия'],"Replace exactly this explicit attribute with a different, realistic value for the same concrete product subtype.","Change only this attribute; preserve product subtype and all unrelated facts, and update every title mention consistently.",cross_split_threshold_and_product_type_scope,Ювелирные изделия,static_pair_rule_mapping,17,0,"[{'attribute_key': 'тип золота', 'support': 17}, {'attribute_key': 'состав ювелирного изделия', 'support': 10}, {'attribute_key': 'основной материал украшения', 'support': 9}, {'attribute_key': 'цвет', 'support': 1}]",139,132,7,0.9496402877697842,19,19,0,1.0,139,132,0.9496402877697842,19,19,1.0,"{'discovery': {'support': 14, 'target_support': 14, 'target_probability': 1.0}, 'validation': {'support': 5, 'target_support': 5, 'target_probability': 1.0}}",14,5,rp_99751c6e34757884d39eaa3b;rp_b2224127f0a0f7388bc551f5;rp_f16abd9721dfae76999626b3,белое золото | белое | желтое,"[{'product_type': 'кольцо', 'normalized_product_type': 'кольцо', 'singleton_pair_support': 11, 'singleton_target_support': 11, 'singleton_target_probability': 1.0, 'split_statistics': {'discovery': {'support': 9, 'target_support': 9, 'target_probability': 1.0}, 'validation': {'support': 2, 'target_support': 2, 'target_probability': 1.0}}, 'source_pair_ids': ['rp_b2224127f0a0f7388bc551f5', 'rp_4ac67396c0829855097bfeca', 'rp_37b19a752e50785d5108f429', 'rp_8b7a4fe12d84203001aedb56', 'rp_8eee7a97f15d25488ca388cb', 'rp_e73157a28882fc857476bfbf', 'rp_9aaf0cd6311f6229e2f2fa3c', 'rp_5141f17ccee53968676d04ce'], 'source_examples': [{'source_pair_id': 'rp_b2224127f0a0f7388bc551f5', 'product_type': 'кольцо', 'title_a': 'master brilliant кольцо master brilliant, белое золото, 585 проба, бриллиант, размер 17.5', 'title_b': 'master brilliant кольцо золото желтое 585 пробы', 'target_value_a': 'белое', 'target_value_b': 'желтое'}, {'source_pair_id': 'rp_4ac67396c0829855097bfeca', 'product_type': 'кольцо', 'title_a': 'master brilliant кольцо золотое с бриллиантом, размер 17.5 мм., 1.29 гр.', 'title_b': 'master brilliant кольцо master brilliant, красное золото, 585 проба, бриллиант, размер 17.5', 'target_value_a': 'желтое', 'target_value_b': 'красное'}, {'source_pair_id': 'rp_37b19a752e50785d5108f429', 'product_type': 'кольцо', 'title_a': 'master brilliant кольцо master brilliant, белое золото, 585 проба, бриллиант, размер 18', 'title_b': 'master brilliant кольцо золото желтое 585 пробы', 'target_value_a': 'белое', 'target_value_b': 'желтое'}, {'source_pair_id': 'rp_8b7a4fe12d84203001aedb56', 'product_type': 'кольцо', 'title_a': 'kabarovsky кольцо из золота с бриллиантом, размер 17 мм., 2.08 гр.', 'title_b': 'kabarovsky кольцо kabarovsky, белое золото, 585 проба, бриллиант, размер 17', 'target_value_a': 'красное', 'target_value_b': 'белое'}]}]",['кольцо'],['Бренд'],"[{'source_pair_id': 'rp_b2224127f0a0f7388bc551f5', 'product_type': 'кольцо', 'title_a': 'master brilliant кольцо master brilliant, белое золото, 585 проба, бриллиант, размер 17.5', 'title_b': 'master brilliant кольцо золото желтое 585 пробы', 'target_value_a': 'белое', 'target_value_b': 'желтое'}, {'source_pair_id': 'rp_4ac67396c0829855097bfeca', 'product_type': 'кольцо', 'title_a': 'master brilliant кольцо золотое с бриллиантом, размер 17.5 мм., 1.29 гр.', 'title_b': 'master brilliant кольцо master brilliant, красное золото, 585 проба, бриллиант, размер 17.5', 'target_value_a': 'желтое', 'target_value_b': 'красное'}, {'source_pair_id': 'rp_37b19a752e50785d5108f429', 'product_type': 'кольцо', 'title_a': 'master brilliant кольцо master brilliant, белое золото, 585 проба, бриллиант, размер 18', 'title_b': 'master brilliant кольцо золото желтое 585 пробы', 'target_value_a': 'белое', 'target_value_b': 'желтое'}, {'source_pair_id': 'rp_8b7a4fe12d84203001aedb56', 'product_type': 'кольцо', 'title_a': 'kabarovsky кольцо из золота с бриллиантом, размер 17 мм., 2.08 гр.', 'title_b': 'kabarovsky кольцо kabarovsky, белое золото, 585 проба, бриллиант, размер 17', 'target_value_a': 'красное', 'target_value_b': 'белое'}]","{'source_singleton_pairs': 19, 'source_pairs_with_explicit_type': 18, 'observed_exact_product_types': 3, 'supported_product_type_profiles': 1}",False,independent_value,[],,,11,11,1.0,9,9,1.0,2,2,1.0,"['белое', 'желтое', 'красное', 'комбинированное']",12.0,profile_capacity_policy_v1,829f9c458f1a2a72f16b766dfaf3abbdbad9a1874d71feb4457eab7da52b3fee
gen_stat_dbef08c8ee2d88f9,stat_2a4e03feefaa1b2c,STAT_LABEL0_CROSS_SPLIT_MIN2_P80_SCOPED,0,gold_color,different_value,statistical_atomic_difference,Цвет золота,"Создай товар, где характеристику «Цвет золота» можно изменить независимо. Не добавляй другие атрибуты, которые логически фиксируют её значение или станут противоречивыми после замены.",['Ювелирные изделия'],"Replace exactly this explicit attribute with a different, realistic value for the same concrete product subtype.","Change only this attribute; preserve product subtype and all unrelated facts, and update every title mention consistently.",cross_split_threshold_and_product_type_scope,Ювелирные изделия,static_pair_rule_mapping,17,0,"[{'attribute_key': 'тип золота', 'support': 17}, {'attribute_key': 'состав ювелирного изделия', 'support': 10}, {'attribute_key': 'основной материал украшения', 'support': 9}, {'attribute_key': 'цвет', 'support': 1}]",139,132,7,0.9496402877697842,19,19,0,1.0,139,132,0.9496402877697842,19,19,1.0,"{'discovery': {'support': 14, 'target_support': 14, 'target_probability': 1.0}, 'validation': {'support': 5, 'target_support': 5, 'target_probability': 1.0}}",14,5,rp_99751c6e34757884d39eaa3b;rp_b2224127f0a0f7388bc551f5;rp_f16abd9721dfae76999626b3,белое золото | белое | желтое,"[{'product_type': 'серьги ювелирные', 'normalized_product_type': 'серьги ювелирные', 'singleton_pair_support': 5, 'singleton_target_support': 5, 'singleton_target_probability': 1.0, 'split_statistics': {'discovery': {'support': 2, 'target_support': 2, 'target_probability': 1.0}, 'validation': {'support': 3, 'target_support': 3, 'target_probability': 1.0}}, 'source_pair_ids': ['rp_99751c6e34757884d39eaa3b', 'rp_71025f67556340cd21300a3a', 'rp_88af865ca40a4b3062376371', 'rp_fd63503fef7de259dcc185a0', 'rp_fdc74086831d5ad03cca0aeb'], 'source_examples': [{'source_pair_id': 'rp_99751c6e34757884d39eaa3b', 'product_type': 'серьги ювелирные', 'title_a': 'master brilliant / золотые серьги с бриллиантами', 'title_b': 'master brilliant серьги ювелирные золото красное 585 пробы', 'target_value_a': 'белое золото', 'target_value_b': 'золото красное'}, {'source_pair_id': 'rp_71025f67556340cd21300a3a', 'product_type': 'серьги ювелирные', 'title_a': 'master brilliant серьги master brilliant, белое золото, 585 проба, бриллиант', 'title_b': 'master brilliant серьги ювелирные золото красное 585 пробы', 'target_value_a': 'белое', 'target_value_b': 'красное'}, {'source_pair_id': 'rp_88af865ca40a4b3062376371', 'product_type': 'серьги ювелирные', 'title_a': 'master brilliant серьги master brilliant, белое золото, 585 проба, бриллиант', 'title_b': 'master brilliant серьги ювелирные золото красное 585 пробы', 'target_value_a': 'белое', 'target_value_b': 'красное'}, {'source_pair_id': 'rp_fd63503fef7de259dcc185a0', 'product_type': 'серьги ювелирные', 'title_a': 'the-jeweller серьги из золота с фианитами', 'title_b': 'the jeweller серьги the jeweller, красное золото, 585 проба, фианит, белый', 'target_value_a': 'желтое', 'target_value_b': 'красное'}]}]",['серьги ювелирные'],['Бренд'],"[{'source_pair_id': 'rp_99751c6e34757884d39eaa3b', 'product_type': 'серьги ювелирные', 'title_a': 'master brilliant / золотые серьги с бриллиантами', 'title_b': 'master brilliant серьги ювелирные золото красное 585 пробы', 'target_value_a': 'белое золото', 'target_value_b': 'золото красное'}, {'source_pair_id': 'rp_71025f67556340cd21300a3a', 'product_type': 'серьги ювелирные', 'title_a': 'master brilliant серьги master brilliant, белое золото, 585 проба, бриллиант', 'title_b': 'master brilliant серьги ювелирные золото красное 585 пробы', 'target_value_a': 'белое', 'target_value_b': 'красное'}, {'source_pair_id': 'rp_88af865ca40a4b3062376371', 'product_type': 'серьги ювелирные', 'title_a': 'master brilliant серьги master brilliant, белое золото, 585 проба, бриллиант', 'title_b': 'master brilliant серьги ювелирные золото красное 585 пробы', 'target_value_a': 'белое', 'target_value_b': 'красное'}, {'source_pair_id': 'rp_fd63503fef7de259dcc185a0', 'product_type': 'серьги ювелирные', 'title_a': 'the-jeweller серьги из золота с фианитами', 'title_b': 'the jeweller серьги the jeweller, красное золото, 585 проба, фианит, белый', 'target_value_a': 'желтое', 'target_value_b': 'красное'}]","{'source_singleton_pairs': 19, 'source_pairs_with_explicit_type': 18, 'observed_exact_product_types': 3, 'supported_product_type_profiles': 1}",False,independent_value,[],,,5,5,1.0,2,2,1.0,3,3,1.0,"['белое', 'желтое', 'красное', 'комбинированное']",12.0,profile_capacity_policy_v1,829f9c458f1a2a72f16b766dfaf3abbdbad9a1874d71feb4457eab7da52b3fee
gen_stat_16489f45cfca37c9,stat_2a4e03feefaa1b2c,STAT_LABEL0_MIN2_P80_SCOPED,0,gold_color,different_value,statistical_atomic_difference,Цвет золота,"Создай товар, где характеристику «Цвет золота» можно изменить независимо. Не добавляй другие атрибуты, которые логически фиксируют её значение или станут противоречивыми после замены.",['Ювелирные изделия'],"Replace exactly this explicit attribute with a different, realistic value for the same concrete product subtype.","Change only this attribute; preserve product subtype and all unrelated facts, and update every title mention consistently.",singleton_all_occurrence_and_product_type_threshold,Ювелирные изделия,static_pair_rule_mapping,17,0,"[{'attribute_key': 'тип золота', 'support': 17}, {'attribute_key': 'состав ювелирного изделия', 'support': 10}, {'attribute_key': 'основной материал украшения', 'support': 9}, {'attribute_key': 'цвет', 'support': 1}]",139,132,7,0.9496402877697842,19,19,0,1.0,139,132,0.9496402877697842,19,19,1.0,"{'discovery': {'support': 14, 'target_support': 14, 'target_probability': 1.0}, 'validation': {'support': 5, 'target_support': 5, 'target_probability': 1.0}}",14,5,rp_99751c6e34757884d39eaa3b;rp_b2224127f0a0f7388bc551f5;rp_f16abd9721dfae76999626b3,белое золото | белое | желтое,"[{'product_type': 'браслет', 'normalized_product_type': 'браслет', 'singleton_pair_support': 2, 'singleton_target_support': 2, 'singleton_target_probability': 1.0, 'split_statistics': {'discovery': {'support': 2, 'target_support': 2, 'target_probability': 1.0}, 'validation': {'support': 0, 'target_support': 0, 'target_probability': 0.0}}, 'source_pair_ids': ['rp_0b0e8db4fc9cb1521b892b2e', 'rp_9ff09cbe0cd8ce3d3e8d59fd'], 'source_examples': [{'source_pair_id': 'rp_0b0e8db4fc9cb1521b892b2e', 'product_type': 'браслет', 'title_a': 'эстет браслет браслет из двух цветов золота 585 пробы с фианитами 01б161560. размер 17', 'title_b': 'эстет браслет эстет, красное золото, 585 проба, фианит, длина 17 см.', 'target_value_a': 'комбинированное', 'target_value_b': 'красное'}, {'source_pair_id': 'rp_9ff09cbe0cd8ce3d3e8d59fd', 'product_type': 'браслет', 'title_a': 'эстет браслет браслет из двух цветов золота 585 пробы без вставок 01б063024. размер 20', 'title_b': 'эстет браслет эстет, желтое золото, 585 проба, длина 20 см.', 'target_value_a': 'комбинированное', 'target_value_b': 'желтое'}]}]",['браслет'],['Бренд'],"[{'source_pair_id': 'rp_0b0e8db4fc9cb1521b892b2e', 'product_type': 'браслет', 'title_a': 'эстет браслет браслет из двух цветов золота 585 пробы с фианитами 01б161560. размер 17', 'title_b': 'эстет браслет эстет, красное золото, 585 проба, фианит, длина 17 см.', 'target_value_a': 'комбинированное', 'target_value_b': 'красное'}, {'source_pair_id': 'rp_9ff09cbe0cd8ce3d3e8d59fd', 'product_type': 'браслет', 'title_a': 'эстет браслет браслет из двух цветов золота 585 пробы без вставок 01б063024. размер 20', 'title_b': 'эстет браслет эстет, желтое золото, 585 проба, длина 20 см.', 'target_value_a': 'комбинированное', 'target_value_b': 'желтое'}]","{'source_singleton_pairs': 19, 'source_pairs_with_explicit_type': 18, 'observed_exact_product_types': 3, 'supported_product_type_profiles': 1}",False,independent_value,[],,,2,2,1.0,2,2,1.0,0,0,0.0,"['белое', 'желтое', 'красное', 'комбинированное']",12.0,profile_capacity_policy_v1,829f9c458f1a2a72f16b766dfaf3abbdbad9a1874d71feb4457eab7da52b3fee
gen_stat_ec6df6fe4f381b24,stat_4c8cc951a95ca6db,STAT_LABEL0_CROSS_SPLIT_MIN2_P80_SCOPED,0,insert,different_value,statistical_atomic_difference,Вставка,"Создай товар, где характеристику «Вставка» можно изменить независимо. Не добавляй другие атрибуты, которые логически фиксируют её значение или станут противоречивыми после замены.",['Ювелирные изделия'],"Replace exactly this explicit attribute with a different, realistic value for the same concrete product subtype.","Change only this attribute; preserve product subtype and all unrelated facts, and update every title mention consistently.",cross_split_threshold_and_product_type_scope,Ювелирные изделия,override,9,0,"[{'attribute_key': 'вставка', 'support': 9}]",128,124,4,0.96875,5,5,0,1.0,128,124,0.96875,5,5,1.0,"{'discovery': {'support': 3, 'target_support': 3, 'target_probability': 1.0}, 'validation': {'support': 2, 'target_support': 2, 'target_probability': 1.0}}",3,2,rp_6a936c38e87945b4f667c45b;rp_d806df9e71cbcb5628bd0972;rp_f18654a1875464cdcdc87e71,нет | фианит | нет,"[{'product_type': 'браслет', 'normalized_product_type': 'браслет', 'singleton_pair_support': 2, 'singleton_target_support': 2, 'singleton_target_probability': 1.0, 'split_statistics': {'discovery': {'support': 1, 'target_support': 1, 'target_probability': 1.0}, 'validation': {'support': 1, 'target_support': 1, 'target_probability': 1.0}}, 'source_pair_ids': ['rp_8a6555494801f38167a4ebde', 'rp_7d6dd4945bdff116f10b1d9b'], 'source_examples': [{'source_pair_id': 'rp_8a6555494801f38167a4ebde', 'product_type': 'браслет', 'title_a': 'эстет браслет эстет, красное золото, 585 проба', 'title_b': 'эстет браслет браслет из красного золота 585 пробы с фианитами 01б112641. размер 24', 'target_value_a': 'без вставок', 'target_value_b': 'фианит'}, {'source_pair_id': 'rp_7d6dd4945bdff116f10b1d9b', 'product_type': 'браслет', 'title_a': 'эстет браслет золото желтое 585 пробы', 'title_b': 'эстет браслет эстет, желтое золото, 585 проба', 'target_value_a': 'фианит', 'target_value_b': 'без вставок'}]}]",['браслет'],['Бренд'],"[{'source_pair_id': 'rp_8a6555494801f38167a4ebde', 'product_type': 'браслет', 'title_a': 'эстет браслет эстет, красное золото, 585 проба', 'title_b': 'эстет браслет браслет из красного золота 585 пробы с фианитами 01б112641. размер 24', 'target_value_a': 'без вставок', 'target_value_b': 'фианит'}, {'source_pair_id': 'rp_7d6dd4945bdff116f10b1d9b', 'product_type': 'браслет', 'title_a': 'эстет браслет золото желтое 585 пробы', 'title_b': 'эстет браслет эстет, желтое золото, 585 проба', 'target_value_a': 'фианит', 'target_value_b': 'без вставок'}]","{'source_singleton_pairs': 5, 'source_pairs_with_explicit_type': 5, 'observed_exact_product_types': 3, 'supported_product_type_profiles': 1}",False,independent_value,[],,,2,2,1.0,1,1,1.0,1,1,1.0,[],,profile_capacity_policy_v1,829f9c458f1a2a72f16b766dfaf3abbdbad9a1874d71feb4457eab7da52b3fee
gen_stat_4ca244067234664c,stat_e905306f23b6366f,STAT_LABEL0_MIN2_P80_SCOPED,0,insert_stone,different_value,statistical_atomic_difference,Вставка,"Создай товар, где характеристику «Вставка» можно изменить независимо. Не добавляй другие атрибуты, которые логически фиксируют её значение или станут противоречивыми после замены.",['Ювелирные изделия'],"Replace exactly this explicit attribute with a different, realistic value for the same concrete product subtype.","Change only this attribute; preserve product subtype and all unrelated facts, and update every title mention consistently.",singleton_all_occurrence_and_product_type_threshold,Ювелирные изделия,override,6,0,"[{'attribute_key': 'вставка', 'support': 6}]",66,64,2,0.9696969696969697,3,3,0,1.0,66,64,0.9696969696969697,3,3,1.0,"{'discovery': {'support': 3, 'target_support': 3, 'target_probability': 1.0}, 'validation': {'support': 0, 'target_support': 0, 'target_probability': 0.0}}",3,0,rp_6ac2fbfa83a6d9e0c8a95b03;rp_3421fecd2b51d58f20e56f69;rp_7fb35b7b17af74bd7f3b499a,фианит | фианит | топаз,"[{'product_type': 'серьги ювелирные', 'normalized_product_type': 'серьги ювелирные', 'singleton_pair_support': 2, 'singleton_target_support': 2, 'singleton_target_probability': 1.0, 'split_statistics': {'discovery': {'support': 2, 'target_support': 2, 'target_probability': 1.0}, 'validation': {'support': 0, 'target_support': 0, 'target_probability': 0.0}}, 'source_pair_ids': ['rp_bc00a2e8c398ffaecac012b2', 'rp_d33f5dded0ad643b034c9b6a'], 'source_examples': [{'source_pair_id': 'rp_bc00a2e8c398ffaecac012b2', 'product_type': 'серьги ювелирные', 'title_a': 'златамира серьги златамира, серебро, 925 проба, рубин, фианит', 'title_b': 'златамира, серьги из серебра с рубинами 2580002039604 серьги (ag 925)', 'target_value_a': 'рубин, фианит', 'target_value_b': 'рубин'}, {'source_pair_id': 'rp_d33f5dded0ad643b034c9b6a', 'product_type': 'серьги ювелирные', 'title_a': 'niagara jewelry / ювелирные серьги', 'title_b': 'niagara jewelry серьги ювелирные золото красное 585 пробы', 'target_value_a': 'цитрин натуральный', 'target_value_b': 'морганит'}]}]",['серьги ювелирные'],['Бренд'],"[{'source_pair_id': 'rp_bc00a2e8c398ffaecac012b2', 'product_type': 'серьги ювелирные', 'title_a': 'златамира серьги златамира, серебро, 925 проба, рубин, фианит', 'title_b': 'златамира, серьги из серебра с рубинами 2580002039604 серьги (ag 925)', 'target_value_a': 'рубин, фианит', 'target_value_b': 'рубин'}, {'source_pair_id': 'rp_d33f5dded0ad643b034c9b6a', 'product_type': 'серьги ювелирные', 'title_a': 'niagara jewelry / ювелирные серьги', 'title_b': 'niagara jewelry серьги ювелирные золото красное 585 пробы', 'target_value_a': 'цитрин натуральный', 'target_value_b': 'морганит'}]","{'source_singleton_pairs': 3, 'source_pairs_with_explicit_type': 3, 'observed_exact_product_types': 2, 'supported_product_type_profiles': 1}",False,independent_value,[],,,2,2,1.0,2,2,1.0,0,0,0.0,[],,profile_capacity_policy_v1,829f9c458f1a2a72f16b766dfaf3abbdbad9a1874d71feb4457eab7da52b3fee
gen_stat_bb20c05cb4945feb,stat_11e5010398843e34,STAT_LABEL0_CROSS_SPLIT_MIN2_P80_SCOPED,0,length,different_value,statistical_atomic_difference,Длина,"Создай товар, где характеристику «Длина» можно изменить независимо. Не добавляй другие атрибуты, которые логически фиксируют её значение или станут противоречивыми после замены. Характеристика должна относиться к самому товару, а не к упаковке, доставке или приблизительному диапазону. Укажи одно число и явную физическую единицу мм, см, м или дюйм; число без единицы недопустимо.",['Ювелирные изделия'],"Replace exactly this explicit attribute with a different, realistic value for the same concrete product subtype.","Change only this attribute; preserve product subtype and all unrelated facts, and update every title mention consistently.",cross_split_threshold_and_product_type_scope,Ювелирные изделия,override,2,0,"[{'attribute_key': 'длина украшения, см', 'support': 2}, {'attribute_key': 'размер', 'support': 1}]",160,143,17,0.89375,2,2,0,1.0,159,142,0.8930817610062893,2,2,1.0,"{'discovery': {'support': 1, 'target_support': 1, 'target_probability': 1.0}, 'validation': {'support': 1, 'target_support': 1, 'target_probability': 1.0}}",1,1,rp_693ad6b64d77e5f681d4bb5d;rp_9c68a2475e81fae460ece37c;rp_a35eb5144a0cb0fa1316d4b1,38 | 65 | 45 см,"[{'product_type': 'браслет', 'normalized_product_type': 'браслет', 'singleton_pair_support': 2, 'singleton_target_support': 2, 'singleton_target_probability': 1.0, 'split_statistics': {'discovery': {'support': 1, 'target_support': 1, 'target_probability': 1.0}, 'validation': {'support': 1, 'target_support': 1, 'target_probability': 1.0}}, 'source_pair_ids': ['rp_0166bc0ba5e600d6816b88c5', 'rp_305c270f58e84f3f6ff4c4d6'], 'source_examples': [{'source_pair_id': 'rp_0166bc0ba5e600d6816b88c5', 'product_type': 'браслет', 'title_a': 'эстет браслет золото комбинированное 585 пробы', 'title_b': 'эстет браслет эстет, комбинированное золото, 585 проба, длина 19 см.', 'target_value_a': '16.5', 'target_value_b': '19 см'}, {'source_pair_id': 'rp_305c270f58e84f3f6ff4c4d6', 'product_type': 'браслет', 'title_a': 'эстет браслет эстет, желтое золото, 585 проба, длина 19 см.', 'title_b': 'эстет браслет браслет из желтого золота 585 пробы без вставок 01б730071. размер 21', 'target_value_a': '19 см', 'target_value_b': '21'}]}]",['браслет'],['Бренд'],"[{'source_pair_id': 'rp_0166bc0ba5e600d6816b88c5', 'product_type': 'браслет', 'title_a': 'эстет браслет золото комбинированное 585 пробы', 'title_b': 'эстет браслет эстет, комбинированное золото, 585 проба, длина 19 см.', 'target_value_a': '16.5', 'target_value_b': '19 см'}, {'source_pair_id': 'rp_305c270f58e84f3f6ff4c4d6', 'product_type': 'браслет', 'title_a': 'эстет браслет эстет, желтое золото, 585 проба, длина 19 см.', 'title_b': 'эстет браслет браслет из желтого золота 585 пробы без вставок 01б730071. размер 21', 'target_value_a': '19 см', 'target_value_b': '21'}]","{'source_singleton_pairs': 2, 'source_pairs_with_explicit_type': 2, 'observed_exact_product_types': 1, 'supported_product_type_profiles': 1}",False,independent_value,['(?:вес|масса|weight|net\\s*weight)'],"[+]?(?:\d+(?:[.,]\d+)?|[.,]\d+)\s*(?:мм|см|м|дюйм\w*|inch(?:es)?|in|\"")",,2,2,1.0,1,1,1.0,1,1,1.0,[],,profile_capacity_policy_v1,829f9c458f1a2a72f16b766dfaf3abbdbad9a1874d71feb4457eab7da52b3fee
gen_stat_5eaa15eda42deb52,stat_4015248a8d500920,STAT_LABEL0_CROSS_SPLIT_MIN2_P80_SCOPED,0,size,different_value,statistical_atomic_difference,Размер,"Создай товар, где характеристику «Размер» можно изменить независимо. Не добавляй другие атрибуты, которые логически фиксируют её значение или станут противоречивыми после замены.",['Ювелирные изделия'],"Replace exactly this explicit attribute with a different, realistic value for the same concrete product subtype.","Change only this attribute; preserve product subtype and all unrelated facts, and update every title mention consistently.",cross_split_threshold_and_product_type_scope,Ювелирные изделия,override,24,0,"[{'attribute_key': 'размер изделия', 'support': 24}, {'attribute_key': 'размер кольца', 'support': 15}, {'attribute_key': 'российский размер', 'support': 5}, {'attribute_key': 'размер', 'support': 2}, {'attribute_key': 'размеры, мм', 'support': 1}]",996,831,165,0.8343373493975904,28,25,3,0.8928571428571429,992,827,0.8336693548387096,28,25,0.8928571428571429,"{'discovery': {'support': 23, 'target_support': 20, 'target_probability': 0.8695652173913043}, 'validation': {'support': 5, 'target_support': 5, 'target_probability': 1.0}}",23,5,rp_de9d432bdc03fcc1cdb724ef;rp_25ec56c64f385e6c562bc4e1;rp_a4714dde46aac0758e19ece9,"18 | 18,5 | 17","[{'product_type': 'кольцо', 'normalized_product_type': 'кольцо', 'singleton_pair_support': 28, 'singleton_target_support': 25, 'singleton_target_probability': 0.8928571428571429, 'split_statistics': {'discovery': {'support': 23, 'target_support': 20, 'target_probability': 0.8695652173913043}, 'validation': {'support': 5, 'target_support': 5, 'target_probability': 1.0}}, 'source_pair_ids': ['rp_a4714dde46aac0758e19ece9', 'rp_d32aabf9b0ac2dc0dbfa1ecf', 'rp_9408a4ba5b538d75c61d6c5e', 'rp_e5bc34217cc35bdb6a1d8859', 'rp_9bb92e409f82c51734529c93', 'rp_2b77bc725c96f40b3d850a11', 'rp_50e405e0c8e04cd6c004a6c7', 'rp_93499b9e2d13b3726f85bc6b'], 'source_examples': [{'source_pair_id': 'rp_a4714dde46aac0758e19ece9', 'product_type': 'кольцо', 'title_a': 'the-jeweller кольцо из серебра с фианитами', 'title_b': 'the jeweller кольцо the jeweller, серебро, 925 проба, фианит', 'target_value_a': '17', 'target_value_b': '17 мм.,18 мм.'}, {'source_pair_id': 'rp_d32aabf9b0ac2dc0dbfa1ecf', 'product_type': 'кольцо', 'title_a': 'эстет кольцо из желтого золота 585 пробы с фианитом 01к135948 размер 16', 'title_b': 'эстет кольцо эстет, желтое золото, 585 проба, фианит, размер 18', 'target_value_a': '16', 'target_value_b': '18'}, {'source_pair_id': 'rp_9408a4ba5b538d75c61d6c5e', 'product_type': 'кольцо', 'title_a': 'эстет кольцо эстет, красное золото, 585 проба, фианит, размер 18', 'title_b': 'эстет кольцо кольцо из красного золота 585 пробы с фианитами 01к119307. размер 18.5', 'target_value_a': '18', 'target_value_b': '18.5'}, {'source_pair_id': 'rp_e5bc34217cc35bdb6a1d8859', 'product_type': 'кольцо', 'title_a': 'the-jeweller кольцо серебро 925 пробы', 'title_b': 'the jeweller кольцо the jeweller, серебро, 925 проба, жемчуг', 'target_value_a': '17', 'target_value_b': '18.5 мм.,19 мм.,20 мм.'}]}]",['кольцо'],['Бренд'],"[{'source_pair_id': 'rp_a4714dde46aac0758e19ece9', 'product_type': 'кольцо', 'title_a': 'the-jeweller кольцо из серебра с фианитами', 'title_b': 'the jeweller кольцо the jeweller, серебро, 925 проба, фианит', 'target_value_a': '17', 'target_value_b': '17 мм.,18 мм.'}, {'source_pair_id': 'rp_d32aabf9b0ac2dc0dbfa1ecf', 'product_type': 'кольцо', 'title_a': 'эстет кольцо из желтого золота 585 пробы с фианитом 01к135948 размер 16', 'title_b': 'эстет кольцо эстет, желтое золото, 585 проба, фианит, размер 18', 'target_value_a': '16', 'target_value_b': '18'}, {'source_pair_id': 'rp_9408a4ba5b538d75c61d6c5e', 'product_type': 'кольцо', 'title_a': 'эстет кольцо эстет, красное золото, 585 проба, фианит, размер 18', 'title_b': 'эстет кольцо кольцо из красного золота 585 пробы с фианитами 01к119307. размер 18.5', 'target_value_a': '18', 'target_value_b': '18.5'}, {'source_pair_id': 'rp_e5bc34217cc35bdb6a1d8859', 'product_type': 'кольцо', 'title_a': 'the-jeweller кольцо серебро 925 пробы', 'title_b': 'the jeweller кольцо the jeweller, серебро, 925 проба, жемчуг', 'target_value_a': '17', 'target_value_b': '18.5 мм.,19 мм.,20 мм.'}]","{'source_singleton_pairs': 28, 'source_pairs_with_explicit_type': 28, 'observed_exact_product_types': 1, 'supported_product_type_profiles': 1}",False,independent_value,['(?:вес|масса|weight|net\\s*weight)'],"(?:(?=.*\d)[a-zа-яё0-9+.,/×x*\""' -]{1,60}|xxs|xs|s|m|l|xl|xxl|xxxl)",,28,25,0.8928571428571429,23,20,0.8695652173913043,5,5,1.0,[],,profile_capacity_policy_v1,829f9c458f1a2a72f16b766dfaf3abbdbad9a1874d71feb4457eab7da52b3fee
