category,concept,relation,label,attribute_key,attribute_key_source,observed_attribute_key_support,forbidden_source_attribute_support,top_observed_attribute_keys,parent_all_pair_support,parent_all_label0,parent_all_label1,parent_all_occurrence_target_probability,parent_singleton_support,parent_singleton_label0,parent_singleton_label1,parent_singleton_target_probability,non_identifier_all_support,non_identifier_all_target_support,non_identifier_all_target_probability,non_identifier_singleton_support,non_identifier_singleton_target_support,non_identifier_singleton_target_probability,non_identifier_split_statistics,parent_discovery_singleton_support,parent_validation_singleton_support,parent_example_pair_ids,parent_example_value_pairs,anchor_profiles,allowed_product_types,allowed_anchor_context_keys,source_examples,profile_diagnostics,semantic_review_required,mutation_mode,forbidden_anchor_attribute_patterns,target_value_pattern,forbidden_target_value_pattern,rejection_reason
Автотовары,car_brand,different_value,0,Марка автомобиля,override,2,0,"[{'attribute_key': 'марка автомобиля', 'support': 2}]",183,164,19,0.8961748633879781,3,3,0,1.0,182,163,0.8956043956043956,3,3,1.0,"{'discovery': {'support': 3, 'target_support': 3, 'target_probability': 1.0}, 'validation': {'support': 0, 'target_support': 0, 'target_probability': 0.0}}",3,0,rp_71f58f533df975967b04ce58;rp_1c105cb2a0ff309bbfaa1af9;rp_319cfc328851cb4cc29310e9,ford | toyota | nissan,[],[],['Назначение'],[],"{'source_singleton_pairs': 3, 'source_pairs_with_explicit_type': 0, 'observed_exact_product_types': 0, 'supported_product_type_profiles': 0}",True,identity_value,['(?<!\\w)(?:модель|model|серия|series|линейка|line|коллекци\\w*|collection|производител\\w*|manufacturer)(?!\\w)'],,,no_supported_product_type_profile
Автотовары,car_model,different_value,0,Совместимая модель автомобиля,category_override,2,1,"[{'attribute_key': 'модель автомобиля', 'support': 2}, {'attribute_key': 'модель', 'support': 2}, {'attribute_key': 'модель тс', 'support': 1}]",281,243,38,0.8647686832740213,15,14,1,0.9333333333333333,279,241,0.8637992831541219,14,13,0.9285714285714286,"{'discovery': {'support': 13, 'target_support': 12, 'target_probability': 0.9230769230769231}, 'validation': {'support': 1, 'target_support': 1, 'target_probability': 1.0}}",14,1,rp_f2c882c0af39a0fdea4ad464;rp_6cd07f05cff5c191b6d6e3b3;rp_1b7580b85cd364e88d7a2c65,ниссан альмера classic седан | ниссан армада | nissan pathfinder 3,[],[],['Бренд'],[],"{'source_singleton_pairs': 14, 'source_pairs_with_explicit_type': 1, 'observed_exact_product_types': 1, 'supported_product_type_profiles': 0}",False,compatibility_value,['(?:марка|бренд|brand|год|поколени|кузов|модификац|двигател)'],,,no_supported_product_type_profile
Автотовары,color_code,different_value,0,Код/номер цвета,override,0,0,[],122,113,9,0.9262295081967213,5,5,0,1.0,114,106,0.9298245614035088,5,5,1.0,"{'discovery': {'support': 4, 'target_support': 4, 'target_probability': 1.0}, 'validation': {'support': 1, 'target_support': 1, 'target_probability': 1.0}}",4,1,rp_2ea2a8589c2ddee28046eb11;rp_0f5a6d5272eecbbe596385df;rp_cce3b53e408cd01551a3b174,mb | p6k | nh75m,[],[],['Бренд'],[],"{'source_singleton_pairs': 5, 'source_pairs_with_explicit_type': 1, 'observed_exact_product_types': 1, 'supported_product_type_profiles': 0}",False,independent_value,[],"(?=.*\d)(?:цвет\s*)?#?[a-zа-яё0-9][a-zа-яё0-9 ._/-]{0,24}",,no_supported_product_type_profile
Автотовары,manufacturer_part_number,different_value,0,,,0,116,[],273,257,16,0.9413919413919414,75,66,9,0.88,19,18,0.9473684210526315,13,13,1.0,"{'discovery': {'support': 12, 'target_support': 12, 'target_probability': 1.0}, 'validation': {'support': 1, 'target_support': 1, 'target_probability': 1.0}}",59,16,rp_76030b366d328c215aa2eafe;rp_893e5dd702ffe1b8fa5c9840;rp_f88fa5d0f77384d218dc46d8,111211200501999 | pbk3615 | l11060,"[{'product_type': 'колодки тормозные', 'normalized_product_type': 'колодки тормозные', 'singleton_pair_support': 5, 'singleton_target_support': 5, 'singleton_target_probability': 1.0, 'split_statistics': {'discovery': {'support': 5, 'target_support': 5, 'target_probability': 1.0}, 'validation': {'support': 0, 'target_support': 0, 'target_probability': 0.0}}, 'source_pair_ids': ['rp_0a3480c3fc7eaf7a653272dc', 'rp_dce40e845d5f5ad1dd0499cf', 'rp_af43ad6b5d5485c5b6b5e7e0', 'rp_74670946103d93caead17bd8', 'rp_201cb7c71ecb0db118dca47b'], 'source_examples': [{'source_pair_id': 'rp_0a3480c3fc7eaf7a653272dc', 'product_type': 'колодки тормозные', 'title_a': 'тормозные колодки patron дисковые pbp1116', 'title_b': 'patron колодки тормозные дисковые задние, арт. pbp1604', 'target_value_a': 'pbp1116', 'target_value_b': 'pbp1604'}, {'source_pair_id': 'rp_dce40e845d5f5ad1dd0499cf', 'product_type': 'колодки тормозные', 'title_a': 'тормозные колодки brembo p36027', 'title_b': 'brembo колодки тормозные, арт. p36032', 'target_value_a': 'p36027', 'target_value_b': 'p36032'}, {'source_pair_id': 'rp_af43ad6b5d5485c5b6b5e7e0', 'product_type': 'колодки тормозные', 'title_a': 'колодки тормозные nibk передние pn1845', 'title_b': 'nibk колодки тормозные pn1801', 'target_value_a': 'pn1845', 'target_value_b': 'pn1801'}, {'source_pair_id': 'rp_74670946103d93caead17bd8', 'product_type': 'колодки тормозные', 'title_a': 'тормозные колодки bosch 0986495264', 'title_b': 'bosch колодки тормозные дисковые передние, арт. 0986494686', 'target_value_a': '0986495264', 'target_value_b': '0986494686'}]}]",['колодки тормозные'],['Бренд'],"[{'source_pair_id': 'rp_0a3480c3fc7eaf7a653272dc', 'product_type': 'колодки тормозные', 'title_a': 'тормозные колодки patron дисковые pbp1116', 'title_b': 'patron колодки тормозные дисковые задние, арт. pbp1604', 'target_value_a': 'pbp1116', 'target_value_b': 'pbp1604'}, {'source_pair_id': 'rp_dce40e845d5f5ad1dd0499cf', 'product_type': 'колодки тормозные', 'title_a': 'тормозные колодки brembo p36027', 'title_b': 'brembo колодки тормозные, арт. p36032', 'target_value_a': 'p36027', 'target_value_b': 'p36032'}, {'source_pair_id': 'rp_af43ad6b5d5485c5b6b5e7e0', 'product_type': 'колодки тормозные', 'title_a': 'колодки тормозные nibk передние pn1845', 'title_b': 'nibk колодки тормозные pn1801', 'target_value_a': 'pn1845', 'target_value_b': 'pn1801'}, {'source_pair_id': 'rp_74670946103d93caead17bd8', 'product_type': 'колодки тормозные', 'title_a': 'тормозные колодки bosch 0986495264', 'title_b': 'bosch колодки тормозные дисковые передние, арт. 0986494686', 'target_value_a': '0986495264', 'target_value_b': '0986494686'}]","{'source_singleton_pairs': 13, 'source_pairs_with_explicit_type': 12, 'observed_exact_product_types': 9, 'supported_product_type_profiles': 1}",False,independent_value,[],,,forbidden_identifier_concept
Автотовары,model,different_value,0,Модель,override,3,115,"[{'attribute_key': 'модель', 'support': 3}, {'attribute_key': 'серия', 'support': 1}]",500,450,50,0.9,197,175,22,0.8883248730964467,306,278,0.9084967320261438,100,90,0.9,"{'discovery': {'support': 77, 'target_support': 72, 'target_probability': 0.935064935064935}, 'validation': {'support': 23, 'target_support': 18, 'target_probability': 0.782608695652174}}",150,47,rp_e40136ecdd32dda3b17b0b40;rp_69829cd61bbd3603b737b972;rp_96159d9dd04609f8e2b35ff1,lf825m | db43024 | 1 987 946 065,"[{'product_type': 'ремень поликлиновой', 'normalized_product_type': 'ремень поликлиновой', 'singleton_pair_support': 11, 'singleton_target_support': 11, 'singleton_target_probability': 1.0, 'split_statistics': {'discovery': {'support': 9, 'target_support': 9, 'target_probability': 1.0}, 'validation': {'support': 2, 'target_support': 2, 'target_probability': 1.0}}, 'source_pair_ids': ['rp_0d6a5d5b79d09b249cc5287e', 'rp_ba4c83f6ce89c66e88cbdf35', 'rp_772d29ec13d9ca57e78e99d9', 'rp_d492b43f2fe9721322ed97eb', 'rp_187bcfbc4171d5418a4d8a39', 'rp_97e699493270044c1564a471', 'rp_a6a1632ea1fa521d4c8f5815', 'rp_307606a86d7f68e98a5dbc53'], 'source_examples': [{'source_pair_id': 'rp_0d6a5d5b79d09b249cc5287e', 'product_type': 'ремень поликлиновой', 'title_a': 'ремень поликлиновой dayco 5pk1238', 'title_b': 'dayco ремень поликлиновой dayco 5pk1220 арт. 5pk1220', 'target_value_a': '5pk1238', 'target_value_b': '5pk1220'}, {'source_pair_id': 'rp_ba4c83f6ce89c66e88cbdf35', 'product_type': 'ремень поликлиновой', 'title_a': 'lynx / ремень приводной поликлиновой 6pk1873', 'title_b': 'lynxauto ремень поликлиновой, арт. 7pk1810', 'target_value_a': '6pk1873', 'target_value_b': '7pk1810'}, {'source_pair_id': 'rp_772d29ec13d9ca57e78e99d9', 'product_type': 'ремень поликлиновой', 'title_a': 'miles ремень поликлиновой, арт. 6pk1815', 'title_b': 'miles ремень поликлиновой 6pk1805', 'target_value_a': '6pk1815', 'target_value_b': '6pk1805'}, {'source_pair_id': 'rp_d492b43f2fe9721322ed97eb', 'product_type': 'ремень поликлиновой', 'title_a': 'toyopower ремень поликлиновой, арт. 5pk1238, 1 шт.', 'title_b': 'ремень toyopower 5pk1335', 'target_value_a': '5pk1238', 'target_value_b': '5pk1335'}]}, {'product_type': 'фильтр воздушный', 'normalized_product_type': 'фильтр воздушный', 'singleton_pair_support': 8, 'singleton_target_support': 8, 'singleton_target_probability': 1.0, 'split_statistics': {'discovery': {'support': 5, 'target_support': 5, 'target_probability': 1.0}, 'validation': {'support': 3, 'target_support': 3, 'target_probability': 1.0}}, 'source_pair_ids': ['rp_cc73cbad3b877d3973d37ee4', 'rp_220eb94c7a1f2b96f65b2bd0', 'rp_81e67959ca1f23c8cfc057dc', 'rp_98a6e8449cdda9ffdd6f411c', 'rp_50cc5e1b8e867a15c8f21006', 'rp_a1395704aa7538de09c24b44', 'rp_cf22b6e6037e302da1e772b0', 'rp_c9e03d2486501e8d95e1ecef'], 'source_examples': [{'source_pair_id': 'rp_cc73cbad3b877d3973d37ee4', 'product_type': 'фильтр воздушный', 'title_a': 'фильтр воздушный goodwill ag223', 'title_b': 'goodwill фильтр воздушный арт. ag226', 'target_value_a': 'ag223', 'target_value_b': 'ag226'}, {'source_pair_id': 'rp_220eb94c7a1f2b96f65b2bd0', 'product_type': 'фильтр воздушный', 'title_a': 'tmi tatsumi фильтр воздушный арт. tbc1071', 'title_b': 'фильтр воздушный tbc1271', 'target_value_a': 'tbc1071', 'target_value_b': 'tbc1271'}, {'source_pair_id': 'rp_81e67959ca1f23c8cfc057dc', 'product_type': 'фильтр воздушный', 'title_a': 'goodwill фильтр воздушный арт. ag748', 'title_b': 'фильтр воздушный двигателя goodwill ag648', 'target_value_a': 'ag748', 'target_value_b': 'ag648'}, {'source_pair_id': 'rp_98a6e8449cdda9ffdd6f411c', 'product_type': 'фильтр воздушный', 'title_a': 'фильтр воздушный mahle/knecht lx1636', 'title_b': 'mahle фильтр воздушный арт. lx1216', 'target_value_a': 'lx1636', 'target_value_b': 'lx1216'}]}, {'product_type': 'колодки тормозные', 'normalized_product_type': 'колодки тормозные', 'singleton_pair_support': 6, 'singleton_target_support': 5, 'singleton_target_probability': 0.8333333333333334, 'split_statistics': {'discovery': {'support': 5, 'target_support': 4, 'target_probability': 0.8}, 'validation': {'support': 1, 'target_support': 1, 'target_probability': 1.0}}, 'source_pair_ids': ['rp_3054e351e2577ce1461fdc0e', 'rp_143073b50939c0700ee5a0ac', 'rp_1aef9288e4d45a7adea565ac', 'rp_64654a6f49adcb044881c777', 'rp_e07f086ca69a39a8563cfbdb'], 'source_examples': [{'source_pair_id': 'rp_3054e351e2577ce1461fdc0e', 'product_type': 'колодки тормозные', 'title_a': 'patron колодки тормозные дисковые передние, арт. pbp1391', 'title_b': 'тормозные колодки patron pbp1394', 'target_value_a': 'pbp1391', 'target_value_b': 'pbp1394'}, {'source_pair_id': 'rp_143073b50939c0700ee5a0ac', 'product_type': 'колодки тормозные', 'title_a': 'тормозные колодки ganz gij09055', 'title_b': 'колодки тормозные ganz gij09038', 'target_value_a': 'gij09055', 'target_value_b': 'gij09038'}, {'source_pair_id': 'rp_1aef9288e4d45a7adea565ac', 'product_type': 'колодки тормозные', 'title_a': 'колодки тормозные ganz gij07007', 'title_b': 'комплект тормозных колодок ganz gij07017', 'target_value_a': 'gij07007', 'target_value_b': 'gij07017'}, {'source_pair_id': 'rp_64654a6f49adcb044881c777', 'product_type': 'колодки тормозные', 'title_a': 'тормозные колодки передние quattro freni (qf80900)', 'title_b': 'qf quattro freni колодки тормозные qf89351', 'target_value_a': 'qf80900', 'target_value_b': 'qf89351'}]}, {'product_type': 'диск тормозной', 'normalized_product_type': 'диск тормозной', 'singleton_pair_support': 4, 'singleton_target_support': 4, 'singleton_target_probability': 1.0, 'split_statistics': {'discovery': {'support': 3, 'target_support': 3, 'target_probability': 1.0}, 'validation': {'support': 1, 'target_support': 1, 'target_probability': 1.0}}, 'source_pair_ids': ['rp_c6a65e1640d2270b26a020b7', 'rp_eed2e7c73a4ae4279273231a', 'rp_0de543e3015a6b0e49ddc480', 'rp_9b0eba04e96e7010a9a42f3b'], 'source_examples': [{'source_pair_id': 'rp_c6a65e1640d2270b26a020b7', 'product_type': 'диск тормозной', 'title_a': 'comline диск тормозной, арт. adc0275', 'title_b': 'тормозной диск comline adc1475v', 'target_value_a': 'adc0275', 'target_value_b': 'adc1475v'}, {'source_pair_id': 'rp_eed2e7c73a4ae4279273231a', 'product_type': 'диск тормозной', 'title_a': 'lynxauto / диск тормознойперед bn1025', 'title_b': 'lynxauto диск тормозной, арт. bn1024', 'target_value_a': 'bn1025', 'target_value_b': 'bn1024'}, {'source_pair_id': 'rp_0de543e3015a6b0e49ddc480', 'product_type': 'диск тормозной', 'title_a': 'brembo диск тормозной, арт. 08a36310', 'title_b': 'тормозной диск brembo 08a33511', 'target_value_a': '08a36310', 'target_value_b': '08a33511'}, {'source_pair_id': 'rp_9b0eba04e96e7010a9a42f3b', 'product_type': 'диск тормозной', 'title_a': 'диск тормозной blitz bs0292', 'title_b': 'диск тормозной передний вентилируемый blitz арт. bs0411', 'target_value_a': 'bs0292', 'target_value_b': 'bs0411'}]}, {'product_type': 'опора шаровая', 'normalized_product_type': 'опора шаровая', 'singleton_pair_support': 3, 'singleton_target_support': 3, 'singleton_target_probability': 1.0, 'split_statistics': {'discovery': {'support': 3, 'target_support': 3, 'target_probability': 1.0}, 'validation': {'support': 0, 'target_support': 0, 'target_probability': 0.0}}, 'source_pair_ids': ['rp_d527df95614bcc0617c339e9', 'rp_259a0d2dd8340007937f7e5b', 'rp_6d4b84fe3a305b8c56ece3b3'], 'source_examples': [{'source_pair_id': 'rp_d527df95614bcc0617c339e9', 'product_type': 'опора шаровая', 'title_a': 'шаровая опора ctr cb0174', 'title_b': 'опора шаровая ctr cb0259', 'target_value_a': 'cb0174', 'target_value_b': 'cb0259'}, {'source_pair_id': 'rp_259a0d2dd8340007937f7e5b', 'product_type': 'опора шаровая', 'title_a': 'шаровая опора teknorot арт. do125', 'title_b': 'опора шаровая teknorot h135', 'target_value_a': 'do125', 'target_value_b': 'h135'}, {'source_pair_id': 'rp_6d4b84fe3a305b8c56ece3b3', 'product_type': 'опора шаровая', 'title_a': 'опора шаровая patron ps3450', 'title_b': 'опора шаровая patron ps3419', 'target_value_a': 'ps3450', 'target_value_b': 'ps3419'}]}, {'product_type': 'сайлентблок', 'normalized_product_type': 'сайлентблок', 'singleton_pair_support': 3, 'singleton_target_support': 3, 'singleton_target_probability': 1.0, 'split_statistics': {'discovery': {'support': 2, 'target_support': 2, 'target_probability': 1.0}, 'validation': {'support': 1, 'target_support': 1, 'target_probability': 1.0}}, 'source_pair_ids': ['rp_08a3e279dd56cf39c4e49404', 'rp_8c5449c400ad54a00e9c5435', 'rp_3a864e4b3fb0831b3c4175ea'], 'source_examples': [{'source_pair_id': 'rp_08a3e279dd56cf39c4e49404', 'product_type': 'сайлентблок', 'title_a': 'сайлентблок masuma ru394', 'title_b': 'сайлентблок masuma ru387', 'target_value_a': 'ru394', 'target_value_b': 'ru387'}, {'source_pair_id': 'rp_8c5449c400ad54a00e9c5435', 'product_type': 'сайлентблок', 'title_a': 'сайлентблок masuma ru799', 'title_b': 'masuma сайлентблок, арт. ru759', 'target_value_a': 'ru799', 'target_value_b': 'ru759'}, {'source_pair_id': 'rp_3a864e4b3fb0831b3c4175ea', 'product_type': 'сайлентблок', 'title_a': 'сайлентблок рессоры jikiu sh31005', 'title_b': 'jikiu sh41006 сайлентблок рессоры', 'target_value_a': 'sh31005', 'target_value_b': 'sh41006'}]}, {'product_type': 'стойка стабилизатора', 'normalized_product_type': 'стойка стабилизатора', 'singleton_pair_support': 3, 'singleton_target_support': 3, 'singleton_target_probability': 1.0, 'split_statistics': {'discovery': {'support': 3, 'target_support': 3, 'target_probability': 1.0}, 'validation': {'support': 0, 'target_support': 0, 'target_probability': 0.0}}, 'source_pair_ids': ['rp_c61fe9d714e0f0ef08812486', 'rp_a43a15d0fff1dc802590cfce', 'rp_22d9ef5813f046809866c4d4'], 'source_examples': [{'source_pair_id': 'rp_c61fe9d714e0f0ef08812486', 'product_type': 'стойка стабилизатора', 'title_a': 'стойка стабилизатора, передний teknorot hy-620', 'title_b': 'teknorot hy296 тяга стабилизатора передняя', 'target_value_a': 'hy-620', 'target_value_b': 'hy296'}, {'source_pair_id': 'rp_a43a15d0fff1dc802590cfce', 'product_type': 'стойка стабилизатора', 'title_a': 'masuma / ml-9036 тяга стабилизатора перед.', 'title_b': 'masuma стойка стабилизатора, арт. mlh520l', 'target_value_a': 'ml-9036', 'target_value_b': 'mlh520l'}, {'source_pair_id': 'rp_22d9ef5813f046809866c4d4', 'product_type': 'стойка стабилизатора', 'title_a': 'fenox / тяга стабилизатораперед прав ls11023', 'title_b': 'стойка стабилизатора fenox ls11101', 'target_value_a': 'ls11023', 'target_value_b': 'ls11101'}]}, {'product_type': 'ступица', 'normalized_product_type': 'ступица', 'singleton_pair_support': 3, 'singleton_target_support': 3, 'singleton_target_probability': 1.0, 'split_statistics': {'discovery': {'support': 2, 'target_support': 2, 'target_probability': 1.0}, 'validation': {'support': 1, 'target_support': 1, 'target_probability': 1.0}}, 'source_pair_ids': ['rp_f7957348c39e8dea4d5d46af', 'rp_8c3b8526596e770a6b251347', 'rp_3b3e3bc1c213172b0a325155'], 'source_examples': [{'source_pair_id': 'rp_f7957348c39e8dea4d5d46af', 'product_type': 'ступица', 'title_a': 'ступица haft rv0351', 'title_b': 'ступица haft rh0135', 'target_value_a': 'rv0351', 'target_value_b': 'rh0135'}, {'source_pair_id': 'rp_8c3b8526596e770a6b251347', 'product_type': 'ступица', 'title_a': 'ступица haft rv0206', 'title_b': 'haft ступица haft rv0205', 'target_value_a': 'rv0206', 'target_value_b': 'rv0205'}, {'source_pair_id': 'rp_3b3e3bc1c213172b0a325155', 'product_type': 'ступица', 'title_a': 'ступица kroner k151831', 'title_b': 'ступица kroner k151997', 'target_value_a': 'k151831', 'target_value_b': 'k151997'}]}, {'product_type': 'пружина подвески', 'normalized_product_type': 'пружина подвески', 'singleton_pair_support': 2, 'singleton_target_support': 2, 'singleton_target_probability': 1.0, 'split_statistics': {'discovery': {'support': 2, 'target_support': 2, 'target_probability': 1.0}, 'validation': {'support': 0, 'target_support': 0, 'target_probability': 0.0}}, 'source_pair_ids': ['rp_3dd485072afc592f0c0439ca', 'rp_a48735b0caf1fde0126cc7ee'], 'source_examples': [{'source_pair_id': 'rp_3dd485072afc592f0c0439ca', 'product_type': 'пружина подвески', 'title_a': 'kyb пружина подвески усиленная k-flex (f) арт. rk4810', 'title_b': 'пружина k-flex (f) арт. ra1414', 'target_value_a': 'rk4810', 'target_value_b': 'ra1414'}, {'source_pair_id': 'rp_a48735b0caf1fde0126cc7ee', 'product_type': 'пружина подвески', 'title_a': 'sufix пружина подвески, арт. sz-2962, 1 шт.', 'title_b': 'пружины подвески задние sufix sz-2972', 'target_value_a': 'sz-2962', 'target_value_b': 'sz-2972'}]}, {'product_type': 'фильтр масляный', 'normalized_product_type': 'фильтр масляный', 'singleton_pair_support': 2, 'singleton_target_support': 2, 'singleton_target_probability': 1.0, 'split_statistics': {'discovery': {'support': 2, 'target_support': 2, 'target_probability': 1.0}, 'validation': {'support': 0, 'target_support': 0, 'target_probability': 0.0}}, 'source_pair_ids': ['rp_24678d323be8b05810773da3', 'rp_4c8fe83c34d074ee4cd7a2b0'], 'source_examples': [{'source_pair_id': 'rp_24678d323be8b05810773da3', 'product_type': 'фильтр масляный', 'title_a': 'filtron / фильтр масляный - oe650 - vw passat audi a4 (b5, b6,b7), a', 'title_b': 'filtron фильтр масляный арт. oe655', 'target_value_a': 'oe650', 'target_value_b': 'oe655'}, {'source_pair_id': 'rp_4c8fe83c34d074ee4cd7a2b0', 'product_type': 'фильтр масляный', 'title_a': 'blue print фильтр масляный арт. adn12132', 'title_b': 'фильтр масляный blue print adn12103', 'target_value_a': 'adn12132', 'target_value_b': 'adn12103'}]}, {'product_type': 'фильтр салонный', 'normalized_product_type': 'фильтр салонный', 'singleton_pair_support': 2, 'singleton_target_support': 2, 'singleton_target_probability': 1.0, 'split_statistics': {'discovery': {'support': 1, 'target_support': 1, 'target_probability': 1.0}, 'validation': {'support': 1, 'target_support': 1, 'target_probability': 1.0}}, 'source_pair_ids': ['rp_c24ba445b8867bcf5fd530cb', 'rp_a36c877847edbca4ec29bc91'], 'source_examples': [{'source_pair_id': 'rp_c24ba445b8867bcf5fd530cb', 'product_type': 'фильтр салонный', 'title_a': 'фильтр салонный double force (угольный), dfc1919c', 'title_b': 'фильтр салонный doubleforce double force арт. dfc1170', 'target_value_a': 'dfc1919c', 'target_value_b': 'dfc1170'}, {'source_pair_id': 'rp_a36c877847edbca4ec29bc91', 'product_type': 'фильтр салонный', 'title_a': 'фильтр салона kraft kt967793', 'title_b': 'kraft фильтр салонный арт. kt967752', 'target_value_a': 'kt967793', 'target_value_b': 'kt967752'}]}]","['ремень поликлиновой', 'фильтр воздушный', 'колодки тормозные', 'диск тормозной', 'опора шаровая', 'сайлентблок', 'стойка стабилизатора', 'ступица', 'пружина подвески', 'фильтр масляный', 'фильтр салонный']",['Бренд'],"[{'source_pair_id': 'rp_0d6a5d5b79d09b249cc5287e', 'product_type': 'ремень поликлиновой', 'title_a': 'ремень поликлиновой dayco 5pk1238', 'title_b': 'dayco ремень поликлиновой dayco 5pk1220 арт. 5pk1220', 'target_value_a': '5pk1238', 'target_value_b': '5pk1220'}, {'source_pair_id': 'rp_ba4c83f6ce89c66e88cbdf35', 'product_type': 'ремень поликлиновой', 'title_a': 'lynx / ремень приводной поликлиновой 6pk1873', 'title_b': 'lynxauto ремень поликлиновой, арт. 7pk1810', 'target_value_a': '6pk1873', 'target_value_b': '7pk1810'}, {'source_pair_id': 'rp_772d29ec13d9ca57e78e99d9', 'product_type': 'ремень поликлиновой', 'title_a': 'miles ремень поликлиновой, арт. 6pk1815', 'title_b': 'miles ремень поликлиновой 6pk1805', 'target_value_a': '6pk1815', 'target_value_b': '6pk1805'}, {'source_pair_id': 'rp_d492b43f2fe9721322ed97eb', 'product_type': 'ремень поликлиновой', 'title_a': 'toyopower ремень поликлиновой, арт. 5pk1238, 1 шт.', 'title_b': 'ремень toyopower 5pk1335', 'target_value_a': '5pk1238', 'target_value_b': '5pk1335'}, {'source_pair_id': 'rp_cc73cbad3b877d3973d37ee4', 'product_type': 'фильтр воздушный', 'title_a': 'фильтр воздушный goodwill ag223', 'title_b': 'goodwill фильтр воздушный арт. ag226', 'target_value_a': 'ag223', 'target_value_b': 'ag226'}, {'source_pair_id': 'rp_220eb94c7a1f2b96f65b2bd0', 'product_type': 'фильтр воздушный', 'title_a': 'tmi tatsumi фильтр воздушный арт. tbc1071', 'title_b': 'фильтр воздушный tbc1271', 'target_value_a': 'tbc1071', 'target_value_b': 'tbc1271'}, {'source_pair_id': 'rp_81e67959ca1f23c8cfc057dc', 'product_type': 'фильтр воздушный', 'title_a': 'goodwill фильтр воздушный арт. ag748', 'title_b': 'фильтр воздушный двигателя goodwill ag648', 'target_value_a': 'ag748', 'target_value_b': 'ag648'}, {'source_pair_id': 'rp_98a6e8449cdda9ffdd6f411c', 'product_type': 'фильтр воздушный', 'title_a': 'фильтр воздушный mahle/knecht lx1636', 'title_b': 'mahle фильтр воздушный арт. lx1216', 'target_value_a': 'lx1636', 'target_value_b': 'lx1216'}, {'source_pair_id': 'rp_3054e351e2577ce1461fdc0e', 'product_type': 'колодки тормозные', 'title_a': 'patron колодки тормозные дисковые передние, арт. pbp1391', 'title_b': 'тормозные колодки patron pbp1394', 'target_value_a': 'pbp1391', 'target_value_b': 'pbp1394'}, {'source_pair_id': 'rp_143073b50939c0700ee5a0ac', 'product_type': 'колодки тормозные', 'title_a': 'тормозные колодки ganz gij09055', 'title_b': 'колодки тормозные ganz gij09038', 'target_value_a': 'gij09055', 'target_value_b': 'gij09038'}, {'source_pair_id': 'rp_1aef9288e4d45a7adea565ac', 'product_type': 'колодки тормозные', 'title_a': 'колодки тормозные ganz gij07007', 'title_b': 'комплект тормозных колодок ganz gij07017', 'target_value_a': 'gij07007', 'target_value_b': 'gij07017'}, {'source_pair_id': 'rp_64654a6f49adcb044881c777', 'product_type': 'колодки тормозные', 'title_a': 'тормозные колодки передние quattro freni (qf80900)', 'title_b': 'qf quattro freni колодки тормозные qf89351', 'target_value_a': 'qf80900', 'target_value_b': 'qf89351'}, {'source_pair_id': 'rp_c6a65e1640d2270b26a020b7', 'product_type': 'диск тормозной', 'title_a': 'comline диск тормозной, арт. adc0275', 'title_b': 'тормозной диск comline adc1475v', 'target_value_a': 'adc0275', 'target_value_b': 'adc1475v'}, {'source_pair_id': 'rp_eed2e7c73a4ae4279273231a', 'product_type': 'диск тормозной', 'title_a': 'lynxauto / диск тормознойперед bn1025', 'title_b': 'lynxauto диск тормозной, арт. bn1024', 'target_value_a': 'bn1025', 'target_value_b': 'bn1024'}, {'source_pair_id': 'rp_0de543e3015a6b0e49ddc480', 'product_type': 'диск тормозной', 'title_a': 'brembo диск тормозной, арт. 08a36310', 'title_b': 'тормозной диск brembo 08a33511', 'target_value_a': '08a36310', 'target_value_b': '08a33511'}, {'source_pair_id': 'rp_9b0eba04e96e7010a9a42f3b', 'product_type': 'диск тормозной', 'title_a': 'диск тормозной blitz bs0292', 'title_b': 'диск тормозной передний вентилируемый blitz арт. bs0411', 'target_value_a': 'bs0292', 'target_value_b': 'bs0411'}, {'source_pair_id': 'rp_d527df95614bcc0617c339e9', 'product_type': 'опора шаровая', 'title_a': 'шаровая опора ctr cb0174', 'title_b': 'опора шаровая ctr cb0259', 'target_value_a': 'cb0174', 'target_value_b': 'cb0259'}, {'source_pair_id': 'rp_259a0d2dd8340007937f7e5b', 'product_type': 'опора шаровая', 'title_a': 'шаровая опора teknorot арт. do125', 'title_b': 'опора шаровая teknorot h135', 'target_value_a': 'do125', 'target_value_b': 'h135'}, {'source_pair_id': 'rp_6d4b84fe3a305b8c56ece3b3', 'product_type': 'опора шаровая', 'title_a': 'опора шаровая patron ps3450', 'title_b': 'опора шаровая patron ps3419', 'target_value_a': 'ps3450', 'target_value_b': 'ps3419'}, {'source_pair_id': 'rp_08a3e279dd56cf39c4e49404', 'product_type': 'сайлентблок', 'title_a': 'сайлентблок masuma ru394', 'title_b': 'сайлентблок masuma ru387', 'target_value_a': 'ru394', 'target_value_b': 'ru387'}, {'source_pair_id': 'rp_8c5449c400ad54a00e9c5435', 'product_type': 'сайлентблок', 'title_a': 'сайлентблок masuma ru799', 'title_b': 'masuma сайлентблок, арт. ru759', 'target_value_a': 'ru799', 'target_value_b': 'ru759'}, {'source_pair_id': 'rp_3a864e4b3fb0831b3c4175ea', 'product_type': 'сайлентблок', 'title_a': 'сайлентблок рессоры jikiu sh31005', 'title_b': 'jikiu sh41006 сайлентблок рессоры', 'target_value_a': 'sh31005', 'target_value_b': 'sh41006'}, {'source_pair_id': 'rp_c61fe9d714e0f0ef08812486', 'product_type': 'стойка стабилизатора', 'title_a': 'стойка стабилизатора, передний teknorot hy-620', 'title_b': 'teknorot hy296 тяга стабилизатора передняя', 'target_value_a': 'hy-620', 'target_value_b': 'hy296'}, {'source_pair_id': 'rp_a43a15d0fff1dc802590cfce', 'product_type': 'стойка стабилизатора', 'title_a': 'masuma / ml-9036 тяга стабилизатора перед.', 'title_b': 'masuma стойка стабилизатора, арт. mlh520l', 'target_value_a': 'ml-9036', 'target_value_b': 'mlh520l'}, {'source_pair_id': 'rp_22d9ef5813f046809866c4d4', 'product_type': 'стойка стабилизатора', 'title_a': 'fenox / тяга стабилизатораперед прав ls11023', 'title_b': 'стойка стабилизатора fenox ls11101', 'target_value_a': 'ls11023', 'target_value_b': 'ls11101'}, {'source_pair_id': 'rp_f7957348c39e8dea4d5d46af', 'product_type': 'ступица', 'title_a': 'ступица haft rv0351', 'title_b': 'ступица haft rh0135', 'target_value_a': 'rv0351', 'target_value_b': 'rh0135'}, {'source_pair_id': 'rp_8c3b8526596e770a6b251347', 'product_type': 'ступица', 'title_a': 'ступица haft rv0206', 'title_b': 'haft ступица haft rv0205', 'target_value_a': 'rv0206', 'target_value_b': 'rv0205'}, {'source_pair_id': 'rp_3b3e3bc1c213172b0a325155', 'product_type': 'ступица', 'title_a': 'ступица kroner k151831', 'title_b': 'ступица kroner k151997', 'target_value_a': 'k151831', 'target_value_b': 'k151997'}, {'source_pair_id': 'rp_3dd485072afc592f0c0439ca', 'product_type': 'пружина подвески', 'title_a': 'kyb пружина подвески усиленная k-flex (f) арт. rk4810', 'title_b': 'пружина k-flex (f) арт. ra1414', 'target_value_a': 'rk4810', 'target_value_b': 'ra1414'}, {'source_pair_id': 'rp_a48735b0caf1fde0126cc7ee', 'product_type': 'пружина подвески', 'title_a': 'sufix пружина подвески, арт. sz-2962, 1 шт.', 'title_b': 'пружины подвески задние sufix sz-2972', 'target_value_a': 'sz-2962', 'target_value_b': 'sz-2972'}, {'source_pair_id': 'rp_24678d323be8b05810773da3', 'product_type': 'фильтр масляный', 'title_a': 'filtron / фильтр масляный - oe650 - vw passat audi a4 (b5, b6,b7), a', 'title_b': 'filtron фильтр масляный арт. oe655', 'target_value_a': 'oe650', 'target_value_b': 'oe655'}, {'source_pair_id': 'rp_4c8fe83c34d074ee4cd7a2b0', 'product_type': 'фильтр масляный', 'title_a': 'blue print фильтр масляный арт. adn12132', 'title_b': 'фильтр масляный blue print adn12103', 'target_value_a': 'adn12132', 'target_value_b': 'adn12103'}, {'source_pair_id': 'rp_c24ba445b8867bcf5fd530cb', 'product_type': 'фильтр салонный', 'title_a': 'фильтр салонный double force (угольный), dfc1919c', 'title_b': 'фильтр салонный doubleforce double force арт. dfc1170', 'target_value_a': 'dfc1919c', 'target_value_b': 'dfc1170'}, {'source_pair_id': 'rp_a36c877847edbca4ec29bc91', 'product_type': 'фильтр салонный', 'title_a': 'фильтр салона kraft kt967793', 'title_b': 'kraft фильтр салонный арт. kt967752', 'target_value_a': 'kt967793', 'target_value_b': 'kt967752'}]","{'source_singleton_pairs': 100, 'source_pairs_with_explicit_type': 80, 'observed_exact_product_types': 36, 'supported_product_type_profiles': 11}",False,identity_value,[],,^(?:модель\s*)?(?:№|#|no)?\s*\d[\d ._/-]*$,forbidden_identifier_dominates_source_attributes
Автотовары,part_number,different_value,0,,,0,177,[],618,568,50,0.919093851132686,127,111,16,0.8740157480314961,93,84,0.9032258064516129,22,21,0.9545454545454546,"{'discovery': {'support': 17, 'target_support': 17, 'target_probability': 1.0}, 'validation': {'support': 5, 'target_support': 4, 'target_probability': 0.8}}",105,22,rp_8c68a3a7013db8ffa2a15036;rp_7d946815337263578dafb82f;rp_23364383a3e61aed18e9d11e,801015 | nab-353 | teb1734r,"[{'product_type': 'колодки тормозные', 'normalized_product_type': 'колодки тормозные', 'singleton_pair_support': 5, 'singleton_target_support': 5, 'singleton_target_probability': 1.0, 'split_statistics': {'discovery': {'support': 4, 'target_support': 4, 'target_probability': 1.0}, 'validation': {'support': 1, 'target_support': 1, 'target_probability': 1.0}}, 'source_pair_ids': ['rp_9f28b25c7b5707a8a33dccd2', 'rp_26182ebc34415296a3dd3784', 'rp_37ad396c9930ff24898ac72e', 'rp_17e79b6df25915c86427e988', 'rp_80372eb0c7b6339dde2541a5'], 'source_examples': [{'source_pair_id': 'rp_9f28b25c7b5707a8a33dccd2', 'product_type': 'колодки тормозные', 'title_a': 'ganz / ganz gij20050 колодки барабанные nissan', 'title_b': 'ganz колодки тормозные, арт. gij20035', 'target_value_a': 'gij20050', 'target_value_b': 'gij20035'}, {'source_pair_id': 'rp_26182ebc34415296a3dd3784', 'product_type': 'колодки тормозные', 'title_a': 'колодки тормозные дисковые перед bosch 0986494275', 'title_b': 'bosch 0986424572 колодки тормозные дисковые перед', 'target_value_a': '0986494275', 'target_value_b': '0986424572'}, {'source_pair_id': 'rp_37ad396c9930ff24898ac72e', 'product_type': 'колодки тормозные', 'title_a': 'тормозные колодки fenox передние bp43435', 'title_b': 'fenox колодки тормозные дисковые, арт. bp43005', 'target_value_a': 'bp43435', 'target_value_b': 'bp43005'}, {'source_pair_id': 'rp_17e79b6df25915c86427e988', 'product_type': 'колодки тормозные', 'title_a': 'ween колодки тормозные, арт. 1522058', 'title_b': 'комплект тормозных колодок ween 1511432', 'target_value_a': '1522058', 'target_value_b': '1511432'}]}]",['колодки тормозные'],['Бренд'],"[{'source_pair_id': 'rp_9f28b25c7b5707a8a33dccd2', 'product_type': 'колодки тормозные', 'title_a': 'ganz / ganz gij20050 колодки барабанные nissan', 'title_b': 'ganz колодки тормозные, арт. gij20035', 'target_value_a': 'gij20050', 'target_value_b': 'gij20035'}, {'source_pair_id': 'rp_26182ebc34415296a3dd3784', 'product_type': 'колодки тормозные', 'title_a': 'колодки тормозные дисковые перед bosch 0986494275', 'title_b': 'bosch 0986424572 колодки тормозные дисковые перед', 'target_value_a': '0986494275', 'target_value_b': '0986424572'}, {'source_pair_id': 'rp_37ad396c9930ff24898ac72e', 'product_type': 'колодки тормозные', 'title_a': 'тормозные колодки fenox передние bp43435', 'title_b': 'fenox колодки тормозные дисковые, арт. bp43005', 'target_value_a': 'bp43435', 'target_value_b': 'bp43005'}, {'source_pair_id': 'rp_17e79b6df25915c86427e988', 'product_type': 'колодки тормозные', 'title_a': 'ween колодки тормозные, арт. 1522058', 'title_b': 'комплект тормозных колодок ween 1511432', 'target_value_a': '1522058', 'target_value_b': '1511432'}]","{'source_singleton_pairs': 22, 'source_pairs_with_explicit_type': 16, 'observed_exact_product_types': 12, 'supported_product_type_profiles': 1}",False,independent_value,[],,,forbidden_identifier_concept
Автотовары,size,different_value,0,Размер,override,0,0,[],25,25,0,1.0,3,3,0,1.0,25,25,1.0,3,3,1.0,"{'discovery': {'support': 2, 'target_support': 2, 'target_probability': 1.0}, 'validation': {'support': 1, 'target_support': 1, 'target_probability': 1.0}}",2,1,rp_0996cfbef68de32bac6e69c3;rp_d9e800ac527e271dc192453f;rp_bbf0a700b71a383c5329ffcd,l(39-41см) | xl | 30x30x55см,[],[],['Бренд'],[],"{'source_singleton_pairs': 3, 'source_pairs_with_explicit_type': 1, 'observed_exact_product_types': 1, 'supported_product_type_profiles': 0}",False,independent_value,['(?:вес|масса|weight|net\\s*weight)'],"(?:(?=.*\d)[a-zа-яё0-9+.,/×x*\""' -]{1,60}|xxs|xs|s|m|l|xl|xxl|xxxl)",,no_supported_product_type_profile
Аптека,axis,different_value,0,Ось,static_pair_rule_mapping,1,0,"[{'attribute_key': 'ось (axis)', 'support': 1}, {'attribute_key': 'ось линзы', 'support': 1}, {'attribute_key': 'ось', 'support': 1}]",283,280,3,0.9893992932862191,2,2,0,1.0,283,280,0.9893992932862191,2,2,1.0,"{'discovery': {'support': 2, 'target_support': 2, 'target_probability': 1.0}, 'validation': {'support': 0, 'target_support': 0, 'target_probability': 0.0}}",2,0,rp_e685f396514d9431b6af86ba;rp_109955330cd81ab31a682e1e;rp_d324bd4c51e5bd6c8a4d8c9c,20 | 90 | 50,[],[],['Бренд'],[],"{'source_singleton_pairs': 2, 'source_pairs_with_explicit_type': 0, 'observed_exact_product_types': 0, 'supported_product_type_profiles': 0}",False,independent_value,[],(?:ось\s*)?(?:[1-9]\d?|1[0-7]\d|180)(?:\s*(?:°|град(?:ус(?:а|ов)?)?))?,,no_supported_product_type_profile
Аптека,diopters,different_value,0,Оптическая сила,override,4,0,"[{'attribute_key': 'оптическая сила', 'support': 4}, {'attribute_key': 'диоптрии', 'support': 2}]",302,302,0,1.0,4,4,0,1.0,302,302,1.0,4,4,1.0,"{'discovery': {'support': 4, 'target_support': 4, 'target_probability': 1.0}, 'validation': {'support': 0, 'target_support': 0, 'target_probability': 0.0}}",4,0,rp_9f96c320e7e2ce94e830bb96;rp_241381d601363144f3367b64;rp_0dd7eee12b499e10ef8c6621,"-3,25 | +2.50 | -1.75",[],[],['Бренд'],[],"{'source_singleton_pairs': 4, 'source_pairs_with_explicit_type': 1, 'observed_exact_product_types': 1, 'supported_product_type_profiles': 0}",False,independent_value,[],,,no_supported_product_type_profile
Аптека,volume,different_value,0,Объем,override,1,0,"[{'attribute_key': 'объем, мл', 'support': 1}]",13,8,5,0.6153846153846154,2,2,0,1.0,13,8,0.6153846153846154,2,2,1.0,"{'discovery': {'support': 2, 'target_support': 2, 'target_probability': 1.0}, 'validation': {'support': 0, 'target_support': 0, 'target_probability': 0.0}}",2,0,rp_3fb049daf133c6baff149aa5;rp_fca38eb1cb95321c4336dcc4;rp_e610f02d21488f8d9583f51b,30л | 59 мл | 25 г,[],[],['Бренд'],[],"{'source_singleton_pairs': 2, 'source_pairs_with_explicit_type': 1, 'observed_exact_product_types': 1, 'supported_product_type_profiles': 0}",False,independent_value,[],,,no_supported_product_type_profile
Бытовая химия,intended_surface,different_value,0,,,1,0,"[{'attribute_key': 'назначение моющего, чистящего средства', 'support': 1}, {'attribute_key': 'назначение', 'support': 1}]",3,3,0,1.0,2,2,0,1.0,3,3,1.0,2,2,1.0,"{'discovery': {'support': 2, 'target_support': 2, 'target_probability': 1.0}, 'validation': {'support': 0, 'target_support': 0, 'target_probability': 0.0}}",2,0,rp_f4b4c1520116b3a016a15a94;rp_c3e20d5ffdef1f46fcd9c4a4;rp_74915f6a85c1fe6d1ba58462,духовки и микроволновые печи | для стекла | ванна и душевая кабина,[],[],['Бренд'],[],"{'source_singleton_pairs': 2, 'source_pairs_with_explicit_type': 1, 'observed_exact_product_types': 1, 'supported_product_type_profiles': 0}",False,independent_value,[],,,no_reliable_attribute_key
Бытовая химия,target_audience,different_value,0,Целевая аудитория,override,2,0,"[{'attribute_key': 'комплектация', 'support': 2}, {'attribute_key': 'назначение моющего, чистящего средства', 'support': 1}]",31,21,10,0.6774193548387096,3,3,0,1.0,31,21,0.6774193548387096,3,3,1.0,"{'discovery': {'support': 1, 'target_support': 1, 'target_probability': 1.0}, 'validation': {'support': 2, 'target_support': 2, 'target_probability': 1.0}}",1,2,rp_75b684a5c8a505b95107dbb6;rp_ce410392982375a5d2463aa6;rp_de0d3f84c3fbab080da9f6d7,для деликатных тканей | универсальный | штука,[],[],['Бренд'],[],"{'source_singleton_pairs': 3, 'source_pairs_with_explicit_type': 0, 'observed_exact_product_types': 0, 'supported_product_type_profiles': 0}",False,independent_value,[],,,no_supported_product_type_profile
Галантерея и аксессуары,collection,different_value,0,коллекция,dominant_singleton_evidence,6,0,"[{'attribute_key': 'коллекция', 'support': 6}]",176,155,21,0.8806818181818182,3,3,0,1.0,176,155,0.8806818181818182,3,3,1.0,"{'discovery': {'support': 1, 'target_support': 1, 'target_probability': 1.0}, 'validation': {'support': 2, 'target_support': 2, 'target_probability': 1.0}}",1,2,rp_9100eda40ba850ca52016fb3;rp_8b13718e9e261ba695b66ef2;rp_9e4b110efe9771b928cc9a65,весна-лето 2023 | базовая коллекция | базовая коллекция,[],[],['Бренд'],[],"{'source_singleton_pairs': 3, 'source_pairs_with_explicit_type': 3, 'observed_exact_product_types': 3, 'supported_product_type_profiles': 0}",False,independent_value,['(?<!\\w)(?:модель|model|серия|series|линейка|line|коллекци\\w*|collection|производител\\w*|manufacturer)(?!\\w)'],,,no_supported_product_type_profile
Галантерея и аксессуары,gender,different_value,0,пол,dominant_singleton_evidence,45,0,"[{'attribute_key': 'пол', 'support': 45}]",333,284,49,0.8528528528528528,23,21,2,0.9130434782608695,333,284,0.8528528528528528,23,21,0.9130434782608695,"{'discovery': {'support': 21, 'target_support': 19, 'target_probability': 0.9047619047619048}, 'validation': {'support': 2, 'target_support': 2, 'target_probability': 1.0}}",21,2,rp_4b3ba8ef032b1522057be2ca;rp_3be2342bbc07bc9a9bff88dd;rp_18a1f88dfc944bf2ca167b3b,унисекс | универсальный | девочки,"[{'product_type': 'часы наручные', 'normalized_product_type': 'часы наручные', 'singleton_pair_support': 4, 'singleton_target_support': 4, 'singleton_target_probability': 1.0, 'split_statistics': {'discovery': {'support': 4, 'target_support': 4, 'target_probability': 1.0}, 'validation': {'support': 0, 'target_support': 0, 'target_probability': 0.0}}, 'source_pair_ids': ['rp_2f048afb90046c7f553cea97', 'rp_49b4e0ea714105638090036b', 'rp_a8e1b554144c3611ef8a02dd', 'rp_8361f8f4ac02281dc4ebe4e0'], 'source_examples': [{'source_pair_id': 'rp_2f048afb90046c7f553cea97', 'product_type': 'часы наручные', 'title_a': 'наручные часы casio', 'title_b': 'casio часы наручные кварцевые', 'target_value_a': 'женский', 'target_value_b': 'мужской'}, {'source_pair_id': 'rp_49b4e0ea714105638090036b', 'product_type': 'часы наручные', 'title_a': 'наручные часы q&q', 'title_b': 'q&q часы наручные кварцевые', 'target_value_a': 'мужской', 'target_value_b': 'женский'}, {'source_pair_id': 'rp_a8e1b554144c3611ef8a02dd', 'product_type': 'часы наручные', 'title_a': 'coach часы наручные', 'title_b': 'coach наручные часы coach, серый', 'target_value_a': 'мужской', 'target_value_b': 'женский'}, {'source_pair_id': 'rp_8361f8f4ac02281dc4ebe4e0', 'product_type': 'часы наручные', 'title_a': 'omax часы наручные', 'title_b': 'наручные часы omax', 'target_value_a': 'женский', 'target_value_b': 'мужской'}]}, {'product_type': 'очки солнцезащитные', 'normalized_product_type': 'очки солнцезащитные', 'singleton_pair_support': 3, 'singleton_target_support': 3, 'singleton_target_probability': 1.0, 'split_statistics': {'discovery': {'support': 2, 'target_support': 2, 'target_probability': 1.0}, 'validation': {'support': 1, 'target_support': 1, 'target_probability': 1.0}}, 'source_pair_ids': ['rp_6a591d11802628c721ff4a12', 'rp_ec03ca93c38801b55212f7fb', 'rp_8ee1e0fc3a9efe4b97b7138c'], 'source_examples': [{'source_pair_id': 'rp_6a591d11802628c721ff4a12', 'product_type': 'очки солнцезащитные', 'title_a': 'не определен солнцезащитные очки , красный', 'title_b': 'очки солнцезащитные', 'target_value_a': 'для девочек, для мальчиков', 'target_value_b': 'женский'}, {'source_pair_id': 'rp_ec03ca93c38801b55212f7fb', 'product_type': 'очки солнцезащитные', 'title_a': 'ray-ban ray-ban, бесцветный', 'title_b': 'ray-ban очки солнцезащитные', 'target_value_a': 'унисекс', 'target_value_b': 'женский'}, {'source_pair_id': 'rp_8ee1e0fc3a9efe4b97b7138c', 'product_type': 'очки солнцезащитные', 'title_a': 'polar glare очки солнцезащитные', 'title_b': 'солнцезащитные очки унисекс 6102/s/x (20288080750wj)', 'target_value_a': 'женский', 'target_value_b': 'унисекс'}]}, {'product_type': 'футляр для очков', 'normalized_product_type': 'футляр для очков', 'singleton_pair_support': 3, 'singleton_target_support': 3, 'singleton_target_probability': 1.0, 'split_statistics': {'discovery': {'support': 3, 'target_support': 3, 'target_probability': 1.0}, 'validation': {'support': 0, 'target_support': 0, 'target_probability': 0.0}}, 'source_pair_ids': ['rp_2bc7f4c82c1561ea7b6c17a8', 'rp_e91ff0e3afb998ab54288bbe', 'rp_5a72277d645f671694740141'], 'source_examples': [{'source_pair_id': 'rp_2bc7f4c82c1561ea7b6c17a8', 'product_type': 'футляр для очков', 'title_a': 'футляр для очков, 16 х 3,8 х 6 см, цвет белый', 'title_b': 'не определен футляр для очков, 16 х 3,8 х 6 см, цвет белый', 'target_value_a': 'женский', 'target_value_b': 'для женщин'}, {'source_pair_id': 'rp_e91ff0e3afb998ab54288bbe', 'product_type': 'футляр для очков', 'title_a': 'без бренда футляр для очков, 16 х 3,8 х 6 см, цвет голубой', 'title_b': 'футляр для очков', 'target_value_a': 'для женщин', 'target_value_b': 'девочки'}, {'source_pair_id': 'rp_5a72277d645f671694740141', 'product_type': 'футляр для очков', 'title_a': 'футляр для очков', 'title_b': 'без бренда футляр для очков косичка, 16,8*3,5*7,8 см, на гвоздике, салфетка, черный', 'target_value_a': 'женский', 'target_value_b': 'унисекс'}]}, {'product_type': 'браслет', 'normalized_product_type': 'браслет', 'singleton_pair_support': 2, 'singleton_target_support': 2, 'singleton_target_probability': 1.0, 'split_statistics': {'discovery': {'support': 2, 'target_support': 2, 'target_probability': 1.0}, 'validation': {'support': 0, 'target_support': 0, 'target_probability': 0.0}}, 'source_pair_ids': ['rp_365bc4ef224625bcd7a59f2f', 'rp_f18c410a50c3686d33373e24'], 'source_examples': [{'source_pair_id': 'rp_365bc4ef224625bcd7a59f2f', 'product_type': 'браслет', 'title_a': 'браслет queen fair', 'title_b': 'браслет queen fair', 'target_value_a': 'мужской', 'target_value_b': 'женский'}, {'source_pair_id': 'rp_f18c410a50c3686d33373e24', 'product_type': 'браслет', 'title_a': 'браслет queen fair', 'title_b': 'браслет queen fair', 'target_value_a': 'женский', 'target_value_b': 'для девочек, для мальчиков, женский, мужской, унисекс'}]}, {'product_type': 'кошелек', 'normalized_product_type': 'кошелек', 'singleton_pair_support': 2, 'singleton_target_support': 2, 'singleton_target_probability': 1.0, 'split_statistics': {'discovery': {'support': 2, 'target_support': 2, 'target_probability': 1.0}, 'validation': {'support': 0, 'target_support': 0, 'target_probability': 0.0}}, 'source_pair_ids': ['rp_fc31767515fcbc5076f66ba5', 'rp_e869942330351f7911e081d3'], 'source_examples': [{'source_pair_id': 'rp_fc31767515fcbc5076f66ba5', 'product_type': 'кошелек', 'title_a': 'кошелек', 'title_b': 'не определен кошелек , фактура под рептилию, коричневый', 'target_value_a': 'женский', 'target_value_b': 'унисекс'}, {'source_pair_id': 'rp_e869942330351f7911e081d3', 'product_type': 'кошелек', 'title_a': 'не определен кошелек , розовый', 'title_b': 'кошелек', 'target_value_a': 'женский, мужской, унисекс', 'target_value_b': 'женский'}]}, {'product_type': 'подвеска', 'normalized_product_type': 'подвеска', 'singleton_pair_support': 2, 'singleton_target_support': 2, 'singleton_target_probability': 1.0, 'split_statistics': {'discovery': {'support': 2, 'target_support': 2, 'target_probability': 1.0}, 'validation': {'support': 0, 'target_support': 0, 'target_probability': 0.0}}, 'source_pair_ids': ['rp_47cda7aa2e19bd1f61e7a9b9', 'rp_412105862e6bdc1116af1396'], 'source_examples': [{'source_pair_id': 'rp_47cda7aa2e19bd1f61e7a9b9', 'product_type': 'подвеска', 'title_a': 'queen fair кулон, роза в кресте, розенкрейцерский орден, цвет чернёное серебро, 70см', 'title_b': 'queen fair подвеска queen fair, серебристый', 'target_value_a': 'женский', 'target_value_b': 'унисекс'}, {'source_pair_id': 'rp_412105862e6bdc1116af1396', 'product_type': 'подвеска', 'title_a': 'подвеска', 'title_b': 'не определен подвеска', 'target_value_a': 'женский', 'target_value_b': 'унисекс'}]}, {'product_type': 'футляр', 'normalized_product_type': 'футляр', 'singleton_pair_support': 2, 'singleton_target_support': 2, 'singleton_target_probability': 1.0, 'split_statistics': {'discovery': {'support': 2, 'target_support': 2, 'target_probability': 1.0}, 'validation': {'support': 0, 'target_support': 0, 'target_probability': 0.0}}, 'source_pair_ids': ['rp_e91ff0e3afb998ab54288bbe', 'rp_5a72277d645f671694740141'], 'source_examples': [{'source_pair_id': 'rp_e91ff0e3afb998ab54288bbe', 'product_type': 'футляр', 'title_a': 'без бренда футляр для очков, 16 х 3,8 х 6 см, цвет голубой', 'title_b': 'футляр для очков', 'target_value_a': 'для женщин', 'target_value_b': 'девочки'}, {'source_pair_id': 'rp_5a72277d645f671694740141', 'product_type': 'футляр', 'title_a': 'футляр для очков', 'title_b': 'без бренда футляр для очков косичка, 16,8*3,5*7,8 см, на гвоздике, салфетка, черный', 'target_value_a': 'женский', 'target_value_b': 'унисекс'}]}]","['часы наручные', 'очки солнцезащитные', 'футляр для очков', 'браслет', 'кошелек', 'подвеска', 'футляр']",['Бренд'],"[{'source_pair_id': 'rp_2f048afb90046c7f553cea97', 'product_type': 'часы наручные', 'title_a': 'наручные часы casio', 'title_b': 'casio часы наручные кварцевые', 'target_value_a': 'женский', 'target_value_b': 'мужской'}, {'source_pair_id': 'rp_49b4e0ea714105638090036b', 'product_type': 'часы наручные', 'title_a': 'наручные часы q&q', 'title_b': 'q&q часы наручные кварцевые', 'target_value_a': 'мужской', 'target_value_b': 'женский'}, {'source_pair_id': 'rp_a8e1b554144c3611ef8a02dd', 'product_type': 'часы наручные', 'title_a': 'coach часы наручные', 'title_b': 'coach наручные часы coach, серый', 'target_value_a': 'мужской', 'target_value_b': 'женский'}, {'source_pair_id': 'rp_8361f8f4ac02281dc4ebe4e0', 'product_type': 'часы наручные', 'title_a': 'omax часы наручные', 'title_b': 'наручные часы omax', 'target_value_a': 'женский', 'target_value_b': 'мужской'}, {'source_pair_id': 'rp_6a591d11802628c721ff4a12', 'product_type': 'очки солнцезащитные', 'title_a': 'не определен солнцезащитные очки , красный', 'title_b': 'очки солнцезащитные', 'target_value_a': 'для девочек, для мальчиков', 'target_value_b': 'женский'}, {'source_pair_id': 'rp_ec03ca93c38801b55212f7fb', 'product_type': 'очки солнцезащитные', 'title_a': 'ray-ban ray-ban, бесцветный', 'title_b': 'ray-ban очки солнцезащитные', 'target_value_a': 'унисекс', 'target_value_b': 'женский'}, {'source_pair_id': 'rp_8ee1e0fc3a9efe4b97b7138c', 'product_type': 'очки солнцезащитные', 'title_a': 'polar glare очки солнцезащитные', 'title_b': 'солнцезащитные очки унисекс 6102/s/x (20288080750wj)', 'target_value_a': 'женский', 'target_value_b': 'унисекс'}, {'source_pair_id': 'rp_2bc7f4c82c1561ea7b6c17a8', 'product_type': 'футляр для очков', 'title_a': 'футляр для очков, 16 х 3,8 х 6 см, цвет белый', 'title_b': 'не определен футляр для очков, 16 х 3,8 х 6 см, цвет белый', 'target_value_a': 'женский', 'target_value_b': 'для женщин'}, {'source_pair_id': 'rp_e91ff0e3afb998ab54288bbe', 'product_type': 'футляр для очков', 'title_a': 'без бренда футляр для очков, 16 х 3,8 х 6 см, цвет голубой', 'title_b': 'футляр для очков', 'target_value_a': 'для женщин', 'target_value_b': 'девочки'}, {'source_pair_id': 'rp_5a72277d645f671694740141', 'product_type': 'футляр для очков', 'title_a': 'футляр для очков', 'title_b': 'без бренда футляр для очков косичка, 16,8*3,5*7,8 см, на гвоздике, салфетка, черный', 'target_value_a': 'женский', 'target_value_b': 'унисекс'}, {'source_pair_id': 'rp_365bc4ef224625bcd7a59f2f', 'product_type': 'браслет', 'title_a': 'браслет queen fair', 'title_b': 'браслет queen fair', 'target_value_a': 'мужской', 'target_value_b': 'женский'}, {'source_pair_id': 'rp_f18c410a50c3686d33373e24', 'product_type': 'браслет', 'title_a': 'браслет queen fair', 'title_b': 'браслет queen fair', 'target_value_a': 'женский', 'target_value_b': 'для девочек, для мальчиков, женский, мужской, унисекс'}, {'source_pair_id': 'rp_fc31767515fcbc5076f66ba5', 'product_type': 'кошелек', 'title_a': 'кошелек', 'title_b': 'не определен кошелек , фактура под рептилию, коричневый', 'target_value_a': 'женский', 'target_value_b': 'унисекс'}, {'source_pair_id': 'rp_e869942330351f7911e081d3', 'product_type': 'кошелек', 'title_a': 'не определен кошелек , розовый', 'title_b': 'кошелек', 'target_value_a': 'женский, мужской, унисекс', 'target_value_b': 'женский'}, {'source_pair_id': 'rp_47cda7aa2e19bd1f61e7a9b9', 'product_type': 'подвеска', 'title_a': 'queen fair кулон, роза в кресте, розенкрейцерский орден, цвет чернёное серебро, 70см', 'title_b': 'queen fair подвеска queen fair, серебристый', 'target_value_a': 'женский', 'target_value_b': 'унисекс'}, {'source_pair_id': 'rp_412105862e6bdc1116af1396', 'product_type': 'подвеска', 'title_a': 'подвеска', 'title_b': 'не определен подвеска', 'target_value_a': 'женский', 'target_value_b': 'унисекс'}, {'source_pair_id': 'rp_e91ff0e3afb998ab54288bbe', 'product_type': 'футляр', 'title_a': 'без бренда футляр для очков, 16 х 3,8 х 6 см, цвет голубой', 'title_b': 'футляр для очков', 'target_value_a': 'для женщин', 'target_value_b': 'девочки'}, {'source_pair_id': 'rp_5a72277d645f671694740141', 'product_type': 'футляр', 'title_a': 'футляр для очков', 'title_b': 'без бренда футляр для очков косичка, 16,8*3,5*7,8 см, на гвоздике, салфетка, черный', 'target_value_a': 'женский', 'target_value_b': 'унисекс'}]","{'source_singleton_pairs': 23, 'source_pairs_with_explicit_type': 20, 'observed_exact_product_types': 11, 'supported_product_type_profiles': 7}",True,independent_value,[],,,semantic_review_required
Детские товары,car_brand,different_value,0,Марка автомобиля,override,4,0,"[{'attribute_key': 'марка автомобиля', 'support': 4}]",13,12,1,0.9230769230769231,3,3,0,1.0,13,12,0.9230769230769231,3,3,1.0,"{'discovery': {'support': 3, 'target_support': 3, 'target_probability': 1.0}, 'validation': {'support': 0, 'target_support': 0, 'target_probability': 0.0}}",3,0,rp_ac2de7d47c1e213d00f65704;rp_9de1145539052bb1eb2d2dfe;rp_d3f27a78627fb910bfdbf796,jeep | volvo | shelby,[],[],['Назначение'],[],"{'source_singleton_pairs': 3, 'source_pairs_with_explicit_type': 0, 'observed_exact_product_types': 0, 'supported_product_type_profiles': 0}",True,identity_value,['(?<!\\w)(?:модель|model|серия|series|линейка|line|коллекци\\w*|collection|производител\\w*|manufacturer)(?!\\w)'],,,no_supported_product_type_profile
Детские товары,item_count,different_value,0,Количество предметов,override,1,0,"[{'attribute_key': 'количество элементов, шт', 'support': 1}, {'attribute_key': 'комплектация', 'support': 1}]",10,8,2,0.8,3,3,0,1.0,10,8,0.8,3,3,1.0,"{'discovery': {'support': 3, 'target_support': 3, 'target_probability': 1.0}, 'validation': {'support': 0, 'target_support': 0, 'target_probability': 0.0}}",3,0,rp_9ca8a9a61e6183a45b3ae0e6;rp_e6cf9368802f9c744e194859;rp_2f2c3e53bb1cea457ef73f28,8 элементов | 15 | 12 элементов,[],[],['Бренд'],[],"{'source_singleton_pairs': 3, 'source_pairs_with_explicit_type': 0, 'observed_exact_product_types': 0, 'supported_product_type_profiles': 0}",False,independent_value,"['(?:вес|масса|weight|объем|объём|volume|нетто)', '(?:комплектац|состав\\s+набора|перечень|набор\\s+включает)']",,,no_supported_product_type_profile
Детские товары,model_type,different_value,0,,,0,0,[],24,19,5,0.7916666666666666,2,2,0,1.0,24,19,0.7916666666666666,2,2,1.0,"{'discovery': {'support': 2, 'target_support': 2, 'target_probability': 1.0}, 'validation': {'support': 0, 'target_support': 0, 'target_probability': 0.0}}",2,0,rp_eaaa5085f696040857c4cada;rp_a832a3f146c5a4f7243c1545;rp_dc39bc873b2426a0ba082ef5,классическая | механический конструктор с подсветкой | кукла,[],[],['Бренд'],[],"{'source_singleton_pairs': 2, 'source_pairs_with_explicit_type': 0, 'observed_exact_product_types': 0, 'supported_product_type_profiles': 0}",False,independent_value,[],,,no_reliable_attribute_key
Детские товары,packaging_type,different_value,0,Тип упаковки,override,2,0,"[{'attribute_key': 'комплектация', 'support': 2}]",5,3,2,0.6,2,2,0,1.0,5,3,0.6,2,2,1.0,"{'discovery': {'support': 2, 'target_support': 2, 'target_probability': 1.0}, 'validation': {'support': 0, 'target_support': 0, 'target_probability': 0.0}}",2,0,rp_7f162cc9c2385aff5f032dee;rp_3ddf6de18eb74d2aff9677c6;rp_f1251e108563f6cada6034a5,"подар. коробка | товар в фабричной упаковке | набор инерц. строит. машин 4 шт.,серия мир micro игрушек, crd 13,5 см, арт.m7618-2",[],[],['Бренд'],[],"{'source_singleton_pairs': 2, 'source_pairs_with_explicit_type': 0, 'observed_exact_product_types': 0, 'supported_product_type_profiles': 0}",False,independent_value,[],,,no_supported_product_type_profile
Детские товары,vehicle_type,different_value,0,Тип транспорта,override,2,0,"[{'attribute_key': 'тип', 'support': 2}, {'attribute_key': 'вид спецтехники', 'support': 1}]",24,15,9,0.625,2,2,0,1.0,24,15,0.625,2,2,1.0,"{'discovery': {'support': 2, 'target_support': 2, 'target_probability': 1.0}, 'validation': {'support': 0, 'target_support': 0, 'target_probability': 0.0}}",2,0,rp_b3bc9255d775421d08e5c503;rp_7211b06e646cb5a639cc1e30;rp_3e4c2560bde3da4b58ba82bf,спецтехника | масштабные модели | машина,[],[],['Бренд'],[],"{'source_singleton_pairs': 2, 'source_pairs_with_explicit_type': 0, 'observed_exact_product_types': 0, 'supported_product_type_profiles': 0}",False,independent_value,[],,,no_supported_product_type_profile
Дом и сад,name,different_value,0,,,0,0,[],6,6,0,1.0,4,4,0,1.0,6,6,1.0,4,4,1.0,"{'discovery': {'support': 4, 'target_support': 4, 'target_probability': 1.0}, 'validation': {'support': 0, 'target_support': 0, 'target_probability': 0.0}}",4,0,rp_fa821ba92fa4bc51c375ca04;rp_3721588d11ff8435faf42574;rp_8520b77ce994542c1571a8a2,дарья | ева | олега,[],[],['Бренд'],[],"{'source_singleton_pairs': 4, 'source_pairs_with_explicit_type': 0, 'observed_exact_product_types': 0, 'supported_product_type_profiles': 0}",False,independent_value,[],,,generic_concept
Дом и сад,tomato_variety,different_value,0,,,0,0,[],3,3,0,1.0,2,2,0,1.0,3,3,1.0,2,2,1.0,"{'discovery': {'support': 1, 'target_support': 1, 'target_probability': 1.0}, 'validation': {'support': 1, 'target_support': 1, 'target_probability': 1.0}}",1,1,rp_b858c37180a373e0d6473138;rp_d978f30a9ae7efb1755ae76c;rp_fa142b61183a4b6ecbdd9ba5,розовое вино биф | аэлита-71 f1 | дикая роза,[],[],['Бренд'],[],"{'source_singleton_pairs': 2, 'source_pairs_with_explicit_type': 1, 'observed_exact_product_types': 1, 'supported_product_type_profiles': 0}",False,independent_value,[],,,no_reliable_attribute_key
Дом и сад,variety,different_value,0,сорт семян,dominant_singleton_evidence,3,0,"[{'attribute_key': 'сорт семян', 'support': 3}, {'attribute_key': 'вид семян', 'support': 1}, {'attribute_key': 'комплектация', 'support': 1}]",50,48,2,0.96,10,9,1,0.9,46,45,0.9782608695652174,9,8,0.8888888888888888,"{'discovery': {'support': 9, 'target_support': 8, 'target_probability': 0.8888888888888888}, 'validation': {'support': 0, 'target_support': 0, 'target_probability': 0.0}}",10,0,rp_070ac9566ee2ea3b27a4f8af;rp_8fc17c75e68e0b855e8c2f28;rp_69ebf8580d5984fc669b8bfc,трюфель желтый | здравница | викторианская смесь,[],[],['Бренд'],[],"{'source_singleton_pairs': 9, 'source_pairs_with_explicit_type': 5, 'observed_exact_product_types': 2, 'supported_product_type_profiles': 0}",False,independent_value,['(?:тип\\s+роста|срок\\s+созрев|высота|урожайн|регион|зона|цвет\\s+плод|форма\\s+плод|вкус|устойчивост)'],,,no_supported_product_type_profile
Дом и сад,volume,different_value,0,Объем,override,5,0,"[{'attribute_key': 'объем, л', 'support': 5}, {'attribute_key': 'объем товара', 'support': 2}, {'attribute_key': 'объем, мл', 'support': 1}, {'attribute_key': 'объем (л)', 'support': 1}, {'attribute_key': 'объем', 'support': 1}]",100,92,8,0.92,10,9,1,0.9,100,92,0.92,10,9,0.9,"{'discovery': {'support': 8, 'target_support': 7, 'target_probability': 0.875}, 'validation': {'support': 2, 'target_support': 2, 'target_probability': 1.0}}",8,2,rp_2901806419ba2112a9025409;rp_5747fa83096354dae56c6a19;rp_ab65a7d196eb29ab2106952a,5л | 1.35 л | 300,[],[],['Бренд'],[],"{'source_singleton_pairs': 10, 'source_pairs_with_explicit_type': 7, 'observed_exact_product_types': 7, 'supported_product_type_profiles': 0}",False,independent_value,[],,,no_supported_product_type_profile
Канцелярские товары,brush_size,different_value,0,кисть №,dominant_singleton_evidence,2,0,"[{'attribute_key': 'кисть №', 'support': 2}]",15,15,0,1.0,5,5,0,1.0,15,15,1.0,5,5,1.0,"{'discovery': {'support': 4, 'target_support': 4, 'target_probability': 1.0}, 'validation': {'support': 1, 'target_support': 1, 'target_probability': 1.0}}",4,1,rp_9ec1459172a073d60cf15abf;rp_01c09a2b04c223843277d0e4;rp_b7d39e79510e79e2de95e01f,№ 8 | 6 | №4,[],[],['Бренд'],[],"{'source_singleton_pairs': 5, 'source_pairs_with_explicit_type': 1, 'observed_exact_product_types': 1, 'supported_product_type_profiles': 0}",False,independent_value,['(?:вес|масса|weight|net\\s*weight)'],,,no_supported_product_type_profile
Канцелярские товары,color_count,different_value,0,,,1,0,"[{'attribute_key': 'количество фломастеров, шт', 'support': 1}]",27,24,3,0.8888888888888888,5,5,0,1.0,27,24,0.8888888888888888,5,5,1.0,"{'discovery': {'support': 3, 'target_support': 3, 'target_probability': 1.0}, 'validation': {'support': 2, 'target_support': 2, 'target_probability': 1.0}}",3,2,rp_bb84ae4e1c943c7acfb510d6;rp_fcb19765bbc5a4e098b9bb87;rp_502d4fafd49186bd5aab2042,60 | 18 цветов | 6 цветов,[],[],['Бренд'],[],"{'source_singleton_pairs': 5, 'source_pairs_with_explicit_type': 1, 'observed_exact_product_types': 1, 'supported_product_type_profiles': 0}",False,independent_value,[],,,no_reliable_attribute_key
Канцелярские товары,density,different_value,0,"плотность, г/м2",dominant_singleton_evidence,2,0,"[{'attribute_key': 'плотность, г/м2', 'support': 2}, {'attribute_key': 'плотность бумаги', 'support': 1}, {'attribute_key': 'плотность', 'support': 1}]",22,19,3,0.8636363636363636,3,3,0,1.0,22,19,0.8636363636363636,3,3,1.0,"{'discovery': {'support': 3, 'target_support': 3, 'target_probability': 1.0}, 'validation': {'support': 0, 'target_support': 0, 'target_probability': 0.0}}",3,0,rp_e5d270935466ed56576bf5c6;rp_727a5e10c82a23a99175ee7c;rp_e4521816ab5a157bef84c085,170 | 200 г/м2 | 90г/м2,[],[],['Бренд'],[],"{'source_singleton_pairs': 3, 'source_pairs_with_explicit_type': 3, 'observed_exact_product_types': 3, 'supported_product_type_profiles': 0}",False,independent_value,[],,,no_supported_product_type_profile
Канцелярские товары,diameter,different_value,0,Диаметр,static_pair_rule_mapping,0,0,[],13,13,0,1.0,2,2,0,1.0,13,13,1.0,2,2,1.0,"{'discovery': {'support': 2, 'target_support': 2, 'target_probability': 1.0}, 'validation': {'support': 0, 'target_support': 0, 'target_probability': 0.0}}",2,0,rp_60cebad6d8ac4eb247e136ad;rp_65f9f37f7ffe176ce0475902;rp_9ccdd72644ea3a2d87a9e143,12мм | 21 см | 19 мм,[],[],['Бренд'],[],"{'source_singleton_pairs': 2, 'source_pairs_with_explicit_type': 1, 'observed_exact_product_types': 1, 'supported_product_type_profiles': 0}",False,independent_value,['(?:вес|масса|weight|net\\s*weight)'],"[+]?(?:\d+(?:[.,]\d+)?|[.,]\d+)\s*(?:мм|см|м|дюйм\w*|inch(?:es)?|in|\"")",,no_supported_product_type_profile
Канцелярские товары,ink_color,different_value,0,цвет чернил,dominant_singleton_evidence,3,0,"[{'attribute_key': 'цвет чернил', 'support': 3}, {'attribute_key': 'цвет товара', 'support': 1}]",37,30,7,0.8108108108108109,2,2,0,1.0,37,30,0.8108108108108109,2,2,1.0,"{'discovery': {'support': 2, 'target_support': 2, 'target_probability': 1.0}, 'validation': {'support': 0, 'target_support': 0, 'target_probability': 0.0}}",2,0,rp_3b3290edeae461a778020199;rp_578ba8472c9b65bd9e75b0dc;rp_9bd5d15bd1e645269a28c78d,айдар | синий | cиний+синий,[],[],['Бренд'],[],"{'source_singleton_pairs': 2, 'source_pairs_with_explicit_type': 2, 'observed_exact_product_types': 2, 'supported_product_type_profiles': 0}",False,independent_value,[],,,no_supported_product_type_profile
Канцелярские товары,length,different_value,0,Длина,override,1,0,"[{'attribute_key': 'длина предмета', 'support': 1}, {'attribute_key': 'длина корпуса, мм', 'support': 1}, {'attribute_key': 'длина, см', 'support': 1}]",24,22,2,0.9166666666666666,2,2,0,1.0,24,22,0.9166666666666666,2,2,1.0,"{'discovery': {'support': 2, 'target_support': 2, 'target_probability': 1.0}, 'validation': {'support': 0, 'target_support': 0, 'target_probability': 0.0}}",2,0,rp_e4521816ab5a157bef84c085;rp_52ec7d5fa1866f0c7486de8e;rp_302ce964078214abf6da05f4,45м | 200 мм | 1000,[],[],['Бренд'],[],"{'source_singleton_pairs': 2, 'source_pairs_with_explicit_type': 2, 'observed_exact_product_types': 2, 'supported_product_type_profiles': 0}",False,independent_value,['(?:вес|масса|weight|net\\s*weight)'],"[+]?(?:\d+(?:[.,]\d+)?|[.,]\d+)\s*(?:мм|см|м|дюйм\w*|inch(?:es)?|in|\"")",,no_supported_product_type_profile
Канцелярские товары,name_on_cover,different_value,0,,,0,0,[],11,11,0,1.0,8,8,0,1.0,11,11,1.0,8,8,1.0,"{'discovery': {'support': 8, 'target_support': 8, 'target_probability': 1.0}, 'validation': {'support': 0, 'target_support': 0, 'target_probability': 0.0}}",8,0,rp_3677f96dfdb1720f4c01f83c;rp_dec08f14ba034cb4785d6371;rp_4bf2bce742c58557dc3107e0,маруф | флорид | лариса,"[{'product_type': 'ежедневник', 'normalized_product_type': 'ежедневник', 'singleton_pair_support': 8, 'singleton_target_support': 8, 'singleton_target_probability': 1.0, 'split_statistics': {'discovery': {'support': 8, 'target_support': 8, 'target_probability': 1.0}, 'validation': {'support': 0, 'target_support': 0, 'target_probability': 0.0}}, 'source_pair_ids': ['rp_3677f96dfdb1720f4c01f83c', 'rp_7498c3131147e372869014dc', 'rp_dc8e18c48df8e2b48572ee4a', 'rp_acfe85ec478874445f73a4e2', 'rp_16987ad6975d2562c4b0c566', 'rp_cd383f2ebe547d379ca27b55', 'rp_820e0c1f1a93da2c83682753', 'rp_5e8133725501d2bff73269b1'], 'source_examples': [{'source_pair_id': 'rp_3677f96dfdb1720f4c01f83c', 'product_type': 'ежедневник', 'title_a': 'woodyname / деревянный ежедневник с именем маруф', 'title_b': 'деревянный подарочный ежедневник woodyname с именем нафик', 'target_value_a': 'маруф', 'target_value_b': 'нафик'}, {'source_pair_id': 'rp_7498c3131147e372869014dc', 'product_type': 'ежедневник', 'title_a': 'woodyname / деревянный ежедневник с именем анаит', 'title_b': 'деревянный подарочный ежедневник woodyname с именем айгуль', 'target_value_a': 'анаит', 'target_value_b': 'айгуль'}, {'source_pair_id': 'rp_dc8e18c48df8e2b48572ee4a', 'product_type': 'ежедневник', 'title_a': 'woodyname / деревянный ежедневник с именем гавриил', 'title_b': 'деревянный подарочный ежедневник woodyname с именем гаден', 'target_value_a': 'гавриил', 'target_value_b': 'гаден'}, {'source_pair_id': 'rp_acfe85ec478874445f73a4e2', 'product_type': 'ежедневник', 'title_a': 'деревянный подарочный ежедневник woodyname с именем рузанна', 'title_b': 'woodyname / деревянный ежедневник с именем фарида', 'target_value_a': 'рузанна', 'target_value_b': 'фарида'}]}]",['ежедневник'],['Бренд'],"[{'source_pair_id': 'rp_3677f96dfdb1720f4c01f83c', 'product_type': 'ежедневник', 'title_a': 'woodyname / деревянный ежедневник с именем маруф', 'title_b': 'деревянный подарочный ежедневник woodyname с именем нафик', 'target_value_a': 'маруф', 'target_value_b': 'нафик'}, {'source_pair_id': 'rp_7498c3131147e372869014dc', 'product_type': 'ежедневник', 'title_a': 'woodyname / деревянный ежедневник с именем анаит', 'title_b': 'деревянный подарочный ежедневник woodyname с именем айгуль', 'target_value_a': 'анаит', 'target_value_b': 'айгуль'}, {'source_pair_id': 'rp_dc8e18c48df8e2b48572ee4a', 'product_type': 'ежедневник', 'title_a': 'woodyname / деревянный ежедневник с именем гавриил', 'title_b': 'деревянный подарочный ежедневник woodyname с именем гаден', 'target_value_a': 'гавриил', 'target_value_b': 'гаден'}, {'source_pair_id': 'rp_acfe85ec478874445f73a4e2', 'product_type': 'ежедневник', 'title_a': 'деревянный подарочный ежедневник woodyname с именем рузанна', 'title_b': 'woodyname / деревянный ежедневник с именем фарида', 'target_value_a': 'рузанна', 'target_value_b': 'фарида'}]","{'source_singleton_pairs': 8, 'source_pairs_with_explicit_type': 8, 'observed_exact_product_types': 1, 'supported_product_type_profiles': 1}",False,independent_value,[],,,generic_concept
Канцелярские товары,name_on_item,different_value,0,,,0,0,[],6,6,0,1.0,2,2,0,1.0,6,6,1.0,2,2,1.0,"{'discovery': {'support': 2, 'target_support': 2, 'target_probability': 1.0}, 'validation': {'support': 0, 'target_support': 0, 'target_probability': 0.0}}",2,0,rp_cc3498c748dc54858372c24c;rp_85193c5c2ded5035da11a130;rp_db337a499f0316a35a88ae24,елизавета | екатерина | михеил,"[{'product_type': 'ручка', 'normalized_product_type': 'ручка', 'singleton_pair_support': 2, 'singleton_target_support': 2, 'singleton_target_probability': 1.0, 'split_statistics': {'discovery': {'support': 2, 'target_support': 2, 'target_probability': 1.0}, 'validation': {'support': 0, 'target_support': 0, 'target_probability': 0.0}}, 'source_pair_ids': ['rp_85193c5c2ded5035da11a130', 'rp_615d8cd433d3425a9721fa8a'], 'source_examples': [{'source_pair_id': 'rp_85193c5c2ded5035da11a130', 'product_type': 'ручка', 'title_a': 'papriq / ручка с именем екатерина. именная ручка екатерина.', 'title_b': 'ручка с именем снежана. именная ручка снежана.', 'target_value_a': 'екатерина', 'target_value_b': 'снежана'}, {'source_pair_id': 'rp_615d8cd433d3425a9721fa8a', 'product_type': 'ручка', 'title_a': 'ручка с именем юрий. именная ручка юрий.', 'title_b': 'papriq / ручка с именем яна.', 'target_value_a': 'юрий', 'target_value_b': 'яна'}]}]",['ручка'],['Бренд'],"[{'source_pair_id': 'rp_85193c5c2ded5035da11a130', 'product_type': 'ручка', 'title_a': 'papriq / ручка с именем екатерина. именная ручка екатерина.', 'title_b': 'ручка с именем снежана. именная ручка снежана.', 'target_value_a': 'екатерина', 'target_value_b': 'снежана'}, {'source_pair_id': 'rp_615d8cd433d3425a9721fa8a', 'product_type': 'ручка', 'title_a': 'ручка с именем юрий. именная ручка юрий.', 'title_b': 'papriq / ручка с именем яна.', 'target_value_a': 'юрий', 'target_value_b': 'яна'}]","{'source_singleton_pairs': 2, 'source_pairs_with_explicit_type': 2, 'observed_exact_product_types': 1, 'supported_product_type_profiles': 1}",False,independent_value,[],,,generic_concept
Канцелярские товары,paper_density,different_value,0,Плотность бумаги,override,1,0,"[{'attribute_key': 'плотность бумаги, г/м2', 'support': 1}, {'attribute_key': 'плотность бумаги', 'support': 1}]",27,23,4,0.8518518518518519,2,2,0,1.0,27,23,0.8518518518518519,2,2,1.0,"{'discovery': {'support': 2, 'target_support': 2, 'target_probability': 1.0}, 'validation': {'support': 0, 'target_support': 0, 'target_probability': 0.0}}",2,0,rp_eaa93077f219b0063d6e5657;rp_931903ff8e9fc7d4a67f6cb7;rp_3998daaf023be0f15eb194d8,65 г/м2 | 180гм2 | 65 г/м2,"[{'product_type': 'блокнот', 'normalized_product_type': 'блокнот', 'singleton_pair_support': 2, 'singleton_target_support': 2, 'singleton_target_probability': 1.0, 'split_statistics': {'discovery': {'support': 2, 'target_support': 2, 'target_probability': 1.0}, 'validation': {'support': 0, 'target_support': 0, 'target_probability': 0.0}}, 'source_pair_ids': ['rp_69bc07aa1a8b915a83bd00da', 'rp_f5238184e5b383f1f2b9ec57'], 'source_examples': [{'source_pair_id': 'rp_69bc07aa1a8b915a83bd00da', 'product_type': 'блокнот', 'title_a': 'brauberg блокнот, листов: 96', 'title_b': 'brauberg / блокнот а5 130х210 мм, ultra, балакрон, 80 г/м2, 96 листов', 'target_value_a': '80', 'target_value_b': '80 г/м2'}, {'source_pair_id': 'rp_f5238184e5b383f1f2b9ec57', 'product_type': 'блокнот', 'title_a': '(5 шт.) - блокнот а5 (134х206 мм), 80 л., твёрдый, клетка, staff, ""pastel"", 114416 (арт. 114416)', 'title_b': 'staff блокнот а5 (134х206 мм), 80 л, твёрдый, клетка, staff, ""pastel"", 114416', 'target_value_a': '80 л.', 'target_value_b': '60 г/м²'}]}]",['блокнот'],['Бренд'],"[{'source_pair_id': 'rp_69bc07aa1a8b915a83bd00da', 'product_type': 'блокнот', 'title_a': 'brauberg блокнот, листов: 96', 'title_b': 'brauberg / блокнот а5 130х210 мм, ultra, балакрон, 80 г/м2, 96 листов', 'target_value_a': '80', 'target_value_b': '80 г/м2'}, {'source_pair_id': 'rp_f5238184e5b383f1f2b9ec57', 'product_type': 'блокнот', 'title_a': '(5 шт.) - блокнот а5 (134х206 мм), 80 л., твёрдый, клетка, staff, ""pastel"", 114416 (арт. 114416)', 'title_b': 'staff блокнот а5 (134х206 мм), 80 л, твёрдый, клетка, staff, ""pastel"", 114416', 'target_value_a': '80 л.', 'target_value_b': '60 г/м²'}]","{'source_singleton_pairs': 2, 'source_pairs_with_explicit_type': 2, 'observed_exact_product_types': 1, 'supported_product_type_profiles': 1}",True,independent_value,[],,,semantic_review_required
Канцелярские товары,size,different_value,0,Размер,override,1,0,"[{'attribute_key': 'размер зажима, мм', 'support': 1}]",39,38,1,0.9743589743589743,3,3,0,1.0,39,38,0.9743589743589743,3,3,1.0,"{'discovery': {'support': 2, 'target_support': 2, 'target_probability': 1.0}, 'validation': {'support': 1, 'target_support': 1, 'target_probability': 1.0}}",2,1,rp_27c0b2794b4b0f1bd7ef0750;rp_fb9298233e31a99bb40a97de;rp_967c401e70602bcec936eef8,240х320 мм | 100х100 мм | 154 х 165 см,[],[],['Бренд'],[],"{'source_singleton_pairs': 3, 'source_pairs_with_explicit_type': 0, 'observed_exact_product_types': 0, 'supported_product_type_profiles': 0}",False,independent_value,['(?:вес|масса|weight|net\\s*weight)'],"(?:(?=.*\d)[a-zа-яё0-9+.,/×x*\""' -]{1,60}|xxs|xs|s|m|l|xl|xxl|xxxl)",,no_supported_product_type_profile
Канцелярские товары,staple_size,different_value,0,размер скоб,dominant_singleton_evidence,3,0,"[{'attribute_key': 'размер скоб', 'support': 3}]",2,2,0,1.0,2,2,0,1.0,2,2,1.0,2,2,1.0,"{'discovery': {'support': 1, 'target_support': 1, 'target_probability': 1.0}, 'validation': {'support': 1, 'target_support': 1, 'target_probability': 1.0}}",1,1,rp_29df99e91c6abbfd5de34550;rp_099a648772822cb2d62b2ffa,23/23 | 24/6,[],[],['Бренд'],[],"{'source_singleton_pairs': 2, 'source_pairs_with_explicit_type': 2, 'observed_exact_product_types': 2, 'supported_product_type_profiles': 0}",False,independent_value,[],,,no_supported_product_type_profile
Канцелярские товары,weight,different_value,0,Вес изделия,override,0,0,[],49,42,7,0.8571428571428571,2,2,0,1.0,49,42,0.8571428571428571,2,2,1.0,"{'discovery': {'support': 2, 'target_support': 2, 'target_probability': 1.0}, 'validation': {'support': 0, 'target_support': 0, 'target_probability': 0.0}}",2,0,rp_6d51d75404b4a99d7b30f663;rp_7f61bfe8ba1f70804253a145;rp_3f11d935a2e3bd732bcbbf82,0.93 кг | 0.59 кг | 5 кг,[],[],['Бренд'],[],"{'source_singleton_pairs': 2, 'source_pairs_with_explicit_type': 0, 'observed_exact_product_types': 0, 'supported_product_type_profiles': 0}",True,independent_value,[],,,no_supported_product_type_profile
Красота и гигиена,curl,different_value,0,изгиб ресниц,dominant_singleton_evidence,8,0,"[{'attribute_key': 'изгиб ресниц', 'support': 8}, {'attribute_key': 'изгиб', 'support': 1}]",94,93,1,0.9893617021276596,8,8,0,1.0,94,93,0.9893617021276596,8,8,1.0,"{'discovery': {'support': 7, 'target_support': 7, 'target_probability': 1.0}, 'validation': {'support': 1, 'target_support': 1, 'target_probability': 1.0}}",7,1,rp_3ef1998ac19da2ada11d81d9;rp_2ee631aa055b3a15e6100f25;rp_8875bbcf7e4bc6296f8730de,cc | l | m,[],[],['Бренд'],[],"{'source_singleton_pairs': 8, 'source_pairs_with_explicit_type': 1, 'observed_exact_product_types': 1, 'supported_product_type_profiles': 0}",False,independent_value,[],,,no_supported_product_type_profile
Красота и гигиена,ingredients,different_value,0,Состав,override,2,0,"[{'attribute_key': 'состав', 'support': 2}]",59,38,21,0.6440677966101694,2,2,0,1.0,59,38,0.6440677966101694,2,2,1.0,"{'discovery': {'support': 2, 'target_support': 2, 'target_probability': 1.0}, 'validation': {'support': 0, 'target_support': 0, 'target_probability': 0.0}}",2,0,rp_421d2e3825b21ca67a8de628;rp_a876ce18d7364ca122cb080f;rp_247b8356ff668ea34de71b0d,"уголь, лакрица | питательные элементы,косметическая основа 50% | вода, лимонная кислота, линалоол, аргановое масло, ферменты, пантенол, кокамидопропил бетаин, полисорбат 20, макадамии масло, розмарин, бензоат натрия",[],[],['Бренд'],[],"{'source_singleton_pairs': 2, 'source_pairs_with_explicit_type': 0, 'observed_exact_product_types': 0, 'supported_product_type_profiles': 0}",False,independent_value,['(?:вкус|flavou?r)'],,,no_supported_product_type_profile
Красота и гигиена,length_mm,different_value,0,Длина,override,2,0,"[{'attribute_key': 'длина ресниц', 'support': 2}]",19,19,0,1.0,2,2,0,1.0,19,19,1.0,2,2,1.0,"{'discovery': {'support': 2, 'target_support': 2, 'target_probability': 1.0}, 'validation': {'support': 0, 'target_support': 0, 'target_probability': 0.0}}",2,0,rp_d7cc85c9c70afe54cbc35f3d;rp_fae3f7ca849a0a976fea203b;rp_afea46a0dd17c77177f5f747,13 | 10 | 10,[],[],['Бренд'],[],"{'source_singleton_pairs': 2, 'source_pairs_with_explicit_type': 1, 'observed_exact_product_types': 1, 'supported_product_type_profiles': 0}",False,independent_value,['(?:вес|масса|weight|net\\s*weight)'],"[+]?(?:\d+(?:[.,]\d+)?|[.,]\d+)\s*(?:мм|см|м)",,no_supported_product_type_profile
Красота и гигиена,scent_ingredients,different_value,0,,,0,0,[],3,3,0,1.0,2,2,0,1.0,3,3,1.0,2,2,1.0,"{'discovery': {'support': 2, 'target_support': 2, 'target_probability': 1.0}, 'validation': {'support': 0, 'target_support': 0, 'target_probability': 0.0}}",2,0,rp_364d8993686322cdf289309d;rp_cd0f2fb32993157895cd47ed;rp_6042a5d3c73727e180482e92,"экстракты инжира, белой орхидеи и масла | можжевельник и кедровое молочко | хна и масло арганы",[],[],['Бренд'],[],"{'source_singleton_pairs': 2, 'source_pairs_with_explicit_type': 1, 'observed_exact_product_types': 1, 'supported_product_type_profiles': 0}",False,independent_value,[],,,no_reliable_attribute_key
Красота и гигиена,thickness,different_value,0,Толщина,static_pair_rule_mapping,1,0,"[{'attribute_key': 'толщина ресниц, мм', 'support': 1}, {'attribute_key': 'толщина ресниц', 'support': 1}]",69,69,0,1.0,2,2,0,1.0,69,69,1.0,2,2,1.0,"{'discovery': {'support': 1, 'target_support': 1, 'target_probability': 1.0}, 'validation': {'support': 1, 'target_support': 1, 'target_probability': 1.0}}",1,1,rp_2ee631aa055b3a15e6100f25;rp_92fa00e1a02fadac91457b1d;rp_c9ad719407774d36533e942c,"0.10 | 0,10 | 0,15 мм",[],[],['Бренд'],[],"{'source_singleton_pairs': 2, 'source_pairs_with_explicit_type': 0, 'observed_exact_product_types': 0, 'supported_product_type_profiles': 0}",False,independent_value,[],,(?:г\s*/?\s*м\s*(?:2|²)|gsm),no_supported_product_type_profile
Мебель,model,different_value,0,Модель,override,0,2,[],570,513,57,0.9,6,6,0,1.0,446,398,0.8923766816143498,3,3,1.0,"{'discovery': {'support': 3, 'target_support': 3, 'target_probability': 1.0}, 'validation': {'support': 0, 'target_support': 0, 'target_probability': 0.0}}",4,2,rp_d55e0dc8a3101ceb30376a6c;rp_d38d22578678f613adf36385;rp_82d822485fae1f69f5b0f6a0,mary | samurai kl-1.04 mpes b-edition | клайд,[],[],['Бренд'],[],"{'source_singleton_pairs': 3, 'source_pairs_with_explicit_type': 2, 'observed_exact_product_types': 2, 'supported_product_type_profiles': 0}",False,identity_value,[],,^(?:модель\s*)?(?:№|#|no)?\s*\d[\d ._/-]*$,forbidden_identifier_dominates_source_attributes
Мебель,orientation,different_value,0,Ориентация,static_pair_rule_mapping,1,0,"[{'attribute_key': 'ориентация', 'support': 1}]",151,140,11,0.9271523178807947,2,2,0,1.0,150,139,0.9266666666666666,2,2,1.0,"{'discovery': {'support': 1, 'target_support': 1, 'target_probability': 1.0}, 'validation': {'support': 1, 'target_support': 1, 'target_probability': 1.0}}",1,1,rp_048d7fd22bc3aa7f1bcb9509;rp_2501e486ceed153c22c3febc;rp_07c59c27036d7c6b222b7d24,левый | универсальное | правый,[],[],['Бренд'],[],"{'source_singleton_pairs': 2, 'source_pairs_with_explicit_type': 1, 'observed_exact_product_types': 1, 'supported_product_type_profiles': 0}",False,independent_value,[],,,no_supported_product_type_profile
Мебель,package_quantity,different_value,0,Количество в упаковке,override,1,0,"[{'attribute_key': 'количество в комплекте, шт.', 'support': 1}]",30,29,1,0.9666666666666667,3,3,0,1.0,30,29,0.9666666666666667,3,3,1.0,"{'discovery': {'support': 3, 'target_support': 3, 'target_probability': 1.0}, 'validation': {'support': 0, 'target_support': 0, 'target_probability': 0.0}}",3,0,rp_3d84d658b60cc329098e5f0c;rp_28248313f56a8cd64d698f67;rp_d77181ce9cd57f3caeb75090,1 | 2 шт. | 2 шт.,[],[],['Бренд'],[],"{'source_singleton_pairs': 3, 'source_pairs_with_explicit_type': 1, 'observed_exact_product_types': 1, 'supported_product_type_profiles': 0}",False,independent_value,['(?:вес|масса|weight|объем|объём|volume|нетто)'],"[1-9]\d{0,4}\s*(?:шт\.?|штук(?:а|и)?|ед\.?|единиц(?:а|ы)?)",,no_supported_product_type_profile
Мебель,sink_included,different_value,0,раковина в комплекте,dominant_singleton_evidence,4,0,"[{'attribute_key': 'раковина в комплекте', 'support': 4}]",16,13,3,0.8125,2,2,0,1.0,16,13,0.8125,2,2,1.0,"{'discovery': {'support': 1, 'target_support': 1, 'target_probability': 1.0}, 'validation': {'support': 1, 'target_support': 1, 'target_probability': 1.0}}",1,1,rp_a93762602eedb5acbfa5e6d8;rp_0a7ce1971a7873f7040eaaff;rp_97b53b0c655b30100d790abb,нет | нет | да,[],[],['Бренд'],[],"{'source_singleton_pairs': 2, 'source_pairs_with_explicit_type': 1, 'observed_exact_product_types': 1, 'supported_product_type_profiles': 0}",False,independent_value,[],,,no_supported_product_type_profile
Музыкальные инструменты,diameter,different_value,0,Диаметр,static_pair_rule_mapping,0,0,[],52,50,2,0.9615384615384616,3,3,0,1.0,51,49,0.9607843137254902,3,3,1.0,"{'discovery': {'support': 1, 'target_support': 1, 'target_probability': 1.0}, 'validation': {'support': 2, 'target_support': 2, 'target_probability': 1.0}}",1,2,rp_c9f02adf55afd2057f6d186e;rp_9a78ab897db84246b7e5fb81;rp_4c963c09ed7f380acbd0b003,"14"" | 14"", 16"", 20"", 6"" | 16""",[],[],['Бренд'],[],"{'source_singleton_pairs': 3, 'source_pairs_with_explicit_type': 0, 'observed_exact_product_types': 0, 'supported_product_type_profiles': 0}",False,independent_value,['(?:вес|масса|weight|net\\s*weight)'],"[+]?(?:\d+(?:[.,]\d+)?|[.,]\d+)\s*(?:мм|см|м|дюйм\w*|inch(?:es)?|in|\"")",,no_supported_product_type_profile
Музыкальные инструменты,gauge,different_value,0,Калибр струн,override,12,0,"[{'attribute_key': 'калибр струн', 'support': 12}, {'attribute_key': 'калибр', 'support': 5}, {'attribute_key': 'размеры, мм', 'support': 1}]",179,161,18,0.8994413407821229,26,21,5,0.8076923076923077,179,161,0.8994413407821229,26,21,0.8076923076923077,"{'discovery': {'support': 20, 'target_support': 16, 'target_probability': 0.8}, 'validation': {'support': 6, 'target_support': 5, 'target_probability': 0.8333333333333334}}",20,6,rp_0993a0eae9259c4602217f48;rp_7bc977f551ffb159473c5b4a;rp_f91db8b355847dd4f7a5be6f,42 | .022 | .010 - .047,[],[],['Бренд'],[],"{'source_singleton_pairs': 26, 'source_pairs_with_explicit_type': 0, 'observed_exact_product_types': 0, 'supported_product_type_profiles': 0}",False,independent_value,['(?<!\\w)(?:модель|model|серия|series|линейка|line|коллекци\\w*|collection|производител\\w*|manufacturer)(?!\\w)'],,,no_supported_product_type_profile
Музыкальные инструменты,guitar_type,different_value,0,тип,dominant_singleton_evidence,4,0,"[{'attribute_key': 'тип', 'support': 4}, {'attribute_key': 'назначение муз. аксессуара', 'support': 4}, {'attribute_key': 'назначение', 'support': 2}, {'attribute_key': 'назначение струн', 'support': 1}]",127,118,9,0.9291338582677166,12,10,2,0.8333333333333334,127,118,0.9291338582677166,12,10,0.8333333333333334,"{'discovery': {'support': 10, 'target_support': 9, 'target_probability': 0.9}, 'validation': {'support': 2, 'target_support': 1, 'target_probability': 0.5}}",10,2,rp_f18c6ab9c31ceafbf52d1252;rp_5873f503dcfe4c7f32a37fc1;rp_7f5a22ca831183c79bf87965,акустическая гитара | классическая гитара | электрогитара,"[{'product_type': 'электроакустическая гитара', 'normalized_product_type': 'электроакустическая гитара', 'singleton_pair_support': 4, 'singleton_target_support': 4, 'singleton_target_probability': 1.0, 'split_statistics': {'discovery': {'support': 3, 'target_support': 3, 'target_probability': 1.0}, 'validation': {'support': 1, 'target_support': 1, 'target_probability': 1.0}}, 'source_pair_ids': ['rp_ae671ee5c2e2deaab8d79f33', 'rp_f0dadb3b3f4327d10194e5d5', 'rp_11f18c2d5c17ecd05d7eb8c0', 'rp_8234217feb378f08e2524aeb'], 'source_examples': [{'source_pair_id': 'rp_ae671ee5c2e2deaab8d79f33', 'product_type': 'электроакустическая гитара', 'title_a': 'не определен гитара акустическая jet jom-255 op', 'title_b': 'электроакустическая гитара jet jde-255 ssb', 'target_value_a': 'акустическая гитара', 'target_value_b': 'электроакустическая гитара'}, {'source_pair_id': 'rp_f0dadb3b3f4327d10194e5d5', 'product_type': 'электроакустическая гитара', 'title_a': 'jmfsd25 акустическая гитара kopo series sd25, дредноут, prodipe', 'title_b': 'd-me электроакустическая гитара, цвет натуральный, shadow', 'target_value_a': 'акустическая', 'target_value_b': 'электроакустическая'}, {'source_pair_id': 'rp_11f18c2d5c17ecd05d7eb8c0', 'product_type': 'электроакустическая гитара', 'title_a': 'акустическая гитара kepma edc black matt', 'title_b': 'электроакустическая гитара kepma edce natural matt', 'target_value_a': 'акустическая гитара', 'target_value_b': 'электроакустическая гитара'}, {'source_pair_id': 'rp_8234217feb378f08e2524aeb', 'product_type': 'электроакустическая гитара', 'title_a': 'crafter гитара акустическая шестиструнная ga-7 /nс crafter', 'title_b': 'электроакустическая гитара crafter de-7/nc+ чехол', 'target_value_a': 'акустическая гитара', 'target_value_b': 'электроакустическая гитара'}]}, {'product_type': 'акустическая гитара', 'normalized_product_type': 'акустическая гитара', 'singleton_pair_support': 3, 'singleton_target_support': 3, 'singleton_target_probability': 1.0, 'split_statistics': {'discovery': {'support': 3, 'target_support': 3, 'target_probability': 1.0}, 'validation': {'support': 0, 'target_support': 0, 'target_probability': 0.0}}, 'source_pair_ids': ['rp_f0dadb3b3f4327d10194e5d5', 'rp_11f18c2d5c17ecd05d7eb8c0', 'rp_9949bd3ff7c9c7f91417faf4'], 'source_examples': [{'source_pair_id': 'rp_f0dadb3b3f4327d10194e5d5', 'product_type': 'акустическая гитара', 'title_a': 'jmfsd25 акустическая гитара kopo series sd25, дредноут, prodipe', 'title_b': 'd-me электроакустическая гитара, цвет натуральный, shadow', 'target_value_a': 'акустическая', 'target_value_b': 'электроакустическая'}, {'source_pair_id': 'rp_11f18c2d5c17ecd05d7eb8c0', 'product_type': 'акустическая гитара', 'title_a': 'акустическая гитара kepma edc black matt', 'title_b': 'электроакустическая гитара kepma edce natural matt', 'target_value_a': 'акустическая гитара', 'target_value_b': 'электроакустическая гитара'}, {'source_pair_id': 'rp_9949bd3ff7c9c7f91417faf4', 'product_type': 'акустическая гитара', 'title_a': 'earth70-12-op earth series акустическая гитара 12-струнная, цвет натуральный, cort', 'title_b': 'cort / электро-акустическая гитара cort ad810e-op', 'target_value_a': 'акустическая гитара', 'target_value_b': 'электро-акустическая гитара'}]}]","['электроакустическая гитара', 'акустическая гитара']",['Бренд'],"[{'source_pair_id': 'rp_ae671ee5c2e2deaab8d79f33', 'product_type': 'электроакустическая гитара', 'title_a': 'не определен гитара акустическая jet jom-255 op', 'title_b': 'электроакустическая гитара jet jde-255 ssb', 'target_value_a': 'акустическая гитара', 'target_value_b': 'электроакустическая гитара'}, {'source_pair_id': 'rp_f0dadb3b3f4327d10194e5d5', 'product_type': 'электроакустическая гитара', 'title_a': 'jmfsd25 акустическая гитара kopo series sd25, дредноут, prodipe', 'title_b': 'd-me электроакустическая гитара, цвет натуральный, shadow', 'target_value_a': 'акустическая', 'target_value_b': 'электроакустическая'}, {'source_pair_id': 'rp_11f18c2d5c17ecd05d7eb8c0', 'product_type': 'электроакустическая гитара', 'title_a': 'акустическая гитара kepma edc black matt', 'title_b': 'электроакустическая гитара kepma edce natural matt', 'target_value_a': 'акустическая гитара', 'target_value_b': 'электроакустическая гитара'}, {'source_pair_id': 'rp_8234217feb378f08e2524aeb', 'product_type': 'электроакустическая гитара', 'title_a': 'crafter гитара акустическая шестиструнная ga-7 /nс crafter', 'title_b': 'электроакустическая гитара crafter de-7/nc+ чехол', 'target_value_a': 'акустическая гитара', 'target_value_b': 'электроакустическая гитара'}, {'source_pair_id': 'rp_f0dadb3b3f4327d10194e5d5', 'product_type': 'акустическая гитара', 'title_a': 'jmfsd25 акустическая гитара kopo series sd25, дредноут, prodipe', 'title_b': 'd-me электроакустическая гитара, цвет натуральный, shadow', 'target_value_a': 'акустическая', 'target_value_b': 'электроакустическая'}, {'source_pair_id': 'rp_11f18c2d5c17ecd05d7eb8c0', 'product_type': 'акустическая гитара', 'title_a': 'акустическая гитара kepma edc black matt', 'title_b': 'электроакустическая гитара kepma edce natural matt', 'target_value_a': 'акустическая гитара', 'target_value_b': 'электроакустическая гитара'}, {'source_pair_id': 'rp_9949bd3ff7c9c7f91417faf4', 'product_type': 'акустическая гитара', 'title_a': 'earth70-12-op earth series акустическая гитара 12-струнная, цвет натуральный, cort', 'title_b': 'cort / электро-акустическая гитара cort ad810e-op', 'target_value_a': 'акустическая гитара', 'target_value_b': 'электро-акустическая гитара'}]","{'source_singleton_pairs': 12, 'source_pairs_with_explicit_type': 7, 'observed_exact_product_types': 4, 'supported_product_type_profiles': 2}",True,product_type_value,[],,,semantic_review_required
Музыкальные инструменты,reed_strength,different_value,0,,,0,0,[],18,17,1,0.9444444444444444,2,2,0,1.0,18,17,0.9444444444444444,2,2,1.0,"{'discovery': {'support': 2, 'target_support': 2, 'target_probability': 1.0}, 'validation': {'support': 0, 'target_support': 0, 'target_probability': 0.0}}",2,0,rp_dcdaf4a334d2ef5d240e3007;rp_f7003b176d1eb1801d83f9bf;rp_a8d3303eb6fa816066323a51,2 | 3.5 | 4.5,[],[],['Бренд'],[],"{'source_singleton_pairs': 2, 'source_pairs_with_explicit_type': 0, 'observed_exact_product_types': 0, 'supported_product_type_profiles': 0}",False,independent_value,[],,,no_reliable_attribute_key
Музыкальные инструменты,saxophone_type,different_value,0,,,0,0,[],4,4,0,1.0,3,3,0,1.0,4,4,1.0,3,3,1.0,"{'discovery': {'support': 2, 'target_support': 2, 'target_probability': 1.0}, 'validation': {'support': 1, 'target_support': 1, 'target_probability': 1.0}}",2,1,rp_f589c781a3f5774fb2fa6392;rp_6b2faea777d723bb4032e86a;rp_d6537422b7b96c3850e47cf4,сопрано | альт | сопрано,[],[],['Бренд'],[],"{'source_singleton_pairs': 3, 'source_pairs_with_explicit_type': 0, 'observed_exact_product_types': 0, 'supported_product_type_profiles': 0}",False,independent_value,[],,,no_reliable_attribute_key
Музыкальные инструменты,strength,different_value,0,,,0,0,[],13,13,0,1.0,4,4,0,1.0,13,13,1.0,4,4,1.0,"{'discovery': {'support': 3, 'target_support': 3, 'target_probability': 1.0}, 'validation': {'support': 1, 'target_support': 1, 'target_probability': 1.0}}",3,1,rp_f04136875bf0325f728acbca;rp_d1110dbd34c3524d1ab5438e;rp_81216d0f595984b715eed481,№3 | 4-1/2 | 1025,[],[],['Бренд'],[],"{'source_singleton_pairs': 4, 'source_pairs_with_explicit_type': 0, 'observed_exact_product_types': 0, 'supported_product_type_profiles': 0}",False,independent_value,[],,,no_reliable_attribute_key
Музыкальные инструменты,string_count,different_value,0,Количество струн,override,1,0,"[{'attribute_key': 'количество предметов в упаковке', 'support': 1}, {'attribute_key': 'количество струн в упаковке', 'support': 1}, {'attribute_key': 'комплектация', 'support': 1}]",112,107,5,0.9553571428571429,9,8,1,0.8888888888888888,112,107,0.9553571428571429,9,8,0.8888888888888888,"{'discovery': {'support': 8, 'target_support': 7, 'target_probability': 0.875}, 'validation': {'support': 1, 'target_support': 1, 'target_probability': 1.0}}",8,1,rp_98cdc330be220fb1a7612408;rp_37dab9a6ccfeb9e8f1133b9f;rp_888d648462a97b72e4733403,4 шт. | 11 | 4,[],[],['Бренд'],[],"{'source_singleton_pairs': 9, 'source_pairs_with_explicit_type': 0, 'observed_exact_product_types': 0, 'supported_product_type_profiles': 0}",False,independent_value,['(?<!\\w)(?:модель|model|серия|series|линейка|line|коллекци\\w*|collection|производител\\w*|manufacturer)(?!\\w)'],,,no_supported_product_type_profile
Музыкальные инструменты,string_note,different_value,0,,,0,0,[],11,11,0,1.0,2,2,0,1.0,11,11,1.0,2,2,1.0,"{'discovery': {'support': 2, 'target_support': 2, 'target_probability': 1.0}, 'validation': {'support': 0, 'target_support': 0, 'target_probability': 0.0}}",2,0,rp_766c699c88feebe366460919;rp_9464b11f675533a78f3480b4;rp_68c75289ca47e4102c9cbe64,d | g2 | a,[],[],['Бренд'],[],"{'source_singleton_pairs': 2, 'source_pairs_with_explicit_type': 0, 'observed_exact_product_types': 0, 'supported_product_type_profiles': 0}",False,independent_value,[],,,no_reliable_attribute_key
Музыкальные инструменты,thickness,different_value,0,Толщина,static_pair_rule_mapping,1,0,"[{'attribute_key': 'толщина (мм)', 'support': 1}]",10,9,1,0.9,3,3,0,1.0,10,9,0.9,3,3,1.0,"{'discovery': {'support': 3, 'target_support': 3, 'target_probability': 1.0}, 'validation': {'support': 0, 'target_support': 0, 'target_probability': 0.0}}",3,0,rp_5fd15fd08c11f1e0a2b6007e;rp_56b386e674621b2f0d22b6e0;rp_aa98a339f850b4daee6a82a2,"0.75мм | 0,9 мм | 7.5 мил",[],[],['Бренд'],[],"{'source_singleton_pairs': 3, 'source_pairs_with_explicit_type': 0, 'observed_exact_product_types': 0, 'supported_product_type_profiles': 0}",False,independent_value,[],,(?:г\s*/?\s*м\s*(?:2|²)|gsm),no_supported_product_type_profile
Обувь,country_of_origin,different_value,0,Страна производства,override,2,0,"[{'attribute_key': 'страна производства', 'support': 2}, {'attribute_key': 'страна-изготовитель', 'support': 1}, {'attribute_key': 'страна бренда', 'support': 1}]",504,484,20,0.9603174603174603,2,2,0,1.0,504,484,0.9603174603174603,2,2,1.0,"{'discovery': {'support': 1, 'target_support': 1, 'target_probability': 1.0}, 'validation': {'support': 1, 'target_support': 1, 'target_probability': 1.0}}",1,1,rp_eddf750bc52a856ba02c55c0;rp_b3bff2fda23f0b84d48d3fd9;rp_65f21607abdf57a70eb1d007,китай | россия | китай,[],[],['Бренд'],[],"{'source_singleton_pairs': 2, 'source_pairs_with_explicit_type': 0, 'observed_exact_product_types': 0, 'supported_product_type_profiles': 0}",True,independent_value,[],,,no_supported_product_type_profile
Продукты питания,color,different_value,0,Цвет товара,override,0,0,[],38,35,3,0.9210526315789473,2,2,0,1.0,38,35,0.9210526315789473,2,2,1.0,"{'discovery': {'support': 2, 'target_support': 2, 'target_probability': 1.0}, 'validation': {'support': 0, 'target_support': 0, 'target_probability': 0.0}}",2,0,rp_6b0541aa495f60c6e8bad1eb;rp_4e89499aeb448ec119018a04;rp_088da894819fdfb8f2e3c3d0,"молочный | разноцветный | бирюза, красный, серебро",[],[],['Бренд'],[],"{'source_singleton_pairs': 2, 'source_pairs_with_explicit_type': 1, 'observed_exact_product_types': 1, 'supported_product_type_profiles': 0}",False,independent_value,"['(?:состав|ингредиент|сырье|красител|composition|ingredient)', '(?:вкус|flavou?r)']",,,no_supported_product_type_profile
Продукты питания,filling,different_value,0,,,1,0,"[{'attribute_key': 'начинка и добавки', 'support': 1}]",60,49,11,0.8166666666666667,2,2,0,1.0,60,49,0.8166666666666667,2,2,1.0,"{'discovery': {'support': 2, 'target_support': 2, 'target_probability': 1.0}, 'validation': {'support': 0, 'target_support': 0, 'target_probability': 0.0}}",2,0,rp_0334ed8978bc8984e9279e51;rp_5263323c284c484b7985547d;rp_6de79425eaa7dd6493b769a2,ассорти | черничная | миндаль и нуга,[],[],['Бренд'],[],"{'source_singleton_pairs': 2, 'source_pairs_with_explicit_type': 1, 'observed_exact_product_types': 1, 'supported_product_type_profiles': 0}",False,independent_value,[],,,no_reliable_attribute_key
Продукты питания,flavor_additives,different_value,0,,,1,0,"[{'attribute_key': 'вкус/добавки', 'support': 1}, {'attribute_key': 'состав', 'support': 1}, {'attribute_key': 'вкус и добавки', 'support': 1}]",49,45,4,0.9183673469387755,3,3,0,1.0,49,45,0.9183673469387755,3,3,1.0,"{'discovery': {'support': 3, 'target_support': 3, 'target_probability': 1.0}, 'validation': {'support': 0, 'target_support': 0, 'target_probability': 0.0}}",3,0,rp_a0bf3ce6d40b1e047f521964;rp_7d5dbf7f1ecc94ff8ed78586;rp_f4afc1dd13dc9192851dc52e,"медовая дыня, вишневый | цитрус, роза, лотос, жасмин, хризантема | с натуральными лесными ягодами",[],[],['Бренд'],[],"{'source_singleton_pairs': 3, 'source_pairs_with_explicit_type': 1, 'observed_exact_product_types': 1, 'supported_product_type_profiles': 0}",False,independent_value,[],,,no_reliable_attribute_key
Продукты питания,grain_type,different_value,0,,,0,0,[],15,15,0,1.0,2,2,0,1.0,15,15,1.0,2,2,1.0,"{'discovery': {'support': 2, 'target_support': 2, 'target_probability': 1.0}, 'validation': {'support': 0, 'target_support': 0, 'target_probability': 0.0}}",2,0,rp_fec569c51906cbff42f7bf51;rp_23d8e3348911bf249f34c3aa;rp_92db270fa9aa872fe746e4f0,4-злаковые | кукурузная | мультизлаковая,[],[],['Бренд'],[],"{'source_singleton_pairs': 2, 'source_pairs_with_explicit_type': 1, 'observed_exact_product_types': 1, 'supported_product_type_profiles': 0}",False,independent_value,[],,,no_reliable_attribute_key
Продукты питания,model,different_value,0,Модель,override,0,0,[],96,91,5,0.9479166666666666,4,4,0,1.0,87,84,0.9655172413793104,3,3,1.0,"{'discovery': {'support': 3, 'target_support': 3, 'target_probability': 1.0}, 'validation': {'support': 0, 'target_support': 0, 'target_probability': 0.0}}",4,0,rp_951d9169c770acd97c7f16bb;rp_d313f7de7e0a134ac55f6be8;rp_860be3eafe7589cc34999fa5,№82 | menghai xiao gong | cereal шоколадные шарики,[],[],['Бренд'],[],"{'source_singleton_pairs': 3, 'source_pairs_with_explicit_type': 1, 'observed_exact_product_types': 1, 'supported_product_type_profiles': 0}",False,identity_value,[],,^(?:модель\s*)?(?:№|#|no)?\s*\d[\d ._/-]*$,no_supported_product_type_profile
Продукты питания,nut_type,different_value,0,,,1,0,"[{'attribute_key': 'вид ореха', 'support': 1}, {'attribute_key': 'вид орехов', 'support': 1}]",18,16,2,0.8888888888888888,2,2,0,1.0,18,16,0.8888888888888888,2,2,1.0,"{'discovery': {'support': 1, 'target_support': 1, 'target_probability': 1.0}, 'validation': {'support': 1, 'target_support': 1, 'target_probability': 1.0}}",1,1,rp_5ec6f09a90c10de0aa24d757;rp_6d1c36d3d8cfc0378d74dcfb;rp_0b780a5f587c6a2ddf5c72a5,фундук | грецкий орех | миндаль,[],[],['Бренд'],[],"{'source_singleton_pairs': 2, 'source_pairs_with_explicit_type': 1, 'observed_exact_product_types': 1, 'supported_product_type_profiles': 0}",False,independent_value,[],,,no_reliable_attribute_key
Продукты питания,product_form,different_value,0,Форма продукта,static_pair_rule_mapping,1,0,"[{'attribute_key': 'форма мармелада', 'support': 1}]",70,60,10,0.8571428571428571,2,2,0,1.0,70,60,0.8571428571428571,2,2,1.0,"{'discovery': {'support': 2, 'target_support': 2, 'target_probability': 1.0}, 'validation': {'support': 0, 'target_support': 0, 'target_probability': 0.0}}",2,0,rp_44ab5f93b5eb239bb92856f0;rp_da371970f2fa93f89dc3a0ae;rp_c63ebf965282ceb8ba4eb275,в зернах | орехи в меду | кофе растворимый,[],[],['Бренд'],[],"{'source_singleton_pairs': 2, 'source_pairs_with_explicit_type': 1, 'observed_exact_product_types': 1, 'supported_product_type_profiles': 0}",False,product_type_value,[],,,no_supported_product_type_profile
Продукты питания,product_line,different_value,0,Линейка,override,0,0,[],33,29,4,0.8787878787878788,4,4,0,1.0,33,29,0.8787878787878788,4,4,1.0,"{'discovery': {'support': 4, 'target_support': 4, 'target_probability': 1.0}, 'validation': {'support': 0, 'target_support': 0, 'target_probability': 0.0}}",4,0,rp_543c9f5c0c1be6057c9e9a2a;rp_ae8353f03534a15c989e8277;rp_3c05470c00d5798f046f6848,genova livanto | kilimanjaro | moka cremoso №20,[],[],['Бренд'],[],"{'source_singleton_pairs': 4, 'source_pairs_with_explicit_type': 1, 'observed_exact_product_types': 1, 'supported_product_type_profiles': 0}",False,identity_value,['(?<!\\w)(?:модель|model|серия|series|линейка|line|коллекци\\w*|collection|производител\\w*|manufacturer)(?!\\w)'],,,no_supported_product_type_profile
Продукты питания,product_name,different_value,0,,,0,0,[],42,39,3,0.9285714285714286,2,2,0,1.0,42,39,0.9285714285714286,2,2,1.0,"{'discovery': {'support': 1, 'target_support': 1, 'target_probability': 1.0}, 'validation': {'support': 1, 'target_support': 1, 'target_probability': 1.0}}",1,1,rp_05ed7c43738cce4f698b54f5;rp_36e493c0582fcc5ff1ed038f;rp_0d4c1896c82e13ad6fa382ee,клюква на коньяке | фруктовый чай - глинтвейн | аркадий,[],[],['Бренд'],[],"{'source_singleton_pairs': 2, 'source_pairs_with_explicit_type': 0, 'observed_exact_product_types': 0, 'supported_product_type_profiles': 0}",False,independent_value,[],,,generic_concept
Продукты питания,tea_variety,different_value,0,Сорт чая,override,1,0,"[{'attribute_key': 'сорт чая', 'support': 1}]",34,33,1,0.9705882352941176,2,2,0,1.0,34,33,0.9705882352941176,2,2,1.0,"{'discovery': {'support': 1, 'target_support': 1, 'target_probability': 1.0}, 'validation': {'support': 1, 'target_support': 1, 'target_probability': 1.0}}",1,1,rp_fc57af6bf99f0897442c94c9;rp_8eea48406ef20af04c7aae0e;rp_bb4e531f2aa46107722aa401,дянь хун | улун; зеленый | индийский,[],[],['Бренд'],[],"{'source_singleton_pairs': 2, 'source_pairs_with_explicit_type': 0, 'observed_exact_product_types': 0, 'supported_product_type_profiles': 0}",False,independent_value,['(?:аромат|запах|вкус|состав|ингредиент|ферментац|обработк|flavou?r|scent|composition)'],,,no_supported_product_type_profile
Продукты питания,type,different_value,0,Вид товара,override,18,0,"[{'attribute_key': 'тип', 'support': 18}, {'attribute_key': 'вид продукта', 'support': 1}]",380,319,61,0.8394736842105263,14,12,2,0.8571428571428571,380,319,0.8394736842105263,14,12,0.8571428571428571,"{'discovery': {'support': 14, 'target_support': 12, 'target_probability': 0.8571428571428571}, 'validation': {'support': 0, 'target_support': 0, 'target_probability': 0.0}}",14,0,rp_b80ee711df75ca3c5762922b;rp_0a0946478143a0671c6d6601;rp_ae90af2ba531aaa90b6da8f6,съедобная картина | ванильный сахар | напиток сокосодержащий,[],[],['Бренд'],[],"{'source_singleton_pairs': 14, 'source_pairs_with_explicit_type': 7, 'observed_exact_product_types': 8, 'supported_product_type_profiles': 0}",True,product_type_value,[],,,no_supported_product_type_profile
Спорт и отдых,caliber,different_value,0,,,0,0,[],4,4,0,1.0,2,2,0,1.0,4,4,1.0,2,2,1.0,"{'discovery': {'support': 1, 'target_support': 1, 'target_probability': 1.0}, 'validation': {'support': 1, 'target_support': 1, 'target_probability': 1.0}}",1,1,rp_165d6c4661df22227284d49f;rp_cae4097a808e163c5251fb0d;rp_9f9c7fd95990c15ca6fc8221,"20 калибр | 4,5 | 9 калибр",[],[],['Бренд'],[],"{'source_singleton_pairs': 2, 'source_pairs_with_explicit_type': 1, 'observed_exact_product_types': 1, 'supported_product_type_profiles': 0}",False,independent_value,[],,,no_reliable_attribute_key
Спорт и отдых,hook_size,different_value,0,Размер крючка,static_pair_rule_mapping,3,0,"[{'attribute_key': 'размер', 'support': 3}]",29,27,2,0.9310344827586207,5,5,0,1.0,28,26,0.9285714285714286,5,5,1.0,"{'discovery': {'support': 3, 'target_support': 3, 'target_probability': 1.0}, 'validation': {'support': 2, 'target_support': 2, 'target_probability': 1.0}}",3,2,rp_cb00263d45b7d4eb8671af74;rp_1e4f0825193004d69148b630;rp_a80d168d835dc440132dcbcd,1 | 6 | 2,[],[],['Бренд'],[],"{'source_singleton_pairs': 5, 'source_pairs_with_explicit_type': 0, 'observed_exact_product_types': 0, 'supported_product_type_profiles': 0}",False,independent_value,['(?:вес|масса|weight|net\\s*weight)'],,,no_supported_product_type_profile
Спорт и отдых,model_code,different_value,0,,,1,0,"[{'attribute_key': 'цвет производителя', 'support': 1}]",14,13,1,0.9285714285714286,2,2,0,1.0,13,12,0.9230769230769231,2,2,1.0,"{'discovery': {'support': 2, 'target_support': 2, 'target_probability': 1.0}, 'validation': {'support': 0, 'target_support': 0, 'target_probability': 0.0}}",2,0,rp_22c13ecbfbbf7f7e57c274cb;rp_3549e896a5c82491f214de00;rp_c941dac65920c3169a519b56,fk010 | 003 | 026,[],[],['Бренд'],[],"{'source_singleton_pairs': 2, 'source_pairs_with_explicit_type': 2, 'observed_exact_product_types': 2, 'supported_product_type_profiles': 0}",False,independent_value,[],,,no_reliable_attribute_key
Спорт и отдых,package_quantity,different_value,0,Количество в упаковке,override,4,0,"[{'attribute_key': 'комплектация', 'support': 4}, {'attribute_key': 'количество упаковок, шт', 'support': 3}, {'attribute_key': 'количество в упаковке, шт', 'support': 2}, {'attribute_key': 'количество шариков', 'support': 2}, {'attribute_key': 'количество в комплекте', 'support': 1}]",172,153,19,0.8895348837209303,16,13,3,0.8125,172,153,0.8895348837209303,16,13,0.8125,"{'discovery': {'support': 14, 'target_support': 12, 'target_probability': 0.8571428571428571}, 'validation': {'support': 2, 'target_support': 1, 'target_probability': 0.5}}",14,2,rp_bc1bd3207fea9dea8aa13132;rp_eb2dfeeb9c62b4710910587a;rp_2a3150bbd3e77d2749d98160,10 шт. | 10 | 1,[],[],['Бренд'],[],"{'source_singleton_pairs': 16, 'source_pairs_with_explicit_type': 5, 'observed_exact_product_types': 5, 'supported_product_type_profiles': 0}",False,independent_value,['(?:вес|масса|weight|объем|объём|volume|нетто)'],"[1-9]\d{0,4}\s*(?:шт\.?|штук(?:а|и)?|ед\.?|единиц(?:а|ы)?)",,no_supported_product_type_profile
Спорт и отдых,spindle_length,different_value,0,,,1,0,"[{'attribute_key': 'длина, мм', 'support': 1}]",2,2,0,1.0,2,2,0,1.0,2,2,1.0,2,2,1.0,"{'discovery': {'support': 2, 'target_support': 2, 'target_probability': 1.0}, 'validation': {'support': 0, 'target_support': 0, 'target_probability': 0.0}}",2,0,rp_b406ff3baa6a179015528a62;rp_0e1f0cda80724aaf57804c13,"122,5 мм | 115 мм","[{'product_type': 'каретка', 'normalized_product_type': 'каретка', 'singleton_pair_support': 2, 'singleton_target_support': 2, 'singleton_target_probability': 1.0, 'split_statistics': {'discovery': {'support': 2, 'target_support': 2, 'target_probability': 1.0}, 'validation': {'support': 0, 'target_support': 0, 'target_probability': 0.0}}, 'source_pair_ids': ['rp_b406ff3baa6a179015528a62', 'rp_0e1f0cda80724aaf57804c13'], 'source_examples': [{'source_pair_id': 'rp_b406ff3baa6a179015528a62', 'product_type': 'каретка', 'title_a': 'shimano / каретка-картридж bb-un300 68/122,5 мм bsa sqr abbun300b22b', 'title_b': 'каретка shimano un300, 68/117.5мм, с болтами, без упаковки, shimano abbun300b17b', 'target_value_a': '122,5 мм', 'target_value_b': '117.5мм'}, {'source_pair_id': 'rp_0e1f0cda80724aaf57804c13', 'product_type': 'каретка', 'title_a': 'каретка 115 мм длина стакана 68 мм резьба 1.37"" x 24tpi под квадрат сталь цвет чёрный kenli kl-08b(2)', 'title_b': 'каретка kenli, ""квадрат"", 68/116 мм', 'target_value_a': '115 мм', 'target_value_b': '116 мм'}]}]",['каретка'],['Бренд'],"[{'source_pair_id': 'rp_b406ff3baa6a179015528a62', 'product_type': 'каретка', 'title_a': 'shimano / каретка-картридж bb-un300 68/122,5 мм bsa sqr abbun300b22b', 'title_b': 'каретка shimano un300, 68/117.5мм, с болтами, без упаковки, shimano abbun300b17b', 'target_value_a': '122,5 мм', 'target_value_b': '117.5мм'}, {'source_pair_id': 'rp_0e1f0cda80724aaf57804c13', 'product_type': 'каретка', 'title_a': 'каретка 115 мм длина стакана 68 мм резьба 1.37"" x 24tpi под квадрат сталь цвет чёрный kenli kl-08b(2)', 'title_b': 'каретка kenli, ""квадрат"", 68/116 мм', 'target_value_a': '115 мм', 'target_value_b': '116 мм'}]","{'source_singleton_pairs': 2, 'source_pairs_with_explicit_type': 2, 'observed_exact_product_types': 1, 'supported_product_type_profiles': 1}",False,independent_value,[],,,no_reliable_attribute_key
Спорт и отдых,volume,different_value,0,Объем,override,2,0,"[{'attribute_key': 'объем, мл', 'support': 2}, {'attribute_key': 'объем бассейна, л', 'support': 1}, {'attribute_key': 'объём', 'support': 1}]",47,39,8,0.8297872340425532,7,6,1,0.8571428571428571,47,39,0.8297872340425532,7,6,0.8571428571428571,"{'discovery': {'support': 5, 'target_support': 4, 'target_probability': 0.8}, 'validation': {'support': 2, 'target_support': 2, 'target_probability': 1.0}}",5,2,rp_fb80f57fb1f740f1e5ff7f16;rp_291350e9aad1f46d93f885c3;rp_862fd0e988c8f2d3edf91c77,800 мл | 25 мл | 15l,[],[],['Бренд'],[],"{'source_singleton_pairs': 7, 'source_pairs_with_explicit_type': 5, 'observed_exact_product_types': 6, 'supported_product_type_profiles': 0}",False,independent_value,[],,,no_supported_product_type_profile
Строительство и ремонт,diameter_range,different_value,0,,,0,0,[],4,4,0,1.0,2,2,0,1.0,4,4,1.0,2,2,1.0,"{'discovery': {'support': 2, 'target_support': 2, 'target_probability': 1.0}, 'validation': {'support': 0, 'target_support': 0, 'target_probability': 0.0}}",2,0,rp_a09bfa5ebf938bcca4e8e906;rp_09d2cd3a305d657d7b832138;rp_40d2220adc6a725f2e9a2a1f,110-114 | 30-45 | 80-85,"[{'product_type': 'хомут', 'normalized_product_type': 'хомут', 'singleton_pair_support': 2, 'singleton_target_support': 2, 'singleton_target_probability': 1.0, 'split_statistics': {'discovery': {'support': 2, 'target_support': 2, 'target_probability': 1.0}, 'validation': {'support': 0, 'target_support': 0, 'target_probability': 0.0}}, 'source_pair_ids': ['rp_a09bfa5ebf938bcca4e8e906', 'rp_40d2220adc6a725f2e9a2a1f'], 'source_examples': [{'source_pair_id': 'rp_a09bfa5ebf938bcca4e8e906', 'product_type': 'хомут', 'title_a': 'хомут для крепления сантехнических труб с резиновой прокладкой, с гайкой м10 4"" (110-114) 10 штук.', 'title_b': 'хомут оцинкованный с резиновым уплотнителем 15-19мм (3/8) с гайкой м8 24020 terma', 'target_value_a': '110-114', 'target_value_b': '15-19'}, {'source_pair_id': 'rp_40d2220adc6a725f2e9a2a1f', 'product_type': 'хомут', 'title_a': 'хомут силовой одноболтовый 80-85 w1', 'title_b': 'без бренда хомут силовой одноболтовый 98-103 w1', 'target_value_a': '80-85', 'target_value_b': '98-103'}]}]",['хомут'],['Бренд'],"[{'source_pair_id': 'rp_a09bfa5ebf938bcca4e8e906', 'product_type': 'хомут', 'title_a': 'хомут для крепления сантехнических труб с резиновой прокладкой, с гайкой м10 4"" (110-114) 10 штук.', 'title_b': 'хомут оцинкованный с резиновым уплотнителем 15-19мм (3/8) с гайкой м8 24020 terma', 'target_value_a': '110-114', 'target_value_b': '15-19'}, {'source_pair_id': 'rp_40d2220adc6a725f2e9a2a1f', 'product_type': 'хомут', 'title_a': 'хомут силовой одноболтовый 80-85 w1', 'title_b': 'без бренда хомут силовой одноболтовый 98-103 w1', 'target_value_a': '80-85', 'target_value_b': '98-103'}]","{'source_singleton_pairs': 2, 'source_pairs_with_explicit_type': 2, 'observed_exact_product_types': 1, 'supported_product_type_profiles': 1}",False,independent_value,[],,,no_reliable_attribute_key
Строительство и ремонт,grit,different_value,0,,,1,0,"[{'attribute_key': 'зернистость', 'support': 1}]",12,11,1,0.9166666666666666,2,2,0,1.0,12,11,0.9166666666666666,2,2,1.0,"{'discovery': {'support': 2, 'target_support': 2, 'target_probability': 1.0}, 'validation': {'support': 0, 'target_support': 0, 'target_probability': 0.0}}",2,0,rp_81b98618623edaf301bad5d7;rp_151c5cdecb63566cc0c2e26b;rp_e62f5645afde92743c8e39de,p150 | p100 | p 120,[],[],['Бренд'],[],"{'source_singleton_pairs': 2, 'source_pairs_with_explicit_type': 2, 'observed_exact_product_types': 2, 'supported_product_type_profiles': 0}",False,independent_value,[],,,no_reliable_attribute_key
Строительство и ремонт,rated_current,different_value,0,,,1,0,"[{'attribute_key': 'номинальный ток, а', 'support': 1}]",23,21,2,0.9130434782608695,2,2,0,1.0,23,21,0.9130434782608695,2,2,1.0,"{'discovery': {'support': 2, 'target_support': 2, 'target_probability': 1.0}, 'validation': {'support': 0, 'target_support': 0, 'target_probability': 0.0}}",2,0,rp_d5bf8d1f25359c5003a87d32;rp_e2f29a12287f6ca1ee719334;rp_4fbc93fb22bba744a0e785d1,16 а | 16а | 4а,"[{'product_type': 'автоматический выключатель', 'normalized_product_type': 'автоматический выключатель', 'singleton_pair_support': 2, 'singleton_target_support': 2, 'singleton_target_probability': 1.0, 'split_statistics': {'discovery': {'support': 2, 'target_support': 2, 'target_probability': 1.0}, 'validation': {'support': 0, 'target_support': 0, 'target_probability': 0.0}}, 'source_pair_ids': ['rp_e705851c4232efe019b3a2d6', 'rp_433fc353fc9ede0474914319'], 'source_examples': [{'source_pair_id': 'rp_e705851c4232efe019b3a2d6', 'product_type': 'автоматический выключатель', 'title_a': 'schneider electric автоматический выключатель 3-полюсный, 10а, 6kа (хар-ка c) easy 9 schneider electric, ez9f56310', 'title_b': 'автоматический выключатель easy 9 3п 25а с 6ка 230в', 'target_value_a': '10а', 'target_value_b': '25а'}, {'source_pair_id': 'rp_433fc353fc9ede0474914319', 'product_type': 'автоматический выключатель', 'title_a': 'legrand / выключатель автоматический 1-пол.(1p)32а c 6ка', 'title_b': 'legrand автоматический выключатель 1p 63а 6ка тип c', 'target_value_a': '32а', 'target_value_b': '63'}]}]",['автоматический выключатель'],['Бренд'],"[{'source_pair_id': 'rp_e705851c4232efe019b3a2d6', 'product_type': 'автоматический выключатель', 'title_a': 'schneider electric автоматический выключатель 3-полюсный, 10а, 6kа (хар-ка c) easy 9 schneider electric, ez9f56310', 'title_b': 'автоматический выключатель easy 9 3п 25а с 6ка 230в', 'target_value_a': '10а', 'target_value_b': '25а'}, {'source_pair_id': 'rp_433fc353fc9ede0474914319', 'product_type': 'автоматический выключатель', 'title_a': 'legrand / выключатель автоматический 1-пол.(1p)32а c 6ка', 'title_b': 'legrand автоматический выключатель 1p 63а 6ка тип c', 'target_value_a': '32а', 'target_value_b': '63'}]","{'source_singleton_pairs': 2, 'source_pairs_with_explicit_type': 2, 'observed_exact_product_types': 1, 'supported_product_type_profiles': 1}",False,independent_value,[],,,no_reliable_attribute_key
Строительство и ремонт,socket_size,different_value,0,,,1,0,"[{'attribute_key': 'размер ключа (мм)', 'support': 1}]",13,13,0,1.0,3,3,0,1.0,13,13,1.0,3,3,1.0,"{'discovery': {'support': 3, 'target_support': 3, 'target_probability': 1.0}, 'validation': {'support': 0, 'target_support': 0, 'target_probability': 0.0}}",3,0,rp_d14ef86b2abdbb75ec26d79d;rp_b9cc1e9d917af1ecd1262d10;rp_84491640543b53bcbab9bee5,42мм | е20 | 27,[],[],['Бренд'],[],"{'source_singleton_pairs': 3, 'source_pairs_with_explicit_type': 1, 'observed_exact_product_types': 1, 'supported_product_type_profiles': 0}",False,independent_value,[],,,no_reliable_attribute_key
Строительство и ремонт,thread_size,different_value,0,,,0,0,[],16,16,0,1.0,2,2,0,1.0,16,16,1.0,2,2,1.0,"{'discovery': {'support': 2, 'target_support': 2, 'target_probability': 1.0}, 'validation': {'support': 0, 'target_support': 0, 'target_probability': 0.0}}",2,0,rp_0c4eb4e2b5081ca926bad36d;rp_dbe1167366436f1566858621;rp_6dc31e128f97ed9fe0fb4f58,"1/2"" | м14x2.0мм | 1/2'",[],[],['Бренд'],[],"{'source_singleton_pairs': 2, 'source_pairs_with_explicit_type': 1, 'observed_exact_product_types': 1, 'supported_product_type_profiles': 0}",False,independent_value,[],,,no_reliable_attribute_key
Товары для животных,breed,different_value,0,,,0,0,[],26,14,12,0.5384615384615384,2,2,0,1.0,26,14,0.5384615384615384,2,2,1.0,"{'discovery': {'support': 2, 'target_support': 2, 'target_probability': 1.0}, 'validation': {'support': 0, 'target_support': 0, 'target_probability': 0.0}}",2,0,rp_239aa9aba4fa1f79e63ac473;rp_0b967e1fb6c419b52babe34a;rp_994b28960840c58c7565c64d,чихуа-хуа | абиссинская | для любой породы,[],[],['Бренд'],[],"{'source_singleton_pairs': 2, 'source_pairs_with_explicit_type': 1, 'observed_exact_product_types': 1, 'supported_product_type_profiles': 0}",False,independent_value,[],,,no_reliable_attribute_key
Товары для животных,package_quantity,different_value,0,Количество в упаковке,override,18,0,"[{'attribute_key': 'единиц в одном товаре', 'support': 18}, {'attribute_key': 'количество предметов в упаковке', 'support': 6}, {'attribute_key': 'комплектация', 'support': 4}, {'attribute_key': 'количество штук в упаковке', 'support': 2}, {'attribute_key': 'количество игрушек в одной упаковке', 'support': 1}]",359,335,24,0.9331476323119777,27,22,5,0.8148148148148148,359,335,0.9331476323119777,27,22,0.8148148148148148,"{'discovery': {'support': 21, 'target_support': 16, 'target_probability': 0.7619047619047619}, 'validation': {'support': 6, 'target_support': 6, 'target_probability': 1.0}}",21,6,rp_b38778e6ce40a1fdc9d51920;rp_8a773396ea7153320c63d2a2;rp_51e8d3d7cc272ea46563f291,1 | 2 | 2 шт.,[],[],['Бренд'],[],"{'source_singleton_pairs': 27, 'source_pairs_with_explicit_type': 6, 'observed_exact_product_types': 5, 'supported_product_type_profiles': 0}",False,independent_value,['(?:вес|масса|weight|объем|объём|volume|нетто)'],"[1-9]\d{0,4}\s*(?:шт\.?|штук(?:а|и)?|ед\.?|единиц(?:а|ы)?)",,no_supported_product_type_profile
Товары для животных,product_line,different_value,0,Линейка,override,0,0,[],58,49,9,0.8448275862068966,5,4,1,0.8,58,49,0.8448275862068966,5,4,0.8,"{'discovery': {'support': 5, 'target_support': 4, 'target_probability': 0.8}, 'validation': {'support': 0, 'target_support': 0, 'target_probability': 0.0}}",5,0,rp_e0bb4ce6630d82440df58417;rp_2ad1289495193189c61a2a68;rp_d483d15236211a3d901abb68,"древесный, мелкие гранулы | preventive line gastrointestinal | clan",[],[],['Бренд'],[],"{'source_singleton_pairs': 5, 'source_pairs_with_explicit_type': 0, 'observed_exact_product_types': 0, 'supported_product_type_profiles': 0}",False,identity_value,['(?<!\\w)(?:модель|model|серия|series|линейка|line|коллекци\\w*|collection|производител\\w*|manufacturer)(?!\\w)'],,,no_supported_product_type_profile
Товары для животных,scent,different_value,0,Аромат,override,3,0,"[{'attribute_key': 'аромат', 'support': 3}]",34,25,9,0.7352941176470589,5,5,0,1.0,34,25,0.7352941176470589,5,5,1.0,"{'discovery': {'support': 4, 'target_support': 4, 'target_probability': 1.0}, 'validation': {'support': 1, 'target_support': 1, 'target_probability': 1.0}}",4,1,rp_247c8563c38a98c103be2ea6;rp_8ac9c8b12d54fbf76bbd2c42;rp_b17cd587867d2e22615d441c,мимоза | зеленый чай | с ароматом сакуры,[],[],['Бренд'],[],"{'source_singleton_pairs': 5, 'source_pairs_with_explicit_type': 1, 'observed_exact_product_types': 1, 'supported_product_type_profiles': 0}",False,independent_value,[],,,no_supported_product_type_profile
Товары для животных,size,different_value,0,Размер,override,1,0,"[{'attribute_key': 'размер одежды/аксессуара для животных', 'support': 1}, {'attribute_key': 'комплектация', 'support': 1}, {'attribute_key': 'российский размер', 'support': 1}, {'attribute_key': 'размер товаров для животных', 'support': 1}, {'attribute_key': 'размеры, мм', 'support': 1}]",147,132,15,0.8979591836734694,19,18,1,0.9473684210526315,147,132,0.8979591836734694,19,18,0.9473684210526315,"{'discovery': {'support': 17, 'target_support': 16, 'target_probability': 0.9411764705882353}, 'validation': {'support': 2, 'target_support': 2, 'target_probability': 1.0}}",17,2,rp_f3d8fc880ca884cde2d697d7;rp_ba1e430c97cad41342e2e5ff;rp_3638afb7fec8f1a46de077ae,s | s | 6 см,[],[],['Бренд'],[],"{'source_singleton_pairs': 19, 'source_pairs_with_explicit_type': 7, 'observed_exact_product_types': 7, 'supported_product_type_profiles': 0}",False,independent_value,['(?:вес|масса|weight|net\\s*weight)'],"(?:(?=.*\d)[a-zа-яё0-9+.,/×x*\""' -]{1,60}|xxs|xs|s|m|l|xl|xxl|xxxl)",,no_supported_product_type_profile
Товары для животных,size_range,different_value,0,Диапазон размеров,override,2,0,"[{'attribute_key': 'размер животного', 'support': 2}, {'attribute_key': 'комплектация', 'support': 1}]",19,17,2,0.8947368421052632,3,3,0,1.0,19,17,0.8947368421052632,3,3,1.0,"{'discovery': {'support': 3, 'target_support': 3, 'target_probability': 1.0}, 'validation': {'support': 0, 'target_support': 0, 'target_probability': 0.0}}",3,0,rp_fcf15233b2fa7cef7006d0af;rp_ac875b759d425614ea5d133a;rp_bad361b9317a2ef4e4ab7c7b,28-40 см | 40-55 | l-xl,[],[],['Бренд'],[],"{'source_singleton_pairs': 3, 'source_pairs_with_explicit_type': 2, 'observed_exact_product_types': 2, 'supported_product_type_profiles': 0}",False,independent_value,[],,,no_supported_product_type_profile
Товары для животных,target_age,different_value,0,Возраст животного,override,2,0,"[{'attribute_key': 'возраст животного', 'support': 2}]",101,80,21,0.7920792079207921,2,2,0,1.0,101,80,0.7920792079207921,2,2,1.0,"{'discovery': {'support': 1, 'target_support': 1, 'target_probability': 1.0}, 'validation': {'support': 1, 'target_support': 1, 'target_probability': 1.0}}",1,1,rp_e7ba8b4abaad0a2cc2bcd522;rp_239aa9aba4fa1f79e63ac473;rp_a673644d795c58085fcf77b1,взрослые; маленькие; пожилые | взрослые; маленькие | для маленьких,[],[],['Бренд'],[],"{'source_singleton_pairs': 2, 'source_pairs_with_explicit_type': 0, 'observed_exact_product_types': 0, 'supported_product_type_profiles': 0}",False,independent_value,[],,,no_supported_product_type_profile
Товары для животных,volume,different_value,0,Объем,override,4,0,"[{'attribute_key': 'объем', 'support': 4}, {'attribute_key': 'объем, мл', 'support': 3}, {'attribute_key': 'объем, л', 'support': 2}, {'attribute_key': 'объем наполнителя для животных', 'support': 1}, {'attribute_key': 'объем (мл)', 'support': 1}]",82,70,12,0.8536585365853658,14,12,2,0.8571428571428571,82,70,0.8536585365853658,14,12,0.8571428571428571,"{'discovery': {'support': 12, 'target_support': 10, 'target_probability': 0.8333333333333334}, 'validation': {'support': 2, 'target_support': 2, 'target_probability': 1.0}}",12,2,rp_f3d8fc880ca884cde2d697d7;rp_270adccfbaf649670440b5f8;rp_8b9fc7427c23a1f32c28b2e0,145 | 75 мл | 2л,[],[],['Бренд'],[],"{'source_singleton_pairs': 14, 'source_pairs_with_explicit_type': 1, 'observed_exact_product_types': 1, 'supported_product_type_profiles': 0}",True,independent_value,[],,,no_supported_product_type_profile
Хобби и творчество,design,different_value,0,,,0,0,[],7,7,0,1.0,4,4,0,1.0,7,7,1.0,4,4,1.0,"{'discovery': {'support': 3, 'target_support': 3, 'target_probability': 1.0}, 'validation': {'support': 1, 'target_support': 1, 'target_probability': 1.0}}",3,1,rp_00dbf978c059570bb313c2a4;rp_cdb9161978d156a417bbd25c;rp_d2e184946b7b881466fa3ccb,"череп и кости | гатс, 05 | снеговичок","[{'product_type': 'трафарет', 'normalized_product_type': 'трафарет', 'singleton_pair_support': 2, 'singleton_target_support': 2, 'singleton_target_probability': 1.0, 'split_statistics': {'discovery': {'support': 1, 'target_support': 1, 'target_probability': 1.0}, 'validation': {'support': 1, 'target_support': 1, 'target_probability': 1.0}}, 'source_pair_ids': ['rp_6eecc494a75e51789ddfbb0e', 'rp_3c32054af49528c421d31ee8'], 'source_examples': [{'source_pair_id': 'rp_6eecc494a75e51789ddfbb0e', 'product_type': 'трафарет', 'title_a': 'трафарет пластик ""розовый сад"" 13х14 см', 'title_b': 'no name трафарет пластик ""розы и шиповник"" 13х14 см', 'target_value_a': 'розовый сад', 'target_value_b': 'розы и шиповник'}, {'source_pair_id': 'rp_3c32054af49528c421d31ee8', 'product_type': 'трафарет', 'title_a': ""трафарет 'птица в розовом саду' 21х31 см"", 'title_b': 'не определен трафарет ""орнамент из цветов"" 21х31 см', 'target_value_a': 'птица в розовом саду', 'target_value_b': 'орнамент из цветов'}]}]",['трафарет'],['Бренд'],"[{'source_pair_id': 'rp_6eecc494a75e51789ddfbb0e', 'product_type': 'трафарет', 'title_a': 'трафарет пластик ""розовый сад"" 13х14 см', 'title_b': 'no name трафарет пластик ""розы и шиповник"" 13х14 см', 'target_value_a': 'розовый сад', 'target_value_b': 'розы и шиповник'}, {'source_pair_id': 'rp_3c32054af49528c421d31ee8', 'product_type': 'трафарет', 'title_a': ""трафарет 'птица в розовом саду' 21х31 см"", 'title_b': 'не определен трафарет ""орнамент из цветов"" 21х31 см', 'target_value_a': 'птица в розовом саду', 'target_value_b': 'орнамент из цветов'}]","{'source_singleton_pairs': 4, 'source_pairs_with_explicit_type': 2, 'observed_exact_product_types': 1, 'supported_product_type_profiles': 1}",False,independent_value,[],,,no_reliable_attribute_key
Хобби и творчество,model_type,different_value,0,,,0,0,[],4,2,2,0.5,2,2,0,1.0,4,2,0.5,2,2,1.0,"{'discovery': {'support': 1, 'target_support': 1, 'target_probability': 1.0}, 'validation': {'support': 1, 'target_support': 1, 'target_probability': 1.0}}",1,1,rp_b8c135fa4a43730b92d92016;rp_61bdb01b79e1aada63ceaf6b;rp_f87ed4aaefc8e8471cfd9a2d,деревянная модель | ударный вертолет ah-1w супер кобра | сборная модель военной техники,[],[],['Бренд'],[],"{'source_singleton_pairs': 2, 'source_pairs_with_explicit_type': 0, 'observed_exact_product_types': 0, 'supported_product_type_profiles': 0}",False,independent_value,[],,,no_reliable_attribute_key
Хобби и творчество,packaging_contents,different_value,0,комплектация,dominant_singleton_evidence,4,0,"[{'attribute_key': 'комплектация', 'support': 4}]",4,4,0,1.0,2,2,0,1.0,4,4,1.0,2,2,1.0,"{'discovery': {'support': 2, 'target_support': 2, 'target_probability': 1.0}, 'validation': {'support': 0, 'target_support': 0, 'target_probability': 0.0}}",2,0,rp_447e2582a1e3800fb8ff5a3f;rp_cb122f708766bd3975d47541;rp_da765a4fea50a9c7ebc28bd9,без клея в комплекте | товар в фабричной упаковке | крючок - 1 шт,[],[],['Бренд'],[],"{'source_singleton_pairs': 2, 'source_pairs_with_explicit_type': 0, 'observed_exact_product_types': 0, 'supported_product_type_profiles': 0}",False,independent_value,[],,,no_supported_product_type_profile
Хобби и творчество,thickness,different_value,0,Толщина,static_pair_rule_mapping,0,0,[],11,11,0,1.0,3,3,0,1.0,11,11,1.0,3,3,1.0,"{'discovery': {'support': 3, 'target_support': 3, 'target_probability': 1.0}, 'validation': {'support': 0, 'target_support': 0, 'target_probability': 0.0}}",3,0,rp_ca50faf5870220387a3286e8;rp_aeb71c6cd0bc320d3ddd9ad7;rp_7b0594bcbf6f738498632943,2 мм | 1 мм | 5 мм,[],[],['Бренд'],[],"{'source_singleton_pairs': 3, 'source_pairs_with_explicit_type': 2, 'observed_exact_product_types': 2, 'supported_product_type_profiles': 0}",False,independent_value,[],,(?:г\s*/?\s*м\s*(?:2|²)|gsm),no_supported_product_type_profile
Электроника,compatibility,different_value,0,Совместимость,override,4,0,"[{'attribute_key': 'совместимость', 'support': 4}, {'attribute_key': 'производитель совместимого устройства', 'support': 1}, {'attribute_key': 'совместимость картриджа', 'support': 1}]",48,42,6,0.875,8,7,1,0.875,48,42,0.875,8,7,0.875,"{'discovery': {'support': 6, 'target_support': 5, 'target_probability': 0.8333333333333334}, 'validation': {'support': 2, 'target_support': 2, 'target_probability': 1.0}}",6,2,rp_d361cc9f7dffd91871e19001;rp_17e471249f9a32bd8cb633ff;rp_d0d68cb86e9cf6cc3756cd72,canon | asus rog phone 5 pro | okidata mc853/mc873,[],[],['Бренд'],[],"{'source_singleton_pairs': 8, 'source_pairs_with_explicit_type': 3, 'observed_exact_product_types': 3, 'supported_product_type_profiles': 0}",True,compatibility_value,[],,,no_supported_product_type_profile
Электроника,compatible_model,different_value,0,Совместимая модель,override,2,0,"[{'attribute_key': 'совместимая модель', 'support': 2}, {'attribute_key': 'совместимые модели', 'support': 2}, {'attribute_key': 'совместимость', 'support': 2}, {'attribute_key': 'совместимые модели телевизоров', 'support': 1}]",157,146,11,0.9299363057324841,33,31,2,0.9393939393939394,156,145,0.9294871794871795,33,31,0.9393939393939394,"{'discovery': {'support': 20, 'target_support': 18, 'target_probability': 0.9}, 'validation': {'support': 13, 'target_support': 13, 'target_probability': 1.0}}",20,13,rp_10816c15573fe1c4817c6e9b;rp_2a7f4277f0aa8c741b82be1c;rp_510e223b9efb06c9029f4800,oppo a16 | honor 9 lite | swift 3 sf315-41 sf315-51g sf315-52g a315-22 a317-33 a315-56 a317-32 a315-23 a514-53,"[{'product_type': 'клавиатура', 'normalized_product_type': 'клавиатура', 'singleton_pair_support': 3, 'singleton_target_support': 3, 'singleton_target_probability': 1.0, 'split_statistics': {'discovery': {'support': 2, 'target_support': 2, 'target_probability': 1.0}, 'validation': {'support': 1, 'target_support': 1, 'target_probability': 1.0}}, 'source_pair_ids': ['rp_7dc207340c94200eda7e8afb', 'rp_165f50ca89c787424c54ad93', 'rp_2a9bfbdbb9b43466c69811c3'], 'source_examples': [{'source_pair_id': 'rp_7dc207340c94200eda7e8afb', 'product_type': 'клавиатура', 'title_a': 'sino power клавиатура для ноутбука acer aspire m5-481pt черная без рамки с подсветкой', 'title_b': 'клавиатура для ноутбука acer aspire m3-481', 'target_value_a': 'acer aspire m5-481pt', 'target_value_b': 'acer aspire m3-481'}, {'source_pair_id': 'rp_165f50ca89c787424c54ad93', 'product_type': 'клавиатура', 'title_a': 'kfd клавиатура для acer aspire 3 a315-34-p0x8 ноутбука', 'title_b': 'клавиатура для hp 15-db1000ur ноутбука черная', 'target_value_a': 'acer aspire 3 a315-34-p0x8', 'target_value_b': 'hp 15-db1000ur'}, {'source_pair_id': 'rp_2a9bfbdbb9b43466c69811c3', 'product_type': 'клавиатура', 'title_a': 'не определен клавиатура для ноутбука hp dv7-2200eb черная', 'title_b': 'клавиатура для ноутбука hp pavilion dv7-7000 черная с рамкой', 'target_value_a': 'hp dv7-2200eb', 'target_value_b': 'hp pavilion dv7-7000'}]}, {'product_type': 'шлейф матрицы', 'normalized_product_type': 'шлейф матрицы', 'singleton_pair_support': 2, 'singleton_target_support': 2, 'singleton_target_probability': 1.0, 'split_statistics': {'discovery': {'support': 2, 'target_support': 2, 'target_probability': 1.0}, 'validation': {'support': 0, 'target_support': 0, 'target_probability': 0.0}}, 'source_pair_ids': ['rp_93fcbe33de24705c9310e1d0', 'rp_3c593c29204dad3305df4534'], 'source_examples': [{'source_pair_id': 'rp_93fcbe33de24705c9310e1d0', 'product_type': 'шлейф матрицы', 'title_a': 'не определен шлейф матрицы для ноутбука hp compaq cq516 (40-pin) led', 'title_b': 'шлейф матрицы 40 pin для ноутбука hp compaq presario cq62 led ', 'target_value_a': 'cq516', 'target_value_b': 'cq62'}, {'source_pair_id': 'rp_3c593c29204dad3305df4534', 'product_type': 'шлейф матрицы', 'title_a': 'шлейф матрицы для ноутбука hp pavilion dv5-1000', 'title_b': 'oem шлейф матрицы для ноутбука hp dv5-2000', 'target_value_a': 'dv5-1000', 'target_value_b': 'dv5-2000'}]}]","['клавиатура', 'шлейф матрицы']",['Бренд'],"[{'source_pair_id': 'rp_7dc207340c94200eda7e8afb', 'product_type': 'клавиатура', 'title_a': 'sino power клавиатура для ноутбука acer aspire m5-481pt черная без рамки с подсветкой', 'title_b': 'клавиатура для ноутбука acer aspire m3-481', 'target_value_a': 'acer aspire m5-481pt', 'target_value_b': 'acer aspire m3-481'}, {'source_pair_id': 'rp_165f50ca89c787424c54ad93', 'product_type': 'клавиатура', 'title_a': 'kfd клавиатура для acer aspire 3 a315-34-p0x8 ноутбука', 'title_b': 'клавиатура для hp 15-db1000ur ноутбука черная', 'target_value_a': 'acer aspire 3 a315-34-p0x8', 'target_value_b': 'hp 15-db1000ur'}, {'source_pair_id': 'rp_2a9bfbdbb9b43466c69811c3', 'product_type': 'клавиатура', 'title_a': 'не определен клавиатура для ноутбука hp dv7-2200eb черная', 'title_b': 'клавиатура для ноутбука hp pavilion dv7-7000 черная с рамкой', 'target_value_a': 'hp dv7-2200eb', 'target_value_b': 'hp pavilion dv7-7000'}, {'source_pair_id': 'rp_93fcbe33de24705c9310e1d0', 'product_type': 'шлейф матрицы', 'title_a': 'не определен шлейф матрицы для ноутбука hp compaq cq516 (40-pin) led', 'title_b': 'шлейф матрицы 40 pin для ноутбука hp compaq presario cq62 led ', 'target_value_a': 'cq516', 'target_value_b': 'cq62'}, {'source_pair_id': 'rp_3c593c29204dad3305df4534', 'product_type': 'шлейф матрицы', 'title_a': 'шлейф матрицы для ноутбука hp pavilion dv5-1000', 'title_b': 'oem шлейф матрицы для ноутбука hp dv5-2000', 'target_value_a': 'dv5-1000', 'target_value_b': 'dv5-2000'}]","{'source_singleton_pairs': 33, 'source_pairs_with_explicit_type': 9, 'observed_exact_product_types': 5, 'supported_product_type_profiles': 2}",True,compatibility_value,[],,,semantic_review_required
Электроника,connector_type,different_value,0,,,1,0,"[{'attribute_key': 'коннектор 1', 'support': 1}]",39,34,5,0.8717948717948718,3,3,0,1.0,39,34,0.8717948717948718,3,3,1.0,"{'discovery': {'support': 3, 'target_support': 3, 'target_probability': 1.0}, 'validation': {'support': 0, 'target_support': 0, 'target_probability': 0.0}}",3,0,rp_8aa600b526fbca66b6ff434a;rp_09cc0e94f2be3bae4b2e4f74;rp_38511f97e7d082e019c87f98,"type-c type-c | mono jack 6,3 <-> mono jack 6,3 | 4.5x3.0мм",[],[],['Бренд'],[],"{'source_singleton_pairs': 3, 'source_pairs_with_explicit_type': 3, 'observed_exact_product_types': 4, 'supported_product_type_profiles': 0}",False,independent_value,[],,,no_reliable_attribute_key
Электроника,material,different_value,0,Материал,override,4,0,"[{'attribute_key': 'материал', 'support': 4}, {'attribute_key': 'материал изделия', 'support': 2}]",247,235,12,0.951417004048583,3,3,0,1.0,247,235,0.951417004048583,3,3,1.0,"{'discovery': {'support': 2, 'target_support': 2, 'target_probability': 1.0}, 'validation': {'support': 1, 'target_support': 1, 'target_probability': 1.0}}",2,1,rp_b71a731613f270b980fa1d0c;rp_93819ca30ca818a51f5dbf4f;rp_e527359a83b8b4731d2a5ee4,силикон | тпу; силикон | искусственная кожа,[],[],['Бренд'],[],"{'source_singleton_pairs': 3, 'source_pairs_with_explicit_type': 0, 'observed_exact_product_types': 0, 'supported_product_type_profiles': 0}",True,independent_value,['(?:состав|ингредиент|сырье|красител|composition|ingredient)'],,,no_supported_product_type_profile
Электроника,memory_capacity,different_value,0,Объем памяти,override,1,0,"[{'attribute_key': 'объем одного модуля', 'support': 1}, {'attribute_key': 'объем памяти', 'support': 1}, {'attribute_key': 'емкость одного модуля', 'support': 1}, {'attribute_key': 'объем видеопамяти', 'support': 1}]",3,3,0,1.0,2,2,0,1.0,3,3,1.0,2,2,1.0,"{'discovery': {'support': 2, 'target_support': 2, 'target_probability': 1.0}, 'validation': {'support': 0, 'target_support': 0, 'target_probability': 0.0}}",2,0,rp_1d5faa4f1c878e67e2561cbb;rp_1da44c695ac8ed8f8f0933b6;rp_1927c2649df654f0718d63d2,32 гб | 16 гб | 12 гб,[],[],['Бренд'],[],"{'source_singleton_pairs': 2, 'source_pairs_with_explicit_type': 2, 'observed_exact_product_types': 2, 'supported_product_type_profiles': 0}",False,independent_value,[],,,no_supported_product_type_profile
Электроника,model_compatibility,different_value,0,Совместимые модели,override,2,0,"[{'attribute_key': 'совместимость', 'support': 2}, {'attribute_key': 'совместимые модели', 'support': 1}, {'attribute_key': 'список совместимых устройств', 'support': 1}, {'attribute_key': 'комплектация', 'support': 1}, {'attribute_key': 'модель', 'support': 1}]",42,39,3,0.9285714285714286,7,6,1,0.8571428571428571,41,38,0.926829268292683,7,6,0.8571428571428571,"{'discovery': {'support': 6, 'target_support': 5, 'target_probability': 0.8333333333333334}, 'validation': {'support': 1, 'target_support': 1, 'target_probability': 1.0}}",6,1,rp_af198de01af6d38f663a867e;rp_d11c73fe79d81792f66f6ecd;rp_70f6f222dfbfdfa8b5958b5b,asus k60il | cp1515 | xiaomi redmi note 9,[],[],['Бренд'],[],"{'source_singleton_pairs': 7, 'source_pairs_with_explicit_type': 5, 'observed_exact_product_types': 5, 'supported_product_type_profiles': 0}",True,compatibility_value,[],,,no_supported_product_type_profile
Электроника,part_type,different_value,0,,,0,0,[],4,4,0,1.0,2,2,0,1.0,4,4,1.0,2,2,1.0,"{'discovery': {'support': 2, 'target_support': 2, 'target_probability': 1.0}, 'validation': {'support': 0, 'target_support': 0, 'target_probability': 0.0}}",2,0,rp_569de72fac124bf0c28ed76b;rp_5bb18672138b16382773bece;rp_52437bbc89eff1d897c3f4a8,чехол для телефона | шлейф кнопки включения и кнопок громкости | нижняя плата с разъемом зарядки/гарнитуры/микрофон,[],[],['Бренд'],[],"{'source_singleton_pairs': 2, 'source_pairs_with_explicit_type': 0, 'observed_exact_product_types': 0, 'supported_product_type_profiles': 0}",False,independent_value,[],,,no_reliable_attribute_key
Электроника,power,different_value,0,"макс. выходная мощность, вт",dominant_singleton_evidence,2,0,"[{'attribute_key': 'макс. выходная мощность, вт', 'support': 2}]",12,10,2,0.8333333333333334,2,2,0,1.0,12,10,0.8333333333333334,2,2,1.0,"{'discovery': {'support': 1, 'target_support': 1, 'target_probability': 1.0}, 'validation': {'support': 1, 'target_support': 1, 'target_probability': 1.0}}",1,1,rp_8e2a790099fbcc9fdaef20af;rp_b046200d83c792f47d776d15;rp_af40de5feec539b571639541,2000 ва | 20вт | 400,[],[],['Бренд'],[],"{'source_singleton_pairs': 2, 'source_pairs_with_explicit_type': 0, 'observed_exact_product_types': 0, 'supported_product_type_profiles': 0}",False,independent_value,[],,,no_supported_product_type_profile
Электроника,processor_model,different_value,0,Модель процессора,override,7,0,"[{'attribute_key': 'процессор', 'support': 7}, {'attribute_key': 'модель процессора', 'support': 1}]",230,226,4,0.9826086956521739,5,5,0,1.0,228,224,0.9824561403508771,5,5,1.0,"{'discovery': {'support': 5, 'target_support': 5, 'target_probability': 1.0}, 'validation': {'support': 0, 'target_support': 0, 'target_probability': 0.0}}",5,0,rp_f93bf71be1f057ab55e0a059;rp_caa9533a275d52fcdda031da;rp_04e86823011caebc28ad2475,intel core i7-2600 | intel core i5-11600k | amd ryzen 7 7800x3d,[],[],['Бренд'],[],"{'source_singleton_pairs': 5, 'source_pairs_with_explicit_type': 0, 'observed_exact_product_types': 0, 'supported_product_type_profiles': 0}",False,independent_value,['(?:частот|ядр|поток|сокет|к[эе]ш|cache|tdp|техпроцесс|архитект)'],,^(?:модель\s*)?(?:№|#|no)?\s*\d[\d ._/-]*$,no_supported_product_type_profile
Электроника,resource,different_value,0,ресурс,dominant_singleton_evidence,6,0,"[{'attribute_key': 'ресурс', 'support': 6}]",12,10,2,0.8333333333333334,3,3,0,1.0,12,10,0.8333333333333334,3,3,1.0,"{'discovery': {'support': 2, 'target_support': 2, 'target_probability': 1.0}, 'validation': {'support': 1, 'target_support': 1, 'target_probability': 1.0}}",2,1,rp_8b7d5f9b4bde2c8417c5437d;rp_f739ed2e095c9dd75b550bed;rp_fbf87f65d1a929cab3a1714f,1000 | 100000 страниц | 10000,"[{'product_type': 'картридж', 'normalized_product_type': 'картридж', 'singleton_pair_support': 3, 'singleton_target_support': 3, 'singleton_target_probability': 1.0, 'split_statistics': {'discovery': {'support': 2, 'target_support': 2, 'target_probability': 1.0}, 'validation': {'support': 1, 'target_support': 1, 'target_probability': 1.0}}, 'source_pair_ids': ['rp_d75b102099ad55999838b3e9', 'rp_f2de5a58cf2d42e259ff7f6f', 'rp_ae80f96c1f38862ab05d00bf'], 'source_examples': [{'source_pair_id': 'rp_d75b102099ad55999838b3e9', 'product_type': 'картридж', 'title_a': 'superfine картридж, совместимый, черный (black), 1 шт', 'title_b': 'картридж superfine sp4500he для принтеров ricoh aficio-sp3600/3610/4510 12k black', 'target_value_a': '15000', 'target_value_b': '12000 страниц'}, {'source_pair_id': 'rp_f2de5a58cf2d42e259ff7f6f', 'product_type': 'картридж', 'title_a': 'картридж лазерный g&g gg-c731m пурпурный (1800стр.) для canon lb i-sensys mf8230/mf8280', 'title_b': 'g&g картридж, совместимый, пурпурный (magenta), 1 шт', 'target_value_a': '1800 страниц', 'target_value_b': '1000 стр'}, {'source_pair_id': 'rp_ae80f96c1f38862ab05d00bf', 'product_type': 'картридж', 'title_a': 'netproduct картридж, совместимый, черный (black), 1 шт', 'title_b': 'картридж netproduct n-q7551a, 6500 стр, черный', 'target_value_a': '2100 стр', 'target_value_b': '6500 страниц'}]}]",['картридж'],['Бренд'],"[{'source_pair_id': 'rp_d75b102099ad55999838b3e9', 'product_type': 'картридж', 'title_a': 'superfine картридж, совместимый, черный (black), 1 шт', 'title_b': 'картридж superfine sp4500he для принтеров ricoh aficio-sp3600/3610/4510 12k black', 'target_value_a': '15000', 'target_value_b': '12000 страниц'}, {'source_pair_id': 'rp_f2de5a58cf2d42e259ff7f6f', 'product_type': 'картридж', 'title_a': 'картридж лазерный g&g gg-c731m пурпурный (1800стр.) для canon lb i-sensys mf8230/mf8280', 'title_b': 'g&g картридж, совместимый, пурпурный (magenta), 1 шт', 'target_value_a': '1800 страниц', 'target_value_b': '1000 стр'}, {'source_pair_id': 'rp_ae80f96c1f38862ab05d00bf', 'product_type': 'картридж', 'title_a': 'netproduct картридж, совместимый, черный (black), 1 шт', 'title_b': 'картридж netproduct n-q7551a, 6500 стр, черный', 'target_value_a': '2100 стр', 'target_value_b': '6500 страниц'}]","{'source_singleton_pairs': 3, 'source_pairs_with_explicit_type': 3, 'observed_exact_product_types': 1, 'supported_product_type_profiles': 1}",True,independent_value,[],,,semantic_review_required
Электроника,type,different_value,0,Вид товара,override,10,0,"[{'attribute_key': 'тип', 'support': 10}, {'attribute_key': 'вид микрофона', 'support': 1}]",166,157,9,0.9457831325301205,19,17,2,0.8947368421052632,166,157,0.9457831325301205,19,17,0.8947368421052632,"{'discovery': {'support': 13, 'target_support': 12, 'target_probability': 0.9230769230769231}, 'validation': {'support': 6, 'target_support': 5, 'target_probability': 0.8333333333333334}}",13,6,rp_916f90bf1fbba932ed779efd;rp_0e3884ebcb943fb01d0c0b81;rp_2b9aa43af8b766f6dc6e0727,видеодомофон | нижняя плата | защитное стекло,"[{'product_type': 'проектор', 'normalized_product_type': 'проектор', 'singleton_pair_support': 2, 'singleton_target_support': 2, 'singleton_target_probability': 1.0, 'split_statistics': {'discovery': {'support': 1, 'target_support': 1, 'target_probability': 1.0}, 'validation': {'support': 1, 'target_support': 1, 'target_probability': 1.0}}, 'source_pair_ids': ['rp_6fbe2a2331100ed810b86a21', 'rp_6803f25c49162e35cf5a1f5a'], 'source_examples': [{'source_pair_id': 'rp_6fbe2a2331100ed810b86a21', 'product_type': 'проектор', 'title_a': 'смешарики проектор 6798727', 'title_b': 'не определен проектор, цвета микс', 'target_value_a': 'проектор', 'target_value_b': 'диапроектор'}, {'source_pair_id': 'rp_6803f25c49162e35cf5a1f5a', 'product_type': 'проектор', 'title_a': 'проектор volkswagen', 'title_b': 'patron интеркулер volkswagen golf vi (08-)/skoda (09-) 1.4tsi', 'target_value_a': 'проектор', 'target_value_b': 'интеркулер'}]}]",['проектор'],['Бренд'],"[{'source_pair_id': 'rp_6fbe2a2331100ed810b86a21', 'product_type': 'проектор', 'title_a': 'смешарики проектор 6798727', 'title_b': 'не определен проектор, цвета микс', 'target_value_a': 'проектор', 'target_value_b': 'диапроектор'}, {'source_pair_id': 'rp_6803f25c49162e35cf5a1f5a', 'product_type': 'проектор', 'title_a': 'проектор volkswagen', 'title_b': 'patron интеркулер volkswagen golf vi (08-)/skoda (09-) 1.4tsi', 'target_value_a': 'проектор', 'target_value_b': 'интеркулер'}]","{'source_singleton_pairs': 19, 'source_pairs_with_explicit_type': 6, 'observed_exact_product_types': 5, 'supported_product_type_profiles': 1}",True,product_type_value,[],,,semantic_review_required
Ювелирные изделия,insert_type,different_value,0,Вид вставки,override,4,0,"[{'attribute_key': 'вставка', 'support': 4}]",134,127,7,0.9477611940298507,2,2,0,1.0,134,127,0.9477611940298507,2,2,1.0,"{'discovery': {'support': 2, 'target_support': 2, 'target_probability': 1.0}, 'validation': {'support': 0, 'target_support': 0, 'target_probability': 0.0}}",2,0,rp_de9d432bdc03fcc1cdb724ef;rp_428b25f54069057468b32aa8;rp_193ecec355bb06f8b31ce335,кварц | жемчуг натуральный; культивированный | бриллиант,[],[],['Бренд'],[],"{'source_singleton_pairs': 2, 'source_pairs_with_explicit_type': 2, 'observed_exact_product_types': 2, 'supported_product_type_profiles': 0}",False,independent_value,[],,,no_supported_product_type_profile
Ювелирные изделия,material,different_value,0,Материал,override,3,0,"[{'attribute_key': 'состав ювелирного изделия', 'support': 3}, {'attribute_key': 'материал', 'support': 1}]",196,178,18,0.9081632653061225,2,2,0,1.0,196,178,0.9081632653061225,2,2,1.0,"{'discovery': {'support': 2, 'target_support': 2, 'target_probability': 1.0}, 'validation': {'support': 0, 'target_support': 0, 'target_probability': 0.0}}",2,0,rp_f4d502cbbcc6241d63bc9fde;rp_586e173cec0adde53766e565;rp_a05e78906b8c57da1677e2e3,серебро родированное | серебро родированное | комбинированное золото,[],[],['Бренд'],[],"{'source_singleton_pairs': 2, 'source_pairs_with_explicit_type': 1, 'observed_exact_product_types': 1, 'supported_product_type_profiles': 0}",False,independent_value,['(?:состав|ингредиент|сырье|красител|composition|ingredient)'],,,no_supported_product_type_profile
Ювелирные изделия,material_composition,different_value,0,Состав материала,static_pair_rule_mapping,5,0,"[{'attribute_key': 'состав ювелирного изделия', 'support': 5}, {'attribute_key': 'вставка', 'support': 1}, {'attribute_key': 'вид металла', 'support': 1}]",65,55,10,0.8461538461538461,5,4,1,0.8,65,55,0.8461538461538461,5,4,0.8,"{'discovery': {'support': 4, 'target_support': 3, 'target_probability': 0.75}, 'validation': {'support': 1, 'target_support': 1, 'target_probability': 1.0}}",4,1,rp_1707da879e8f403826c9942c;rp_0e0a9806a99099a5b3dc5187;rp_eb00b7cdcf29f2023292a512,серебро; золочение; родирование | золото красное; золото белое | золото 585,"[{'product_type': 'подвеска', 'normalized_product_type': 'подвеска', 'singleton_pair_support': 2, 'singleton_target_support': 2, 'singleton_target_probability': 1.0, 'split_statistics': {'discovery': {'support': 1, 'target_support': 1, 'target_probability': 1.0}, 'validation': {'support': 1, 'target_support': 1, 'target_probability': 1.0}}, 'source_pair_ids': ['rp_be2ad2842cd8ea299f6a197d', 'rp_3d08989e7c6a557167fab96e'], 'source_examples': [{'source_pair_id': 'rp_be2ad2842cd8ea299f6a197d', 'product_type': 'подвеска', 'title_a': 'эстет подвеска золото красное 585 пробы', 'title_b': 'эстет подвеска эстет, красное золото, 585 проба, фианит', 'target_value_a': 'золото красное', 'target_value_b': 'фианит'}, {'source_pair_id': 'rp_3d08989e7c6a557167fab96e', 'product_type': 'подвеска', 'title_a': 'эстет подвеска эстет, красное золото, 585 проба, фианит', 'title_b': 'подвеска из красного золота 585 пробы с фианитом', 'target_value_a': 'золото, фианит', 'target_value_b': 'золото красное'}]}]",['подвеска'],['Бренд'],"[{'source_pair_id': 'rp_be2ad2842cd8ea299f6a197d', 'product_type': 'подвеска', 'title_a': 'эстет подвеска золото красное 585 пробы', 'title_b': 'эстет подвеска эстет, красное золото, 585 проба, фианит', 'target_value_a': 'золото красное', 'target_value_b': 'фианит'}, {'source_pair_id': 'rp_3d08989e7c6a557167fab96e', 'product_type': 'подвеска', 'title_a': 'эстет подвеска эстет, красное золото, 585 проба, фианит', 'title_b': 'подвеска из красного золота 585 пробы с фианитом', 'target_value_a': 'золото, фианит', 'target_value_b': 'золото красное'}]","{'source_singleton_pairs': 5, 'source_pairs_with_explicit_type': 5, 'observed_exact_product_types': 3, 'supported_product_type_profiles': 1}",True,independent_value,['(?:материал|material)'],,,semantic_review_required
Ювелирные изделия,metal_color,different_value,0,Цвет металла,static_pair_rule_mapping,2,0,"[{'attribute_key': 'состав ювелирного изделия', 'support': 2}, {'attribute_key': 'тип золота', 'support': 2}]",49,46,3,0.9387755102040817,2,2,0,1.0,49,46,0.9387755102040817,2,2,1.0,"{'discovery': {'support': 2, 'target_support': 2, 'target_probability': 1.0}, 'validation': {'support': 0, 'target_support': 0, 'target_probability': 0.0}}",2,0,rp_c87a2253d5c834640b11acc6;rp_f01c6684b5b636ac16565985;rp_c492ea1291a1145d9d1e82fe,желтое | золото | красное золото,"[{'product_type': 'кольцо', 'normalized_product_type': 'кольцо', 'singleton_pair_support': 2, 'singleton_target_support': 2, 'singleton_target_probability': 1.0, 'split_statistics': {'discovery': {'support': 2, 'target_support': 2, 'target_probability': 1.0}, 'validation': {'support': 0, 'target_support': 0, 'target_probability': 0.0}}, 'source_pair_ids': ['rp_a946dc6f900ced52d75637ac', 'rp_cd075acd78c96c1ae7d37306'], 'source_examples': [{'source_pair_id': 'rp_a946dc6f900ced52d75637ac', 'product_type': 'кольцо', 'title_a': 'master brilliant кольцо золото желтое 585 пробы', 'title_b': 'master brilliant кольцо master brilliant, белое золото, 585 проба, бриллиант, размер 17', 'target_value_a': 'желтое', 'target_value_b': 'белое'}, {'source_pair_id': 'rp_cd075acd78c96c1ae7d37306', 'product_type': 'кольцо', 'title_a': 'master brilliant кольцо золото желтое 585 пробы', 'title_b': 'master brilliant кольцо master brilliant, белое золото, 585 проба, бриллиант', 'target_value_a': 'желтое', 'target_value_b': 'белое'}]}]",['кольцо'],['Бренд'],"[{'source_pair_id': 'rp_a946dc6f900ced52d75637ac', 'product_type': 'кольцо', 'title_a': 'master brilliant кольцо золото желтое 585 пробы', 'title_b': 'master brilliant кольцо master brilliant, белое золото, 585 проба, бриллиант, размер 17', 'target_value_a': 'желтое', 'target_value_b': 'белое'}, {'source_pair_id': 'rp_cd075acd78c96c1ae7d37306', 'product_type': 'кольцо', 'title_a': 'master brilliant кольцо золото желтое 585 пробы', 'title_b': 'master brilliant кольцо master brilliant, белое золото, 585 проба, бриллиант', 'target_value_a': 'желтое', 'target_value_b': 'белое'}]","{'source_singleton_pairs': 2, 'source_pairs_with_explicit_type': 2, 'observed_exact_product_types': 1, 'supported_product_type_profiles': 1}",True,independent_value,[],,,semantic_review_required
Ювелирные изделия,type,different_value,0,Вид товара,override,2,0,"[{'attribute_key': 'тип', 'support': 2}]",141,134,7,0.950354609929078,4,4,0,1.0,141,134,0.950354609929078,4,4,1.0,"{'discovery': {'support': 3, 'target_support': 3, 'target_probability': 1.0}, 'validation': {'support': 1, 'target_support': 1, 'target_probability': 1.0}}",3,1,rp_31fde565b2a661bb2da16851;rp_ddb4e2462cd2684d12ca19a6;rp_5b3578dd686d9e085babc4df,подвеска-буква | кулон | серьги,[],[],['Бренд'],[],"{'source_singleton_pairs': 4, 'source_pairs_with_explicit_type': 3, 'observed_exact_product_types': 4, 'supported_product_type_profiles': 0}",True,product_type_value,[],,,no_supported_product_type_profile
Ювелирные изделия,weight,different_value,0,Вес изделия,override,41,0,"[{'attribute_key': 'минимальный вес (г)', 'support': 41}, {'attribute_key': 'средний вес изделия, гр', 'support': 36}, {'attribute_key': 'вес товара, г', 'support': 29}, {'attribute_key': 'средний вес изделия', 'support': 23}, {'attribute_key': 'средний вес', 'support': 1}]",1950,1735,215,0.8897435897435897,65,57,8,0.8769230769230769,1950,1735,0.8897435897435897,65,57,0.8769230769230769,"{'discovery': {'support': 53, 'target_support': 45, 'target_probability': 0.8490566037735849}, 'validation': {'support': 12, 'target_support': 12, 'target_probability': 1.0}}",53,12,rp_6a7e4c5806f77dff81848a59;rp_de9d432bdc03fcc1cdb724ef;rp_47aa6613bcd0316b312df1fd,1.3 | 1.51 г | 12.71,"[{'product_type': 'серьги ювелирные', 'normalized_product_type': 'серьги ювелирные', 'singleton_pair_support': 28, 'singleton_target_support': 28, 'singleton_target_probability': 1.0, 'split_statistics': {'discovery': {'support': 19, 'target_support': 19, 'target_probability': 1.0}, 'validation': {'support': 9, 'target_support': 9, 'target_probability': 1.0}}, 'source_pair_ids': ['rp_0e06dcf754d9bc4717dcb9fb', 'rp_a5113f4d422d0e050c179238', 'rp_727e10336f2aa5b33007ad29', 'rp_d9ca12da6a0b5b0c8eec05e7', 'rp_e936b736baf55d75ccecc5f0', 'rp_0e8895b634f53231279f4652', 'rp_66f67ed8b717c6235f5dd0d1', 'rp_d1090c83ce9bbb64f9a2100d'], 'source_examples': [{'source_pair_id': 'rp_0e06dcf754d9bc4717dcb9fb', 'product_type': 'серьги ювелирные', 'title_a': 'серьги из красного золота', 'title_b': 'золото дисконт серьги ювелирные золото красное 585 пробы', 'target_value_a': '2.96 г', 'target_value_b': '1.79'}, {'source_pair_id': 'rp_a5113f4d422d0e050c179238', 'product_type': 'серьги ювелирные', 'title_a': 'серьги из красного золота', 'title_b': 'золото дисконт серьги ювелирные золото красное 585 пробы', 'target_value_a': '3.51 г', 'target_value_b': '3.08'}, {'source_pair_id': 'rp_727e10336f2aa5b33007ad29', 'product_type': 'серьги ювелирные', 'title_a': 'platina серьги platina, белое золото, 585 проба, родирование, бриллиант, серебряный', 'title_b': 'platina серьги из белого золота 585 пробы c бриллиантом', 'target_value_a': '4.02 г', 'target_value_b': '2.54'}, {'source_pair_id': 'rp_d9ca12da6a0b5b0c8eec05e7', 'product_type': 'серьги ювелирные', 'title_a': 'не определен серьги красное золото, 585 проба, бриллиант', 'title_b': 'серьги из красного золота 585 пробы с бриллиантами', 'target_value_a': '5.75 г', 'target_value_b': '3.29'}]}, {'product_type': 'подвеска', 'normalized_product_type': 'подвеска', 'singleton_pair_support': 7, 'singleton_target_support': 7, 'singleton_target_probability': 1.0, 'split_statistics': {'discovery': {'support': 7, 'target_support': 7, 'target_probability': 1.0}, 'validation': {'support': 0, 'target_support': 0, 'target_probability': 0.0}}, 'source_pair_ids': ['rp_d628333c20ca5152a6346f31', 'rp_c5a7bc1e2424de4b370d09e5', 'rp_fc0fb25f7a4adb88e6c2fd49', 'rp_ffa2f78b1fc92493b2d11227', 'rp_575a14da24348c12341dc6ee', 'rp_5c4b565d1d095af155c665d9', 'rp_2d0a75bf5cabdf595e9f5b56'], 'source_examples': [{'source_pair_id': 'rp_d628333c20ca5152a6346f31', 'product_type': 'подвеска', 'title_a': 'platina подвеска platina, красное золото, 585 проба, фианит', 'title_b': 'подвеска platina из золота 585 пробы с фианитом', 'target_value_a': '0.84 г', 'target_value_b': '1.31'}, {'source_pair_id': 'rp_c5a7bc1e2424de4b370d09e5', 'product_type': 'подвеска', 'title_a': 'platina подвеска из красного золота 585 пробы c фианитами', 'title_b': 'platina подвеска platina, красное золото, 585 проба, фианит', 'target_value_a': '2.06', 'target_value_b': '3.01 г'}, {'source_pair_id': 'rp_fc0fb25f7a4adb88e6c2fd49', 'product_type': 'подвеска', 'title_a': 'diamant, подвеска (кулон) из золота, 51-130-01144-1, буквы, украшение из красного золота 585 пробы', 'title_b': 'diamant подвеска diamant, красное золото, 585 проба', 'target_value_a': '0.27', 'target_value_b': '0.31'}, {'source_pair_id': 'rp_ffa2f78b1fc92493b2d11227', 'product_type': 'подвеска', 'title_a': 'подвеска / кулон знак зодиака близнецы с керамической вставкой и фианитом / женская / серебро 925 пробы / диаметр 25 мм', 'title_b': 'diamant подвеска diamant, серебро, 925 проба, родирование, фианит, керамика, размер 2.5 см.', 'target_value_a': '1.04', 'target_value_b': '1.28'}]}]","['серьги ювелирные', 'подвеска']",['Бренд'],"[{'source_pair_id': 'rp_0e06dcf754d9bc4717dcb9fb', 'product_type': 'серьги ювелирные', 'title_a': 'серьги из красного золота', 'title_b': 'золото дисконт серьги ювелирные золото красное 585 пробы', 'target_value_a': '2.96 г', 'target_value_b': '1.79'}, {'source_pair_id': 'rp_a5113f4d422d0e050c179238', 'product_type': 'серьги ювелирные', 'title_a': 'серьги из красного золота', 'title_b': 'золото дисконт серьги ювелирные золото красное 585 пробы', 'target_value_a': '3.51 г', 'target_value_b': '3.08'}, {'source_pair_id': 'rp_727e10336f2aa5b33007ad29', 'product_type': 'серьги ювелирные', 'title_a': 'platina серьги platina, белое золото, 585 проба, родирование, бриллиант, серебряный', 'title_b': 'platina серьги из белого золота 585 пробы c бриллиантом', 'target_value_a': '4.02 г', 'target_value_b': '2.54'}, {'source_pair_id': 'rp_d9ca12da6a0b5b0c8eec05e7', 'product_type': 'серьги ювелирные', 'title_a': 'не определен серьги красное золото, 585 проба, бриллиант', 'title_b': 'серьги из красного золота 585 пробы с бриллиантами', 'target_value_a': '5.75 г', 'target_value_b': '3.29'}, {'source_pair_id': 'rp_d628333c20ca5152a6346f31', 'product_type': 'подвеска', 'title_a': 'platina подвеска platina, красное золото, 585 проба, фианит', 'title_b': 'подвеска platina из золота 585 пробы с фианитом', 'target_value_a': '0.84 г', 'target_value_b': '1.31'}, {'source_pair_id': 'rp_c5a7bc1e2424de4b370d09e5', 'product_type': 'подвеска', 'title_a': 'platina подвеска из красного золота 585 пробы c фианитами', 'title_b': 'platina подвеска platina, красное золото, 585 проба, фианит', 'target_value_a': '2.06', 'target_value_b': '3.01 г'}, {'source_pair_id': 'rp_fc0fb25f7a4adb88e6c2fd49', 'product_type': 'подвеска', 'title_a': 'diamant, подвеска (кулон) из золота, 51-130-01144-1, буквы, украшение из красного золота 585 пробы', 'title_b': 'diamant подвеска diamant, красное золото, 585 проба', 'target_value_a': '0.27', 'target_value_b': '0.31'}, {'source_pair_id': 'rp_ffa2f78b1fc92493b2d11227', 'product_type': 'подвеска', 'title_a': 'подвеска / кулон знак зодиака близнецы с керамической вставкой и фианитом / женская / серебро 925 пробы / диаметр 25 мм', 'title_b': 'diamant подвеска diamant, серебро, 925 проба, родирование, фианит, керамика, размер 2.5 см.', 'target_value_a': '1.04', 'target_value_b': '1.28'}]","{'source_singleton_pairs': 65, 'source_pairs_with_explicit_type': 47, 'observed_exact_product_types': 6, 'supported_product_type_profiles': 2}",True,independent_value,[],,,semantic_review_required
