generation_rule_id,source_rule_id,generation_tier,label,concept,relation,semantic_family,attribute_key,anchor_hint,allowed_categories,generation_action,required_postcondition,selection_reason,category,attribute_key_source,observed_attribute_key_support,top_observed_attribute_keys,all_pair_support,all_label0,all_label1,all_occurrence_target_probability,singleton_support,singleton_label0,singleton_label1,singleton_target_probability,discovery_singleton_support,validation_singleton_support,example_pair_ids,example_value_pairs
gen_stat_2d445f580d66fd57,stat_2d445f580d66fd57,STAT_LABEL0_MIN2_P80,0,car_brand,different_value,statistical_atomic_difference,Марка автомобиля,"Создай товар, где характеристику «Марка автомобиля» можно изменить независимо. Не добавляй другие атрибуты, которые логически фиксируют её значение или станут противоречивыми после замены.",['Автотовары'],"Replace exactly this explicit attribute with a different, realistic value for the same concrete product subtype.","Change only this attribute; preserve product subtype and all unrelated facts, and update every title mention consistently.",singleton_and_all_occurrence_p80,Автотовары,override,2,"[{'attribute_key': 'марка автомобиля', 'support': 2}]",183,164,19,0.8961748633879781,3,3,0,1.0,3,0,rp_71f58f533df975967b04ce58;rp_1c105cb2a0ff309bbfaa1af9;rp_319cfc328851cb4cc29310e9,ford | toyota | nissan
gen_stat_7a862fa83f28fd8f,stat_7a862fa83f28fd8f,STAT_LABEL0_CROSS_SPLIT_MIN2_P80,0,car_model,different_value,statistical_atomic_difference,Модель автомобиля,"Создай товар, где характеристику «Модель автомобиля» можно изменить независимо. Не добавляй другие атрибуты, которые логически фиксируют её значение или станут противоречивыми после замены.",['Автотовары'],"Replace exactly this explicit attribute with a different, realistic value for the same concrete product subtype.","Change only this attribute; preserve product subtype and all unrelated facts, and update every title mention consistently.",cross_split_p80,Автотовары,override,3,"[{'attribute_key': 'модель автомобиля', 'support': 3}, {'attribute_key': 'модель', 'support': 2}, {'attribute_key': 'oem-номер', 'support': 1}, {'attribute_key': 'модель тс', 'support': 1}]",281,243,38,0.8647686832740213,15,14,1,0.9333333333333333,14,1,rp_f2c882c0af39a0fdea4ad464;rp_6cd07f05cff5c191b6d6e3b3;rp_1b7580b85cd364e88d7a2c65,ниссан альмера classic седан | ниссан армада | nissan pathfinder 3
gen_stat_54de59afa601d232,stat_54de59afa601d232,STAT_LABEL0_MIN2_P80,0,color,different_value,statistical_atomic_difference,Цвет товара,"Создай товар, где характеристику «Цвет товара» можно изменить независимо. Не добавляй другие атрибуты, которые логически фиксируют её значение или станут противоречивыми после замены.",['Автотовары'],"Replace exactly this explicit attribute with a different, realistic value for the same concrete product subtype.","Change only this attribute; preserve product subtype and all unrelated facts, and update every title mention consistently.",singleton_and_all_occurrence_p80,Автотовары,override,13,"[{'attribute_key': 'цвет товара', 'support': 13}, {'attribute_key': 'цвет', 'support': 4}]",572,518,54,0.9055944055944056,19,16,3,0.8421052631578947,14,5,rp_71f58f533df975967b04ce58;rp_4caa38759a05cac587b44c5d;rp_a04152e7673a34e6dbfdc34b,bright red | серый | светло-серый
gen_stat_984131ee4229872f,stat_984131ee4229872f,STAT_LABEL0_CROSS_SPLIT_MIN2_P80,0,color_code,different_value,statistical_atomic_difference,Название цвета,"Создай товар, где характеристику «Название цвета» можно изменить независимо. Не добавляй другие атрибуты, которые логически фиксируют её значение или станут противоречивыми после замены.",['Автотовары'],"Replace exactly this explicit attribute with a different, realistic value for the same concrete product subtype.","Change only this attribute; preserve product subtype and all unrelated facts, and update every title mention consistently.",cross_split_p80,Автотовары,override,0,[],122,113,9,0.9262295081967213,5,5,0,1.0,4,1,rp_2ea2a8589c2ddee28046eb11;rp_0f5a6d5272eecbbe596385df;rp_cce3b53e408cd01551a3b174,mb | p6k | nh75m
gen_stat_1253793637953c55,stat_1253793637953c55,STAT_LABEL0_CROSS_SPLIT_MIN2_P80,0,material,different_value,statistical_atomic_difference,Материал,"Создай товар, где характеристику «Материал» можно изменить независимо. Не добавляй другие атрибуты, которые логически фиксируют её значение или станут противоречивыми после замены. В частности, не указывай состав, сырьё, конструкцию или назначение, которые верны только для исходного значения.",['Автотовары'],"Replace exactly this explicit attribute with a different, realistic value for the same concrete product subtype.","Change only this attribute; preserve product subtype and all unrelated facts, and update every title mention consistently.",cross_split_p80,Автотовары,override,9,"[{'attribute_key': 'материал', 'support': 9}]",226,203,23,0.8982300884955752,5,5,0,1.0,4,1,rp_ed03685b97132d94817b9a01;rp_4caa38759a05cac587b44c5d;rp_d9e800ac527e271dc192453f,сетка | экокожа | искусственная кожа
gen_stat_f858e074d3ce8c1f,stat_f858e074d3ce8c1f,STAT_LABEL0_CROSS_SPLIT_MIN2_P80,0,model,different_value,statistical_atomic_difference,Модель,"Создай товар, где характеристику «Модель» можно изменить независимо. Не добавляй другие атрибуты, которые логически фиксируют её значение или станут противоречивыми после замены.",['Автотовары'],"Replace exactly this explicit attribute with a different, realistic value for the same concrete product subtype.","Change only this attribute; preserve product subtype and all unrelated facts, and update every title mention consistently.",cross_split_p80,Автотовары,override,53,"[{'attribute_key': 'партномер (артикул производителя)', 'support': 53}, {'attribute_key': 'артикул производителя', 'support': 52}, {'attribute_key': 'артикул', 'support': 10}, {'attribute_key': 'модель', 'support': 5}, {'attribute_key': 'код производителя', 'support': 2}]",500,450,50,0.9,197,175,22,0.8883248730964467,150,47,rp_e40136ecdd32dda3b17b0b40;rp_69829cd61bbd3603b737b972;rp_96159d9dd04609f8e2b35ff1,lf825m | db43024 | 1 987 946 065
gen_stat_979a3ab8d2742c08,stat_979a3ab8d2742c08,STAT_LABEL0_CROSS_SPLIT_MIN2_P80,0,size,different_value,statistical_atomic_difference,Размер,"Создай товар, где характеристику «Размер» можно изменить независимо. Не добавляй другие атрибуты, которые логически фиксируют её значение или станут противоречивыми после замены.",['Автотовары'],"Replace exactly this explicit attribute with a different, realistic value for the same concrete product subtype.","Change only this attribute; preserve product subtype and all unrelated facts, and update every title mention consistently.",cross_split_p80,Автотовары,override,0,[],25,25,0,1.0,3,3,0,1.0,2,1,rp_0996cfbef68de32bac6e69c3;rp_d9e800ac527e271dc192453f;rp_bbf0a700b71a383c5329ffcd,l(39-41см) | xl | 30x30x55см
gen_stat_a84c835d5883b6f9,stat_a84c835d5883b6f9,STAT_LABEL0_MIN2_P80,0,axis,different_value,statistical_atomic_difference,Ось,"Создай товар, где характеристику «Ось» можно изменить независимо. Не добавляй другие атрибуты, которые логически фиксируют её значение или станут противоречивыми после замены.",['Аптека'],"Replace exactly this explicit attribute with a different, realistic value for the same concrete product subtype.","Change only this attribute; preserve product subtype and all unrelated facts, and update every title mention consistently.",singleton_and_all_occurrence_p80,Аптека,static_pair_rule_mapping,1,"[{'attribute_key': 'ось (axis)', 'support': 1}, {'attribute_key': 'ось линзы', 'support': 1}, {'attribute_key': 'ось', 'support': 1}]",283,280,3,0.9893992932862191,2,2,0,1.0,2,0,rp_e685f396514d9431b6af86ba;rp_109955330cd81ab31a682e1e;rp_d324bd4c51e5bd6c8a4d8c9c,20 | 90 | 50
gen_stat_09b6d4cce9471325,stat_09b6d4cce9471325,STAT_LABEL0_MIN2_P80,0,diopters,different_value,statistical_atomic_difference,Оптическая сила,"Создай товар, где характеристику «Оптическая сила» можно изменить независимо. Не добавляй другие атрибуты, которые логически фиксируют её значение или станут противоречивыми после замены.",['Аптека'],"Replace exactly this explicit attribute with a different, realistic value for the same concrete product subtype.","Change only this attribute; preserve product subtype and all unrelated facts, and update every title mention consistently.",singleton_and_all_occurrence_p80,Аптека,override,4,"[{'attribute_key': 'оптическая сила', 'support': 4}, {'attribute_key': 'диоптрии', 'support': 2}]",302,302,0,1.0,4,4,0,1.0,4,0,rp_9f96c320e7e2ce94e830bb96;rp_241381d601363144f3367b64;rp_0dd7eee12b499e10ef8c6621,"-3,25 | +2.50 | -1.75"
gen_stat_e6eb4a85af3bf757,stat_e6eb4a85af3bf757,STAT_LABEL0_UNANIMOUS_OVERRIDE,0,flavor,different_value,statistical_atomic_difference,Вкус,"Создай товар, где характеристику «Вкус» можно изменить независимо. Не добавляй другие атрибуты, которые логически фиксируют её значение или станут противоречивыми после замены. В частности, не указывай состав, сырьё, конструкцию или назначение, которые верны только для исходного значения.",['Аптека'],"Replace exactly this explicit attribute with a different, realistic value for the same concrete product subtype.","Change only this attribute; preserve product subtype and all unrelated facts, and update every title mention consistently.",unanimous_singleton_override,Аптека,override,2,"[{'attribute_key': 'аромат/вкус', 'support': 2}, {'attribute_key': 'аромат', 'support': 1}]",9,6,3,0.6666666666666666,3,3,0,1.0,3,0,rp_3d8a84c363307236b65d7cff;rp_3da738399559e2744b99e64b;rp_42568abf1ae9015fec3396a8,без вкуса | фруктов | клубника
gen_stat_0df4e05fddba5602,stat_0df4e05fddba5602,STAT_LABEL0_CROSS_SPLIT_MIN2_P80,0,optical_power,different_value,statistical_atomic_difference,Оптическая сила,"Создай товар, где характеристику «Оптическая сила» можно изменить независимо. Не добавляй другие атрибуты, которые логически фиксируют её значение или станут противоречивыми после замены.",['Аптека'],"Replace exactly this explicit attribute with a different, realistic value for the same concrete product subtype.","Change only this attribute; preserve product subtype and all unrelated facts, and update every title mention consistently.",cross_split_p80,Аптека,override,39,"[{'attribute_key': 'оптическая сила', 'support': 39}, {'attribute_key': 'диоптрии', 'support': 6}]",1188,1187,1,0.9991582491582491,48,48,0,1.0,41,7,rp_74cd0be132fadd0f21dad35e;rp_e685f396514d9431b6af86ba;rp_f29d5c7c2fb8b8086ff942c9,"+3.25 | -0,75 | -1.50"
gen_stat_6100677137b95bbc,stat_6100677137b95bbc,STAT_LABEL0_UNANIMOUS_OVERRIDE,0,volume,different_value,statistical_atomic_difference,Объем,"Создай товар, где характеристику «Объем» можно изменить независимо. Не добавляй другие атрибуты, которые логически фиксируют её значение или станут противоречивыми после замены. Характеристика должна относиться к самому товару, а не к упаковке, доставке или приблизительному диапазону.",['Аптека'],"Replace exactly this explicit attribute with a different, realistic value for the same concrete product subtype.","Change only this attribute; preserve product subtype and all unrelated facts, and update every title mention consistently.",unanimous_singleton_override,Аптека,override,1,"[{'attribute_key': 'объем, мл', 'support': 1}]",13,8,5,0.6153846153846154,2,2,0,1.0,2,0,rp_3fb049daf133c6baff149aa5;rp_fca38eb1cb95321c4336dcc4;rp_e610f02d21488f8d9583f51b,30л | 59 мл | 25 г
gen_stat_35f442538ea613f7,stat_35f442538ea613f7,STAT_LABEL0_UNANIMOUS_OVERRIDE,0,laundry_purpose,different_value,statistical_atomic_difference,Назначение средства для стирки,"Создай товар, где характеристику «Назначение средства для стирки» можно изменить независимо. Не добавляй другие атрибуты, которые логически фиксируют её значение или станут противоречивыми после замены.",['Бытовая химия'],"Replace exactly this explicit attribute with a different, realistic value for the same concrete product subtype.","Change only this attribute; preserve product subtype and all unrelated facts, and update every title mention consistently.",unanimous_singleton_override,Бытовая химия,override,4,"[{'attribute_key': 'назначение средства для стирки', 'support': 4}, {'attribute_key': 'назначение', 'support': 2}, {'attribute_key': 'назначение стирального средства', 'support': 1}, {'attribute_key': 'эффект средства', 'support': 1}]",45,29,16,0.6444444444444445,5,5,0,1.0,5,0,rp_633ea071592841a810fcc27c;rp_5e0ef96fbb1b6816062963e9;rp_59b369d4c6f87fa5db019562,для белых тканей | для белых тканей | для черных и темных тканей
gen_stat_ac1c78f5ecb1d2ed,stat_ac1c78f5ecb1d2ed,STAT_LABEL0_CROSS_SPLIT_MIN2_P80,0,package_quantity,different_value,statistical_atomic_difference,Количество в упаковке,"Создай товар, где характеристику «Количество в упаковке» можно изменить независимо. Не добавляй другие атрибуты, которые логически фиксируют её значение или станут противоречивыми после замены. Не дублируй количество в комплектации или других числовых полях; целевое значение относится именно к числу одинаковых единиц товара.",['Бытовая химия'],"Replace exactly this explicit attribute with a different, realistic value for the same concrete product subtype.","Change only this attribute; preserve product subtype and all unrelated facts, and update every title mention consistently.",cross_split_p80,Бытовая химия,override,48,"[{'attribute_key': 'комплектация', 'support': 48}, {'attribute_key': 'единиц в одном товаре', 'support': 39}, {'attribute_key': 'количество предметов в упаковке', 'support': 10}, {'attribute_key': 'количество таблеток/капсул в одной упаковке, шт', 'support': 7}, {'attribute_key': 'количество упаковок', 'support': 5}]",421,380,41,0.9026128266033254,99,88,11,0.8888888888888888,75,24,rp_7e296ca7c6c71c2bd51a27e6;rp_a64d7b0e2e62cf8cc420f426;rp_a327e4747d2d7b2bdc5c2492,90 шт | 3 | 4 шт
gen_stat_c781aabd2636165c,stat_c781aabd2636165c,STAT_LABEL0_UNANIMOUS_OVERRIDE,0,target_audience,different_value,statistical_atomic_difference,Целевая аудитория,"Создай товар, где характеристику «Целевая аудитория» можно изменить независимо. Не добавляй другие атрибуты, которые логически фиксируют её значение или станут противоречивыми после замены.",['Бытовая химия'],"Replace exactly this explicit attribute with a different, realistic value for the same concrete product subtype.","Change only this attribute; preserve product subtype and all unrelated facts, and update every title mention consistently.",cross_split_p80,Бытовая химия,override,2,"[{'attribute_key': 'комплектация', 'support': 2}, {'attribute_key': 'назначение моющего, чистящего средства', 'support': 1}]",31,21,10,0.6774193548387096,3,3,0,1.0,1,2,rp_75b684a5c8a505b95107dbb6;rp_ce410392982375a5d2463aa6;rp_de0d3f84c3fbab080da9f6d7,для деликатных тканей | универсальный | штука
gen_stat_518f6e0fc00c16b8,stat_518f6e0fc00c16b8,STAT_LABEL0_MIN2_P80,0,case_diameter,different_value,statistical_atomic_difference,Диаметр корпуса,"Создай товар, где характеристику «Диаметр корпуса» можно изменить независимо. Не добавляй другие атрибуты, которые логически фиксируют её значение или станут противоречивыми после замены.",['Галантерея и аксессуары'],"Replace exactly this explicit attribute with a different, realistic value for the same concrete product subtype.","Change only this attribute; preserve product subtype and all unrelated facts, and update every title mention consistently.",singleton_and_all_occurrence_p80,Галантерея и аксессуары,static_pair_rule_mapping,2,"[{'attribute_key': 'диаметр корпуса, мм', 'support': 2}, {'attribute_key': 'диаметр корпуса', 'support': 2}]",226,204,22,0.9026548672566371,2,2,0,1.0,2,0,rp_a5131ad7924874d75d58c50b;rp_75ecc911c39c3b51e0eeb251;rp_b8b54e9dc9ab26b623c5bbbe,5 см | 34 | 45
gen_stat_9f41ae3bae155bf2,stat_9f41ae3bae155bf2,STAT_LABEL0_CROSS_SPLIT_MIN2_P80,0,collection,different_value,statistical_atomic_difference,коллекция,"Создай товар, где характеристику «коллекция» можно изменить независимо. Не добавляй другие атрибуты, которые логически фиксируют её значение или станут противоречивыми после замены.",['Галантерея и аксессуары'],"Replace exactly this explicit attribute with a different, realistic value for the same concrete product subtype.","Change only this attribute; preserve product subtype and all unrelated facts, and update every title mention consistently.",cross_split_p80,Галантерея и аксессуары,dominant_singleton_evidence,6,"[{'attribute_key': 'коллекция', 'support': 6}]",176,155,21,0.8806818181818182,3,3,0,1.0,1,2,rp_9100eda40ba850ca52016fb3;rp_8b13718e9e261ba695b66ef2;rp_9e4b110efe9771b928cc9a65,весна-лето 2023 | базовая коллекция | базовая коллекция
gen_stat_1063e98aa8c74d18,stat_1063e98aa8c74d18,STAT_LABEL0_CROSS_SPLIT_MIN2_P80,0,gender,different_value,statistical_atomic_difference,пол,"Создай товар, где характеристику «пол» можно изменить независимо. Не добавляй другие атрибуты, которые логически фиксируют её значение или станут противоречивыми после замены.",['Галантерея и аксессуары'],"Replace exactly this explicit attribute with a different, realistic value for the same concrete product subtype.","Change only this attribute; preserve product subtype and all unrelated facts, and update every title mention consistently.",cross_split_p80,Галантерея и аксессуары,dominant_singleton_evidence,45,"[{'attribute_key': 'пол', 'support': 45}]",333,284,49,0.8528528528528528,23,21,2,0.9130434782608695,21,2,rp_4b3ba8ef032b1522057be2ca;rp_3be2342bbc07bc9a9bff88dd;rp_18a1f88dfc944bf2ca167b3b,унисекс | универсальный | девочки
gen_stat_f54f5dde2d6be3d4,stat_f54f5dde2d6be3d4,STAT_LABEL0_CROSS_SPLIT_MIN2_P80,0,size,different_value,statistical_atomic_difference,Размер,"Создай товар, где характеристику «Размер» можно изменить независимо. Не добавляй другие атрибуты, которые логически фиксируют её значение или станут противоречивыми после замены.",['Галантерея и аксессуары'],"Replace exactly this explicit attribute with a different, realistic value for the same concrete product subtype.","Change only this attribute; preserve product subtype and all unrelated facts, and update every title mention consistently.",cross_split_p80,Галантерея и аксессуары,override,4,"[{'attribute_key': 'размер изделия', 'support': 4}, {'attribute_key': 'российский размер', 'support': 4}, {'attribute_key': 'размер чемодана', 'support': 1}, {'attribute_key': 'ширина предмета', 'support': 1}, {'attribute_key': 'размер браслета', 'support': 1}]",144,119,25,0.8263888888888888,9,8,1,0.8888888888888888,6,3,rp_72ff7ca8b707565e913305a1;rp_22aef6292c26c91b054829bb;rp_f3f82949c033193f8bef1e43,крупные | d-8см | безразмерный
gen_stat_1c0182c032bfaa74,stat_1c0182c032bfaa74,STAT_LABEL0_MIN2_P80,0,car_brand,different_value,statistical_atomic_difference,Марка автомобиля,"Создай товар, где характеристику «Марка автомобиля» можно изменить независимо. Не добавляй другие атрибуты, которые логически фиксируют её значение или станут противоречивыми после замены.",['Детские товары'],"Replace exactly this explicit attribute with a different, realistic value for the same concrete product subtype.","Change only this attribute; preserve product subtype and all unrelated facts, and update every title mention consistently.",singleton_and_all_occurrence_p80,Детские товары,override,4,"[{'attribute_key': 'марка автомобиля', 'support': 4}]",13,12,1,0.9230769230769231,3,3,0,1.0,3,0,rp_ac2de7d47c1e213d00f65704;rp_9de1145539052bb1eb2d2dfe;rp_d3f27a78627fb910bfdbf796,jeep | volvo | shelby
gen_stat_54a58c2a7d9f41e1,stat_54a58c2a7d9f41e1,STAT_LABEL0_MIN2_P80,0,item_count,different_value,statistical_atomic_difference,Количество предметов,"Создай товар, где характеристику «Количество предметов» можно изменить независимо. Не добавляй другие атрибуты, которые логически фиксируют её значение или станут противоречивыми после замены.",['Детские товары'],"Replace exactly this explicit attribute with a different, realistic value for the same concrete product subtype.","Change only this attribute; preserve product subtype and all unrelated facts, and update every title mention consistently.",singleton_and_all_occurrence_p80,Детские товары,override,1,"[{'attribute_key': 'количество элементов, шт', 'support': 1}, {'attribute_key': 'комплектация', 'support': 1}]",10,8,2,0.8,3,3,0,1.0,3,0,rp_9ca8a9a61e6183a45b3ae0e6;rp_e6cf9368802f9c744e194859;rp_2f2c3e53bb1cea457ef73f28,8 элементов | 15 | 12 элементов
gen_stat_16ef275babeb20cf,stat_16ef275babeb20cf,STAT_LABEL0_UNANIMOUS_OVERRIDE,0,packaging_type,different_value,statistical_atomic_difference,Тип упаковки,"Создай товар, где характеристику «Тип упаковки» можно изменить независимо. Не добавляй другие атрибуты, которые логически фиксируют её значение или станут противоречивыми после замены.",['Детские товары'],"Replace exactly this explicit attribute with a different, realistic value for the same concrete product subtype.","Change only this attribute; preserve product subtype and all unrelated facts, and update every title mention consistently.",unanimous_singleton_override,Детские товары,override,2,"[{'attribute_key': 'комплектация', 'support': 2}]",5,3,2,0.6,2,2,0,1.0,2,0,rp_7f162cc9c2385aff5f032dee;rp_3ddf6de18eb74d2aff9677c6;rp_f1251e108563f6cada6034a5,"подар. коробка | товар в фабричной упаковке | набор инерц. строит. машин 4 шт.,серия мир micro игрушек, crd 13,5 см, арт.m7618-2"
gen_stat_b6188f4a38bd607b,stat_b6188f4a38bd607b,STAT_LABEL0_UNANIMOUS_OVERRIDE,0,vehicle_type,different_value,statistical_atomic_difference,Тип транспорта,"Создай товар, где характеристику «Тип транспорта» можно изменить независимо. Не добавляй другие атрибуты, которые логически фиксируют её значение или станут противоречивыми после замены. В частности, не указывай состав, сырьё, конструкцию или назначение, которые верны только для исходного значения.",['Детские товары'],"Replace exactly this explicit attribute with a different, realistic value for the same concrete product subtype.","Change only this attribute; preserve product subtype and all unrelated facts, and update every title mention consistently.",unanimous_singleton_override,Детские товары,override,2,"[{'attribute_key': 'тип', 'support': 2}, {'attribute_key': 'вид спецтехники', 'support': 1}]",24,15,9,0.625,2,2,0,1.0,2,0,rp_b3bc9255d775421d08e5c503;rp_7211b06e646cb5a639cc1e30;rp_3e4c2560bde3da4b58ba82bf,спецтехника | масштабные модели | машина
gen_stat_cdcd6c1c0db51084,stat_cdcd6c1c0db51084,STAT_LABEL0_CROSS_SPLIT_MIN2_P80,0,package_quantity,different_value,statistical_atomic_difference,Количество в упаковке,"Создай товар, где характеристику «Количество в упаковке» можно изменить независимо. Не добавляй другие атрибуты, которые логически фиксируют её значение или станут противоречивыми после замены. Не дублируй количество в комплектации или других числовых полях; целевое значение относится именно к числу одинаковых единиц товара.",['Дом и сад'],"Replace exactly this explicit attribute with a different, realistic value for the same concrete product subtype.","Change only this attribute; preserve product subtype and all unrelated facts, and update every title mention consistently.",cross_split_p80,Дом и сад,override,27,"[{'attribute_key': 'комплектация', 'support': 27}, {'attribute_key': 'количество заводских упаковок', 'support': 5}, {'attribute_key': 'количество в упаковке, шт.', 'support': 4}, {'attribute_key': 'количество предметов', 'support': 4}, {'attribute_key': 'количество предметов в упаковке', 'support': 3}]",235,213,22,0.9063829787234042,42,36,6,0.8571428571428571,35,7,rp_59fbd245403de0477e3cd456;rp_933f47f9efaad0511308359e;rp_38aa86445dfd477787d696f6,2 шторы | 2 | 1
gen_stat_f51480fbf68beb8b,stat_f51480fbf68beb8b,STAT_LABEL0_MIN2_P80,0,variety,different_value,statistical_atomic_difference,сорт семян,"Создай товар, где характеристику «сорт семян» можно изменить независимо. Не добавляй другие атрибуты, которые логически фиксируют её значение или станут противоречивыми после замены.",['Дом и сад'],"Replace exactly this explicit attribute with a different, realistic value for the same concrete product subtype.","Change only this attribute; preserve product subtype and all unrelated facts, and update every title mention consistently.",singleton_and_all_occurrence_p80,Дом и сад,dominant_singleton_evidence,3,"[{'attribute_key': 'сорт семян', 'support': 3}, {'attribute_key': 'вид посадочного материала', 'support': 1}, {'attribute_key': 'вид семян', 'support': 1}, {'attribute_key': 'комплектация', 'support': 1}]",50,48,2,0.96,10,9,1,0.9,10,0,rp_070ac9566ee2ea3b27a4f8af;rp_8fc17c75e68e0b855e8c2f28;rp_69ebf8580d5984fc669b8bfc,трюфель желтый | здравница | викторианская смесь
gen_stat_3b83d08e1b18148e,stat_3b83d08e1b18148e,STAT_LABEL0_CROSS_SPLIT_MIN2_P80,0,volume,different_value,statistical_atomic_difference,Объем,"Создай товар, где характеристику «Объем» можно изменить независимо. Не добавляй другие атрибуты, которые логически фиксируют её значение или станут противоречивыми после замены. Характеристика должна относиться к самому товару, а не к упаковке, доставке или приблизительному диапазону.",['Дом и сад'],"Replace exactly this explicit attribute with a different, realistic value for the same concrete product subtype.","Change only this attribute; preserve product subtype and all unrelated facts, and update every title mention consistently.",cross_split_p80,Дом и сад,override,5,"[{'attribute_key': 'объем, л', 'support': 5}, {'attribute_key': 'объем товара', 'support': 2}, {'attribute_key': 'объем, мл', 'support': 1}, {'attribute_key': 'объем (л)', 'support': 1}, {'attribute_key': 'объем', 'support': 1}]",100,92,8,0.92,10,9,1,0.9,8,2,rp_2901806419ba2112a9025409;rp_5747fa83096354dae56c6a19;rp_ab65a7d196eb29ab2106952a,5л | 1.35 л | 300
gen_stat_65c037ae6a3485a8,stat_65c037ae6a3485a8,STAT_LABEL0_CROSS_SPLIT_MIN2_P80,0,width,different_value,statistical_atomic_difference,Ширина,"Создай товар, где характеристику «Ширина» можно изменить независимо. Не добавляй другие атрибуты, которые логически фиксируют её значение или станут противоречивыми после замены. Характеристика должна относиться к самому товару, а не к упаковке, доставке или приблизительному диапазону.",['Дом и сад'],"Replace exactly this explicit attribute with a different, realistic value for the same concrete product subtype.","Change only this attribute; preserve product subtype and all unrelated facts, and update every title mention consistently.",cross_split_p80,Дом и сад,override,2,"[{'attribute_key': 'ширина, см', 'support': 2}, {'attribute_key': 'ширина штор', 'support': 1}]",403,386,17,0.9578163771712159,4,4,0,1.0,3,1,rp_59fbd245403de0477e3cd456;rp_933f47f9efaad0511308359e;rp_f1e01889b032f48f04c78fbc,130 | 300 | 150
gen_stat_996fafdc2dd9e7b1,stat_996fafdc2dd9e7b1,STAT_LABEL0_CROSS_SPLIT_MIN2_P80,0,brush_size,different_value,statistical_atomic_difference,кисть №,"Создай товар, где характеристику «кисть №» можно изменить независимо. Не добавляй другие атрибуты, которые логически фиксируют её значение или станут противоречивыми после замены.",['Канцелярские товары'],"Replace exactly this explicit attribute with a different, realistic value for the same concrete product subtype.","Change only this attribute; preserve product subtype and all unrelated facts, and update every title mention consistently.",cross_split_p80,Канцелярские товары,dominant_singleton_evidence,2,"[{'attribute_key': 'кисть №', 'support': 2}]",15,15,0,1.0,5,5,0,1.0,4,1,rp_9ec1459172a073d60cf15abf;rp_01c09a2b04c223843277d0e4;rp_b7d39e79510e79e2de95e01f,№ 8 | 6 | №4
gen_stat_24ec1f6dcc6d4ae2,stat_24ec1f6dcc6d4ae2,STAT_LABEL0_MIN2_P80,0,density,different_value,statistical_atomic_difference,"плотность, г/м2","Создай товар, где характеристику «плотность, г/м2» можно изменить независимо. Не добавляй другие атрибуты, которые логически фиксируют её значение или станут противоречивыми после замены.",['Канцелярские товары'],"Replace exactly this explicit attribute with a different, realistic value for the same concrete product subtype.","Change only this attribute; preserve product subtype and all unrelated facts, and update every title mention consistently.",singleton_and_all_occurrence_p80,Канцелярские товары,dominant_singleton_evidence,2,"[{'attribute_key': 'плотность, г/м2', 'support': 2}, {'attribute_key': 'плотность бумаги', 'support': 1}, {'attribute_key': 'плотность', 'support': 1}]",22,19,3,0.8636363636363636,3,3,0,1.0,3,0,rp_e5d270935466ed56576bf5c6;rp_727a5e10c82a23a99175ee7c;rp_e4521816ab5a157bef84c085,170 | 200 г/м2 | 90г/м2
gen_stat_1141dcc320c12eac,stat_1141dcc320c12eac,STAT_LABEL0_MIN2_P80,0,diameter,different_value,statistical_atomic_difference,Диаметр,"Создай товар, где характеристику «Диаметр» можно изменить независимо. Не добавляй другие атрибуты, которые логически фиксируют её значение или станут противоречивыми после замены. Характеристика должна относиться к самому товару, а не к упаковке, доставке или приблизительному диапазону.",['Канцелярские товары'],"Replace exactly this explicit attribute with a different, realistic value for the same concrete product subtype.","Change only this attribute; preserve product subtype and all unrelated facts, and update every title mention consistently.",singleton_and_all_occurrence_p80,Канцелярские товары,static_pair_rule_mapping,0,[],13,13,0,1.0,2,2,0,1.0,2,0,rp_60cebad6d8ac4eb247e136ad;rp_65f9f37f7ffe176ce0475902;rp_9ccdd72644ea3a2d87a9e143,12мм | 21 см | 19 мм
gen_stat_435820ac094e8d4d,stat_435820ac094e8d4d,STAT_LABEL0_MIN2_P80,0,ink_color,different_value,statistical_atomic_difference,цвет чернил,"Создай товар, где характеристику «цвет чернил» можно изменить независимо. Не добавляй другие атрибуты, которые логически фиксируют её значение или станут противоречивыми после замены.",['Канцелярские товары'],"Replace exactly this explicit attribute with a different, realistic value for the same concrete product subtype.","Change only this attribute; preserve product subtype and all unrelated facts, and update every title mention consistently.",singleton_and_all_occurrence_p80,Канцелярские товары,dominant_singleton_evidence,3,"[{'attribute_key': 'цвет чернил', 'support': 3}, {'attribute_key': 'цвет товара', 'support': 1}]",37,30,7,0.8108108108108109,2,2,0,1.0,2,0,rp_3b3290edeae461a778020199;rp_578ba8472c9b65bd9e75b0dc;rp_9bd5d15bd1e645269a28c78d,айдар | синий | cиний+синий
gen_stat_4ccfc23c5e79364d,stat_4ccfc23c5e79364d,STAT_LABEL0_MIN2_P80,0,length,different_value,statistical_atomic_difference,Длина,"Создай товар, где характеристику «Длина» можно изменить независимо. Не добавляй другие атрибуты, которые логически фиксируют её значение или станут противоречивыми после замены. Характеристика должна относиться к самому товару, а не к упаковке, доставке или приблизительному диапазону.",['Канцелярские товары'],"Replace exactly this explicit attribute with a different, realistic value for the same concrete product subtype.","Change only this attribute; preserve product subtype and all unrelated facts, and update every title mention consistently.",singleton_and_all_occurrence_p80,Канцелярские товары,override,1,"[{'attribute_key': 'длина предмета', 'support': 1}, {'attribute_key': 'длина корпуса, мм', 'support': 1}, {'attribute_key': 'длина, см', 'support': 1}]",24,22,2,0.9166666666666666,2,2,0,1.0,2,0,rp_e4521816ab5a157bef84c085;rp_52ec7d5fa1866f0c7486de8e;rp_302ce964078214abf6da05f4,45м | 200 мм | 1000
gen_stat_0a36aff82f2fc1b2,stat_0a36aff82f2fc1b2,STAT_LABEL0_MIN2_P80,0,paper_density,different_value,statistical_atomic_difference,Плотность бумаги,"Создай товар, где характеристику «Плотность бумаги» можно изменить независимо. Не добавляй другие атрибуты, которые логически фиксируют её значение или станут противоречивыми после замены.",['Канцелярские товары'],"Replace exactly this explicit attribute with a different, realistic value for the same concrete product subtype.","Change only this attribute; preserve product subtype and all unrelated facts, and update every title mention consistently.",singleton_and_all_occurrence_p80,Канцелярские товары,override,1,"[{'attribute_key': 'плотность бумаги, г/м2', 'support': 1}, {'attribute_key': 'плотность бумаги', 'support': 1}]",27,23,4,0.8518518518518519,2,2,0,1.0,2,0,rp_eaa93077f219b0063d6e5657;rp_931903ff8e9fc7d4a67f6cb7;rp_3998daaf023be0f15eb194d8,65 г/м2 | 180гм2 | 65 г/м2
gen_stat_5ac730854ab74fdf,stat_5ac730854ab74fdf,STAT_LABEL0_CROSS_SPLIT_MIN2_P80,0,size,different_value,statistical_atomic_difference,Размер,"Создай товар, где характеристику «Размер» можно изменить независимо. Не добавляй другие атрибуты, которые логически фиксируют её значение или станут противоречивыми после замены.",['Канцелярские товары'],"Replace exactly this explicit attribute with a different, realistic value for the same concrete product subtype.","Change only this attribute; preserve product subtype and all unrelated facts, and update every title mention consistently.",cross_split_p80,Канцелярские товары,override,1,"[{'attribute_key': 'размер зажима, мм', 'support': 1}]",39,38,1,0.9743589743589743,3,3,0,1.0,2,1,rp_27c0b2794b4b0f1bd7ef0750;rp_fb9298233e31a99bb40a97de;rp_967c401e70602bcec936eef8,240х320 мм | 100х100 мм | 154 х 165 см
gen_stat_8073ba232b7b406b,stat_8073ba232b7b406b,STAT_LABEL0_CROSS_SPLIT_MIN2_P80,0,staple_size,different_value,statistical_atomic_difference,размер скоб,"Создай товар, где характеристику «размер скоб» можно изменить независимо. Не добавляй другие атрибуты, которые логически фиксируют её значение или станут противоречивыми после замены.",['Канцелярские товары'],"Replace exactly this explicit attribute with a different, realistic value for the same concrete product subtype.","Change only this attribute; preserve product subtype and all unrelated facts, and update every title mention consistently.",cross_split_p80,Канцелярские товары,dominant_singleton_evidence,3,"[{'attribute_key': 'размер скоб', 'support': 3}]",2,2,0,1.0,2,2,0,1.0,1,1,rp_29df99e91c6abbfd5de34550;rp_099a648772822cb2d62b2ffa,23/23 | 24/6
gen_stat_94baa5f527a0008c,stat_94baa5f527a0008c,STAT_LABEL0_MIN2_P80,0,weight,different_value,statistical_atomic_difference,Вес изделия,"Создай товар, где характеристику «Вес изделия» можно изменить независимо. Не добавляй другие атрибуты, которые логически фиксируют её значение или станут противоречивыми после замены. Характеристика должна относиться к самому товару, а не к упаковке, доставке или приблизительному диапазону.",['Канцелярские товары'],"Replace exactly this explicit attribute with a different, realistic value for the same concrete product subtype.","Change only this attribute; preserve product subtype and all unrelated facts, and update every title mention consistently.",singleton_and_all_occurrence_p80,Канцелярские товары,override,0,[],49,42,7,0.8571428571428571,2,2,0,1.0,2,0,rp_6d51d75404b4a99d7b30f663;rp_7f61bfe8ba1f70804253a145;rp_3f11d935a2e3bd732bcbbf82,0.93 кг | 0.59 кг | 5 кг
gen_stat_39d00690a839dcd4,stat_39d00690a839dcd4,STAT_LABEL0_CROSS_SPLIT_MIN2_P80,0,curl,different_value,statistical_atomic_difference,изгиб ресниц,"Создай товар, где характеристику «изгиб ресниц» можно изменить независимо. Не добавляй другие атрибуты, которые логически фиксируют её значение или станут противоречивыми после замены.",['Красота и гигиена'],"Replace exactly this explicit attribute with a different, realistic value for the same concrete product subtype.","Change only this attribute; preserve product subtype and all unrelated facts, and update every title mention consistently.",cross_split_p80,Красота и гигиена,dominant_singleton_evidence,8,"[{'attribute_key': 'изгиб ресниц', 'support': 8}, {'attribute_key': 'изгиб', 'support': 1}]",94,93,1,0.9893617021276596,8,8,0,1.0,7,1,rp_3ef1998ac19da2ada11d81d9;rp_2ee631aa055b3a15e6100f25;rp_8875bbcf7e4bc6296f8730de,cc | l | m
gen_stat_43be885a48aa2d01,stat_43be885a48aa2d01,STAT_LABEL0_UNANIMOUS_OVERRIDE,0,ingredients,different_value,statistical_atomic_difference,Состав,"Создай товар, где характеристику «Состав» можно изменить независимо. Не добавляй другие атрибуты, которые логически фиксируют её значение или станут противоречивыми после замены. В частности, не указывай состав, сырьё, конструкцию или назначение, которые верны только для исходного значения.",['Красота и гигиена'],"Replace exactly this explicit attribute with a different, realistic value for the same concrete product subtype.","Change only this attribute; preserve product subtype and all unrelated facts, and update every title mention consistently.",unanimous_singleton_override,Красота и гигиена,override,2,"[{'attribute_key': 'состав', 'support': 2}]",59,38,21,0.6440677966101694,2,2,0,1.0,2,0,rp_421d2e3825b21ca67a8de628;rp_a876ce18d7364ca122cb080f;rp_247b8356ff668ea34de71b0d,"уголь, лакрица | питательные элементы,косметическая основа 50% | вода, лимонная кислота, линалоол, аргановое масло, ферменты, пантенол, кокамидопропил бетаин, полисорбат 20, макадамии масло, розмарин, бензоат натрия"
gen_stat_6a1f354f7ae1c2fe,stat_6a1f354f7ae1c2fe,STAT_LABEL0_MIN2_P80,0,length,different_value,statistical_atomic_difference,Длина,"Создай товар, где характеристику «Длина» можно изменить независимо. Не добавляй другие атрибуты, которые логически фиксируют её значение или станут противоречивыми после замены. Характеристика должна относиться к самому товару, а не к упаковке, доставке или приблизительному диапазону.",['Красота и гигиена'],"Replace exactly this explicit attribute with a different, realistic value for the same concrete product subtype.","Change only this attribute; preserve product subtype and all unrelated facts, and update every title mention consistently.",singleton_and_all_occurrence_p80,Красота и гигиена,override,2,"[{'attribute_key': 'длина ресниц, мм', 'support': 2}, {'attribute_key': 'длина ресниц', 'support': 1}]",93,93,0,1.0,5,5,0,1.0,5,0,rp_8875bbcf7e4bc6296f8730de;rp_37b1c6cc20f0bc8ba9355646;rp_907d51d617ea3fda74a01caa,8 | 7 мм | 6 мм
gen_stat_7b9fa574322ba913,stat_7b9fa574322ba913,STAT_LABEL0_MIN2_P80,0,length_mm,different_value,statistical_atomic_difference,Длина,"Создай товар, где характеристику «Длина» можно изменить независимо. Не добавляй другие атрибуты, которые логически фиксируют её значение или станут противоречивыми после замены. Характеристика должна относиться к самому товару, а не к упаковке, доставке или приблизительному диапазону.",['Красота и гигиена'],"Replace exactly this explicit attribute with a different, realistic value for the same concrete product subtype.","Change only this attribute; preserve product subtype and all unrelated facts, and update every title mention consistently.",singleton_and_all_occurrence_p80,Красота и гигиена,override,2,"[{'attribute_key': 'длина ресниц', 'support': 2}]",19,19,0,1.0,2,2,0,1.0,2,0,rp_d7cc85c9c70afe54cbc35f3d;rp_fae3f7ca849a0a976fea203b;rp_afea46a0dd17c77177f5f747,13 | 10 | 10
gen_stat_0d4a44b88e72ee15,stat_0d4a44b88e72ee15,STAT_LABEL0_CROSS_SPLIT_MIN2_P80,0,model,different_value,statistical_atomic_difference,Модель,"Создай товар, где характеристику «Модель» можно изменить независимо. Не добавляй другие атрибуты, которые логически фиксируют её значение или станут противоречивыми после замены.",['Красота и гигиена'],"Replace exactly this explicit attribute with a different, realistic value for the same concrete product subtype.","Change only this attribute; preserve product subtype and all unrelated facts, and update every title mention consistently.",cross_split_p80,Красота и гигиена,override,1,"[{'attribute_key': 'модель', 'support': 1}]",198,178,20,0.898989898989899,23,22,1,0.9565217391304348,20,3,rp_e2e7799e087c3620fcc0458b;rp_cf4f73a9d226fee40bf752bc;rp_a2528db7f16468eb2becac87,be yourself born to glow | arabian passion | mg3710/15
gen_stat_f49b51b98118f76e,stat_f49b51b98118f76e,STAT_LABEL0_MIN2_P80,0,package_quantity,different_value,statistical_atomic_difference,Количество в упаковке,"Создай товар, где характеристику «Количество в упаковке» можно изменить независимо. Не добавляй другие атрибуты, которые логически фиксируют её значение или станут противоречивыми после замены. Не дублируй количество в комплектации или других числовых полях; целевое значение относится именно к числу одинаковых единиц товара.",['Красота и гигиена'],"Replace exactly this explicit attribute with a different, realistic value for the same concrete product subtype.","Change only this attribute; preserve product subtype and all unrelated facts, and update every title mention consistently.",singleton_and_all_occurrence_p80,Красота и гигиена,override,27,"[{'attribute_key': 'единиц в одном товаре', 'support': 27}, {'attribute_key': 'комплектация', 'support': 12}, {'attribute_key': 'количество предметов в упаковке', 'support': 7}, {'attribute_key': 'количество в упаковке, шт', 'support': 5}, {'attribute_key': 'количество в упаковке, шт.', 'support': 2}]",182,163,19,0.8956043956043956,47,42,5,0.8936170212765957,39,8,rp_94f68726dfa2c7af52b35bb7;rp_5f12d2462f8d2e47546e3c66;rp_e3c6ebaa12435596ff0e0a9d,24 шт прокладок | 2 шт | 1
gen_stat_315cedabd504dc26,stat_315cedabd504dc26,STAT_LABEL0_CROSS_SPLIT_MIN2_P80,0,thickness,different_value,statistical_atomic_difference,Толщина,"Создай товар, где характеристику «Толщина» можно изменить независимо. Не добавляй другие атрибуты, которые логически фиксируют её значение или станут противоречивыми после замены.",['Красота и гигиена'],"Replace exactly this explicit attribute with a different, realistic value for the same concrete product subtype.","Change only this attribute; preserve product subtype and all unrelated facts, and update every title mention consistently.",cross_split_p80,Красота и гигиена,static_pair_rule_mapping,1,"[{'attribute_key': 'толщина ресниц, мм', 'support': 1}, {'attribute_key': 'толщина ресниц', 'support': 1}]",69,69,0,1.0,2,2,0,1.0,1,1,rp_2ee631aa055b3a15e6100f25;rp_92fa00e1a02fadac91457b1d;rp_c9ad719407774d36533e942c,"0.10 | 0,10 | 0,15 мм"
gen_stat_2a0863ca41a55dba,stat_2a0863ca41a55dba,STAT_LABEL0_CROSS_SPLIT_MIN2_P80,0,color,different_value,statistical_atomic_difference,Цвет товара,"Создай товар, где характеристику «Цвет товара» можно изменить независимо. Не добавляй другие атрибуты, которые логически фиксируют её значение или станут противоречивыми после замены.",['Мебель'],"Replace exactly this explicit attribute with a different, realistic value for the same concrete product subtype.","Change only this attribute; preserve product subtype and all unrelated facts, and update every title mention consistently.",cross_split_p80,Мебель,override,91,"[{'attribute_key': 'цвет товара', 'support': 91}, {'attribute_key': 'название цвета', 'support': 11}, {'attribute_key': 'цвет', 'support': 9}, {'attribute_key': 'цвет обивки', 'support': 2}, {'attribute_key': 'цвет корпуса', 'support': 1}]",1625,1433,192,0.8818461538461538,69,57,12,0.8260869565217391,55,14,rp_91d000514a4160014fc4e996;rp_5c0091460e160b2f734944ae;rp_d5f91436e62f3ef8b98181dd,белое стекло | ясень анкор светлый | береза
gen_stat_d21d4443526c32e6,stat_d21d4443526c32e6,STAT_LABEL0_CROSS_SPLIT_MIN2_P80,0,model,different_value,statistical_atomic_difference,Модель,"Создай товар, где характеристику «Модель» можно изменить независимо. Не добавляй другие атрибуты, которые логически фиксируют её значение или станут противоречивыми после замены.",['Мебель'],"Replace exactly this explicit attribute with a different, realistic value for the same concrete product subtype.","Change only this attribute; preserve product subtype and all unrelated facts, and update every title mention consistently.",cross_split_p80,Мебель,override,1,"[{'attribute_key': 'артикул', 'support': 1}, {'attribute_key': 'артикул производителя', 'support': 1}]",570,513,57,0.9,6,6,0,1.0,4,2,rp_d55e0dc8a3101ceb30376a6c;rp_d38d22578678f613adf36385;rp_82d822485fae1f69f5b0f6a0,mary | samurai kl-1.04 mpes b-edition | клайд
gen_stat_dd5f8a274e82f18d,stat_dd5f8a274e82f18d,STAT_LABEL0_CROSS_SPLIT_MIN2_P80,0,orientation,different_value,statistical_atomic_difference,Ориентация,"Создай товар, где характеристику «Ориентация» можно изменить независимо. Не добавляй другие атрибуты, которые логически фиксируют её значение или станут противоречивыми после замены.",['Мебель'],"Replace exactly this explicit attribute with a different, realistic value for the same concrete product subtype.","Change only this attribute; preserve product subtype and all unrelated facts, and update every title mention consistently.",cross_split_p80,Мебель,static_pair_rule_mapping,1,"[{'attribute_key': 'ориентация', 'support': 1}]",151,140,11,0.9271523178807947,2,2,0,1.0,1,1,rp_048d7fd22bc3aa7f1bcb9509;rp_2501e486ceed153c22c3febc;rp_07c59c27036d7c6b222b7d24,левый | универсальное | правый
gen_stat_cdb1b2cbce63750b,stat_cdb1b2cbce63750b,STAT_LABEL0_MIN2_P80,0,package_quantity,different_value,statistical_atomic_difference,Количество в упаковке,"Создай товар, где характеристику «Количество в упаковке» можно изменить независимо. Не добавляй другие атрибуты, которые логически фиксируют её значение или станут противоречивыми после замены. Не дублируй количество в комплектации или других числовых полях; целевое значение относится именно к числу одинаковых единиц товара.",['Мебель'],"Replace exactly this explicit attribute with a different, realistic value for the same concrete product subtype.","Change only this attribute; preserve product subtype and all unrelated facts, and update every title mention consistently.",singleton_and_all_occurrence_p80,Мебель,override,1,"[{'attribute_key': 'количество в комплекте, шт.', 'support': 1}]",30,29,1,0.9666666666666667,3,3,0,1.0,3,0,rp_3d84d658b60cc329098e5f0c;rp_28248313f56a8cd64d698f67;rp_d77181ce9cd57f3caeb75090,1 | 2 шт. | 2 шт.
gen_stat_aad8fb1ebbd5fa2a,stat_aad8fb1ebbd5fa2a,STAT_LABEL0_CROSS_SPLIT_MIN2_P80,0,sink_included,different_value,statistical_atomic_difference,раковина в комплекте,"Создай товар, где характеристику «раковина в комплекте» можно изменить независимо. Не добавляй другие атрибуты, которые логически фиксируют её значение или станут противоречивыми после замены.",['Мебель'],"Replace exactly this explicit attribute with a different, realistic value for the same concrete product subtype.","Change only this attribute; preserve product subtype and all unrelated facts, and update every title mention consistently.",cross_split_p80,Мебель,dominant_singleton_evidence,4,"[{'attribute_key': 'раковина в комплекте', 'support': 4}]",16,13,3,0.8125,2,2,0,1.0,1,1,rp_a93762602eedb5acbfa5e6d8;rp_0a7ce1971a7873f7040eaaff;rp_97b53b0c655b30100d790abb,нет | нет | да
gen_stat_18eef310e34d5d8c,stat_18eef310e34d5d8c,STAT_LABEL0_CROSS_SPLIT_MIN2_P80,0,width,different_value,statistical_atomic_difference,Ширина,"Создай товар, где характеристику «Ширина» можно изменить независимо. Не добавляй другие атрибуты, которые логически фиксируют её значение или станут противоречивыми после замены. Характеристика должна относиться к самому товару, а не к упаковке, доставке или приблизительному диапазону.",['Мебель'],"Replace exactly this explicit attribute with a different, realistic value for the same concrete product subtype.","Change only this attribute; preserve product subtype and all unrelated facts, and update every title mention consistently.",cross_split_p80,Мебель,override,3,"[{'attribute_key': 'ширина, см', 'support': 3}, {'attribute_key': 'ширина, мм', 'support': 2}, {'attribute_key': 'размеры', 'support': 1}, {'attribute_key': 'ширина', 'support': 1}]",1099,1018,81,0.9262966333030027,6,5,1,0.8333333333333334,5,1,rp_82d822485fae1f69f5b0f6a0;rp_0d84c82bd8438e82ea745454;rp_c4e2c392b2a5264eba8fb6ee,153 см | 100 см | 224
gen_stat_00ec7d1e1c51028b,stat_00ec7d1e1c51028b,STAT_LABEL0_CROSS_SPLIT_MIN2_P80,0,diameter,different_value,statistical_atomic_difference,Диаметр,"Создай товар, где характеристику «Диаметр» можно изменить независимо. Не добавляй другие атрибуты, которые логически фиксируют её значение или станут противоречивыми после замены. Характеристика должна относиться к самому товару, а не к упаковке, доставке или приблизительному диапазону.",['Музыкальные инструменты'],"Replace exactly this explicit attribute with a different, realistic value for the same concrete product subtype.","Change only this attribute; preserve product subtype and all unrelated facts, and update every title mention consistently.",cross_split_p80,Музыкальные инструменты,static_pair_rule_mapping,0,[],52,50,2,0.9615384615384616,3,3,0,1.0,1,2,rp_c9f02adf55afd2057f6d186e;rp_9a78ab897db84246b7e5fb81;rp_4c963c09ed7f380acbd0b003,"14"" | 14"", 16"", 20"", 6"" | 16"""
gen_stat_28b6d7c7470b183f,stat_28b6d7c7470b183f,STAT_LABEL0_CROSS_SPLIT_MIN2_P80,0,gauge,different_value,statistical_atomic_difference,Калибр струн,"Создай товар, где характеристику «Калибр струн» можно изменить независимо. Не добавляй другие атрибуты, которые логически фиксируют её значение или станут противоречивыми после замены.",['Музыкальные инструменты'],"Replace exactly this explicit attribute with a different, realistic value for the same concrete product subtype.","Change only this attribute; preserve product subtype and all unrelated facts, and update every title mention consistently.",cross_split_p80,Музыкальные инструменты,override,12,"[{'attribute_key': 'калибр струн', 'support': 12}, {'attribute_key': 'калибр', 'support': 5}, {'attribute_key': 'размеры, мм', 'support': 1}]",179,161,18,0.8994413407821229,26,21,5,0.8076923076923077,20,6,rp_0993a0eae9259c4602217f48;rp_7bc977f551ffb159473c5b4a;rp_f91db8b355847dd4f7a5be6f,42 | .022 | .010 - .047
gen_stat_02fa78fa983d4366,stat_02fa78fa983d4366,STAT_LABEL0_MIN2_P80,0,guitar_type,different_value,statistical_atomic_difference,тип,"Создай товар, где характеристику «тип» можно изменить независимо. Не добавляй другие атрибуты, которые логически фиксируют её значение или станут противоречивыми после замены. В частности, не указывай состав, сырьё, конструкцию или назначение, которые верны только для исходного значения.",['Музыкальные инструменты'],"Replace exactly this explicit attribute with a different, realistic value for the same concrete product subtype.","Change only this attribute; preserve product subtype and all unrelated facts, and update every title mention consistently.",singleton_and_all_occurrence_p80,Музыкальные инструменты,dominant_singleton_evidence,4,"[{'attribute_key': 'тип', 'support': 4}, {'attribute_key': 'назначение муз. аксессуара', 'support': 4}, {'attribute_key': 'назначение', 'support': 2}, {'attribute_key': 'назначение струн', 'support': 1}]",127,118,9,0.9291338582677166,12,10,2,0.8333333333333334,10,2,rp_f18c6ab9c31ceafbf52d1252;rp_5873f503dcfe4c7f32a37fc1;rp_7f5a22ca831183c79bf87965,акустическая гитара | классическая гитара | электрогитара
gen_stat_9e5cd37ba3356156,stat_9e5cd37ba3356156,STAT_LABEL0_CROSS_SPLIT_MIN2_P80,0,model,different_value,statistical_atomic_difference,Модель,"Создай товар, где характеристику «Модель» можно изменить независимо. Не добавляй другие атрибуты, которые логически фиксируют её значение или станут противоречивыми после замены.",['Музыкальные инструменты'],"Replace exactly this explicit attribute with a different, realistic value for the same concrete product subtype.","Change only this attribute; preserve product subtype and all unrelated facts, and update every title mention consistently.",cross_split_p80,Музыкальные инструменты,override,16,"[{'attribute_key': 'модель', 'support': 16}, {'attribute_key': 'партномер', 'support': 8}, {'attribute_key': 'бренд', 'support': 1}, {'attribute_key': 'маркировка', 'support': 1}]",1347,1275,72,0.9465478841870824,211,195,16,0.9241706161137441,164,47,rp_dce2dc381cac8f63a235a036;rp_f18c6ab9c31ceafbf52d1252;rp_164f3815466ac971039bd3c5,dp 300 | m15c-gg | ftc-21
gen_stat_55d6a647b28985e0,stat_55d6a647b28985e0,STAT_LABEL0_CROSS_SPLIT_MIN2_P80,0,size,different_value,statistical_atomic_difference,Размер,"Создай товар, где характеристику «Размер» можно изменить независимо. Не добавляй другие атрибуты, которые логически фиксируют её значение или станут противоречивыми после замены.",['Музыкальные инструменты'],"Replace exactly this explicit attribute with a different, realistic value for the same concrete product subtype.","Change only this attribute; preserve product subtype and all unrelated facts, and update every title mention consistently.",cross_split_p80,Музыкальные инструменты,override,5,"[{'attribute_key': 'размер', 'support': 5}, {'attribute_key': 'размер инструмента', 'support': 2}, {'attribute_key': 'размер скрипки', 'support': 1}]",118,107,11,0.9067796610169492,15,14,1,0.9333333333333333,12,3,rp_4da34b0d2aaac515dbe60fda;rp_f9dd520080f68965cd94e52c;rp_6f0db1058b0d870178c541ac,1/4 | 1/4 | 4/4
gen_stat_1dcf250ec4eb5625,stat_1dcf250ec4eb5625,STAT_LABEL0_CROSS_SPLIT_MIN2_P80,0,string_count,different_value,statistical_atomic_difference,Количество струн,"Создай товар, где характеристику «Количество струн» можно изменить независимо. Не добавляй другие атрибуты, которые логически фиксируют её значение или станут противоречивыми после замены.",['Музыкальные инструменты'],"Replace exactly this explicit attribute with a different, realistic value for the same concrete product subtype.","Change only this attribute; preserve product subtype and all unrelated facts, and update every title mention consistently.",cross_split_p80,Музыкальные инструменты,override,1,"[{'attribute_key': 'количество предметов в упаковке', 'support': 1}, {'attribute_key': 'количество струн в упаковке', 'support': 1}, {'attribute_key': 'комплектация', 'support': 1}]",112,107,5,0.9553571428571429,9,8,1,0.8888888888888888,8,1,rp_98cdc330be220fb1a7612408;rp_37dab9a6ccfeb9e8f1133b9f;rp_888d648462a97b72e4733403,4 шт. | 11 | 4
gen_stat_e7fd37902bdd5762,stat_e7fd37902bdd5762,STAT_LABEL0_MIN2_P80,0,thickness,different_value,statistical_atomic_difference,Толщина,"Создай товар, где характеристику «Толщина» можно изменить независимо. Не добавляй другие атрибуты, которые логически фиксируют её значение или станут противоречивыми после замены.",['Музыкальные инструменты'],"Replace exactly this explicit attribute with a different, realistic value for the same concrete product subtype.","Change only this attribute; preserve product subtype and all unrelated facts, and update every title mention consistently.",singleton_and_all_occurrence_p80,Музыкальные инструменты,static_pair_rule_mapping,1,"[{'attribute_key': 'толщина (мм)', 'support': 1}]",10,9,1,0.9,3,3,0,1.0,3,0,rp_5fd15fd08c11f1e0a2b6007e;rp_56b386e674621b2f0d22b6e0;rp_aa98a339f850b4daee6a82a2,"0.75мм | 0,9 мм | 7.5 мил"
gen_stat_dafd66bcb6413ec4,stat_dafd66bcb6413ec4,STAT_LABEL0_CROSS_SPLIT_MIN2_P80,0,brand,different_value,statistical_atomic_difference,Бренд,"Создай товар, где характеристику «Бренд» можно изменить независимо. Не добавляй другие атрибуты, которые логически фиксируют её значение или станут противоречивыми после замены.",['Обувь'],"Replace exactly this explicit attribute with a different, realistic value for the same concrete product subtype.","Change only this attribute; preserve product subtype and all unrelated facts, and update every title mention consistently.",cross_split_p80,Обувь,override,6,"[{'attribute_key': 'бренд в одежде и обуви', 'support': 6}]",796,777,19,0.9761306532663316,7,6,1,0.8571428571428571,6,1,rp_eddf750bc52a856ba02c55c0;rp_da205c5d5531761f7811a4ea;rp_558904290a2057d38ea271d5,o`shade | тофа | timejump
gen_stat_d210f800d6be6d76,stat_d210f800d6be6d76,STAT_LABEL0_CROSS_SPLIT_MIN2_P80,0,color,different_value,statistical_atomic_difference,Цвет товара,"Создай товар, где характеристику «Цвет товара» можно изменить независимо. Не добавляй другие атрибуты, которые логически фиксируют её значение или станут противоречивыми после замены.",['Обувь'],"Replace exactly this explicit attribute with a different, realistic value for the same concrete product subtype.","Change only this attribute; preserve product subtype and all unrelated facts, and update every title mention consistently.",cross_split_p80,Обувь,override,17,"[{'attribute_key': 'цвет товара', 'support': 17}, {'attribute_key': 'цвет', 'support': 7}]",1633,1519,114,0.9301898346601347,14,13,1,0.9285714285714286,13,1,rp_fb80377aafad3bd9d3520fc1;rp_83e20d1208127726abd52a85;rp_da205c5d5531761f7811a4ea,темно-серый | кремовый | черный
gen_stat_7865ae78a6ba8151,stat_7865ae78a6ba8151,STAT_LABEL0_CROSS_SPLIT_MIN2_P80,0,country_of_origin,different_value,statistical_atomic_difference,Страна производства,"Создай товар, где характеристику «Страна производства» можно изменить независимо. Не добавляй другие атрибуты, которые логически фиксируют её значение или станут противоречивыми после замены. Бренд и модель не должны содержать название страны или явно противоречить обеим допустимым странам производства.",['Обувь'],"Replace exactly this explicit attribute with a different, realistic value for the same concrete product subtype.","Change only this attribute; preserve product subtype and all unrelated facts, and update every title mention consistently.",cross_split_p80,Обувь,override,2,"[{'attribute_key': 'страна производства', 'support': 2}, {'attribute_key': 'страна-изготовитель', 'support': 1}, {'attribute_key': 'страна бренда', 'support': 1}]",504,484,20,0.9603174603174603,2,2,0,1.0,1,1,rp_eddf750bc52a856ba02c55c0;rp_b3bff2fda23f0b84d48d3fd9;rp_65f21607abdf57a70eb1d007,китай | россия | китай
gen_stat_30fb73c9b6a73f1a,stat_30fb73c9b6a73f1a,STAT_LABEL0_MIN2_P80,0,color,different_value,statistical_atomic_difference,Цвет товара,"Создай товар, где характеристику «Цвет товара» можно изменить независимо. Не добавляй другие атрибуты, которые логически фиксируют её значение или станут противоречивыми после замены.",['Продукты питания'],"Replace exactly this explicit attribute with a different, realistic value for the same concrete product subtype.","Change only this attribute; preserve product subtype and all unrelated facts, and update every title mention consistently.",singleton_and_all_occurrence_p80,Продукты питания,override,0,[],38,35,3,0.9210526315789473,2,2,0,1.0,2,0,rp_6b0541aa495f60c6e8bad1eb;rp_4e89499aeb448ec119018a04;rp_088da894819fdfb8f2e3c3d0,"молочный | разноцветный | бирюза, красный, серебро"
gen_stat_258445e6b449238f,stat_258445e6b449238f,STAT_LABEL0_CROSS_SPLIT_MIN2_P80,0,flavor,different_value,statistical_atomic_difference,Вкус,"Создай товар, где характеристику «Вкус» можно изменить независимо. Не добавляй другие атрибуты, которые логически фиксируют её значение или станут противоречивыми после замены. В частности, не указывай состав, сырьё, конструкцию или назначение, которые верны только для исходного значения.",['Продукты питания'],"Replace exactly this explicit attribute with a different, realistic value for the same concrete product subtype.","Change only this attribute; preserve product subtype and all unrelated facts, and update every title mention consistently.",cross_split_p80,Продукты питания,override,6,"[{'attribute_key': 'вкус', 'support': 6}, {'attribute_key': 'название вкуса', 'support': 2}, {'attribute_key': 'вкус сиропа', 'support': 1}, {'attribute_key': 'вкус (соки, нектары и морсы)', 'support': 1}]",312,291,21,0.9326923076923077,19,17,2,0.8947368421052632,15,4,rp_ddd768d2e238343df4557dcd;rp_ae90af2ba531aaa90b6da8f6;rp_c99469610b48bb68ca48ffe3,сырный | вишня | рамунэ
gen_stat_00fb956aab5b7516,stat_00fb956aab5b7516,STAT_LABEL0_MIN2_P80,0,model,different_value,statistical_atomic_difference,Модель,"Создай товар, где характеристику «Модель» можно изменить независимо. Не добавляй другие атрибуты, которые логически фиксируют её значение или станут противоречивыми после замены.",['Продукты питания'],"Replace exactly this explicit attribute with a different, realistic value for the same concrete product subtype.","Change only this attribute; preserve product subtype and all unrelated facts, and update every title mention consistently.",singleton_and_all_occurrence_p80,Продукты питания,override,0,[],96,91,5,0.9479166666666666,4,4,0,1.0,4,0,rp_951d9169c770acd97c7f16bb;rp_d313f7de7e0a134ac55f6be8;rp_860be3eafe7589cc34999fa5,№82 | menghai xiao gong | cereal шоколадные шарики
gen_stat_ec818e938162c651,stat_ec818e938162c651,STAT_LABEL0_CROSS_SPLIT_MIN2_P80,0,package_quantity,different_value,statistical_atomic_difference,Количество в упаковке,"Создай товар, где характеристику «Количество в упаковке» можно изменить независимо. Не добавляй другие атрибуты, которые логически фиксируют её значение или станут противоречивыми после замены. Не дублируй количество в комплектации или других числовых полях; целевое значение относится именно к числу одинаковых единиц товара.",['Продукты питания'],"Replace exactly this explicit attribute with a different, realistic value for the same concrete product subtype.","Change only this attribute; preserve product subtype and all unrelated facts, and update every title mention consistently.",cross_split_p80,Продукты питания,override,37,"[{'attribute_key': 'единиц в одном товаре', 'support': 37}, {'attribute_key': 'количество предметов в упаковке', 'support': 7}, {'attribute_key': 'количество в упаковке', 'support': 4}, {'attribute_key': 'количество упаковок', 'support': 4}, {'attribute_key': 'количество штук в упаковке', 'support': 1}]",542,514,28,0.948339483394834,46,44,2,0.9565217391304348,39,7,rp_ae90af2ba531aaa90b6da8f6;rp_d09700d977a1e8c5bc10ce41;rp_44ab5f93b5eb239bb92856f0,6 | 10 штук | 1
gen_stat_790a17ee56cbeb15,stat_790a17ee56cbeb15,STAT_LABEL0_MIN2_P80,0,product_form,different_value,statistical_atomic_difference,Форма продукта,"Создай товар, где характеристику «Форма продукта» можно изменить независимо. Не добавляй другие атрибуты, которые логически фиксируют её значение или станут противоречивыми после замены. В частности, не указывай состав, сырьё, конструкцию или назначение, которые верны только для исходного значения.",['Продукты питания'],"Replace exactly this explicit attribute with a different, realistic value for the same concrete product subtype.","Change only this attribute; preserve product subtype and all unrelated facts, and update every title mention consistently.",singleton_and_all_occurrence_p80,Продукты питания,static_pair_rule_mapping,1,"[{'attribute_key': 'форма мармелада', 'support': 1}]",70,60,10,0.8571428571428571,2,2,0,1.0,2,0,rp_44ab5f93b5eb239bb92856f0;rp_da371970f2fa93f89dc3a0ae;rp_c63ebf965282ceb8ba4eb275,в зернах | орехи в меду | кофе растворимый
gen_stat_b36befcee3848b2a,stat_b36befcee3848b2a,STAT_LABEL0_MIN2_P80,0,product_line,different_value,statistical_atomic_difference,Линейка,"Создай товар, где характеристику «Линейка» можно изменить независимо. Не добавляй другие атрибуты, которые логически фиксируют её значение или станут противоречивыми после замены.",['Продукты питания'],"Replace exactly this explicit attribute with a different, realistic value for the same concrete product subtype.","Change only this attribute; preserve product subtype and all unrelated facts, and update every title mention consistently.",singleton_and_all_occurrence_p80,Продукты питания,override,0,[],33,29,4,0.8787878787878788,4,4,0,1.0,4,0,rp_543c9f5c0c1be6057c9e9a2a;rp_ae8353f03534a15c989e8277;rp_3c05470c00d5798f046f6848,genova livanto | kilimanjaro | moka cremoso №20
gen_stat_3c215f455e26cc32,stat_3c215f455e26cc32,STAT_LABEL0_CROSS_SPLIT_MIN2_P80,0,tea_variety,different_value,statistical_atomic_difference,Сорт чая,"Создай товар, где характеристику «Сорт чая» можно изменить независимо. Не добавляй другие атрибуты, которые логически фиксируют её значение или станут противоречивыми после замены.",['Продукты питания'],"Replace exactly this explicit attribute with a different, realistic value for the same concrete product subtype.","Change only this attribute; preserve product subtype and all unrelated facts, and update every title mention consistently.",cross_split_p80,Продукты питания,override,1,"[{'attribute_key': 'сорт чая', 'support': 1}]",34,33,1,0.9705882352941176,2,2,0,1.0,1,1,rp_fc57af6bf99f0897442c94c9;rp_8eea48406ef20af04c7aae0e;rp_bb4e531f2aa46107722aa401,дянь хун | улун; зеленый | индийский
gen_stat_df0bb20f3f8cd394,stat_df0bb20f3f8cd394,STAT_LABEL0_MIN2_P80,0,type,different_value,statistical_atomic_difference,Вид товара,"Создай товар, где характеристику «Вид товара» можно изменить независимо. Не добавляй другие атрибуты, которые логически фиксируют её значение или станут противоречивыми после замены. В частности, не указывай состав, сырьё, конструкцию или назначение, которые верны только для исходного значения.",['Продукты питания'],"Replace exactly this explicit attribute with a different, realistic value for the same concrete product subtype.","Change only this attribute; preserve product subtype and all unrelated facts, and update every title mention consistently.",singleton_and_all_occurrence_p80,Продукты питания,override,18,"[{'attribute_key': 'тип', 'support': 18}, {'attribute_key': 'вид продукта', 'support': 1}]",380,319,61,0.8394736842105263,14,12,2,0.8571428571428571,14,0,rp_b80ee711df75ca3c5762922b;rp_0a0946478143a0671c6d6601;rp_ae90af2ba531aaa90b6da8f6,съедобная картина | ванильный сахар | напиток сокосодержащий
gen_stat_2532c21055507f99,stat_2532c21055507f99,STAT_LABEL0_CROSS_SPLIT_MIN2_P80,0,color_code,different_value,statistical_atomic_difference,Название цвета,"Создай товар, где характеристику «Название цвета» можно изменить независимо. Не добавляй другие атрибуты, которые логически фиксируют её значение или станут противоречивыми после замены.",['Спорт и отдых'],"Replace exactly this explicit attribute with a different, realistic value for the same concrete product subtype.","Change only this attribute; preserve product subtype and all unrelated facts, and update every title mention consistently.",cross_split_p80,Спорт и отдых,override,8,"[{'attribute_key': 'название цвета', 'support': 8}, {'attribute_key': 'цвет товара', 'support': 3}]",89,86,3,0.9662921348314607,15,14,1,0.9333333333333333,10,5,rp_08c1e109c05d074e14fe1ed7;rp_b89d186bf84bf1114df833d5;rp_fed44a7cc1e28728e5c4991f,305 | 005 | 10
gen_stat_04eb3f090bca4321,stat_04eb3f090bca4321,STAT_LABEL0_CROSS_SPLIT_MIN2_P80,0,hook_size,different_value,statistical_atomic_difference,Размер крючка,"Создай товар, где характеристику «Размер крючка» можно изменить независимо. Не добавляй другие атрибуты, которые логически фиксируют её значение или станут противоречивыми после замены.",['Спорт и отдых'],"Replace exactly this explicit attribute with a different, realistic value for the same concrete product subtype.","Change only this attribute; preserve product subtype and all unrelated facts, and update every title mention consistently.",cross_split_p80,Спорт и отдых,static_pair_rule_mapping,3,"[{'attribute_key': 'размер', 'support': 3}]",29,27,2,0.9310344827586207,5,5,0,1.0,3,2,rp_cb00263d45b7d4eb8671af74;rp_1e4f0825193004d69148b630;rp_a80d168d835dc440132dcbcd,1 | 6 | 2
gen_stat_df810246b93d7284,stat_df810246b93d7284,STAT_LABEL0_MIN2_P80,0,package_quantity,different_value,statistical_atomic_difference,Количество в упаковке,"Создай товар, где характеристику «Количество в упаковке» можно изменить независимо. Не добавляй другие атрибуты, которые логически фиксируют её значение или станут противоречивыми после замены. Не дублируй количество в комплектации или других числовых полях; целевое значение относится именно к числу одинаковых единиц товара.",['Спорт и отдых'],"Replace exactly this explicit attribute with a different, realistic value for the same concrete product subtype.","Change only this attribute; preserve product subtype and all unrelated facts, and update every title mention consistently.",singleton_and_all_occurrence_p80,Спорт и отдых,override,4,"[{'attribute_key': 'комплектация', 'support': 4}, {'attribute_key': 'количество упаковок, шт', 'support': 3}, {'attribute_key': 'количество в упаковке, шт', 'support': 2}, {'attribute_key': 'количество шариков', 'support': 2}, {'attribute_key': 'количество в комплекте', 'support': 1}]",172,153,19,0.8895348837209303,16,13,3,0.8125,14,2,rp_bc1bd3207fea9dea8aa13132;rp_eb2dfeeb9c62b4710910587a;rp_2a3150bbd3e77d2749d98160,10 шт. | 10 | 1
gen_stat_ebaff8c65d44149b,stat_ebaff8c65d44149b,STAT_LABEL0_CROSS_SPLIT_MIN2_P80,0,volume,different_value,statistical_atomic_difference,Объем,"Создай товар, где характеристику «Объем» можно изменить независимо. Не добавляй другие атрибуты, которые логически фиксируют её значение или станут противоречивыми после замены. Характеристика должна относиться к самому товару, а не к упаковке, доставке или приблизительному диапазону.",['Спорт и отдых'],"Replace exactly this explicit attribute with a different, realistic value for the same concrete product subtype.","Change only this attribute; preserve product subtype and all unrelated facts, and update every title mention consistently.",cross_split_p80,Спорт и отдых,override,2,"[{'attribute_key': 'объем, мл', 'support': 2}, {'attribute_key': 'объем бассейна, л', 'support': 1}, {'attribute_key': 'объём', 'support': 1}]",47,39,8,0.8297872340425532,7,6,1,0.8571428571428571,5,2,rp_fb80f57fb1f740f1e5ff7f16;rp_291350e9aad1f46d93f885c3;rp_862fd0e988c8f2d3edf91c77,800 мл | 25 мл | 15l
gen_stat_8e415f708b98f716,stat_8e415f708b98f716,STAT_LABEL0_CROSS_SPLIT_MIN2_P80,0,wheel_diameter,different_value,statistical_atomic_difference,Диаметр колес,"Создай товар, где характеристику «Диаметр колес» можно изменить независимо. Не добавляй другие атрибуты, которые логически фиксируют её значение или станут противоречивыми после замены.",['Спорт и отдых'],"Replace exactly this explicit attribute with a different, realistic value for the same concrete product subtype.","Change only this attribute; preserve product subtype and all unrelated facts, and update every title mention consistently.",cross_split_p80,Спорт и отдых,static_pair_rule_mapping,4,"[{'attribute_key': 'диаметр колес, дюймы', 'support': 4}, {'attribute_key': 'диаметр', 'support': 2}, {'attribute_key': 'диаметр колес (дюймы)', 'support': 1}]",69,69,0,1.0,4,4,0,1.0,3,1,rp_8eee48d81b7b3689c72e969e;rp_8afb5f2e429312f4f8c245ca;rp_99c1fbebd29a95d9588b0463,"26 | 29 | 27,5"
gen_stat_13bc6f8848fbdcf2,stat_13bc6f8848fbdcf2,STAT_LABEL0_CROSS_SPLIT_MIN2_P80,0,diameter,different_value,statistical_atomic_difference,Диаметр,"Создай товар, где характеристику «Диаметр» можно изменить независимо. Не добавляй другие атрибуты, которые логически фиксируют её значение или станут противоречивыми после замены. Характеристика должна относиться к самому товару, а не к упаковке, доставке или приблизительному диапазону.",['Строительство и ремонт'],"Replace exactly this explicit attribute with a different, realistic value for the same concrete product subtype.","Change only this attribute; preserve product subtype and all unrelated facts, and update every title mention consistently.",cross_split_p80,Строительство и ремонт,static_pair_rule_mapping,2,"[{'attribute_key': 'диаметр сверла', 'support': 2}, {'attribute_key': 'диаметр, мм', 'support': 2}, {'attribute_key': 'диаметр', 'support': 2}, {'attribute_key': 'диаметр сверл, мм', 'support': 2}, {'attribute_key': 'диаметр присоединения, мм', 'support': 1}]",125,122,3,0.976,7,6,1,0.8571428571428571,5,2,rp_9c3ae9d5d3d4b984f6600f06;rp_a230f59397ffee5181da58df;rp_c093da79d1fa68320b5a100d,"6,0 мм | 4 | 32"
gen_stat_8e133bfac00ef3e8,stat_8e133bfac00ef3e8,STAT_LABEL0_CROSS_SPLIT_MIN2_P80,0,length,different_value,statistical_atomic_difference,Длина,"Создай товар, где характеристику «Длина» можно изменить независимо. Не добавляй другие атрибуты, которые логически фиксируют её значение или станут противоречивыми после замены. Характеристика должна относиться к самому товару, а не к упаковке, доставке или приблизительному диапазону.",['Строительство и ремонт'],"Replace exactly this explicit attribute with a different, realistic value for the same concrete product subtype.","Change only this attribute; preserve product subtype and all unrelated facts, and update every title mention consistently.",cross_split_p80,Строительство и ремонт,override,8,"[{'attribute_key': 'длина', 'support': 8}, {'attribute_key': 'длина, мм', 'support': 8}, {'attribute_key': 'длина, м', 'support': 5}, {'attribute_key': 'длина кабеля (м)', 'support': 1}]",449,416,33,0.9265033407572383,23,21,2,0.9130434782608695,18,5,rp_d34308bcb7202a41c0b2cd29;rp_801da783ed79f3e01d88af07;rp_9c3ae9d5d3d4b984f6600f06,770 | 108 мм | 10 м
gen_stat_a60dff17ebc1ca48,stat_a60dff17ebc1ca48,STAT_LABEL0_CROSS_SPLIT_MIN2_P80,0,model,different_value,statistical_atomic_difference,Модель,"Создай товар, где характеристику «Модель» можно изменить независимо. Не добавляй другие атрибуты, которые логически фиксируют её значение или станут противоречивыми после замены.",['Строительство и ремонт'],"Replace exactly this explicit attribute with a different, realistic value for the same concrete product subtype.","Change only this attribute; preserve product subtype and all unrelated facts, and update every title mention consistently.",cross_split_p80,Строительство и ремонт,override,5,"[{'attribute_key': 'модель', 'support': 5}, {'attribute_key': 'torx', 'support': 1}, {'attribute_key': 'партномер', 'support': 1}, {'attribute_key': 'артикул', 'support': 1}]",744,678,66,0.9112903225806451,39,33,6,0.8461538461538461,30,9,rp_269052b7c39f3fd320c7c4de;rp_97af233c05ae01c82b38bfd2;rp_dbbd740160df1730d95fe2bd,aris-b | crete (cr3535-63) | hb76857
gen_stat_5f3794d4fb9e51d1,stat_5f3794d4fb9e51d1,STAT_LABEL0_CROSS_SPLIT_MIN2_P80,0,package_quantity,different_value,statistical_atomic_difference,Количество в упаковке,"Создай товар, где характеристику «Количество в упаковке» можно изменить независимо. Не добавляй другие атрибуты, которые логически фиксируют её значение или станут противоречивыми после замены. Не дублируй количество в комплектации или других числовых полях; целевое значение относится именно к числу одинаковых единиц товара.",['Строительство и ремонт'],"Replace exactly this explicit attribute with a different, realistic value for the same concrete product subtype.","Change only this attribute; preserve product subtype and all unrelated facts, and update every title mention consistently.",cross_split_p80,Строительство и ремонт,override,19,"[{'attribute_key': 'единиц в одном товаре', 'support': 19}, {'attribute_key': 'количество в упаковке', 'support': 5}, {'attribute_key': 'комплектация', 'support': 4}, {'attribute_key': 'количество предметов в упаковке', 'support': 3}, {'attribute_key': 'кол-во в упаковке', 'support': 1}]",278,271,7,0.9748201438848921,34,33,1,0.9705882352941176,25,9,rp_7de5851c5ed52c8181c76741;rp_801da783ed79f3e01d88af07;rp_eaad01a8220d86b610d9588b,1 | 5шт | 3
gen_stat_fa3d65104e680308,stat_fa3d65104e680308,STAT_LABEL0_CROSS_SPLIT_MIN2_P80,0,size,different_value,statistical_atomic_difference,Размер,"Создай товар, где характеристику «Размер» можно изменить независимо. Не добавляй другие атрибуты, которые логически фиксируют её значение или станут противоречивыми после замены.",['Строительство и ремонт'],"Replace exactly this explicit attribute with a different, realistic value for the same concrete product subtype.","Change only this attribute; preserve product subtype and all unrelated facts, and update every title mention consistently.",cross_split_p80,Строительство и ремонт,override,3,"[{'attribute_key': 'размер ключа', 'support': 3}, {'attribute_key': 'длина, мм', 'support': 1}, {'attribute_key': 'размер ключа, в миллиметрах', 'support': 1}]",33,32,1,0.9696969696969697,6,6,0,1.0,4,2,rp_10fa11eab2be79597d00fe05;rp_aec4a5a940739c9f5a62f5ce;rp_88747623c07952add4e95fff,"2,5-4мм | 32x3/4"" | 18 мм"
gen_stat_1fafafa6472c4f96,stat_1fafafa6472c4f96,STAT_LABEL0_MIN2_P80,0,color,different_value,statistical_atomic_difference,Цвет товара,"Создай товар, где характеристику «Цвет товара» можно изменить независимо. Не добавляй другие атрибуты, которые логически фиксируют её значение или станут противоречивыми после замены.",['Товары для животных'],"Replace exactly this explicit attribute with a different, realistic value for the same concrete product subtype.","Change only this attribute; preserve product subtype and all unrelated facts, and update every title mention consistently.",singleton_and_all_occurrence_p80,Товары для животных,override,36,"[{'attribute_key': 'цвет товара', 'support': 36}, {'attribute_key': 'цвет', 'support': 20}, {'attribute_key': 'название цвета', 'support': 2}, {'attribute_key': 'цвет поводка', 'support': 1}, {'attribute_key': 'цвет свечения', 'support': 1}]",312,259,53,0.8301282051282052,70,56,14,0.8,50,20,rp_9be72f38f896e7544db5db27;rp_dd099d2f154f8dd46481a1b7;rp_df099fa933c20b6736de3521,серый | красный | синий
gen_stat_5aaf89646570a67c,stat_5aaf89646570a67c,STAT_LABEL0_MIN2_P80,0,length,different_value,statistical_atomic_difference,Длина,"Создай товар, где характеристику «Длина» можно изменить независимо. Не добавляй другие атрибуты, которые логически фиксируют её значение или станут противоречивыми после замены. Характеристика должна относиться к самому товару, а не к упаковке, доставке или приблизительному диапазону.",['Товары для животных'],"Replace exactly this explicit attribute with a different, realistic value for the same concrete product subtype.","Change only this attribute; preserve product subtype and all unrelated facts, and update every title mention consistently.",singleton_and_all_occurrence_p80,Товары для животных,override,1,"[{'attribute_key': 'длина поводка, м', 'support': 1}, {'attribute_key': 'длина', 'support': 1}]",101,97,4,0.9603960396039604,4,4,0,1.0,4,0,rp_8ce08c2a2aef6b5d24814580;rp_df099fa933c20b6736de3521;rp_fd2d1ffcf6f28e68bb25958f,"45 см | 33 см | 1,5 метра"
gen_stat_3936ee519b6ef23d,stat_3936ee519b6ef23d,STAT_LABEL0_MIN2_P80,0,package_quantity,different_value,statistical_atomic_difference,Количество в упаковке,"Создай товар, где характеристику «Количество в упаковке» можно изменить независимо. Не добавляй другие атрибуты, которые логически фиксируют её значение или станут противоречивыми после замены. Не дублируй количество в комплектации или других числовых полях; целевое значение относится именно к числу одинаковых единиц товара.",['Товары для животных'],"Replace exactly this explicit attribute with a different, realistic value for the same concrete product subtype.","Change only this attribute; preserve product subtype and all unrelated facts, and update every title mention consistently.",singleton_and_all_occurrence_p80,Товары для животных,override,18,"[{'attribute_key': 'единиц в одном товаре', 'support': 18}, {'attribute_key': 'количество предметов в упаковке', 'support': 6}, {'attribute_key': 'комплектация', 'support': 4}, {'attribute_key': 'количество штук в упаковке', 'support': 2}, {'attribute_key': 'количество игрушек в одной упаковке', 'support': 1}]",359,335,24,0.9331476323119777,27,22,5,0.8148148148148148,21,6,rp_b38778e6ce40a1fdc9d51920;rp_8a773396ea7153320c63d2a2;rp_51e8d3d7cc272ea46563f291,1 | 2 | 2 шт.
gen_stat_71a92b565f5e9ca8,stat_71a92b565f5e9ca8,STAT_LABEL0_MIN2_P80,0,product_line,different_value,statistical_atomic_difference,Линейка,"Создай товар, где характеристику «Линейка» можно изменить независимо. Не добавляй другие атрибуты, которые логически фиксируют её значение или станут противоречивыми после замены.",['Товары для животных'],"Replace exactly this explicit attribute with a different, realistic value for the same concrete product subtype.","Change only this attribute; preserve product subtype and all unrelated facts, and update every title mention consistently.",singleton_and_all_occurrence_p80,Товары для животных,override,0,[],58,49,9,0.8448275862068966,5,4,1,0.8,5,0,rp_e0bb4ce6630d82440df58417;rp_2ad1289495193189c61a2a68;rp_d483d15236211a3d901abb68,"древесный, мелкие гранулы | preventive line gastrointestinal | clan"
gen_stat_e43eb56be959a7d7,stat_e43eb56be959a7d7,STAT_LABEL0_UNANIMOUS_OVERRIDE,0,scent,different_value,statistical_atomic_difference,Аромат,"Создай товар, где характеристику «Аромат» можно изменить независимо. Не добавляй другие атрибуты, которые логически фиксируют её значение или станут противоречивыми после замены.",['Товары для животных'],"Replace exactly this explicit attribute with a different, realistic value for the same concrete product subtype.","Change only this attribute; preserve product subtype and all unrelated facts, and update every title mention consistently.",cross_split_p80,Товары для животных,override,3,"[{'attribute_key': 'аромат', 'support': 3}]",34,25,9,0.7352941176470589,5,5,0,1.0,4,1,rp_247c8563c38a98c103be2ea6;rp_8ac9c8b12d54fbf76bbd2c42;rp_b17cd587867d2e22615d441c,мимоза | зеленый чай | с ароматом сакуры
gen_stat_d8a7ef34f67b01d3,stat_d8a7ef34f67b01d3,STAT_LABEL0_CROSS_SPLIT_MIN2_P80,0,size,different_value,statistical_atomic_difference,Размер,"Создай товар, где характеристику «Размер» можно изменить независимо. Не добавляй другие атрибуты, которые логически фиксируют её значение или станут противоречивыми после замены.",['Товары для животных'],"Replace exactly this explicit attribute with a different, realistic value for the same concrete product subtype.","Change only this attribute; preserve product subtype and all unrelated facts, and update every title mention consistently.",cross_split_p80,Товары для животных,override,1,"[{'attribute_key': 'размер одежды/аксессуара для животных', 'support': 1}, {'attribute_key': 'комплектация', 'support': 1}, {'attribute_key': 'российский размер', 'support': 1}, {'attribute_key': 'размер товаров для животных', 'support': 1}, {'attribute_key': 'размеры, мм', 'support': 1}]",147,132,15,0.8979591836734694,19,18,1,0.9473684210526315,17,2,rp_f3d8fc880ca884cde2d697d7;rp_ba1e430c97cad41342e2e5ff;rp_3638afb7fec8f1a46de077ae,s | s | 6 см
gen_stat_5c5d32ab66b314f2,stat_5c5d32ab66b314f2,STAT_LABEL0_MIN2_P80,0,size_range,different_value,statistical_atomic_difference,Диапазон размеров,"Создай товар, где характеристику «Диапазон размеров» можно изменить независимо. Не добавляй другие атрибуты, которые логически фиксируют её значение или станут противоречивыми после замены.",['Товары для животных'],"Replace exactly this explicit attribute with a different, realistic value for the same concrete product subtype.","Change only this attribute; preserve product subtype and all unrelated facts, and update every title mention consistently.",singleton_and_all_occurrence_p80,Товары для животных,override,2,"[{'attribute_key': 'размер животного', 'support': 2}, {'attribute_key': 'комплектация', 'support': 1}]",19,17,2,0.8947368421052632,3,3,0,1.0,3,0,rp_fcf15233b2fa7cef7006d0af;rp_ac875b759d425614ea5d133a;rp_bad361b9317a2ef4e4ab7c7b,28-40 см | 40-55 | l-xl
gen_stat_50e2093c2196a51f,stat_50e2093c2196a51f,STAT_LABEL0_UNANIMOUS_OVERRIDE,0,target_age,different_value,statistical_atomic_difference,Возраст животного,"Создай товар, где характеристику «Возраст животного» можно изменить независимо. Не добавляй другие атрибуты, которые логически фиксируют её значение или станут противоречивыми после замены.",['Товары для животных'],"Replace exactly this explicit attribute with a different, realistic value for the same concrete product subtype.","Change only this attribute; preserve product subtype and all unrelated facts, and update every title mention consistently.",cross_split_p80,Товары для животных,override,2,"[{'attribute_key': 'возраст животного', 'support': 2}]",101,80,21,0.7920792079207921,2,2,0,1.0,1,1,rp_e7ba8b4abaad0a2cc2bcd522;rp_239aa9aba4fa1f79e63ac473;rp_a673644d795c58085fcf77b1,взрослые; маленькие; пожилые | взрослые; маленькие | для маленьких
gen_stat_e95dd4fd7c701160,stat_e95dd4fd7c701160,STAT_LABEL0_CROSS_SPLIT_MIN2_P80,0,volume,different_value,statistical_atomic_difference,Объем,"Создай товар, где характеристику «Объем» можно изменить независимо. Не добавляй другие атрибуты, которые логически фиксируют её значение или станут противоречивыми после замены. Характеристика должна относиться к самому товару, а не к упаковке, доставке или приблизительному диапазону.",['Товары для животных'],"Replace exactly this explicit attribute with a different, realistic value for the same concrete product subtype.","Change only this attribute; preserve product subtype and all unrelated facts, and update every title mention consistently.",cross_split_p80,Товары для животных,override,4,"[{'attribute_key': 'объем', 'support': 4}, {'attribute_key': 'объем, мл', 'support': 3}, {'attribute_key': 'объем, л', 'support': 2}, {'attribute_key': 'объем наполнителя для животных', 'support': 1}, {'attribute_key': 'объем (мл)', 'support': 1}]",82,70,12,0.8536585365853658,14,12,2,0.8571428571428571,12,2,rp_f3d8fc880ca884cde2d697d7;rp_270adccfbaf649670440b5f8;rp_8b9fc7427c23a1f32c28b2e0,145 | 75 мл | 2л
gen_stat_50ece90f5cd7e94c,stat_50ece90f5cd7e94c,STAT_LABEL0_CROSS_SPLIT_MIN2_P80,0,color_code,different_value,statistical_atomic_difference,Название цвета,"Создай товар, где характеристику «Название цвета» можно изменить независимо. Не добавляй другие атрибуты, которые логически фиксируют её значение или станут противоречивыми после замены.",['Хобби и творчество'],"Replace exactly this explicit attribute with a different, realistic value for the same concrete product subtype.","Change only this attribute; preserve product subtype and all unrelated facts, and update every title mention consistently.",cross_split_p80,Хобби и творчество,override,2,"[{'attribute_key': 'название цвета', 'support': 2}, {'attribute_key': 'цвет товара', 'support': 1}]",33,31,2,0.9393939393939394,9,8,1,0.8888888888888888,8,1,rp_2ccc835d6d0599849adebb8b;rp_dc2330584babbbdeea40f4af;rp_47fbdb2286fc66b8992eb16b,8990 | 301 | 2626
gen_stat_2f090dd3912f3fef,stat_2f090dd3912f3fef,STAT_LABEL0_MIN2_P80,0,diameter,different_value,statistical_atomic_difference,Диаметр,"Создай товар, где характеристику «Диаметр» можно изменить независимо. Не добавляй другие атрибуты, которые логически фиксируют её значение или станут противоречивыми после замены. Характеристика должна относиться к самому товару, а не к упаковке, доставке или приблизительному диапазону.",['Хобби и творчество'],"Replace exactly this explicit attribute with a different, realistic value for the same concrete product subtype.","Change only this attribute; preserve product subtype and all unrelated facts, and update every title mention consistently.",singleton_and_all_occurrence_p80,Хобби и творчество,static_pair_rule_mapping,5,"[{'attribute_key': 'диаметр спиц, мм', 'support': 5}, {'attribute_key': 'диаметр спицы', 'support': 3}, {'attribute_key': 'размер, мм', 'support': 1}, {'attribute_key': 'толщина, мм', 'support': 1}]",85,79,6,0.9294117647058824,16,13,3,0.8125,12,4,rp_8c5c635a68751f664fb685bb;rp_932b08dacbaf9ec080ea6ebc;rp_bfc1cadce0997bb05071c24b,"7мм | 4 | 2,5"
gen_stat_f7942e3f511910b8,stat_f7942e3f511910b8,STAT_LABEL0_CROSS_SPLIT_MIN2_P80,0,length,different_value,statistical_atomic_difference,Длина,"Создай товар, где характеристику «Длина» можно изменить независимо. Не добавляй другие атрибуты, которые логически фиксируют её значение или станут противоречивыми после замены. Характеристика должна относиться к самому товару, а не к упаковке, доставке или приблизительному диапазону.",['Хобби и творчество'],"Replace exactly this explicit attribute with a different, realistic value for the same concrete product subtype.","Change only this attribute; preserve product subtype and all unrelated facts, and update every title mention consistently.",cross_split_p80,Хобби и творчество,override,6,"[{'attribute_key': 'длина, см', 'support': 6}, {'attribute_key': 'длина спицы', 'support': 2}, {'attribute_key': 'длина молнии', 'support': 1}, {'attribute_key': 'длина намотки (м)', 'support': 1}, {'attribute_key': 'длина, м', 'support': 1}]",137,124,13,0.9051094890510949,18,18,0,1.0,16,2,rp_8c5c635a68751f664fb685bb;rp_48832d30199d28ae0c112951;rp_ac7e56afb864594b09014db3,40см | 100 см | 22.9
gen_stat_dabb0713f6bc4afa,stat_dabb0713f6bc4afa,STAT_LABEL0_MIN2_P80,0,packaging_contents,different_value,statistical_atomic_difference,комплектация,"Создай товар, где характеристику «комплектация» можно изменить независимо. Не добавляй другие атрибуты, которые логически фиксируют её значение или станут противоречивыми после замены.",['Хобби и творчество'],"Replace exactly this explicit attribute with a different, realistic value for the same concrete product subtype.","Change only this attribute; preserve product subtype and all unrelated facts, and update every title mention consistently.",singleton_and_all_occurrence_p80,Хобби и творчество,dominant_singleton_evidence,4,"[{'attribute_key': 'комплектация', 'support': 4}]",4,4,0,1.0,2,2,0,1.0,2,0,rp_447e2582a1e3800fb8ff5a3f;rp_cb122f708766bd3975d47541;rp_da765a4fea50a9c7ebc28bd9,без клея в комплекте | товар в фабричной упаковке | крючок - 1 шт
gen_stat_bb4e433a9aaf27fd,stat_bb4e433a9aaf27fd,STAT_LABEL0_CROSS_SPLIT_MIN2_P80,0,scent,different_value,statistical_atomic_difference,Аромат,"Создай товар, где характеристику «Аромат» можно изменить независимо. Не добавляй другие атрибуты, которые логически фиксируют её значение или станут противоречивыми после замены.",['Хобби и творчество'],"Replace exactly this explicit attribute with a different, realistic value for the same concrete product subtype.","Change only this attribute; preserve product subtype and all unrelated facts, and update every title mention consistently.",cross_split_p80,Хобби и творчество,override,3,"[{'attribute_key': 'аромат', 'support': 3}]",8,8,0,1.0,5,5,0,1.0,4,1,rp_640ddac424547fcb779ece58;rp_8ed70cd4231ddabdcc1b09d4;rp_02206d88248c44ce82617988,кокос и ваниль | initio oud for greatness | орхидея; роза; ландыш
gen_stat_c46f5080e96efc14,stat_c46f5080e96efc14,STAT_LABEL0_CROSS_SPLIT_MIN2_P80,0,size,different_value,statistical_atomic_difference,Размер,"Создай товар, где характеристику «Размер» можно изменить независимо. Не добавляй другие атрибуты, которые логически фиксируют её значение или станут противоречивыми после замены.",['Хобби и творчество'],"Replace exactly this explicit attribute with a different, realistic value for the same concrete product subtype.","Change only this attribute; preserve product subtype and all unrelated facts, and update every title mention consistently.",cross_split_p80,Хобби и творчество,override,5,"[{'attribute_key': 'размеры, мм', 'support': 5}, {'attribute_key': 'формат фотографии', 'support': 3}, {'attribute_key': 'комплектация', 'support': 2}, {'attribute_key': 'ширина предмета', 'support': 1}, {'attribute_key': 'размер, мм', 'support': 1}]",208,196,12,0.9423076923076923,30,27,3,0.9,24,6,rp_bb70c1902de8f8cb2c1488b0;rp_ad8499127133156ff180e4b5;rp_8ec1ce3bec0d0a14abb37a35,19х24 см | 7.5x4.5см | 30*38
gen_stat_8dd014ae48fa4585,stat_8dd014ae48fa4585,STAT_LABEL0_MIN2_P80,0,thickness,different_value,statistical_atomic_difference,Толщина,"Создай товар, где характеристику «Толщина» можно изменить независимо. Не добавляй другие атрибуты, которые логически фиксируют её значение или станут противоречивыми после замены.",['Хобби и творчество'],"Replace exactly this explicit attribute with a different, realistic value for the same concrete product subtype.","Change only this attribute; preserve product subtype and all unrelated facts, and update every title mention consistently.",singleton_and_all_occurrence_p80,Хобби и творчество,static_pair_rule_mapping,0,[],11,11,0,1.0,3,3,0,1.0,3,0,rp_ca50faf5870220387a3286e8;rp_aeb71c6cd0bc320d3ddd9ad7;rp_7b0594bcbf6f738498632943,2 мм | 1 мм | 5 мм
gen_stat_3352d3ed79bb5db2,stat_3352d3ed79bb5db2,STAT_LABEL0_CROSS_SPLIT_MIN2_P80,0,compatibility,different_value,statistical_atomic_difference,Совместимость,"Создай товар, где характеристику «Совместимость» можно изменить независимо. Не добавляй другие атрибуты, которые логически фиксируют её значение или станут противоречивыми после замены.",['Электроника'],"Replace exactly this explicit attribute with a different, realistic value for the same concrete product subtype.","Change only this attribute; preserve product subtype and all unrelated facts, and update every title mention consistently.",cross_split_p80,Электроника,override,4,"[{'attribute_key': 'совместимость', 'support': 4}, {'attribute_key': 'производитель совместимого устройства', 'support': 1}, {'attribute_key': 'совместимость картриджа', 'support': 1}]",48,42,6,0.875,8,7,1,0.875,6,2,rp_d361cc9f7dffd91871e19001;rp_17e471249f9a32bd8cb633ff;rp_d0d68cb86e9cf6cc3756cd72,canon | asus rog phone 5 pro | okidata mc853/mc873
gen_stat_fe68ae6b10755f84,stat_fe68ae6b10755f84,STAT_LABEL0_CROSS_SPLIT_MIN2_P80,0,compatible_model,different_value,statistical_atomic_difference,Совместимая модель,"Создай товар, где характеристику «Совместимая модель» можно изменить независимо. Не добавляй другие атрибуты, которые логически фиксируют её значение или станут противоречивыми после замены.",['Электроника'],"Replace exactly this explicit attribute with a different, realistic value for the same concrete product subtype.","Change only this attribute; preserve product subtype and all unrelated facts, and update every title mention consistently.",cross_split_p80,Электроника,override,2,"[{'attribute_key': 'совместимая модель', 'support': 2}, {'attribute_key': 'совместимые модели', 'support': 2}, {'attribute_key': 'совместимость', 'support': 2}, {'attribute_key': 'совместимые модели телевизоров', 'support': 1}]",157,146,11,0.9299363057324841,33,31,2,0.9393939393939394,20,13,rp_10816c15573fe1c4817c6e9b;rp_2a7f4277f0aa8c741b82be1c;rp_510e223b9efb06c9029f4800,oppo a16 | honor 9 lite | swift 3 sf315-41 sf315-51g sf315-52g a315-22 a317-33 a315-56 a317-32 a315-23 a514-53
gen_stat_8da8d965a049c638,stat_8da8d965a049c638,STAT_LABEL0_CROSS_SPLIT_MIN2_P80,0,cpu_model,different_value,statistical_atomic_difference,Модель процессора,"Создай товар, где характеристику «Модель процессора» можно изменить независимо. Не добавляй другие атрибуты, которые логически фиксируют её значение или станут противоречивыми после замены.",['Электроника'],"Replace exactly this explicit attribute with a different, realistic value for the same concrete product subtype.","Change only this attribute; preserve product subtype and all unrelated facts, and update every title mention consistently.",cross_split_p80,Электроника,override,12,"[{'attribute_key': 'процессор', 'support': 12}, {'attribute_key': 'модель процессора', 'support': 4}]",124,124,0,1.0,8,8,0,1.0,7,1,rp_17d378009a1c33e513579e45;rp_18473d608743fdf7e6a86dd7;rp_4adb49697fa84e7d6026704c,1235u | intel core i5-13600kf | amd ryzen 7 7700x
gen_stat_6d20332d4d569860,stat_6d20332d4d569860,STAT_LABEL0_CROSS_SPLIT_MIN2_P80,0,material,different_value,statistical_atomic_difference,Материал,"Создай товар, где характеристику «Материал» можно изменить независимо. Не добавляй другие атрибуты, которые логически фиксируют её значение или станут противоречивыми после замены. В частности, не указывай состав, сырьё, конструкцию или назначение, которые верны только для исходного значения.",['Электроника'],"Replace exactly this explicit attribute with a different, realistic value for the same concrete product subtype.","Change only this attribute; preserve product subtype and all unrelated facts, and update every title mention consistently.",cross_split_p80,Электроника,override,4,"[{'attribute_key': 'материал', 'support': 4}, {'attribute_key': 'материал изделия', 'support': 2}]",247,235,12,0.951417004048583,3,3,0,1.0,2,1,rp_b71a731613f270b980fa1d0c;rp_93819ca30ca818a51f5dbf4f;rp_e527359a83b8b4731d2a5ee4,силикон | тпу; силикон | искусственная кожа
gen_stat_bba5c48b039c1dfe,stat_bba5c48b039c1dfe,STAT_LABEL0_MIN2_P80,0,memory_capacity,different_value,statistical_atomic_difference,Объем памяти,"Создай товар, где характеристику «Объем памяти» можно изменить независимо. Не добавляй другие атрибуты, которые логически фиксируют её значение или станут противоречивыми после замены.",['Электроника'],"Replace exactly this explicit attribute with a different, realistic value for the same concrete product subtype.","Change only this attribute; preserve product subtype and all unrelated facts, and update every title mention consistently.",singleton_and_all_occurrence_p80,Электроника,override,1,"[{'attribute_key': 'объем одного модуля', 'support': 1}, {'attribute_key': 'объем памяти', 'support': 1}, {'attribute_key': 'емкость одного модуля', 'support': 1}, {'attribute_key': 'объем видеопамяти', 'support': 1}]",3,3,0,1.0,2,2,0,1.0,2,0,rp_1d5faa4f1c878e67e2561cbb;rp_1da44c695ac8ed8f8f0933b6;rp_1927c2649df654f0718d63d2,32 гб | 16 гб | 12 гб
gen_stat_b1abe2f0bf2bb50a,stat_b1abe2f0bf2bb50a,STAT_LABEL0_CROSS_SPLIT_MIN2_P80,0,model,different_value,statistical_atomic_difference,Модель,"Создай товар, где характеристику «Модель» можно изменить независимо. Не добавляй другие атрибуты, которые логически фиксируют её значение или станут противоречивыми после замены.",['Электроника'],"Replace exactly this explicit attribute with a different, realistic value for the same concrete product subtype.","Change only this attribute; preserve product subtype and all unrelated facts, and update every title mention consistently.",cross_split_p80,Электроника,override,15,"[{'attribute_key': 'модель', 'support': 15}, {'attribute_key': 'тип расходного материала для печати', 'support': 1}]",715,648,67,0.9062937062937063,64,57,7,0.890625,46,18,rp_91b93592f41e8f51f5158d97;rp_009562c1aef4b30b330c87ca;rp_4305db3dd0942dda35e23c27,6s7e0ea-wpro | kf560c40bbk2-32 | kf552c40bbk2-32
gen_stat_d8bcf119322e1912,stat_d8bcf119322e1912,STAT_LABEL0_CROSS_SPLIT_MIN2_P80,0,model_compatibility,different_value,statistical_atomic_difference,Совместимые модели,"Создай товар, где характеристику «Совместимые модели» можно изменить независимо. Не добавляй другие атрибуты, которые логически фиксируют её значение или станут противоречивыми после замены.",['Электроника'],"Replace exactly this explicit attribute with a different, realistic value for the same concrete product subtype.","Change only this attribute; preserve product subtype and all unrelated facts, and update every title mention consistently.",cross_split_p80,Электроника,override,2,"[{'attribute_key': 'совместимость', 'support': 2}, {'attribute_key': 'совместимые модели', 'support': 1}, {'attribute_key': 'список совместимых устройств', 'support': 1}, {'attribute_key': 'комплектация', 'support': 1}, {'attribute_key': 'модель', 'support': 1}]",42,39,3,0.9285714285714286,7,6,1,0.8571428571428571,6,1,rp_af198de01af6d38f663a867e;rp_d11c73fe79d81792f66f6ecd;rp_70f6f222dfbfdfa8b5958b5b,asus k60il | cp1515 | xiaomi redmi note 9
gen_stat_62a28cf9e974855f,stat_62a28cf9e974855f,STAT_LABEL0_CROSS_SPLIT_MIN2_P80,0,package_quantity,different_value,statistical_atomic_difference,Количество в упаковке,"Создай товар, где характеристику «Количество в упаковке» можно изменить независимо. Не добавляй другие атрибуты, которые логически фиксируют её значение или станут противоречивыми после замены. Не дублируй количество в комплектации или других числовых полях; целевое значение относится именно к числу одинаковых единиц товара.",['Электроника'],"Replace exactly this explicit attribute with a different, realistic value for the same concrete product subtype.","Change only this attribute; preserve product subtype and all unrelated facts, and update every title mention consistently.",cross_split_p80,Электроника,override,6,"[{'attribute_key': 'количество в упаковке, шт', 'support': 6}, {'attribute_key': 'количество в упаковке', 'support': 3}, {'attribute_key': 'количество предметов в упаковке', 'support': 2}, {'attribute_key': 'единиц в одном товаре', 'support': 1}]",90,79,11,0.8777777777777778,9,8,1,0.8888888888888888,7,2,rp_27fb645ce329ef1701c945a6;rp_19be2c65bc6bc3e5e696d504;rp_6dd9ee1a342a142b98a138cb,1 | 50 | 1
gen_stat_2276ccae0e77080b,stat_2276ccae0e77080b,STAT_LABEL0_CROSS_SPLIT_MIN2_P80,0,power,different_value,statistical_atomic_difference,"макс. выходная мощность, вт","Создай товар, где характеристику «макс. выходная мощность, вт» можно изменить независимо. Не добавляй другие атрибуты, которые логически фиксируют её значение или станут противоречивыми после замены.",['Электроника'],"Replace exactly this explicit attribute with a different, realistic value for the same concrete product subtype.","Change only this attribute; preserve product subtype and all unrelated facts, and update every title mention consistently.",cross_split_p80,Электроника,dominant_singleton_evidence,2,"[{'attribute_key': 'макс. выходная мощность, вт', 'support': 2}]",12,10,2,0.8333333333333334,2,2,0,1.0,1,1,rp_8e2a790099fbcc9fdaef20af;rp_b046200d83c792f47d776d15;rp_af40de5feec539b571639541,2000 ва | 20вт | 400
gen_stat_35d362f69bfc1a6a,stat_35d362f69bfc1a6a,STAT_LABEL0_MIN2_P80,0,processor_model,different_value,statistical_atomic_difference,Модель процессора,"Создай товар, где характеристику «Модель процессора» можно изменить независимо. Не добавляй другие атрибуты, которые логически фиксируют её значение или станут противоречивыми после замены.",['Электроника'],"Replace exactly this explicit attribute with a different, realistic value for the same concrete product subtype.","Change only this attribute; preserve product subtype and all unrelated facts, and update every title mention consistently.",singleton_and_all_occurrence_p80,Электроника,override,7,"[{'attribute_key': 'процессор', 'support': 7}, {'attribute_key': 'модель процессора', 'support': 1}]",230,226,4,0.9826086956521739,5,5,0,1.0,5,0,rp_f93bf71be1f057ab55e0a059;rp_caa9533a275d52fcdda031da;rp_04e86823011caebc28ad2475,intel core i7-2600 | intel core i5-11600k | amd ryzen 7 7800x3d
gen_stat_a2bbe60016064e81,stat_a2bbe60016064e81,STAT_LABEL0_CROSS_SPLIT_MIN2_P80,0,resource,different_value,statistical_atomic_difference,ресурс,"Создай товар, где характеристику «ресурс» можно изменить независимо. Не добавляй другие атрибуты, которые логически фиксируют её значение или станут противоречивыми после замены.",['Электроника'],"Replace exactly this explicit attribute with a different, realistic value for the same concrete product subtype.","Change only this attribute; preserve product subtype and all unrelated facts, and update every title mention consistently.",cross_split_p80,Электроника,dominant_singleton_evidence,6,"[{'attribute_key': 'ресурс', 'support': 6}]",12,10,2,0.8333333333333334,3,3,0,1.0,2,1,rp_8b7d5f9b4bde2c8417c5437d;rp_f739ed2e095c9dd75b550bed;rp_fbf87f65d1a929cab3a1714f,1000 | 100000 страниц | 10000
gen_stat_9c10d1b1125459f5,stat_9c10d1b1125459f5,STAT_LABEL0_CROSS_SPLIT_MIN2_P80,0,storage_capacity,different_value,statistical_atomic_difference,Объем памяти,"Создай товар, где характеристику «Объем памяти» можно изменить независимо. Не добавляй другие атрибуты, которые логически фиксируют её значение или станут противоречивыми после замены.",['Электроника'],"Replace exactly this explicit attribute with a different, realistic value for the same concrete product subtype.","Change only this attribute; preserve product subtype and all unrelated facts, and update every title mention consistently.",cross_split_p80,Электроника,static_pair_rule_mapping,1,"[{'attribute_key': 'встроенная память', 'support': 1}]",86,85,1,0.9883720930232558,3,3,0,1.0,1,2,rp_18473d608743fdf7e6a86dd7;rp_38f31c80ae96ec5e6421ff42;rp_f66dc34253e48f54f95f9541,500 гб | 1000 гб | 512
gen_stat_c451d820e35c77d7,stat_c451d820e35c77d7,STAT_LABEL0_CROSS_SPLIT_MIN2_P80,0,type,different_value,statistical_atomic_difference,Вид товара,"Создай товар, где характеристику «Вид товара» можно изменить независимо. Не добавляй другие атрибуты, которые логически фиксируют её значение или станут противоречивыми после замены. В частности, не указывай состав, сырьё, конструкцию или назначение, которые верны только для исходного значения.",['Электроника'],"Replace exactly this explicit attribute with a different, realistic value for the same concrete product subtype.","Change only this attribute; preserve product subtype and all unrelated facts, and update every title mention consistently.",cross_split_p80,Электроника,override,10,"[{'attribute_key': 'тип', 'support': 10}, {'attribute_key': 'вид микрофона', 'support': 1}]",166,157,9,0.9457831325301205,19,17,2,0.8947368421052632,13,6,rp_916f90bf1fbba932ed779efd;rp_0e3884ebcb943fb01d0c0b81;rp_2b9aa43af8b766f6dc6e0727,видеодомофон | нижняя плата | защитное стекло
gen_stat_12e60620bb78a5f6,stat_12e60620bb78a5f6,STAT_LABEL0_CROSS_SPLIT_MIN2_P80,0,brand,different_value,statistical_atomic_difference,Бренд,"Создай товар, где характеристику «Бренд» можно изменить независимо. Не добавляй другие атрибуты, которые логически фиксируют её значение или станут противоречивыми после замены.",['Ювелирные изделия'],"Replace exactly this explicit attribute with a different, realistic value for the same concrete product subtype.","Change only this attribute; preserve product subtype and all unrelated facts, and update every title mention consistently.",cross_split_p80,Ювелирные изделия,override,17,"[{'attribute_key': 'бренд', 'support': 17}]",576,510,66,0.8854166666666666,13,13,0,1.0,12,1,rp_f4d502cbbcc6241d63bc9fde;rp_6700cb5ca2d33d9ebb5d0073;rp_741fa0892113d33638134c1e,585gold | jv | jewelry
gen_stat_2a4e03feefaa1b2c,stat_2a4e03feefaa1b2c,STAT_LABEL0_CROSS_SPLIT_MIN2_P80,0,gold_color,different_value,statistical_atomic_difference,Цвет золота,"Создай товар, где характеристику «Цвет золота» можно изменить независимо. Не добавляй другие атрибуты, которые логически фиксируют её значение или станут противоречивыми после замены.",['Ювелирные изделия'],"Replace exactly this explicit attribute with a different, realistic value for the same concrete product subtype.","Change only this attribute; preserve product subtype and all unrelated facts, and update every title mention consistently.",cross_split_p80,Ювелирные изделия,static_pair_rule_mapping,17,"[{'attribute_key': 'тип золота', 'support': 17}, {'attribute_key': 'состав ювелирного изделия', 'support': 10}, {'attribute_key': 'основной материал украшения', 'support': 9}, {'attribute_key': 'цвет', 'support': 1}]",139,132,7,0.9496402877697842,19,19,0,1.0,14,5,rp_99751c6e34757884d39eaa3b;rp_b2224127f0a0f7388bc551f5;rp_f16abd9721dfae76999626b3,белое золото | белое | желтое
gen_stat_4c8cc951a95ca6db,stat_4c8cc951a95ca6db,STAT_LABEL0_CROSS_SPLIT_MIN2_P80,0,insert,different_value,statistical_atomic_difference,Вставка,"Создай товар, где характеристику «Вставка» можно изменить независимо. Не добавляй другие атрибуты, которые логически фиксируют её значение или станут противоречивыми после замены.",['Ювелирные изделия'],"Replace exactly this explicit attribute with a different, realistic value for the same concrete product subtype.","Change only this attribute; preserve product subtype and all unrelated facts, and update every title mention consistently.",cross_split_p80,Ювелирные изделия,override,9,"[{'attribute_key': 'вставка', 'support': 9}]",128,124,4,0.96875,5,5,0,1.0,3,2,rp_6a936c38e87945b4f667c45b;rp_d806df9e71cbcb5628bd0972;rp_f18654a1875464cdcdc87e71,нет | фианит | нет
gen_stat_e905306f23b6366f,stat_e905306f23b6366f,STAT_LABEL0_MIN2_P80,0,insert_stone,different_value,statistical_atomic_difference,Вставка,"Создай товар, где характеристику «Вставка» можно изменить независимо. Не добавляй другие атрибуты, которые логически фиксируют её значение или станут противоречивыми после замены.",['Ювелирные изделия'],"Replace exactly this explicit attribute with a different, realistic value for the same concrete product subtype.","Change only this attribute; preserve product subtype and all unrelated facts, and update every title mention consistently.",singleton_and_all_occurrence_p80,Ювелирные изделия,override,6,"[{'attribute_key': 'вставка', 'support': 6}]",66,64,2,0.9696969696969697,3,3,0,1.0,3,0,rp_6ac2fbfa83a6d9e0c8a95b03;rp_3421fecd2b51d58f20e56f69;rp_7fb35b7b17af74bd7f3b499a,фианит | фианит | топаз
gen_stat_a4bbce81ed137aca,stat_a4bbce81ed137aca,STAT_LABEL0_MIN2_P80,0,insert_type,different_value,statistical_atomic_difference,Вид вставки,"Создай товар, где характеристику «Вид вставки» можно изменить независимо. Не добавляй другие атрибуты, которые логически фиксируют её значение или станут противоречивыми после замены.",['Ювелирные изделия'],"Replace exactly this explicit attribute with a different, realistic value for the same concrete product subtype.","Change only this attribute; preserve product subtype and all unrelated facts, and update every title mention consistently.",singleton_and_all_occurrence_p80,Ювелирные изделия,override,4,"[{'attribute_key': 'вставка', 'support': 4}]",134,127,7,0.9477611940298507,2,2,0,1.0,2,0,rp_de9d432bdc03fcc1cdb724ef;rp_428b25f54069057468b32aa8;rp_193ecec355bb06f8b31ce335,кварц | жемчуг натуральный; культивированный | бриллиант
gen_stat_11e5010398843e34,stat_11e5010398843e34,STAT_LABEL0_CROSS_SPLIT_MIN2_P80,0,length,different_value,statistical_atomic_difference,Длина,"Создай товар, где характеристику «Длина» можно изменить независимо. Не добавляй другие атрибуты, которые логически фиксируют её значение или станут противоречивыми после замены. Характеристика должна относиться к самому товару, а не к упаковке, доставке или приблизительному диапазону.",['Ювелирные изделия'],"Replace exactly this explicit attribute with a different, realistic value for the same concrete product subtype.","Change only this attribute; preserve product subtype and all unrelated facts, and update every title mention consistently.",cross_split_p80,Ювелирные изделия,override,2,"[{'attribute_key': 'длина украшения, см', 'support': 2}, {'attribute_key': 'размер', 'support': 1}]",160,143,17,0.89375,2,2,0,1.0,1,1,rp_693ad6b64d77e5f681d4bb5d;rp_9c68a2475e81fae460ece37c;rp_a35eb5144a0cb0fa1316d4b1,38 | 65 | 45 см
gen_stat_932380550258e23c,stat_932380550258e23c,STAT_LABEL0_MIN2_P80,0,material,different_value,statistical_atomic_difference,Материал,"Создай товар, где характеристику «Материал» можно изменить независимо. Не добавляй другие атрибуты, которые логически фиксируют её значение или станут противоречивыми после замены. В частности, не указывай состав, сырьё, конструкцию или назначение, которые верны только для исходного значения.",['Ювелирные изделия'],"Replace exactly this explicit attribute with a different, realistic value for the same concrete product subtype.","Change only this attribute; preserve product subtype and all unrelated facts, and update every title mention consistently.",singleton_and_all_occurrence_p80,Ювелирные изделия,override,3,"[{'attribute_key': 'состав ювелирного изделия', 'support': 3}, {'attribute_key': 'материал', 'support': 1}]",196,178,18,0.9081632653061225,2,2,0,1.0,2,0,rp_f4d502cbbcc6241d63bc9fde;rp_586e173cec0adde53766e565;rp_a05e78906b8c57da1677e2e3,серебро родированное | серебро родированное | комбинированное золото
gen_stat_aa9b43d7c4249f2a,stat_aa9b43d7c4249f2a,STAT_LABEL0_MIN2_P80,0,material_composition,different_value,statistical_atomic_difference,Состав материала,"Создай товар, где характеристику «Состав материала» можно изменить независимо. Не добавляй другие атрибуты, которые логически фиксируют её значение или станут противоречивыми после замены. В частности, не указывай состав, сырьё, конструкцию или назначение, которые верны только для исходного значения.",['Ювелирные изделия'],"Replace exactly this explicit attribute with a different, realistic value for the same concrete product subtype.","Change only this attribute; preserve product subtype and all unrelated facts, and update every title mention consistently.",singleton_and_all_occurrence_p80,Ювелирные изделия,static_pair_rule_mapping,5,"[{'attribute_key': 'состав ювелирного изделия', 'support': 5}, {'attribute_key': 'вставка', 'support': 1}, {'attribute_key': 'вид металла', 'support': 1}]",65,55,10,0.8461538461538461,5,4,1,0.8,4,1,rp_1707da879e8f403826c9942c;rp_0e0a9806a99099a5b3dc5187;rp_eb00b7cdcf29f2023292a512,серебро; золочение; родирование | золото красное; золото белое | золото 585
gen_stat_ff664aa28d8b1907,stat_ff664aa28d8b1907,STAT_LABEL0_MIN2_P80,0,metal_color,different_value,statistical_atomic_difference,Цвет металла,"Создай товар, где характеристику «Цвет металла» можно изменить независимо. Не добавляй другие атрибуты, которые логически фиксируют её значение или станут противоречивыми после замены.",['Ювелирные изделия'],"Replace exactly this explicit attribute with a different, realistic value for the same concrete product subtype.","Change only this attribute; preserve product subtype and all unrelated facts, and update every title mention consistently.",singleton_and_all_occurrence_p80,Ювелирные изделия,static_pair_rule_mapping,2,"[{'attribute_key': 'состав ювелирного изделия', 'support': 2}, {'attribute_key': 'тип золота', 'support': 2}]",49,46,3,0.9387755102040817,2,2,0,1.0,2,0,rp_c87a2253d5c834640b11acc6;rp_f01c6684b5b636ac16565985;rp_c492ea1291a1145d9d1e82fe,желтое | золото | красное золото
gen_stat_4015248a8d500920,stat_4015248a8d500920,STAT_LABEL0_CROSS_SPLIT_MIN2_P80,0,size,different_value,statistical_atomic_difference,Размер,"Создай товар, где характеристику «Размер» можно изменить независимо. Не добавляй другие атрибуты, которые логически фиксируют её значение или станут противоречивыми после замены.",['Ювелирные изделия'],"Replace exactly this explicit attribute with a different, realistic value for the same concrete product subtype.","Change only this attribute; preserve product subtype and all unrelated facts, and update every title mention consistently.",cross_split_p80,Ювелирные изделия,override,24,"[{'attribute_key': 'размер изделия', 'support': 24}, {'attribute_key': 'размер кольца', 'support': 15}, {'attribute_key': 'российский размер', 'support': 5}, {'attribute_key': 'размер', 'support': 2}, {'attribute_key': 'размеры, мм', 'support': 1}]",996,831,165,0.8343373493975904,28,25,3,0.8928571428571429,23,5,rp_de9d432bdc03fcc1cdb724ef;rp_25ec56c64f385e6c562bc4e1;rp_a4714dde46aac0758e19ece9,"18 | 18,5 | 17"
gen_stat_b3babbc2cb57a893,stat_b3babbc2cb57a893,STAT_LABEL0_CROSS_SPLIT_MIN2_P80,0,type,different_value,statistical_atomic_difference,Вид товара,"Создай товар, где характеристику «Вид товара» можно изменить независимо. Не добавляй другие атрибуты, которые логически фиксируют её значение или станут противоречивыми после замены. В частности, не указывай состав, сырьё, конструкцию или назначение, которые верны только для исходного значения.",['Ювелирные изделия'],"Replace exactly this explicit attribute with a different, realistic value for the same concrete product subtype.","Change only this attribute; preserve product subtype and all unrelated facts, and update every title mention consistently.",cross_split_p80,Ювелирные изделия,override,2,"[{'attribute_key': 'тип', 'support': 2}]",141,134,7,0.950354609929078,4,4,0,1.0,3,1,rp_31fde565b2a661bb2da16851;rp_ddb4e2462cd2684d12ca19a6;rp_5b3578dd686d9e085babc4df,подвеска-буква | кулон | серьги
gen_stat_9440bc3020401f78,stat_9440bc3020401f78,STAT_LABEL0_CROSS_SPLIT_MIN2_P80,0,weight,different_value,statistical_atomic_difference,Вес изделия,"Создай товар, где характеристику «Вес изделия» можно изменить независимо. Не добавляй другие атрибуты, которые логически фиксируют её значение или станут противоречивыми после замены. Характеристика должна относиться к самому товару, а не к упаковке, доставке или приблизительному диапазону.",['Ювелирные изделия'],"Replace exactly this explicit attribute with a different, realistic value for the same concrete product subtype.","Change only this attribute; preserve product subtype and all unrelated facts, and update every title mention consistently.",cross_split_p80,Ювелирные изделия,override,41,"[{'attribute_key': 'минимальный вес (г)', 'support': 41}, {'attribute_key': 'средний вес изделия, гр', 'support': 36}, {'attribute_key': 'вес товара, г', 'support': 29}, {'attribute_key': 'средний вес изделия', 'support': 23}, {'attribute_key': 'средний вес', 'support': 1}]",1950,1735,215,0.8897435897435897,65,57,8,0.8769230769230769,53,12,rp_6a7e4c5806f77dff81848a59;rp_de9d432bdc03fcc1cdb724ef;rp_47aa6613bcd0316b312df1fd,1.3 | 1.51 г | 12.71
