audit_id,human_row_id,id1,id2,category,target,predict,mismatch_type,selection_reason,title1,title2,compact1,compact2,product_text_1,product_text_2
1,21817,42949810472,446676691344,Автотовары,1.0,0.0001313517646193531,FN,confident_minilm_v1_error,sailun atrezzo zsr шины летние 225/40 r18 92y,sailun / шины летние 225/60r18 104w atrezzo elite,"Название: sailun atrezzo zsr шины летние 225/40 r18 92y | бренд: sailun | партномер (артикул производителя): 3220004720 | тип: шины для легковых автомобилей | вид шин: нешипованные | высота профиля, %: 40 | диаметр, дюймы: 18 | серия: atrezzo zsr | ширина профиля, мм: 225","Название: sailun / шины летние 225/60r18 104w atrezzo elite | модель: atrezzo elite | артикул производителя: 3220010741 | вес с упаковкой (кг): 12.03 кг | комплектация: шина 1шт. | высота упаковки: 66 см | диаметр, дюймы: 18 | длина упаковки: 66 см | назначение шин: легковая | ширина упаковки: 19 см","Категория: Автотовары
Название: sailun atrezzo zsr шины летние 225/40 r18 92y
бренд: sailun
партномер (артикул производителя): 3220004720
тип: шины для легковых автомобилей
вид шин: нешипованные
oem-номер: 3220004720
runflat: нет
высота профиля, %: 40
диаметр, дюймы: 18
индекс нагрузки: 92
индекс скорости: y
сезонность: лето
серия: atrezzo zsr
ширина профиля, мм: 225","Категория: Автотовары
Название: sailun / шины летние 225/60r18 104w atrezzo elite
модель: atrezzo elite
артикул производителя: 3220010741
вес с упаковкой (кг): 12.03 кг
комплектация: шина 1шт.
валюта: rub
высота упаковки: 66 см
диаметр, дюймы: 18
длина упаковки: 66 см
индекс нагрузки: 104
индекс скорости: w
назначение шин: легковая
сезонность: лето
страна производства: китай
технология runflat: нет
шипы: нет
ширина упаковки: 19 см"
2,58243,137438975125,755914362551,Автотовары,1.0,0.00037998453259431635,FN,confident_minilm_v1_error,ремонт сколов кузова (подкраска) + грунт комплект ford europe adag zinc/indian yellow 40 мл,kiwix / штрих корректор + грунт комплект skoda lha7 anthracite 40 мл,"Название: ремонт сколов кузова (подкраска) + грунт комплект ford europe adag zinc/indian yellow 40 мл | бренд: kiwix | альтернативные артикулы товара: adag-016911lg | партномер (артикул производителя): adag-016911lg | тип: средство для ремонта царапин | вид техники: внедорожники | объем, мл: 40 | комплектация: ремонт сколов кузова (подкраска) + грунт комплект ford europe adag zinc/indian yellow 40 мл | страна-изготовитель: россия | форма выпуска: готовый раствор",Название: kiwix / штрих корректор + грунт комплект skoda lha7 anthracite 40 мл | артикул производителя: lha7-048827lg | объем (мл): 40 мл | вес товара с упаковкой (г): 150 г | материал обработки: металл; пластик | комплектация: маркер + грунт acura (акура) yr82m bahama gold 40 мл | высота упаковки: 9 см | длина упаковки: 3 см | ширина упаковки: 12 см,"Категория: Автотовары
Название: ремонт сколов кузова (подкраска) + грунт комплект ford europe adag zinc/indian yellow 40 мл
бренд: kiwix
альтернативные артикулы товара: adag-016911lg
партномер (артикул производителя): adag-016911lg
тип: средство для ремонта царапин
вид техники: внедорожники
объем, мл: 40
комплектация: ремонт сколов кузова (подкраска) + грунт комплект ford europe adag zinc/indian yellow 40 мл
область применения: кузов
сезон: на любой сезон
страна-изготовитель: россия
упаковка: коробка
форма выпуска: готовый раствор","Категория: Автотовары
Название: kiwix / штрих корректор + грунт комплект skoda lha7 anthracite 40 мл
артикул производителя: lha7-048827lg
объем (мл): 40 мл
вес товара с упаковкой (г): 150 г
материал обработки: металл; пластик
комплектация: маркер + грунт acura (акура) yr82m bahama gold 40 мл
валюта: rub
время высыхания: 20 минут
высота упаковки: 9 см
длина упаковки: 3 см
срок годности: 24 мес
страна производства: россия
ширина упаковки: 12 см"
3,95139,223338311930,51539659572,Автотовары,1.0,3.120190393987402e-05,FN,component_companion,опора шаровая,ctr опора шаровая,Название: опора шаровая | бренд: japanparts | артикул: japan-parts-bj-k01 mo#nn | партномер (артикул производителя): bjk01 | тип: опора шаровая,Название: ctr опора шаровая | тип автотехники: легковые автомобили,"Категория: Автотовары
Название: опора шаровая
бренд: japanparts
артикул: japan-parts-bj-k01 mo#nn
партномер (артикул производителя): bjk01
тип: опора шаровая
oem-номер: 517602h000; 517600q000; 517602g000; 517600q000; 517602h000; j4860316; 81082; sbj4010; sbj3028; 730kk01; n4860313; adg086138; 14583130; 73k01; mbj8k01; 517602h000; 517600q000; 51760 2g000; 517600q000; 517602h000; j4860316; 81082; sbj-4010; sbj-3028; 73-0k-k01; n4860313; adg086138; 1458-3130; 73k01; mbj-8k01; bjk01","Категория: Автотовары
Название: ctr опора шаровая
тип автотехники: легковые автомобили"
4,203541,472446533657,712964702592,Автотовары,1.0,0.009708474753363424,FN,lexical_surprise,набор автохимии,"grass чистящее средство iron 500мл, шт",Название: набор автохимии | бренд: нет бренда | партномер (артикул производителя): detail::dt0132 | тип: набор автохимии | вид техники: легковые автомобили,"Название: grass чистящее средство iron 500мл, шт | бренд: grass | артикул производителя: dt0132 | код товара: 100037137915 | тип: шампунь | примечание: внешний вид изделия может отличаться от фотографий","Категория: Автотовары
Название: набор автохимии
бренд: нет бренда
партномер (артикул производителя): detail::dt0132
тип: набор автохимии
вид техники: легковые автомобили","Категория: Автотовары
Название: grass чистящее средство iron 500мл, шт
бренд: grass
артикул производителя: dt0132
код товара: 100037137915
тип: шампунь
примечание: внешний вид изделия может отличаться от фотографий"
5,340979,798863946717,446676703891,Автотовары,1.0,0.0015011819937681247,FN,confident_minilm_v1_error,"ikon mg81 колесный диск штампованный 15x7"" pcd6х139.7 et0 d110.5","ikon alloy диск колёсный mg81 7.0x15 5x139.7х110.5 et 10 b, арт.5048/0","Название: ikon mg81 колесный диск штампованный 15x7"" pcd6х139.7 et0 d110.5 | бренд: ikon | партномер (артикул производителя): 5004/0 | тип: колесный диск | вид диска: штампованный | вид техники: легковые автомобили | цвет товара: черный | материал: сталь | диаметр расположения отверстий (pcd): 139.7 | диаметр центр. отверстия, мм: 110.5 | диаметр, дюймы: 15 | количество, штук: 1 | серия: mg81 | ширина обода: 7""","Название: ikon alloy диск колёсный mg81 7.0x15 5x139.7х110.5 et 10 b, арт.5048/0 | вес в транспортной упаковке: 12.1 кг | цвет товара: b | материал: сталь","Категория: Автотовары
Название: ikon mg81 колесный диск штампованный 15x7"" pcd6х139.7 et0 d110.5
бренд: ikon
партномер (артикул производителя): 5004/0
тип: колесный диск
вид диска: штампованный
вид техники: легковые автомобили
цвет товара: черный
материал: сталь
вылет, мм: 0
диаметр расположения отверстий (pcd): 139.7
диаметр центр. отверстия, мм: 110.5
диаметр, дюймы: 15
кол-во крепежных отверстий: 6
количество, штук: 1
серия: mg81
ширина обода: 7""","Категория: Автотовары
Название: ikon alloy диск колёсный mg81 7.0x15 5x139.7х110.5 et 10 b, арт.5048/0
вид: штампованные
вес в транспортной упаковке: 12.1 кг
цвет товара: b
материал: сталь
габариты транспортной упаковки: 42х42х20 см
гарантийный срок: 1 г."
6,348748,816043841280,94489352819,Автотовары,1.0,1.892514598661872e-05,FN,lexical_surprise,camozzi фитинг тройник 15 (camozzi),patron шланг тормозной пер. лев. hyundai kia ix35 / sportage (sl) 10-16 арт. pbh0232,Название: camozzi фитинг тройник 15 (camozzi),"Название: patron шланг тормозной пер. лев. hyundai kia ix35 / sportage (sl) 10-16 арт. pbh0232 | бренд: patron | артикул: pbh0232 | партномер (артикул производителя): pbh0232 | тип: шланг тормозной для автомобиля | количество, штук: 1","Категория: Автотовары
Название: camozzi фитинг тройник 15 (camozzi)
форма: тройник","Категория: Автотовары
Название: patron шланг тормозной пер. лев. hyundai kia ix35 / sportage (sl) 10-16 арт. pbh0232
бренд: patron
артикул: pbh0232
партномер (артикул производителя): pbh0232
тип: шланг тормозной для автомобиля
количество, штук: 1"
7,341346,798863964305,446676733802,Аптека,1.0,0.00020342704657999323,FN,model_disagreement_or_order_gap,alcon / контактные линзы dailies aquacomfort plus 30 / 8.7 / -2.00,"alcon астигматические линзы dailies aquacomfort plus toric_160_-1.25, 30 шт., -2.00 / 8.8/-1.25/160, 1 день",Название: alcon / контактные линзы dailies aquacomfort plus 30 / 8.7 / -2.00 | тип линз: прозрачные | комплектация: контактные линзы - 30 шт. | диаметр мкл: 14 мм | количество предметов в упаковке: 30 шт. | состав: гидрогель,"Название: alcon астигматические линзы dailies aquacomfort plus toric_160_-1.25, 30 шт., -2.00 / 8.8/-1.25/160, 1 день | бренд: alcon | тип: астигматические линзы | цвет товара: прозрачный | материал контактных линз: незофилкон а | количество в упаковке: 30 | страна-изготовитель: сша","Категория: Аптека
Название: alcon / контактные линзы dailies aquacomfort plus 30 / 8.7 / -2.00
тип линз: прозрачные
комплектация: контактные линзы - 30 шт.
валюта: rub
влагосодержание: 69 %
диаметр мкл: 14 мм
количество предметов в упаковке: 30 шт.
коэффициент пропускания кислорода: 26 dk/t
оптическая сила: -2
радиус кривизны: 8.7
режим замены: 1 день
режим ношения: дневной
состав: гидрогель
страна производства: сша","Категория: Аптека
Название: alcon астигматические линзы dailies aquacomfort plus toric_160_-1.25, 30 шт., -2.00 / 8.8/-1.25/160, 1 день
бренд: alcon
тип: астигматические линзы
цвет товара: прозрачный
материал контактных линз: незофилкон а
влагосодержание, %: 69
дней до замены: 1 день
кислородопропускание, dk/t: 26
количество в упаковке: 30
оптическая сила: -2.00
особенности контактных линз: гидрогель
ось (axis): 160
радиус кривизны: 8.8
режим ношения: дневной
страна-изготовитель: сша
цилиндр (cyl): -1.25"
8,142230,335007492903,8590012489,Бытовая химия,1.0,0.22270013882530884,FN,model_disagreement_or_order_gap,"аэрозоль комароед супер для защиты от комаров, слепней, других насекомых и клещей, 128 г, 125 мл","комароед супер аэрозоль 125 мл, современное эффективное средство-спрей от комаров, мошек, слепней и клещей","Название: аэрозоль комароед супер для защиты от комаров, слепней, других насекомых и клещей, 128 г, 125 мл | тип: аэрозоль | вид насекомых: комары, слепни | объем: 125 мл | вес: 128 г | вес в транспортной упаковке: 0.128 кг | цвет товара: белый | количество в упаковке: 1 шт. | количество упаковок: 1 шт. | назначение: уничтожение насекомых, от комаров | состав: n,n-диэтилтолуамид+спирт изопропиловый+дикарбоксимид","Название: комароед супер аэрозоль 125 мл, современное эффективное средство-спрей от комаров, мошек, слепней и клещей | бренд: avgust | тип: средство от насекомых | вид вредителя: комар | объем, мл: 125 | вес товара, г: 135 | цвет товара: красный | комплектация: аэрозоль 1 штука 125 мл | назначение средства от насекомых/грызунов: отпугивание насекомых | состав: вспомогательные компоненты 100 % | страна-изготовитель: россия | форма выпуска средств от вредителей: аэрозоль","Категория: Бытовая химия
Название: аэрозоль комароед супер для защиты от комаров, слепней, других насекомых и клещей, 128 г, 125 мл
тип: аэрозоль
вид насекомых: комары, слепни
объем: 125 мл
вес: 128 г
вес в транспортной упаковке: 0.128 кг
цвет товара: белый
время действия: 4 часа
габариты транспортной упаковки: 4.50х16х4.50 см
дополнительная информация: баллон под давлением, не разбирать, не давать детям; предохранять от действия прямых солнечных лучей и нагревания выше 40 со; хранить препарат отдельно от лекарств, пищевых продуктов и кормов для животных в сухом, прохладном месте, недоступном для детей и животных
количество в упаковке: 1 шт.
количество упаковок: 1 шт.
назначение: уничтожение насекомых, от комаров
особенности: с отдушкой
состав: n,n-диэтилтолуамид+спирт изопропиловый+дикарбоксимид
способ применения: открытые участки тела: распылить средство на ладонь и нанести, не втирая, на открытые части тела; одежда: средство распылять на одежду и другие ткани
срок годности: 3 г.","Категория: Бытовая химия
Название: комароед супер аэрозоль 125 мл, современное эффективное средство-спрей от комаров, мошек, слепней и клещей
бренд: avgust
тип: средство от насекомых
вид вредителя: комар
объем, мл: 125
вес товара, г: 135
цвет товара: красный
комплектация: аэрозоль 1 штука 125 мл
единиц в одном товаре: 1
назначение средства от насекомых/грызунов: отпугивание насекомых
период использования: 1095
состав: вспомогательные компоненты 100 %
страна-изготовитель: россия
форма выпуска средств от вредителей: аэрозоль"
9,194538,455266598061,34359770867,Бытовая химия,1.0,0.0293122327122782,FN,lexical_surprise,"kao / средство ""attack ex"" (концентрат тройного действия) 690 г","kao attack bio gelc высокоэффективный гель для стирки белья с биоэнзимами, с ароматом зелени, з/б 690 гр.","Название: kao / средство ""attack ex"" (концентрат тройного действия) 690 г | объем (л): 0.69 л | вес с упаковкой (кг): 0.74 кг | комплектация: 1 упаковка - 690 мл | аромат: осежающий аромат кристальной чистоты | высота упаковки: 15 см | длина упаковки: 21 см | назначение стирального средства: для белого; для цветного; универсальное | ширина упаковки: 15 см | эффект средства: антибактериальный; ароматизация; смягчение ткани","Название: kao attack bio gelc высокоэффективный гель для стирки белья с биоэнзимами, с ароматом зелени, з/б 690 гр. | бренд: kao | тип: жидкое средство для стирки | вид стирки: автоматическая | вес товара, г: 690 | комплектация: гель для стирки (сменный блок) 1 упаковка 690 г | аромат: эвкалипт | название аромата: эвкалипт | назначение средства для стирки: для белых тканей | состав: пав (37% полиоксиэтиленалкилэфир, алкилбензолы с неразветвленной цепью), стабилизатор, щелочь, регулятор ph, диспергатор, ферменты, флуоресцентный усилитель белизны. | страна-изготовитель: япония | форма выпуска средства: гель","Категория: Бытовая химия
Название: kao / средство ""attack ex"" (концентрат тройного действия) 690 г
объем (л): 0.69 л
вес с упаковкой (кг): 0.74 кг
комплектация: 1 упаковка - 690 мл
аромат: осежающий аромат кристальной чистоты
валюта: rub
высота упаковки: 15 см
длина упаковки: 21 см
назначение стирального средства: для белого; для цветного; универсальное
срок годности: 36 мес
страна производства: япония
ширина упаковки: 15 см
эффект средства: антибактериальный; ароматизация; смягчение ткани","Категория: Бытовая химия
Название: kao attack bio gelc высокоэффективный гель для стирки белья с биоэнзимами, с ароматом зелени, з/б 690 гр.
бренд: kao
тип: жидкое средство для стирки
вид стирки: автоматическая
вес товара, г: 690
комплектация: гель для стирки (сменный блок) 1 упаковка 690 г
аромат: эвкалипт
единиц в одном товаре: 1
название аромата: эвкалипт
назначение средства для стирки: для белых тканей
особенности применения: антибактериальный эффект
состав: пав (37% полиоксиэтиленалкилэфир, алкилбензолы с неразветвленной цепью), стабилизатор, щелочь, регулятор ph, диспергатор, ферменты, флуоресцентный усилитель белизны.
страна-изготовитель: япония
упаковка: дой-пак
форма выпуска средства: гель
число стирок: 27"
10,219355,515396089044,627065252973,Бытовая химия,1.0,0.0015011819937681247,FN,confident_minilm_v1_error,cillit bang / cillit bang мегаблеск+защита 450мл,"средство чистящее cillit bang мегаблеск + защита, спрей, с курком, 750 мл","Название: cillit bang / cillit bang мегаблеск+защита 450мл | высота упаковки: 28 см | длина упаковки: 11 см | состав: менее 5%: щавелевая кислота, неионогенные пав, ароматизирующие добавки. | ширина упаковки: 5 см","Название: средство чистящее cillit bang мегаблеск + защита, спрей, с курком, 750 мл | бренд: cillit | артикул: rc-288989-1-cheestsrva261 | тип: средство чистящее для ванной и туалета | объем, мл: 750 | состав: менее 5% щавелевая кислота, неионогенные пав, ароматизатор.","Категория: Бытовая химия
Название: cillit bang / cillit bang мегаблеск+защита 450мл
валюта: rub
высота упаковки: 28 см
длина упаковки: 11 см
состав: менее 5%: щавелевая кислота, неионогенные пав, ароматизирующие добавки.
ширина упаковки: 5 см","Категория: Бытовая химия
Название: средство чистящее cillit bang мегаблеск + защита, спрей, с курком, 750 мл
бренд: cillit
артикул: rc-288989-1-cheestsrva261
тип: средство чистящее для ванной и туалета
объем, мл: 750
единиц в одном товаре: 1
состав: менее 5% щавелевая кислота, неионогенные пав, ароматизатор."
11,220204,515396123240,670015043648,Бытовая химия,1.0,0.29421497216298875,FN,component_companion,abc стиральный порошок для цветного белья 3кг,abc / порошок стиральный abc 3 кг,"Название: abc стиральный порошок для цветного белья 3кг | бренд: abc | тип: стиральный порошок | вид стирки: автоматическая | размер упаковки (длина х ширина х высота), см: 17*16*34 | вес товара, г: 3000 | комплектация: порошки в пакете 1шт | название аромата: для цветного белья | назначение средства для стирки: для цветных тканей | состав: анионные активные вещества, кислородный отбеливатель %5-15, неионогенные активные вещества, мыло, поликарбоксилат < % 5, оптические отбеливатели, энзим, парфюмерное средство +. | страна-изготовитель: турция | форма выпуска средства: порошок",Название: abc / порошок стиральный abc 3 кг | вес товара без упаковки (г): 3000 г | вес товара с упаковкой (г): 3200 г | комплектация: 1 порошок 3кг; стиральный порошок 3 кг; стиральный порошок | высота упаковки: 13 см | длина упаковки: 20 см | количество стирок: 50 шт. | назначение стирального средства: универсальное; для цветного; для детской одежды и белья | состав: мыло; поликарбоксилат; фосфонат; неиногенные пав; анионные активные вещества; парфюмерное средство; отбеливатель на кислородной основе | ширина упаковки: 18 см,"Категория: Бытовая химия
Название: abc стиральный порошок для цветного белья 3кг
бренд: abc
тип: стиральный порошок
вид стирки: автоматическая
размер упаковки (длина х ширина х высота), см: 17*16*34
вес товара, г: 3000
комплектация: порошки в пакете 1шт
единиц в одном товаре: 1
название аромата: для цветного белья
назначение средства для стирки: для цветных тканей
особенности применения: антибактериальный эффект
с дозатором: нет
состав: анионные активные вещества, кислородный отбеливатель %5-15, неионогенные активные вещества, мыло, поликарбоксилат < % 5, оптические отбеливатели, энзим, парфюмерное средство +.
страна-изготовитель: турция
упаковка: картонная коробка
форма выпуска средства: порошок","Категория: Бытовая химия
Название: abc / порошок стиральный abc 3 кг
вес товара без упаковки (г): 3000 г
вес товара с упаковкой (г): 3200 г
комплектация: 1 порошок 3кг; стиральный порошок 3 кг; стиральный порошок
валюта: rub
высота упаковки: 13 см
длина упаковки: 20 см
количество стирок: 50 шт.
назначение стирального средства: универсальное; для цветного; для детской одежды и белья
состав: мыло; поликарбоксилат; фосфонат; неиногенные пав; анионные активные вещества; парфюмерное средство; отбеливатель на кислородной основе
срок годности: 36 мес
страна производства: турция
ширина упаковки: 18 см
эффект средства: удаление пятен; удаление запахов; устранение разводов"
12,256031,601295447830,747324319754,Бытовая химия,1.0,0.0035936023996747954,FN,confident_minilm_v1_error,средство для мытья посуды твердое золушка mega lemon 150 г * 2,золушка / средство мыло для мытья посуды,"Название: средство для мытья посуды твердое золушка mega lemon 150 г * 2 | бренд: золушка | артикул: zol.mega.posuda.limon.150g-02 | тип: средство ручного мытья посуды | вес товара, г: 150 | комплектация: мега для посуды лимон 150г /02 | аромат: лимон | количество в упаковке, шт: 2 | назначение моющего, чистящего средства: для дезинфекции | страна-изготовитель: россия | форма выпуска средства: мыло",Название: золушка / средство мыло для мытья посуды | тип средства: мыло | вес с упаковкой (кг): 0.34 кг | комплектация: мыло для мытья посуды | высота упаковки: 6 см | длина упаковки: 15 см | ширина упаковки: 20 см,"Категория: Бытовая химия
Название: средство для мытья посуды твердое золушка mega lemon 150 г * 2
бренд: золушка
артикул: zol.mega.posuda.limon.150g-02
тип: средство ручного мытья посуды
вес товара, г: 150
комплектация: мега для посуды лимон 150г /02
аромат: лимон
единиц в одном товаре: 2
количество в упаковке, шт: 2
назначение моющего, чистящего средства: для дезинфекции
особенности применения: антибактериальный эффект
страна-изготовитель: россия
упаковка: пакет
форма выпуска средства: мыло","Категория: Бытовая химия
Название: золушка / средство мыло для мытья посуды
тип средства: мыло
вес с упаковкой (кг): 0.34 кг
комплектация: мыло для мытья посуды
валюта: rub
высота упаковки: 6 см
длина упаковки: 15 см
страна производства: россия
ширина упаковки: 20 см"
13,355791,833223715946,506806186909,Бытовая химия,1.0,0.060086650384398026,FN,component_companion,ariel / pods всё-в-1 color капсулы для стирки ariel 30шт.,ariel pods всё-в-1 капсулы для стирки горный pодник 30 шт,Название: ariel / pods всё-в-1 color капсулы для стирки ariel 30шт. | вес товара с упаковкой (г): 939 г | комплектация: капсулы для стирки - 1шт. | высота упаковки: 11 см | длина упаковки: 26 см | количество предметов в упаковке: 30 шт | количество стирок: 30 шт. | назначение стирального средства: для цветного; универсальное; для стойких загрязнений | ширина упаковки: 11 см | эффект средства: очищение; устранение пятен и сложных загрязнений; освежение цвета,"Название: ariel pods всё-в-1 капсулы для стирки горный pодник 30 шт | бренд: ariel | тип: капсулы для стирки | вес товара, г: 850 | аромат: свежий | название аромата: свежесть, горный родник | назначение средства для стирки: для черных и темных тканей | общее количество капсул/таблеток: 30 | особенности применения: ароматизация | состав: >30% анионные пав, 5-15% мыло, <5% неионогенные пав, фосфонаты, энзимы, оптические отбеливатели, ароматизирующие добавки, бензилсалицилат, лимонен, линалоол | страна-изготовитель: франция","Категория: Бытовая химия
Название: ariel / pods всё-в-1 color капсулы для стирки ariel 30шт.
вес товара с упаковкой (г): 939 г
комплектация: капсулы для стирки - 1шт.
валюта: rub
высота упаковки: 11 см
длина упаковки: 26 см
количество предметов в упаковке: 30 шт
количество стирок: 30 шт.
назначение стирального средства: для цветного; универсальное; для стойких загрязнений
срок годности: 18 месяцев
страна производства: франция
ширина упаковки: 11 см
эффект средства: очищение; устранение пятен и сложных загрязнений; освежение цвета","Категория: Бытовая химия
Название: ariel pods всё-в-1 капсулы для стирки горный pодник 30 шт
бренд: ariel
тип: капсулы для стирки
вес товара, г: 850
аромат: свежий
название аромата: свежесть, горный родник
назначение средства для стирки: для черных и темных тканей
общее количество капсул/таблеток: 30
особенности применения: ароматизация
состав: >30% анионные пав, 5-15% мыло, <5% неионогенные пав, фосфонаты, энзимы, оптические отбеливатели, ароматизирующие добавки, бензилсалицилат, лимонен, линалоол
страна-изготовитель: франция
целевая аудитория: взрослая"
14,361092,841813712649,77309568140,Бытовая химия,1.0,0.20181322466072713,FN,confident_minilm_v1_error,tide стиральный порошок 6000 г,tide / стиральный порошок автомат альпийская свежесть 6 кг,"Название: tide стиральный порошок 6000 г | бренд: tide | тип: стиральный порошок | вид стирки: автоматическая | размер упаковки (длина х ширина х высота), см: 42 x 29 x 10 | вес товара, г: 6000 | аромат: свежий | название аромата: свежий | страна-изготовитель: россия | форма выпуска средства: порошок",Название: tide / стиральный порошок автомат альпийская свежесть 6 кг | вес товара с упаковкой (г): 6050 г | высота упаковки: 27 см | длина упаковки: 8 см | назначение стирального средства: для белого; универсальное; для цветного | состав: химическая основа 100% | ширина упаковки: 38 см | эффект средства: удаление пятен; восстановление цвета; ароматизация,"Категория: Бытовая химия
Название: tide стиральный порошок 6000 г
бренд: tide
тип: стиральный порошок
вид стирки: автоматическая
размер упаковки (длина х ширина х высота), см: 42 x 29 x 10
вес товара, г: 6000
аромат: свежий
название аромата: свежий
особенности применения: гипоаллергенность
страна-изготовитель: россия
упаковка: пакет
форма выпуска средства: порошок","Категория: Бытовая химия
Название: tide / стиральный порошок автомат альпийская свежесть 6 кг
вес товара с упаковкой (г): 6050 г
валюта: rub
высота упаковки: 27 см
длина упаковки: 8 см
назначение стирального средства: для белого; универсальное; для цветного
состав: химическая основа 100%
ширина упаковки: 38 см
эффект средства: удаление пятен; восстановление цвета; ароматизация"
15,91039,206158586666,292057818107,Галантерея и аксессуары,1.0,8.48110414181513e-05,FN,confident_minilm_v1_error,vibrosa рюкзак,mariperks / рюкзак черный городской для работы,"Название: vibrosa рюкзак | бренд: vibrosa | тип: рюкзак | тип застежки: молния | вид рюкзака: городской | размер рюкзака: средний (20- 30 л.) | объем главного отделения, л: 28 | вес товара, г: 470 | название цвета: как на фото | материал: нейлон | материал подкладки: полиэстер | комплектация: рюкзак - 1 шт. | высота, см: 1 | ширина, см: 1","Название: mariperks / рюкзак черный городской для работы | вид застежки: молния; карабин | размер рюкзака: 15-20 литров (средний) | вес товара без упаковки (г): 450 г | цвет: черный | материал подкладки: нейлон; полиэстер; текстиль | комплектация: зип-пакет, рюкзак 1шт. | высота предмета: 40 см | высота упаковки: 4 см | длина упаковки: 40 см | количество лямок: 2 | количество отделений: 2 шт. | особенности рюкзака: влагозащитный; регулируемые ремни; облегченная модель | состав: полиэстер; нейлон; водостойкий; влагостойкий | ширина предмета: 29 см | ширина упаковки: 40 см","Категория: Галантерея и аксессуары
Название: vibrosa рюкзак
бренд: vibrosa
тип: рюкзак
тип застежки: молния
вид рюкзака: городской
размер рюкзака: средний (20- 30 л.)
объем главного отделения, л: 28
вес товара, г: 470
название цвета: как на фото
материал: нейлон
материал подкладки: полиэстер
комплектация: рюкзак - 1 шт.
высота, см: 1
глубина, см: 1
коллекция: базовая коллекция
пол: женский
стиль: школа
целевая аудитория: взрослая
ширина, см: 1","Категория: Галантерея и аксессуары
Название: mariperks / рюкзак черный городской для работы
вид застежки: молния; карабин
размер рюкзака: 15-20 литров (средний)
вес товара без упаковки (г): 450 г
цвет: черный
материал подкладки: нейлон; полиэстер; текстиль
комплектация: зип-пакет, рюкзак 1шт.
валюта: rub
вместимость рюкзака: 20 л
высота предмета: 40 см
высота упаковки: 4 см
глубина предмета: 15 см
декоративные элементы: 1 сентября
длина упаковки: 40 см
карманы: наружный спереди; наружный боковой; внутренний для ноутбука/планшета
количество лямок: 2
количество отделений: 2 шт.
особенности рюкзака: влагозащитный; регулируемые ремни; облегченная модель
состав: полиэстер; нейлон; водостойкий; влагостойкий
страна производства: китай
ширина предмета: 29 см
ширина упаковки: 40 см"
16,97148,223338398730,704374794300,Галантерея и аксессуары,1.0,3.120190393987402e-05,FN,lexical_surprise,best favors диадема 1 шт.,не определен украшение для прически,"Название: best favors диадема 1 шт. | бренд: best favors | тип: диадема | вес товара, г: 19 | название цвета: белый | цвет товара: белый | количество в упаковке: 1 | страна-изготовитель: китай",Название: не определен украшение для прически | тип: украшение для прически,"Категория: Галантерея и аксессуары
Название: best favors диадема 1 шт.
бренд: best favors
тип: диадема
вес товара, г: 19
название цвета: белый
цвет товара: белый
количество в упаковке: 1
коллекция: базовая коллекция
пол: женский
страна-изготовитель: китай
упаковка: картонная коробка
целевая аудитория: взрослая","Категория: Галантерея и аксессуары
Название: не определен украшение для прически
тип: украшение для прически"
17,230863,541165939103,231928354993,Галантерея и аксессуары,1.0,0.000295957206364819,FN,confident_minilm_v1_error,"a-store сумка кросс-боди a-store, красный","сумка мужская через плечо, сумка кросс боди на плечо мужская, сумка нагрудная","Название: a-store сумка кросс-боди a-store, красный | модель: кросс-боди | тип: сумка | размер: 16х30х1 см | цвет товара: красный | цвет фурнитуры: черный | материал: полиэстер | материал подкладки: полиэстер | принт: линейка","Название: сумка мужская через плечо, сумка кросс боди на плечо мужская, сумка нагрудная | бренд: voka | тип: органайзер для сумки/рюкзака | тип застежки: другое | вид принта: художественная печать | вес товара, г: 230 | название цвета: red | цвет товара: красный | материал: оксфорд | материал подкладки: оксфорд | материал фурнитуры: нейлон | высота, см: 32 | длина плечевого ремня, см: 80 | количество внешних карманов, шт: 2 | количество внутренних отделений: 1 | страна-изготовитель: китай","Категория: Галантерея и аксессуары
Название: a-store сумка кросс-боди a-store, красный
модель: кросс-боди
тип: сумка
размер: 16х30х1 см
цвет товара: красный
цвет фурнитуры: черный
материал: полиэстер
материал подкладки: полиэстер
застежка: молния
каркас: мягкий
особенности модели: одна лямка
пол: унисекс
принт: линейка
способ ношения: на плече
стиль: повседневный","Категория: Галантерея и аксессуары
Название: сумка мужская через плечо, сумка кросс боди на плечо мужская, сумка нагрудная
бренд: voka
тип: органайзер для сумки/рюкзака
тип застежки: другое
вид принта: художественная печать
вес товара, г: 230
название цвета: red
цвет товара: красный
материал: оксфорд
материал подкладки: оксфорд
материал фурнитуры: нейлон
высота, см: 32
гарантийный срок: 1
глубина, см: 17
длина плечевого ремня, см: 80
количество внешних карманов, шт: 2
количество внутренних отделений: 1
коллекция: базовая коллекция
особенности конструкции сумки: влагонепроницаемый
пол: мальчики
ручки: плечевой ремень
специальные отделения: отделение для зарядного устройства
страна-изготовитель: китай
упаковка: бумажный пакет
целевая аудитория: взрослая
ширина, см: 6"
18,271944,635655242869,214748391890,Галантерея и аксессуары,1.0,7.484626298776402e-05,FN,lexical_surprise,best favors волюмайзер для хвоста,"без бренда набор накладных локонов «ананас», прямой волос, на заколке, 2 шт, 50 см, цвет жёлтый",Название: best favors волюмайзер для хвоста | бренд: best favors | тип: волюмайзер для хвоста | страна-изготовитель: китай,"Название: без бренда набор накладных локонов «ананас», прямой волос, на заколке, 2 шт, 50 см, цвет жёлтый | тип: набор | цвет товара: желтый | количество в наборе: 2 шт.","Категория: Галантерея и аксессуары
Название: best favors волюмайзер для хвоста
бренд: best favors
тип: волюмайзер для хвоста
коллекция: осень-зима 2023
пол: женский
страна-изготовитель: китай
упаковка: пакет","Категория: Галантерея и аксессуары
Название: без бренда набор накладных локонов «ананас», прямой волос, на заколке, 2 шт, 50 см, цвет жёлтый
тип: набор
вид: прямые
цвет товара: желтый
количество в наборе: 2 шт."
19,3662,158513,188978589989,Детские товары,1.0,0.00010229987857839044,FN,lexical_surprise,marseille / детское оружие,лук .арчер .стреляет присосками .,Название: marseille / детское оружие,"Название: лук .арчер .стреляет присосками . | бренд: china | тип: игрушечное оружие | вид игрушечного оружия: лук | вид патронов: патроны | цвет товара: разноцветный | материал: искусственные материалы | количество элементов, шт: 1 | страна-изготовитель: россия","Категория: Детские товары
Название: marseille / детское оружие
валюта: rub
страна производства: китай","Категория: Детские товары
Название: лук .арчер .стреляет присосками .
бренд: china
тип: игрушечное оружие
вид игрушечного оружия: лук
вид патронов: патроны
цвет товара: разноцветный
материал: искусственные материалы
дополнительные функции: музыкальная
количество элементов, шт: 1
максимальный возраст ребенка: до 14 лет
минимальный возраст ребенка: от 3 лет
пол ребенка: унисекс
страна-изготовитель: россия"
20,11079,17180020233,764504216653,Детские товары,1.0,0.0007096703049020562,FN,confident_minilm_v1_error,"конструктор феи / конструктор fairy ""побег из деревни гоблинов"" 646 дет 10698","конструктор fairy ""побег из крепости короля гоблинов"" 702 детали / совместим с лего эльфы / конструктор для мальчика / совместим с конструктор лего / конструктор эльфы / совместим с lego / детский / подарок","Название: конструктор феи / конструктор fairy ""побег из деревни гоблинов"" 646 дет 10698 | материал изделия: abs безопасный пластик | комплектация: конструктор для мальчиков; конструктор для девочек | количество элементов: 646 элементов | совместимость конструктора: совместим со всеми аналогами лего","Название: конструктор fairy ""побег из крепости короля гоблинов"" 702 детали / совместим с лего эльфы / конструктор для мальчика / совместим с конструктор лего / конструктор эльфы / совместим с lego / детский / подарок | бренд: нет бренда | артикул: 10699fair702 | тип: конструктор пластиковый | количество деталей конструктора: от 500 до 1000 шт | количество элементов, шт: 702 | страна-изготовитель: китай","Категория: Детские товары
Название: конструктор феи / конструктор fairy ""побег из деревни гоблинов"" 646 дет 10698
материал изделия: abs безопасный пластик
комплектация: конструктор для мальчиков; конструктор для девочек
валюта: rub
количество элементов: 646 элементов
совместимость конструктора: совместим со всеми аналогами лего
страна производства: китай
тренируемые навыки: мелкая моторика, воображение, творческие способности","Категория: Детские товары
Название: конструктор fairy ""побег из крепости короля гоблинов"" 702 детали / совместим с лего эльфы / конструктор для мальчика / совместим с конструктор лего / конструктор эльфы / совместим с lego / детский / подарок
бренд: нет бренда
артикул: 10699fair702
тип: конструктор пластиковый
количество деталей конструктора: от 500 до 1000 шт
количество элементов, шт: 702
максимальный возраст ребенка: до 18 лет
минимальный возраст ребенка: от 6 лет
особенности конструктора: блочный
страна-изготовитель: китай
тематика конструкторов: принцессы"
21,12457,25769843754,446676719359,Детские товары,1.0,3.3214190970250366e-05,FN,lexical_surprise,"1toy / 1toy драйв, машина на радиоуправлении","джип радиоуправляемый truck, 4wd полный привод, движение во всех направлениях, работает от аккумулятора","Название: 1toy / 1toy драйв, машина на радиоуправлении | комплектация: машинка 1 шт","Название: джип радиоуправляемый truck, 4wd полный привод, движение во всех направлениях, работает от аккумулятора | бренд: нет бренда | тип: игрушка радиоуправляемая","Категория: Детские товары
Название: 1toy / 1toy драйв, машина на радиоуправлении
комплектация: машинка 1 шт
валюта: rub
страна производства: китай","Категория: Детские товары
Название: джип радиоуправляемый truck, 4wd полный привод, движение во всех направлениях, работает от аккумулятора
бренд: нет бренда
тип: игрушка радиоуправляемая
максимальный возраст ребенка: до 12 лет
минимальный возраст ребенка: от 4 лет
пол ребенка: мальчик"
22,14575,25769936694,541165908150,Детские товары,1.0,6.205050329991051e-05,FN,confident_minilm_v1_error,пупс zhorya функциональный с аксессуарами,"no name пупс мягконабивной «малыш» музыкальный, с бутылочкой, микс","Название: пупс zhorya функциональный с аксессуарами | бренд: zhorya | тип: пупс | высота игрушки, см: 36","Название: no name пупс мягконабивной «малыш» музыкальный, с бутылочкой, микс | тип: пупс","Категория: Детские товары
Название: пупс zhorya функциональный с аксессуарами
бренд: zhorya
тип: пупс
высота игрушки, см: 36
пол ребенка: унисекс","Категория: Детские товары
Название: no name пупс мягконабивной «малыш» музыкальный, с бутылочкой, микс
тип: пупс
особенности: с мягконабивным телом
функции: плачет, смеется
эффекты: звук"
23,117590,274877977703,352187455536,Детские товары,1.0,0.01798621187025419,FN,lexical_surprise,"машина металлическая танк t-90 12 см, подвижные детали, инерционная",модель танк т-90 287778,"Название: машина металлическая танк t-90 12 см, подвижные детали, инерционная | бренд: россия | тип: танк | вид транспорта: наборы машинок | материал: металл | длина, см: 7.5","Название: модель танк т-90 287778 | тип игрушки: танк | вес упаковки, кг: 0.23 | высота упаковки, см: 9.0 | длина упаковки, см: 8.0 | ширина упаковки, см: 17.0","Категория: Детские товары
Название: машина металлическая танк t-90 12 см, подвижные детали, инерционная
бренд: россия
тип: танк
вид транспорта: наборы машинок
материал: металл
длина, см: 7.5","Категория: Детские товары
Название: модель танк т-90 287778
тип игрушки: танк
вес упаковки, кг: 0.23
возрастная группа: школьники (7-16)
высота упаковки, см: 9.0
длина упаковки, см: 8.0
страна производства: китай
тематика: военный
ширина упаковки, см: 17.0"
24,180871,420906895133,850403591929,Детские товары,1.0,0.0293122327122782,FN,model_disagreement_or_order_gap,"крошка я / игрушки для ванны ""путешествие в африку""","крошка я, набор игрушек для ванной/купания ""путешествие в африку"": книжка непромакашка и пальчиковый театр, 15х15х3 см","Название: крошка я / игрушки для ванны ""путешествие в африку"" | комплектация: игрушки для ванны, 1 шт","Название: крошка я, набор игрушек для ванной/купания ""путешествие в африку"": книжка непромакашка и пальчиковый театр, 15х15х3 см | бренд: крошка я | тип: игрушка для ванной | цвет товара: разноцветный | материал: пвх (поливинилхлорид) | комплектация: крошка я, набор игрушек для ванной/купания ""путешествие в африку"": книжка непромакашка и пальчиковый театр, 15х15х3 см, 1 набор | высота игрушки, см: 3 | страна-изготовитель: россия","Категория: Детские товары
Название: крошка я / игрушки для ванны ""путешествие в африку""
комплектация: игрушки для ванны, 1 шт
валюта: rub
страна производства: китай","Категория: Детские товары
Название: крошка я, набор игрушек для ванной/купания ""путешествие в африку"": книжка непромакашка и пальчиковый театр, 15х15х3 см
бренд: крошка я
тип: игрушка для ванной
цвет товара: разноцветный
материал: пвх (поливинилхлорид)
комплектация: крошка я, набор игрушек для ванной/купания ""путешествие в африку"": книжка непромакашка и пальчиковый театр, 15х15х3 см, 1 набор
высота игрушки, см: 3
дополнительные функции: развивающая
максимальный возраст ребенка: до 3 лет
минимальный возраст ребенка: 0 месяцев
пол ребенка: унисекс
развитие навыков: воображение
страна-изготовитель: россия"
25,196707,455266690267,446676646794,Детские товары,1.0,0.06754668832401889,FN,model_disagreement_or_order_gap,"no name мягкая игрушка «кукла», в вязаном платьишке, цвета микс","мягкая игрушка ""кукла"", в вязаном платье, цвета микс","Название: no name мягкая игрушка «кукла», в вязаном платьишке, цвета микс | тип: мягкая игрушка | вес в транспортной упаковке: 0.03 кг","Название: мягкая игрушка ""кукла"", в вязаном платье, цвета микс | бренд: нет бренда | тип: кукла | цвет товара: разноцветный | материал: синтепон | высота игрушки, см: 20 | страна-изготовитель: китай","Категория: Детские товары
Название: no name мягкая игрушка «кукла», в вязаном платьишке, цвета микс
тип: мягкая игрушка
вес в транспортной упаковке: 0.03 кг
габариты транспортной упаковки: 15х22х6.50 см
минимальный возраст: 3 лет","Категория: Детские товары
Название: мягкая игрушка ""кукла"", в вязаном платье, цвета микс
бренд: нет бренда
тип: кукла
цвет товара: разноцветный
материал: синтепон
высота игрушки, см: 20
максимальный возраст ребенка: до 6 лет
минимальный возраст ребенка: от 3 лет
пол ребенка: унисекс
страна-изготовитель: китай"
26,236664,549755967372,652835085642,Детские товары,1.0,0.00857748525531428,FN,lexical_surprise,"бластер, в комплекте мягкие пули 10шт., крепление для 4-х пуль","бластер zecong toys blaze storm (zc7111), 56 см, синий","Название: бластер, в комплекте мягкие пули 10шт., крепление для 4-х пуль | бренд: наша игрушка | тип: игрушечное оружие | вид игрушечного оружия: бластер | вид патронов: пульки | материал: полимерный материал | страна-изготовитель: китай","Название: бластер zecong toys blaze storm (zc7111), 56 см, синий | тип боеприпасов: мягкие пули, патроны, пули | тип оружия: бластеры | материал: пластик | комплектация: бластер, 10 пуль | боеприпасов в комплекте: 10 шт. | в комплекте: бластер | линейка: blaze storm","Категория: Детские товары
Название: бластер, в комплекте мягкие пули 10шт., крепление для 4-х пуль
бренд: наша игрушка
тип: игрушечное оружие
вид игрушечного оружия: бластер
вид патронов: пульки
материал: полимерный материал
дополнительные функции: развивающая
максимальный возраст ребенка: до 13 лет
минимальный возраст ребенка: от 8 лет
пол ребенка: мальчик
страна-изготовитель: китай","Категория: Детские товары
Название: бластер zecong toys blaze storm (zc7111), 56 см, синий
тип боеприпасов: мягкие пули, патроны, пули
тип оружия: бластеры
материал: пластик
комплектация: бластер, 10 пуль
боеприпасов в комплекте: 10 шт.
в комплекте: бластер
линейка: blaze storm
особенности: помповое
срок службы: 365 дн."
27,238583,558345830784,231928264625,Детские товары,1.0,0.2689414213699951,FN,confident_minilm_v1_error,набор подгузников bb kitty премиум l (9-14кг) 46шт - 2 упаковки,"bb kitty подгузники l (9-14 кг) 46 шт., белый",Название: набор подгузников bb kitty премиум l (9-14кг) 46шт - 2 упаковки | бренд: bb kitty | тип: подгузники | страна-изготовитель: китай,"Название: bb kitty подгузники l (9-14 кг) 46 шт., белый | страна бренда: китай | размер: l | вес ребенка: 9 - 14 кг | материалы: нетканое полотно, суперабсорбирующие полимеры, клеевая основа, полиэтилен, спандекс | назначение: ежедневные, ночные, для чувствительной кожи","Категория: Детские товары
Название: набор подгузников bb kitty премиум l (9-14кг) 46шт - 2 упаковки
бренд: bb kitty
тип: подгузники
единиц в одном товаре: 92
максимальный возраст ребенка: до 4 лет
минимальный возраст ребенка: 1 месяц
особенности подгузников и гигиенических товаров: дышащая поверхность
пол ребенка: унисекс
страна-изготовитель: китай","Категория: Детские товары
Название: bb kitty подгузники l (9-14 кг) 46 шт., белый
страна бренда: китай
размер: l
вес ребенка: 9 - 14 кг
материалы: нетканое полотно, суперабсорбирующие полимеры, клеевая основа, полиэтилен, спандекс
застежка многоразовых подгузников: застежка многоразовых подгузников: без застежки
назначение: ежедневные, ночные, для чувствительной кожи
особенности: боковые внутренние бортики, индикатор наполнения, многоразовые застежки-липучки, эластичные резинки вокруг ножек, эластичный пояс, дышащая поверхность, для детей
пол: унисекс, для девочки
срок годности: 1096 дн."
28,265668,618475410588,159990,Детские товары,1.0,0.11920291732853862,FN,confident_minilm_v1_error,"double eagle бетономешалка volvo 1:20 на р/у, свет, звук e508-003 с 6 лет",double eagle / бетоновоз на радиоуправлении volvo fmx,"Название: double eagle бетономешалка volvo 1:20 на р/у, свет, звук e508-003 с 6 лет | бренд: double eagle | тип: машинка радиоуправляемая | вид транспорта: масштабные модели | цвет товара: зеленый | страна-изготовитель: китай",Название: double eagle / бетоновоз на радиоуправлении volvo fmx | тип элемента питания: аккумулятор; батарейка | типоразмер элемента питания: aa | вес товара с упаковкой (г): 2000 г | цвет: черный | материал игрушки: abs-пластик; металл | комплектация: бетоновоз со встроенным аккумулятором; пульт управления; usb-зарядное устройство; деревянный реквизит; инструкция | высота предмета: 18.6 см | количество батареек для работы: 2 шт. | ширина предмета: 14.1 см,"Категория: Детские товары
Название: double eagle бетономешалка volvo 1:20 на р/у, свет, звук e508-003 с 6 лет
бренд: double eagle
тип: машинка радиоуправляемая
вид транспорта: масштабные модели
цвет товара: зеленый
гарантийный срок: 30 дней
максимальный возраст ребенка: до 18 лет
марка автомобиля: volvo
минимальный возраст ребенка: от 6 лет
пол ребенка: мальчик
страна-изготовитель: китай","Категория: Детские товары
Название: double eagle / бетоновоз на радиоуправлении volvo fmx
тип элемента питания: аккумулятор; батарейка
типоразмер элемента питания: aa
вес товара с упаковкой (г): 2000 г
цвет: черный
материал игрушки: abs-пластик; металл
комплектация: бетоновоз со встроенным аккумулятором; пульт управления; usb-зарядное устройство; деревянный реквизит; инструкция
беспроводные интерфейсы: радиоканал
валюта: rub
возрастные ограничения: 8+
время зарядки аккумулятора: 240 мин
время работы от аккумулятора: 20 мин
высота предмета: 18.6 см
емкость аккумулятора: 800 ма*ч
количество батареек для работы: 2 шт.
максимальная скорость: 2.5 км/ч
масштаб: 1:20
особенности игрушки: управление со смартфона или пульта ду; подвижные элементы; сменные батарейки
страна производства: китай
ширина предмета: 14.1 см
эффекты: световые; звуковые; подвижные детали"
29,293489,687194844375,816043872734,Детские товары,1.0,0.07585817323116976,FN,lexical_surprise,водный пистолет милый единорожка,игрушкин / игрушка (см.описание),"Название: водный пистолет милый единорожка | бренд: нет бренда | тип: водное оружие | объем, мл: 30 | цвет товара: белый | материал: пластик | высота игрушки, см: 9 | страна-изготовитель: китай","Название: игрушкин / игрушка (см.описание) | комплектация: водный пистолет ""милый единорожка""","Категория: Детские товары
Название: водный пистолет милый единорожка
бренд: нет бренда
тип: водное оружие
объем, мл: 30
цвет товара: белый
материал: пластик
высота игрушки, см: 9
максимальный возраст ребенка: до 10 лет
минимальный возраст ребенка: от 3 лет
пол ребенка: девочка
страна-изготовитель: китай","Категория: Детские товары
Название: игрушкин / игрушка (см.описание)
комплектация: водный пистолет ""милый единорожка""
валюта: rub
страна производства: россия"
30,298803,695784835167,781684192375,Детские товары,1.0,0.00023050666092516467,FN,lexical_surprise,мамин малыш / бытовая техника,"швейная машина мята с катушками, лапка двигается, световые и звуковые эффекты",Название: мамин малыш / бытовая техника | высота упаковки: 30 см | длина упаковки: 40 см | ширина упаковки: 20 см,"Название: швейная машина мята с катушками, лапка двигается, световые и звуковые эффекты | бренд: нет бренда | тип: сюжетно-ролевые игрушки | типоразмер батареек: aa | вид сюжетно-ролевой игрушки: бытовая техника | материал: пластик","Категория: Детские товары
Название: мамин малыш / бытовая техника
валюта: rub
высота упаковки: 30 см
длина упаковки: 40 см
страна производства: китай
ширина упаковки: 20 см","Категория: Детские товары
Название: швейная машина мята с катушками, лапка двигается, световые и звуковые эффекты
бренд: нет бренда
тип: сюжетно-ролевые игрушки
типоразмер батареек: aa
вид сюжетно-ролевой игрушки: бытовая техника
материал: пластик
максимальный возраст ребенка: до 10 лет
минимальный возраст ребенка: от 3 лет
пол ребенка: девочка"
31,340131,790274136406,180388667145,Детские товары,1.0,0.04742587351415913,FN,component_companion,"каток радиоуправляемый дорожные работы, работает от батареек","без бренда каток радиоуправляемый дорожные работы, работает от батареек","Название: каток радиоуправляемый дорожные работы, работает от батареек | бренд: нет бренда | тип: машинка радиоуправляемая | типоразмер батареек: aa | цвет товара: желтый | количество батареек: 5 | страна-изготовитель: китай","Название: без бренда каток радиоуправляемый дорожные работы, работает от батареек | тип: машинка радиоуправляемая | цвет товара: желтый","Категория: Детские товары
Название: каток радиоуправляемый дорожные работы, работает от батареек
бренд: нет бренда
тип: машинка радиоуправляемая
типоразмер батареек: aa
цвет товара: желтый
количество батареек: 5
максимальный возраст ребенка: до 12 лет
минимальный возраст ребенка: от 3 лет
питание пульта: сменная батарея
пол ребенка: унисекс
страна-изготовитель: китай","Категория: Детские товары
Название: без бренда каток радиоуправляемый дорожные работы, работает от батареек
тип: машинка радиоуправляемая
цвет товара: желтый
возраст: от 3 лет
особенности: свет
тематика: спецтехника, строительная техника"
32,345082,807453904298,687194927485,Детские товары,1.0,0.22270013882530884,FN,model_disagreement_or_order_gap,"woodland развивающая игра-сортер ""барабан. новогоднее настроение"", развитие логики и мелкой моторики, 15 деревянных деталей","сортер ""барабан. новогоднее настроение"", 1 шт.","Название: woodland развивающая игра-сортер ""барабан. новогоднее настроение"", развитие логики и мелкой моторики, 15 деревянных деталей | тип: сортер","Название: сортер ""барабан. новогоднее настроение"", 1 шт. | бренд: нет бренда | тип: сортер | название цвета: цвет 223 | цвет товара: разноцветный | высота игрушки, см: 12 | страна-изготовитель: россия","Категория: Детские товары
Название: woodland развивающая игра-сортер ""барабан. новогоднее настроение"", развитие логики и мелкой моторики, 15 деревянных деталей
тип: сортер
минимальный возраст: мес.","Категория: Детские товары
Название: сортер ""барабан. новогоднее настроение"", 1 шт.
бренд: нет бренда
тип: сортер
название цвета: цвет 223
цвет товара: разноцветный
высота игрушки, см: 12
максимальный возраст ребенка: до 9 лет
минимальный возраст ребенка: от 3 лет
пол ребенка: унисекс
страна-изготовитель: россия"
33,100803,231928340312,644245108555,Дом и сад,1.0,0.000804085962940771,FN,lexical_surprise,/ кашпо для цветов,"горшок цветочный ""кактус"" № 2 (d12) готика шнур, 0,7 л",Название: / кашпо для цветов | вес с упаковкой (кг): 0.63 кг | материал изделия: керамика | высота упаковки: 14 см | длина упаковки: 15 см | ширина упаковки: 15 см,"Название: горшок цветочный ""кактус"" № 2 (d12) готика шнур, 0,7 л | бренд: нет бренда | артикул: 3809674 | тип: горшок для цветов | вид выпуска товара: фабричное производство | объем, л: 1 | название цвета: разноцветный | образец цвета: https://cdn1.ozone.ru/s3/multimedia-w/6125797208.jpg | цвет товара: разноцветный | материал: керамика | страна-изготовитель: россия","Категория: Дом и сад
Название: / кашпо для цветов
вес с упаковкой (кг): 0.63 кг
материал изделия: керамика
валюта: rub
высота упаковки: 14 см
длина упаковки: 15 см
страна производства: россия
ширина упаковки: 15 см","Категория: Дом и сад
Название: горшок цветочный ""кактус"" № 2 (d12) готика шнур, 0,7 л
бренд: нет бренда
артикул: 3809674
тип: горшок для цветов
вид выпуска товара: фабричное производство
объем, л: 1
название цвета: разноцветный
образец цвета: https://cdn1.ozone.ru/s3/multimedia-w/6125797208.jpg
цвет товара: разноцветный
материал: керамика
страна-изготовитель: россия"
34,111013,257698127725,635655254075,Дом и сад,1.0,0.01798621187025419,FN,component_companion,тройка настенные часы troyka,"часы настенные, серия: классика, плавный ход, d-30.5 см","Название: тройка настенные часы troyka | цвет товара: белый | материал корпуса: пластик, стекло | высота: 30.5 см | особенности: батарейки в комплекте | ширина: 30.5 см","Название: часы настенные, серия: классика, плавный ход, d-30.5 см | бренд: тройка | артикул: 7095059 | тип: настенные часы | вид выпуска товара: ручная, авторская работа | страна-изготовитель: беларусь","Категория: Дом и сад
Название: тройка настенные часы troyka
цвет товара: белый
материал корпуса: пластик, стекло
высота: 30.5 см
механизм часов: кварцевые
особенности: батарейки в комплекте
стекло: минеральное
форма: круглая
циферблат: темный
цифры: арабские
ширина: 30.5 см","Категория: Дом и сад
Название: часы настенные, серия: классика, плавный ход, d-30.5 см
бренд: тройка
артикул: 7095059
тип: настенные часы
вид выпуска товара: ручная, авторская работа
страна-изготовитель: беларусь"
35,301102,704374691732,146028898673,Дом и сад,1.0,0.29421497216298875,FN,model_disagreement_or_order_gap,"no name горшок керамический с поддоном овал 4,7л d18см градиент","горшок керамический с поддоном овал 4,7л d18см градиент желтый 1шт","Название: no name горшок керамический с поддоном овал 4,7л d18см градиент | тип: горшок | объем: 4.7 л | вес в транспортной упаковке: 2.85 кг | цвет товара: градиент | материал: керамика | высота: 20 см | диаметр: 18 см | длина: 18 см | дополнительная информация: экологически чистый материал | назначение: для балкона, для дома | ширина: 18 см","Название: горшок керамический с поддоном овал 4,7л d18см градиент желтый 1шт | бренд: нет бренда | артикул: ео-мк-сад-1001459512 | тип: кашпо | вид выпуска товара: фабричное производство | объем, л: 4.7 | название цвета: желтый | цвет товара: желтый | материал: керамика | комплектация: кашпо 1шт | высота, см: 20 | длина, см: 18 | количество в упаковке, шт.: 1 | страна-изготовитель: беларусь | ширина/диаметр, см: 18","Категория: Дом и сад
Название: no name горшок керамический с поддоном овал 4,7л d18см градиент
тип: горшок
объем: 4.7 л
вес в транспортной упаковке: 2.85 кг
цвет товара: градиент
материал: керамика
высота: 20 см
габариты транспортной упаковки: 20х20х21 см
диаметр: 18 см
длина: 18 см
дополнительная информация: экологически чистый материал
назначение: для балкона, для дома
размещение: напольное
ширина: 18 см","Категория: Дом и сад
Название: горшок керамический с поддоном овал 4,7л d18см градиент желтый 1шт
бренд: нет бренда
артикул: ео-мк-сад-1001459512
тип: кашпо
вид выпуска товара: фабричное производство
объем, л: 4.7
название цвета: желтый
цвет товара: желтый
материал: керамика
комплектация: кашпо 1шт
высота, см: 20
длина, см: 18
единиц в одном товаре: 1
количество в упаковке, шт.: 1
место эксплуатации: дом
размещение горшка: настольное/на подоконник
страна-изготовитель: беларусь
форма горшка: овал
ширина/диаметр, см: 18"
36,302936,704374774477,850403640630,Дом и сад,1.0,0.00048785718098195605,FN,lexical_surprise,"ваза, 18 см","evis ваза ""натали-1"" бренди на средней ножке d-15см 27х18 см, 3л 1627","Название: ваза, 18 см | бренд: нет бренда | артикул: 797251 | тип: ваза | вид выпуска товара: фабричное производство | высота, см: 18","Название: evis ваза ""натали-1"" бренди на средней ножке d-15см 27х18 см, 3л 1627 | тип: ваза | цвет товара: прозрачный | материал: стекло | высота: 27 см | диаметр/ширина: 15 см","Категория: Дом и сад
Название: ваза, 18 см
бренд: нет бренда
артикул: 797251
тип: ваза
вид выпуска товара: фабричное производство
высота, см: 18","Категория: Дом и сад
Название: evis ваза ""натали-1"" бренди на средней ножке d-15см 27х18 см, 3л 1627
тип: ваза
цвет товара: прозрачный
материал: стекло
высота: 27 см
диаметр/ширина: 15 см
на ножке: да
прозрачная: да
размещение: настольная"
37,347783,816043798120,781684074095,Дом и сад,1.0,0.000804085962940771,FN,lexical_surprise,без бренда / шврики для праздника / воздушные шары,"шар для твистинга латексный 250', перламутровый, набор 100 шт., цвет золото",Название: без бренда / шврики для праздника / воздушные шары | тип воздушного шара: для моделирования | материал изделия: латекс | комплектация: 1 | высота предмета: 2 см | количество предметов в упаковке: по 1 набор,"Название: шар для твистинга латексный 250', перламутровый, набор 100 шт., цвет золото | бренд: neotex co | артикул: 5106402fr | тип: воздушный шар | вид выпуска товара: фабричное производство | комплектация: изделие в упаковке | страна-изготовитель: корея","Категория: Дом и сад
Название: без бренда / шврики для праздника / воздушные шары
тип воздушного шара: для моделирования
материал изделия: латекс
комплектация: 1
валюта: rub
высота предмета: 2 см
количество предметов в упаковке: по 1 набор
страна производства: абхазия","Категория: Дом и сад
Название: шар для твистинга латексный 250', перламутровый, набор 100 шт., цвет золото
бренд: neotex co
артикул: 5106402fr
тип: воздушный шар
вид выпуска товара: фабричное производство
комплектация: изделие в упаковке
страна-изготовитель: корея"
38,350522,816043917223,601295538029,Дом и сад,1.0,0.06754668832401889,FN,model_disagreement_or_order_gap,"не определен карнавальная маска «хэллоуин», цвета микс","карнавальная маска хэллоуин , цвета микс","Название: не определен карнавальная маска «хэллоуин», цвета микс | тип: маска | цвет товара: микс | материал: текстиль","Название: карнавальная маска хэллоуин , цвета микс | бренд: нет бренда | артикул: 7912317 | тип: маска карнавальная | вид выпуска товара: фабричное производство | образец цвета: https://cdn1.ozone.ru/s3/multimedia-r/6380870847.jpg | цвет товара: разноцветный | материал: текстиль | комплектация: карнавальная маска - 1 шт. | длина, см: 20 | страна-изготовитель: китай","Категория: Дом и сад
Название: не определен карнавальная маска «хэллоуин», цвета микс
тип: маска
цвет товара: микс
материал: текстиль
пол: унисекс
праздник: хэллоуин
тематика: животные","Категория: Дом и сад
Название: карнавальная маска хэллоуин , цвета микс
бренд: нет бренда
артикул: 7912317
тип: маска карнавальная
вид выпуска товара: фабричное производство
образец цвета: https://cdn1.ozone.ru/s3/multimedia-r/6380870847.jpg
цвет товара: разноцветный
материал: текстиль
комплектация: карнавальная маска - 1 шт.
длина, см: 20
для кого: девушка
праздник: универсальный
срок годности в днях: 365
страна-изготовитель: китай
целевая аудитория: детская"
39,13336,25769880990,60129569115,Канцелярские товары,1.0,3.120190393987402e-05,FN,lexical_surprise,lisik. кисть для рисования,"не определен кисть синтетика, круглая №7, 1 шт.",Название: lisik. кисть для рисования | бренд: lisik. | тип: кисть для рисования | страна-изготовитель: китай,"Название: не определен кисть синтетика, круглая №7, 1 шт. | бренд: случай | тип: кисточка","Категория: Канцелярские товары
Название: lisik. кисть для рисования
бренд: lisik.
тип: кисть для рисования
страна-изготовитель: китай","Категория: Канцелярские товары
Название: не определен кисть синтетика, круглая №7, 1 шт.
бренд: случай
тип: кисточка"
40,48865,111669211401,240518312026,Канцелярские товары,1.0,0.009708474753363424,FN,lexical_surprise,"папка 45,5 x 33 x 0,1 1шт","не определен папка-конверт на кнопке, формат а3 (445 х 330 мм), devente turbo, 200 мкм","Название: папка 45,5 x 33 x 0,1 1шт | бренд: china | тип: папка | количество заводских упаковок: 1 | страна-изготовитель: россия","Название: не определен папка-конверт на кнопке, формат а3 (445 х 330 мм), devente turbo, 200 мкм | тип: папка | вид папки: конверт | цвет товара: черный | материал: пластик","Категория: Канцелярские товары
Название: папка 45,5 x 33 x 0,1 1шт
бренд: china
тип: папка
количество заводских упаковок: 1
страна-изготовитель: россия
формат: a3 (29.7 × 42 см)","Категория: Канцелярские товары
Название: не определен папка-конверт на кнопке, формат а3 (445 х 330 мм), devente turbo, 200 мкм
тип: папка
вид папки: конверт
цвет товара: черный
материал: пластик
застежка: кнопки
крепление: отсутствует
формат: а3"
41,55378,128849069030,386547105749,Канцелярские товары,1.0,0.4073334000459302,FN,lexical_surprise,attache / папка канцелярская,"папка для документов bantex, папка-регистратор а4+, из бумвинила, с арочным механизмом, вместимость до 600 листов, корешок 80 мм, голубая.",Название: attache / папка канцелярская | цвет: голубой | материал изделия: бумвинил | комплектация: папка-регистратор 1 шт | высота предмета: 31.7 см | ширина предмета: 30 см,"Название: папка для документов bantex, папка-регистратор а4+, из бумвинила, с арочным механизмом, вместимость до 600 листов, корешок 80 мм, голубая. | бренд: bantex | тип: папка | вид папки: папка-регистратор | размеры, мм: 300x317 | название цвета: голубой | цвет товара: голубой | материал: бумвинил | комплектация: папка-регистратор — 1 штука | количество заводских упаковок: 1 | количество отделений: 1 | страна-изготовитель: россия | ширина корешка, мм: 80","Категория: Канцелярские товары
Название: attache / папка канцелярская
цвет: голубой
материал изделия: бумвинил
комплектация: папка-регистратор 1 шт
валюта: rub
высота предмета: 31.7 см
страна производства: россия
ширина предмета: 30 см","Категория: Канцелярские товары
Название: папка для документов bantex, папка-регистратор а4+, из бумвинила, с арочным механизмом, вместимость до 600 листов, корешок 80 мм, голубая.
бренд: bantex
тип: папка
вид папки: папка-регистратор
размеры, мм: 300x317
название цвета: голубой
цвет товара: голубой
материал: бумвинил
комплектация: папка-регистратор — 1 штука
вместимость папки, листов: 600
возраст учащегося: без ограничения
единиц в одном товаре: 1
количество заводских упаковок: 1
количество отделений: 1
страна-изготовитель: россия
толщина обложки, мм: 1.9
фиксация документов: арочный механизм
формат: a4 (21 × 29.7 см)
ширина корешка, мм: 80"
42,95563,223338328872,730144575368,Канцелярские товары,1.0,0.025957357762928745,FN,lexical_surprise,"calligrata рюкзак calligrata, мультиколор, черный","рюкзак молодёжный школьный для мальчика ""камуфляж"" с эргономичной спинкой, подростковый ранец для школы, 5-11 класс, два отделения и карманы, размер 44 х 30 х 17 см, объем 22 л, формат а4","Название: calligrata рюкзак calligrata, мультиколор, черный | тип: рюкзак | цвет товара: мультиколор | материал: текстиль","Название: рюкзак молодёжный школьный для мальчика ""камуфляж"" с эргономичной спинкой, подростковый ранец для школы, 5-11 класс, два отделения и карманы, размер 44 х 30 х 17 см, объем 22 л, формат а4 | бренд: calligrata | тип: ранец школьный | объем главного отделения, л: 22 | название цвета: камуфляж | материал рюкзака, пенала: металл | высота, см: 44 | количество внешних карманов: 3 | количество внутренних отделений: 2 | страна-изготовитель: россия | ширина, см: 30","Категория: Канцелярские товары
Название: calligrata рюкзак calligrata, мультиколор, черный
тип: рюкзак
цвет товара: мультиколор
материал: текстиль
застежка: молния
особенности модели: внутренний карман, водонепроницаемая, светоотражающие элементы
пол: для девочек, для мальчиков, женский, мужской, унисекс
принт: камуфляжный, надписи
способ ношения: на спине","Категория: Канцелярские товары
Название: рюкзак молодёжный школьный для мальчика ""камуфляж"" с эргономичной спинкой, подростковый ранец для школы, 5-11 класс, два отделения и карманы, размер 44 х 30 х 17 см, объем 22 л, формат а4
бренд: calligrata
тип: ранец школьный
объем главного отделения, л: 22
название цвета: камуфляж
материал рюкзака, пенала: металл
возраст учащегося: старшие классы
высота, см: 44
глубина, см: 17
застежка: молния
количество внешних карманов: 3
количество внутренних отделений: 2
минимальный возраст ребенка: от 7 лет
особенности конструкции сумки: влагонепроницаемый
пол ребенка: мальчик
специальные отделения: боковой карман для бутылки воды
страна-изготовитель: россия
ширина, см: 30"
43,100880,231928343241,360777272249,Канцелярские товары,1.0,2.931153155880896e-05,FN,lexical_surprise,художка / гуашь (см. описание),краски акварельные луч,Название: художка / гуашь (см. описание),Название: краски акварельные луч | бренд: луч | тип: краски акварельные | страна-изготовитель: россия,"Категория: Канцелярские товары
Название: художка / гуашь (см. описание)
валюта: rub","Категория: Канцелярские товары
Название: краски акварельные луч
бренд: луч
тип: краски акварельные
страна-изготовитель: россия"
44,160093,377957122513,704374650819,Канцелярские товары,1.0,0.007577241922677275,FN,lexical_surprise,"скетчбук, листов: 20","лилия холдинг планшет для эскизов а5, 20 листов ""нежность"", блок крафт-бумага 200 г/м²","Название: скетчбук, листов: 20 | бренд: нет бренда | тип: скетчбук | название цвета: коричневый | цвет товара: коричневый | материал обложки: картон | количество листов, шт: 20 | страна-изготовитель: россия","Название: лилия холдинг планшет для эскизов а5, 20 листов ""нежность"", блок крафт-бумага 200 г/м² | тип: планшет | цвет товара: коричневый | длина: 21 см | количество листов: 20 л. | ширина: 14.8 см","Категория: Канцелярские товары
Название: скетчбук, листов: 20
бренд: нет бренда
тип: скетчбук
название цвета: коричневый
цвет товара: коричневый
материал обложки: картон
количество листов, шт: 20
страна-изготовитель: россия","Категория: Канцелярские товары
Название: лилия холдинг планшет для эскизов а5, 20 листов ""нежность"", блок крафт-бумага 200 г/м²
тип: планшет
цвет товара: коричневый
длина: 21 см
количество листов: 20 л.
плотность: 200 г/м²
фактура бумаги: крафт
формат: a5
ширина: 14.8 см"
45,165039,386547105819,652835140592,Канцелярские товары,1.0,0.0015011819937681247,FN,confident_minilm_v1_error,"карандаши 24 цвета заточенные, шестигранные, пластиковые, картонная упаковка, европодвес","не определен карандаши 24 цвета, заточенные, трехгранные, пластиковые, картонная упаковка, европодвес","Название: карандаши 24 цвета заточенные, шестигранные, пластиковые, картонная упаковка, европодвес | бренд: in mother’s hands | тип: карандаш | вид карандаша: цветной | цвет товара: разноцветный | количество заводских упаковок: 1 | страна-изготовитель: китай","Название: не определен карандаши 24 цвета, заточенные, трехгранные, пластиковые, картонная упаковка, европодвес | тип: набор карандашей | количество цветов: 24 | диаметр грифеля: 2.6 мм","Категория: Канцелярские товары
Название: карандаши 24 цвета заточенные, шестигранные, пластиковые, картонная упаковка, европодвес
бренд: in mother’s hands
тип: карандаш
вид карандаша: цветной
цвет товара: разноцветный
количество заводских упаковок: 1
страна-изготовитель: китай","Категория: Канцелярские товары
Название: не определен карандаши 24 цвета, заточенные, трехгранные, пластиковые, картонная упаковка, европодвес
тип: набор карандашей
количество цветов: 24
диаметр грифеля: 2.6 мм
особенности: заточенные
упаковка: картонная
форма корпуса: трехгранная"
46,205267,481036397689,798863942468,Канцелярские товары,1.0,0.32082130731838393,FN,component_companion,"пенал-футляр стамм ""мишки"", 90 х 217 х 43 мм, пластиковый, розовый","пенал-футляр стамм ""мишки"", 90 х 217 х 43 мм, пластиковый, розовый","Название: пенал-футляр стамм ""мишки"", 90 х 217 х 43 мм, пластиковый, розовый | цвет товара: розовый | материал: пластик | количество отделений: 1","Название: пенал-футляр стамм ""мишки"", 90 х 217 х 43 мм, пластиковый, розовый | бренд: нет бренда | тип: пенал | вид пенала: пенал-футляр | количество отделений: 1 | страна-изготовитель: китай","Категория: Канцелярские товары
Название: пенал-футляр стамм ""мишки"", 90 х 217 х 43 мм, пластиковый, розовый
цвет товара: розовый
материал: пластик
количество отделений: 1
наполнение: ластик
особенности: футляр","Категория: Канцелярские товары
Название: пенал-футляр стамм ""мишки"", 90 х 217 х 43 мм, пластиковый, розовый
бренд: нет бренда
тип: пенал
вид пенала: пенал-футляр
количество отделений: 1
наполнение пенала: нет
страна-изготовитель: китай"
47,237744,558345793717,377957175814,Канцелярские товары,1.0,0.0005527785524441058,FN,lexical_surprise,"дневник для 5-11 класса ""футбольный мяч"", твёрдая обложка, глянцевая ламинация, 48 листов - 1 шт.",calligrata дневник школьный,"Название: дневник для 5-11 класса ""футбольный мяч"", твёрдая обложка, глянцевая ламинация, 48 листов - 1 шт. | цвет: белый",Название: calligrata дневник школьный | бренд: calligrata | тип: дневник школьный | цвет товара: белый | страна-изготовитель: россия,"Категория: Канцелярские товары
Название: дневник для 5-11 класса ""футбольный мяч"", твёрдая обложка, глянцевая ламинация, 48 листов - 1 шт.
цвет: белый
валюта: rub
страна производства: россия","Категория: Канцелярские товары
Название: calligrata дневник школьный
бренд: calligrata
тип: дневник школьный
цвет товара: белый
пол ребенка: унисекс
страна-изготовитель: россия"
48,297547,695784781813,584115642861,Канцелярские товары,1.0,0.022977372418942873,FN,lexical_surprise,lapanda / бумага для рукоделия,"декупажная карта noname a4 (21 × 29.7 см), листов: 1",Название: lapanda / бумага для рукоделия | комплектация: декупажная карта | высота упаковки: 30 см | длина упаковки: 1 см | ширина упаковки: 21 см,"Название: декупажная карта noname a4 (21 × 29.7 см), листов: 1 | бренд: noname | тип: декупажная карта | размеры, мм: 210х297 | цвет товара: разноцветный | материал обложки: полимерный материал | количество заводских упаковок: 5 | количество листов, шт: 1 | страна-изготовитель: россия","Категория: Канцелярские товары
Название: lapanda / бумага для рукоделия
комплектация: декупажная карта
валюта: rub
высота упаковки: 30 см
длина упаковки: 1 см
страна производства: россия
ширина упаковки: 21 см","Категория: Канцелярские товары
Название: декупажная карта noname a4 (21 × 29.7 см), листов: 1
бренд: noname
тип: декупажная карта
размеры, мм: 210х297
цвет товара: разноцветный
материал обложки: полимерный материал
количество заводских упаковок: 5
количество листов, шт: 1
плотность бумаги, г/м2: 45
разметка: без разметки
страна-изготовитель: россия
формат: a4 (21 × 29.7 см)"
49,302586,704374758546,635655195723,Канцелярские товары,1.0,0.20181322466072713,FN,confident_minilm_v1_error,"комплект 2 упаковок, бумага цветная promega jet (а3.160г, голубая пастель) 250л/уп","бумага цветная promega jet (а3, 160 грамм, голубая пастель) 250 листов в упаковке","Название: комплект 2 упаковок, бумага цветная promega jet (а3.160г, голубая пастель) 250л/уп | тип: бумага | вид бумаги: офисная | цвет товара: комплект 2 упаковок | количество листов: 250 шт. | количество пачек: 2 шт. | особенности: цветная","Название: бумага цветная promega jet (а3, 160 грамм, голубая пастель) 250 листов в упаковке | бренд: promega | тип: бумага для принтера | цвет товара: голубой | количество заводских упаковок: 1 | количество листов, шт: 250 | страна-изготовитель: россия","Категория: Канцелярские товары
Название: комплект 2 упаковок, бумага цветная promega jet (а3.160г, голубая пастель) 250л/уп
тип: бумага
вид бумаги: офисная
цвет товара: комплект 2 упаковок
количество листов: 250 шт.
количество пачек: 2 шт.
особенности: цветная
формат: a3","Категория: Канцелярские товары
Название: бумага цветная promega jet (а3, 160 грамм, голубая пастель) 250 листов в упаковке
бренд: promega
тип: бумага для принтера
цвет товара: голубой
единиц в одном товаре: 1
количество заводских упаковок: 1
количество листов, шт: 250
особенности бумаги: двухсторонняя
плотность, г/м2: 160
страна-изготовитель: россия
формат: a3 (29.7 × 42 см)"
50,342201,798864000072,566935752677,Канцелярские товары,1.0,0.0293122327122782,FN,component_companion,moonglee / рюкзак на молнии наружный карман 2 боковых кармана розовый,"рюкзак на молнии, наружный карман, 2 боковых кармана, розовый",Название: moonglee / рюкзак на молнии наружный карман 2 боковых кармана розовый | вес товара без упаковки (г): 450 г | цвет: розовый | комплектация: рюкзак на молнии наружный карман 2 боковых кармана розовый | высота предмета: 39 см | высота упаковки: 42 см | длина упаковки: 38 см | состав: текстиль | ширина предмета: 11 см | ширина упаковки: 3 см,"Название: рюкзак на молнии, наружный карман, 2 боковых кармана, розовый | бренд: noname | тип: рюкзак школьный | вид принта: надписи | внешние размеры, мм: 390х110х110 | вес товара, г: 450 | цвет товара: розовый | материал рюкзака, пенала: текстиль | высота, см: 39 | количество внешних карманов: 3 | количество внутренних отделений: 1 | количество заводских упаковок: 1 | страна-изготовитель: россия | ширина, см: 11","Категория: Канцелярские товары
Название: moonglee / рюкзак на молнии наружный карман 2 боковых кармана розовый
вес товара без упаковки (г): 450 г
цвет: розовый
комплектация: рюкзак на молнии наружный карман 2 боковых кармана розовый
валюта: rub
высота предмета: 39 см
высота упаковки: 42 см
глубина предмета: 28 см
длина упаковки: 38 см
состав: текстиль
страна производства: китай
ширина предмета: 11 см
ширина упаковки: 3 см","Категория: Канцелярские товары
Название: рюкзак на молнии, наружный карман, 2 боковых кармана, розовый
бренд: noname
тип: рюкзак школьный
вид принта: надписи
внешние размеры, мм: 390х110х110
вес товара, г: 450
цвет товара: розовый
материал рюкзака, пенала: текстиль
возраст учащегося: без ограничения
высота, см: 39
глубина, см: 11
застежка: молния
количество внешних карманов: 3
количество внутренних отделений: 1
количество заводских упаковок: 1
максимальный возраст ребенка: до 18 лет
минимальный возраст ребенка: от 11 лет
ортопедический: нет
особенности конструкции сумки: мягкая спинка
пол: девочки
пол ребенка: девочка
специальные отделения: боковой карман для бутылки воды
страна-изготовитель: россия
ширина, см: 11"
51,343722,798864065717,601295487759,Канцелярские товары,1.0,2.753568782174604e-05,FN,lexical_surprise,"феникс+ дневник универсальный 1-11 класс, 48 листов ""любознательный малыш"", интегральная обложка, матовая ламинация, выборочный уф-лак",lisik. дневник школьный,"Название: феникс+ дневник универсальный 1-11 класс, 48 листов ""любознательный малыш"", интегральная обложка, матовая ламинация, выборочный уф-лак | тип: дневник школьный | цвет товара: розовый, голубой, белый | материал обложки: картон | количество листов: 48",Название: lisik. дневник школьный | бренд: lisik. | тип: дневник школьный | страна-изготовитель: россия,"Категория: Канцелярские товары
Название: феникс+ дневник универсальный 1-11 класс, 48 листов ""любознательный малыш"", интегральная обложка, матовая ламинация, выборочный уф-лак
тип: дневник школьный
цвет товара: розовый, голубой, белый
материал обложки: картон
возрастная группа: начальная школа, средняя и старшая школа
количество листов: 48
обложка: интегральная","Категория: Канцелярские товары
Название: lisik. дневник школьный
бренд: lisik.
тип: дневник школьный
пол ребенка: унисекс
страна-изготовитель: россия"
52,1057,45819,549755821702,Красота и гигиена,1.0,0.00010889693534030634,FN,model_disagreement_or_order_gap,luxor professional бальзам востанавливающий для блеска (300 мл.),luxor / восстанавливающий увлажняющий шампунь для поврежденных волос,"Название: luxor professional бальзам востанавливающий для блеска (300 мл.) | бренд: luxor professional | тип: бальзам для волос | тип волос: непослушные | объем, мл: 300 | способ применения: нанесите бальзам на чистые влажные волосы массирующими движениями на 2-3 минуты, затем смойте обильным количеством теплой воды. | страна-изготовитель: болгария",Название: luxor / восстанавливающий увлажняющий шампунь для поврежденных волос | объем товара: 300 мл | комплектация: шампунь 300мл,"Категория: Красота и гигиена
Название: luxor professional бальзам востанавливающий для блеска (300 мл.)
бренд: luxor professional
тип: бальзам для волос
тип волос: непослушные
объем, мл: 300
пол: женский
способ применения: нанесите бальзам на чистые влажные волосы массирующими движениями на 2-3 минуты, затем смойте обильным количеством теплой воды.
страна-изготовитель: болгария
эффект: блеск","Категория: Красота и гигиена
Название: luxor / восстанавливающий увлажняющий шампунь для поврежденных волос
объем товара: 300 мл
комплектация: шампунь 300мл
валюта: rub
действие: восстановление; питание"
53,91164,206158592075,274878033152,Красота и гигиена,1.0,1.568955720703011e-05,FN,confident_minilm_v1_error,l`oreal professional / scalp анти-дандрифф шампунь 300мл,скальп анти-дискомф шампунь для чувствительной кожи головы 300 мл,Название: l`oreal professional / scalp анти-дандрифф шампунь 300мл | цвет: мятный,Название: скальп анти-дискомф шампунь для чувствительной кожи головы 300 мл | бренд: mivis | тип: шампунь для волос,"Категория: Красота и гигиена
Название: l`oreal professional / scalp анти-дандрифф шампунь 300мл
цвет: мятный
валюта: rub","Категория: Красота и гигиена
Название: скальп анти-дискомф шампунь для чувствительной кожи головы 300 мл
бренд: mivis
тип: шампунь для волос
способ применения: нанесите на влажные волосы, вспеньте и тщательно смойте. в случае попадания в глаза немедленно промойте их водой."
54,148526,352187324219,455266542874,Красота и гигиена,1.0,0.3486451285660856,FN,model_disagreement_or_order_gap,"nioxin шампунь для волос, 300 мл",nioxin / очищающий шампунь система 4 300 мл,"Название: nioxin шампунь для волос, 300 мл | бренд: nioxin | тип: шампунь для волос | тип волос: поврежденные | объем, мл: 300 | состав: bioamp - содержит аминокислоты цистина, легкие кондиционирующие и питательные ингредиенты; способствует утолщению каждого волоса в отдельности, создавая эффект более объемных и густых волос. придает волосам упругость, предотвращая их от повреждений и ломкости, сокращая тем самым их выпадение. glyco-shield - содержит экстракт белого чая, увлажняющие добавки, масло перечной мяты и специальные кондиционирующие компоненты, обеспечивающие двойную защиту цвета и осуществляющие контроль за балансом увлажнения окрашенных волос. scalp access delivery system - содержит витамины, растительные экстракты, уф-фильтры со степенью защиты 15, специальные компоненты, помогающие очищать и ухаживать за волосами и кожей головы, защищая их от вредного влияния окружающей среды и солнечного излучения. | способ применения: используйте как традиционный шампунь. для лучшего эффекта рекомендуется применять совместно с увлажняющим кондиционером и питательной маской из набора «система 4». можно использовать для ежедневного применения. | страна-изготовитель: сша | форма выпуска: флакон",Название: nioxin / очищающий шампунь система 4 300 мл | тип волос: для склонных к выпадению; для окрашенных волос; для осветленных волос | объем товара: 300 мл | вес товара без упаковки (г): 350 г | комплектация: шампунь nioxin 300 мл - 1 шт | действие: от выпадения волос; питание; обновление цвета,"Категория: Красота и гигиена
Название: nioxin шампунь для волос, 300 мл
бренд: nioxin
тип: шампунь для волос
тип волос: поврежденные
объем, мл: 300
единиц в одном товаре: 1
состав: bioamp - содержит аминокислоты цистина, легкие кондиционирующие и питательные ингредиенты; способствует утолщению каждого волоса в отдельности, создавая эффект более объемных и густых волос. придает волосам упругость, предотвращая их от повреждений и ломкости, сокращая тем самым их выпадение. glyco-shield - содержит экстракт белого чая, увлажняющие добавки, масло перечной мяты и специальные кондиционирующие компоненты, обеспечивающие двойную защиту цвета и осуществляющие контроль за балансом увлажнения окрашенных волос. scalp access delivery system - содержит витамины, растительные экстракты, уф-фильтры со степенью защиты 15, специальные компоненты, помогающие очищать и ухаживать за волосами и кожей головы, защищая их от вредного влияния окружающей среды и солнечного излучения.
способ применения: используйте как традиционный шампунь. для лучшего эффекта рекомендуется применять совместно с увлажняющим кондиционером и питательной маской из набора «система 4». можно использовать для ежедневного применения.
страна-изготовитель: сша
форма выпуска: флакон
эффект: блеск","Категория: Красота и гигиена
Название: nioxin / очищающий шампунь система 4 300 мл
тип волос: для склонных к выпадению; для окрашенных волос; для осветленных волос
объем товара: 300 мл
вес товара без упаковки (г): 350 г
комплектация: шампунь nioxin 300 мл - 1 шт
валюта: rub
действие: от выпадения волос; питание; обновление цвета
срок годности: 36 мес
страна производства: мексика"
55,259030,601295580660,274877915102,Красота и гигиена,1.0,0.060086650384398026,FN,model_disagreement_or_order_gap,"round lab / солнцезащитный крем с берёзовым соком, birch juice spf 50+","round lab увлажняющий солнцезащитный крем birch juice moisturizing sun cream spf50+,50ml","Название: round lab / солнцезащитный крем с берёзовым соком, birch juice spf 50+ | тип кожи: для всех типов кожи | объем товара: 50 мл | вес товара без упаковки (г): 50 г | состав: березовый сок; гиалуронат натрия; экстракт портулака; экстракт полыни; экстракт ромашки; глицирризат дикалия; аллантоин","Название: round lab увлажняющий солнцезащитный крем birch juice moisturizing sun cream spf50+,50ml | бренд: youvogue | тип: средство солнцезащитное | тип кожи: для нормальной кожи | вид солнцезащитного средства: крем | объем, мл: 50 | вес, г: 60 | особенности состава: аптечная косметика | состав: вода, дибутил адипат, пропиленгликоль, гексил диэтиламиногидроксибензоил бензоат, полиметилсесквиоксан, этилгексил трисбан, никотинамид, метиленбисбензотриазолил тетраметилбутилфенол, какао каприлат/деканоат, октаноилметикон, диэтилгексилбутамид трисбан, глицерин, 1,2-гександиол, бутиленгликоль, сок березы (1,425ppm), гиалуронат натрия sodium hyaluronate, гиалуроновая кислота, глицерил глюкозид, дипотассиум глицирризинат, аллантоин, экстракт amaranthus, экстракт полыни, экстракт листьев pinus sylvestris, масло цветков ромашки, акрилат/акриловая кислота c10-30 алкил эфир кроссполимер, стеароил глутамат натрия, полиакрилат кроссполимер-6, этилгексилглицерин, аскорбиновая кислота, аденозин, пентилгликоль, бегениловый спирт, полиакриловая кислота c10-30 алкиловый эфир, полиглицерил-3 метиловый эфир, полиглицерил-3 метил дистеарат глюкозы, децил глюкозид, аминотриол, ксантановая камедь, трет-бутанол, токоферол, карбомер | способ применения: подготовьте кожу: перед нанесением солнцезащитного крема zoenex убедитесь, что ваша кожа сухая, чистая и на ней не осталось других продуктов. выберите подходящий солнцезащитный крем zoenex: выберите солнцезащитный крем zoenex, соответствующий вашему типу кожи и потребностям в защите от солнца. zoenrail может предлагать различные рейтинги и составы солнцезащитных средств, выбирайте средство, соответствующее вашим потребностям. используйте правильное количество: возьмите необходимое количество солнцезащитного крема zoenex, обычно рекомендуется наносить не более одной чайной ложки на одно применение. нанесение слишком малого количества снижает эффективность солнцезащитного средства. наносите равномерно: равномерно наносите солнцезащитный крем zoenex на кожу, подверженную воздействию солнца, включая лицо, шею, уши, руки, ноги и другие открытые части тела. следите за легко промакиваемыми участками: обязательно наносите солнцезащитный крем zoenex на легко промакиваемые участки, такие как спина, тыльная сторона рук, тыльная сторона ног, за ушами и задняя часть шеи. повторное нанесение: солнцезащитный крем zoenex имеет ограниченное время защиты, поэтому обычно рекомендуется наносить его повторно каждые 2 часа. также следует наносить повторно, если вы плавали или после обильного потоотделения. избегайте воздействия солнца: помимо использования солнцезащитного крема zoenex, вам также следует принимать другие меры по защите от солнца, например, избегать пребывания на солнце в периоды сильной солнечной активности, носить солнцезащитную одежду, головные уборы и солнцезащитные очки. | страна-изготовитель: китай","Категория: Красота и гигиена
Название: round lab / солнцезащитный крем с берёзовым соком, birch juice spf 50+
тип кожи: для всех типов кожи
объем товара: 50 мл
вес товара без упаковки (г): 50 г
spf: pa ++++; spf 50+
валюта: rub
время нанесения: дневной
действие: защита от солнца; увлажнение; солнцезащитное действие
состав: березовый сок; гиалуронат натрия; экстракт портулака; экстракт полыни; экстракт ромашки; глицирризат дикалия; аллантоин
срок годности: 2 года; 1 год после вскрытия
страна производства: республика корея","Категория: Красота и гигиена
Название: round lab увлажняющий солнцезащитный крем birch juice moisturizing sun cream spf50+,50ml
бренд: youvogue
тип: средство солнцезащитное
тип кожи: для нормальной кожи
вид солнцезащитного средства: крем
объем, мл: 50
вес, г: 60
spf: spf 50+
бьюти-ингредиент: глицерин
единиц в одном товаре: 1
область использования: тело
особенности состава: аптечная косметика
пол: мужской
применение: от солнца
состав: вода, дибутил адипат, пропиленгликоль, гексил диэтиламиногидроксибензоил бензоат, полиметилсесквиоксан, этилгексил трисбан, никотинамид, метиленбисбензотриазолил тетраметилбутилфенол, какао каприлат/деканоат, октаноилметикон, диэтилгексилбутамид трисбан, глицерин, 1,2-гександиол, бутиленгликоль, сок березы (1,425ppm), гиалуронат натрия sodium hyaluronate, гиалуроновая кислота, глицерил глюкозид, дипотассиум глицирризинат, аллантоин, экстракт amaranthus, экстракт полыни, экстракт листьев pinus sylvestris, масло цветков ромашки, акрилат/акриловая кислота c10-30 алкил эфир кроссполимер, стеароил глутамат натрия, полиакрилат кроссполимер-6, этилгексилглицерин, аскорбиновая кислота, аденозин, пентилгликоль, бегениловый спирт, полиакриловая кислота c10-30 алкиловый эфир, полиглицерил-3 метиловый эфир, полиглицерил-3 метил дистеарат глюкозы, децил глюкозид, аминотриол, ксантановая камедь, трет-бутанол, токоферол, карбомер
способ применения: подготовьте кожу: перед нанесением солнцезащитного крема zoenex убедитесь, что ваша кожа сухая, чистая и на ней не осталось других продуктов. выберите подходящий солнцезащитный крем zoenex: выберите солнцезащитный крем zoenex, соответствующий вашему типу кожи и потребностям в защите от солнца. zoenrail может предлагать различные рейтинги и составы солнцезащитных средств, выбирайте средство, соответствующее вашим потребностям. используйте правильное количество: возьмите необходимое количество солнцезащитного крема zoenex, обычно рекомендуется наносить не более одной чайной ложки на одно применение. нанесение слишком малого количества снижает эффективность солнцезащитного средства. наносите равномерно: равномерно наносите солнцезащитный крем zoenex на кожу, подверженную воздействию солнца, включая лицо, шею, уши, руки, ноги и другие открытые части тела. следите за легко промакиваемыми участками: обязательно наносите солнцезащитный крем zoenex на легко промакиваемые участки, такие как спина, тыльная сторона рук, тыльная сторона ног, за ушами и задняя часть шеи. повторное нанесение: солнцезащитный крем zoenex имеет ограниченное время защиты, поэтому обычно рекомендуется наносить его повторно каждые 2 часа. также следует наносить повторно, если вы плавали или после обильного потоотделения. избегайте воздействия солнца: помимо использования солнцезащитного крема zoenex, вам также следует принимать другие меры по защите от солнца, например, избегать пребывания на солнце в периоды сильной солнечной активности, носить солнцезащитную одежду, головные уборы и солнцезащитные очки.
страна-изготовитель: китай
целевая аудитория: взрослая
эффект от использования уходовой косметики: очищение"
56,302387,704374750266,412316916459,Красота и гигиена,1.0,0.0004305570927227883,FN,confident_minilm_v1_error,"purobio / консилер жидкий sublime тон 02, 4,5 мл.","purobio консилер жидкий sublime 01, 4,5 мл.","Название: purobio / консилер жидкий sublime тон 02, 4,5 мл. | тип кожи: для всех типов кожи | объем товара: 4.5 мл | вес товара без упаковки (г): 10 г","Название: purobio консилер жидкий sublime 01, 4,5 мл. | бренд: purobio | тип: консилер | объем, мл: 4.5 | название цвета: 01 | цвет товара: бежевый | особенности состава: натуральные экстракты | состав: aqua (water), ci 77891 (titanium dioxide), aloe barbadensis leaf juice*, c13-15 alkane, c15-19 alkane, polyglyceryl-3 diisostearate, ci 77492 (iron oxides), squalane, glycerin, silica, polyglyceryl-6 oleate, dicaprylyl ether, distarch phosphate, ci 77491 (iron oxides), jojoba esters, trihydroxystearin, magnesium sulfate, sodium chloride, glyceryl behenate, helianthus annuus seed cera (helianthus annuus (sunflower) seed wax), cetyl alcohol, potassium cetyl phosphate, propanediol, xanthan gum, acacia decurrens flower cera (acacia decurrens flower wax), polyglycerin-3, lecithin, dipotassium phosphate, tocopherol, ascorbyl palmitate, alcohol, sodium hydroxide, sodium gluconate, lactic acid, citric acid, tartaric acid, gluconic acid, benzyl alcohol, sodium dehydroacetate, ci 77499 (iron oxides). *органические ингредиенты | страна-изготовитель: италия","Категория: Красота и гигиена
Название: purobio / консилер жидкий sublime тон 02, 4,5 мл.
тип кожи: для всех типов кожи
объем товара: 4.5 мл
вес товара без упаковки (г): 10 г
валюта: rub
действие: успокаивающее; освежающее
срок годности: 24 мес
страна производства: италия
текстура: кремовая; бархатистая","Категория: Красота и гигиена
Название: purobio консилер жидкий sublime 01, 4,5 мл.
бренд: purobio
тип: консилер
объем, мл: 4.5
название цвета: 01
цвет товара: бежевый
единиц в одном товаре: 1
особенности состава: натуральные экстракты
состав: aqua (water), ci 77891 (titanium dioxide), aloe barbadensis leaf juice*, c13-15 alkane, c15-19 alkane, polyglyceryl-3 diisostearate, ci 77492 (iron oxides), squalane, glycerin, silica, polyglyceryl-6 oleate, dicaprylyl ether, distarch phosphate, ci 77491 (iron oxides), jojoba esters, trihydroxystearin, magnesium sulfate, sodium chloride, glyceryl behenate, helianthus annuus seed cera (helianthus annuus (sunflower) seed wax), cetyl alcohol, potassium cetyl phosphate, propanediol, xanthan gum, acacia decurrens flower cera (acacia decurrens flower wax), polyglycerin-3, lecithin, dipotassium phosphate, tocopherol, ascorbyl palmitate, alcohol, sodium hydroxide, sodium gluconate, lactic acid, citric acid, tartaric acid, gluconic acid, benzyl alcohol, sodium dehydroacetate, ci 77499 (iron oxides). *органические ингредиенты
страна-изготовитель: италия
текстура: кремовая
упаковка: туба
целевая аудитория: взрослая"
57,54386,128849023904,395137130171,Мебель,1.0,0.00010229987857839044,FN,lexical_surprise,"садовый стул, дерево, 46х105 см, 1 шт",naturehike / стул складной туристический nh19y001-z черный,"Название: садовый стул, дерево, 46х105 см, 1 шт | бренд: naturehike | артикул: 6927595734964 | тип: садовый стул | вид выпуска товара: фабричное производство | вес товара, г: 2700 | название цвета: черный | цвет товара: черный | материал корпуса: дерево | материал обивки: полиэстер | комплектация: стул чехол | высота, см: 105 | количество в комплекте, шт.: 1 | назначение (помещение): для дачи | страна-изготовитель: китай (тайвань) | ширина сиденья, см: 46",Название: naturehike / стул складной туристический nh19y001-z черный | цвет: черный | высота предмета: 81 см,"Категория: Мебель
Название: садовый стул, дерево, 46х105 см, 1 шт
бренд: naturehike
артикул: 6927595734964
тип: садовый стул
вид выпуска товара: фабричное производство
вес товара, г: 2700
название цвета: черный
цвет товара: черный
материал корпуса: дерево
материал обивки: полиэстер
комплектация: стул чехол
высота, см: 105
гарантийный срок: 1
исполнение: деревянное
количество в комплекте, шт.: 1
макс. нагрузка, кг: 120
назначение (помещение): для дачи
особенности: с мягким сиденьем
покрытие корпуса: матовое
стиль дизайна: восточный
страна-изготовитель: китай (тайвань)
форма поставки: в разобранном виде
целевая аудитория: взрослая
ширина сиденья, см: 46
ширина спинки, см: 46
ширина, см: 46","Категория: Мебель
Название: naturehike / стул складной туристический nh19y001-z черный
цвет: черный
валюта: rub
высота предмета: 81 см"
58,76393,180388644863,609885508736,Мебель,1.0,0.053403324903538434,FN,model_disagreement_or_order_gap,"стул для кухни со спинкой и подлокотниками masters пластиковый обеденный прозрачный сиреневый для дома, офиса и дачи",bradex home стул для кухни пластиковый со спинкой и подлокотниками masters прозрачный сиреневый,"Название: стул для кухни со спинкой и подлокотниками masters пластиковый обеденный прозрачный сиреневый для дома, офиса и дачи | бренд: bradex home | артикул: fr 0867 | тип: стул | вид выпуска товара: фабричное производство | вес товара, г: 5000 | название цвета: прозрачный сиреневый | образец цвета: https://cdn1.ozone.ru/s3/multimedia-h/6598089557.jpg | цвет товара: прозрачный | материал корпуса: поликарбонат | материал наполнителя: без наполнителя | материал обивки: без обивки | комплектация: стул для дома и офиса - 1 шт. | высота сиденья, см: 45.5 | высота спинки, см: 37 | высота, см: 81",Название: bradex home стул для кухни пластиковый со спинкой и подлокотниками masters прозрачный сиреневый | тип: набор | тип основания: ножки | тип ткани: неприменимо | вес: 5 кг | вес в транспортной упаковке: 5.5 кг | цвет товара: сиреневый | материал обивки: отсутствует | материал основания: пластик | комплектация: стул пластиковый - 2шт. | высота: 83 см | высота сиденья: 47 | количество в упаковке: 1 шт. | линейка: masters | назначение: универсальное | ширина: 52,"Категория: Мебель
Название: стул для кухни со спинкой и подлокотниками masters пластиковый обеденный прозрачный сиреневый для дома, офиса и дачи
бренд: bradex home
артикул: fr 0867
тип: стул
вид выпуска товара: фабричное производство
вес товара, г: 5000
название цвета: прозрачный сиреневый
образец цвета: https://cdn1.ozone.ru/s3/multimedia-h/6598089557.jpg
цвет товара: прозрачный
материал корпуса: поликарбонат
материал наполнителя: без наполнителя
материал обивки: без обивки
комплектация: стул для дома и офиса - 1 шт.
высота сиденья, см: 45.5
высота спинки, см: 37
высота, см: 81
гарантийный срок: 12 месяцев
глубина сиденья, см: 46
глубина, см: 58
исполнение: пластиковое
количество в комплекте, шт.: 1
макс. нагрузка, кг: 150
назначение (помещение): для дачи
особенности: с подлокотниками
покрытие корпуса: пластиковое
регулируемая спинка: нет
рисунок на обивке: однотонный
с подлокотниками: да
стиль дизайна: минимализм
страна-изготовитель: китай
форма поставки: в собранном виде
ширина сиденья, см: 46
ширина спинки, см: 50
ширина, см: 55","Категория: Мебель
Название: bradex home стул для кухни пластиковый со спинкой и подлокотниками masters прозрачный сиреневый
тип: набор
тип основания: ножки
тип ткани: неприменимо
вес: 5 кг
вес в транспортной упаковке: 5.5 кг
цвет товара: сиреневый
материал обивки: отсутствует
материал основания: пластик
комплектация: стул пластиковый - 2шт.
высота: 83 см
высота сиденья: 47
габариты транспортной упаковки: 81х55х58 см
гарантийный срок: 12 мес., гарантия распространяется на производственный брак.
глубина: 58
дополнительная информация: цельная литая конструкция; штабелируемый
количество в упаковке: 1 шт.
линейка: masters
максимальная нагрузка: 150 кг
назначение: универсальное
особенности: подлокотники
форма сиденья: трапециевидная
ширина: 52"
59,224322,523986101903,231928335658,Мебель,1.0,0.03732688948593843,FN,confident_minilm_v1_error,"лига диванов прямой диван, механизм еврокнижка, 224х80х91 см",прямой диван лига диванов меркурий лайт 112924,"Название: лига диванов прямой диван, механизм еврокнижка, 224х80х91 см | бренд: лига диванов | артикул: 112923 | тип: прямой диван | вид выпуска товара: фабричное производство | вид раскладывания: еврокнижка | длина спального места в разложенном виде, см: 192 | ширина спального места в разложенном виде, см: 127 | вес товара, г: 95000 | название цвета: корфу 02, коричневый | цвет товара: бежевый | материал корпуса: лдсп | материал наполнителя: пенополиуретан | материал обивки: рогожка | высота сиденья, см: 40 | высота, см: 91","Название: прямой диван лига диванов меркурий лайт 112924 | длина спального места в разложенном виде: 1920 мм | ширина спального места в разложенном виде: 1270 мм | вес нетто: 95 кг | вес, кг: 95,00 | цвет: корфу 02/коричневый | цвет ножек: черный | материал каркаса: дсп, лдсп | материал ножек: пластик | материал обивки: рогожка/экокожа | высота: 910 мм | высота сиденья: 400 мм | высота, мм: 910 | декоративные подушки в комплекте: нет | длина: 800 мм | длина, мм: 800","Категория: Мебель
Название: лига диванов прямой диван, механизм еврокнижка, 224х80х91 см
бренд: лига диванов
артикул: 112923
тип: прямой диван
вид выпуска товара: фабричное производство
вид раскладывания: еврокнижка
длина спального места в разложенном виде, см: 192
ширина спального места в разложенном виде, см: 127
вес товара, г: 95000
название цвета: корфу 02, коричневый
цвет товара: бежевый
материал корпуса: лдсп
материал наполнителя: пенополиуретан
материал обивки: рогожка
высота сиденья, см: 40
высота, см: 91
гарантийный срок: 18 месяцев
глубина сиденья, см: 69
глубина, см: 80
страна-изготовитель: россия
ширина, см: 224","Категория: Мебель
Название: прямой диван лига диванов меркурий лайт 112924
длина спального места в разложенном виде: 1920 мм
ширина спального места в разложенном виде: 1270 мм
вес нетто: 95 кг
вес, кг: 95,00
цвет: корфу 02/коричневый
цвет ножек: черный
материал каркаса: дсп, лдсп
материал ножек: пластик
материал обивки: рогожка/экокожа
max нагрузка: 150 кг
высота: 910 мм
высота сиденья: 400 мм
высота, мм: 910
габариты без упаковки: 2240x910x800 мм
декоративные подушки в комплекте: нет
длина: 800 мм
длина, мм: 800
единица товара: штука
количество спальных мест: 1.5
механизм трансформации: еврокнижка
модульный: нет
наполнитель: ппу
ножки: есть
подлокотники: есть
полки: нет
раскладной: есть
стиль: современный
форма: прямой
ширина: 2240 мм
ширина, мм: 2240
ящик для белья: есть"
60,297603,695784784292,309237742659,Мебель,1.0,0.0004305570927227883,FN,confident_minilm_v1_error,столешница для кухни скиф 2600х600x38мм с кромкой. цвет - сахара белая,столешница для кухни размер 2300х600x38мм с кромкой. цвет - сахара белая,"Название: столешница для кухни скиф 2600х600x38мм с кромкой. цвет - сахара белая | тип: столешница | вес: 37.93 кг | цвет товара: сахара белая | материал: лдсп | комплектация: кромка в цвет столешницы | высота: 3.8 см | длина: 260 см | назначение: для кухни, для кухонных гарнитуров | ширина: 60 см","Название: столешница для кухни размер 2300х600x38мм с кромкой. цвет - сахара белая | бренд: wild wood | артикул: pd-130-38x2300 | тип: столешница | вид выпуска товара: фабричное производство | название цвета: сахара белая | образец цвета: https://cdn1.ozone.ru/s3/multimedia-i/6145083186.jpg | высота, мм: 38 | длина, мм: 2300 | ширина, мм: 600","Категория: Мебель
Название: столешница для кухни скиф 2600х600x38мм с кромкой. цвет - сахара белая
тип: столешница
вес: 37.93 кг
цвет товара: сахара белая
материал: лдсп
комплектация: кромка в цвет столешницы
высота: 3.8 см
глубина: 60
длина: 260 см
назначение: для кухни, для кухонных гарнитуров
особенности: влагостойкость
толщина: 3.8 см
форма внешнего края: скругленный край
форма столешницы: прямоугольная
ширина: 60 см","Категория: Мебель
Название: столешница для кухни размер 2300х600x38мм с кромкой. цвет - сахара белая
бренд: wild wood
артикул: pd-130-38x2300
тип: столешница
вид выпуска товара: фабричное производство
название цвета: сахара белая
образец цвета: https://cdn1.ozone.ru/s3/multimedia-i/6145083186.jpg
высота, мм: 38
гарантийный срок: 1 год
длина, мм: 2300
ширина, мм: 600"
61,306140,712964688788,824633764012,Мебель,1.0,7.484626298776402e-05,FN,lexical_surprise,woodville стул,стул tetchair cindy (eames) (mod. 1801),"Название: woodville стул | бренд: woodville | артикул: wo_11179 | тип: стул | вид выпуска товара: фабричное производство | материал корпуса: бук | материал обивки: ткань | высота, см: 83 | назначение (помещение): для дома | страна-изготовитель: малайзия | ширина, см: 46","Название: стул tetchair cindy (eames) (mod. 1801) | тип: стул | вес в транспортной упаковке: 5 кг | высота: 82 см | назначение: для гостиной, кухонный | ширина: 45 см","Категория: Мебель
Название: woodville стул
бренд: woodville
артикул: wo_11179
тип: стул
вид выпуска товара: фабричное производство
материал корпуса: бук
материал обивки: ткань
высота, см: 83
гарантийный срок: 12
глубина, см: 49
назначение (помещение): для дома
регулируемая спинка: нет
с подлокотниками: нет
стиль дизайна: модерн
страна-изготовитель: малайзия
форма поставки: в собранном виде
ширина, см: 46","Категория: Мебель
Название: стул tetchair cindy (eames) (mod. 1801)
тип: стул
вес в транспортной упаковке: 5 кг
высота: 82 см
габариты транспортной упаковки: 50х52х47 см
глубина: 51 см
назначение: для гостиной, кухонный
ширина: 45 см"
62,331453,773094194054,206158454274,Мебель,1.0,0.000295957206364819,FN,confident_minilm_v1_error,"не определен столик-корзина декоративный, l39 w39 h45 см","remecoclub журнальный стол мрамор, 35х35х42 см","Название: не определен столик-корзина декоративный, l39 w39 h45 см | бренд: goodgifts | тип: столик | вес в транспортной упаковке: 1.426 кг | цвет товара: золото/черный","Название: remecoclub журнальный стол мрамор, 35х35х42 см | бренд: remecoclub | артикул: 768485]rem | тип: журнальный стол | вид выпуска товара: фабричное производство | вид стола: журнальный | вес товара, г: 8000 | образец цвета: https://cdn1.ozone.ru/s3/multimedia-s/6854806180.jpg | цвет товара: белый | материал подстолья: металл | материал столешницы: мдф | комплектация: стол-корзина - 1 шт. | высота, см: 42 | количество в комплекте, шт.: 1 | назначение (помещение): для дома | регулировка по высоте: нет","Категория: Мебель
Название: не определен столик-корзина декоративный, l39 w39 h45 см
бренд: goodgifts
тип: столик
вес в транспортной упаковке: 1.426 кг
цвет товара: золото/черный
габариты транспортной упаковки: 39х39х45 см
форма столешницы: шестиугольная","Категория: Мебель
Название: remecoclub журнальный стол мрамор, 35х35х42 см
бренд: remecoclub
артикул: 768485]rem
тип: журнальный стол
вид выпуска товара: фабричное производство
вид стола: журнальный
вес товара, г: 8000
образец цвета: https://cdn1.ozone.ru/s3/multimedia-s/6854806180.jpg
цвет товара: белый
материал подстолья: металл
материал столешницы: мдф
комплектация: стол-корзина - 1 шт.
высота, см: 42
гарантийный срок: 30 дней
глубина, см: 35
колесики: нет
количество в комплекте, шт.: 1
назначение (помещение): для дома
регулировка по высоте: нет
стиль дизайна: скандинавский
страна-изготовитель: китай
форма поставки: в собранном виде
форма столешницы: шестиугольник
ширина, см: 35"
63,17853,34359848929,206158434920,Музыкальные инструменты,1.0,0.0031726830692822713,FN,confident_minilm_v1_error,чехол для уменьшенной гитары martin romas гк-1 кант чёрный размер 1/2-3/4,dasmax / mrгк-2 чехол для классической гитары 1/2,"Название: чехол для уменьшенной гитары martin romas гк-1 кант чёрный размер 1/2-3/4 | бренд: martin romas | партномер: гк-1 кант чёрный размер 1/2-3/4 | тип: чехол для музыкального инструмента | вид музыкального аксессуара: защита | цвет товара: черный | материал муз. инструмента/аксессуара: ткань | комплектация: чехол для гитары - 1 шт | количество в упаковке, шт: 1 | назначение муз. аксессуара: для классической гитары | страна-изготовитель: китай",Название: dasmax / mrгк-2 чехол для классической гитары 1/2 | вид застежки: молния по всей длине | вид чехла: для классической гитары | цвет: черный | материал изделия: полиэстер | комплектация: один чехол | высота упаковки: 4 см | длина упаковки: 35 см | особенности чехла: лямки рюкзачного типа; теплый - 5 мм | ширина упаковки: 35 см,"Категория: Музыкальные инструменты
Название: чехол для уменьшенной гитары martin romas гк-1 кант чёрный размер 1/2-3/4
бренд: martin romas
партномер: гк-1 кант чёрный размер 1/2-3/4
тип: чехол для музыкального инструмента
вид музыкального аксессуара: защита
цвет товара: черный
материал муз. инструмента/аксессуара: ткань
комплектация: чехол для гитары - 1 шт
гарантийный срок: 1 год
количество в упаковке, шт: 1
назначение муз. аксессуара: для классической гитары
страна-изготовитель: китай","Категория: Музыкальные инструменты
Название: dasmax / mrгк-2 чехол для классической гитары 1/2
вид застежки: молния по всей длине
вид чехла: для классической гитары
цвет: черный
материал изделия: полиэстер
комплектация: один чехол
валюта: rub
высота упаковки: 4 см
длина упаковки: 35 см
карманы: наружный на молнии
особенности чехла: лямки рюкзачного типа; теплый - 5 мм
страна производства: россия
ширина упаковки: 35 см"
64,42113,94489358240,635655227227,Музыкальные инструменты,1.0,0.0015011819937681247,FN,confident_minilm_v1_error,ernie ball / струны для электрогитары 2723 (12-56),струны для электрогитары 2723 (09-42),Название: ernie ball / струны для электрогитары 2723 (12-56) | цвет: темно-розовый,"Название: струны для электрогитары 2723 (09-42) | бренд: ernie ball | партномер: 2723 | тип: аксессуар для струнных | вид музыкального аксессуара: струны | вес товара, г: 30 | цвет товара: черный | материал муз. инструмента/аксессуара: никель | комплектация: комплект струн | количество в упаковке, шт: 6 | назначение муз. аксессуара: для электрогитары | страна-изготовитель: сша","Категория: Музыкальные инструменты
Название: ernie ball / струны для электрогитары 2723 (12-56)
цвет: темно-розовый
валюта: rub","Категория: Музыкальные инструменты
Название: струны для электрогитары 2723 (09-42)
бренд: ernie ball
партномер: 2723
тип: аксессуар для струнных
вид музыкального аксессуара: струны
вес товара, г: 30
цвет товара: черный
материал муз. инструмента/аксессуара: никель
комплектация: комплект струн
калибр струн: 09
количество в упаковке, шт: 6
назначение муз. аксессуара: для электрогитары
страна-изготовитель: сша"
65,138286,326417545015,369367251770,Музыкальные инструменты,1.0,0.13296423160844623,FN,model_disagreement_or_order_gap,amc-music / ремень для электрогитары,ремень для электрогитары амс ргэ2.pro,Название: amc-music / ремень для электрогитары | вид музыкального инструмента: электрогитара | материал изделия: кожа,"Название: ремень для электрогитары амс ргэ2.pro | бренд: amc music | тип: аксессуар для струнных | вид музыкального аксессуара: ремень | цвет товара: черный | материал муз. инструмента/аксессуара: натуральная кожа | количество в упаковке, шт: 1 | назначение муз. аксессуара: для электрогитары | страна-изготовитель: россия","Категория: Музыкальные инструменты
Название: amc-music / ремень для электрогитары
вид музыкального инструмента: электрогитара
материал изделия: кожа
валюта: rub","Категория: Музыкальные инструменты
Название: ремень для электрогитары амс ргэ2.pro
бренд: amc music
тип: аксессуар для струнных
вид музыкального аксессуара: ремень
цвет товара: черный
материал муз. инструмента/аксессуара: натуральная кожа
количество в упаковке, шт: 1
назначение муз. аксессуара: для электрогитары
страна-изготовитель: россия"
66,230483,541165922283,197568522231,Музыкальные инструменты,1.0,0.37754066879814546,FN,model_disagreement_or_order_gap,"noname чехол для укулеле сопрано, микс","чехол для укулеле сопрано, микс, 28x21 см","Название: noname чехол для укулеле сопрано, микс | тип: чехол | назначение: для укулеле","Название: чехол для укулеле сопрано, микс, 28x21 см | бренд: нет бренда | тип: чехол для музыкального инструмента | размеры, мм: 280х210 | вес товара, г: 120 | цвет товара: разноцветный | материал муз. инструмента/аксессуара: текстиль | комплектация: чехол для укулеле сопрано, микс, 1 штука | количество в упаковке, шт: 1 | назначение муз. аксессуара: для укулеле | страна-изготовитель: россия","Категория: Музыкальные инструменты
Название: noname чехол для укулеле сопрано, микс
тип: чехол
назначение: для укулеле","Категория: Музыкальные инструменты
Название: чехол для укулеле сопрано, микс, 28x21 см
бренд: нет бренда
тип: чехол для музыкального инструмента
размеры, мм: 280х210
вес товара, г: 120
цвет товара: разноцветный
материал муз. инструмента/аксессуара: текстиль
комплектация: чехол для укулеле сопрано, микс, 1 штука
гарантийный срок: 31 день (с учетом сохранения целостности упаковки)
количество в упаковке, шт: 1
назначение муз. аксессуара: для укулеле
страна-изготовитель: россия"
67,239004,558345849063,781684123553,Музыкальные инструменты,1.0,0.06754668832401889,FN,confident_minilm_v1_error,"dunlop / kirk hammett jazz iii медиаторы, 6шт, толщина 1.38мм","медиаторы kirk hammett jazz iii, 24шт, толщина 1.38мм, dunlop 47rkh3nps","Название: dunlop / kirk hammett jazz iii медиаторы, 6шт, толщина 1.38мм | комплектация: 1 комплект | количество предметов в упаковке: 6","Название: медиаторы kirk hammett jazz iii, 24шт, толщина 1.38мм, dunlop 47rkh3nps | бренд: dunlop | партномер: 47rkh3nps | тип: аксессуар для струнных | вид музыкального аксессуара: медиатор | вес товара, г: 14 | цвет товара: розовый | материал муз. инструмента/аксессуара: нейлон | комплектация: медиаторы, 24 шт в уп. | количество в упаковке, шт: 24 | назначение муз. аксессуара: для электрогитары | страна-изготовитель: сша","Категория: Музыкальные инструменты
Название: dunlop / kirk hammett jazz iii медиаторы, 6шт, толщина 1.38мм
комплектация: 1 комплект
валюта: rub
количество предметов в упаковке: 6","Категория: Музыкальные инструменты
Название: медиаторы kirk hammett jazz iii, 24шт, толщина 1.38мм, dunlop 47rkh3nps
бренд: dunlop
партномер: 47rkh3nps
тип: аксессуар для струнных
вид музыкального аксессуара: медиатор
вес товара, г: 14
цвет товара: розовый
материал муз. инструмента/аксессуара: нейлон
комплектация: медиаторы, 24 шт в уп.
количество в упаковке, шт: 24
назначение муз. аксессуара: для электрогитары
страна-изготовитель: сша"
68,350348,816043909474,558345895429,Музыкальные инструменты,1.0,0.0002611903101813263,FN,confident_minilm_v1_error,струны для гитары dunlop dbfs40120 stainless steel flatwound,dunlop / струны для бас-гитары dunlop dbfs40100m flatwound 40-100,"Название: струны для гитары dunlop dbfs40120 stainless steel flatwound | бренд: dunlop | партномер: 279743 | тип: аксессуар для струнных | размеры, мм: 152х200х200 | вес товара, г: 100 | страна-изготовитель: виргинские о-ва, сша",Название: dunlop / струны для бас-гитары dunlop dbfs40100m flatwound 40-100 | материал изделия: чистая сталь,"Категория: Музыкальные инструменты
Название: струны для гитары dunlop dbfs40120 stainless steel flatwound
бренд: dunlop
партномер: 279743
тип: аксессуар для струнных
размеры, мм: 152х200х200
вес товара, г: 100
гарантийный срок: 1 год
страна-изготовитель: виргинские о-ва, сша","Категория: Музыкальные инструменты
Название: dunlop / струны для бас-гитары dunlop dbfs40100m flatwound 40-100
материал изделия: чистая сталь
валюта: rub
страна производства: сша"
69,41926,94489350953,481036383469,Обувь,1.0,0.00023050666092516467,FN,component_companion,кроссовки мужские adidas run 60s 3.0 hp2259 серые 44 eu,кроссовки adidas sportswear,Название: кроссовки мужские adidas run 60s 3.0 hp2259 серые 44 eu | бренд: adidas | модель: run 60s 3.0 hp2259 | артикул производителя: 0000303357283-44 | код товара: 600015743911 | тип: кроссовки | размер: 43 44 eu | размер ru: 43 | размер производителя: 44 eu | цвет: серый | цвет производителя: серый | материал верха: искусственный материал | назначение: лайфстайл,"Название: кроссовки adidas sportswear | бренд в одежде и обуви: adidas sportswear | вид застёжки: шнурки | российский размер (обуви): 44,5 | название цвета: grethr / cblack / grefou&новые | цвет товара: бордовый | внутренний материал: текстиль | материал: синтетика | материал верха: текстиль | материал подошвы: резина | материал стельки: текстиль | страна-изготовитель: вьетнам","Категория: Обувь
Название: кроссовки мужские adidas run 60s 3.0 hp2259 серые 44 eu
бренд: adidas
модель: run 60s 3.0 hp2259
артикул производителя: 0000303357283-44
код товара: 600015743911
тип: кроссовки
размер: 43 44 eu
размер ru: 43
размер производителя: 44 eu
цвет: серый
цвет производителя: серый
материал верха: искусственный материал
для занятий спортом: да
назначение: лайфстайл
пол: мужской","Категория: Обувь
Название: кроссовки adidas sportswear
бренд в одежде и обуви: adidas sportswear
вид застёжки: шнурки
российский размер (обуви): 44,5
название цвета: grethr / cblack / grefou&новые
цвет товара: бордовый
внутренний материал: текстиль
материал: синтетика
материал верха: текстиль
материал подошвы: резина
материал стельки: текстиль
коллекция: осень-зима 2023
особенности повседневной обуви: закрытый нос
пол: мужской
сезон: на любой сезон
страна-изготовитель: вьетнам
целевая аудитория: взрослая"
70,250610,584115664491,85899482187,Обувь,1.0,0.00010229987857839044,FN,lexical_surprise,"тапочки, 1","dr.luigi тапочки dr.luigi, размер 38, коричневый","Название: тапочки, 1 | бренд в одежде и обуви: нет бренда | вид застёжки: без застёжки | вид каблука: без каблука | российский размер (обуви): 44 | цвет товара: коричневый | внутренний материал: хлопок | материал: хлопок | материал верха: хлопок | материал подошвы: полиуретан | материал стельки: хлопок | количество пар обуви в упаковке: 1 | страна-изготовитель: россия","Название: dr.luigi тапочки dr.luigi, размер 38, коричневый | тип: тапочки | размер: 38 | цвет товара: коричневый | материал подошвы: полиуретан | материал стельки: текстиль","Категория: Обувь
Название: тапочки, 1
бренд в одежде и обуви: нет бренда
вид застёжки: без застёжки
вид каблука: без каблука
российский размер (обуви): 44
цвет товара: коричневый
внутренний материал: хлопок
материал: хлопок
материал верха: хлопок
материал подошвы: полиуретан
материал стельки: хлопок
количество пар обуви в упаковке: 1
коллекция: осень-зима 2023
ортопедический: да
особенности повседневной обуви: закрытый нос
пол: мужской
сезон: на любой сезон
страна-изготовитель: россия
целевая аудитория: взрослая","Категория: Обувь
Название: dr.luigi тапочки dr.luigi, размер 38, коричневый
тип: тапочки
размер: 38
цвет товара: коричневый
материал подошвы: полиуретан
материал стельки: текстиль
застежка: отсутствует
сезон: всесезон"
71,323081,755914280545,549755855835,Обувь,1.0,0.02033235323135295,FN,model_disagreement_or_order_gap,туфли vitacci,vitacci / туфли женские на шпильке,"Название: туфли vitacci | бренд в одежде и обуви: vitacci | тип пронации: нейтральная | вид застёжки: без застёжки | размер производителя: 38 | российский размер (обуви): 38 | название цвета: белый | цвет товара: белый | внутренний материал: натуральная кожа | материал верха: натуральная кожа | материал подошвы: тунит | материал стельки: кожа | высота каблука, см: 10 | длина стопы, см: 24.5 | страна-изготовитель: китай",Название: vitacci / туфли женские на шпильке | российский размер: 35 | цвет: белый | материал подошвы обуви: тунит | комплектация: туфли женские vitacci | высота каблука: 10 см | состав: натуральная кожа 100%,"Категория: Обувь
Название: туфли vitacci
бренд в одежде и обуви: vitacci
тип пронации: нейтральная
вид застёжки: без застёжки
размер производителя: 38
российский размер (обуви): 38
название цвета: белый
цвет товара: белый
внутренний материал: натуральная кожа
материал верха: натуральная кожа
материал подошвы: тунит
материал стельки: кожа
высота каблука, см: 10
гарантийный срок: 1
длина стопы, см: 24.5
коллекция: осень-зима 2023
ортопедический: нет
пол: женский
полнота: f
посадка: нормальная
сезон: на любой сезон
страна-изготовитель: китай
целевая аудитория: взрослая","Категория: Обувь
Название: vitacci / туфли женские на шпильке
российский размер: 35
цвет: белый
материал подошвы обуви: тунит
комплектация: туфли женские vitacci
валюта: rub
высота каблука: 10 см
особенности модели: туфли женские
полнота обуви (eur): f (6)
состав: натуральная кожа 100%
страна производства: китай"
72,102544,240518176276,704374774950,Продукты питания,1.0,0.08509904732734556,FN,confident_minilm_v1_error,4life / соль гималайская розовая мелкая в тубе 250г,"соль гималайская розовая мелкая, 4life, 250 г, пакистан",Название: 4life / соль гималайская розовая мелкая в тубе 250г | вид соли: гималайская розовая | вес товара без упаковки (г): 250 г | вес товара с упаковкой (г): 280 г | комплектация: шт. | высота упаковки: 12 см | длина упаковки: 6 см | состав: соль пищевая розовая гималайская мелкая | ширина упаковки: 6 см,"Название: соль гималайская розовая мелкая, 4life, 250 г, пакистан | бренд: нет бренда | тип: соль | вес товара, г: 50 | состав: соль пищевая | страна-изготовитель: пакистан","Категория: Продукты питания
Название: 4life / соль гималайская розовая мелкая в тубе 250г
вид соли: гималайская розовая
вес товара без упаковки (г): 250 г
вес товара с упаковкой (г): 280 г
комплектация: шт.
валюта: rub
высота упаковки: 12 см
длина упаковки: 6 см
максимальная температура хранения: + 21 с
минимальная температура хранения: +15 °c
состав: соль пищевая розовая гималайская мелкая
срок годности: 36 мес.
страна производства: россия
ширина упаковки: 6 см","Категория: Продукты питания
Название: соль гималайская розовая мелкая, 4life, 250 г, пакистан
бренд: нет бренда
тип: соль
вес товара, г: 50
единиц в одном товаре: 1
максимальная температура: 23
минимальная температура: 3
состав: соль пищевая
срок годности в днях: 1074
страна-изготовитель: пакистан
условия хранения: хранить в сухом месте вдали от солнца"
73,260706,609885428462,824633799539,Продукты питания,1.0,0.0004305570927227883,FN,confident_minilm_v1_error,батончик мюсли mindy's с кокосом 35 г (30 штук в упаковке),батончик мюсли mindy's с бананом 35 г (30 штук в упаковке),"Название: батончик мюсли mindy's с кокосом 35 г (30 штук в упаковке) | бренд: mindy's | тип: батончик | вес товара, г: 1050 | состав: патока, экструдированные злаковые шарики, молоко сгущенное с сахаром), эмульгатор лецитин соевый, антиокислитель , ароматизаторы | страна-изготовитель: россия","Название: батончик мюсли mindy's с бананом 35 г (30 штук в упаковке) | тип упаковки: мягкая | вес, г: 1050 | количество единиц продаж в транспортной упаковке: 6","Категория: Продукты питания
Название: батончик мюсли mindy's с кокосом 35 г (30 штук в упаковке)
бренд: mindy's
тип: батончик
вес товара, г: 1050
добавки: кокос
единиц в одном товаре: 30
максимальная температура: 25
минимальная температура: 0
не содержит: без гмо
состав: патока, экструдированные злаковые шарики, молоко сгущенное с сахаром), эмульгатор лецитин соевый, антиокислитель , ароматизаторы
срок годности в днях: 365
страна-изготовитель: россия
условия хранения: в сухом месте","Категория: Продукты питания
Название: батончик мюсли mindy's с бананом 35 г (30 штук в упаковке)
тип упаковки: мягкая
вес, г: 1050
без сахара: нет
глазурь: нет
добавки: бананы
есть оферта на портале поставщиков: да
количество единиц продаж в транспортной упаковке: 6
особенность: без гмо без искусственных красителей
срок хранения от даты производства (месяцев): 9
страна происхождения: россия
торговая марка: mindy's
условия хранения: в сухом прохладном месте, с относительной влажностью воздуха не более 75%"
74,303364,704374794356,695784758181,Продукты питания,1.0,0.13296423160844623,FN,model_disagreement_or_order_gap,"без бренда манго кубики жевательные конфеты, 500 гр","манго кубики жевательные конфеты, 500 грамм","Название: без бренда манго кубики жевательные конфеты, 500 гр | бренд: без бренда | тип питания: для вегетарианцев, можно в пост | вид глазури: мармелад | вес: 100 г | вкус: молочный | не содержит: гмо, ароматизаторы, заменитель молочного жира, искусственные красители | состав: манго сушеное, лимонная кислота, сахар","Название: манго кубики жевательные конфеты, 500 грамм | бренд: natural product 99 | тип: сухофрукты | вид обработки сухофруктов: сублимированные | вид сухофруктов: манго | вес товара, г: 500 | состав: манго сушеное, сахар, лимонная кислота | страна-изготовитель: таиланд | форма выпуска сухофрукты/цукаты: кубики","Категория: Продукты питания
Название: без бренда манго кубики жевательные конфеты, 500 гр
бренд: без бренда
тип питания: для вегетарианцев, можно в пост
вид глазури: мармелад
вес: 100 г
вкус: молочный
набор: есть
начинка: желейная, сухофрукты
не содержит: гмо, ароматизаторы, заменитель молочного жира, искусственные красители
особенности: диетический продукт, натуральный продукт, с витаминами
содержит: мед
состав: манго сушеное, лимонная кислота, сахар
срок годности: 365 дн.
упаковка: подарочная упаковка","Категория: Продукты питания
Название: манго кубики жевательные конфеты, 500 грамм
бренд: natural product 99
тип: сухофрукты
вид обработки сухофруктов: сублимированные
вид сухофруктов: манго
вес товара, г: 500
единиц в одном товаре: 1
максимальная температура: 18
минимальная температура: 5
не содержит: без гмо
с косточкой: без косточки
состав: манго сушеное, сахар, лимонная кислота
срок годности в днях: 365
страна-изготовитель: таиланд
упаковка: прозрачный пакет
условия хранения: хранить при температуре от 0 ℃ до 18 ℃ и относительной влажности воздуха не более 70%
форма выпуска сухофрукты/цукаты: кубики"
75,216509,506806187995,51539644534,Спорт и отдых,1.0,0.010986941578116865,FN,confident_minilm_v1_error,"блесна вертикальная ecopro detonator, 85мм, 11г, bib","вертикальная блесна ecopro detonator, 75мм, 9г, bib epvjdt75bib","Название: блесна вертикальная ecopro detonator, 85мм, 11г, bib | бренд: ecopro | тип: блесна | вид блесны: вертикальная | вид крючка: тройной | размер крючка, n: 10 | вес, г: 11 | название цвета: bib | цвет товара: золотой | комплектация: блесна | длина, см: 8.5 | количество в упаковке, шт: 1 | количество упаковок, шт: 1 | страна-изготовитель: россия","Название: вертикальная блесна ecopro detonator, 75мм, 9г, bib epvjdt75bib | тип: блесна | тип блесны: вертикальная | вес нетто: 9 г | вес, кг: 0,02 | цвет: bib | высота, мм: 20 | длина: 75 мм | длина, мм: 85 | количество в упаковке: 1 шт | ширина, мм: 20","Категория: Спорт и отдых
Название: блесна вертикальная ecopro detonator, 85мм, 11г, bib
бренд: ecopro
тип: блесна
вид блесны: вертикальная
вид крючка: тройной
размер крючка, n: 10
вес, г: 11
название цвета: bib
цвет товара: золотой
комплектация: блесна
длина, см: 8.5
количество в упаковке, шт: 1
количество упаковок, шт: 1
сезон снасти: зима
страна-изготовитель: россия
упаковка: блистер","Категория: Спорт и отдых
Название: вертикальная блесна ecopro detonator, 75мм, 9г, bib epvjdt75bib
тип: блесна
тип блесны: вертикальная
вес нетто: 9 г
вес, кг: 0,02
цвет: bib
высота, мм: 20
длина: 75 мм
длина, мм: 85
единица товара: штука
количество в упаковке: 1 шт
крючок: тройник
ширина, мм: 20"
76,289661,678604905206,197568547355,Спорт и отдых,1.0,0.0028009272903275605,FN,lexical_surprise,фляга флягамл,"мастер к. фляжка, 240 мл, 8 oz ""big boss"" воронка","Название: фляга флягамл | бренд: нет бренда | тип: фляга | вес товара, г: 236 | образец цвета: https://cdn1.ozone.ru/s3/multimedia-q/6223992782.jpg | материал бутылки/фляги: нержавеющая сталь | высота, см: 19 | страна-изготовитель: китай","Название: мастер к. фляжка, 240 мл, 8 oz ""big boss"" воронка | объем: 0.24 л | цвет товара: черный | материал: металл","Категория: Спорт и отдых
Название: фляга флягамл
бренд: нет бренда
тип: фляга
вес товара, г: 236
образец цвета: https://cdn1.ozone.ru/s3/multimedia-q/6223992782.jpg
материал бутылки/фляги: нержавеющая сталь
высота, см: 19
гарантийный срок: 12 месяцев
особенности бутылок для воды: эргономичная форма
страна-изготовитель: китай","Категория: Спорт и отдых
Название: мастер к. фляжка, 240 мл, 8 oz ""big boss"" воронка
объем: 0.24 л
цвет товара: черный
материал: металл
набор: да"
77,313571,730144560382,515396117799,Спорт и отдых,1.0,1.568955720703011e-05,FN,confident_minilm_v1_error,"воблеры для рыбалки grfish striker 90f-dr, l13","lucky craft lucky craft, воблер slur body blow s, kanimiso","Название: воблеры для рыбалки grfish striker 90f-dr, l13 | бренд: grfish | тип: воблер | вид ловли воблером: спиннинг | вес, г: 16 | название цвета: l13 | образец цвета: https://cdn1.ozone.ru/s3/multimedia-x/6155901273.jpg | цвет товара: золотой | комплектация: воблер для рыбалки | кол-во в комплекте, шт: 1","Название: lucky craft lucky craft, воблер slur body blow s, kanimiso | тип: воблер | вес: 5.2 г | цвет товара: kanimiso | длина: 67 мм","Категория: Спорт и отдых
Название: воблеры для рыбалки grfish striker 90f-dr, l13
бренд: grfish
тип: воблер
вид ловли воблером: спиннинг
вес, г: 16
название цвета: l13
образец цвета: https://cdn1.ozone.ru/s3/multimedia-x/6155901273.jpg
цвет товара: золотой
комплектация: воблер для рыбалки
кол-во в комплекте, шт: 1
мин. заглубление, м: 0.1
плавучесть: плавающий (floating)","Категория: Спорт и отдых
Название: lucky craft lucky craft, воблер slur body blow s, kanimiso
тип: воблер
вес: 5.2 г
цвет товара: kanimiso
длина: 67 мм
плавучесть: тонущая"
78,343815,798864070326,395137076451,Спорт и отдых,1.0,0.00017952800925040936,FN,confident_minilm_v1_error,nika / снегокат тимка спорт 2+ ws,nika снегокат,Название: nika / снегокат тимка спорт 2+ ws | вес без упаковки (кг): 6.2 кг | цвет: желтый | материал изделия: металл; пластик; искусственная кожа | высота упаковки: 26 см | длина упаковки: 80 см | ширина упаковки: 51 см,"Название: nika снегокат | бренд: nika | тип: снегокат | вид полозьев: плоские | название цвета: winter sport | образец цвета: https://cdn1.ozone.ru/s3/multimedia-e/6679529474.jpg | цвет товара: черный | длина, см: 110 | ширина, см: 49","Категория: Спорт и отдых
Название: nika / снегокат тимка спорт 2+ ws
вес без упаковки (кг): 6.2 кг
цвет: желтый
материал изделия: металл; пластик; искусственная кожа
валюта: rub
высота упаковки: 26 см
длина упаковки: 80 см
максимальная нагрузка: 100 кг
особенности снегоката: мягкое сиденье; буксировочный трос; усиленный тормоз
страна производства: россия
число мест: 1
ширина упаковки: 51 см","Категория: Спорт и отдых
Название: nika снегокат
бренд: nika
тип: снегокат
вид полозьев: плоские
название цвета: winter sport
образец цвета: https://cdn1.ozone.ru/s3/multimedia-e/6679529474.jpg
цвет товара: черный
длина, см: 110
макс. нагрузка, кг: 100
пол ребенка: унисекс
ширина, см: 49"
79,151718,352187464320,395137009261,Строительство и ремонт,1.0,0.0005527785524441058,FN,confident_minilm_v1_error,"arlight intelligent arlight диммер smart-pwm-102-72-cdw-pd-suf (12-36v, 2x5a, wi-fi, 2.4g) (iarl, ip20 пластик, 5 лет)","intelligent arlight диммер smart-set-pwm-102-72-mix-suf black (12-24v, 2x5a, пду line, 2.4g) (iarl, ip20 пластик, 5 лет)","Название: arlight intelligent arlight диммер smart-pwm-102-72-cdw-pd-suf (12-36v, 2x5a, wi-fi, 2.4g) (iarl, ip20 пластик, 5 лет) | количество цветовых каналов: 2 | напряжение питания (макс): 36 в | напряжение питания (мин): 12 в","Название: intelligent arlight диммер smart-set-pwm-102-72-mix-suf black (12-24v, 2x5a, пду line, 2.4g) (iarl, ip20 пластик, 5 лет) | бренд: arlight | партномер: 036186 | тип: контроллер управления светом | вес товара, г: 129 | комплектация: упаковка, <br/>товар, <br/>инструкция | мощность, вт: 240 | страна-изготовитель: китай","Категория: Строительство и ремонт
Название: arlight intelligent arlight диммер smart-pwm-102-72-cdw-pd-suf (12-36v, 2x5a, wi-fi, 2.4g) (iarl, ip20 пластик, 5 лет)
количество цветовых каналов: 2
корпус: пластиковый корпус
макс. выход. ток: 10 в
напряжение питания (макс): 36 в
напряжение питания (мин): 12 в
пульт управления: есть
работает в системе ""умный дом"": есть
степень защиты (ip): ip20","Категория: Строительство и ремонт
Название: intelligent arlight диммер smart-set-pwm-102-72-mix-suf black (12-24v, 2x5a, пду line, 2.4g) (iarl, ip20 пластик, 5 лет)
бренд: arlight
партномер: 036186
тип: контроллер управления светом
вес товара, г: 129
комплектация: упаковка, <br/>товар, <br/>инструкция
мощность, вт: 240
пылевлагозащита: ip20
степень защиты: ip20
страна-изготовитель: китай"
80,176558,412316929744,738734515583,Строительство и ремонт,1.0,0.0005527785524441058,FN,lexical_surprise,настенно-потолочный светильник / промышленный подвесной светильник,светодиодный прожектор с углом световой проекции 60 градусов ip65 150w 5000k холодный mantra urano 7423,"Название: настенно-потолочный светильник / промышленный подвесной светильник | модель: 843515-nns-3274220 | тип монтажа: наружный | тип светильника: потолочный | тип цоколя: led | вид бра, лампы: светодиодная | вес с упаковкой (кг): 3 кг | цвет: черный | материал изделия: алюминий | комплектация: светильник, комплект крепежа, инструкция | высота предмета: 17.8 см | высота упаковки: 15 см | диаметр плафона: 26 см | длина упаковки: 30 см | максимальная допустимая мощность лампы (вт): 150 вт | напряжение: 220 в","Название: светодиодный прожектор с углом световой проекции 60 градусов ip65 150w 5000k холодный mantra urano 7423 | бренд: mantra | тип: прожектор | тип цоколя: led | вид ламп: светодиодная | цвет плафона: белый | комплектация: прожектор | высота, мм: 179 | количество ламп, шт: 1 | макс. мощность ламп, вт: 150 | страна-изготовитель: испания","Категория: Строительство и ремонт
Название: настенно-потолочный светильник / промышленный подвесной светильник
модель: 843515-nns-3274220
тип монтажа: наружный
тип светильника: потолочный
тип цоколя: led
вид бра, лампы: светодиодная
вес с упаковкой (кг): 3 кг
цвет: черный
материал изделия: алюминий
комплектация: светильник, комплект крепежа, инструкция
валюта: rub
высота предмета: 17.8 см
высота упаковки: 15 см
гарантийный срок: 1 год
глубина предмета: 26 см
диаметр плафона: 26 см
длина упаковки: 30 см
максимальная допустимая мощность лампы (вт): 150 вт
напряжение: 220 в
свет: естественный белый
степень пылевлагозащиты: ip65
страна производства: испания
ширина предмета: 26 см
ширина упаковки: 30 см","Категория: Строительство и ремонт
Название: светодиодный прожектор с углом световой проекции 60 градусов ip65 150w 5000k холодный mantra urano 7423
бренд: mantra
тип: прожектор
тип цоколя: led
вид ламп: светодиодная
цвет плафона: белый
комплектация: прожектор
высота, мм: 179
единиц в одном товаре: 1
количество ламп, шт: 1
макс. мощность ламп, вт: 150
площадь освещения, кв.м: 8
световой поток, лм: 22500
страна-изготовитель: испания
температура света, к: 5000
упаковка: картонная коробка"
81,233102,541166036422,532575983794,Строительство и ремонт,1.0,0.4073334000459302,FN,model_disagreement_or_order_gap,"favourite настенный светильник, g9, 25 вт",настенный светильник sonnenblume 2356-1w,"Название: favourite настенный светильник, g9, 25 вт | бренд: favourite | тип: настенный светильник | тип цоколя: g9 | вид ламп: галогенная | цвет плафона: белый | цвет товара: черный | материал плафона: стекло | комплектация: светильник | комплектация лампочками: нет | высота, мм: 210 | количество ламп, шт: 1 | макс. мощность ламп, вт: 25 | напряжение питания, в: 220 | страна-изготовитель: германия | ширина, мм: 210","Название: настенный светильник sonnenblume 2356-1w | тип: настенный светильник | тип цоколя: g9 | вид ламп: галогеновая | вес: 5 кг | материал арматуры: металл | материал плафона/абажура: стекло | высота: 21 см | дополнительная информация: светильник предназначен для использования со скрытой проводкой | количество лампочек: 1 шт. | линейка: sonnenblume | мощность: 25 ватт | мощность одной лампы: 25 ватт | назначение: для гостиной, для магазина, для спальни | напряжение: 220-240 в | ширина: 21 см","Категория: Строительство и ремонт
Название: favourite настенный светильник, g9, 25 вт
бренд: favourite
тип: настенный светильник
тип цоколя: g9
вид ламп: галогенная
цвет плафона: белый
цвет товара: черный
материал плафона: стекло
комплектация: светильник
комплектация лампочками: нет
высота, мм: 210
гарантия: 2 года
количество ламп, шт: 1
крепление: настенное
макс. мощность ламп, вт: 25
напряжение питания, в: 220
площадь освещения, кв.м: 2
степень защиты: ip20
страна-изготовитель: германия
упаковка: коробка
ширина, мм: 210","Категория: Строительство и ремонт
Название: настенный светильник sonnenblume 2356-1w
тип: настенный светильник
тип цоколя: g9
вид ламп: галогеновая
вес: 5 кг
материал арматуры: металл
материал плафона/абажура: стекло
высота: 21 см
дополнительная информация: светильник предназначен для использования со скрытой проводкой
класс электробезопасности: i
количество лампочек: 1 шт.
линейка: sonnenblume
мощность: 25 ватт
мощность одной лампы: 25 ватт
назначение: для гостиной, для магазина, для спальни
напряжение: 220-240 в
степень пылевлагозащиты: 20
стиль: современный
ширина: 21 см"
82,5550,8590011856,137439092754,Товары для животных,1.0,0.014063626423394072,FN,confident_minilm_v1_error,"пижон ошейник матовый с бубенчиком, 30 х 1 см, микс цветов","пижон, ошейник матовый с бубенчиком, 30 х 1 см, микс цветов, 2 штуки","Название: пижон ошейник матовый с бубенчиком, 30 х 1 см, микс цветов | бренд: пижон | артикул производителя: р00000034 | код товара: 100048043538 | тип ошейника: повседневный | размер животного: породы малого размера | вес, в килограммах: 0.01 | цвет ошейника: в ассортименте | цвет производителя: в ассортименте | материал ошейника: искусственная кожа; металл | комплектация: ошейник | примечание: товар представлен в ассортименте без возможности выбора цвета/дизайна | ширина, в сантиметрах: 1","Название: пижон, ошейник матовый с бубенчиком, 30 х 1 см, микс цветов, 2 штуки | бренд: пижон | артикул: sl-3652835-2-sl352p1-265 | тип: ошейник | вид ошейника: повседневный | размер животного: средний | размеры, мм: 300х10 | вес товара, г: 11 | цвет товара: разноцветный | материал: искусственная кожа | комплектация: ошейник матовый с бубенчиком, 30 х 1 см, микс цветов, 2 штуки | длина ошейника общая, см: 30 | предназначено для: для собак | страна-изготовитель: китай | ширина ошейника, мм: 10","Категория: Товары для животных
Название: пижон ошейник матовый с бубенчиком, 30 х 1 см, микс цветов
бренд: пижон
артикул производителя: р00000034
код товара: 100048043538
тип ошейника: повседневный
размер животного: породы малого размера
вес, в килограммах: 0.01
цвет ошейника: в ассортименте
цвет производителя: в ассортименте
материал ошейника: искусственная кожа; металл
комплектация: ошейник
без удара током: да
максимальный обхват шеи, в сантиметрах: 30
минимальный обхват шеи, в сантиметрах: 25
особенности ошейника: колокольчик
примечание: товар представлен в ассортименте без возможности выбора цвета/дизайна
ширина, в сантиметрах: 1","Категория: Товары для животных
Название: пижон, ошейник матовый с бубенчиком, 30 х 1 см, микс цветов, 2 штуки
бренд: пижон
артикул: sl-3652835-2-sl352p1-265
тип: ошейник
вид ошейника: повседневный
размер животного: средний
размеры, мм: 300х10
вес товара, г: 11
цвет товара: разноцветный
материал: искусственная кожа
комплектация: ошейник матовый с бубенчиком, 30 х 1 см, микс цветов, 2 штуки
длина ошейника общая, см: 30
единиц в одном товаре: 2
предназначено для: для собак
страна-изготовитель: китай
ширина ошейника, мм: 10"
83,13110,25769871683,300647763125,Товары для животных,1.0,0.08509904732734556,FN,component_companion,"petstages / игрушка для собак deerhorn, с оленьими рогами большая","petstages игрушка для собак deerhorn, с оленьими рогами 16 см средняя","Название: petstages / игрушка для собак deerhorn, с оленьими рогами большая | вид животного: для собак | вид игрушки для животных: жевательная | комплектация: игрушка | назначение игрушки для животных: для отвлечения во время отсутствия хозяина; для борьбы со стрессом; для здоровья зубов","Название: petstages игрушка для собак deerhorn, с оленьими рогами 16 см средняя | бренд: petstages | тип: игрушка для животных | вид игрушки для животных: жевательная | размер животного: средний | размер упаковки (длина х ширина х высота), см: 21,6х14х4,6 | размеры, мм: 160 | название цвета: с рогами 16 см | цвет товара: перламутровый | комплектация: petstages игрушка для собак deerhorn, с оленьими рогами 16 см средняя, 1 шт. | количество игрушек в одной упаковке: 1 | назначение игрушки: для здоровья зубов | особенности игрушки: из натуральных материалов | предназначено для: для собак | страна-изготовитель: китай","Категория: Товары для животных
Название: petstages / игрушка для собак deerhorn, с оленьими рогами большая
вид животного: для собак
вид игрушки для животных: жевательная
комплектация: игрушка
валюта: rub
назначение игрушки для животных: для отвлечения во время отсутствия хозяина; для борьбы со стрессом; для здоровья зубов
страна производства: сша","Категория: Товары для животных
Название: petstages игрушка для собак deerhorn, с оленьими рогами 16 см средняя
бренд: petstages
тип: игрушка для животных
вид игрушки для животных: жевательная
размер животного: средний
размер упаковки (длина х ширина х высота), см: 21,6х14х4,6
размеры, мм: 160
название цвета: с рогами 16 см
цвет товара: перламутровый
комплектация: petstages игрушка для собак deerhorn, с оленьими рогами 16 см средняя, 1 шт.
единиц в одном товаре: 1
количество игрушек в одной упаковке: 1
место для игр: дом
назначение игрушки: для здоровья зубов
особенности игрушки: из натуральных материалов
предназначено для: для собак
страна-изготовитель: китай
упаковка: коробка"
84,69196,163208778279,146029007754,Товары для животных,1.0,0.29421497216298875,FN,model_disagreement_or_order_gap,корм сухой ajo полнорационный cat skin & hair для кошек здоровая кожа и красивая шерсть 400 г,"сухой корм ajo cat skin & hair для кошек здоровая кожа и красивая шерсть 0,4 кг",Название: корм сухой ajo полнорационный cat skin & hair для кошек здоровая кожа и красивая шерсть 400 г | бренд: ajo | тип корма: сухой | вес упаковки: 0.4 кг | вкус: ассорти,"Название: сухой корм ajo cat skin & hair для кошек здоровая кожа и красивая шерсть 0,4 кг | бренд: ajo | артикул: 94261 | тип: корм сухой | размер животного: малый | размер упаковки (длина х ширина х высота), см: 23x15x7 | вес товара, г: 400 | комплектация: сухой корм - 1 пакет | вкус корма для животных: курица | предназначено для: для кошек | состав: дегидрированное мясо (индейки 19%, курицы 8%), рис, лосось 6%, овсяные хлопья, жир животный, рисовый протеин, гидролизованные мясные белки (вкусоароматическая добавка), рыбная мука, дрожжи пивные сухие, яблочный жом, жир лососевый 1%, брокколи, морские водоросли, цикорий (источник инулина), томаты, экстракт юкки шидигера, розмарин, таурин, лютеин (экстракт бархатцев), экстракт зеленого чая (источник полифенолов), минеральные вещества, витамины: а, d, е, с, холин хлорид (в4), никотиновая кислота (в3), пантотеновая кислота (в5), рибофлавин (в2), пиридоксин (в6), тиамин (в1), фолиевая кислота (вc), биотин (н), цианокобаломин (в12). | страна-изготовитель: россия","Категория: Товары для животных
Название: корм сухой ajo полнорационный cat skin & hair для кошек здоровая кожа и красивая шерсть 400 г
бренд: ajo
тип корма: сухой
вес упаковки: 0.4 кг
вкус: ассорти
возраст животного: взрослые (1-6 лет), котята (до 1 года), пожилые (7+)
класс ингредиентов: супер-премиум
особые потребности: для здоровья кожи и блеска шерсти
срок годности: 1 г.","Категория: Товары для животных
Название: сухой корм ajo cat skin & hair для кошек здоровая кожа и красивая шерсть 0,4 кг
бренд: ajo
артикул: 94261
тип: корм сухой
размер животного: малый
размер упаковки (длина х ширина х высота), см: 23x15x7
вес товара, г: 400
комплектация: сухой корм - 1 пакет
вкус корма для животных: курица
возраст животного: для взрослых
класс корма: холистик
минеральные вещества: а -25 000ме/кг, d3-1000 ме/кг, с-200мг/кг, е -500 ме/кг., йод-3,0 мг/кг, селен-0,02мг/кг. омега 6 и 3 жирные кислоты – 3.55%
основной ингредиент: птица
особенности: содержит таурин
особые потребности: уход за кожей и шерстью
порода кошки: для любой породы
предназначено для: для кошек
содержание мяса, субпродуктов, %: 33
состав: дегидрированное мясо (индейки 19%, курицы 8%), рис, лосось 6%, овсяные хлопья, жир животный, рисовый протеин, гидролизованные мясные белки (вкусоароматическая добавка), рыбная мука, дрожжи пивные сухие, яблочный жом, жир лососевый 1%, брокколи, морские водоросли, цикорий (источник инулина), томаты, экстракт юкки шидигера, розмарин, таурин, лютеин (экстракт бархатцев), экстракт зеленого чая (источник полифенолов), минеральные вещества, витамины: а, d, е, с, холин хлорид (в4), никотиновая кислота (в3), пантотеновая кислота (в5), рибофлавин (в2), пиридоксин (в6), тиамин (в1), фолиевая кислота (вc), биотин (н), цианокобаломин (в12).
срок годности в днях: 540
страна-изготовитель: россия
упаковка: пакет
условия хранения: в сухом месте"
85,124020,292057823348,755914356961,Товары для животных,1.0,6.205050329991051e-05,FN,confident_minilm_v1_error,alphapet superpremium / сухой корм monoprotein из белой рыбы собак мелких пород 3 кг,сухой полнорационный корм monoprotein из белой рыбы для взрослых кошек alphapet superpremium 3 кг,Название: alphapet superpremium / сухой корм monoprotein из белой рыбы собак мелких пород 3 кг | вид вкуса корма: рыба | вид животного: для собак | размер животного: для мелких пород | высота упаковки: 41 см | длина упаковки: 10 см | основной вкус корма: рыба | ширина упаковки: 23 см,"Название: сухой полнорационный корм monoprotein из белой рыбы для взрослых кошек alphapet superpremium 3 кг | бренд: alphapet | артикул: 121358 | тип: корм сухой | вес товара, г: 3000 | комплектация: сухой корм 3 кг - 1 шт. | вкус корма для животных: белая рыба | предназначено для: для кошек | состав: свежая белая рыба 30%, дегидрированное мясо белой рыбы 23%, цельный рис, чечевица, цельный ячмень, животный жир, гидролизованная печень, пивные дрожжи, витаминно-минеральная смесь, высушенная мякоть сахарной свеклы, alphapetbio® (зеленогубый моллюск, календула, одуванчик, льняное семя, цикорий, клюква, юкка шидигера, розмарин), рыбий жир, dl-метионин, антиоксидант*. *содержит натуральные антиоксиданты (розмарин, токоферол). | страна-изготовитель: россия","Категория: Товары для животных
Название: alphapet superpremium / сухой корм monoprotein из белой рыбы собак мелких пород 3 кг
вид вкуса корма: рыба
вид животного: для собак
размер животного: для мелких пород
валюта: rub
возраст животного: взрослые
высота упаковки: 41 см
длина упаковки: 10 см
класс корма: супер-премиум
основной вкус корма: рыба
страна производства: россия
ширина упаковки: 23 см","Категория: Товары для животных
Название: сухой полнорационный корм monoprotein из белой рыбы для взрослых кошек alphapet superpremium 3 кг
бренд: alphapet
артикул: 121358
тип: корм сухой
вес товара, г: 3000
комплектация: сухой корм 3 кг - 1 шт.
вкус корма для животных: белая рыба
возраст животного: для взрослых
класс корма: холистик
минеральные вещества: сырой протеин 32%, сырой жир 12%, сырая клетчатка 2,6%, зола 8,5%, влажность 7%, кальций 1,5%, фосфор 1,1%, омега-3 0,7%, omega-6 3,2%, магний 0,08%, витамин a 20000 ме, витамин d3 1500 ме, витамин e 170 ме, тиамин (в1) 5,95 мг, риболафлавин (в2) 4,3 мг, ниацин (в3) 42,7 мг, холин (в4) 3200 мг, пантотеновая кислота (в5) 9,1 мг, пиридоксин (в6) 3,2 мг, биотин (в7) 100 мкг, фолиевая кислота (в9) 900 мкг, железо 88 мг, медь 6 мг, цинк 180 мг, марганец 6,9 мг, йод 2,1 мг, селен 350 мкг, таурин 2100 мг, dl- метионин + цистеин 4,7 г, глюкозамин 28 мг, хондроитин 98 мг.
основной ингредиент: рыба
особенности: без гмо
особые потребности: с чувствительным пищеварением
порода кошки: для любой породы
предназначено для: для кошек
состав: свежая белая рыба 30%, дегидрированное мясо белой рыбы 23%, цельный рис, чечевица, цельный ячмень, животный жир, гидролизованная печень, пивные дрожжи, витаминно-минеральная смесь, высушенная мякоть сахарной свеклы, alphapetbio® (зеленогубый моллюск, календула, одуванчик, льняное семя, цикорий, клюква, юкка шидигера, розмарин), рыбий жир, dl-метионин, антиоксидант*. *содержит натуральные антиоксиданты (розмарин, токоферол).
срок годности в днях: 547
страна-изготовитель: россия
упаковка: пакет
условия хранения: в сухом затемненном проветриваемом помещении"
86,171210,395137147648,163208899284,Товары для животных,1.0,0.009708474753363424,FN,confident_minilm_v1_error,"лакомство для собак ""деревенские лакомства"", крылышки куриные, 2 уп.по 50 гр.","деревенские лакомства лакомство для собак гребешки куриные, 50 г, 2 уп","Название: лакомство для собак ""деревенские лакомства"", крылышки куриные, 2 уп.по 50 гр. | бренд: деревенские лакомства | тип: лакомство | вид лакомства: кусочки | размер животного: крупный | вес товара, г: 100 | комплектация: 2 пакета лакомства | вкус корма для животных: птица | количество лакомств в одной упаковке: 2 | предназначено для: для собак | состав: крыло куриное, пищевой глицерин, кукурузный крахмал, соль. | страна-изготовитель: китай","Название: деревенские лакомства лакомство для собак гребешки куриные, 50 г, 2 уп | бренд: деревенские лакомства | тип: кусочки | размер породы: крупная, малый, средняя | общий вес: 100 г | вкус: птица | состав: гребешок куриный, пищевой глицерин, кукурузный крахмал, соль.","Категория: Товары для животных
Название: лакомство для собак ""деревенские лакомства"", крылышки куриные, 2 уп.по 50 гр.
бренд: деревенские лакомства
тип: лакомство
вид лакомства: кусочки
размер животного: крупный
вес товара, г: 100
комплектация: 2 пакета лакомства
вкус корма для животных: птица
возраст животного: для взрослых
единиц в одном товаре: 2
количество лакомств в одной упаковке: 2
основной ингредиент: птица
особенности: без гмо
предназначено для: для собак
с какого месяца можно давать лакомство: 3
состав: крыло куриное, пищевой глицерин, кукурузный крахмал, соль.
срок годности в днях: 540
страна-изготовитель: китай
упаковка: пакет
условия хранения: в сухом прохладном месте","Категория: Товары для животных
Название: деревенские лакомства лакомство для собак гребешки куриные, 50 г, 2 уп
бренд: деревенские лакомства
тип: кусочки
размер породы: крупная, малый, средняя
общий вес: 100 г
вкус: птица
возраст: для взрослых
дополнительная информация: в сухом прохладном месте
особенности: без гмо
состав: гребешок куриный, пищевой глицерин, кукурузный крахмал, соль.
срок годности: 1 г.
упаковка: пластиковый пакет
энергетическая ценность: 455"
87,251222,584115691833,498216256131,Товары для животных,1.0,0.04208773121980142,FN,confident_minilm_v1_error,парик для собака / украшение для животных,"beutyone парикlion mane для собак с ушами, забавные костюмы для домашних животных на хэллоуин и рождество","Название: парик для собака / украшение для животных | бренд: shuntu | страна бренда: китай | тип: украшение для животных | вид украшений для животных: бандана | размер одежды/аксессуара для животных: m | размер упаковки (длина х ширина х высота), см: 100*100*50 | цвет товара: темно-коричневый | материал: микрополиэстер | комплектация: парик для собакаx1 | предназначено для: для собак | страна-изготовитель: китай","Название: beutyone парикlion mane для собак с ушами, забавные костюмы для домашних животных на хэллоуин и рождество | тип: одежда для животных | вид животного: кошки, собаки | размер одежды: m | размер породы: крупный, малый, средний | цвет товара: темно-бордовый | материал подкладки: полиэстер","Категория: Товары для животных
Название: парик для собака / украшение для животных
бренд: shuntu
страна бренда: китай
тип: украшение для животных
вид украшений для животных: бандана
размер одежды/аксессуара для животных: m
размер упаковки (длина х ширина х высота), см: 100*100*50
цвет товара: темно-коричневый
материал: микрополиэстер
комплектация: парик для собакаx1
особенности одежды, обуви: карнавальный
предназначено для: для собак
сезон: на любой сезон
страна-изготовитель: китай
упаковка: сумка","Категория: Товары для животных
Название: beutyone парикlion mane для собак с ушами, забавные костюмы для домашних животных на хэллоуин и рождество
тип: одежда для животных
вид животного: кошки, собаки
размер одежды: m
размер породы: крупный, малый, средний
цвет товара: темно-бордовый
материал подкладки: полиэстер
особенности: карнавальный
пол: унисекс
сезон: демисезон, зима"
88,305617,712964666030,274878031296,Товары для животных,1.0,0.00857748525531428,FN,model_disagreement_or_order_gap,"сибирская кошка / туалет-лоток для кошек премиум, глубокий с бортиком, 37х10х27,5см","туалет премиум для кошек глубокий с бортиком (2354), 0,370 кг, 26300","Название: сибирская кошка / туалет-лоток для кошек премиум, глубокий с бортиком, 37х10х27,5см | цвет: розовый, белый | материал изделия: полипропилен | комплектация: туалет для животных 1 шт.","Название: туалет премиум для кошек глубокий с бортиком (2354), 0,370 кг, 26300 | бренд: нет бренда | тип туалета: открытый | комплектация: туалет премиум для кошек глубокий с бортиком (2354), 0,370 кг, 26300 | предназначено для: для кошек","Категория: Товары для животных
Название: сибирская кошка / туалет-лоток для кошек премиум, глубокий с бортиком, 37х10х27,5см
цвет: розовый, белый
материал изделия: полипропилен
комплектация: туалет для животных 1 шт.
валюта: rub
страна производства: россия","Категория: Товары для животных
Название: туалет премиум для кошек глубокий с бортиком (2354), 0,370 кг, 26300
бренд: нет бренда
тип туалета: открытый
комплектация: туалет премиум для кошек глубокий с бортиком (2354), 0,370 кг, 26300
предназначено для: для кошек"
89,12625,25769851261,575525646832,Хобби и творчество,1.0,6.605216045749982e-05,FN,lexical_surprise,/ набор для поделок,аппликация круглыми стразами и eva 'пожарный',Название: / набор для поделок | комплектация: 1 шт. | высота упаковки: 3 см | длина упаковки: 32 см | ширина упаковки: 21 см,Название: аппликация круглыми стразами и eva 'пожарный' | бренд: школа талантов | тип: набор для создания аппликации | материалы набора: eva | страна-изготовитель: китай,"Категория: Хобби и творчество
Название: / набор для поделок
комплектация: 1 шт.
валюта: rub
возрастные ограничения: от 3 лет
высота упаковки: 3 см
длина упаковки: 32 см
страна производства: китай
ширина упаковки: 21 см","Категория: Хобби и творчество
Название: аппликация круглыми стразами и eva 'пожарный'
бренд: школа талантов
тип: набор для создания аппликации
материалы набора: eva
возраст ребенка: от 3 лет
минимальный возраст ребенка: от 3 лет
страна-изготовитель: китай"
90,44380,103079233567,816043844881,Хобби и творчество,1.0,1.0129987357628251e-05,FN,lexical_surprise,"детский набор для опытов ""загадочные снежинки""",/ химия,"Название: детский набор для опытов ""загадочные снежинки"" | бренд: эврики | тип: набор для опытов",Название: / химия | высота упаковки: 10 см | длина упаковки: 20 см | ширина упаковки: 20 см,"Категория: Хобби и творчество
Название: детский набор для опытов ""загадочные снежинки""
бренд: эврики
тип: набор для опытов
минимальный возраст ребенка: от 3 лет","Категория: Хобби и творчество
Название: / химия
валюта: rub
высота упаковки: 10 см
длина упаковки: 20 см
страна производства: китай
ширина упаковки: 20 см"
91,184281,429496817785,180388634233,Хобби и творчество,1.0,0.00020342704657999323,FN,lexical_surprise,shine luna / бусины,бусинки для рукоделия и бисероплетения 50 гр,"Название: shine luna / бусины | цвет: розовый, нежный розовый, светло-розовый, конфетно-розовый, бело-розовый","Название: бусинки для рукоделия и бисероплетения 50 гр | бренд: нет бренда | тип: бусина | размер, мм: 10*10*10 | вес товара, г: 50 | название цвета: розовый | образец цвета: https://cdn1.ozone.ru/s3/multimedia-1/6782245093.jpg | цвет товара: розовый | материал: акрил | страна-изготовитель: китай","Категория: Хобби и творчество
Название: shine luna / бусины
цвет: розовый, нежный розовый, светло-розовый, конфетно-розовый, бело-розовый
валюта: rub","Категория: Хобби и творчество
Название: бусинки для рукоделия и бисероплетения 50 гр
бренд: нет бренда
тип: бусина
размер, мм: 10*10*10
вес товара, г: 50
название цвета: розовый
образец цвета: https://cdn1.ozone.ru/s3/multimedia-1/6782245093.jpg
цвет товара: розовый
материал: акрил
единиц в одном товаре: 1
страна-изготовитель: китай"
92,199337,463856576844,197568532068,Хобби и творчество,1.0,0.014063626423394072,FN,lexical_surprise,"без бренда настольные пазлы 133 эл .11,2х32,7 см . от 7 лет . природа, пейзаж",пазл step puzzle 133 лаванда (релакс-пазл),"Название: без бренда настольные пазлы 133 эл .11,2х32,7 см . от 7 лет . природа, пейзаж | тип: пазл | размеры (дхшхв): 32.70x11.20x11.20 cм | цвет товара: разноцветный | материал: пвх, картон, пластик | количество элементов: 133","Название: пазл step puzzle 133 лаванда (релакс-пазл) | бренд: step puzzle | тип: пазл | вес товара, г: 100 | материал: картон | длина готового пазла, см: 32 | количество элементов, шт: 133 | страна-изготовитель: россия | ширина готового пазла, см: 11","Категория: Хобби и творчество
Название: без бренда настольные пазлы 133 эл .11,2х32,7 см . от 7 лет . природа, пейзаж
тип: пазл
размеры (дхшхв): 32.70x11.20x11.20 cм
цвет товара: разноцветный
материал: пвх, картон, пластик
дополнительная информация: без рамки
количество элементов: 133
минимальный возраст: от 5 лет
особенности: напольный","Категория: Хобби и творчество
Название: пазл step puzzle 133 лаванда (релакс-пазл)
бренд: step puzzle
тип: пазл
вес товара, г: 100
материал: картон
длина готового пазла, см: 32
количество элементов, шт: 133
минимальный возраст ребенка: от 7 лет
ориентация пазла: горизонтальная
страна-изготовитель: россия
тематика: пейзажи и виды
форма пазла: прямоугольник
ширина готового пазла, см: 11"
93,205503,481036407527,231928325441,Хобби и творчество,1.0,0.04208773121980142,FN,model_disagreement_or_order_gap,трафарет для творчества .16х24 см .узоры .пластик,"без бренда трафарет ""узор"" 16х24 см","Название: трафарет для творчества .16х24 см .узоры .пластик | бренд: china | тип: трафарет для рисования | цвет товара: разноцветный | материал: пластик | количество в упаковке, шт: 1 | страна-изготовитель: россия","Название: без бренда трафарет ""узор"" 16х24 см | тип: трафарет | размер трафарета (дхш): 24x16 cм | материал: пластик","Категория: Хобби и творчество
Название: трафарет для творчества .16х24 см .узоры .пластик
бренд: china
тип: трафарет для рисования
цвет товара: разноцветный
материал: пластик
возраст ребенка: от 3 лет
количество в упаковке, шт: 1
максимальный возраст ребенка: до 18 лет
минимальный возраст ребенка: от 3 лет
пол ребенка: унисекс
страна-изготовитель: россия
тематика: самолеты, поезда и корабли","Категория: Хобби и творчество
Название: без бренда трафарет ""узор"" 16х24 см
тип: трафарет
размер трафарета (дхш): 24x16 cм
материал: пластик"
94,217205,506806217478,420906880517,Хобби и творчество,1.0,0.00015843623599953396,FN,lexical_surprise,пирамида продаж / раскраски,"пальчиковая раскраска ""весёлые животные"", а5, 16 стр., ""синий трактор""",Название: пирамида продаж / раскраски | количество страниц: 16 шт.,"Название: пальчиковая раскраска ""весёлые животные"", а5, 16 стр., ""синий трактор"" | бренд: нет бренда | тип: раскраска","Категория: Хобби и творчество
Название: пирамида продаж / раскраски
валюта: rub
возрастные ограничения: 3+
количество страниц: 16 шт.","Категория: Хобби и творчество
Название: пальчиковая раскраска ""весёлые животные"", а5, 16 стр., ""синий трактор""
бренд: нет бренда
тип: раскраска
максимальный возраст ребенка: до 10 лет
минимальный возраст ребенка: от 3 лет"
95,309013,721554587908,816043922485,Хобби и творчество,1.0,0.00010229987857839044,FN,model_disagreement_or_order_gap,merkez / набор для опытов и экспериментов,"набор для опытов ""жвачка для рук"", сочное яблоко, эврики",Название: merkez / набор для опытов и экспериментов | комплектация: набор 1 шт. | высота упаковки: 3 см | длина упаковки: 10 см | ширина упаковки: 7 см,"Название: набор для опытов ""жвачка для рук"", сочное яблоко, эврики | бренд: эврики | тип: набор для опытов | цвет товара: зеленый | комплектация: набор - 1 набор. | страна-изготовитель: китай","Категория: Хобби и творчество
Название: merkez / набор для опытов и экспериментов
комплектация: набор 1 шт.
валюта: rub
высота упаковки: 3 см
длина упаковки: 10 см
страна производства: китай
ширина упаковки: 7 см","Категория: Хобби и творчество
Название: набор для опытов ""жвачка для рук"", сочное яблоко, эврики
бренд: эврики
тип: набор для опытов
цвет товара: зеленый
комплектация: набор - 1 набор.
возраст ребенка: от 4 лет
возрастные ограничения: от 4 лет
минимальный возраст ребенка: от 4 лет
наука: химия
развитие навыков: воображение
страна-изготовитель: китай
тематика: детская"
96,350059,816043897648,566935703482,Хобби и творчество,1.0,0.000295957206364819,FN,confident_minilm_v1_error,"лесная мастерская / деревянные головоломки ""домашние животные"" набор 4 шт. 16 д.","развивающие пазлы из дерева ""домашние животные"" элемент: 5х5 см","Название: лесная мастерская / деревянные головоломки ""домашние животные"" набор 4 шт. 16 д. | материал изделия: фанера | комплектация: размер упаковки: 10,5х4х11,5 см | высота упаковки: 4 см | длина упаковки: 12 см | ширина упаковки: 11 см","Название: развивающие пазлы из дерева ""домашние животные"" элемент: 5х5 см | бренд: россия | тип: пазл | вес товара, г: 85 | название цвета: разноцветный | цвет товара: разноцветный | материал: дерево | длина готового пазла, см: 25 | количество элементов, шт: 30 | страна-изготовитель: россия | ширина готового пазла, см: 25","Категория: Хобби и творчество
Название: лесная мастерская / деревянные головоломки ""домашние животные"" набор 4 шт. 16 д.
материал изделия: фанера
комплектация: размер упаковки: 10,5х4х11,5 см
валюта: rub
высота упаковки: 4 см
длина упаковки: 12 см
страна производства: россия
ширина упаковки: 11 см","Категория: Хобби и творчество
Название: развивающие пазлы из дерева ""домашние животные"" элемент: 5х5 см
бренд: россия
тип: пазл
вес товара, г: 85
название цвета: разноцветный
цвет товара: разноцветный
материал: дерево
возраст ребенка: от 3 лет
длина готового пазла, см: 25
количество элементов, шт: 30
минимальный возраст ребенка: от 3 лет
ориентация пазла: горизонтальная
особенности пазлов: собирается без ножниц и клея
страна-изготовитель: россия
тематика: животные и птицы
форма пазла: прямоугольник
ширина готового пазла, см: 25"
97,74687,171798801622,111669231175,Электроника,1.0,3.120190393987402e-05,FN,lexical_surprise,hoco original / кабель hoco x13 usb - type-c черный,"кабель для мобильных устройств, разноцветный","Название: hoco original / кабель hoco x13 usb - type-c черный | модель: x13 | вид разъема: usb type-c | вес товара с упаковкой (г): 50 г | цвет: черный | комплектация: кабель, упаковка | высота упаковки: 5 см | длина упаковки: 15 см | количество предметов в упаковке: 1 | ширина упаковки: 10 см","Название: кабель для мобильных устройств, разноцветный | бренд: нет бренда | тип: кабель для мобильных устройств | цвет товара: разноцветный","Категория: Электроника
Название: hoco original / кабель hoco x13 usb - type-c черный
модель: x13
вид разъема: usb type-c
вес товара с упаковкой (г): 50 г
цвет: черный
комплектация: кабель, упаковка
валюта: rub
высота упаковки: 5 см
гарантийный срок: 14 дней
длина упаковки: 15 см
количество предметов в упаковке: 1
страна производства: китай
ширина упаковки: 10 см","Категория: Электроника
Название: кабель для мобильных устройств, разноцветный
бренд: нет бренда
тип: кабель для мобильных устройств
цвет товара: разноцветный"
98,244482,566935847179,687194905323,Электроника,1.0,0.04208773121980142,FN,component_companion,mypads / чехол-клатч/портмоне/сумочка/кошелек forever young для on...,чехол-клатч/портмоне/сумочка/кошелек mypads forever young для zte kis2 max вертикальный модный прошитый элегантной прострочкой с отделениями для банковских карт и банкнот розовый женский,Название: mypads / чехол-клатч/портмоне/сумочка/кошелек forever young для on... | тип чехлов: чехол для беспроводной зарядки | цвет: розовый | высота упаковки: 4 см | длина упаковки: 20 см | совместимость: oneplus nord n300 | ширина упаковки: 22 см,Название: чехол-клатч/портмоне/сумочка/кошелек mypads forever young для zte kis2 max вертикальный модный прошитый элегантной прострочкой с отделениями для банковских карт и банкнот розовый женский | бренд: mypads | артикул: 35773 | тип: чехол для смартфона | вид чехла: кошелек | цвет товара: розовый,"Категория: Электроника
Название: mypads / чехол-клатч/портмоне/сумочка/кошелек forever young для on...
тип чехлов: чехол для беспроводной зарядки
цвет: розовый
валюта: rub
высота упаковки: 4 см
длина упаковки: 20 см
особенности чехла: чехол с жидкостью
совместимость: oneplus nord n300
страна производства: россия
ширина упаковки: 22 см","Категория: Электроника
Название: чехол-клатч/портмоне/сумочка/кошелек mypads forever young для zte kis2 max вертикальный модный прошитый элегантной прострочкой с отделениями для банковских карт и банкнот розовый женский
бренд: mypads
артикул: 35773
тип: чехол для смартфона
вид чехла: кошелек
цвет товара: розовый
застежка: молния
особенности: ремень\цепочка для переноски"
99,339213,790274096691,687194905323,Электроника,1.0,0.03732688948593843,FN,component_companion,mypads / чехол-клатч/портмоне/сумочка/кошелек forever young для op...,чехол-клатч/портмоне/сумочка/кошелек mypads forever young для zte kis2 max вертикальный модный прошитый элегантной прострочкой с отделениями для банковских карт и банкнот розовый женский,Название: mypads / чехол-клатч/портмоне/сумочка/кошелек forever young для op... | тип чехлов: чехол для беспроводной зарядки | цвет: розовый | высота упаковки: 4 см | длина упаковки: 20 см | совместимость: oppo a55s 5g | ширина упаковки: 22 см,Название: чехол-клатч/портмоне/сумочка/кошелек mypads forever young для zte kis2 max вертикальный модный прошитый элегантной прострочкой с отделениями для банковских карт и банкнот розовый женский | бренд: mypads | артикул: 35773 | тип: чехол для смартфона | вид чехла: кошелек | цвет товара: розовый,"Категория: Электроника
Название: mypads / чехол-клатч/портмоне/сумочка/кошелек forever young для op...
тип чехлов: чехол для беспроводной зарядки
цвет: розовый
валюта: rub
высота упаковки: 4 см
длина упаковки: 20 см
особенности чехла: чехол с жидкостью
совместимость: oppo a55s 5g
страна производства: россия
ширина упаковки: 22 см","Категория: Электроника
Название: чехол-клатч/портмоне/сумочка/кошелек mypads forever young для zte kis2 max вертикальный модный прошитый элегантной прострочкой с отделениями для банковских карт и банкнот розовый женский
бренд: mypads
артикул: 35773
тип: чехол для смартфона
вид чехла: кошелек
цвет товара: розовый
застежка: молния
особенности: ремень\цепочка для переноски"
100,268561,627065316180,34359851978,Ювелирные изделия,1.0,0.29421497216298875,FN,component_companion,"кольцо из серебра р. 17 lazurit-online 825701, кристалл ювелирный","lazurit-online кольцо серебряное с нанокристаллом, цвет розовый - коллекция колосок / покрытие чистое серебро (размер 17)","Название: кольцо из серебра р. 17 lazurit-online 825701, кристалл ювелирный | бренд: lazurit-online | модель: 825701 | артикул производителя: 8257wr170 | код товара: 600007539485 | тип: кольцо | тип огранки: овал | размер: 17 | средний вес изделия, г: 2,24 | цвет вставки: розовый | цвет материала: серебристый | материал изделия: серебро | вставка: кристалл ювелирный | количество карат: 0 | проба: 925","Название: lazurit-online кольцо серебряное с нанокристаллом, цвет розовый - коллекция колосок / покрытие чистое серебро (размер 17) | бренд: lazurit-online | модель кольца: классическое | артикул: 8257ag170 | тип: кольцо | размер изделия: 17 | средний вес изделия, гр: 2.24 | цвет товара: розовый | основной материал украшения: серебро | комплектация: серебряное кольцо с камнем 1 шт., бирка 1 шт., подарочный мешочек 1 шт. | вставка: нанокристалл | о драгоценном металле: серебро посеребреное - это гальваническое покрытие чистым серебром 999,9 пробы изделия из серебра 925 пробы, чистое серебро не окисляется и не темнеет, защищает изделие от потемнения, после уплотнения и полировки имеет яркий зеркальный цвет чистого серебра, что особо ценится покупателями, отдающими предпочтение украшениям из серебра. | проба: 925 | страна-изготовитель: россия","Категория: Ювелирные изделия
Название: кольцо из серебра р. 17 lazurit-online 825701, кристалл ювелирный
бренд: lazurit-online
модель: 825701
артикул производителя: 8257wr170
код товара: 600007539485
тип: кольцо
тип огранки: овал
вид: классическое
размер: 17
средний вес изделия, г: 2,24
цвет вставки: розовый
цвет материала: серебристый
материал изделия: серебро
вставка: кристалл ювелирный
изображение/надпись: нет
количество карат: 0
коллекция: колосок
особенности дизайна: дорожка из камней
покрытие: родирование
пол: женский
проба: 925
страна-производитель: россия
форма вставки: овал","Категория: Ювелирные изделия
Название: lazurit-online кольцо серебряное с нанокристаллом, цвет розовый - коллекция колосок / покрытие чистое серебро (размер 17)
бренд: lazurit-online
модель кольца: классическое
артикул: 8257ag170
тип: кольцо
размер изделия: 17
средний вес изделия, гр: 2.24
цвет товара: розовый
основной материал украшения: серебро
комплектация: серебряное кольцо с камнем 1 шт., бирка 1 шт., подарочный мешочек 1 шт.
вставка: нанокристалл
коллекция: базовая коллекция
о драгоценном металле: серебро посеребреное - это гальваническое покрытие чистым серебром 999,9 пробы изделия из серебра 925 пробы, чистое серебро не окисляется и не темнеет, защищает изделие от потемнения, после уплотнения и полировки имеет яркий зеркальный цвет чистого серебра, что особо ценится покупателями, отдающими предпочтение украшениям из серебра.
пол: женский
проба: 925
страна-изготовитель: россия
упаковка: подарочный мешочек
целевая аудитория: взрослая"
101,7345,8590092621,807453865164,Автотовары,0.0,0.8933094110250331,FP,confident_minilm_v1_error,eltrans / преобразователь ржавчины 500мл,"преобразователь ржавчины eltrans, с цинком, 500 мл. el-0702.08",Название: eltrans / преобразователь ржавчины 500мл | вес товара с упаковкой (г): 600 г | комплектация: 1 | высота упаковки: 21 см | длина упаковки: 9 см | ширина упаковки: 5 см,"Название: преобразователь ржавчины eltrans, с цинком, 500 мл. el-0702.08 | бренд: eltrans | партномер (артикул производителя): el-0702.08 | тип: преобразователь ржавчины | объем, мл: 500 | назначение: обслуживание | страна-изготовитель: россия","Категория: Автотовары
Название: eltrans / преобразователь ржавчины 500мл
вес товара с упаковкой (г): 600 г
комплектация: 1
валюта: rub
высота упаковки: 21 см
длина упаковки: 9 см
страна производства: россия
ширина упаковки: 5 см","Категория: Автотовары
Название: преобразователь ржавчины eltrans, с цинком, 500 мл. el-0702.08
бренд: eltrans
партномер (артикул производителя): el-0702.08
тип: преобразователь ржавчины
объем, мл: 500
назначение: обслуживание
область применения: кузов
страна-изготовитель: россия"
102,56808,128849130600,111669292845,Автотовары,0.0,0.6224593312018546,FP,confident_minilm_v1_error,"автопилот оплетка на руль рено клио (2016 - 2019) хэтчбек 5 дверей / renault clio, искусственная кожа (высокого качества), черный","оплетка, чехол (накидка) на руль рено клио (2016 - 2019) хэтчбек 5 дверей / renault clio, искусственная кожа (высокого качества), черный","Название: автопилот оплетка на руль рено клио (2016 - 2019) хэтчбек 5 дверей / renault clio, искусственная кожа (высокого качества), черный | тип: оплетка на руль | цвет товара: черный | материал: искусственная кожа | диаметр руля: 37.39 см","Название: оплетка, чехол (накидка) на руль рено клио (2016 - 2019) хэтчбек 5 дверей / renault clio, искусственная кожа (высокого качества), черный | бренд: autopilot | модель тс: clio | партномер (артикул производителя): blw-004001 | тип: оплетка на руль | размеры, мм: 400х400х881 | цвет товара: черный | комплектация: оплетка для руля | диаметр, см: 37.39 | длина, см: 40 | количество, штук: 1 | страна-изготовитель: россия | ширина, см: 40","Категория: Автотовары
Название: автопилот оплетка на руль рено клио (2016 - 2019) хэтчбек 5 дверей / renault clio, искусственная кожа (высокого качества), черный
тип: оплетка на руль
цвет товара: черный
материал: искусственная кожа
диаметр руля: 37.39 см
марка автомобиля: renault","Категория: Автотовары
Название: оплетка, чехол (накидка) на руль рено клио (2016 - 2019) хэтчбек 5 дверей / renault clio, искусственная кожа (высокого качества), черный
бренд: autopilot
модель тс: clio
партномер (артикул производителя): blw-004001
тип: оплетка на руль
размеры, мм: 400х400х881
цвет товара: черный
комплектация: оплетка для руля
диаметр, см: 37.39
длина, см: 40
количество, штук: 1
марка тс: renault
особенности оплетки руля: съёмные
страна-изготовитель: россия
ширина, см: 40"
103,59238,137439016911,369367193700,Автотовары,0.0,0.9241418267688303,FP,lexical_surprise,michelin primacy 3 zp 275/40 r19 бу шины летние,michelin primacy 3 zp шины летние 275/40 r19 101y,Название: michelin primacy 3 zp 275/40 r19 бу шины летние | высота профиля: 40 | диаметр: r19 | ширина профиля: 275,"Название: michelin primacy 3 zp шины летние 275/40 r19 101y | бренд: michelin | тип: шины для легковых автомобилей | вид шин: нешипованные | высота профиля, %: 40 | диаметр, дюймы: 19 | серия: primacy 3 zp | страна-изготовитель: россия | ширина профиля, мм: 275","Категория: Автотовары
Название: michelin primacy 3 zp 275/40 r19 бу шины летние
высота профиля: 40
диаметр: r19
индекс максимальной скорости: y (до 300 км/ч)
индекс нагрузки: 101
максимальная нагрузка (на одну шину): 825 кг
сезонность: летние
технология runflat: есть
уцененный: да
ширина профиля: 275","Категория: Автотовары
Название: michelin primacy 3 zp шины летние 275/40 r19 101y
бренд: michelin
тип: шины для легковых автомобилей
вид шин: нешипованные
runflat: да
высота профиля, %: 40
диаметр, дюймы: 19
индекс нагрузки: 101
индекс скорости: y
сезонность: лето
серия: primacy 3 zp
страна-изготовитель: россия
ширина профиля, мм: 275"
104,260445,609885416401,764504255837,Автотовары,0.0,0.7057850278370112,FP,confident_minilm_v1_error,щетка задняя bosch для infiniti qx60 2012 - 2017 (h301),bosch / задняя щетка стеклоочистителя nissan juke 2010 (h301),"Название: щетка задняя bosch для infiniti qx60 2012 - 2017 (h301) | бренд: нет бренда | альтернативные артикулы товара: h301 | партномер (артикул производителя): 3397004629-2 | тип: щетка стеклоочистителя задняя | вид техники: легковые автомобили | комплектация: задняя щетка стеклоочистителя - 1 шт | длина щетки, см: 30 | количество, штук: 1 | страна-изготовитель: китай",Название: bosch / задняя щетка стеклоочистителя nissan juke 2010 (h301) | модель: nissan juke | артикул производителя: 3397004629 | тип щетки: задняя | вес товара с упаковкой (г): 200 г | материал щетки: пластик; резина; металл | комплектация: задняя щетка стеклоочистителя - 1 шт | высота упаковки: 8 см | длина (мм): 300 мм | длина упаковки: 53 см | ширина упаковки: 8 см,"Категория: Автотовары
Название: щетка задняя bosch для infiniti qx60 2012 - 2017 (h301)
бренд: нет бренда
альтернативные артикулы товара: h301
партномер (артикул производителя): 3397004629-2
тип: щетка стеклоочистителя задняя
вид техники: легковые автомобили
комплектация: задняя щетка стеклоочистителя - 1 шт
длина щетки, см: 30
количество, штук: 1
крепление: оригинальное (special)
особенности: графитное покрытие
сезон: на любой сезон
страна-изготовитель: китай","Категория: Автотовары
Название: bosch / задняя щетка стеклоочистителя nissan juke 2010 (h301)
модель: nissan juke
артикул производителя: 3397004629
тип щетки: задняя
вес товара с упаковкой (г): 200 г
материал щетки: пластик; резина; металл
комплектация: задняя щетка стеклоочистителя - 1 шт
валюта: rub
высота упаковки: 8 см
длина (мм): 300 мм
длина упаковки: 53 см
крепление щетки: специальное
страна производства: китай
ширина упаковки: 8 см"
105,327821,764504282047,704374764116,Автотовары,0.0,0.7057850278370112,FP,lexical_surprise,петля капота lada 2170 правая 21700840701000,петля капота ваз 2170 правая lada 21700-8407010-00,Название: петля капота lada 2170 правая 21700840701000 | тип автотехники: легковые автомобили | назначение: капот,Название: петля капота ваз 2170 правая lada 21700-8407010-00 | бренд: нет бренда | артикул: в147001 | партномер (артикул производителя): 758 | тип: петля капота,"Категория: Автотовары
Название: петля капота lada 2170 правая 21700840701000
тип автотехники: легковые автомобили
вид: правая петля
назначение: капот
соответствующие коды oe: 21700840701000","Категория: Автотовары
Название: петля капота ваз 2170 правая lada 21700-8407010-00
бренд: нет бренда
артикул: в147001
партномер (артикул производителя): 758
тип: петля капота"
106,303980,712964593005,575525685203,Аптека,0.0,0.7057850278370112,FP,confident_minilm_v1_error,"очки рц 66-68 корригирующие (+2.00) ralph 0491-c1, с футляром, цвет черный, линзы пластик","очки рц 66-68 корригирующие (+2.00) ralph 0491-c1, без футляра, цвет черный, линзы пластик, рц 66-68","Название: очки рц 66-68 корригирующие (+2.00) ralph 0491-c1, с футляром, цвет черный, линзы пластик | страна бренда: китай | цвет заушника: черный | цвет оправы: черный | материал линз: пластик | материал оправы: пластик | высота линзы: 34 мм | длина заушника: 140 мм | назначение: корректирующие | особенности: салфетка в комплекте, флексовое крепление дужек, футляр в комплекте | ширина линзы: 55 мм | ширина моста: 17 мм | ширина оправы: 142 мм","Название: очки рц 66-68 корригирующие (+2.00) ralph 0491-c1, без футляра, цвет черный, линзы пластик, рц 66-68 | бренд: ralh | тип: очки для чтения | размер заушника, мм: 140 | размер моста на переносице, мм: 17 | размеры, мм: 142x55x34 | название цвета: черный | цвет товара: черный | материал линз: пластик | материал оправы очков: пластик | комплектация: готовые очки 1шт + салфетка в подарок | высота линзы, мм: 34 | общая ширина, мм: 142 | страна-изготовитель: китай | ширина линзы, мм: 55","Категория: Аптека
Название: очки рц 66-68 корригирующие (+2.00) ralph 0491-c1, с футляром, цвет черный, линзы пластик
страна бренда: китай
цвет заушника: черный
цвет оправы: черный
материал линз: пластик
материал оправы: пластик
высота линзы: 34 мм
диоптрии: + 2.00
длина заушника: 140 мм
конструкция: ободковая
межцентровое расстояние: 66-68
назначение: корректирующие
особенности: салфетка в комплекте, флексовое крепление дужек, футляр в комплекте
покрытие линз: отсутствует
пол: унисекс
форма оправы: прямоугольная
ширина линзы: 55 мм
ширина моста: 17 мм
ширина оправы: 142 мм","Категория: Аптека
Название: очки рц 66-68 корригирующие (+2.00) ralph 0491-c1, без футляра, цвет черный, линзы пластик, рц 66-68
бренд: ralh
тип: очки для чтения
размер заушника, мм: 140
размер моста на переносице, мм: 17
размеры, мм: 142x55x34
название цвета: черный
цвет товара: черный
материал линз: пластик
материал оправы очков: пластик
комплектация: готовые очки 1шт + салфетка в подарок
высота линзы, мм: 34
гарантийный срок: 90
затемнение: нет
коллекция (год): 2023
конструкция очков: ободковые
наличие флексов: да
общая ширина, мм: 142
оптическая сила: +2.00
покрытие линз: нет
пол: женский
расстояние между оптическими центрами: 66-68
стиль оправы: повседневный
страна-изготовитель: китай
форма лица: квадратная
форма оправы: прямоугольная
цилиндр (cyl): 0
ширина линзы, мм: 55"
107,310209,721554637412,627065279065,Аптека,0.0,0.5,FP,confident_minilm_v1_error,"бандаж коленного сустава с волокнами бамбука к-901 комф-орт, xl",комф-орт / бандаж для коленного сустава к-901,"Название: бандаж коленного сустава с волокнами бамбука к-901 комф-орт, xl | бренд: комф-орт | тип: бандаж | вид бандажа: на коленный сустав | размер: xl | цвет товара: серый | материал: текстиль | страна-изготовитель: россия",Название: комф-орт / бандаж для коленного сустава к-901 | комплектация: упаковка,"Категория: Аптека
Название: бандаж коленного сустава с волокнами бамбука к-901 комф-орт, xl
бренд: комф-орт
тип: бандаж
вид бандажа: на коленный сустав
размер: xl
цвет товара: серый
материал: текстиль
степень фиксации: слабая
сторона: универсальная
страна-изготовитель: россия
целевая аудитория: взрослая","Категория: Аптека
Название: комф-орт / бандаж для коленного сустава к-901
комплектация: упаковка
валюта: rub
страна производства: россия"
108,17826,34359847717,34359874808,Бытовая химия,0.0,0.5312093733737563,FP,confident_minilm_v1_error,"grass / средство для пола arena с полирующим эффектом, 1 л","средство с полирующим эффектом для пола ""arena"" 1 л","Название: grass / средство для пола arena с полирующим эффектом, 1 л | объем (л): 1 л | вес товара с упаковкой (г): 1050 г | комплектация: 1 шт | высота упаковки: 30 см | длина упаковки: 11 см | назначение средства: для пола; для роботов пылесосов | ширина упаковки: 7 см","Название: средство с полирующим эффектом для пола ""arena"" 1 л | бренд: grass | тип: средство чистящее для пола | объем, мл: 1000 | вес товара, г: 1200 | аромат: лотос | назначение моющего, чистящего средства: для пола/ламината | состав: ≥30% очищенная вода; <5%: неионогенные пав, амфотерные пав, соль эдта, воск, изопропанол, ароматизирующая добавка, краситель. | страна-изготовитель: россия | форма выпуска средства: концентрат","Категория: Бытовая химия
Название: grass / средство для пола arena с полирующим эффектом, 1 л
объем (л): 1 л
вес товара с упаковкой (г): 1050 г
комплектация: 1 шт
валюта: rub
высота упаковки: 30 см
длина упаковки: 11 см
назначение средства: для пола; для роботов пылесосов
страна производства: россия
ширина упаковки: 7 см
эффект средства: удаление запахов; удаление грязи; удаление пыли","Категория: Бытовая химия
Название: средство с полирующим эффектом для пола ""arena"" 1 л
бренд: grass
тип: средство чистящее для пола
объем, мл: 1000
вес товара, г: 1200
аромат: лотос
назначение моющего, чистящего средства: для пола/ламината
особенности применения: не требует смывания водой
состав: ≥30% очищенная вода; <5%: неионогенные пав, амфотерные пав, соль эдта, воск, изопропанол, ароматизирующая добавка, краситель.
страна-изготовитель: россия
форма выпуска средства: концентрат
целевая аудитория: взрослая"
109,121049,283467910787,420906867582,Бытовая химия,0.0,0.6224593312018546,FP,confident_minilm_v1_error,сода кальцинированная 600 гр,сода кальцинированная дбх порошок 600 г,Название: сода кальцинированная 600 гр | тип средства: порошок | вес товара с упаковкой (г): 600 г | высота упаковки: 20 см | длина упаковки: 11 см | назначение стирального средства: стирка; дезинфекция; уборка | состав: сода кальцинированная 100% | ширина упаковки: 5 см,"Название: сода кальцинированная дбх порошок 600 г | бренд: дбх | артикул: 1696490 | тип: универсальное чистящее средство | вес товара, г: 600 | назначение моющего, чистящего средства: универсальное | страна-изготовитель: россия | форма выпуска средства: порошок","Категория: Бытовая химия
Название: сода кальцинированная 600 гр
тип средства: порошок
вес товара с упаковкой (г): 600 г
валюта: rub
высота упаковки: 20 см
длина упаковки: 11 см
назначение стирального средства: стирка; дезинфекция; уборка
состав: сода кальцинированная 100%
страна производства: россия
ширина упаковки: 5 см
эффект средства: умягчает воду","Категория: Бытовая химия
Название: сода кальцинированная дбх порошок 600 г
бренд: дбх
артикул: 1696490
тип: универсальное чистящее средство
вес товара, г: 600
единиц в одном товаре: 1
назначение моющего, чистящего средства: универсальное
страна-изготовитель: россия
форма выпуска средства: порошок"
110,146160,343597437458,558345899586,Бытовая химия,0.0,0.9525741264858409,FP,confident_minilm_v1_error,"акватория макси-пул-комплекс, 500мл",акватория / средство для бассейна акватория макси-пул-комплекс,"Название: акватория макси-пул-комплекс, 500мл | бренд: нет бренда | артикул: sh6477442 | тип: химия для бассейнов | назначение моющего, чистящего средства: для бассейнов | состав: натриевая соль дихлоризоциануровой кислоты - дигидрат, 56% активного хлора | страна-изготовитель: россия | форма выпуска средства: жидкость",Название: акватория / средство для бассейна акватория макси-пул-комплекс | объем (мл): 500 мл | вес с упаковкой (кг): 0.5 кг | комплектация: флакон + мерный колпачок,"Категория: Бытовая химия
Название: акватория макси-пул-комплекс, 500мл
бренд: нет бренда
артикул: sh6477442
тип: химия для бассейнов
назначение моющего, чистящего средства: для бассейнов
состав: натриевая соль дихлоризоциануровой кислоты - дигидрат, 56% активного хлора
страна-изготовитель: россия
форма выпуска средства: жидкость
целевая аудитория: взрослая","Категория: Бытовая химия
Название: акватория / средство для бассейна акватория макси-пул-комплекс
объем (мл): 500 мл
вес с упаковкой (кг): 0.5 кг
комплектация: флакон + мерный колпачок
валюта: rub
страна производства: россия"
111,260829,609885434031,678604943935,Бытовая химия,0.0,0.8933094110250331,FP,confident_minilm_v1_error,sanita / средство для удаления ржавчины и известкового налета 500 г,"sanita гель-очиститель от ржавчины,антиржавчина, 500г.","Название: sanita / средство для удаления ржавчины и известкового налета 500 г | объем (мл): 500 мл | вес товара с упаковкой (г): 560 г | комплектация: 1 шт. | высота упаковки: 24 см | длина упаковки: 9 см | состав: ≥ 15%, но 30%: смесь кислот, в том числе щавелевая кислота, 5% нпав | ширина упаковки: 5 см","Название: sanita гель-очиститель от ржавчины,антиржавчина, 500г. | бренд: sanita | артикул: 141303 | тип: специальное чистящее средство | объем, мл: 500 | состав: ≥ 15%, но < 30%: смесь кислот, в том числе щавелевая кислота, < 5% нпав. | страна-изготовитель: россия","Категория: Бытовая химия
Название: sanita / средство для удаления ржавчины и известкового налета 500 г
объем (мл): 500 мл
вес товара с упаковкой (г): 560 г
комплектация: 1 шт.
валюта: rub
высота упаковки: 24 см
длина упаковки: 9 см
состав: ≥ 15%, но 30%: смесь кислот, в том числе щавелевая кислота, 5% нпав
страна производства: россия
ширина упаковки: 5 см","Категория: Бытовая химия
Название: sanita гель-очиститель от ржавчины,антиржавчина, 500г.
бренд: sanita
артикул: 141303
тип: специальное чистящее средство
объем, мл: 500
единиц в одном товаре: 1
состав: ≥ 15%, но < 30%: смесь кислот, в том числе щавелевая кислота, < 5% нпав.
страна-изготовитель: россия"
112,291973,687194778117,180388717595,Бытовая химия,0.0,0.8519528000888387,FP,confident_minilm_v1_error,"synergetic кондиционер-ополаскиватель для белья ""лавандовое поле"", гипоаллергенный, 1500 мл",synergetic / 1500мл кондиционер-ополаскиватель для белья лавандовое поле,"Название: synergetic кондиционер-ополаскиватель для белья ""лавандовое поле"", гипоаллергенный, 1500 мл | бренд: synergetic | артикул: fr-syne0029-1500-1-fr19p12 | тип: кондиционер, ополаскиватель | объем, мл: 1500 | комплектация: кондиционер-ополаскиватель - 1 штука | аромат: лаванда | название аромата: лавандовое поле | назначение средства для стирки: для белых тканей | состав: дистиллированная вода ˃30%, к-тензиды (растительного происхождения) 5-15%, парфюмерная композиция ""лаванда"" (масла лаванды, лавандина, бергамота, муската, шалфея) , пищевой краситель (кармуазин, бриллиантовый синий). | страна-изготовитель: россия | форма выпуска средства: жидкость",Название: synergetic / 1500мл кондиционер-ополаскиватель для белья лавандовое поле | высота упаковки: 24 см | длина упаковки: 13 см | ширина упаковки: 12 см | эффект средства: ароматизация; бережный уход; придание мягкости,"Категория: Бытовая химия
Название: synergetic кондиционер-ополаскиватель для белья ""лавандовое поле"", гипоаллергенный, 1500 мл
бренд: synergetic
артикул: fr-syne0029-1500-1-fr19p12
тип: кондиционер, ополаскиватель
объем, мл: 1500
комплектация: кондиционер-ополаскиватель - 1 штука
аромат: лаванда
единиц в одном товаре: 1
название аромата: лавандовое поле
назначение средства для стирки: для белых тканей
особенности применения: гипоаллергенность
состав: дистиллированная вода ˃30%, к-тензиды (растительного происхождения) 5-15%, парфюмерная композиция ""лаванда"" (масла лаванды, лавандина, бергамота, муската, шалфея) , пищевой краситель (кармуазин, бриллиантовый синий).
страна-изготовитель: россия
упаковка: бутыль
форма выпуска средства: жидкость
число стирок: 33","Категория: Бытовая химия
Название: synergetic / 1500мл кондиционер-ополаскиватель для белья лавандовое поле
валюта: rub
высота упаковки: 24 см
длина упаковки: 13 см
срок годности: 24 месяца
страна производства: россия
ширина упаковки: 12 см
эффект средства: ароматизация; бережный уход; придание мягкости"
113,94011,214748482568,764504262733,Галантерея и аксессуары,0.0,0.8519528000888387,FP,confident_minilm_v1_error,"зонт детский ""100% magic!"", my little pony, 8 спиц (диаметр) d: 70см","denco / зонт детский, my little pony, 8 спиц 70 см","Название: зонт детский ""100% magic!"", my little pony, 8 спиц (диаметр) d: 70см | бренд: hasbro | тип: зонт | длина в сложенном виде, см: 62 | вес товара, г: 175 | материал купола: пвх (поливинилхлорид) | комплектация: зонт детский 1шт (штука) | диаметр купола, см: 70 | количество спиц: 8 | страна-изготовитель: китай","Название: denco / зонт детский, my little pony, 8 спиц 70 см | тип зонта: трость | цвет: розовый | материал ручки зонта: abs-пластик | комплектация: зонт детский - 1 шт. | высота упаковки: 4 см | длина упаковки: 62 см | ширина упаковки: 7 см","Категория: Галантерея и аксессуары
Название: зонт детский ""100% magic!"", my little pony, 8 спиц (диаметр) d: 70см
бренд: hasbro
тип: зонт
длина в сложенном виде, см: 62
вес товара, г: 175
материал купола: пвх (поливинилхлорид)
комплектация: зонт детский 1шт (штука)
антишторм: нет
диаметр купола, см: 70
количество спиц: 8
коллекция: базовая коллекция
конструкция зонта: трость
механизм зонта: механика
пол: девочки
страна-изготовитель: китай
упаковка: пакет
целевая аудитория: детская","Категория: Галантерея и аксессуары
Название: denco / зонт детский, my little pony, 8 спиц 70 см
тип зонта: трость
цвет: розовый
материал ручки зонта: abs-пластик
комплектация: зонт детский - 1 шт.
валюта: rub
высота упаковки: 4 см
длина упаковки: 62 см
механизм складывания зонта: механика
страна производства: китай
ширина упаковки: 7 см"
114,180095,420906860652,8590023555,Галантерея и аксессуары,0.0,0.9465966750964616,FP,confident_minilm_v1_error,"krasnikova значок krasnikova, белый",krasnikova значок,"Название: krasnikova значок krasnikova, белый | тип: значок | цвет товара: цвет21 | материал: акрил | комплектация: значок 2 шт. | вставка: акрил, без вставок","Название: krasnikova значок | бренд: krasnikova | тип: значок | тип вставки: без вставок | вид замка: булавка | размеры, мм: 35 | вес товара, г: 30 | название цвета: цвет21 | цвет товара: белый | материал: акрил | комплектация: значок 2 шт. | вставка: акрил | количество в упаковке: 2 | страна-изготовитель: россия","Категория: Галантерея и аксессуары
Название: krasnikova значок krasnikova, белый
тип: значок
цвет товара: цвет21
материал: акрил
комплектация: значок 2 шт.
вставка: акрил, без вставок
коллекция: осень-зима 2023
крепление: булавка
отделка: без покрытия
пол: для девочек","Категория: Галантерея и аксессуары
Название: krasnikova значок
бренд: krasnikova
тип: значок
тип вставки: без вставок
вид замка: булавка
размеры, мм: 35
вес товара, г: 30
название цвета: цвет21
цвет товара: белый
материал: акрил
комплектация: значок 2 шт.
возраст украшения: современное
вставка: акрил
гарантийный срок: 12 месяцев
дизайн: подарок
количество в упаковке: 2
коллекция: осень-зима 2023
покрытие: без покрытия
пол: девочки
стиль украшения: повседневный
страна-изготовитель: россия
тематика: другое
упаковка: пакет
целевая аудитория: взрослая"
115,350515,816043917002,51539654936,Галантерея и аксессуары,0.0,0.5621765008857981,FP,confident_minilm_v1_error,"сумка на пояс ""marvel"", 25*6*13, отд на молнии, без подклада, красный","marvel / сумка поясная, 25х6х13 см, на молнии, мстители","Название: сумка на пояс ""marvel"", 25*6*13, отд на молнии, без подклада, красный | бренд: нет бренда | тип: сумка на пояс | цвет товара: разноцветный | материал: оксфорд | комплектация: сумка на пояс 1шт. | страна-изготовитель: китай","Название: marvel / сумка поясная, 25х6х13 см, на молнии, мстители | цвет: красный | материал изделия: текстиль | комплектация: 7728773/детские | 1 шт.","Категория: Галантерея и аксессуары
Название: сумка на пояс ""marvel"", 25*6*13, отд на молнии, без подклада, красный
бренд: нет бренда
тип: сумка на пояс
цвет товара: разноцветный
материал: оксфорд
комплектация: сумка на пояс 1шт.
коллекция: базовая коллекция
пол: мальчики
стиль: спорт
страна-изготовитель: китай","Категория: Галантерея и аксессуары
Название: marvel / сумка поясная, 25х6х13 см, на молнии, мстители
цвет: красный
материал изделия: текстиль
комплектация: 7728773/детские | 1 шт.
валюта: rub
страна производства: китай"
116,357624,833223794238,678604849952,Галантерея и аксессуары,0.0,0.6224593312018546,FP,lexical_surprise,"ремешок для часов ""соломон"" 14 мм, натуральная кожа, l-20 см, черный","соломон / ремешок для часов 'соломон' 14 мм, натуральная кожа, l-20 см","Название: ремешок для часов ""соломон"" 14 мм, натуральная кожа, l-20 см, черный | бренд: соломон | тип: ремешок для часов | вес товара, г: 10 | название цвета: ремешок для часов ""соломон"" 14 мм, натуральная кожа, l-20 см, черный | цвет товара: черный | комплектация: ремешок для наручных часов - 1 шт | длина ремешка, мм: 200 | страна-изготовитель: китай | ширина ремешка, мм: 14","Название: соломон / ремешок для часов 'соломон' 14 мм, натуральная кожа, l-20 см","Категория: Галантерея и аксессуары
Название: ремешок для часов ""соломон"" 14 мм, натуральная кожа, l-20 см, черный
бренд: соломон
тип: ремешок для часов
вес товара, г: 10
название цвета: ремешок для часов ""соломон"" 14 мм, натуральная кожа, l-20 см, черный
цвет товара: черный
комплектация: ремешок для наручных часов - 1 шт
браслет/ремешок: натуральная кожа
длина ремешка, мм: 200
коллекция: базовая коллекция
пол: мужской
страна-изготовитель: китай
упаковка: пакет
целевая аудитория: взрослая
ширина ремешка, мм: 14","Категория: Галантерея и аксессуары
Название: соломон / ремешок для часов 'соломон' 14 мм, натуральная кожа, l-20 см
валюта: rub
страна производства: китай"
117,3263,142672,584115671889,Детские товары,0.0,0.5,FP,confident_minilm_v1_error,"sluban / конструктор космические войны осада крепости, 501 деталь","конструктор космические войны осада крепости, 501 деталь","Название: sluban / конструктор космические войны осада крепости, 501 деталь | вес с упаковкой (кг): 0.795 кг | материал изделия: пластик | высота упаковки: 29 см | длина упаковки: 48 см | количество элементов: 501 | ширина упаковки: 7 см","Название: конструктор космические войны осада крепости, 501 деталь | бренд: denco store | артикул: 421903 | тип: конструктор пластиковый | название цвета: конструктор космические войны осада крепости, 501 деталь | страна-изготовитель: китай","Категория: Детские товары
Название: sluban / конструктор космические войны осада крепости, 501 деталь
вес с упаковкой (кг): 0.795 кг
материал изделия: пластик
валюта: rub
возрастные ограничения: от 6 лет
высота упаковки: 29 см
длина упаковки: 48 см
количество элементов: 501
страна производства: китай
ширина упаковки: 7 см","Категория: Детские товары
Название: конструктор космические войны осада крепости, 501 деталь
бренд: denco store
артикул: 421903
тип: конструктор пластиковый
название цвета: конструктор космические войны осада крепости, 501 деталь
максимальный возраст ребенка: до 18 лет
минимальный возраст ребенка: от 6 лет
страна-изготовитель: китай"
118,35204,77309509754,197568555685,Детские товары,0.0,0.5,FP,lexical_surprise,коляска прогулочная babalo future,babalo / коляска прогулочная babalo future 2024,Название: коляска прогулочная babalo future | бренд: babalo | страна бренда: китай | артикул: babalo23kyzyl | тип: коляска прогулочная | цвет товара: красный | количество колес: 4,"Название: babalo / коляска прогулочная babalo future 2024 | модель коляски: 2024 | тип колес: полиуретановые | цвет: черный, белый, красный | комплектация: дождевик; москитная сетка; накидка на ножки; рюкзак | высота упаковки: 25 см | длина упаковки: 65 см | доп. опции коляски: поворотные передние колеса; регулировка высоты ручки; регулировка наклона спинки | количество колес коляски: 4 | ширина упаковки: 45 см","Категория: Детские товары
Название: коляска прогулочная babalo future
бренд: babalo
страна бренда: китай
артикул: babalo23kyzyl
тип: коляска прогулочная
цвет товара: красный
возрастные группы: от 6 месяцев до 3 лет
количество колес: 4
максимальный возраст ребенка: до 3 лет
минимальный возраст ребенка: 6 месяцев
пол ребенка: унисекс
положение ребенка в коляске: регулируемое
сезонность: круглогодичные","Категория: Детские товары
Название: babalo / коляска прогулочная babalo future 2024
модель коляски: 2024
тип колес: полиуретановые
цвет: черный, белый, красный
комплектация: дождевик; москитная сетка; накидка на ножки; рюкзак
валюта: rub
возрастные ограничения: 6+
высота упаковки: 25 см
длина упаковки: 65 см
доп. опции коляски: поворотные передние колеса; регулировка высоты ручки; регулировка наклона спинки
количество колес коляски: 4
механизм складывания: книжка
система амортизации: пружины
страна производства: китай
ширина упаковки: 45 см"
119,193089,455266534459,420906851344,Детские товары,0.0,0.5926665999540697,FP,lexical_surprise,lego / конструктор железный человек: схватка с железным торговцем,конструктор lego super heroes железный человек: схватка с железным торговцем,Название: lego / конструктор железный человек: схватка с железным торговцем | артикул lego: лего марвел; lego marvel; lego dc | материал изделия: пластик; подарок | комплектация: конструктор железный человек | высота упаковки: 30 см | длина упаковки: 7 см | количество элементов: 497 элементов | серия конструктора: iron man; железный человек; super heroes | совместимость конструктора: лего; lego; creator ideas | ширина упаковки: 32 см,Название: конструктор lego super heroes железный человек: схватка с железным торговцем | бренд: нет бренда | артикул: 00-00090383 | тип: конструктор пластиковый,"Категория: Детские товары
Название: lego / конструктор железный человек: схватка с железным торговцем
артикул lego: лего марвел; lego marvel; lego dc
материал изделия: пластик; подарок
комплектация: конструктор железный человек
валюта: rub
высота упаковки: 30 см
длина упаковки: 7 см
количество элементов: 497 элементов
особенности конструктора: железный человек; марвел мстители; marvel
серия конструктора: iron man; железный человек; super heroes
совместимость конструктора: лего; lego; creator ideas
страна производства: китай
ширина упаковки: 32 см","Категория: Детские товары
Название: конструктор lego super heroes железный человек: схватка с железным торговцем
бренд: нет бренда
артикул: 00-00090383
тип: конструктор пластиковый
максимальный возраст ребенка: до 10 лет
минимальный возраст ребенка: от 1 года"
120,356831,833223762222,17179912869,Детские товары,0.0,0.7057850278370112,FP,confident_minilm_v1_error,"набор букв и цифр стамм касса (веер) гласные-согласные буквы и цифры вк12, 23х29 см, белый","веер-касса набор (3 веера) гласные-согласные буквы и цифры, вк12","Название: набор букв и цифр стамм касса (веер) гласные-согласные буквы и цифры вк12, 23х29 см, белый | тип: набор букв и цифр | размеры: 23x29 cм | вес: 157 г | материал: пластик, полипропилен | подробная комплектация: 3 веера - гласные, согласные буквы и цифры от 1 до 20 | количество: 3 шт.","Название: веер-касса набор (3 веера) гласные-согласные буквы и цифры, вк12 | бренд: стамм | тип: обучающая игра | название цвета: белый | цвет товара: белый | количество элементов, шт: 123 | страна-изготовитель: россия","Категория: Детские товары
Название: набор букв и цифр стамм касса (веер) гласные-согласные буквы и цифры вк12, 23х29 см, белый
тип: набор букв и цифр
размеры: 23x29 cм
вес: 157 г
материал: пластик, полипропилен
подробная комплектация: 3 веера - гласные, согласные буквы и цифры от 1 до 20
возраст: от 10 месяцев
количество: 3 шт.
тема изучения: цифры","Категория: Детские товары
Название: веер-касса набор (3 веера) гласные-согласные буквы и цифры, вк12
бренд: стамм
тип: обучающая игра
название цвета: белый
цвет товара: белый
количество элементов, шт: 123
максимальный возраст ребенка: до 18 лет
минимальный возраст ребенка: от 3 лет
пол ребенка: унисекс
страна-изготовитель: россия"
121,6700,8590062952,670015023150,Дом и сад,0.0,0.8519528000888387,FP,confident_minilm_v1_error,"kukmara / казан алюминиевый с антипригарным покрытием 3,5 л","kukmara, казан, 3,5 литров, стеклянная крышка, литые ручки, антипригарное покрытие, цвет чёрный","Название: kukmara / казан алюминиевый с антипригарным покрытием 3,5 л | объем казана: 3,5 л. | вес с упаковкой (кг): 2.2 кг | цвет: черный | материал посуды: литой алюминий | комплектация: казан - 1 шт. | высота упаковки: 13 см | длина упаковки: 36 см | ширина предмета: 26 см | ширина упаковки: 30 см","Название: kukmara, казан, 3,5 литров, стеклянная крышка, литые ручки, антипригарное покрытие, цвет чёрный | бренд: kukmara | артикул: sl-2467071-1-sl275p1-106 | тип: казан | вид блюда: плов | вид выпуска товара: фабричное производство | вид казана: узбекский | размер крышки, см: 26 | объем, л: 3.5 | цвет товара: черный | материал казана: алюминий | комплектация: казан 3,5 л, 1 штука | особенности посуды: крышка в комплекте | совместимые плиты: для газовых плит | страна-изготовитель: россия","Категория: Дом и сад
Название: kukmara / казан алюминиевый с антипригарным покрытием 3,5 л
объем казана: 3,5 л.
вес с упаковкой (кг): 2.2 кг
цвет: черный
материал посуды: литой алюминий
комплектация: казан - 1 шт.
валюта: rub
высота упаковки: 13 см
длина упаковки: 36 см
особенности сковород/кастрюль: с крышкой; с ручками
страна производства: россия
толщина стенок: 4 мм
ширина предмета: 26 см
ширина упаковки: 30 см","Категория: Дом и сад
Название: kukmara, казан, 3,5 литров, стеклянная крышка, литые ручки, антипригарное покрытие, цвет чёрный
бренд: kukmara
артикул: sl-2467071-1-sl275p1-106
тип: казан
вид блюда: плов
вид выпуска товара: фабричное производство
вид казана: узбекский
размер крышки, см: 26
объем, л: 3.5
цвет товара: черный
материал казана: алюминий
комплектация: казан 3,5 л, 1 штука
крышка: с крышкой
особенности посуды: крышка в комплекте
совместимые плиты: для газовых плит
страна-изготовитель: россия
упаковка: картонная коробка"
122,110891,257698122606,627065314213,Дом и сад,0.0,0.5312093733737563,FP,confident_minilm_v1_error,"семена репа ""петровская"", 1 г","урожай удачи семена репа ""петровская"" 1 гр","Название: семена репа ""петровская"", 1 г | бренд: нет бренда | артикул: vp2746572 | тип: семена | комплектация: изделие в упаковке | страна-изготовитель: россия","Название: урожай удачи семена репа ""петровская"" 1 гр | вес упаковки: 1 г | посадочный материал: семена","Категория: Дом и сад
Название: семена репа ""петровская"", 1 г
бренд: нет бренда
артикул: vp2746572
тип: семена
комплектация: изделие в упаковке
страна-изготовитель: россия","Категория: Дом и сад
Название: урожай удачи семена репа ""петровская"" 1 гр
вес упаковки: 1 г
посадочный материал: семена
дополнительная информация: скорость созревания: раннеспелый;
культура: овощи
сорт: гибридный"
123,183581,429496787375,326417625836,Дом и сад,0.0,0.8807970826714613,FP,confident_minilm_v1_error,"шланг поливочный армированный, 3-х слойный, 3/4"", 50 м, luxe palisad",palisad / шланг поливочный армированный 3-х слойный 3/4 50 м luxe,"Название: шланг поливочный армированный, 3-х слойный, 3/4"", 50 м, luxe palisad | бренд: palisad | артикул: mi67022 | тип: шланг поливочный | вид садового шланга: поливочный | цвет товара: синий | материал: пвх (поливинилхлорид) | комплектация: шланг - 1 шт | диаметр шланга, дюйм: 3/4"" | диаметр шланга, мм: 19 | длина, м: 50 | страна-изготовитель: китай",Название: palisad / шланг поливочный армированный 3-х слойный 3/4 50 м luxe | вес с упаковкой (кг): 12.7 кг,"Категория: Дом и сад
Название: шланг поливочный армированный, 3-х слойный, 3/4"", 50 м, luxe palisad
бренд: palisad
артикул: mi67022
тип: шланг поливочный
вид садового шланга: поливочный
цвет товара: синий
материал: пвх (поливинилхлорид)
комплектация: шланг - 1 шт
гарантийный срок: 1 год
дальность полива, м: 5
диаметр шланга, дюйм: 3/4""
диаметр шланга, мм: 19
длина, м: 50
единиц в одном товаре: 1
макс. давление, бар: 40
особенности шланга: армированное строение
страна-изготовитель: китай","Категория: Дом и сад
Название: palisad / шланг поливочный армированный 3-х слойный 3/4 50 м luxe
вес с упаковкой (кг): 12.7 кг
валюта: rub"
124,210164,489626378253,171798700378,Дом и сад,0.0,0.6224593312018546,FP,lexical_surprise,"без бренда семена цветов цветочная смесь задушевный разговор, 6 шт / по 3 уп","семена цветов цветочная смесь задушевный разговор, 6 шт 6 упаковок","Название: без бренда семена цветов цветочная смесь задушевный разговор, 6 шт / по 3 уп | посадочный материал: семена","Название: семена цветов цветочная смесь задушевный разговор, 6 шт 6 упаковок | бренд: нет бренда | артикул: бигс9395784~6 | тип: семена | комплектация: семена цветов цветочная смесь задушевный разговор, 6 шт 6 комплектов | количество заводских упаковок: 6 | страна-изготовитель: россия","Категория: Дом и сад
Название: без бренда семена цветов цветочная смесь задушевный разговор, 6 шт / по 3 уп
посадочный материал: семена
жизненный цикл: однолетнее","Категория: Дом и сад
Название: семена цветов цветочная смесь задушевный разговор, 6 шт 6 упаковок
бренд: нет бренда
артикул: бигс9395784~6
тип: семена
комплектация: семена цветов цветочная смесь задушевный разговор, 6 шт 6 комплектов
количество заводских упаковок: 6
страна-изготовитель: россия"
125,216327,506806180905,25769953181,Дом и сад,0.0,0.6791786926816161,FP,confident_minilm_v1_error,"ключница настенная с 4 крюч., 1 шт",ключница фамильная глуховы / ключница настенная,"Название: ключница настенная с 4 крюч., 1 шт | бренд: нет бренда | артикул: ключница фамильная карасев | тип: ключница настенная | вид выпуска товара: фабричное производство | цвет товара: красный | материал: фанера | комплектация: ключница - 1 шт. | высота, см: 6 | длина, см: 31.5 | количество крючков, шт: 4 | страна-изготовитель: россия | ширина, см: 36","Название: ключница фамильная глуховы / ключница настенная | цвет: красное дерево, натуральный | материал изделия: фанера - 3 мм | комплектация: ключница - 1 шт | высота предмета: 31.5 см | количество крючков: 4 шт. | ширина предмета: 36 см","Категория: Дом и сад
Название: ключница настенная с 4 крюч., 1 шт
бренд: нет бренда
артикул: ключница фамильная карасев
тип: ключница настенная
вид выпуска товара: фабричное производство
цвет товара: красный
материал: фанера
комплектация: ключница - 1 шт.
высота, см: 6
длина, см: 31.5
единиц в одном товаре: 1
количество крючков, шт: 4
особенности ключницы: с крючками
страна-изготовитель: россия
ширина, см: 36","Категория: Дом и сад
Название: ключница фамильная глуховы / ключница настенная
цвет: красное дерево, натуральный
материал изделия: фанера - 3 мм
комплектация: ключница - 1 шт
валюта: rub
высота предмета: 31.5 см
глубина предмета: 6 см
количество крючков: 4 шт.
страна производства: россия
ширина предмета: 36 см"
126,244663,575525622128,111669204008,Дом и сад,0.0,0.5312093733737563,FP,confident_minilm_v1_error,"медаль юбилейная с лентой '80 лет. красная', d 70 мм","noname медаль юбилейная с лентой ""80 лет. красная"", d = 70 мм","Название: медаль юбилейная с лентой '80 лет. красная', d 70 мм | бренд: нет бренда | артикул: 6624128 | тип: кубок | вид выпуска товара: фабричное производство | цвет товара: разноцветный | материал: бумага | высота, см: 15 | длина, см: 15 | ширина, см: 9","Название: noname медаль юбилейная с лентой ""80 лет. красная"", d = 70 мм | цвет товара: красный | материал: бумага, металл, текстиль | диаметр: 7 см","Категория: Дом и сад
Название: медаль юбилейная с лентой '80 лет. красная', d 70 мм
бренд: нет бренда
артикул: 6624128
тип: кубок
вид выпуска товара: фабричное производство
цвет товара: разноцветный
материал: бумага
высота, см: 15
длина, см: 15
праздник: день рождения
ширина, см: 9","Категория: Дом и сад
Название: noname медаль юбилейная с лентой ""80 лет. красная"", d = 70 мм
цвет товара: красный
материал: бумага, металл, текстиль
диаметр: 7 см
повод: юбилей"
127,276850,644245226971,764504223247,Дом и сад,0.0,0.5926665999540697,FP,confident_minilm_v1_error,зубр / газонокосилка бесщеточная зубр гкл-4336-42,бесщеточная аккумуляторная газонокосилка зубр 36 в 2 акб и зу гкл-4336-42+перчатки с пвх,Название: зубр / газонокосилка бесщеточная зубр гкл-4336-42 | модель: гкл-4336-42 | тип аккумулятора: li-ion | тип выброса травы: задний; в травосборник | тип газонокосилки: аккумуляторная; несамоходная | тип передвижения: несамоходная; колесная | тип травосборника: мягкий | вес без упаковки (кг): 15 кг | вес с упаковкой (кг): 18 кг | высота предмета: 40 см | высота скашивания максимальная: 7 мм | высота скашивания минимальная: 2 мм | высота упаковки: 40 см | длина упаковки: 81 см | количество аккумуляторов в комплекте: 2 - шт | мощность устройства: 36 в,"Название: бесщеточная аккумуляторная газонокосилка зубр 36 в 2 акб и зу гкл-4336-42+перчатки с пвх | бренд: зубр | артикул: 495271 | тип: газонокосилка аккумуляторная | тип аккумулятора: li-ion | тип двигателя: электродвигатель | тип питания: от аккумулятора | тип сцепления: ременное | вид газонокосилки: несамоходная | объем травосборника, л: 55 | вес, кг: 15 | цвет товара: зеленый | комплектация: газонокосилка аккумулятор - 2 шт. зарядное устройство - 1 шт. травосборник - 1 шт. нож - 1 шт. вставка для мульчирования - 1 шт. рукоятка нижняя - 1 шт. рукоятка верхняя - 1 шт. кабельный прижим - 2 шт. крепеж - 1 комплект | макс. высота среза травы, см: 7.5 | мин. высота среза травы, см: 2.5 | напряжение аккумулятора: 18 в","Категория: Дом и сад
Название: зубр / газонокосилка бесщеточная зубр гкл-4336-42
модель: гкл-4336-42
тип аккумулятора: li-ion
тип выброса травы: задний; в травосборник
тип газонокосилки: аккумуляторная; несамоходная
тип передвижения: несамоходная; колесная
тип травосборника: мягкий
вес без упаковки (кг): 15 кг
вес с упаковкой (кг): 18 кг
бензиновый двигатель: нет
валюта: rub
вместимость травосборника: 55 л
высота предмета: 40 см
высота скашивания максимальная: 7 мм
высота скашивания минимальная: 2 мм
высота упаковки: 40 см
гарантийный срок: 5 лет
глубина предмета: 81 см
длина упаковки: 81 см
емкость аккумулятора: 4.0 а·ч.
количество аккумуляторов в комплекте: 2 - шт
мощность устройства: 36 в
напряжение: 36 в
питание: от аккумулятора
режущая система: нож
страна производства: китай
ширина предмета: 48 см
ширина скашивания (см): 43
ширина упаковки: 49 см","Категория: Дом и сад
Название: бесщеточная аккумуляторная газонокосилка зубр 36 в 2 акб и зу гкл-4336-42+перчатки с пвх
бренд: зубр
артикул: 495271
тип: газонокосилка аккумуляторная
тип аккумулятора: li-ion
тип двигателя: электродвигатель
тип питания: от аккумулятора
тип сцепления: ременное
вид газонокосилки: несамоходная
объем травосборника, л: 55
вес, кг: 15
цвет товара: зеленый
комплектация: газонокосилка аккумулятор - 2 шт. зарядное устройство - 1 шт. травосборник - 1 шт. нож - 1 шт. вставка для мульчирования - 1 шт. рукоятка нижняя - 1 шт. рукоятка верхняя - 1 шт. кабельный прижим - 2 шт. крепеж - 1 комплект
время работы от аккумулятора, ч.: 1.5
габариты (дхшхв, см): 81х48х40
газонокосилка-робот: нет
гарантия: 1 год
макс. высота среза травы, см: 7.5
макс. емкость аккумулятора, а•ч: 4
мин. высота среза травы, см: 2.5
напряжение аккумулятора: 18 в
оснастка: газонокосилка
особенности: аккумулятор в комплекте
привод газонокосилки: прямой
режущий элемент триммера: нож
самоходность: нет
способ питания: от аккумулятора
страна-изготовитель: китай
ширина обработки, см: 43"
128,340921,798863944815,17179883785,Дом и сад,0.0,0.798186775339273,FP,confident_minilm_v1_error,"постер на экокоже 60x100 linxone ""природа, пейзаж, натура, флора 17993"" интерьерная","linxone / постер на экокоже, природа 60х100","Название: постер на экокоже 60x100 linxone ""природа, пейзаж, натура, флора 17993"" интерьерная | бренд: linxone | артикул: п_015020m2s3 | тип: картина | вид выпуска товара: фабричное производство | название цвета: постер на экокоже | материал: экокожа | комплектация: в комплект входит:<br>- картина &#34;природа, пейзаж, натура, флора 17&#34; (1 шт.);<br>- подрамник (1 шт.);<br>- настенное крепление (1 шт.). | длина большей стороны, см: 100 | длина меньшей стороны, см: 60 | название принта: природа, пейзаж, натура, флора 17 | страна-изготовитель: россия | ширина рамы, см: 2","Название: linxone / постер на экокоже, природа 60х100 | комплектация: картина (1 шт.); подрамник (1 шт.); настенное крепление (1 шт.). | высота упаковки: 60 см | длина упаковки: 100 см | ширина упаковки: 2 см","Категория: Дом и сад
Название: постер на экокоже 60x100 linxone ""природа, пейзаж, натура, флора 17993"" интерьерная
бренд: linxone
артикул: п_015020m2s3
тип: картина
вид выпуска товара: фабричное производство
название цвета: постер на экокоже
материал: экокожа
комплектация: в комплект входит:<br>- картина &#34;природа, пейзаж, натура, флора 17&#34; (1 шт.);<br>- подрамник (1 шт.);<br>- настенное крепление (1 шт.).
длина большей стороны, см: 100
длина меньшей стороны, см: 60
жанр картины: природа
название принта: природа, пейзаж, натура, флора 17
оформление: без рамы
страна-изготовитель: россия
техника исполнения: печать
ширина рамы, см: 2","Категория: Дом и сад
Название: linxone / постер на экокоже, природа 60х100
комплектация: картина (1 шт.); подрамник (1 шт.); настенное крепление (1 шт.).
валюта: rub
высота упаковки: 60 см
длина упаковки: 100 см
страна производства: россия
ширина упаковки: 2 см"
129,193440,455266551090,171798791469,Канцелярские товары,0.0,0.8519528000888387,FP,confident_minilm_v1_error,"рюкзак школьный с эргономической спинкой, 37х26х15 см, человек-паук",рюкзак marvel школьный с эргономической спинкой 37х26х15 см человек-паук,"Название: рюкзак школьный с эргономической спинкой, 37х26х15 см, человек-паук | бренд: marvel | тип: ранец школьный | цвет товара: разноцветный | страна-изготовитель: китай","Название: рюкзак marvel школьный с эргономической спинкой 37х26х15 см человек-паук | тип рюкзака/аксессуара: рюкзак | вес упаковки, кг: 0.48 | высота упаковки, см: 4 | высота, см: 37 | длина упаковки, см: 37 | длина, см: 15 | ширина упаковки, см: 26 | ширина, см: 26","Категория: Канцелярские товары
Название: рюкзак школьный с эргономической спинкой, 37х26х15 см, человек-паук
бренд: marvel
тип: ранец школьный
цвет товара: разноцветный
пол ребенка: унисекс
страна-изготовитель: китай","Категория: Канцелярские товары
Название: рюкзак marvel школьный с эргономической спинкой 37х26х15 см человек-паук
тип рюкзака/аксессуара: рюкзак
вес упаковки, кг: 0.48
возрастная группа: дошкольники (3-6)
высота упаковки, см: 4
высота, см: 37
длина упаковки, см: 37
длина, см: 15
дно: текстильное
нагрудный ремень: нет
поясной ремень: нет
светоотражатели: нет
страна производства: китай
число отделений: 2
ширина упаковки, см: 26
ширина, см: 26"
130,263820,618475331693,489626374795,Канцелярские товары,0.0,0.5,FP,confident_minilm_v1_error,"штемпельная подушка trodat, 110x70 мм, фиолетовая краска, 9052ф","trodat / настольная штемпельная подушка trodat 9052, 110х70 мм.","Название: штемпельная подушка trodat, 110x70 мм, фиолетовая краска, 9052ф | бренд: trodat | тип: оснастка для штампов | страна-изготовитель: австрия","Название: trodat / настольная штемпельная подушка trodat 9052, 110х70 мм. | материал изделия: штемпельный материал, пластик | комплектация: подушка 1 шт. | высота предмета: 110 см | ширина предмета: 110 см","Категория: Канцелярские товары
Название: штемпельная подушка trodat, 110x70 мм, фиолетовая краска, 9052ф
бренд: trodat
тип: оснастка для штампов
страна-изготовитель: австрия","Категория: Канцелярские товары
Название: trodat / настольная штемпельная подушка trodat 9052, 110х70 мм.
материал изделия: штемпельный материал, пластик
комплектация: подушка 1 шт.
валюта: rub
высота предмета: 110 см
страна производства: австрия
ширина предмета: 110 см"
131,342408,798864009307,584115620649,Канцелярские товары,0.0,0.5926665999540697,FP,confident_minilm_v1_error,калькулятор attache настольный компактный 12ти разрядный черный 1 шт,"калькулятор настольный attache 12 разрядный, черный","Название: калькулятор attache настольный компактный 12ти разрядный черный 1 шт | вес упаковки, кг: 0.16 | высота упаковки, см: 5.2 | длина упаковки, см: 17.3 | ширина упаковки, см: 12.3","Название: калькулятор настольный attache 12 разрядный, черный | бренд: attache | тип: настольный калькулятор","Категория: Канцелярские товары
Название: калькулятор attache настольный компактный 12ти разрядный черный 1 шт
вес упаковки, кг: 0.16
высота упаковки, см: 5.2
длина упаковки, см: 17.3
страна производства: китай
ширина упаковки, см: 12.3","Категория: Канцелярские товары
Название: калькулятор настольный attache 12 разрядный, черный
бренд: attache
тип: настольный калькулятор"
132,314938,738734377933,627065271751,Красота и гигиена,0.0,0.9046505376715775,FP,confident_minilm_v1_error,"салфетки бумажные страна карнавалия ""елка"", 20 шт, 33х33 см",салфетки бумажные страна карнавалия бумажные «ёлочка» набор 20 шт 33х33 см,"Название: салфетки бумажные страна карнавалия ""елка"", 20 шт, 33х33 см | бренд: страна карнавалия | тип: бумажные салфетки | страна-изготовитель: китай","Название: салфетки бумажные страна карнавалия бумажные «ёлочка» набор 20 шт 33х33 см | тип салфеток/бумаги: бумажные салфетки | вес упаковки, кг: 0.077 | высота упаковки, см: 16.5 | длина упаковки, см: 1.0 | ширина упаковки, см: 16.5","Категория: Красота и гигиена
Название: салфетки бумажные страна карнавалия ""елка"", 20 шт, 33х33 см
бренд: страна карнавалия
тип: бумажные салфетки
страна-изготовитель: китай","Категория: Красота и гигиена
Название: салфетки бумажные страна карнавалия бумажные «ёлочка» набор 20 шт 33х33 см
тип салфеток/бумаги: бумажные салфетки
вес упаковки, кг: 0.077
высота упаковки, см: 16.5
длина упаковки, см: 1.0
страна производства: китай
ширина упаковки, см: 16.5"
133,315175,738734387988,120259132453,Красота и гигиена,0.0,0.6791786926816161,FP,confident_minilm_v1_error,сибирское здоровь(e) / бальзам широкого спектра действия - корень,"бальзам широкого спектра действия ""корень"", 250 мл (темная упаковка)",Название: сибирское здоровь(e) / бальзам широкого спектра действия - корень | объем товара: 250 мл | комплектация: бальзам корень - широкого спектра действия 250 мл - 1 шт. | состав: травы 100%,"Название: бальзам широкого спектра действия ""корень"", 250 мл (темная упаковка) | бренд: сибирское здоровь(е) | тип: крем массажный | объем, мл: 250 | вес, г: 290 | аромат: сибирские экстракты | особенности состава: натуральные экстракты | применение: массаж | состав: активные компоненты: живица сосновая, пихтовое масло, масло эвкалипта, камфора, масло облепихи, экстракт зверобоя, экстракт чаги, экстракт хмеля, экстракт бадана, экстракт коры дуба, экстракт крапивы, экстракт лапчатки, экстракт мать-и-мачехи, экстракт пиона, экстракт донника, экстракт дягиля, экстракт солянки холмовой, экстракт чабреца. ингредиенты: вода, масло пихтовое эфирное, камфора, глицерин, акрилоилдиметил таурат аммония/винилпирролидон сополимер**, живица сосновая, бензиловый спирт**, ксантановая камедь, глицерил лаурат, масло облепихи, масло эвкалипта эфирное, экстракт зверобоя, сахарозы лаурат, экстракт чаги, экстракт хмеля, экстракт бадана, экстракт коры дуба, экстракт крапивы, экстракт лапчатки, экстракт мать-и-мачехи, экстракт пиона, экстракт донника, экстракт дягиля, экстракт солянки холмовой, экстракт чабреца. | способ применения: небольшое количество бальзама нанести на кожу и распределить легкими массажными движениями. только для наружного применения! один бальзам – множество решений! простуда и орви • для облегчения дыхания смазывайте крылья носа. • при появлении первых симптомов простуды добавьте 20–30 капель бальзама в 2 л горячей воды и прогрейте ноги в течение 10–15 минут. вытрите кожу насухо и наденьте теплые носки. • при повышенной температуре натрите бальзамом грудную клетку и спину от поясницы и выше, укутайтесь одеялом. повторяйте 2-3 раза в день. • при кашле и боли в горле втирайте бальзам массажными движениями в область грудной клетки. повторяйте 2-3 раза в день. мышцы и суставы • после интенсивной тренировки натрите тело бальзамом для снятия эффекта «перетренированных мышц». • при дискомфорте в пояснице, шее или в суставах нанесите бальзам на тело массажными движениями. другие способы применения • при раздражении на коже, ссадинах, порезах, неглубоких травмах и укусах насекомых используйте бальзам 5–7 раз в день. • при головной боли и чувстве перенапряжения нанесите бальзам на область висков, слегка массируя кожу. повторяйте по мере необходимости. • при переохлаждении разотрите кисти рук и стопы с использованием бальзама. перед применением рекомендуем протестировать косметическое средство на локтевом сгибе руки – возможное проявление кожных реакций обусловлено индивидуальной непереносимостью компонентов, входящих в состав. | страна-изготовитель: россия","Категория: Красота и гигиена
Название: сибирское здоровь(e) / бальзам широкого спектра действия - корень
объем товара: 250 мл
комплектация: бальзам корень - широкого спектра действия 250 мл - 1 шт.
валюта: rub
действие: снимает воспаление и аллергические реакции
состав: травы 100%
страна производства: россия","Категория: Красота и гигиена
Название: бальзам широкого спектра действия ""корень"", 250 мл (темная упаковка)
бренд: сибирское здоровь(е)
тип: крем массажный
объем, мл: 250
вес, г: 290
spf: spf 15+
аромат: сибирские экстракты
бьюти-ингредиент: растительный экстракт
возрастной диапазон: от 18 лет
единиц в одном товаре: 1
область использования: тело
особенности состава: натуральные экстракты
пол: девочки
применение: массаж
состав: активные компоненты: живица сосновая, пихтовое масло, масло эвкалипта, камфора, масло облепихи, экстракт зверобоя, экстракт чаги, экстракт хмеля, экстракт бадана, экстракт коры дуба, экстракт крапивы, экстракт лапчатки, экстракт мать-и-мачехи, экстракт пиона, экстракт донника, экстракт дягиля, экстракт солянки холмовой, экстракт чабреца. ингредиенты: вода, масло пихтовое эфирное, камфора, глицерин, акрилоилдиметил таурат аммония/винилпирролидон сополимер**, живица сосновая, бензиловый спирт**, ксантановая камедь, глицерил лаурат, масло облепихи, масло эвкалипта эфирное, экстракт зверобоя, сахарозы лаурат, экстракт чаги, экстракт хмеля, экстракт бадана, экстракт коры дуба, экстракт крапивы, экстракт лапчатки, экстракт мать-и-мачехи, экстракт пиона, экстракт донника, экстракт дягиля, экстракт солянки холмовой, экстракт чабреца.
способ применения: небольшое количество бальзама нанести на кожу и распределить легкими массажными движениями. только для наружного применения! один бальзам – множество решений! простуда и орви • для облегчения дыхания смазывайте крылья носа. • при появлении первых симптомов простуды добавьте 20–30 капель бальзама в 2 л горячей воды и прогрейте ноги в течение 10–15 минут. вытрите кожу насухо и наденьте теплые носки. • при повышенной температуре натрите бальзамом грудную клетку и спину от поясницы и выше, укутайтесь одеялом. повторяйте 2-3 раза в день. • при кашле и боли в горле втирайте бальзам массажными движениями в область грудной клетки. повторяйте 2-3 раза в день. мышцы и суставы • после интенсивной тренировки натрите тело бальзамом для снятия эффекта «перетренированных мышц». • при дискомфорте в пояснице, шее или в суставах нанесите бальзам на тело массажными движениями. другие способы применения • при раздражении на коже, ссадинах, порезах, неглубоких травмах и укусах насекомых используйте бальзам 5–7 раз в день. • при головной боли и чувстве перенапряжения нанесите бальзам на область висков, слегка массируя кожу. повторяйте по мере необходимости. • при переохлаждении разотрите кисти рук и стопы с использованием бальзама. перед применением рекомендуем протестировать косметическое средство на локтевом сгибе руки – возможное проявление кожных реакций обусловлено индивидуальной непереносимостью компонентов, входящих в состав.
страна-изготовитель: россия
упаковка: флакон
целевая аудитория: взрослая
эффект от использования уходовой косметики: антицеллюлитный"
134,330943,773094171688,532575999731,Красота и гигиена,0.0,0.8933094110250331,FP,confident_minilm_v1_error,"dockland средство для бритья, 200 мл","dockland / гель для бритья для чувствительной кожи, 200 мл, sensitive","Название: dockland средство для бритья, 200 мл | бренд: dockland | тип: средство для бритья | тип кожи: для чувствительной кожи | объем, мл: 200 | состав: аннотация | страна-изготовитель: россия","Название: dockland / гель для бритья для чувствительной кожи, 200 мл, sensitive | комплектация: гель для бритья - 1 шт","Категория: Красота и гигиена
Название: dockland средство для бритья, 200 мл
бренд: dockland
тип: средство для бритья
тип кожи: для чувствительной кожи
объем, мл: 200
единиц в одном товаре: 1
пол: мужской
состав: аннотация
страна-изготовитель: россия","Категория: Красота и гигиена
Название: dockland / гель для бритья для чувствительной кожи, 200 мл, sensitive
комплектация: гель для бритья - 1 шт
валюта: rub
страна производства: россия"
135,341874,798863986548,8590080888,Красота и гигиена,0.0,0.5926665999540697,FP,lexical_surprise,"ириска - пудра для волос аурасо, для создания быстрого прикорневого объема, универсальная, парфюмированная, натуральная, унисекс, 20 гр","аурасо камфора и ирис - пудра для волос аурасо, для создания быстрого прикорневого объема, универсальная, парфюмированная, натуральная, унисекс, 20 гр","Название: ириска - пудра для волос аурасо, для создания быстрого прикорневого объема, универсальная, парфюмированная, натуральная, унисекс, 20 гр | бренд: аурасо | тип: пудра для укладки волос | тип волос: для всех типов волос | объем, мл: 30 | особенности состава: без аммиака | состав: маисовый крахмал, чайная сода, 100 % натуральное эфирное масло | способ применения: нанесите небольшое количество пудры на сухие волосы и равномерно распределите по проборам массирующими движениями, начиная с прикорневой зоны. для большего объема нанесите пудру на волосы несколько раз. для создания текстуры распределите пудру непосредственно на пряди. | эффект: объем","Название: аурасо камфора и ирис - пудра для волос аурасо, для создания быстрого прикорневого объема, универсальная, парфюмированная, натуральная, унисекс, 20 гр | страна бренда: италия | тип волос: для всех типов | объем: 30 мл | вес: 20 г | состав: маисовый крахмал, чайная сода, 100 % натуральное эфирное масло | способ применения: нанесите небольшое количество пудры на сухие волосы и равномерно распределите по проборам массирующими движениями, начиная с прикорневой зоны. для большего объема нанесите пудру на волосы несколько раз. для создания текстуры распределите пудру непосредственно на пряди. | эффект: объемсоздание локоновстайлингтекстурирование","Категория: Красота и гигиена
Название: ириска - пудра для волос аурасо, для создания быстрого прикорневого объема, универсальная, парфюмированная, натуральная, унисекс, 20 гр
бренд: аурасо
тип: пудра для укладки волос
тип волос: для всех типов волос
объем, мл: 30
единиц в одном товаре: 1
особенности состава: без аммиака
пол: женский
состав: маисовый крахмал, чайная сода, 100 % натуральное эфирное масло
способ применения: нанесите небольшое количество пудры на сухие волосы и равномерно распределите по проборам массирующими движениями, начиная с прикорневой зоны. для большего объема нанесите пудру на волосы несколько раз. для создания текстуры распределите пудру непосредственно на пряди.
упаковка: банка металлическая
эффект: объем","Категория: Красота и гигиена
Название: аурасо камфора и ирис - пудра для волос аурасо, для создания быстрого прикорневого объема, универсальная, парфюмированная, натуральная, унисекс, 20 гр
страна бренда: италия
тип волос: для всех типов
объем: 30 мл
вес: 20 г
профессиональное средство: да
состав: маисовый крахмал, чайная сода, 100 % натуральное эфирное масло
способ применения: нанесите небольшое количество пудры на сухие волосы и равномерно распределите по проборам массирующими движениями, начиная с прикорневой зоны. для большего объема нанесите пудру на волосы несколько раз. для создания текстуры распределите пудру непосредственно на пряди.
средство: пудра
срок годности: 5 лет
эффект: объемсоздание локоновстайлингтекстурирование"
136,52734,120259172961,197568615716,Мебель,0.0,0.7310585786300049,FP,lexical_surprise,"лига диванов кухонный угловой диван альфа правый угол, микровельвет желтый и коричневый","кухонный угловой диван альфа правый угол, микровельвет коричневый","Название: лига диванов кухонный угловой диван альфа правый угол, микровельвет желтый и коричневый | тип: кухонный уголок | цвет товара: желтый/коричневый | материал каркаса: дсп, лдсп | высота сиденья: 47 см | состав комплекта: угловой диван | ширина сиденья: 145 см","Название: кухонный угловой диван альфа правый угол, микровельвет коричневый | бренд: лига диванов | артикул: 116707 | тип: кухонный уголок | тип матраса: беспружинный | вид выпуска товара: фабричное производство | вид раскладывания: нераскладной | вес товара, г: 65000 | название цвета: коричневый | цвет товара: коричневый | материал корпуса: лдсп | материал наполнителя: пенополиуретан | материал обивки: микровельвет | высота сиденья, см: 47 | высота спинки, см: 30 | высота, см: 77","Категория: Мебель
Название: лига диванов кухонный угловой диван альфа правый угол, микровельвет желтый и коричневый
тип: кухонный уголок
цвет товара: желтый/коричневый
материал каркаса: дсп, лдсп
высота сиденья: 47 см
глубина сиденья: 38 см
максимальная нагрузка: 100 кг
обивка: текстиль
расположение угла: справа
состав комплекта: угловой диван
угловой: да
ширина сиденья: 145 см
ящик для хранения: есть","Категория: Мебель
Название: кухонный угловой диван альфа правый угол, микровельвет коричневый
бренд: лига диванов
артикул: 116707
тип: кухонный уголок
тип матраса: беспружинный
вид выпуска товара: фабричное производство
вид раскладывания: нераскладной
вес товара, г: 65000
название цвета: коричневый
цвет товара: коричневый
материал корпуса: лдсп
материал наполнителя: пенополиуретан
материал обивки: микровельвет
высота сиденья, см: 47
высота спинки, см: 30
высота, см: 77
гарантийный срок: 18 месяцев
глубина сиденья, см: 38
глубина, см: 124
исполнение: деревянное
комната: кухня
конструктивные особенности: ортопедические свойства
макс. нагрузка, кг: 100
назначение (помещение): для дома
ориентация: правый
рисунок на обивке: без рисунка
состав комплекта: угловой диван
стиль дизайна: классический
страна-изготовитель: россия
форма поставки: в разобранном виде
ширина сиденья, см: 145
ширина спинки, см: 145
ширина, см: 155"
137,134460,317827593180,704374694566,Мебель,0.0,0.6513548714339145,FP,lexical_surprise,alat home / стул мягкий со спинкой,стул мягкий alat home со спинкой,Название: alat home / стул мягкий со спинкой | вес с упаковкой (кг): 3.25 кг | цвет: зеленый | материал изделия: металл | материал обивки: микровелюр | комплектация: стул - 1 шт. | высота предмета: 89 см | высота упаковки: 51 см | длина упаковки: 70 см | количество в комплекте: 1 шт. | ширина предмета: 43 см | ширина упаковки: 52 см,"Название: стул мягкий alat home со спинкой | бренд: нет бренда | артикул: 00-00058121]dic | тип: стул | вид выпуска товара: фабричное производство | вес товара, г: 3250 | название цвета: latte | образец цвета: https://cdn1.ozone.ru/s3/multimedia-t/6845534669.jpg | цвет товара: коричневый | материал корпуса: металл | материал наполнителя: поролон | материал обивки: микровелюр | комплектация: стул - 1 шт. | высота спинки, см: 45 | высота, см: 89 | количество в комплекте, шт.: 1","Категория: Мебель
Название: alat home / стул мягкий со спинкой
вес с упаковкой (кг): 3.25 кг
цвет: зеленый
материал изделия: металл
материал обивки: микровелюр
комплектация: стул - 1 шт.
валюта: rub
высота предмета: 89 см
высота упаковки: 51 см
глубина предмета: 58 см
длина упаковки: 70 см
количество в комплекте: 1 шт.
нагрузка максимальная: 120 кг
наличие подлокотников: нет
наполнитель: поролон
складной: нет
стиль дизайна: лофт; современный; классический
страна производства: россия
требуется сборка: да
ширина предмета: 43 см
ширина упаковки: 52 см","Категория: Мебель
Название: стул мягкий alat home со спинкой
бренд: нет бренда
артикул: 00-00058121]dic
тип: стул
вид выпуска товара: фабричное производство
вес товара, г: 3250
название цвета: latte
образец цвета: https://cdn1.ozone.ru/s3/multimedia-t/6845534669.jpg
цвет товара: коричневый
материал корпуса: металл
материал наполнителя: поролон
материал обивки: микровелюр
комплектация: стул - 1 шт.
высота спинки, см: 45
высота, см: 89
гарантийный срок: 12 месяцев
глубина сиденья, см: 58
глубина, см: 58
исполнение: тканевое
количество в комплекте, шт.: 1
макс. нагрузка, кг: 120
назначение (помещение): для дачи
особенности: без подлокотников
покрытие корпуса: матовое
регулируемая спинка: нет
рисунок на обивке: однотонный
с подлокотниками: нет
стиль дизайна: классический
страна-изготовитель: россия
форма поставки: в разобранном виде
ширина сиденья, см: 43
ширина, см: 43"
138,175760,412316896352,60129613871,Мебель,0.0,0.5312093733737563,FP,lexical_surprise,"bauedge тумба bau dream blackwood 60 правая, графит, раковина bau crystal 40х40, смеситель для раковины высокий hotel still, нержавеющая сталь, выпуск клик клак, хром","тумба bau dream blackwood 60 правая, раковина bau crystal 40х40, смеситель для раковины высокий hotel still, нержавеющая сталь","Название: bauedge тумба bau dream blackwood 60 правая, графит, раковина bau crystal 40х40, смеситель для раковины высокий hotel still, нержавеющая сталь, выпуск клик клак, хром | тип товара: тумба | цвет товара: хром | материал корпуса: лдсп, мдф | материал фасада: лдсп | конструкция тумбы: подвесная | линейка: dream | раковина в комплекте: есть","Название: тумба bau dream blackwood 60 правая, раковина bau crystal 40х40, смеситель для раковины высокий hotel still, нержавеющая сталь | бренд: bauedge | артикул: sd3284 | тип: тумба с раковиной | тип открывания дверей: открывающиеся вправо | вид выпуска товара: фабричное производство | размер раковины,см (ш*в*г): 40х15х40 | название цвета: дуб/хром/белый | цвет товара: бежевый | материал корпуса: лдсп | материал фасада: лдсп | комплектация: тумба подвесная;раковина накладная;смеситель для умывальника | высота, см: 60 | количество полок: 2 | количество предметов в комплекте: 3 | назначение (помещение): для общественных мест","Категория: Мебель
Название: bauedge тумба bau dream blackwood 60 правая, графит, раковина bau crystal 40х40, смеситель для раковины высокий hotel still, нержавеющая сталь, выпуск клик клак, хром
тип товара: тумба
цвет товара: хром
материал корпуса: лдсп, мдф
материал фасада: лдсп
конструкция тумбы: подвесная
линейка: dream
покрытие корпуса: пленка
покрытие фасада: матовое, шпонированное
раковина в комплекте: есть
расположение угла: справа
стиль: модерн","Категория: Мебель
Название: тумба bau dream blackwood 60 правая, раковина bau crystal 40х40, смеситель для раковины высокий hotel still, нержавеющая сталь
бренд: bauedge
артикул: sd3284
тип: тумба с раковиной
тип открывания дверей: открывающиеся вправо
вид выпуска товара: фабричное производство
размер раковины,см (ш*в*г): 40х15х40
название цвета: дуб/хром/белый
цвет товара: бежевый
материал корпуса: лдсп
материал фасада: лдсп
комплектация: тумба подвесная;раковина накладная;смеситель для умывальника
высота, см: 60
гарантийный срок: 2 года
глубина, см: 45
исполнение: деревянное
количество полок: 2
количество предметов в комплекте: 3
назначение (помещение): для общественных мест
ориентация: правый
особенности: с полками
покрытие корпуса: влагостойкое
покрытие фасада: матовое
раковина в комплекте: да
расположение: настенная
стиль дизайна: классический
страна-изготовитель: россия
форма поставки: в собранном виде
форма раковины: круг
ширина, см: 60"
139,197779,463856510875,687194863491,Мебель,0.0,0.9324533116759811,FP,confident_minilm_v1_error,дэфо стол прямой лекальной формы серии berlin metall 160*85,стол прямой лекальной формы серии berlin metall 160х85,Название: дэфо стол прямой лекальной формы серии berlin metall 160*85 | вес в транспортной упаковке: 24.8 кг | материал столешницы: дсп | высота: 75 см | ширина: 160 см,"Название: стол прямой лекальной формы серии berlin metall 160х85 | бренд: тм дэфо | артикул: тб-д0033475 | тип: письменный стол | вид выпуска товара: фабричное производство | вес товара, г: 31000 | название цвета: кокоболо/алюминий | образец цвета: https://cdn1.ozone.ru/s3/multimedia-4/6116868964.jpg | цвет товара: бежевый | материал подстолья: металл | материал столешницы: дсп | материал фасада: дсп | высота, см: 75 | количество ножек: 4 | максимальная высота, см: 75 | минимальная высота, см: 74.5","Категория: Мебель
Название: дэфо стол прямой лекальной формы серии berlin metall 160*85
вес в транспортной упаковке: 24.8 кг
материал столешницы: дсп
высота: 75 см
габариты транспортной упаковки: 160х85х30 см
глубина: 85 см
толщина столешницы: 2.8 см
ширина: 160 см","Категория: Мебель
Название: стол прямой лекальной формы серии berlin metall 160х85
бренд: тм дэфо
артикул: тб-д0033475
тип: письменный стол
вид выпуска товара: фабричное производство
вес товара, г: 31000
название цвета: кокоболо/алюминий
образец цвета: https://cdn1.ozone.ru/s3/multimedia-4/6116868964.jpg
цвет товара: бежевый
материал подстолья: металл
материал столешницы: дсп
материал фасада: дсп
высота, см: 75
гарантийный срок: 1 год
глубина, см: 85
исполнение: металлическое
количество ножек: 4
конструкция стола: прямой
макс. нагрузка, кг: 100
максимальная высота, см: 75
минимальная высота, см: 74.5
назначение (помещение): для дома
ориентация: универсальный
покрытие: ламинированное
регулировка по высоте: нет
стиль дизайна: современный
страна-изготовитель: россия
толщина столешницы, мм: 28
форма поставки: в разобранном виде
ширина, см: 160"
140,228503,532576062471,541165949342,Мебель,0.0,0.7057850278370112,FP,confident_minilm_v1_error,"мебель россии стул herman 360 град. серый 27, велюр / черный каркас","стул 1шт. herman серый #27, велюр / черный каркас ru-stol","Название: мебель россии стул herman 360 град. серый 27, велюр / черный каркас | тип: стул | тип основания: ножки | цвет товара: серый | материал обивки: текстиль | материал основания: металл | высота: 86 см | высота сиденья: 48 см | назначение: универсальное | ширина: 52 см","Название: стул 1шт. herman серый #27, велюр / черный каркас ru-stol | бренд: ru-stol все стул-кресло | артикул: 416827663 | тип: стул | вид выпуска товара: фабричное производство | название цвета: herman серый #27, велюр / черный каркас | образец цвета: https://cdn1.ozone.ru/s3/multimedia-5/6739241873.jpg | цвет товара: серый | материал корпуса: металл | материал обивки: велюр искусственный | высота сиденья, см: 48 | высота, см: 86 | назначение (помещение): для дома | страна-изготовитель: китай | ширина, см: 52","Категория: Мебель
Название: мебель россии стул herman 360 град. серый 27, велюр / черный каркас
тип: стул
тип основания: ножки
цвет товара: серый
материал обивки: текстиль
материал основания: металл
высота: 86 см
высота сиденья: 48 см
глубина: 62 см
дополнительная информация: в разобранном виде
максимальная нагрузка: 140 кг
назначение: универсальное
особенности: мягкая спинка, мягкое сиденье
форма сиденья: полукруг
ширина: 52 см","Категория: Мебель
Название: стул 1шт. herman серый #27, велюр / черный каркас ru-stol
бренд: ru-stol все стул-кресло
артикул: 416827663
тип: стул
вид выпуска товара: фабричное производство
название цвета: herman серый #27, велюр / черный каркас
образец цвета: https://cdn1.ozone.ru/s3/multimedia-5/6739241873.jpg
цвет товара: серый
материал корпуса: металл
материал обивки: велюр искусственный
высота сиденья, см: 48
высота, см: 86
глубина, см: 62
макс. нагрузка, кг: 120
назначение (помещение): для дома
регулируемая спинка: нет
с подлокотниками: да
страна-изготовитель: китай
ширина, см: 52"
141,258453,601295556430,17179937415,Мебель,0.0,0.5926665999540697,FP,confident_minilm_v1_error,"подставка для обуви с сиденьем, 3 яруса, 65х32х48,5 см, цвет чёрный","не определен подставка для обуви, 3 яруса, 65×32×48,5 см, цвет чёрный","Название: подставка для обуви с сиденьем, 3 яруса, 65х32х48,5 см, цвет чёрный | бренд: нет бренда | артикул: 4343817 | тип: этажерка | вид выпуска товара: фабричное производство | вес товара, г: 4135 | название цвета: черный | цвет товара: черный | материал корпуса: металл | высота, см: 65 | количество полок: 3 | назначение (помещение): для дома | страна-изготовитель: россия | ширина, см: 48.5","Название: не определен подставка для обуви, 3 яруса, 65×32×48,5 см, цвет чёрный | бренд: dreammart | тип: подставка для обуви | материал корпуса: металл | материал фасада: металл | высота: 65 см | количество отделений для обуви: 3 | ширина: 48.5 см","Категория: Мебель
Название: подставка для обуви с сиденьем, 3 яруса, 65х32х48,5 см, цвет чёрный
бренд: нет бренда
артикул: 4343817
тип: этажерка
вид выпуска товара: фабричное производство
вес товара, г: 4135
название цвета: черный
цвет товара: черный
материал корпуса: металл
высота, см: 65
глубина, см: 32
исполнение: металлическое
количество полок: 3
макс. нагрузка на полку, кг: 100
назначение (помещение): для дома
ориентация: универсальный
особенности: с сиденьем
стиль дизайна: современный
страна-изготовитель: россия
форма поставки: в разобранном виде
целевая аудитория: взрослая
ширина, см: 48.5","Категория: Мебель
Название: не определен подставка для обуви, 3 яруса, 65×32×48,5 см, цвет чёрный
бренд: dreammart
тип: подставка для обуви
материал корпуса: металл
материал фасада: металл
высота: 65 см
глубина: 32 см
количество отделений для обуви: 3
ширина: 48.5 см"
142,16357,34359781660,412316937955,Музыкальные инструменты,0.0,0.9875683463797992,FP,component_companion,d'addario exl120 bt струны для электрогитары,d’addario / комплект струн для электрогитары d’addario exl 120 9|42,Название: d'addario exl120 bt струны для электрогитары | бренд: d'addario | тип: аксессуар для струнных | назначение муз. аксессуара: для электрогитары,Название: d’addario / комплект струн для электрогитары d’addario exl 120 9|42 | цвет: фиолетовый | материал изделия: высокоуглеродистая сталь; высокоуглеродистая сталь покрытая никелем | комплектация: 6 струн для электрогитары | количество предметов в упаковке: 6 | назначение струн: для электрогитары,"Категория: Музыкальные инструменты
Название: d'addario exl120 bt струны для электрогитары
бренд: d'addario
тип: аксессуар для струнных
назначение муз. аксессуара: для электрогитары","Категория: Музыкальные инструменты
Название: d’addario / комплект струн для электрогитары d’addario exl 120 9|42
цвет: фиолетовый
материал изделия: высокоуглеродистая сталь; высокоуглеродистая сталь покрытая никелем
комплектация: 6 струн для электрогитары
валюта: rub
калибр струн: 9/42
количество предметов в упаковке: 6
назначение струн: для электрогитары
страна производства: сша"
143,27680,60129637391,103079263782,Музыкальные инструменты,0.0,0.8519528000888387,FP,confident_minilm_v1_error,"feg/feg-kg-21-grey электрогитара, серая, foix",электрогитара foix feg/feg-kg-21-grey,"Название: feg/feg-kg-21-grey электрогитара, серая, foix | тип: электрогитара | тип крепления грифа: болченый | цвет товара: серый | материал корпуса: липа | количество ладов: 24 | количество струн: 6","Название: электрогитара foix feg/feg-kg-21-grey | бренд: foix | партномер: 1 | тип: электрогитара | вес товара, г: 8000 | комплектация: гитара 1 шт | количество струн: 6 | страна-изготовитель: китай","Категория: Музыкальные инструменты
Название: feg/feg-kg-21-grey электрогитара, серая, foix
тип: электрогитара
тип крепления грифа: болченый
цвет товара: серый
материал корпуса: липа
количество ладов: 24
количество струн: 6
мензура: 25.5118""
схема звукоснимателей: h-s-h","Категория: Музыкальные инструменты
Название: электрогитара foix feg/feg-kg-21-grey
бренд: foix
партномер: 1
тип: электрогитара
вес товара, г: 8000
комплектация: гитара 1 шт
гарантийный срок: 12 месяцев
количество струн: 6
страна-изготовитель: китай"
144,45154,103079266554,171798745892,Музыкальные инструменты,0.0,0.8519528000888387,FP,confident_minilm_v1_error,flight duc525 eq sp/zeb - укулеле концерт,"flight / duc525 eq sp/zeb укулеле концерт со звукоснимателем, верхняя дека массив ели, чехол в комплекте","Название: flight duc525 eq sp/zeb - укулеле концерт | бренд: flight | тип: укулеле | тип бриджа: фиксированный | размер инструмента: 4/4 | размеры, мм: 695 x 275 x 105 | вес товара, г: 1100 | цвет товара: светло-бежевый | материал струн: нейлон | комплектация: коробка, укулеле со звукоснимателем, чехол | количество ладов, шт.: 18 | количество струн: 4 | страна-изготовитель: китай","Название: flight / duc525 eq sp/zeb укулеле концерт со звукоснимателем, верхняя дека массив ели, чехол в комплекте | размер укулеле: концерт | цвет: натуральный | материал верхней деки: ель массив | материал грифа: окоуме | материал корпуса: красное дерево | материал накладки грифа: орех | материал нижней деки: красное дерево | материал обечайки: красное дерево | комплектация: чехол; укулеле | количество ладов: 18 шт.","Категория: Музыкальные инструменты
Название: flight duc525 eq sp/zeb - укулеле концерт
бренд: flight
тип: укулеле
тип бриджа: фиксированный
размер инструмента: 4/4
размеры, мм: 695 x 275 x 105
вес товара, г: 1100
цвет товара: светло-бежевый
материал струн: нейлон
комплектация: коробка, укулеле со звукоснимателем, чехол
гарантийный срок: 3 месяца
звукосниматели: есть - belcat uk300
количество ладов, шт.: 18
количество струн: 4
крепление грифа: вклеенный
регулировки звука: эквалайзер
страна-изготовитель: китай","Категория: Музыкальные инструменты
Название: flight / duc525 eq sp/zeb укулеле концерт со звукоснимателем, верхняя дека массив ели, чехол в комплекте
размер укулеле: концерт
цвет: натуральный
материал верхней деки: ель массив
материал грифа: окоуме
материал корпуса: красное дерево
материал накладки грифа: орех
материал нижней деки: красное дерево
материал обечайки: красное дерево
комплектация: чехол; укулеле
валюта: rub
количество ладов: 18 шт.
страна производства: китай"
145,71549,163208878098,283467891184,Музыкальные инструменты,0.0,0.6224593312018546,FP,component_companion,чехол для акустической гитары flight fbg-2009 lips,flight / fbg 2009 чехол для акустической гитары,Название: чехол для акустической гитары flight fbg-2009 lips | бренд: flight | партномер: fbg-2009-lips | тип: чехол для музыкального инструмента | комплектация: чехол 1 шт | назначение муз. аксессуара: для акустической гитары | страна-изготовитель: китай,Название: flight / fbg 2009 чехол для акустической гитары | вид застежки: молния | вид чехла: обычный чехол | вес товара без упаковки (г): 520 г | цвет: красный | материал изделия: синтетическая ткань | комплектация: чехол | высота предмета: 111 см | назначение чехла: чехол для акустической гитары | ширина предмета: 41 см,"Категория: Музыкальные инструменты
Название: чехол для акустической гитары flight fbg-2009 lips
бренд: flight
партномер: fbg-2009-lips
тип: чехол для музыкального инструмента
комплектация: чехол 1 шт
назначение муз. аксессуара: для акустической гитары
страна-изготовитель: китай","Категория: Музыкальные инструменты
Название: flight / fbg 2009 чехол для акустической гитары
вид застежки: молния
вид чехла: обычный чехол
вес товара без упаковки (г): 520 г
цвет: красный
материал изделия: синтетическая ткань
комплектация: чехол
валюта: rub
высота предмета: 111 см
карманы: большой внешний карман на молнии
назначение чехла: чехол для акустической гитары
особенности чехла: непромокаемый
страна производства: россия
ширина предмета: 41 см"
146,77902,180388706586,188978632106,Музыкальные инструменты,0.0,0.9924227580773226,FP,lexical_surprise,струны для электрогитары d'addario exl110 (010-046),d'addario / струны для электрогитары d'addario exl110 10p,"Название: струны для электрогитары d'addario exl110 (010-046) | бренд: d'addario | тип: аксессуар для струнных | вид музыкального аксессуара: струны | размеры, мм: 120*110*10 | вес товара, г: 30 | образец цвета: https://cdn1.ozone.ru/s3/multimedia-w/6825988076.jpg | цвет товара: оранжевый | материал муз. инструмента/аксессуара: нержавеющая сталь | комплектация: набор 6 струн | количество в упаковке, шт: 6 | назначение муз. аксессуара: для электрогитары | страна-изготовитель: сша",Название: d'addario / струны для электрогитары d'addario exl110 10p | материал изделия: сталь | комплектация: струны | назначение струн: для электрогитары,"Категория: Музыкальные инструменты
Название: струны для электрогитары d'addario exl110 (010-046)
бренд: d'addario
тип: аксессуар для струнных
вид музыкального аксессуара: струны
размеры, мм: 120*110*10
вес товара, г: 30
образец цвета: https://cdn1.ozone.ru/s3/multimedia-w/6825988076.jpg
цвет товара: оранжевый
материал муз. инструмента/аксессуара: нержавеющая сталь
комплектация: набор 6 струн
калибр струн: 10
количество в упаковке, шт: 6
назначение муз. аксессуара: для электрогитары
страна-изготовитель: сша","Категория: Музыкальные инструменты
Название: d'addario / струны для электрогитары d'addario exl110 10p
материал изделия: сталь
комплектация: струны
валюта: rub
калибр струн: 010
назначение струн: для электрогитары
страна производства: сша"
147,164571,386547086353,584115577620,Музыкальные инструменты,0.0,0.9947798743644765,FP,confident_minilm_v1_error,"комплект струн для акустической гитары olympia cta1152, 11-52",струны для акустической гитары olympia cta1152,"Название: комплект струн для акустической гитары olympia cta1152, 11-52 | бренд: olympia | партномер: cta1152 | тип: аксессуар для струнных | вид музыкального аксессуара: струны | материал муз. инструмента/аксессуара: бронза | комплектация: струна 6 шт | назначение муз. аксессуара: для акустической гитары | страна-изготовитель: китай",Название: струны для акустической гитары olympia cta1152 | количество струн в упаковке: 6 шт.,"Категория: Музыкальные инструменты
Название: комплект струн для акустической гитары olympia cta1152, 11-52
бренд: olympia
партномер: cta1152
тип: аксессуар для струнных
вид музыкального аксессуара: струны
материал муз. инструмента/аксессуара: бронза
комплектация: струна 6 шт
назначение муз. аксессуара: для акустической гитары
страна-изготовитель: китай","Категория: Музыкальные инструменты
Название: струны для акустической гитары olympia cta1152
инструмент: акустическая гитара
калибр: 11
количество струн в упаковке: 6 шт.
натяжение: -"
148,165879,386547144159,635655320857,Музыкальные инструменты,0.0,0.8670357683915538,FP,confident_minilm_v1_error,"music life / каподастр гитарный music life, черный","music life, каподастр music life, черный, пластиковый","Название: music life / каподастр гитарный music life, черный | комплектация: 1 шт","Название: music life, каподастр music life, черный, пластиковый | бренд: music life | тип: аксессуар для струнных | вес товара, г: 50 | цвет товара: черный | материал муз. инструмента/аксессуара: пластик | комплектация: каподастр черный, пластиковый, 1 штука | количество в упаковке, шт: 1 | назначение муз. аксессуара: для классической гитары | страна-изготовитель: китай","Категория: Музыкальные инструменты
Название: music life / каподастр гитарный music life, черный
комплектация: 1 шт
валюта: rub
страна производства: китай","Категория: Музыкальные инструменты
Название: music life, каподастр music life, черный, пластиковый
бренд: music life
тип: аксессуар для струнных
вес товара, г: 50
цвет товара: черный
материал муз. инструмента/аксессуара: пластик
комплектация: каподастр черный, пластиковый, 1 штука
количество в упаковке, шт: 1
назначение муз. аксессуара: для классической гитары
страна-изготовитель: китай"
149,221955,515396199790,661425014454,Музыкальные инструменты,0.0,0.9968273169307178,FP,confident_minilm_v1_error,струны для акустической гитары ernie ball 2146,cтруны для акустической гитары ernie ball 2146,Название: струны для акустической гитары ernie ball 2146 | материал оплетки: фосфористая бронза | материал сердечника: сталь | количество струн в упаковке: 6 шт.,"Название: cтруны для акустической гитары ernie ball 2146 | бренд: ernie ball | тип: аксессуар для струнных | вид музыкального аксессуара: струны | количество в упаковке, шт: 6 | страна-изготовитель: сша","Категория: Музыкальные инструменты
Название: струны для акустической гитары ernie ball 2146
материал оплетки: фосфористая бронза
материал сердечника: сталь
инструмент: акустическая гитара
калибр: 12
количество струн в упаковке: 6 шт.
натяжение: слабое, среднее, -","Категория: Музыкальные инструменты
Название: cтруны для акустической гитары ernie ball 2146
бренд: ernie ball
тип: аксессуар для струнных
вид музыкального аксессуара: струны
калибр струн: 12
количество в упаковке, шт: 6
страна-изготовитель: сша"
150,324125,755914325778,489626328177,Музыкальные инструменты,0.0,0.8519528000888387,FP,confident_minilm_v1_error,струны la bella 830 классической и фолк гитары с обмоткой golden alloy (бронза 80/20),струны для классической гитары la bella 830 folksinger 28-44,"Название: струны la bella 830 классической и фолк гитары с обмоткой golden alloy (бронза 80/20) | бренд: la bella | тип: аксессуар для струнных | вид музыкального аксессуара: струны | вес товара, г: 50 | материал муз. инструмента/аксессуара: бронза | количество в упаковке, шт: 6 | назначение муз. аксессуара: для классической гитары | страна-изготовитель: сша",Название: струны для классической гитары la bella 830 folksinger 28-44 | количество струн в упаковке: 6 шт.,"Категория: Музыкальные инструменты
Название: струны la bella 830 классической и фолк гитары с обмоткой golden alloy (бронза 80/20)
бренд: la bella
тип: аксессуар для струнных
вид музыкального аксессуара: струны
вес товара, г: 50
материал муз. инструмента/аксессуара: бронза
количество в упаковке, шт: 6
назначение муз. аксессуара: для классической гитары
страна-изготовитель: сша","Категория: Музыкальные инструменты
Название: струны для классической гитары la bella 830 folksinger 28-44
инструмент: классическая гитара
количество струн в упаковке: 6 шт.
натяжение: среднее
форма оплетки: круглая"
151,330434,773094149223,249108226027,Музыкальные инструменты,0.0,0.6791786926816161,FP,component_companion,"alice / каподастр для акустической гитары, белый, a007m/wh","a007d/wh-a каподастр для акустической гитары, белый, alice","Название: alice / каподастр для акустической гитары, белый, a007m/wh | цвет: белый | комплектация: каподастр 1 шт","Название: a007d/wh-a каподастр для акустической гитары, белый, alice | бренд: alice | тип: аксессуар для струнных","Категория: Музыкальные инструменты
Название: alice / каподастр для акустической гитары, белый, a007m/wh
цвет: белый
комплектация: каподастр 1 шт
валюта: rub
страна производства: китай","Категория: Музыкальные инструменты
Название: a007d/wh-a каподастр для акустической гитары, белый, alice
бренд: alice
тип: аксессуар для струнных"
152,7062,8590079640,609885401281,Обувь,0.0,0.5312093733737563,FP,confident_minilm_v1_error,кроссовки женские pierre cardin 217115 синие 39 ru,кроссовки pierre cardin,Название: кроссовки женские pierre cardin 217115 синие 39 ru | бренд: pierre cardin | модель: 217115 | артикул производителя: w5205428 | код товара: 100055823847 | тип: кроссовки | вид застежки: шнурки | вид подошвы: сплошная | вид покрытия: для асфальта | размер: 39 39 ru | размер ru: 39 | размер производителя: 39 ru | цвет: синий | цвет производителя: темно-синий | материал верха: искусственная кожа; натуральная замша; полиуретан | материал подкладки: текстиль,"Название: кроссовки pierre cardin | бренд в одежде и обуви: pierre cardin | вид застёжки: шнурки | размер производителя: 39 | российский размер: 39 | название цвета: темно-синий | цвет товара: темно-синий | материал: искусственная кожа | материал верха: искусственная кожа | материал подкладки обуви: текстиль | материал подошвы обуви: полиуретан | материал стельки: текстиль | длина стопы, см: 25 | коллекция: весна-лето 2024 | страна-изготовитель: китай","Категория: Обувь
Название: кроссовки женские pierre cardin 217115 синие 39 ru
бренд: pierre cardin
модель: 217115
артикул производителя: w5205428
код товара: 100055823847
тип: кроссовки
вид застежки: шнурки
вид подошвы: сплошная
вид покрытия: для асфальта
размер: 39 39 ru
размер ru: 39
размер производителя: 39 ru
цвет: синий
цвет производителя: темно-синий
материал верха: искусственная кожа; натуральная замша; полиуретан
материал подкладки: текстиль
материал подошвы: полиуретан; термопластичная резина
материал стельки: текстиль
высота кроссовок: низкие
длина стопы, см: 25
для занятий спортом: да
мембрана: нет
назначение: лайфстайл
особенности: влагонепроницаемость
пол: женский
полнота ru/uk: 7(g)
пронация: нейтральная
сезон: демисезон
серия: 22
стопа: нормальная
страна-производитель: китай
технологии: без технологий
узор: без узора","Категория: Обувь
Название: кроссовки pierre cardin
бренд в одежде и обуви: pierre cardin
вид застёжки: шнурки
размер производителя: 39
российский размер: 39
название цвета: темно-синий
цвет товара: темно-синий
материал: искусственная кожа
материал верха: искусственная кожа
материал подкладки обуви: текстиль
материал подошвы обуви: полиуретан
материал стельки: текстиль
гарантийный срок: 90 дней
длина стопы, см: 25
коллекция: весна-лето 2024
пол: женский
полнота: g
сезон: демисезон
страна-изготовитель: китай
целевая аудитория: взрослая"
153,185381,429496866964,42949762763,Обувь,0.0,0.6513548714339145,FP,confident_minilm_v1_error,converse / высокие кеды конверс chuck taylor all star m7650 белые,кеды converse,Название: converse / высокие кеды конверс chuck taylor all star m7650 белые | тип пронации: нейтральная пронация | цвет: белый | материал подкладки обуви: текстиль | материал подошвы обуви: резина | материал стельки: текстиль | комплектация: кеды converse - 1 пара | высота подошвы: 2.5 см | особенности модели: дышащий материал,"Название: кеды converse | бренд в одежде и обуви: converse | страна бренда: сша | вид застёжки: шнурки | размер производителя: 40eu | российский размер: 39,5 | цвет товара: белый | материал: текстиль | материал верха: текстиль | материал подкладки обуви: текстиль | материал подошвы обуви: вулканизированная резина | материал стельки: текстиль | высота подошвы, см: 2.5 | длина стопы, см: 25.5 | коллекция: весна-лето 2024 | особенности модели: высокая модель","Категория: Обувь
Название: converse / высокие кеды конверс chuck taylor all star m7650 белые
тип пронации: нейтральная пронация
цвет: белый
материал подкладки обуви: текстиль
материал подошвы обуви: резина
материал стельки: текстиль
комплектация: кеды converse - 1 пара
валюта: rub
высота подошвы: 2.5 см
особенности модели: дышащий материал
сезон: круглогодичный; лето
страна производства: вьетнам","Категория: Обувь
Название: кеды converse
бренд в одежде и обуви: converse
страна бренда: сша
вид застёжки: шнурки
размер производителя: 40eu
российский размер: 39,5
цвет товара: белый
материал: текстиль
материал верха: текстиль
материал подкладки обуви: текстиль
материал подошвы обуви: вулканизированная резина
материал стельки: текстиль
высота подошвы, см: 2.5
длина стопы, см: 25.5
коллекция: весна-лето 2024
особенности модели: высокая модель
пол: мужской
сезон: на любой сезон
спортивное назначение: скейтбординг
целевая аудитория: взрослая"
154,16741,34359799377,352187386738,Продукты питания,0.0,0.9324533116759811,FP,lexical_surprise,tortokoshka / вафельная картинка на торт 8 марта,вафельная картинка на бенто торт на 8 марта,"Название: tortokoshka / вафельная картинка на торт 8 марта | вид глазури: глазурь; присыпка; сахарная мастика | вид декора для выпечки: вафельная бумага; вафельная картинка; вафельные фигурки | вес товара без упаковки (г): 30 г | вес товара с упаковкой (г): 50 г | комплектация: сахарная / вафельная картинка 1 лист а4 | высота упаковки: 1 см | длина упаковки: 33 см | состав: глицерин, крахмал, мальтодекстрин, сахар, глюкоза, ванилин, сахарозаменители | ширина упаковки: 22 см","Название: вафельная картинка на бенто торт на 8 марта | бренд: tortokoshka | тип: вафельная картинка | вид декора для выпечки: кондитерское украшение | вес товара, г: 30 | назначение приправы: для выпечки и кондитерских изделий | состав: глицерин, крахмал, мальтодекстрин, сахар, глюкоза, ванилин, сахарозаменители | страна-изготовитель: россия","Категория: Продукты питания
Название: tortokoshka / вафельная картинка на торт 8 марта
вид глазури: глазурь; присыпка; сахарная мастика
вид декора для выпечки: вафельная бумага; вафельная картинка; вафельные фигурки
вес товара без упаковки (г): 30 г
вес товара с упаковкой (г): 50 г
комплектация: сахарная / вафельная картинка 1 лист а4
валюта: rub
высота упаковки: 1 см
длина упаковки: 33 см
максимальная температура хранения: +25 °c
минимальная температура хранения: +5 °c
особенности продукта: без гмо
пищевая ценность белки: 0.1 г/100г
пищевая ценность углеводы: 79 г/100г
состав: глицерин, крахмал, мальтодекстрин, сахар, глюкоза, ванилин, сахарозаменители
страна производства: россия
ширина упаковки: 22 см","Категория: Продукты питания
Название: вафельная картинка на бенто торт на 8 марта
бренд: tortokoshka
тип: вафельная картинка
вид декора для выпечки: кондитерское украшение
вес товара, г: 30
белки, г/100 г: 0.1
единиц в одном товаре: 1
кухни мира: европейская
максимальная температура: 25
минимальная температура: 5
назначение приправы: для выпечки и кондитерских изделий
не содержит: без гмо
состав: глицерин, крахмал, мальтодекстрин, сахар, глюкоза, ванилин, сахарозаменители
срок годности в днях: 365
страна-изготовитель: россия
углеводы, г/100 г: 79
упаковка: картонная коробка
условия хранения: хранить в вакуумном пакете при комнатной температуре, предохранять от пересыхания, избегать перепадов температуры.
энергетическая ценность, ккал/100 г: 86.9"
155,34817,77309492889,70504,Продукты питания,0.0,0.7549149868676283,FP,lexical_surprise,"макаронные изделия maltagliati спагетти тонкие №002, 450 г",maltagliati / макаронные изделия maltagliati спагетти 450 г,"Название: макаронные изделия maltagliati спагетти тонкие №002, 450 г | бренд: maltagliati | тип: макароны | размер макаронных изделий: длинные | вес товара, г: 450 | оригинальное название пасты: спагетти | состав: мука из твердой пшеницы для макаронных изделий, вода питьевая. содержит натуральный белок злаковых культур - глютен. | страна-изготовитель: россия",Название: maltagliati / макаронные изделия maltagliati спагетти 450 г | высота упаковки: 6 см | длина упаковки: 6 см | ширина упаковки: 9 см,"Категория: Продукты питания
Название: макаронные изделия maltagliati спагетти тонкие №002, 450 г
бренд: maltagliati
тип: макароны
размер макаронных изделий: длинные
вес товара, г: 450
время приготовления, мин: 4
единиц в одном товаре: 1
максимальная температура: 25
минимальная температура: 5
не содержит: пальмовое масло
оригинальное название пасты: спагетти
особенности напитков, продуктов питания: вегетарианский продукт
содержит: глютен
состав: мука из твердой пшеницы для макаронных изделий, вода питьевая. содержит натуральный белок злаковых культур - глютен.
срок годности в днях: 1080
страна-изготовитель: россия
упаковка: картонная коробка
условия хранения: хранить в крытых, защищенных от воздействия атмосферных осадков, чистых, сухих, хорошо проветриваемых, не зараженных вредителями помещениях, при относительной влажности воздуха не более70% и температурой не более +35с. хранение макаронных изделий вместе с товарами, имеющими специфический запах не допускается.
форма макарон: спагетти","Категория: Продукты питания
Название: maltagliati / макаронные изделия maltagliati спагетти 450 г
валюта: rub
высота упаковки: 6 см
длина упаковки: 6 см
ширина упаковки: 9 см"
156,112354,266287978475,292057855501,Продукты питания,0.0,0.798186775339273,FP,confident_minilm_v1_error,"русский аппетит горчица, зернистая, 190 г, 2 шт/",русский аппетит / горчица зернистая острая 190 грамм 2 штуки,"Название: русский аппетит горчица, зернистая, 190 г, 2 шт/ | бренд: русский аппетит | тип: горчица | вид горчицы: зернистая | вес товара, г: 380 | назначение масла/соуса: универсальный | с вкусовыми добавками: нет | состав: вода, семена горчицы желтой и коричневой, сахар, регулятор кислотности - кислота уксусная пищевая 70%, соль, куркума, консерванты: бензоат натрия и сорбат калия",Название: русский аппетит / горчица зернистая острая 190 грамм 2 штуки | вес товара без упаковки (г): 380 г | вес товара с упаковкой (г): 430 г | комплектация: горчица - 2 шт. | высота упаковки: 12 см | длина упаковки: 10 см | ширина упаковки: 19 см,"Категория: Продукты питания
Название: русский аппетит горчица, зернистая, 190 г, 2 шт/
бренд: русский аппетит
тип: горчица
вид горчицы: зернистая
вес товара, г: 380
белки, г/100 г: 7.5
единиц в одном товаре: 2
жиры, г/100 г: 9
максимальная температура: 18
минимальная температура: 5
назначение масла/соуса: универсальный
с вкусовыми добавками: нет
состав: вода, семена горчицы желтой и коричневой, сахар, регулятор кислотности - кислота уксусная пищевая 70%, соль, куркума, консерванты: бензоат натрия и сорбат калия
срок годности в днях: 1095
степень остроты: острый
углеводы, г/100 г: 25
упаковка: банка
условия хранения: хранить вдали от солнца
энергетическая ценность, ккал/100 г: 890","Категория: Продукты питания
Название: русский аппетит / горчица зернистая острая 190 грамм 2 штуки
вес товара без упаковки (г): 380 г
вес товара с упаковкой (г): 430 г
комплектация: горчица - 2 шт.
валюта: rub
высота упаковки: 12 см
длина упаковки: 10 см
срок годности: 24 месяца
страна производства: россия
ширина упаковки: 19 см
энергетическая ценность калории (на 100 гр.): 220 ккал"
157,341383,798863966085,120259108342,Продукты питания,0.0,0.9820137881297457,FP,confident_minilm_v1_error,"koska / турецкие сладости / рахат лукум с розой, 250 г",koska рахат-лукум со вкусом розы 250г,"Название: koska / турецкие сладости / рахат лукум с розой, 250 г | вид рахат-лукума: фруктовый | вес товара без упаковки (г): 250 г | вес товара с упаковкой (г): 270 г | комплектация: рахат-лукум с розой, 250 г - 1 шт | высота упаковки: 4 см | длина упаковки: 15 см | состав: вода; лимонная кислота; крахмал кукурузный; сахар; антоцианин; натуральный ароматизатор | ширина упаковки: 14 см","Название: koska рахат-лукум со вкусом розы 250г | бренд: koska | тип: рахат-лукум | вес товара, г: 250 | состав: вода, лимонная кислота, сахар, антоцианы, натуральный ароматизатор роза, кукурузный крахмал | страна-изготовитель: турция","Категория: Продукты питания
Название: koska / турецкие сладости / рахат лукум с розой, 250 г
вид рахат-лукума: фруктовый
вес товара без упаковки (г): 250 г
вес товара с упаковкой (г): 270 г
комплектация: рахат-лукум с розой, 250 г - 1 шт
валюта: rub
высота упаковки: 4 см
длина упаковки: 15 см
максимальная температура хранения: +22 °c
минимальная температура хранения: +17 °c
особенности продукта: без гмо; без красителей; халяль
пищевая ценность белки: 1 г/100г
пищевая ценность жиры: 1 г/100г
пищевая ценность углеводы: 93 г/100г
состав: вода; лимонная кислота; крахмал кукурузный; сахар; антоцианин; натуральный ароматизатор
срок годности: 12 месяцев
страна производства: турция
ширина упаковки: 14 см
энергетическая ценность калории (на 100 гр.): 373 ккал","Категория: Продукты питания
Название: koska рахат-лукум со вкусом розы 250г
бренд: koska
тип: рахат-лукум
вес товара, г: 250
единиц в одном товаре: 1
максимальная температура: 25
минимальная температура: 0
не содержит: без гмо
содержит: сахар
состав: вода, лимонная кислота, сахар, антоцианы, натуральный ароматизатор роза, кукурузный крахмал
срок годности в днях: 365
страна-изготовитель: турция
упаковка: картонная коробка
условия хранения: в сухом прохладном месте"
158,29660,68719488438,214748498112,Спорт и отдых,0.0,0.8933094110250331,FP,lexical_surprise,bat / тейл-спиннер bat zigzag 18 гр,тейл-спиннер bat zigzag 18 гр. # zz04,"Название: bat / тейл-спиннер bat zigzag 18 гр | модель блесны: тейл-спиннер | вид крючка: тройной | цвет: серебристый, синий, зеленый | длина приманки (мм): 30 мм | количество предметов в упаковке: 1 шт.","Название: тейл-спиннер bat zigzag 18 гр. # zz04 | бренд: bat | тип: блесна | вид блесны: тейл-спиннер | вес, г: 18 | название цвета: #zz04 | цвет товара: зеленый | количество в упаковке, шт: 1 | количество упаковок, шт: 1 | страна-изготовитель: россия","Категория: Спорт и отдых
Название: bat / тейл-спиннер bat zigzag 18 гр
модель блесны: тейл-спиннер
вид крючка: тройной
цвет: серебристый, синий, зеленый
валюта: rub
длина приманки (мм): 30 мм
количество предметов в упаковке: 1 шт.
страна производства: россия","Категория: Спорт и отдых
Название: тейл-спиннер bat zigzag 18 гр. # zz04
бренд: bat
тип: блесна
вид блесны: тейл-спиннер
вес, г: 18
название цвета: #zz04
цвет товара: зеленый
количество в упаковке, шт: 1
количество упаковок, шт: 1
страна-изготовитель: россия
упаковка: пластиковая коробка"
159,51389,120259112300,807453987897,Спорт и отдых,0.0,0.9149009526726544,FP,confident_minilm_v1_error,"поплавок под светлячок balsa floats номер 17, вес 6 г.",onlytop / поплавок под светлячок balsa floats № 17,"Название: поплавок под светлячок balsa floats номер 17, вес 6 г. | бренд: onlytop | тип: аксессуары, оснастка для рыбалки | страна-изготовитель: китай",Название: onlytop / поплавок под светлячок balsa floats № 17 | комплектация: уточните у продавца,"Категория: Спорт и отдых
Название: поплавок под светлячок balsa floats номер 17, вес 6 г.
бренд: onlytop
тип: аксессуары, оснастка для рыбалки
страна-изготовитель: китай","Категория: Спорт и отдых
Название: onlytop / поплавок под светлячок balsa floats № 17
комплектация: уточните у продавца
валюта: rub
страна производства: китай"
160,201554,472446448680,42949707585,Спорт и отдых,0.0,0.7772998611746911,FP,confident_minilm_v1_error,bike hand yc-26bb-1a съёмник каретки shimano,"съемник каретки bikehand yc-26bb, каретка-картридж shimano, инструмент серебристый",Название: bike hand yc-26bb-1a съёмник каретки shimano | бренд: bike hand | артикул производителя: ntb10873 | код товара: 100058379638 | тип: съемник | цвет: серебристый | количество инструментов в наборе: 1 | назначение: каретка,"Название: съемник каретки bikehand yc-26bb, каретка-картридж shimano, инструмент серебристый | бренд: bikehand | тип: инструмент для велосипеда | длина, мм: 100 | количество, шт: 1 | назначение инструмента: для каретки | страна-изготовитель: китай","Категория: Спорт и отдых
Название: bike hand yc-26bb-1a съёмник каретки shimano
бренд: bike hand
артикул производителя: ntb10873
код товара: 100058379638
тип: съемник
цвет: серебристый
количество инструментов в наборе: 1
назначение: каретка
наименование модели: yc-26bb
страна-производитель: тайвань","Категория: Спорт и отдых
Название: съемник каретки bikehand yc-26bb, каретка-картридж shimano, инструмент серебристый
бренд: bikehand
тип: инструмент для велосипеда
гарантийный срок: 0
длина, мм: 100
количество, шт: 1
крепление велокресла: на руль
назначение инструмента: для каретки
подходит к: bmx
страна-изготовитель: китай
толщина, мм: 10"
161,210407,489626387965,523986048893,Спорт и отдых,0.0,0.6791786926816161,FP,lexical_surprise,воблер tsuyoki zanoza 105f #1050,воблер tsuyoki zanoza 105f,Название: воблер tsuyoki zanoza 105f #1050 | тип: воблер | вес: 17.7 г | цвет товара: 1050,"Название: воблер tsuyoki zanoza 105f | бренд: tsuyoki | тип: воблер | вид воблера: минноу (minnow) | вид ловли воблером: кастинг | вес, г: 17.7 | название цвета: ts004 | образец цвета: https://cdn1.ozone.ru/s3/multimedia-b/6905087579.jpg | цвет товара: разноцветный | длина, см: 10.5 | кол-во в комплекте, шт: 1 | количество упаковок, шт: 1 | страна-изготовитель: китай","Категория: Спорт и отдых
Название: воблер tsuyoki zanoza 105f #1050
тип: воблер
вид: минноу
вес: 17.7 г
цвет товара: 1050
плавучесть: плавающая","Категория: Спорт и отдых
Название: воблер tsuyoki zanoza 105f
бренд: tsuyoki
тип: воблер
вид воблера: минноу (minnow)
вид ловли воблером: кастинг
вес, г: 17.7
название цвета: ts004
образец цвета: https://cdn1.ozone.ru/s3/multimedia-b/6905087579.jpg
цвет товара: разноцветный
длина, см: 10.5
единиц в одном товаре: 1
кол-во в комплекте, шт: 1
количество упаковок, шт: 1
макс. заглубление, м: 0.4
мин. заглубление, м: 0.1
плавучесть: плавающий (floating)
страна-изготовитель: китай"
162,254423,592705600082,712964713967,Спорт и отдых,0.0,0.9859363735766059,FP,confident_minilm_v1_error,"подушка naturehike nh18f018-z надувная прямоугольная голубая, 6927595760918",дорожная надувная подушка naturehike nh18f018-z dark blue,"Название: подушка naturehike nh18f018-z надувная прямоугольная голубая, 6927595760918 | бренд: naturehike | вид аксессуара для палатки, тента, шатра: комната для палатки | страна-изготовитель: китай","Название: дорожная надувная подушка naturehike nh18f018-z dark blue | тип: подушка под голову для путешествий | вес: 90 г | цвет: dark blue, темно-синий | цвет товара: темно-синий, dark blue | материал: велюр искусственный, пвх (поливинилхлорид) | назначение: девочки, мальчики","Категория: Спорт и отдых
Название: подушка naturehike nh18f018-z надувная прямоугольная голубая, 6927595760918
бренд: naturehike
вид аксессуара для палатки, тента, шатра: комната для палатки
страна-изготовитель: китай","Категория: Спорт и отдых
Название: дорожная надувная подушка naturehike nh18f018-z dark blue
тип: подушка под голову для путешествий
вес: 90 г
цвет: dark blue, темно-синий
цвет товара: темно-синий, dark blue
материал: велюр искусственный, пвх (поливинилхлорид)
назначение: девочки, мальчики"
163,291340,678604979520,163208773009,Спорт и отдых,0.0,0.7057850278370112,FP,confident_minilm_v1_error,"шапочка для плавания arena classic silicone, арт.9166240, ярко-красный, силикон",arena / шапочка для плавания classic silicone,"Название: шапочка для плавания arena classic silicone, арт.9166240, ярко-красный, силикон | бренд: arena | тип: шапочка для плавания | материал: силикон | высота товара в упаковке, мм: 30 | длина товара в упаковке, мм: 150 | страна-изготовитель: малайзия",Название: arena / шапочка для плавания classic silicone | материал изделия: силикон | комплектация: шапочка 1 шт.,"Категория: Спорт и отдых
Название: шапочка для плавания arena classic silicone, арт.9166240, ярко-красный, силикон
бренд: arena
тип: шапочка для плавания
материал: силикон
высота товара в упаковке, мм: 30
длина товара в упаковке, мм: 150
страна-изготовитель: малайзия
целевая аудитория: взрослая","Категория: Спорт и отдых
Название: arena / шапочка для плавания classic silicone
материал изделия: силикон
комплектация: шапочка 1 шт.
валюта: rub
страна производства: малайзия"
164,305412,712964656203,541165989761,Спорт и отдых,0.0,0.5926665999540697,FP,confident_minilm_v1_error,"мяч футбольный onlytop, pvc, машинная сшивка, 32 панели, р. 5","onlytop мяч футбольный onlytop, pvc, машинная сшивка, 32 панели, р. 5","Название: мяч футбольный onlytop, pvc, машинная сшивка, 32 панели, р. 5 | бренд: onlytop | тип: футбольный мяч | тип поверхности мяча: универсальные | вид спорта: футбол | размер мяча: 5 | вес, г: 272 | цвет товара: белый | материал камеры: резина | материал покрышки: пвх (поливинилхлорид) | количество в упаковке, шт: 1 | количество панелей: 32 | назначение мяча: любительские | страна-изготовитель: китай","Название: onlytop мяч футбольный onlytop, pvc, машинная сшивка, 32 панели, р. 5 | тип соединения панелей: машинная сшивка | размер: 5 | материал покрышки: пвх | количество панелей: 32","Категория: Спорт и отдых
Название: мяч футбольный onlytop, pvc, машинная сшивка, 32 панели, р. 5
бренд: onlytop
тип: футбольный мяч
тип поверхности мяча: универсальные
вид спорта: футбол
размер мяча: 5
вес, г: 272
цвет товара: белый
материал камеры: резина
материал покрышки: пвх (поливинилхлорид)
класс опасности пиротехнического изделия: не опасен
количество в упаковке, шт: 1
количество панелей: 32
назначение мяча: любительские
способ соединения панелей: машинная сшивка
страна-изготовитель: китай","Категория: Спорт и отдых
Название: onlytop мяч футбольный onlytop, pvc, машинная сшивка, 32 панели, р. 5
тип соединения панелей: машинная сшивка
размер: 5
материал покрышки: пвх
количество панелей: 32"
165,58037,137438966865,214748414258,Строительство и ремонт,0.0,0.6224593312018546,FP,confident_minilm_v1_error,"denco.store / зубр нейлон, 8 м х 25 мм, рулетка (34056-08-25)",зубр измерительная рулетка 8м x 25мм,"Название: denco.store / зубр нейлон, 8 м х 25 мм, рулетка (34056-08-25) | комплектация: рулетка измерительная - 1 шт. | высота упаковки: 8 см | длина рулетки: 8 м | длина упаковки: 16 см | ширина ленты: 25 мм | ширина упаковки: 6 см","Название: зубр измерительная рулетка 8м x 25мм | бренд: зубр | тип: измерительная рулетка | длина ленты, м: 8 | ширина ленты, мм: 25","Категория: Строительство и ремонт
Название: denco.store / зубр нейлон, 8 м х 25 мм, рулетка (34056-08-25)
комплектация: рулетка измерительная - 1 шт.
автостоп: нет
валюта: rub
высота упаковки: 8 см
двусторонняя шкала: нет
длина рулетки: 8 м
длина упаковки: 16 см
страна производства: китай
ширина ленты: 25 мм
ширина упаковки: 6 см","Категория: Строительство и ремонт
Название: зубр измерительная рулетка 8м x 25мм
бренд: зубр
тип: измерительная рулетка
длина ленты, м: 8
ширина ленты, мм: 25"
166,62424,146028942893,154618947674,Строительство и ремонт,0.0,0.5,FP,lexical_surprise,"розетка двухместная w59, скрытый монтаж, с заземлением, со шторками, слоновая кость | код. rs16-255-28 | schneider electric (6шт. в упак.)","розетка двухместная w59, скрытый монтаж, с заземлением, со шторками, слоновая кость rs16-255-28 schneider electric (5шт.в упак.)","Название: розетка двухместная w59, скрытый монтаж, с заземлением, со шторками, слоновая кость | код. rs16-255-28 | schneider electric (6шт. в упак.) | тип: розетка | цвет товара: слоновая кость","Название: розетка двухместная w59, скрытый монтаж, с заземлением, со шторками, слоновая кость rs16-255-28 schneider electric (5шт.в упак.) | бренд: schneider electric | тип: розетка | вес с упаковкой, г: 300 | высота товара в упаковке, мм: 100 | длина товара в упаковке, мм: 100 | ширина товара в упаковке, мм: 150","Категория: Строительство и ремонт
Название: розетка двухместная w59, скрытый монтаж, с заземлением, со шторками, слоновая кость | код. rs16-255-28 | schneider electric (6шт. в упак.)
тип: розетка
цвет товара: слоновая кость
гарантийный срок: 1 г.
монтаж: скрытый
особенности: заземляющий контакт, защитные шторки","Категория: Строительство и ремонт
Название: розетка двухместная w59, скрытый монтаж, с заземлением, со шторками, слоновая кость rs16-255-28 schneider electric (5шт.в упак.)
бренд: schneider electric
тип: розетка
вес с упаковкой, г: 300
высота товара в упаковке, мм: 100
длина товара в упаковке, мм: 100
ширина товара в упаковке, мм: 150"
167,69401,163208785839,730144600683,Строительство и ремонт,0.0,0.7772998611746911,FP,confident_minilm_v1_error,"люстра vitaluce v5262-1/6+1, 7xe14 макс. 40вт","vitaluce люстра подвесная, e14, 60 вт","Название: люстра vitaluce v5262-1/6+1, 7xe14 макс. 40вт | модель: v5262-1/6+1 | тип светильника: подвес | тип цоколя: e14 | вид плафона: хрусталь | вес с упаковкой (кг): 7 кг | материал изделия: металл | высота предмета: 108 см | высота упаковки: 41 см | длина упаковки: 31 см | максимальная допустимая мощность лампы (вт): 60 вт | ширина предмета: 36 см | ширина упаковки: 41 см","Название: vitaluce люстра подвесная, e14, 60 вт | бренд: vitaluce | тип: люстра подвесная | тип крепления: крюк | тип цоколя: e14 | вид ламп: накаливания | вид питания: от сети 220в | вес товара, г: 8100 | цвет плафона: прозрачный | цвет товара: черный | материал плафона: хрусталь | комплектация: светильник | комплектация лампочками: нет | высота, мм: 1080 | количество ламп, шт: 7 | макс. мощность ламп, вт: 60","Категория: Строительство и ремонт
Название: люстра vitaluce v5262-1/6+1, 7xe14 макс. 40вт
модель: v5262-1/6+1
тип светильника: подвес
тип цоколя: e14
вид плафона: хрусталь
вес с упаковкой (кг): 7 кг
материал изделия: металл
валюта: rub
высота предмета: 108 см
высота упаковки: 41 см
длина упаковки: 31 см
максимальная допустимая мощность лампы (вт): 60 вт
форма плафона: каскад
ширина предмета: 36 см
ширина упаковки: 41 см","Категория: Строительство и ремонт
Название: vitaluce люстра подвесная, e14, 60 вт
бренд: vitaluce
тип: люстра подвесная
тип крепления: крюк
тип цоколя: e14
вид ламп: накаливания
вид питания: от сети 220в
вес товара, г: 8100
цвет плафона: прозрачный
цвет товара: черный
материал плафона: хрусталь
комплектация: светильник
комплектация лампочками: нет
высота, мм: 1080
количество ламп, шт: 7
комната: спальня
крепление: потолочное
макс. мощность ламп, вт: 60
напряжение питания, в: 220
площадь освещения, кв.м: 21
степень защиты: ip20
страна-изготовитель: россия
ширина, мм: 0"
168,178019,412316988840,154618883861,Строительство и ремонт,0.0,0.6791786926816161,FP,confident_minilm_v1_error,"vgt / эмаль vgt ак-1179 акриловая универсальная 0,23кг перламутр","vgt эмаль универсальная перламутровая светоотражающая, водно-дисперсионная, глянцевое покрытие","Название: vgt / эмаль vgt ак-1179 акриловая универсальная 0,23кг перламутр","Название: vgt эмаль универсальная перламутровая светоотражающая, водно-дисперсионная, глянцевое покрытие | бренд: vgt | тип: эмаль | тип помещения: с повышенной влажностью | вид краски: светоотражающая | вес товара, г: 230 | название цвета: хамелеон | материал основания: дерево | комплектация: 1 банка | количество компонентов: однокомпонентная | назначение: декоративное | область применения состава: для дерева | рекомендуемое количество слоев: 2 | страна-изготовитель: россия","Категория: Строительство и ремонт
Название: vgt / эмаль vgt ак-1179 акриловая универсальная 0,23кг перламутр
валюта: rub
страна производства: россия","Категория: Строительство и ремонт
Название: vgt эмаль универсальная перламутровая светоотражающая, водно-дисперсионная, глянцевое покрытие
бренд: vgt
тип: эмаль
тип помещения: с повышенной влажностью
вид краски: светоотражающая
вес товара, г: 230
название цвета: хамелеон
материал основания: дерево
комплектация: 1 банка
аэрозоль: нет
возможность колеровки: да
время высыхания, часов: 24
единиц в одном товаре: 1
количество компонентов: однокомпонентная
марка эмали: вд-ак-1179
можно мыть: да
назначение: декоративное
область применения состава: для дерева
основа краски: водно-дисперсионная
работы: внутренние
рекомендуемое количество слоев: 2
способ нанесения: валик
срок годности в днях: 730
степень блеска покрытия: глянцевое покрытие
страна-изготовитель: россия"
169,300456,704374663885,51539745066,Строительство и ремонт,0.0,0.7310585786300049,FP,lexical_surprise,mynightlight / ночник геншин импакт genshin impact аниме сяо райден,ночник геншин импакт genshin impact аниме сяо райден,Название: mynightlight / ночник геншин импакт genshin impact аниме сяо райден | цвет: прозрачный | материал плафона/абажура: пластик абс + электронные компоненты | комплектация: база для ночника - 1 шт. usb - 1 шт. пульт - 1 шт. акриловая фигурка - 1 шт. | время работы от аккумулятора: от сети ( usb провод в комплекте) | напряжение: 12 в,"Название: ночник геншин импакт genshin impact аниме сяо райден | бренд: anime store | тип: ночник | тип выключателя: пульт ду | тип цоколя: без цоколя | вид ламп: светодиодная | вид питания: батареи aa | вес товара, г: 200 | смена цвета: да | цвет плафона: черный | цвет товара: разноцветный | материал плафона: abs пластик | комплектация: база светодиодная - 1 шт. usb кабель (75мм) - 1 шт. пульт ду - 1 шт. акриловая фигурка - 1 шт. | длина шнура питания, м: 0.75 | количество режимов: 4 | количество элементов питания, шт.: 1","Категория: Строительство и ремонт
Название: mynightlight / ночник геншин импакт genshin impact аниме сяо райден
цвет: прозрачный
материал плафона/абажура: пластик абс + электронные компоненты
комплектация: база для ночника - 1 шт. usb - 1 шт. пульт - 1 шт. акриловая фигурка - 1 шт.
валюта: rub
время работы от аккумулятора: от сети ( usb провод в комплекте)
гарантийный срок: 1 год
декоративные элементы: ночник геншин импакт genshin impact аниме сяо райден
напряжение: 12 в
питание: usb; от батареек
степень пылевлагозащиты: нет влагозащиты
страна производства: россия","Категория: Строительство и ремонт
Название: ночник геншин импакт genshin impact аниме сяо райден
бренд: anime store
тип: ночник
тип выключателя: пульт ду
тип цоколя: без цоколя
вид ламп: светодиодная
вид питания: батареи aa
вес товара, г: 200
смена цвета: да
цвет плафона: черный
цвет товара: разноцветный
материал плафона: abs пластик
комплектация: база светодиодная - 1 шт. usb кабель (75мм) - 1 шт. пульт ду - 1 шт. акриловая фигурка - 1 шт.
встроенные устройства: ночник
гарантия: 1 год
длина шнура питания, м: 0.75
единиц в одном товаре: 1
защищенность: без защиты
количество режимов: 4
количество элементов питания, шт.: 1
комната: гостиная
макс. мощность ламп, вт: 5
особенности светильников: дистанционное управление
страна-изготовитель: россия
упаковка: картонная коробка"
170,349233,816043862420,438086739735,Строительство и ремонт,0.0,0.9988304896995872,FP,confident_minilm_v1_error,выключатель дифференциального тока (узо) 4п 32а 30ма тип ac 6ка узо-03 dekraft 14234dek,dekraft узо 4p 32а 30ма ac,Название: выключатель дифференциального тока (узо) 4п 32а 30ма тип ac 6ка узо-03 dekraft 14234dek | тип: ас | количество модулей: 4 | количество полюсов: 4 | номинальное напряжение: 400,"Название: dekraft узо 4p 32а 30ма ac | бренд: dekraft | партномер: 14234dek | тип: узо | тип расцепления: ac | цвет товара: зеленый | комплектация: узо - 1 шт. | количество модулей: 4 | количество полюсов: 4 | количество фаз: трехфазный | номинальное напряжение, в: 400 | страна-изготовитель: китай","Категория: Строительство и ремонт
Название: выключатель дифференциального тока (узо) 4п 32а 30ма тип ac 6ка узо-03 dekraft 14234dek
тип: ас
класс защиты: ip20
количество модулей: 4
количество полюсов: 4
номинальное напряжение: 400
номинальный ток: 32 а
принцип работы: электромеханический
ток утечки: 30 ма","Категория: Строительство и ремонт
Название: dekraft узо 4p 32а 30ма ac
бренд: dekraft
партномер: 14234dek
тип: узо
тип расцепления: ac
цвет товара: зеленый
комплектация: узо - 1 шт.
гарантия: 3 года
единиц в одном товаре: 1
количество модулей: 4
количество полюсов: 4
количество фаз: трехфазный
номинальное напряжение, в: 400
номинальный ток, а: 32
принцип действия узо: электромеханическое
страна-изготовитель: китай
ток утечки, ма: 30"
171,928,39719,566935724059,Товары для животных,0.0,0.9399133496156019,FP,confident_minilm_v1_error,monge / monge cat sterilised сухой корм с уткой для стер. кошек 10кг,"сухой корм monge pfb cat monoprotein sterilised для стерилизованных кошек, с уткой 10 кг",Название: monge / monge cat sterilised сухой корм с уткой для стер. кошек 10кг | вид вкуса корма: утка | вид животного: для кошек | размер животного: любой размер животного | вес товара без упаковки (г): 10000 г | вес товара с упаковкой (г): 10000 г | комплектация: 1 мешок 10 кг | высота упаковки: 22 см | длина упаковки: 50 см | количество предметов в упаковке: 1 шт. | назначение корма: для стерилизованных и кастрированных | основной вкус корма: утка | ширина упаковки: 40 см,"Название: сухой корм monge pfb cat monoprotein sterilised для стерилизованных кошек, с уткой 10 кг | бренд: monge | артикул: 70056281 | тип: корм сухой | вес товара, г: 10000 | вкус корма для животных: утка | предназначено для: для кошек","Категория: Товары для животных
Название: monge / monge cat sterilised сухой корм с уткой для стер. кошек 10кг
вид вкуса корма: утка
вид животного: для кошек
размер животного: любой размер животного
вес товара без упаковки (г): 10000 г
вес товара с упаковкой (г): 10000 г
комплектация: 1 мешок 10 кг
валюта: rub
возраст животного: взрослые
высота упаковки: 22 см
длина упаковки: 50 см
класс корма: супер премиум
количество предметов в упаковке: 1 шт.
назначение корма: для стерилизованных и кастрированных
основной вкус корма: утка
порода кошки: любая
срок годности: 18 - месяцев
страна производства: италия
ширина упаковки: 40 см","Категория: Товары для животных
Название: сухой корм monge pfb cat monoprotein sterilised для стерилизованных кошек, с уткой 10 кг
бренд: monge
артикул: 70056281
тип: корм сухой
вес товара, г: 10000
вкус корма для животных: утка
возраст животного: для взрослых
единиц в одном товаре: 1
предназначено для: для кошек
срок годности в днях: 730"
172,24970,51539726172,111669250393,Товары для животных,0.0,0.7772998611746911,FP,confident_minilm_v1_error,pi-pi-bent наполнитель глиняный комкующийся свежий 5000г.,pi-pi-bent / наполнитель для лотков 12 л 5 кг,"Название: pi-pi-bent наполнитель глиняный комкующийся свежий 5000г. | бренд: pi-pi-bent | тип наполнителя: комкующийся | размер гранул: мелкие (1-2 мм) | размер упаковки (длина х ширина х высота), см: 10х12х14 | объем, л: 12 | вес товара, г: 5000 | цвет товара: красный | комплектация: наполнитель pi pi bent 12 л | аромат: свежий | предназначено для: для кошек | состав наполнителя: глиняный | страна-изготовитель: россия",Название: pi-pi-bent / наполнитель для лотков 12 л 5 кг | тип наполнителя для животных: комкующийся | объем наполнителя для животных: 12,"Категория: Товары для животных
Название: pi-pi-bent наполнитель глиняный комкующийся свежий 5000г.
бренд: pi-pi-bent
тип наполнителя: комкующийся
размер гранул: мелкие (1-2 мм)
размер упаковки (длина х ширина х высота), см: 10х12х14
объем, л: 12
вес товара, г: 5000
цвет товара: красный
комплектация: наполнитель pi pi bent 12 л
аромат: свежий
возраст животного: для взрослых
единиц в одном товаре: 1
особенности наполнителя: поглощает запах
предназначено для: для кошек
состав наполнителя: глиняный
страна-изготовитель: россия
упаковка: пакет
условия хранения: в сухом прохладном месте","Категория: Товары для животных
Название: pi-pi-bent / наполнитель для лотков 12 л 5 кг
тип наполнителя для животных: комкующийся
объем наполнителя для животных: 12
валюта: rub
страна производства: россия"
173,34189,77309466120,352187340751,Товары для животных,0.0,0.5312093733737563,FP,confident_minilm_v1_error,pro plan / сухой корм для стерилизованных кошек индейка 3кг,"pro plan корм для пожилых стерилизованных кошек всех пород, индейка 3 кг",Название: pro plan / сухой корм для стерилизованных кошек индейка 3кг | вид вкуса корма: индейка | вид животного: для кошек | размер животного: любой размер животного | вес товара без упаковки (г): 3000 г | вес товара с упаковкой (г): 3010 г | комплектация: 1 упаковка - 3 кг | высота упаковки: 27 см | длина упаковки: 12 см | количество предметов в упаковке: 1 пакет | назначение корма: кастрированные | ширина упаковки: 20 см,"Название: pro plan корм для пожилых стерилизованных кошек всех пород, индейка 3 кг | бренд: pro plan | артикул: caeec391-02b5-11ea-a9ac-000c296512e3 | тип: корм сухой | размер животного: малый | вес товара, г: 3000 | вкус корма для животных: индейка | особые потребности: с избыточным весом | предназначено для: для кошек | состав: индейка 14%, сухой белок птицы, рис, кукурузный глютен, пшеничный глютен, пшеница, волокна пшеницы, продукты переработки растительного сырья, кукурузный крахмал, яичный порошок, животный жир, рыбий жир, сухой корень цикория, масло соевое, минеральные вещества, витамины, рыбий жир, вкусоароматическая кормовая добавка, дрожжи, антиоксиданты | страна-изготовитель: россия","Категория: Товары для животных
Название: pro plan / сухой корм для стерилизованных кошек индейка 3кг
вид вкуса корма: индейка
вид животного: для кошек
размер животного: любой размер животного
вес товара без упаковки (г): 3000 г
вес товара с упаковкой (г): 3010 г
комплектация: 1 упаковка - 3 кг
валюта: rub
возраст животного: взрослые
высота упаковки: 27 см
длина упаковки: 12 см
класс корма: супер-премиум
количество предметов в упаковке: 1 пакет
назначение корма: кастрированные
порода кошки: любая порода кошек
срок годности: 2г
страна производства: россия
ширина упаковки: 20 см","Категория: Товары для животных
Название: pro plan корм для пожилых стерилизованных кошек всех пород, индейка 3 кг
бренд: pro plan
артикул: caeec391-02b5-11ea-a9ac-000c296512e3
тип: корм сухой
размер животного: малый
вес товара, г: 3000
вкус корма для животных: индейка
возраст животного: для взрослых
единиц в одном товаре: 1
основной ингредиент: птица
особые потребности: с избыточным весом
предназначено для: для кошек
состав: индейка 14%, сухой белок птицы, рис, кукурузный глютен, пшеничный глютен, пшеница, волокна пшеницы, продукты переработки растительного сырья, кукурузный крахмал, яичный порошок, животный жир, рыбий жир, сухой корень цикория, масло соевое, минеральные вещества, витамины, рыбий жир, вкусоароматическая кормовая добавка, дрожжи, антиоксиданты
срок годности в днях: 547
страна-изготовитель: россия
упаковка: пакет"
174,93285,214748453771,712964700773,Товары для животных,0.0,0.8933094110250331,FP,confident_minilm_v1_error,искусственное растение для аквариума и террариума пижон аква зелёное 10 см 5 шт,"пижон аква растение искусственное аквариумное, 10 см, зелёное, пластик, 5 штук","Название: искусственное растение для аквариума и террариума пижон аква зелёное 10 см 5 шт | бренд: пижон аква | артикул производителя: 6772709 | код товара: 100059300989 | тип товара: искусственное растение | вид растения: другое | цвет: зеленый | материал: пластик; полистоун | комплектация: растение - 5 шт. | высота, в сантиметрах: 10 | длина, в сантиметрах: 3 | количество в упаковке: 5 | назначение: для аквариума | особенности: нетоксичный материал; устойчивость к соленой воде | ширина, в сантиметрах: 2","Название: пижон аква растение искусственное аквариумное, 10 см, зелёное, пластик, 5 штук | бренд: пижон аква | тип: декорация для аквариума | вид декорации: растение | размер упаковки (длина х ширина х высота), см: 12х4х12 | размеры, мм: 100 | вес товара, г: 6 | цвет товара: зеленый | материал: пластик | комплектация: пижон аква растение искусственное аквариумное 5 штук | страна-изготовитель: китай","Категория: Товары для животных
Название: искусственное растение для аквариума и террариума пижон аква зелёное 10 см 5 шт
бренд: пижон аква
артикул производителя: 6772709
код товара: 100059300989
тип товара: искусственное растение
вид растения: другое
цвет: зеленый
материал: пластик; полистоун
комплектация: растение - 5 шт.
высота, в сантиметрах: 10
длина, в сантиметрах: 3
количество в упаковке: 5
назначение: для аквариума
особенности: нетоксичный материал; устойчивость к соленой воде
расположение растения: на подставке
с грузом: да
форма: куст
ширина, в сантиметрах: 2","Категория: Товары для животных
Название: пижон аква растение искусственное аквариумное, 10 см, зелёное, пластик, 5 штук
бренд: пижон аква
тип: декорация для аквариума
вид декорации: растение
размер упаковки (длина х ширина х высота), см: 12х4х12
размеры, мм: 100
вес товара, г: 6
цвет товара: зеленый
материал: пластик
комплектация: пижон аква растение искусственное аквариумное 5 штук
единиц в одном товаре: 5
страна-изготовитель: китай
упаковка: пакет"
175,171066,395137140969,687194828315,Товары для животных,0.0,0.9706877672877219,FP,component_companion,"пушистое счастье ошейник для собак и кошек с фастексом «неон», 30 х 1 см","пушистое счастье, ошейник для собак и кошек с фастексом ""неон"" , 30 х 1 см, цвет микс","Название: пушистое счастье ошейник для собак и кошек с фастексом «неон», 30 х 1 см | тип: ошейник | размер собаки: маленький | цвет товара: микс | ширина ленты: 10 мм","Название: пушистое счастье, ошейник для собак и кошек с фастексом ""неон"" , 30 х 1 см, цвет микс | бренд: пушистое счастье | тип: ошейник | вид ошейника: декоративный | размер животного: малый | размер одежды/аксессуара для животных: безразмерный | размер упаковки (длина х ширина х высота), см: 10х3х10 | размеры, мм: 300х10 | вес товара, г: 22 | цвет товара: разноцветный | материал: пластик | комплектация: пушистое счастье, ошейник для собак и кошек с фастексом ""неон"" , 30 х 1 см, цвет микс, 1 штука. | длина ошейника общая, см: 30 | предназначено для: для кошек | страна-изготовитель: китай | ширина ошейника, мм: 10","Категория: Товары для животных
Название: пушистое счастье ошейник для собак и кошек с фастексом «неон», 30 х 1 см
тип: ошейник
размер собаки: маленький
цвет товара: микс
обхват шеи: 30 см
особенности: универсальный
ширина ленты: 10 мм","Категория: Товары для животных
Название: пушистое счастье, ошейник для собак и кошек с фастексом ""неон"" , 30 х 1 см, цвет микс
бренд: пушистое счастье
тип: ошейник
вид ошейника: декоративный
размер животного: малый
размер одежды/аксессуара для животных: безразмерный
размер упаковки (длина х ширина х высота), см: 10х3х10
размеры, мм: 300х10
вес товара, г: 22
цвет товара: разноцветный
материал: пластик
комплектация: пушистое счастье, ошейник для собак и кошек с фастексом ""неон"" , 30 х 1 см, цвет микс, 1 штука.
длина ошейника общая, см: 30
единиц в одном товаре: 1
обхват шеи максимальный, cм: 30
обхват шеи, см: 30
особенности ошейника: влагозащитный
предназначено для: для кошек
страна-изготовитель: китай
ширина ошейника, мм: 10"
176,261808,609885477208,42949719578,Товары для животных,0.0,0.798186775339273,FP,lexical_surprise,"пижон / рулетка 'пижон' с прорезиненной ручкой, 3 м, до 15 кг, трос,","рулетка ""пижон"" с прорезиненной ручкой, 3 м, до 15 кг, трос, серо-голубая","Название: пижон / рулетка 'пижон' с прорезиненной ручкой, 3 м, до 15 кг, трос, | комплектация: уточни у продавца","Название: рулетка ""пижон"" с прорезиненной ручкой, 3 м, до 15 кг, трос, серо-голубая | бренд: пижон | тип: поводок | вид поводка: рулетка | цвет товара: серый | материал: металл | длина поводка, м: 3 | страна-изготовитель: китай","Категория: Товары для животных
Название: пижон / рулетка 'пижон' с прорезиненной ручкой, 3 м, до 15 кг, трос,
комплектация: уточни у продавца
валюта: rub
страна производства: китай","Категория: Товары для животных
Название: рулетка ""пижон"" с прорезиненной ручкой, 3 м, до 15 кг, трос, серо-голубая
бренд: пижон
тип: поводок
вид поводка: рулетка
цвет товара: серый
материал: металл
длина поводка, м: 3
макс. нагрузка, кг: 15
страна-изготовитель: китай"
177,321087,747324430579,360777405764,Товары для животных,0.0,0.5926665999540697,FP,confident_minilm_v1_error,сухой корм purina one природа здоровья с курицей повседневный для кошек 680 г,"сухой корм purinа one для взрослых кошек, природа здоровья, курица 680 г","Название: сухой корм purina one природа здоровья с курицей повседневный для кошек 680 г | тип изделия: сухой корм | вид животного: кошки | размер: 1 шт | размер животного: гигантские, средние, маленькие, крупные | вес: 680.0 г | количество в упаковке: 1 шт | назначение: повседневные | основной вкус: курица | особенности состава: без красителей, без ароматизаторов | примечание к составу: натуральные ингредиенты. | состав: курица (17,0%), сухой белок птицы, пшеница, ячмень, растительная мука, кукуруза, животные жиры, белок гороха, высушенный корень цикория (2,0%), минеральные вещества, гидролизат белка животного происхождения, сухие дрожжи, аминокислоты, консерванты, спирулина (0,2%), антиоксиданты.","Название: сухой корм purinа one для взрослых кошек, природа здоровья, курица 680 г | бренд: нет бренда | артикул: 100034 | тип: корм сухой | размер упаковки (длина х ширина х высота), см: 27 см × 19 см × 8 см | предназначено для: для кошек | страна-изготовитель: россия","Категория: Товары для животных
Название: сухой корм purina one природа здоровья с курицей повседневный для кошек 680 г
тип изделия: сухой корм
вид животного: кошки
размер: 1 шт
размер животного: гигантские, средние, маленькие, крупные
вес: 680.0 г
возраст: взрослые (1-6 лет)
класс ингредиентов: премиум
количество в упаковке: 1 шт
назначение: повседневные
основной вкус: курица
особенности состава: без красителей, без ароматизаторов
примечание к составу: натуральные ингредиенты.
производитель: нестле россия ооо
состав: курица (17,0%), сухой белок птицы, пшеница, ячмень, растительная мука, кукуруза, животные жиры, белок гороха, высушенный корень цикория (2,0%), минеральные вещества, гидролизат белка животного происхождения, сухие дрожжи, аминокислоты, консерванты, спирулина (0,2%), антиоксиданты.
срок хранения: 18 мес
страна: россия
условия хранения: при температуре от +5°с до +35°с
штук в упаковке: 1","Категория: Товары для животных
Название: сухой корм purinа one для взрослых кошек, природа здоровья, курица 680 г
бренд: нет бренда
артикул: 100034
тип: корм сухой
размер упаковки (длина х ширина х высота), см: 27 см × 19 см × 8 см
возраст животного: для взрослых
единиц в одном товаре: 1
предназначено для: для кошек
срок годности в днях: 365
страна-изготовитель: россия
условия хранения: при температуре от +1`с до +30`с"
178,356509,833223747301,472446461603,Товары для животных,0.0,0.9579122687801985,FP,confident_minilm_v1_error,"farmina / n&d для собак мелких тыква, ягнёнок, черника 2.5кг","корм сухой farmina ""n&d"" для собак мелких пород, беззерновой, с ягненком и черникой, 2,5 кг","Название: farmina / n&d для собак мелких тыква, ягнёнок, черника 2.5кг | вид вкуса корма: ягненок | вид животного: для собак | размер животного: малый | вес товара без упаковки (г): 2500 г | вес товара с упаковкой (г): 2500 г | высота упаковки: 37 см | длина упаковки: 10 см | количество предметов в упаковке: 1 шт. | назначение корма: беззерновой; для чувствительного пищеварения; для поддержания здоровья кожи и шерсти | основной вкус корма: ягненок; тыква; черника | состав: ягнёнок; куриный жир; тыква; морковь сушеная; сельдь свежая | ширина упаковки: 25 см","Название: корм сухой farmina ""n&d"" для собак мелких пород, беззерновой, с ягненком и черникой, 2,5 кг | бренд: farmina | артикул: 13911 | тип: корм сухой | размер животного: малый | размер упаковки (длина х ширина х высота), см: 39 x 26 x 9 | вес товара, г: 2500 | комплектация: корм сухой farmina ""n&d"" для собак мелких пород, беззерновой, с ягненком и черникой, 2,5 кг | вкус корма для животных: ягнёнок | предназначено для: для собак | состав: свежее мясо ягненка без костей (26%), дегидратированное мясо ягненка (25%), картофель, дегидратированные цельные яйца, свежая сельдь, дегидратированная сельдь, животный жир, рыбий жир, волокна гороха, сушеная морковь, сушеная люцерна, инулин, фруктоолигосахариды, маннанолигосахариды, порошок черники (0,5%), дегидратированные яблоки, порошок граната, дегидратированный сладкий апельсин, порошок шпината, подорожник (0,3%), порошок черной смородины, хлорид натрия, дрожжи сухие пивные, корень куркумы (0,2%), глюкозамин, хондроитин сульфат, экстракт календулы (источник лютеина) | страна-изготовитель: сербия","Категория: Товары для животных
Название: farmina / n&d для собак мелких тыква, ягнёнок, черника 2.5кг
вид вкуса корма: ягненок
вид животного: для собак
размер животного: малый
вес товара без упаковки (г): 2500 г
вес товара с упаковкой (г): 2500 г
валюта: rub
возраст животного: взрослые
высота упаковки: 37 см
длина упаковки: 10 см
класс корма: холистик
количество предметов в упаковке: 1 шт.
назначение корма: беззерновой; для чувствительного пищеварения; для поддержания здоровья кожи и шерсти
основной вкус корма: ягненок; тыква; черника
порода собаки: любая порода; любой; любая
состав: ягнёнок; куриный жир; тыква; морковь сушеная; сельдь свежая
срок годности: 18 месяцев
страна производства: сербия
ширина упаковки: 25 см","Категория: Товары для животных
Название: корм сухой farmina ""n&d"" для собак мелких пород, беззерновой, с ягненком и черникой, 2,5 кг
бренд: farmina
артикул: 13911
тип: корм сухой
размер животного: малый
размер упаковки (длина х ширина х высота), см: 39 x 26 x 9
вес товара, г: 2500
комплектация: корм сухой farmina ""n&d"" для собак мелких пород, беззерновой, с ягненком и черникой, 2,5 кг
вкус корма для животных: ягнёнок
возраст животного: для взрослых
единиц в одном товаре: 1
класс корма: холистик
минеральные вещества: витамин а 15000ме; витамин d3 1500ме; витамин е 600мг; витамин с 150мг; витамин pp 37,5мг; пантотеновая кислота 15мг; витамин в2 7,5мг; витамин в6 6мг; витамин в1 4,5мг; витамин н 0,38мг; фолиевая кислота 0,45мг; витамин в12 0,1мг; холина хлорид 2500мг; б
основной ингредиент: мясо
особенности: беззерновой корм
особые потребности: гиперактивные
порода собаки: для любой породы
предназначено для: для собак
содержание мяса, субпродуктов, %: 51
состав: свежее мясо ягненка без костей (26%), дегидратированное мясо ягненка (25%), картофель, дегидратированные цельные яйца, свежая сельдь, дегидратированная сельдь, животный жир, рыбий жир, волокна гороха, сушеная морковь, сушеная люцерна, инулин, фруктоолигосахариды, маннанолигосахариды, порошок черники (0,5%), дегидратированные яблоки, порошок граната, дегидратированный сладкий апельсин, порошок шпината, подорожник (0,3%), порошок черной смородины, хлорид натрия, дрожжи сухие пивные, корень куркумы (0,2%), глюкозамин, хондроитин сульфат, экстракт календулы (источник лютеина)
срок годности в днях: 540
страна-изготовитель: сербия
упаковка: пластиковый пакет
условия хранения: в сухом прохладном месте"
179,56557,128849120298,498216302504,Хобби и творчество,0.0,0.8354835309589073,FP,confident_minilm_v1_error,"трафарет ""солнце"" 9х9 см","не определен трафарет для татуировки ""солнце"" 9х9 см","Название: трафарет ""солнце"" 9х9 см | бренд: нет бренда | тип: трафарет для рисования | количество в упаковке, шт: 1","Название: не определен трафарет для татуировки ""солнце"" 9х9 см | тип: трафарет","Категория: Хобби и творчество
Название: трафарет ""солнце"" 9х9 см
бренд: нет бренда
тип: трафарет для рисования
количество в упаковке, шт: 1","Категория: Хобби и творчество
Название: не определен трафарет для татуировки ""солнце"" 9х9 см
тип: трафарет"
180,59012,137439007437,309237646982,Хобби и творчество,0.0,0.5,FP,confident_minilm_v1_error,"noname трафарет ""узор"" 24х16 см","трафарет ""узор"" 24х16 см","Название: noname трафарет ""узор"" 24х16 см | тип: трафарет | материал: пластик","Название: трафарет ""узор"" 24х16 см | бренд: нет бренда | тип: трафарет для рисования | количество в упаковке, шт: 1","Категория: Хобби и творчество
Название: noname трафарет ""узор"" 24х16 см
тип: трафарет
материал: пластик","Категория: Хобби и творчество
Название: трафарет ""узор"" 24х16 см
бренд: нет бренда
тип: трафарет для рисования
количество в упаковке, шт: 1"
181,77386,180388686566,816043906666,Хобби и творчество,0.0,0.6224593312018546,FP,lexical_surprise,"набор учёного ""телескоп и микроскоп"", 3-х кратное увеличение, световые эффекты, работает от батареек","эврики набор учёного «телескоп+микроскоп», 3-х кратное увеличение, световые эффекты, работает от батареек","Название: набор учёного ""телескоп и микроскоп"", 3-х кратное увеличение, световые эффекты, работает от батареек | бренд: нет бренда | тип: телескоп детский","Название: эврики набор учёного «телескоп+микроскоп», 3-х кратное увеличение, световые эффекты, работает от батареек | тип: телескоп | тип батареек: lr44 (v13ga, ag13, lr1154, sr44)","Категория: Хобби и творчество
Название: набор учёного ""телескоп и микроскоп"", 3-х кратное увеличение, световые эффекты, работает от батареек
бренд: нет бренда
тип: телескоп детский","Категория: Хобби и творчество
Название: эврики набор учёного «телескоп+микроскоп», 3-х кратное увеличение, световые эффекты, работает от батареек
тип: телескоп
тип батареек: lr44 (v13ga, ag13, lr1154, sr44)
минимальный возраст: от 8 лет
предмет наблюдения: звезды, планеты
срок службы: 12 мес."
182,110917,257698123733,42949770638,Хобби и творчество,0.0,0.9626731105140616,FP,confident_minilm_v1_error,"настольная игра ""в поисках деда мороза""",лас играс настольная игра «в поисках деда мороза»,"Название: настольная игра ""в поисках деда мороза"" | бренд: лас играс kids | тип: настольная игра | вид выпуска товара: фабричное производство | страна-изготовитель: россия","Название: лас играс настольная игра «в поисках деда мороза» | тип: настольная игра | тип игры: бродилка, семейная | материал: картон | количество игроков: 4","Категория: Хобби и творчество
Название: настольная игра ""в поисках деда мороза""
бренд: лас играс kids
тип: настольная игра
вид выпуска товара: фабричное производство
страна-изготовитель: россия","Категория: Хобби и творчество
Название: лас играс настольная игра «в поисках деда мороза»
тип: настольная игра
тип игры: бродилка, семейная
материал: картон
возраст от: 3 лет
время партии: 40 минут
количество игроков: 4
тематика: животные и птицы"
183,134025,309237811745,154618823119,Хобби и творчество,0.0,0.9859363735766059,FP,confident_minilm_v1_error,"madeira / нитки rayon №40, 200 м, арт.9840","швейные нитки madeira rayon №40, 200 м, цвет 1020 арт.9840","Название: madeira / нитки rayon №40, 200 м, арт.9840 | тип аксессуара для рукоделия: нитки; нитки для шитья; нитки для кожи | материал изделия: вискоза 100% | комплектация: швейные нитки - 1 шт. | длина предмета: 3.2 см | количество предметов в упаковке: 1 | ширина предмета: 3 см","Название: швейные нитки madeira rayon №40, 200 м, цвет 1020 арт.9840 | бренд: madeira | тип: нитки | вес товара, г: 40 | название цвета: 1020 | цвет ниток: однотонный | комплектация: 1 катушка | длина, м: 200 | количество в упаковке, шт: 1 | состав ниток: вискоза | страна-изготовитель: германия","Категория: Хобби и творчество
Название: madeira / нитки rayon №40, 200 м, арт.9840
тип аксессуара для рукоделия: нитки; нитки для шитья; нитки для кожи
материал изделия: вискоза 100%
комплектация: швейные нитки - 1 шт.
валюта: rub
возрастные ограничения: нет ограничений
длина предмета: 3.2 см
количество предметов в упаковке: 1
страна производства: германия
ширина предмета: 3 см","Категория: Хобби и творчество
Название: швейные нитки madeira rayon №40, 200 м, цвет 1020 арт.9840
бренд: madeira
тип: нитки
вес товара, г: 40
название цвета: 1020
цвет ниток: однотонный
комплектация: 1 катушка
длина, м: 200
количество в упаковке, шт: 1
номер: 40
состав ниток: вискоза
страна-изготовитель: германия"
184,152865,360777283655,773094203971,Хобби и творчество,0.0,0.5926665999540697,FP,confident_minilm_v1_error,трафарет пластик 'разные бабочки' 16х22 см,"не определен трафарет пластик ""бабочки разные"" 16х22 см",Название: трафарет пластик 'разные бабочки' 16х22 см | бренд: арт узор | тип: трафарет для рисования,"Название: не определен трафарет пластик ""бабочки разные"" 16х22 см | тип: трафарет | размер трафарета (дхш): 22x16 cм | материал: пластик","Категория: Хобби и творчество
Название: трафарет пластик 'разные бабочки' 16х22 см
бренд: арт узор
тип: трафарет для рисования","Категория: Хобби и творчество
Название: не определен трафарет пластик ""бабочки разные"" 16х22 см
тип: трафарет
размер трафарета (дхш): 22x16 cм
материал: пластик"
185,248042,584115555492,670015016467,Хобби и творчество,0.0,0.5312093733737563,FP,confident_minilm_v1_error,развивающая игра накорми зверушку (2 основы+ ложка+ 20 элементов),"развивающая игра лесная мастерская ""накорми зверушку"" (2 основы+ ложка+ 20 элементов)","Название: развивающая игра накорми зверушку (2 основы+ ложка+ 20 элементов) | бренд: лесная мастерская | артикул: 3627093 | тип: головоломка | вид выпуска товара: фабричное производство | вид головоломки: головоломки рубика | размеры, мм: 160×220×220 | образец цвета: https://cdn1.ozone.ru/s3/multimedia-i/6640995006.jpg | цвет товара: разноцветный | материал: дерево | комплектация: развивающая игра 1 шт | страна-изготовитель: китай","Название: развивающая игра лесная мастерская ""накорми зверушку"" (2 основы+ ложка+ 20 элементов) | тип: настольная игра | тип игры: логическая | материал: дерево, картон","Категория: Хобби и творчество
Название: развивающая игра накорми зверушку (2 основы+ ложка+ 20 элементов)
бренд: лесная мастерская
артикул: 3627093
тип: головоломка
вид выпуска товара: фабричное производство
вид головоломки: головоломки рубика
размеры, мм: 160×220×220
образец цвета: https://cdn1.ozone.ru/s3/multimedia-i/6640995006.jpg
цвет товара: разноцветный
материал: дерево
комплектация: развивающая игра 1 шт
возраст ребенка: от 3 лет
единиц в одном товаре: 1
минимальный возраст ребенка: от 3 лет
принцип игры: перемещение сегментов
страна-изготовитель: китай
упаковка: картонная коробка","Категория: Хобби и творчество
Название: развивающая игра лесная мастерская ""накорми зверушку"" (2 основы+ ложка+ 20 элементов)
тип: настольная игра
тип игры: логическая
материал: дерево, картон
возраст от: 7 лет"
186,258779,601295571056,790274098021,Хобби и творчество,0.0,0.8670357683915538,FP,confident_minilm_v1_error,книга сфера с наклейками создай портрет. наклейки. создай стильный образ девочек 1,тц сфера / книга сфера создай портрет. наклейки. создай стильный образ девочек,Название: книга сфера с наклейками создай портрет. наклейки. создай стильный образ девочек 1 | бренд: нет бренда | тип: набор наклеек,Название: тц сфера / книга сфера создай портрет. наклейки. создай стильный образ девочек | комплектация: книга 1шт.,"Категория: Хобби и творчество
Название: книга сфера с наклейками создай портрет. наклейки. создай стильный образ девочек 1
бренд: нет бренда
тип: набор наклеек","Категория: Хобби и творчество
Название: тц сфера / книга сфера создай портрет. наклейки. создай стильный образ девочек
комплектация: книга 1шт.
валюта: rub
жанры/тематика: детское творчество и досуг
страна производства: россия
языки: русский"
187,271203,635655210916,584115691684,Хобби и творчество,0.0,0.8519528000888387,FP,lexical_surprise,"наполнение для слайма, светится в темноте (набор 5 цветов) по 5 г","с / наполнение для слайма, светится в темноте (набор 5 цветов)","Название: наполнение для слайма, светится в темноте (набор 5 цветов) по 5 г | бренд: нет бренда | тип: набор для опытов","Название: с / наполнение для слайма, светится в темноте (набор 5 цветов) | цвет: голубой, желтый, зеленый, оранжевый | материал изделия: пластик | комплектация: наполнение для слайма, светится в темноте (набор 5 цветов) по 5 г - 1 шт. | высота упаковки: 1 см | длина упаковки: 21 см | ширина упаковки: 8 см","Категория: Хобби и творчество
Название: наполнение для слайма, светится в темноте (набор 5 цветов) по 5 г
бренд: нет бренда
тип: набор для опытов
минимальный возраст ребенка: от 5 лет","Категория: Хобби и творчество
Название: с / наполнение для слайма, светится в темноте (набор 5 цветов)
цвет: голубой, желтый, зеленый, оранжевый
материал изделия: пластик
комплектация: наполнение для слайма, светится в темноте (набор 5 цветов) по 5 г - 1 шт.
валюта: rub
высота упаковки: 1 см
длина упаковки: 21 см
страна производства: китай
ширина упаковки: 8 см"
188,285358,670014952201,455266571507,Хобби и творчество,0.0,0.5926665999540697,FP,confident_minilm_v1_error,"дарите счастье наклейка для окон «волшебного нового года!», многоразовая, 33 × 50 см","наклейки для окон волшебный новый год, многоразовая, 33 х 50 см","Название: дарите счастье наклейка для окон «волшебного нового года!», многоразовая, 33 × 50 см | материал: пластик | длина: 50 см | комплект: да | назначение: на стекло | ширина: 33 см","Название: наклейки для окон волшебный новый год, многоразовая, 33 х 50 см | бренд: арт узор | тип: наклейка декоративная | вес товара, г: 50 | материал: пвх (поливинилхлорид) | количество в упаковке, шт: 1","Категория: Хобби и творчество
Название: дарите счастье наклейка для окон «волшебного нового года!», многоразовая, 33 × 50 см
материал: пластик
длина: 50 см
комплект: да
назначение: на стекло
особенности: термостойкость
ширина: 33 см","Категория: Хобби и творчество
Название: наклейки для окон волшебный новый год, многоразовая, 33 х 50 см
бренд: арт узор
тип: наклейка декоративная
вес товара, г: 50
материал: пвх (поливинилхлорид)
возраст ребенка: от 5 лет
количество в упаковке, шт: 1
максимальный возраст ребенка: до 18 лет
минимальный возраст ребенка: от 5 лет
пол ребенка: унисекс
тематика: абстракция"
189,297853,695784795040,558345828441,Хобби и творчество,0.0,0.8354835309589073,FP,confident_minilm_v1_error,"disney набор для рисования в темноте «холодное сердце: магия света», а4","набор для рисования в темноте ""холодное сердце: магия света""","Название: disney набор для рисования в темноте «холодное сердце: магия света», а4 | тип питания: от батареек | высота: 29 см","Название: набор для рисования в темноте ""холодное сердце: магия света"" | бренд: disney | тип: экран для рисования | страна-изготовитель: китай","Категория: Хобби и творчество
Название: disney набор для рисования в темноте «холодное сердце: магия света», а4
тип питания: от батареек
высота: 29 см
особенности: свет
рекомендуемый возраст: от 3 лет","Категория: Хобби и творчество
Название: набор для рисования в темноте ""холодное сердце: магия света""
бренд: disney
тип: экран для рисования
страна-изготовитель: китай"
190,46795,103079340041,601295527802,Электроника,0.0,0.5926665999540697,FP,confident_minilm_v1_error,easyprint картридж cc364a (64a) для принтера hp laserjet p4015x; p4515n; p4515tn; p4515x; p4515xm,картридж cc364a (64a) для принтера hp laserjet p4014; p4014dn; p4014n; p4015dn; p4015n; p4015tn,"Название: easyprint картридж cc364a (64a) для принтера hp laserjet p4015x; p4515n; p4515tn; p4515x; p4515xm | модель совместимого принтера: hp laserjet 4014dn, hp laserjet 4014n, hp laserjet 4015dn, hp laserjet 4015n, hp laserjet 4015tn, hp laserjet 4015x, hp laserjet 4515n, hp laserjet 4515tn, hp laserjet 4515x, hp laserjet 4515xm, hp laserjet p4014dn, hp laserjet p4014n, hp laserjet p4015dn, hp laserjet p4015n, hp laserjet p4015tn, hp laserjet p4015x, hp laserjet p4515n, hp laserjet p4515tn, hp laserjet p4515x, hp laserjet p4515xm | тип: картридж | цвет картриджа: черный | назначение: для лазерной печати | производитель совместимого устройства: hp | совместимый: есть","Название: картридж cc364a (64a) для принтера hp laserjet p4014; p4014dn; p4014n; p4015dn; p4015n; p4015tn | бренд: nv print | тип: расходник для печати | тип расходного материала для печати: картридж | размеры, мм: 150x150x300 | вес товара, г: 800 | количество цветов: 1 | цвет тонера/чернил: черный (black) | цветность: черно-белый | комплектация: картридж, гарантийный талон | количество в упаковке, шт: 1 | назначение: для лазерного принтера | оригинальность расходника: совместимый | страна-изготовитель: китай","Категория: Электроника
Название: easyprint картридж cc364a (64a) для принтера hp laserjet p4015x; p4515n; p4515tn; p4515x; p4515xm
модель совместимого принтера: hp laserjet 4014dn, hp laserjet 4014n, hp laserjet 4015dn, hp laserjet 4015n, hp laserjet 4015tn, hp laserjet 4015x, hp laserjet 4515n, hp laserjet 4515tn, hp laserjet 4515x, hp laserjet 4515xm, hp laserjet p4014dn, hp laserjet p4014n, hp laserjet p4015dn, hp laserjet p4015n, hp laserjet p4015tn, hp laserjet p4015x, hp laserjet p4515n, hp laserjet p4515tn, hp laserjet p4515x, hp laserjet p4515xm
тип: картридж
цвет картриджа: черный
назначение: для лазерной печати
особенности: с чипом
производитель совместимого устройства: hp
ресурс: 10000 страниц
совместимый: есть","Категория: Электроника
Название: картридж cc364a (64a) для принтера hp laserjet p4014; p4014dn; p4014n; p4015dn; p4015n; p4015tn
бренд: nv print
тип: расходник для печати
тип расходного материала для печати: картридж
размеры, мм: 150x150x300
вес товара, г: 800
количество цветов: 1
цвет тонера/чернил: черный (black)
цветность: черно-белый
комплектация: картридж, гарантийный талон
гарантийный срок: 1 год
емкость: увеличенная
количество в упаковке, шт: 1
назначение: для лазерного принтера
оригинальность расходника: совместимый
ресурс: 10000
страна-изготовитель: китай"
191,80227,188978566353,197568647665,Электроника,0.0,0.5312093733737563,FP,confident_minilm_v1_error,hoco / автомобильное зарядное устройство hoco z32( black),"автомобильное зарядное устройство hoco z32 speed up, 1xusb, 3a, 18w, серый металлик",Название: hoco / автомобильное зарядное устройство hoco z32( black) | модель: адаптер переходник; адаптер для зарядки телефона; зарядка для авто | тип зарядного устройства: зарядка в прикуриватель; автозарядка; разветвитель | вид разъема: usb; usb type-a | вес товара с упаковкой (г): 65 г | материал корпуса: abs-пластик | высота упаковки: 4 см | длина кабеля (м): нет в комплекте | длина упаковки: 17 см | совместимость: со всеми электронными устройствами; samsung; apple; iphone; huawei; oppo; xiaomi; realme; honor; mi | ширина упаковки: 10 см,"Название: автомобильное зарядное устройство hoco z32 speed up, 1xusb, 3a, 18w, серый металлик | бренд: hoco | тип: автомобильное зарядное устройство | размеры, мм: 23*23*52 | цвет товара: серый металлик | комплектация: автомобильное зарядное устройство | комплектация зарядного устройства: без кабеля | выходное напряжение, в: 24 | выходной коннектор: usb 3.0 тип a (разъем) | количество выходных разъемов: 1 | макс. выходная мощность, вт: 18 | назначение: для видеорегистраторов | список совместимых устройств: android, iphone, samsung, xiaomi, huawei, realmi, oppo, honor | страна-изготовитель: китай","Категория: Электроника
Название: hoco / автомобильное зарядное устройство hoco z32( black)
модель: адаптер переходник; адаптер для зарядки телефона; зарядка для авто
тип зарядного устройства: зарядка в прикуриватель; автозарядка; разветвитель
вид разъема: usb; usb type-a
вес товара с упаковкой (г): 65 г
материал корпуса: abs-пластик
валюта: rub
высота упаковки: 4 см
длина кабеля (м): нет в комплекте
длина упаковки: 17 см
совместимость: со всеми электронными устройствами; samsung; apple; iphone; huawei; oppo; xiaomi; realme; honor; mi
страна производства: китай
число ступеней регулировки тока зарядки: автоматическая
ширина упаковки: 10 см","Категория: Электроника
Название: автомобильное зарядное устройство hoco z32 speed up, 1xusb, 3a, 18w, серый металлик
бренд: hoco
тип: автомобильное зарядное устройство
размеры, мм: 23*23*52
цвет товара: серый металлик
комплектация: автомобильное зарядное устройство
комплектация зарядного устройства: без кабеля
входной коннектор: автомобильный прикуриватель (штекер)
выходное напряжение, в: 24
выходной коннектор: usb 3.0 тип a (разъем)
гарантийный срок: 3 месяца
количество выходных разъемов: 1
макс. выходная мощность, вт: 18
макс. выходной ток, а: 3
назначение: для видеорегистраторов
подходит для: alcatel
список совместимых устройств: android, iphone, samsung, xiaomi, huawei, realmi, oppo, honor
стандарт быстрой зарядки: quick charge 3.0
страна-изготовитель: китай"
192,85756,197568573181,712964643648,Электроника,0.0,0.8933094110250331,FP,confident_minilm_v1_error,телескоп sky-watcher ru dob 10 250/1200 retractable 67841,"телескоп sky-watcher dob 10"" (250/1200)","Название: телескоп sky-watcher ru dob 10 250/1200 retractable 67841 | тип: рефлектор | тип монтировки: добсона | вес нетто: 15 кг | вес, кг: 34,00 | цвет: белый | комплектация: искатель: нет | комплектация: окуляры: есть | высота, мм: 620 | диаметр объектива: 254 мм | длина, мм: 950 | посадочный диаметр окуляров: 1.25/2 дюйм | ширина, мм: 470","Название: телескоп sky-watcher dob 10"" (250/1200) | бренд: sky-watcher | тип: телескоп | тип телескопа: рефлектор | цвет товара: белый | диаметр объектива, мм: 254 | принадлежности в комплекте: искатель","Категория: Электроника
Название: телескоп sky-watcher ru dob 10 250/1200 retractable 67841
тип: рефлектор
тип монтировки: добсона
вес нетто: 15 кг
вес, кг: 34,00
цвет: белый
комплектация: искатель: нет
комплектация: окуляры: есть
высота, мм: 620
диаметр объектива: 254 мм
длина, мм: 950
единица товара: штука
мах полезное увеличение: 508 х
относительное отверстие: f/4.7
посадочный диаметр окуляров: 1.25/2 дюйм
фокусное расстояние: 1200 мм
ширина, мм: 470","Категория: Электроника
Название: телескоп sky-watcher dob 10"" (250/1200)
бренд: sky-watcher
тип: телескоп
тип телескопа: рефлектор
цвет товара: белый
гарантийный срок: 3 года
диаметр объектива, мм: 254
конструктивные особенности: сменный окуляр
макс. увеличение, крат: 508
монтировка: азимутальная
предельная звёздная величина (разрешение): 14.7
принадлежности в комплекте: искатель
фокусное расстояние, мм: 1200"
193,262304,609885498987,532576042685,Электроника,0.0,0.5,FP,confident_minilm_v1_error,western digital wd жесткий диск 6tb wd (hgst) ultrastar dc hc310 (0b36039),western digital 6 тб внутренний жесткий диск (0b36039),Название: western digital wd жесткий диск 6tb wd (hgst) ultrastar dc hc310 (0b36039) | тип: hdd | объем буфера: 256 мб | вес: 715 г | назначение: для сервера,"Название: western digital 6 тб внутренний жесткий диск (0b36039) | бренд: western digital | тип: внутренний жесткий диск | размеры, мм: 147 x 101.6 x 26.1 | объем: 6 тб | объем буферной памяти, мб: 256 | вес товара, г: 715 | цвет товара: черный | комплектация: 0b36039 | страна-изготовитель: малайзия","Категория: Электроника
Название: western digital wd жесткий диск 6tb wd (hgst) ultrastar dc hc310 (0b36039)
тип: hdd
объем буфера: 256 мб
вес: 715 г
время наработки на отказ: 2000000 ч
гарантийный срок: 1 г.
емкость: 6 тб
интерфейсы: sata 6gb/s
макс. скорость интерфейса: 600 мб/с
назначение: для сервера
скорость вращения: 7200 об/мин
среднее время задержки (latency): 4.16 мс
ударостойкость при работе: 70 g
ударостойкость при хранении: 300 g
уровень шума простоя: 29 дб
уровень шума работы: 36 дб
форм-фактор: 3.5""","Категория: Электроника
Название: western digital 6 тб внутренний жесткий диск (0b36039)
бренд: western digital
тип: внутренний жесткий диск
размеры, мм: 147 x 101.6 x 26.1
объем: 6 тб
объем буферной памяти, мб: 256
вес товара, г: 715
цвет товара: черный
комплектация: 0b36039
время наработки на отказ, ч: 2000000
гарантийный срок: 5 года
для игрового компьютера: нет
интерфейс hdd: sas
оптимизация под raid-массивы: да
пропускная способность интерфейса: 6 гбит/с
скорость вращения шпинделя hdd: 7200 об/мин
скорость записи, мб/с: 243
скорость чтения, мб/с: 255
страна-изготовитель: малайзия
форм-фактор: 3.5"""
194,273474,635655308565,764504308196,Электроника,0.0,0.8933094110250331,FP,confident_minilm_v1_error,"смартфон honor 50 8/128gb изумрудно-зеленый ""отличное состояние""","honor смартфон 50 8/128 гб, зеленый","Название: смартфон honor 50 8/128gb изумрудно-зеленый ""отличное состояние"" | тип аккумулятора: li-ion | тип дисплея: oled | тип корпуса: моноблок | размер: 8/128 гб отличное | размеры: 159.9x73.7x7.7 мм | объем встроенной памяти: 128 гб | объем оперативной памяти (ram): 8 гб | вес: 175 г | цвет: зеленый | материал корпуса: стекло | комплектация: смартфон, упаковка | количество sim-карт: 2","Название: honor смартфон 50 8/128 гб, зеленый | бренд: honor | бренд графического процессора: adreno | бренд процессора: qualcomm | модель процессора: snapdragon 778g | тип: смартфон | тип корпуса: моноблок | размеры, мм: 159,96 x 73,76 x 7,78 | вес товара, г: 175 | название цвета: зеленый | цвет товара: зеленый | основной материал корпуса: стекло | комплектация: смартфон, зарядное устройство, кабель usb-c, инструмент для извлечения сим-карт, защитная пленка, документация. | встроенная память: 128 гб | количество основных камер: 4 | оперативная память: 8 гб","Категория: Электроника
Название: смартфон honor 50 8/128gb изумрудно-зеленый ""отличное состояние""
тип аккумулятора: li-ion
тип дисплея: oled
тип корпуса: моноблок
видеовыход: нет
внешний вид: на корпусе минимальные царапины и потертости
размер: 8/128 гб отличное
размеры: 159.9x73.7x7.7 мм
объем встроенной памяти: 128 гб
объем оперативной памяти (ram): 8 гб
вес: 175 г
цвет: зеленый
материал корпуса: стекло
комплектация: смартфон, упаковка
e-mail: да
fm радио: нет
mms: да
sms: да
volte: да
wi-fi: 802.11a/b/g/n/ac/ax
автофокус: да
аудиоразъем: usb type-c (c переходником на jack 3,5 мм)
версия bluetooth: 5.2
вибровызов: да
встроенный модем: да
гарантийный срок: 6 мес
датчики: холла / приближения / освещенности / гироскоп / атмосферного давления / геомагнитный / акселерометр
диагональ дисплея: 6.57 ''
диктофон: да
дополнительный дисплей: нет
емкость аккумулятора: 4300
интерфейсный разъем: usb type-c
количество sim-карт: 2
модуль bluetooth: да
модуль nfc: да
музыкальный плеер: да
начало продаж: январь 2023 г.
операционная система: google mobile services / android 11
оптическая стабилизация: да
основная камера: четыре модуля (108 + 8 + 2 + 2 mpix)
особенности использования: смартфоном пользовались аккуратно
поддержка bluetooth стерео: да
поддержка стандартов связи: 2g, 3g, 4g, 5g, wi-fi
подробное описание основной камеры: 108 mpix, f/1.9;8 mpix, f/2.2;2 mpix, f/2.4;2 mpix, f/2.4
подробное описание фронтальной камеры: 32 mpix, f/2.2
поколение sim-карты: nanosim
поставщик: smart bazar
процессор: 8-ядерный qualcomm snapdragon 778g 2.40 ггц
прочие функции: сканер отпечатков пальцев
работоспособность: полностью работоспособен
разрешение дисплея: 1080x2340 pix
световой индикатор событий: да
сенсорные клавиши: нет
сенсорный дисплей: да
состояние: отличное
спутниковая навигация: глонасс / qzss / beidou / gps / galileo
стандарты 2g: gsm 1800 / gsm 1900 / gsm 850 / gsm 900
стандарты 3g: 1900 / 900 / 2100 / 850 / 1700
стандарты 4g (lte): tdd lte 1900 / lte 900 / tdd lte 2300 / tdd lte 2500 / tdd lte 2600 / lte 2600 / lte 2300 / lte 1700 / lte 1800 / lte 1900 / lte 2100 / lte 850
стандарты 5g: да
страна происхождения: россия
уцененный: да
фотовспышка: светодиодная
фронтальная камера: 32 mpix
функция быстрой зарядки: да","Категория: Электроника
Название: honor смартфон 50 8/128 гб, зеленый
бренд: honor
бренд графического процессора: adreno
бренд процессора: qualcomm
модель процессора: snapdragon 778g
тип: смартфон
тип корпуса: моноблок
видеопроцессор: gpu
качество видео: 3840×2160 4k
макс. скорость видеосъемки, кадр/с: 30
размеры, мм: 159,96 x 73,76 x 7,78
вес товара, г: 175
название цвета: зеленый
цвет товара: зеленый
основной материал корпуса: стекло
комплектация: смартфон, зарядное устройство, кабель usb-c, инструмент для извлечения сим-карт, защитная пленка, документация.
аутентификация: распознавание лица
беспроводные интерфейсы: bluetooth
версия android: android 11.x
восстановленный: false
время работы в режиме разговора, ч: 30
встроенная память: 128 гб
встроенные датчики: датчик освещенности
гарантийный срок: 1 год
диагональ экрана, дюймы: 6.57
емкость аккумулятора, мач: 4300
интерфейсы: usb type-c
количество основных камер: 4
модуль связи bluetooth: 5,2
модуль связи wifi: 802.11a/b/g/n
навигация: gps
оперативная память: 8 гб
операционная система: android
особенности: безрамочный дисплей
процессор: snapdragon 778g (8 ядер), 2.4 ггц
работа в режиме ожидания, ч: 456
разрешение основной камеры, мпикс: 108
разрешение фронтальной (селфи) камеры, мпикс: 32
разрешение экрана: 2340x1080
слот для карты памяти: нет
стабилизация: eis (цифровая стабилизация)
стандарты связи: 2g
страна-изготовитель: китай
технология матрицы: oled
форм-фактор sim: nano-sim
функции зарядки: поддержка быстрой зарядки
функции камеры: широкоугольный объектив
частота процессора, ггц: 2.4
число физических sim-карт: 2
число ядер процессора: 8"
195,326500,764504221833,134408,Электроника,0.0,0.9465966750964616,FP,confident_minilm_v1_error,apple / iphone 15 pro max 256,"apple смартфон iphone 15 pro max 8/256 гб, белый",Название: apple / iphone 15 pro max 256 | модель: iphone 15 pro max | тип sim карты: esim | тип дисплея/экрана: super retina xdr | тип карты памяти: не поддерживается | вид разъема: usb type-c | объем оперативной памяти (гб): 8 гб | вес товара без упаковки (г): 221 г | цвет: белый | комплектация: смартфон; документация; кабель usb type-c | высота упаковки: 10 см | длина упаковки: 20 см | количество sim карт: 0 | количество ядер процессора: 6 | ширина упаковки: 10 см,"Название: apple смартфон iphone 15 pro max 8/256 гб, белый | бренд: apple | тип: смартфон | цвет товара: белый | комплектация: <li>apple iphone <li>кабель usb-c <li>документация </li> | встроенная память: 256 гб","Категория: Электроника
Название: apple / iphone 15 pro max 256
модель: iphone 15 pro max
тип sim карты: esim
тип дисплея/экрана: super retina xdr
тип карты памяти: не поддерживается
вид разъема: usb type-c
время работы при воспроизведении видео: 29 час
объем оперативной памяти (гб): 8 гб
вес товара без упаковки (г): 221 г
цвет: белый
комплектация: смартфон; документация; кабель usb type-c
беспроводные интерфейсы: bluetooth; gps; wi-fi; nfc
валюта: rub
версия операционной системы: ios 17
встроенная вспышка: да
высота упаковки: 10 см
гарантийный срок: 1 год
диагональ экрана: 6.7""
длина упаковки: 20 см
доп. опции камеры: тройная камера; широкоугольный объектив; режим ночного видения
доп. опции смартфона: распознавание лица; gps-трекер; беспроводная зарядка
емкость аккумулятора: 4422
количество sim карт: 0
количество ядер процессора: 6
операционная система: ios
особенности объектива: hdr; запись видео; портрет
процессор: apple a17 pro
разрешение экрана: 2796х1290
стандарт связи: 2g, 3g, 4g lte,5g
ширина упаковки: 10 см","Категория: Электроника
Название: apple смартфон iphone 15 pro max 8/256 гб, белый
бренд: apple
тип: смартфон
цвет товара: белый
комплектация: <li>apple iphone <li>кабель usb-c <li>документация </li>
восстановленный: false
встроенная память: 256 гб
гарантийный срок: 1 год"
196,336770,790273991015,678604855891,Электроника,0.0,0.7310585786300049,FP,confident_minilm_v1_error,"картридж cactus cs-w2212a w2212a (есть ограничения по прошивке) желтый, для hp m255/mfp m282/m283, ресурс до 1250 страниц",cactus / картридж лазерный csp-w2212a для hp m255/mfp m282/m283 желты,"Название: картридж cactus cs-w2212a w2212a (есть ограничения по прошивке) желтый, для hp m255/mfp m282/m283, ресурс до 1250 страниц | бренд: cactus | тип: расходник для печати | тип расходного материала для печати: тонер-картридж | количество цветов: 1 | цвет тонера/чернил: желтый (yellow) | цветность: цветной | назначение: для лазерного принтера | страна-изготовитель: китай",Название: cactus / картридж лазерный csp-w2212a для hp m255/mfp m282/m283 желты | комплектация: 1 | высота упаковки: 9 см | длина упаковки: 31 см | ширина упаковки: 11 см,"Категория: Электроника
Название: картридж cactus cs-w2212a w2212a (есть ограничения по прошивке) желтый, для hp m255/mfp m282/m283, ресурс до 1250 страниц
бренд: cactus
тип: расходник для печати
тип расходного материала для печати: тонер-картридж
количество цветов: 1
цвет тонера/чернил: желтый (yellow)
цветность: цветной
назначение: для лазерного принтера
ресурс: 1250
страна-изготовитель: китай","Категория: Электроника
Название: cactus / картридж лазерный csp-w2212a для hp m255/mfp m282/m283 желты
комплектация: 1
валюта: rub
высота упаковки: 9 см
длина упаковки: 31 см
ширина упаковки: 11 см"
197,344641,807453886119,730144580544,Электроника,0.0,0.8519528000888387,FP,confident_minilm_v1_error,kingston / модуль памяти для ноутбука kvr16ls11/8wp,kingston оперативная память kvr16ls11/8 1x8 гб (kvr16ls11/8),Название: kingston / модуль памяти для ноутбука kvr16ls11/8wp | модель: kvr16ls11/8wp | тип оперативной памяти: ddr3l | типоразмер модуля памяти: sodimm | объем одного модуля памяти: 8 гб | объем оперативной памяти (гб): 8 гб | высота упаковки: 25 см | длина упаковки: 17 см | напряжение: 1.35 в | частота оперативной памяти: 1600 мгц | ширина упаковки: 5 см,Название: kingston оперативная память kvr16ls11/8 1x8 гб (kvr16ls11/8) | бренд: kingston | тип памяти: ddr3l | суммарный объем памяти: 8 гб | комплектация: модуль памяти - 1 шт | количество модулей в комплекте: 1,"Категория: Электроника
Название: kingston / модуль памяти для ноутбука kvr16ls11/8wp
модель: kvr16ls11/8wp
тип оперативной памяти: ddr3l
типоразмер модуля памяти: sodimm
объем одного модуля памяти: 8 гб
объем оперативной памяти (гб): 8 гб
валюта: rub
высота упаковки: 25 см
длина упаковки: 17 см
латентность: cl11
напряжение: 1.35 в
частота оперативной памяти: 1600 мгц
ширина упаковки: 5 см","Категория: Электроника
Название: kingston оперативная память kvr16ls11/8 1x8 гб (kvr16ls11/8)
бренд: kingston
тип памяти: ddr3l
суммарный объем памяти: 8 гб
комплектация: модуль памяти - 1 шт
cas latency (cl), тактов: 11
гарантийный срок: официальная от производителя,1 год от магазина
емкость одного модуля: 8 гб
количество модулей в комплекте: 1
пропускная способность, мб/с: 12800
тайминги: 11-11-11
тактовая частота, мгц: 1600
форм-фактор ram: so-dimm"
198,107588,249108178847,360777267225,Ювелирные изделия,0.0,0.9046505376715775,FP,confident_minilm_v1_error,"кольцо обручальное из белого золота р. 15,5 platina jewelry 01-3392-00-000-1120-11",platina обручальное кольцо из белого золота 585 пробы,"Название: кольцо обручальное из белого золота р. 15,5 platina jewelry 01-3392-00-000-1120-11 | бренд: platina jewelry | модель: 01-3392-00-000-1120-11 | артикул производителя: 01-3392-00-000-1120-11 | код товара: 100033397416 | тип: кольцо | размер: 15,5 | цвет вставки: без вставки | материал изделия: белое золото | вставка: без вставки | проба: 585","Название: platina обручальное кольцо из белого золота 585 пробы | бренд: platina | модель кольца: обручальное | артикул: 01-3392-00-000-1120-11_23,5 | тип: кольцо | размер изделия: 23,5 | средний вес изделия, гр: 4.11 | цвет товара: серебристый | основной материал украшения: золото белое | комплектация: кольцо, упаковка. | проба: 585 | страна-изготовитель: россия","Категория: Ювелирные изделия
Название: кольцо обручальное из белого золота р. 15,5 platina jewelry 01-3392-00-000-1120-11
бренд: platina jewelry
модель: 01-3392-00-000-1120-11
артикул производителя: 01-3392-00-000-1120-11
код товара: 100033397416
тип: кольцо
вид: обручальное
размер: 15,5
цвет вставки: без вставки
материал изделия: белое золото
вставка: без вставки
изображение/надпись: нет
особенности дизайна: без особенностей
пол: женский
проба: 585","Категория: Ювелирные изделия
Название: platina обручальное кольцо из белого золота 585 пробы
бренд: platina
модель кольца: обручальное
артикул: 01-3392-00-000-1120-11_23,5
тип: кольцо
размер изделия: 23,5
средний вес изделия, гр: 4.11
цвет товара: серебристый
основной материал украшения: золото белое
комплектация: кольцо, упаковка.
гарантийный срок: 6 месяцев
коллекция: базовая коллекция
о драгоценном металле: белое золото - это обычно золото в сплаве с палладием, никелем, серебром или платиной. именно оно эффектнее всего подчеркивает красоту бриллиантов. изделия из белого золота считаются статусными и изысканными.
пол: женский
проба: 585
страна-изготовитель: россия
тематика: свадебная
упаковка: подарочная упаковка
целевая аудитория: взрослая"
199,186312,438086684542,103079263189,Ювелирные изделия,0.0,0.6224593312018546,FP,confident_minilm_v1_error,кольцо обручальное из белого золота р. 22 platina jewelry 01-2431-00-000-1120-11,platina обручальное кольцо из белого золота 585 пробы,Название: кольцо обручальное из белого золота р. 22 platina jewelry 01-2431-00-000-1120-11 | бренд: platina jewelry | модель: 01-2431-00-000-1120-11 | артикул производителя: 01-2431-00-000-1120-11 | код товара: 100033381898 | тип: кольцо | размер: 22 | цвет вставки: без вставки | материал изделия: белое золото | вставка: без вставки | проба: 585,"Название: platina обручальное кольцо из белого золота 585 пробы | бренд: platina | модель кольца: обручальное | артикул: 01-2431-00-000-1120-11_20 | тип: кольцо | размер изделия: 20 | средний вес изделия, гр: 2.98 | цвет товара: серебристый | основной материал украшения: золото белое | комплектация: кольцо, упаковка. | проба: 585 | страна-изготовитель: россия","Категория: Ювелирные изделия
Название: кольцо обручальное из белого золота р. 22 platina jewelry 01-2431-00-000-1120-11
бренд: platina jewelry
модель: 01-2431-00-000-1120-11
артикул производителя: 01-2431-00-000-1120-11
код товара: 100033381898
тип: кольцо
вид: обручальное
размер: 22
цвет вставки: без вставки
материал изделия: белое золото
вставка: без вставки
изображение/надпись: нет
особенности дизайна: без особенностей
пол: женский
проба: 585","Категория: Ювелирные изделия
Название: platina обручальное кольцо из белого золота 585 пробы
бренд: platina
модель кольца: обручальное
артикул: 01-2431-00-000-1120-11_20
тип: кольцо
размер изделия: 20
средний вес изделия, гр: 2.98
цвет товара: серебристый
основной материал украшения: золото белое
комплектация: кольцо, упаковка.
гарантийный срок: 6 месяцев
коллекция: базовая коллекция
о драгоценном металле: белое золото - это обычно золото в сплаве с палладием, никелем, серебром или платиной. именно оно эффектнее всего подчеркивает красоту бриллиантов. изделия из белого золота считаются статусными и изысканными.
пол: женский
проба: 585
страна-изготовитель: россия
тематика: свадебная
упаковка: подарочная упаковка
целевая аудитория: взрослая"
200,253625,592705563969,137439086357,Ювелирные изделия,0.0,0.7057850278370112,FP,confident_minilm_v1_error,"sokolov, кольцо из серебра с фианитами, 94012743-9, 925 проба","кольцо из серебра р. 21,5 sokolov 94012743, фианит","Название: sokolov, кольцо из серебра с фианитами, 94012743-9, 925 проба | бренд: sokolov | артикул: 94012743-9_17 | тип: кольцо ювелирное | размер изделия: 17 | размеры, мм: 2х2х19 | вес основных вставок, карат: 0.59 | средний вес изделия, гр: 1.36 | комплектация: кольцо, бирка, пломба, подарочная упаковка | вставка: фианит | гарантийный срок: гарантийный срок изделий составляет 6 (шесть) календарных месяцев для ювелирных изделий, 3 (три) года для часов из драгоценных металлов, 12 (двенадцать) месяцев для часов из недрагоценных металлов, и исчисляется со дня передачи изделия потребителю | длина украшения, см: 1.9 | о главном камне украшения: фианит - искусственный аналог бриллианта. изначально камень создавался как материал с определенными оптическими свойствами для лазерного оборудования и получил свое название по месту изобретения – физический институт академии наук им. лебедева (фиан). фианит по своему внешнему виду ничуть не уступает бриллианту, он идеально чист, прозрачен и играет на солнце как драгоценный, позволяя создавать настоящие ювелирные шедевры. фианиты представлены обширной гаммой цветов и оттенков, поэтому их часто используют для имитации природных самоцветов. | проба: 925 | состав ювелирного изделия: серебро | страна-изготовитель: россия","Название: кольцо из серебра р. 21,5 sokolov 94012743, фианит | бренд: sokolov | модель: 94012743 | артикул производителя: 94012743 | код товара: 100033381552 | тип: кольцо | размер: 21,5 | средний вес изделия, г: 1,56 | цвет вставки: прозрачный | материал изделия: серебро | вставка: фианит | проба: 925","Категория: Ювелирные изделия
Название: sokolov, кольцо из серебра с фианитами, 94012743-9, 925 проба
бренд: sokolov
артикул: 94012743-9_17
тип: кольцо ювелирное
размер изделия: 17
размеры, мм: 2х2х19
вес основных вставок, карат: 0.59
средний вес изделия, гр: 1.36
комплектация: кольцо, бирка, пломба, подарочная упаковка
вставка: фианит
гарантийный срок: гарантийный срок изделий составляет 6 (шесть) календарных месяцев для ювелирных изделий, 3 (три) года для часов из драгоценных металлов, 12 (двенадцать) месяцев для часов из недрагоценных металлов, и исчисляется со дня передачи изделия потребителю
детские украшения: нет
длина украшения, см: 1.9
коллекция: базовая коллекция
о главном камне украшения: фианит - искусственный аналог бриллианта. изначально камень создавался как материал с определенными оптическими свойствами для лазерного оборудования и получил свое название по месту изобретения – физический институт академии наук им. лебедева (фиан). фианит по своему внешнему виду ничуть не уступает бриллианту, он идеально чист, прозрачен и играет на солнце как драгоценный, позволяя создавать настоящие ювелирные шедевры. фианиты представлены обширной гаммой цветов и оттенков, поэтому их часто используют для имитации природных самоцветов.
пол: женский
проба: 925
состав ювелирного изделия: серебро
страна-изготовитель: россия
упаковка: подарочная упаковка
целевая аудитория: взрослая","Категория: Ювелирные изделия
Название: кольцо из серебра р. 21,5 sokolov 94012743, фианит
бренд: sokolov
модель: 94012743
артикул производителя: 94012743
код товара: 100033381552
тип: кольцо
вид: классическое
размер: 21,5
средний вес изделия, г: 1,56
цвет вставки: прозрачный
материал изделия: серебро
вставка: фианит
изображение/надпись: нет
особенности дизайна: дорожка из камней
пол: женский
проба: 925"
