category,band,target,llm_label,id1,id2,audit_label,confidence,error_type,note
Автотовары,exact_negative,0.0,0,8589978550,833223721792,0,H,,Разные модель/вариант либо нет достаточного общего якоря: «тяга рулевая 555 арт. srm060» / «рулевая тяга mando ex5772438010».
Автотовары,exact_negative,0.0,0,17180006557,257698155433,0,H,,Разные модель/вариант либо нет достаточного общего якоря: «летние шины 21/285/40 sailun erange premium 109w» / «sailun erange premium шины летние 315/35 r21 111w».
Автотовары,exact_negative,0.0,0,51539648648,506806242100,0,H,,Разные модель/вариант либо нет достаточного общего якоря: «сайлентблок задний переднего рычага nissan murano z51 <07…» / «stellox / сайлентблок задний переднего рычага subaru lega…».
Автотовары,exact_negative,0.0,0,77309427872,472446466964,0,H,,"Разные модель/вариант либо нет достаточного общего якоря: «lesjofors / пружина передняя subaru outback 2.5 03 09» / «lesjofors пружина подвески, арт. 4288324, 1 шт.»."
Автотовары,exact_negative,0.0,0,94489308719,249108130806,0,H,,Разные модель/вариант либо нет достаточного общего якоря: «ergon / зеркало geely mk cross i (06-15) 30440006» / «зеркальный элемент левый cadillac sts i (04-11) асферика …».
Автотовары,exact_negative,0.0,0,94489311380,627065335691,0,H,,Разные модель/вариант либо нет достаточного общего якоря: «mazda / брелок для ключей и автомобиля мазда» / «брелок автомобильный в подарочной упаковке mazda».
Автотовары,exact_negative,0.0,0,137438966409,730144582253,0,H,,"Разные модель/вариант либо нет достаточного общего якоря: «clearance plus / проставки передние honda cr-z,2010-2017,…» / «проставки увеличения клиренса передних стоек на опору hon…»."
Автотовары,exact_negative,0.0,0,188978672201,515396184848,0,H,,Разные модель/вариант либо нет достаточного общего якоря: «манжета армированная (сальник) 2-80x125x12» / «nqksf комплект 2 шт. манжета армированная (сальник) 2-35x…».
Автотовары,exact_negative,0.0,0,231928266431,463856602297,0,H,,Разные модель/вариант либо нет достаточного общего якоря: «чехлы на фольксваген transporter t5 t5 2003-2009 велюр» / «чехлы.ру / чехлы 4 40».
Автотовары,exact_negative,0.0,0,231928341044,523986061139,0,H,,"Разные модель/вариант либо нет достаточного общего якоря: «подшипник ступицы 3302 задн наруж (7509) finwhale» / «finwhale / подшипник ступицы газ 2217,2752,соболь задн. н…»."
Автотовары,exact_negative,0.0,0,300647860525,163208860531,0,H,,"Разные модель/вариант либо нет достаточного общего якоря: «avs щетка стеклоочистителя гибридная, арт. a40376s, 30 см» / «щетка стеклоочистителя 600 мм (10 в 1) mhl-24 multi hybri…»."
Автотовары,exact_negative,0.0,0,343597509792,335007584489,0,H,,Разные модель/вариант либо нет достаточного общего якоря: «esco / каркасные шторки эско тонировка honda cr-v 2» / «каркасные шторки esco premium 90-95% для honda cr-v 5 (20…».
Автотовары,exact_negative,0.0,0,343597523217,575525732579,0,H,,"Разные модель/вариант либо нет достаточного общего якоря: «z 125 шлем для картинга и мотокросса, одобренный dot abs …» / «wtcx мотошлем, цвет: голубой, размер: xl»."
Автотовары,exact_negative,0.0,0,412316967826,249108139075,0,H,,Разные модель/вариант либо нет достаточного общего якоря: «ремонт сколов кузова (подкраска) + лак комплект fiat / la…» / «kiwix / краска 20мл ssangyong lam anthracite black +лак 2…».
Автотовары,exact_negative,0.0,0,446676638348,618475427601,0,H,,"Разные модель/вариант либо нет достаточного общего якоря: «накидка ""велюр ромб"" 2шт. на переднее сиденье для chery t…» / «/ накидки-чехлы на ниссан микра ii nissan micra ii 5шт»."
Автотовары,exact_negative,0.0,0,498216295794,695784827463,0,H,,"Разные модель/вариант либо нет достаточного общего якоря: «colorpro маркер с краской citroen, цвет 241a - jaune cari…» / «карандаш-маркер с краской nissan, цвет 381 - 2-х цветное …»."
Автотовары,exact_negative,0.0,0,515396087732,352187401926,0,H,,Разные модель/вариант либо нет достаточного общего якоря: «наконечник тяги mitsubishi pajero 4x4 82-» / «patron / наконечник рулевой тяги toyota land cruiser j12 …».
Автотовары,exact_negative,0.0,0,558345800000,128849089718,0,H,,Разные модель/вариант либо нет достаточного общего якоря: «stellox / колодки дисковые 29067 iveco eurocargo» / «колодки тормозные барабанные для bpw / stellox 85-02514-s…».
Автотовары,exact_negative,0.0,0,618475296185,94489289423,0,H,,Разные модель/вариант либо нет достаточного общего якоря: «lynx / амортизатор toyota 4 94- передн.лев.» / «стойка амортизаторная передняя l lynxauto g32557l. для: t…».
Автотовары,exact_negative,0.0,0,627065310603,240518187153,0,H,,"Разные модель/вариант либо нет достаточного общего якоря: «patron / суппорт тормозной pbrc471» / «patron суппорты тормозные, арт. pbrc441, 1 шт.»."
Автотовары,exact_negative,0.0,0,627065345548,103079219884,0,H,,"Разные модель/вариант либо нет достаточного общего якоря: «stellox пыльник шруса, арт. 1300808sx» / «stellox / к-кт пыльника шруса наружного»."
Автотовары,exact_negative,0.0,0,695784850141,206158558513,0,H,,"Разные модель/вариант либо нет достаточного общего якоря: «амортизатор подвески suzuki grand vitara 2,4l 2008 fr kyb…» / «kyb амортизатор подвески, арт. 332068»."
Автотовары,exact_negative,0.0,0,747324334249,326417518279,0,H,,Разные модель/вариант либо нет достаточного общего якоря: «решетка радиатора в стиле mugen accord vii (06-08) cl9 cl7» / «решетка радиатора sport honda accord viii дорестайлинг. о…».
Автотовары,exact_negative,0.0,0,833223725923,197568602243,0,H,,"Разные модель/вариант либо нет достаточного общего якоря: «крепление бампера kia cerato 18- левый» / «sat / крепление бампера левое, среднее киа kia»."
Автотовары,exact_negative,0.0,0,841813598457,558345865429,0,H,,"Разные модель/вариант либо нет достаточного общего якоря: «брызговики №1 (к-кт 2 шт) передние для renault duster, i …» / «промтехпласт / брызговики audi 80 variant 2шт»."
Автотовары,exact_positive,1.0,1,8590088146,111669203562,1,H,,"Совпадают конкретный товар/вариант и ключевые поля: «jikiu / втулка амортизатора jikiu bs33001» ↔ «jikiu втулка подвески, арт. bs33001»."
Автотовары,exact_positive,1.0,1,146028924258,326417638273,1,H,,"Совпадают конкретный товар/вариант и ключевые поля: «амортизатор renault logan ii/sandero ii 12- пер. газ. kyb…» ↔ «kyb запчасти автомобильные, арт. 338749, 1 шт.»."
Автотовары,exact_positive,1.0,1,154618950756,128849153295,1,H,,Совпадают конкретный товар/вариант и ключевые поля: «лампа галогенная блистер 1шт h4 12v 60/55w p43t-38 premiu…» ↔ «philips лампа автомобильная арт. 12342prb1».
Автотовары,exact_positive,1.0,1,171798816420,730144604442,0,H,MODEL_VARIANT,Разные артикулы и бренды: Trialli DF165101 против Smart.store DF155101.
Автотовары,exact_positive,1.0,1,283467847253,541165966652,1,H,,Совпадают конкретный товар/вариант и ключевые поля: «привод в сборе передн. лев. nissan primera p11 96-» ↔ «привод в сборе передн. лев. nissan primera (p11) 96- zekk…».
Автотовары,exact_positive,1.0,1,335007591811,249108192119,1,H,,Совпадают конкретный товар/вариант и ключевые поля: «наконечник рулевой внутренний l/r mitsubushi lynxauto (ар…» ↔ «lynxauto / рулевой наконечник внутренний л/р митсубуши па…».
Автотовары,exact_positive,1.0,1,360777299868,274877941421,1,M,,Совпадают конкретный товар/вариант и ключевые поля: «автошина maxxis premitra ice nord ns5 225/65 r17 102t» ↔ «maxxis premitra ice nord ns5 шины зимние 225/65 r17 102t …».
Автотовары,exact_positive,1.0,1,369367346136,103079350558,1,H,,"Совпадают конкретный товар/вариант и ключевые поля: «сайлентблок рычага подвески зад прав лев ctr gv0946» ↔ «ctr / сайлентблок зад. рычага audi a3 all 03>, seat altea…»."
Автотовары,exact_positive,1.0,1,377957235015,618475432050,1,H,,"Совпадают конкретный товар/вариант и ключевые поля: «набор автомобильных предохранителей airline мини 10 шт /5…» ↔ «airline afum02 предохранители ""мини"" (5-30а,10шт)»."
Автотовары,exact_positive,1.0,1,420906796637,584115635830,1,H,,"Совпадают конкретный товар/вариант и ключевые поля: «dayco ремень поликлиновой 6pk1760» ↔ «dayco ремень поликлиновой, арт. 6pk1760»."
Автотовары,exact_positive,1.0,1,489626273596,352187376623,1,H,,"Совпадают конкретный товар/вариант и ключевые поля: «lynxauto / ремкомплект суппорта nissan murano (z50) 2004-…» ↔ «lynxauto ремкомплект суппорта, арт. bc6211»."
Автотовары,exact_positive,1.0,1,566935742094,506806152831,1,H,,"Совпадают конкретный товар/вариант и ключевые поля: «trialli / gf1069, колодки торм. для» ↔ «колодки тормозные trialli gf1069. колодки торм. для а/м f…»."
Автотовары,exact_positive,1.0,1,584115585349,695784826178,1,H,,"Совпадают конкретный товар/вариант и ключевые поля: «mercedes / свеча зажигания, mercedes a2701590600» ↔ «mercedes-benz свеча зажигания арт. a2701590600»."
Автотовары,exact_positive,1.0,1,635655299035,558345754475,0,H,MODEL_VARIANT,Разные MPN колодок ATE: 13.0460-3852.2 против 13.0460-4885.2.
Автотовары,exact_positive,1.0,1,652835042418,188978587051,1,H,,Совпадают конкретный товар/вариант и ключевые поля: «датчик износа тормозных колодок fenox bps154» ↔ «датчик износа тормозных колодок перед fenox bps154».
Автотовары,exact_positive,1.0,1,661424985968,747324414604,1,H,,Совпадают конкретный товар/вариант и ключевые поля: «big filter / фильтр воздушный шевроле авео iii кобальт» ↔ «фильтр воздушный big filter gb95000 chevrolet aveo 1.2-1.…».
Автотовары,exact_positive,1.0,1,661425107992,592705541749,1,H,,"Совпадают конкретный товар/вариант и ключевые поля: «поршень суппорта передн.(44mmx45,5mm)» ↔ «masterkit / поршень тормозного суппорта toyota modell f 8…»."
Автотовары,exact_positive,1.0,1,678604836355,661425050890,1,H,,Совпадают конкретный товар/вариант и ключевые поля: «azumi / фильтр топливный» ↔ «azumi фильтр топливный арт. fsp23203».
Автотовары,exact_positive,1.0,1,721554559631,652835147447,1,H,,"Совпадают конкретный товар/вариант и ключевые поля: «partra колодки тормозные, арт. bp6004» ↔ «partra / колодки тормозные hyundai solaris 2010->, kia ri…»."
Автотовары,exact_positive,1.0,1,747324451099,326417557359,1,H,,"Совпадают конкретный товар/вариант и ключевые поля: «lynxauto фильтр воздушный фольцваген амарок / volkswagen …» ↔ «lynxauto / фильтр воздушный фольксваген 2ха, 2хб, из1б, и…»."
Автотовары,exact_positive,1.0,1,755914370368,661425112156,1,H,,"Совпадают конкретный товар/вариант и ключевые поля: «дисковые тормозные колодки sangsin brake для легковых авт…» ↔ «sangsin brake колодки тормозные дисковые передние, арт. s…»."
Автотовары,exact_positive,1.0,1,755914381827,481036432631,1,H,,Совпадают конкретный товар/вариант и ключевые поля: «помпа sat st610061» ↔ «sat / водяной насос ауди а4 б8 рестайлинг 2011-2015».
Автотовары,exact_positive,1.0,1,764504224147,850403560671,1,H,,"Совпадают конкретный товар/вариант и ключевые поля: «подшипник выжимной patron phcb55» ↔ «подшипник выжимной гидравлический citroen c crosser 2,2 h…»."
Автотовары,exact_positive,1.0,1,764504243489,214748471013,1,H,,"Совпадают конкретный товар/вариант и ключевые поля: «фильтр воздушный hyundai: palisade 3.5i/3.8i 18-, santa f…» ↔ «patron / фильтр воздушный kia sedona 3.3i 2015-»."
Автотовары,exact_positive,1.0,1,824633814448,77309552603,1,H,,Совпадают конкретный товар/вариант и ключевые поля: «sidem / рычаг» ↔ «рычаг нижн прав peugeot 307 all 00>».
Автотовары,uncertain_negative,0.2222222222222222,0,163208848023,377957231581,0,H,,"Разные модель/вариант либо нет достаточного общего якоря: «norplast / коврик в багажник для gaz volga 31029» / «коврик в багажник эволют evolute i-pro (2022-), коврик дл…»."
Автотовары,uncertain_negative,0.2222222222222222,0,240518304162,171798722162,0,M,,Разные модель/вариант либо нет достаточного общего якоря: «магнитола ts7 hyundai solaris 1 2010-2016 2/32gb» / «магнитола ts7 для hyundai solaris 1 2010-2016».
Автотовары,uncertain_negative,0.2222222222222222,0,274877986285,257698120942,0,H,,Разные модель/вариант либо нет достаточного общего якоря: «kiwix подкраска автомобильная (штрих корректор) 20 мл ope…» / «краска ( подкраска) для сколов + лак + грунт комплект vol…».
Автотовары,uncertain_negative,0.2222222222222222,0,377957245283,609885517549,0,M,,Разные модель/вариант либо нет достаточного общего якоря: «стойка стабилизатора передняя l hyundai h-1(tq) 2.4-2.5d …» / «стойка стабилизатора | перед прав |».
Автотовары,uncertain_negative,0.2222222222222222,0,429496729856,652835043167,0,M,,Разные модель/вариант либо нет достаточного общего якоря: «amd / фильтр салона угольный» / «фильтр салона mercedes w203 00- угольный amdfc765c».
Автотовары,uncertain_negative,0.2222222222222222,0,429496798148,326417667225,0,H,,"Разные модель/вариант либо нет достаточного общего якоря: «autoled-opt / лампа светодиодная h7 автомобильная led н7 …» / «светодиодные автолампы h7 px26d , серия a80 ,12v мини лин…»."
Автотовары,uncertain_negative,0.2222222222222222,0,472446469130,850403646946,0,H,,"Разные модель/вариант либо нет достаточного общего якоря: «кольца двс поршневые (к-т на 1 поршень). производитель ko…» / «kolbenschmidt / кольца поршневые vw crafter 2.5tdi 06-, l…»."
Автотовары,uncertain_negative,0.2222222222222222,0,541166012438,8589960363,0,H,,Разные модель/вариант либо нет достаточного общего якоря: «miles / тяга рулевая» / «тяга рулевая».
Автотовары,uncertain_negative,0.2222222222222222,0,558345844395,481036473968,1,H,MISSED_MATCH,"Совпадают Kixx L210944TR1, 10W-40, 4 л; synthetic/semisynthetic — шум поля."
Автотовары,uncertain_negative,0.2222222222222222,0,609885415701,584115676045,0,H,,"Разные модель/вариант либо нет достаточного общего якоря: «комплект брызговиков seintex 87444 (передние)» / «l.locker брызговики, арт. чччерри11»."
Автотовары,uncertain_negative,0.2222222222222222,0,627065296871,661425030429,0,H,,Разные модель/вариант либо нет достаточного общего якоря: «lynx / шрус наружный | перед прав/лев | lynx co7530» / «шрус наружный передний правый/левый для toyota land cruis…».
Автотовары,uncertain_negative,0.2222222222222222,0,635655236611,601295513166,0,H,,Разные модель/вариант либо нет достаточного общего якоря: «подшипник 6205 2rs (180205) размер 25x52x15 6шт. craft be…» / «подшипник 6205 2rs».
Автотовары,uncertain_negative,0.2222222222222222,0,730144555583,420906819200,0,H,,"Разные модель/вариант либо нет достаточного общего якоря: «lord autofashion / авточехлы для сидений lada vesta, с 09…» / «авточехлы lord autofashion для lada vesta, 09.2015, седан…»."
Автотовары,uncertain_negative,0.3333333333333333,0,163208835812,188978728575,0,H,,"Разные модель/вариант либо нет достаточного общего якоря: «metaco подшипник ступицы, арт. 5200001, 1 шт.» / «подшипник ступицы (к-кт) metaco 5100-044»."
Автотовары,uncertain_negative,0.3333333333333333,0,266287994261,781684052117,0,H,,Разные модель/вариант либо нет достаточного общего якоря: «ikon tyres автошина ikon 215/60r16 99r xl nordman rs2» / «ikon tyres character snow 2 шины зимние 215/60 r16 99r».
Автотовары,uncertain_negative,0.3333333333333333,0,274877966067,420906865935,0,L,,Разные модель/вариант либо нет достаточного общего якоря: «пепельница для автомобиля форд мондео 4 (ford mondeo iv) …» / «пепельница для автомобиля ниссан теана j31 с крышкой».
Автотовары,uncertain_negative,0.3333333333333333,0,498216246743,481036487034,0,M,,Разные модель/вариант либо нет достаточного общего якоря: «камера заднего вида хендай солярис 1 (2010 -2017) седан» / «камера заднего вида full hd ccd для хендай солярис 1 (201…».
Автотовары,uncertain_negative,0.3333333333333333,0,609885395169,627065368081,1,H,MISSED_MATCH,Один фильтр Lynxauto LO1915; отличаются лишь списки совместимости.
Автотовары,uncertain_negative,0.3333333333333333,0,747324329030,584115708364,0,H,,Разные модель/вариант либо нет достаточного общего якоря: «краска автомобильная. подкраска для сколов. nissan dr2 gr…» / «kiwix краска (подкраска) для сколов citroen 76 vert la re…».
Автотовары,uncertain_negative,0.4444444444444444,0,25769922921,103079216381,0,M,,Разные модель/вариант либо нет достаточного общего якоря: «майтон / жесткая тонировка kia sportage 4 2016-2022 год с…» / «полиэфирная съемная тонировка для kia sportage (2016-н.в)…».
Автотовары,uncertain_negative,0.4444444444444444,0,51539698823,8589997549,0,H,,"Разные модель/вариант либо нет достаточного общего якоря: «elf elf evolution 900 5w-40 масло моторное, синтетическое…» / «elf / масло моторное elf evolution 900 nf 5w40 4л»."
Автотовары,uncertain_negative,0.4444444444444444,0,257698042915,171798764703,1,H,MISSED_MATCH,Совпадают Active Sword HT48 и длина 480 мм; «48 мм» во второй карточке ошибочно.
Автотовары,uncertain_negative,0.4444444444444444,0,506806249358,283467892296,0,L,,Разные модель/вариант либо нет достаточного общего якоря: «трос сцепления мотоцикл восход 3м» / «трос сцепления восход».
Автотовары,uncertain_negative,0.4444444444444444,0,541165919893,283467922791,0,H,,Разные модель/вариант либо нет достаточного общего якоря: «eliteauto777 / эмблема на автомобиль toyota тойота черная…» / «накладка на эмблему toyota camry v40 16х11 см черная глян…».
Автотовары,uncertain_negative,0.4444444444444444,0,747324372829,377957134500,0,M,,Разные модель/вариант либо нет достаточного общего якоря: «вковрике коврики для vw taos 2020-» / «коврики evo eva ева эва в салон автомобиля volkswagen tao…».
Автотовары,uncertain_positive,0.5555555555555556,1,120259103861,541165988940,1,H,,Совпадают конкретный товар/вариант и ключевые поля: «abro / герметик - цемент es-332 (1шт)» ↔ «герметик глушителя abro es332».
Автотовары,uncertain_positive,0.5555555555555556,1,171798818192,360777304198,0,M,GENERIC_OVERMATCH,"Общие лишь тип, XL и цвета; модели нет, у одной каски явно есть ушки."
Автотовары,uncertain_positive,0.5555555555555556,1,369367210559,506806200689,0,H,MODEL_VARIANT,Общее H11/30W не идентифицирует товар: PTF generic против Kuzovik для Lexus LX.
Автотовары,uncertain_positive,0.6666666666666666,1,17180026058,790274039152,0,H,MODEL_VARIANT,Тонировка вырезана для разных поколений Hyundai Accent: II против III.
Автотовары,uncertain_positive,0.6666666666666666,1,455266561395,128849076703,1,H,,Совпадают конкретный товар/вариант и ключевые поля: «nibk / колодки тормозные дисковые задние» ↔ «тормозные колодки задние для nissan 200sx s14 94 99 (прои…».
Автотовары,uncertain_positive,0.6666666666666666,1,472446440427,17179982856,1,H,,"Совпадают конкретный товар/вариант и ключевые поля: «nlf1528e18 брызговики задние ком-кт 2 шт полиуретан frosch» ↔ «брызговики задние fiat ducato, 2012-2014, 2014-2 шт.(opti…»."
Автотовары,uncertain_positive,0.7777777777777778,1,584115657732,549755837594,0,H,QUANTITY_BUNDLE,"Одинаковая конфигурация диска, но в предложении 1 против 2 штук."
Автотовары,uncertain_positive,0.7777777777777778,1,824633812290,609885385372,0,H,MODEL_VARIANT,"7PK1550 — размер ремня, а не модель: Lynxauto против Gates."
Автотовары,uncertain_positive,0.8888888888888888,1,42949702965,566935799276,1,H,,"Совпадают конкретный товар/вариант и ключевые поля: «textar / диск задний land rover textar 92147603» ↔ «textar диск тормозной, арт. 92147603»."
Автотовары,uncertain_positive,0.8888888888888888,1,42949744410,343597475481,1,M,,"Совпадают конкретный товар/вариант и ключевые поля: «упор двери задней 2121 ""сааз"" (с крепежом) без упак.» ↔ «амортизатор (упор) багажника 2121 сааз (1шт)»."
Автотовары,uncertain_positive,0.8888888888888888,1,42949793538,678604847160,0,H,MODEL_VARIANT,Багажники предназначены для разных авто: Skoda Octavia против Audi A4.
Автотовары,uncertain_positive,0.8888888888888888,1,137439018887,438086818579,0,H,MODEL_VARIANT,Разные модели автоаксессуара Skyway: Combo-7 против Hit-2.
Автотовары,uncertain_positive,0.8888888888888888,1,180388711858,395137141952,1,M,,"Совпадают конкретный товар/вариант и ключевые поля: «крестовина карданного вала 29x49 toyota cresta gx90,jzx9 …» ↔ «smart.store крестовина карданного вала, арт. ast17»."
Автотовары,uncertain_positive,0.8888888888888888,1,188978651297,94489363007,1,H,,Совпадают конкретный товар/вариант и ключевые поля: «стойка переднего стабилизатора ix35 14-/sportage iii 14- …» ↔ «kormax стойка стабилизатора ksl029».
Автотовары,uncertain_positive,0.8888888888888888,1,257698117785,652835059399,1,H,,Совпадают конкретный товар/вариант и ключевые поля: «колодки тормозные miles e210578» ↔ «miles / колодки тормозные барабанные renault logan 2004 и…».
Автотовары,uncertain_positive,0.8888888888888888,1,429496806154,214748484204,1,H,,Совпадают конкретный товар/вариант и ключевые поля: «корпусной активный сабвуфер урал ac-у12a» ↔ «сабвуфер автомобильный ural ас-у12а черный 300вт активный…».
Автотовары,uncertain_positive,0.8888888888888888,1,446676620079,120259105485,0,H,MODEL_VARIANT,6PK1305 — размер; производители ремней Gates и Patron различаются.
Автотовары,uncertain_positive,0.8888888888888888,1,498216269431,128849025038,1,H,,Совпадают конкретный товар/вариант и ключевые поля: «адаптер incar con-pio-01w iso-переходник для pioneer deh-…» ↔ «pioneer / коннектор iso pioneer ic-pio1500 (con-pio-01w)».
Автотовары,uncertain_positive,0.8888888888888888,1,523986090579,798863970321,1,H,,"Совпадают конкретный товар/вариант и ключевые поля: «marshall ma4774 фильтр воздушный hyundai accent 11- solar…» ↔ «фильтр воздушный hyundai accent solaris, kia rio soul»."
Автотовары,uncertain_positive,0.8888888888888888,1,549755851026,618475301537,0,H,MODEL_VARIANT,Оригинальная деталь ГАЗ 3302-3501137 и aftermarket Automagnat с суффиксом AM.
Автотовары,uncertain_positive,0.8888888888888888,1,618475371998,730144467711,0,H,MODEL_VARIANT,Накидки для разных поколений Elantra и с разными материалами.
Автотовары,uncertain_positive,0.8888888888888888,1,652835128950,103079227571,0,M,GENERIC_OVERMATCH,"Совпадают лишь M12×1.5 и 5 гаек; нет модели и геометрии посадки, у A длина 27 мм."
Автотовары,uncertain_positive,0.8888888888888888,1,712964648239,128849085886,1,H,,"Совпадают конкретный товар/вариант и ключевые поля: «mando / фильтр масляный для porter. hd35. bongo. sorento» ↔ «фильтр масляный, арт. mof4000, mando, цена за 1шт.»."
Автотовары,uncertain_positive,0.8888888888888888,1,764504195313,249108175684,0,M,MODEL_VARIANT,"Один автомобиль и 15%, но разные исполнение/материал и продавцы Tonirovkoff и Mayton."
Автотовары,uncertain_positive,0.8888888888888888,1,764504215888,747324471378,1,M,,Совпадают конкретный товар/вариант и ключевые поля: «carsein / белые галогеновые лампы h11 2шт в птф на калина» ↔ «комплект белого галогена h11 2 шт в птф на lada kalina ва…».
Аптека,exact_negative,0.0,0,73918,395137084368,0,H,,"Разные модель/вариант либо нет достаточного общего якоря: «цветные контактные линзы okvision fusion 3 месяца, -0.50 …» / «цветные контактные линзы okvision fusion 3 месяца, -0.50 …»."
Аптека,exact_negative,0.0,0,128849048378,541165913994,0,H,,"Разные модель/вариант либо нет достаточного общего якоря: «coopervision контактные линзы biofinity toric r 8.7, d -2…» / «coopervision контактные линзы biofinity ежемесячные , -1.…»."
Аптека,exact_negative,0.0,0,163208800510,103079284632,0,H,,"Разные модель/вариант либо нет достаточного общего якоря: «контактные линзы однодневные астигматические 1-day acuvue…» / «acuvue астигматические линзы, -3.00, 8.5, -0.75, 10, 1 де…»."
Аптека,exact_negative,0.0,0,188978646155,532576016634,0,H,,Разные модель/вариант либо нет достаточного общего якоря: «acuvue / астигматические линзы acuvue 1-day oasys d-5.00 …» / «контактные линзы acuvue oasys 1-day with hydraluxe for as…».
Аптека,exact_negative,0.0,0,214748451721,773094190005,0,H,,"Разные модель/вариант либо нет достаточного общего якоря: «niceoptics / готовые очки для зрения +1,25 корригирующие …» / «очки для зрения +1,25 корригирующие антибликовые с диоптр…»."
Аптека,exact_negative,0.0,0,223338440619,352187363278,0,H,,Разные модель/вариант либо нет достаточного общего якоря: «очки для чтения с футляром-змейка dacchi мод. d37489 цвет…» / «фотохромные очки для дали с футляром-змейка dacchi мод. d…».
Аптека,exact_negative,0.0,0,292057791534,438086737121,0,H,,"Разные модель/вариант либо нет достаточного общего якоря: «контактные линзы coopervision clariti 1 day toric (30линз…» / «coopervision контактные линзы clariti 1 day toric r 8.6, …»."
Аптека,exact_negative,0.0,0,292057800962,850403597719,0,H,,"Разные модель/вариант либо нет достаточного общего якоря: «coopervision biofinity toric (3 линзы) bc 8,7 sph -5.50 c…» / «coopervision астигматические линзы biofinity toric (3 шт)…»."
Аптека,exact_negative,0.0,0,309237767423,8590029677,0,H,,"Разные модель/вариант либо нет достаточного общего якоря: «nikitana / очки для зрения -4 рц 56-58» / «очки для чтения +4.5 рц 60-62 женские, корригирующие»."
Аптека,exact_negative,0.0,0,360777421230,850403621665,0,H,,"Разные модель/вариант либо нет достаточного общего якоря: «mien mien899 очки по рецепту +2.00 pd72 с тонкими линзами…» / «очки под заказ в оправе mien899 -2.75 pd58 с линзами 1,50…»."
Аптека,exact_negative,0.0,0,369367297679,120259136372,0,H,,Разные модель/вариант либо нет достаточного общего якоря: «fabia monti / очки для зрения» / «стильные очки -3.00 pd 62-64 с футляром».
Аптека,exact_negative,0.0,0,377957126174,781684106361,0,H,,"Разные модель/вариант либо нет достаточного общего якоря: «alcon мультифокальные линзы -6.25/ med/ 8.6/ 3 шт, alcon,…» / «мультифокальные линзы air optix plus hydraglyde multifoca…»."
Аптека,exact_negative,0.0,0,412317001925,755914323769,0,H,,"Разные модель/вариант либо нет достаточного общего якоря: «астигматические линзы, -2.00 -2.75 20 6 шт, adria o2o2 to…» / «adria / астигматические линзы adria o2o2 toric -2.00 -0.7…»."
Аптека,exact_negative,0.0,0,541165983026,68719547696,0,H,,Разные модель/вариант либо нет достаточного общего якоря: «астигматические линзы acuvue oasys 1-day for astigmatism …» / «acuvue / акувью oasys 1-day 30 for astigmatism d-2.25 cyl…».
Аптека,exact_negative,0.0,0,541166008332,292057834621,0,H,,Разные модель/вариант либо нет достаточного общего якоря: «acuvue oasys 1-day with hydraluxe for astigmatism (30 лин…» / «линзы однодневные астигматические acuvue oasys with hydra…».
Аптека,exact_negative,0.0,0,541166020762,575525659176,0,H,,Разные модель/вариант либо нет достаточного общего якоря: «компьютерные очки для зрения с футляром на магните glodia…» / «компьютерные очки для чтения с футляром на магните glodia…».
Аптека,exact_negative,0.0,0,549755873411,747324438830,0,H,,Разные модель/вариант либо нет достаточного общего якоря: «очки для чтения с футляром-змейка dacchi мод. 37950 цвет …» / «очки для чтения с футляром-змейка dacchi мод. 33320n цвет…».
Аптека,exact_negative,0.0,0,566935795641,687194904215,0,H,,Разные модель/вариант либо нет достаточного общего якоря: «межпальцевый разделитель» / «beeps / разделители для пальцев ног корректоры».
Аптека,exact_negative,0.0,0,584115691189,446676727393,0,H,,"Разные модель/вариант либо нет достаточного общего якоря: «coopervision proclear 1 day (30 линз) -1.75 r 8.7» / «coopervision proclear 1 day (30 линз), 8.7, +1.50»."
Аптека,exact_negative,0.0,0,661424991864,489626287090,0,H,,Разные модель/вариант либо нет достаточного общего якоря: «контактные линзы alcon air optix plus hydraglyde astigmat…» / «alcon торические линзы air optix plus hydraglyde for asti…».
Аптека,exact_negative,0.0,0,661425089874,139816,0,H,,Разные модель/вариант либо нет достаточного общего якоря: «acuvue / oasys 1-day hydraluxe for astigmatism +1.50 -1.7…» / «acuvue oasys 1-day with hydraluxe for astigmatism (30 лин…».
Аптека,exact_negative,0.0,0,764504321246,94489420948,0,H,,Разные модель/вариант либо нет достаточного общего якоря: «локтевой бандаж для сна» / «ортез».
Аптека,exact_negative,0.0,0,773094209966,386547078591,0,H,,"Разные модель/вариант либо нет достаточного общего якоря: «ray-ban / rb2140 902/58 54-18 большой размер поляризованн…» / «оправа для очков ray-ban rx 4487v 8192, цвет: черный, ква…»."
Аптека,exact_negative,0.0,0,798864024632,360777379895,0,H,,"Разные модель/вариант либо нет достаточного общего якоря: «стул для ванны и душа титан для пожилыхwu» / «титановый стул для ванны и душа, ванна с мягкой подушкойwu»."
Аптека,exact_negative,0.0,0,807453993415,146028894046,0,H,,"Разные модель/вариант либо нет достаточного общего якоря: «1-day acuvue oasys / -1,25 / 8,5/30 шт. (0 / рос. размер …» / «acuvue / 1-day acuvue oasys / -6,50 / 8,5/30 шт.»."
Аптека,exact_positive,1.0,1,149013,755914258033,1,H,,"Совпадают конкретный товар/вариант и ключевые поля: «витамин д3 2000 now vitamin d3 2000 iu 120 гелевых капсул» ↔ «витамин now vitamin d-3, для иммунитета и здоровья костей…»."
Аптека,exact_positive,1.0,1,17179895367,412316922730,0,H,QUANTITY_BUNDLE,Hot Flowers Oral Hot Tutti-Frutti: объём 7 мл против 15 мл.
Аптека,exact_positive,1.0,1,42949824013,180388702708,U,L,,"Enterobact SGR 30 капсул, но title A говорит «2 шт.»: по полям нельзя разрешить 1 против 2 упаковок."
Аптека,exact_positive,1.0,1,68719480515,240518251146,1,M,,"Совпадают конкретный товар/вариант и ключевые поля: «простыня одноразовая гекса нестерильная в сложении 140 x …» ↔ «гекса простыня н/с бум. ламинир.140х80 10 шт/уп, индив. с…»."
Аптека,exact_positive,1.0,1,68719501616,103079352379,0,H,GENERIC_OVERMATCH,Пустая карточка «термометр медицинский» не доказывает Braun IRT6520.
Аптека,exact_positive,1.0,1,111669272976,369367359054,1,H,,"Совпадают конкретный товар/вариант и ключевые поля: «очки для зрения компьютерные blue block + антиблик /2,25 …» ↔ «очки для зрения компьютерные blue block + антиблик /2,25 …»."
Аптека,exact_positive,1.0,1,163208895215,369367275604,1,H,,"Совпадают конкретный товар/вариант и ключевые поля: «астигматические линзы -2.00/ -0.75/ 100/ 3 шт, alcon, air…» ↔ «alcon air optix plus hydraglyde astigmatism (3 линзы) bc …»."
Аптека,exact_positive,1.0,1,171798706305,824633770927,1,H,,"Совпадают конкретный товар/вариант и ключевые поля: «астигматические линзы acuvue, 1-day oasys for astigmatism…» ↔ «acuvue oasys 1-day with hydraluxe for astigmatism (30 лин…»."
Аптека,exact_positive,1.0,1,180388690253,34359866903,1,H,,Совпадают конкретный товар/вариант и ключевые поля: «анвимакс вкус клюквы порошок для приг. раствора для прием…» ↔ «фармвилар анвимакс порошок д/приг раствора для приема вну…».
Аптека,exact_positive,1.0,1,206158563255,51539701926,1,H,,"Совпадают конкретный товар/вариант и ключевые поля: «контактные линзы air optix plus hydraglyde d+3.25, r8.6, …» ↔ «alcon air optix plus hydraglyde (3 линзы) +3.25 r 8.6»."
Аптека,exact_positive,1.0,1,206158566525,712964585255,1,H,,"Совпадают конкретный товар/вариант и ключевые поля: «шприц инсулиновый трехкомпонентный u-1000. 33 x 12. 7 мм …» ↔ «sfm шприц инсулиновый sfm, 1 мл, комплект 10 шт, пакет, u…»."
Аптека,exact_positive,1.0,1,214748497140,309237658465,1,H,,"Совпадают конкретный товар/вариант и ключевые поля: «однодневные контактные линзы biotrue one day -5.75/90шт» ↔ «bausch + lomb / biotrue oneday (90 линз), 8.6, -5.75»."
Аптека,exact_positive,1.0,1,266287975095,206158491134,1,H,,Совпадают конкретный товар/вариант и ключевые поля: «природный набор витаминов и микроэлементов. нормализация …» ↔ «now / burdock root 430мг 100 капсул».
Аптека,exact_positive,1.0,1,292057904294,206158537795,0,M,GENERIC_OVERMATCH,Evaline массажёр и безымянная антицеллюлитная рукавица без общей модели.
Аптека,exact_positive,1.0,1,326417545678,704374706768,1,H,,"Совпадают конкретный товар/вариант и ключевые поля: «solgar витамин е 200 ме капсулы 100 шт» ↔ «solgar / солгар витамин е 200 me, 100 капсул»."
Аптека,exact_positive,1.0,1,386547186098,764504283380,1,M,,"Совпадают конкретный товар/вариант и ключевые поля: «цветные контактные линзы okvision fusion 3 месяца, -5.00 …» ↔ «контактные линзы fusion 2, цветные, -5.00 / 14 / 8.6, зел…»."
Аптека,exact_positive,1.0,1,549755955278,317827659331,1,M,,Совпадают конкретный товар/вариант и ключевые поля: «протефикс активный очиститель зубных протезов» ↔ «protefix / протефикс очиститель активный для зубных проте…».
Аптека,exact_positive,1.0,1,618475374927,738734469801,1,H,,"Совпадают конкретный товар/вариант и ключевые поля: «астигматические линзы acuvue, oasys for astigmatism, +0.5…» ↔ «acuvue / oasys for astigmatism with hydraclear plus +0.50…»."
Аптека,exact_positive,1.0,1,652835073138,773094238683,0,M,GENERIC_OVERMATCH,Экстра-тонкая перфорированная полоска и generic алмазная полоска без общего grit/MPN.
Аптека,exact_positive,1.0,1,652835141365,841813685736,1,H,,"Совпадают конкретный товар/вариант и ключевые поля: «ко-эксфорж таблетки п/о плен. 5мг+160мг+12,5мг 28шт» ↔ «novartis pharma ко-эксфорж таблетки покрытые пленочной об…»."
Аптека,exact_positive,1.0,1,678604839304,42949706581,1,H,,Совпадают конкретный товар/вариант и ключевые поля: «энтерогидрон от отравления комплекс солей натрия и калия …» ↔ «multiforte / энтерогидрон регидратационный комплекс 4 саш…».
Аптека,exact_positive,1.0,1,712964685468,403726975259,1,H,,Совпадают конкретный товар/вариант и ключевые поля: «1-day acuvue oasys for astigmatism. цилиндр(cyl) -0.75. о…» ↔ «acuvue oasys 1-day with hydraluxe for astigmatism (30 лин…».
Аптека,exact_positive,1.0,1,730144553208,652835043865,0,H,MODEL_VARIANT,Линзы DOX разных вариантов: A106 Black 14.2 мм против B11 Black 14.0 мм.
Аптека,exact_positive,1.0,1,755914372420,678604861578,1,H,,Совпадают конкретный товар/вариант и ключевые поля: «acuvue / акувью oasys 1-day astigmatism 30 d-6.00 cyl-0.7…» ↔ «астигматические линзы acuvue oasys 1 day with hydraluxe f…».
Аптека,exact_positive,1.0,1,816043813973,274877918240,1,H,,"Совпадают конкретный товар/вариант и ключевые поля: «презервативы durex invisible ультратонкие 12 шт.» ↔ «презервативы ультратонкие durex invisible, 12 шт»."
Аптека,uncertain_negative,0.2222222222222222,0,25769880733,498216305674,0,H,,Разные модель/вариант либо нет достаточного общего якоря: «компьютерные очки для дали с футляром-змейка dacchi мод. …» / «очки для дали с футляром-змейка dacchi мод. d37169 цвет 2…».
Аптека,uncertain_negative,0.2222222222222222,0,60129672943,412316895070,0,H,,"Разные модель/вариант либо нет достаточного общего якоря: «гель-лубрикант услада увлажняющий 60 гр» / «kaprizzz / гель-лубрикант ""услада"" с провитамином b5, сек…»."
Аптека,uncertain_negative,0.2222222222222222,0,111669271634,231928369703,0,H,,"Разные модель/вариант либо нет достаточного общего якоря: «корсет для осанки ортопедический» / «корсет для осанки, размер стандартный, толстовка для мужч…»."
Аптека,uncertain_negative,0.2222222222222222,0,214748477290,206158475689,0,H,,Разные модель/вариант либо нет достаточного общего якоря: «очки с футляром-змейка fedrov мод. 31459 цвет 3 с линзами…» / «очки с футляром-змейка fedrov мод. 31459 цвет 3 с линзами…».
Аптека,uncertain_negative,0.2222222222222222,0,223338360314,670014978029,0,H,,Разные модель/вариант либо нет достаточного общего якоря: «нижфарм ао / раствор для промывания носа аквалор 150 мл*2…» / «аквалор софт дуо спрей для промывания полости носа с морс…».
Аптека,uncertain_negative,0.2222222222222222,0,300647871563,472446478238,0,M,,Разные модель/вариант либо нет достаточного общего якоря: «тонометр автоматический» / «компактный автоматический тонометр для измерения давления».
Аптека,uncertain_negative,0.2222222222222222,0,309237653954,128849043754,0,H,,"Разные модель/вариант либо нет достаточного общего якоря: «корсет для осанки, корректор осанки ортопедический с ребр…» / «сезон товаров / корректор осанки для спины женский мужско…»."
Аптека,uncertain_negative,0.2222222222222222,0,438086700217,463856591003,0,M,,Разные модель/вариант либо нет достаточного общего якоря: «тонометр» / «тонометр».
Аптека,uncertain_negative,0.2222222222222222,0,463856556449,249108195587,0,M,,"Разные модель/вариант либо нет достаточного общего якоря: «тонометр» / «тонометр автоматический размер манжеты: 22-32, надежный»."
Аптека,uncertain_negative,0.2222222222222222,0,481036390216,8589945860,0,H,,Разные модель/вариант либо нет достаточного общего якоря: «optika116 / очки для зрения -4.5» / «качественные и элегантные готовые очки с межзрачковым рас…».
Аптека,uncertain_negative,0.2222222222222222,0,652835174389,188978613216,0,H,,"Разные модель/вариант либо нет достаточного общего якоря: «ксеникал, капсулы 120 мг, 42 шт.» / «ксеникал капсулы 120 мг 84 шт»."
Аптека,uncertain_negative,0.2222222222222222,0,661425017252,429496738003,0,H,,Разные модель/вариант либо нет достаточного общего якоря: «линзы однодневные астигматические acuvue oasys with hydra…» / «acuvue oasys 1-day with hydraluxe for astigmatism (30 лин…».
Аптека,uncertain_negative,0.2222222222222222,0,738734521430,197568540284,0,H,,Разные модель/вариант либо нет достаточного общего якоря: «очки на заказ v0018 pd66 +2.25 с тонкими линзами 1.56 фот…» / «очки для зрения ручка узкая +2.25».
Аптека,uncertain_negative,0.3333333333333333,0,77309553959,17179967015,0,M,,"Разные модель/вариант либо нет достаточного общего якоря: «многоочков / очки для зрения женские с диоптриями +5.0» / «очки для чтения +5 рц 58-60 женские, корригирующие»."
Аптека,uncertain_negative,0.3333333333333333,0,343597527353,94489408933,0,H,,Разные модель/вариант либо нет достаточного общего якоря: «acuvue oasys with hydraclear plus (6 линз) -11.50 r 8.4» / «контактные линзы acuvue oasys with hydraclear plus 12 лин…».
Аптека,uncertain_negative,0.3333333333333333,0,403727018102,704374679741,1,H,BAD_SOURCE_FIELDS,"Идентичны необычное название, 38×38 и материал; count 6 во второй карточке противоречит title 10."
Аптека,uncertain_negative,0.3333333333333333,0,472446442619,42949752158,0,H,,"Разные модель/вариант либо нет достаточного общего якоря: «восток / очки для зрения -4,0 -4.0» / «стеклянные готовые очки -4.00 с uv защитой»."
Аптека,uncertain_negative,0.3333333333333333,0,549755901080,137439081468,0,M,,"Разные модель/вариант либо нет достаточного общего якоря: «компактный автоматический тонометр для измерения давления» / «тонометр автоматический с голосовым оповещением, точный з…»."
Аптека,uncertain_negative,0.3333333333333333,0,644245232692,764504193456,1,M,MISSED_MATCH,Одна заряженная полимерная плёнка Полимедэл 9×30; бренд продавца не меняет товар.
Аптека,uncertain_negative,0.3333333333333333,0,687194835378,609885496483,1,M,MISSED_MATCH,"Тот же набор 3-в-1: акупунктурный коврик, валик и сумка; размеры 60/65×40×2 близки."
Аптека,uncertain_negative,0.3333333333333333,0,773094257968,249108121659,0,H,,Разные модель/вариант либо нет достаточного общего якоря: «стельки ортопедические trives женские ст-105.1 (р.39)» / «ортопедические кожаные стельки для обуви при плоскостопии…».
Аптека,uncertain_negative,0.4444444444444444,0,85899454553,764504225257,0,L,,Разные модель/вариант либо нет достаточного общего якоря: «ремень безопасности для инвалидной коляски» / «ремешок для инвалидной коляски».
Аптека,uncertain_negative,0.4444444444444444,0,472446501154,240518271012,1,H,MISSED_MATCH,Идентичен двухтоварный набор Bio Product Iron Mass + Iron Test.
Аптека,uncertain_negative,0.4444444444444444,0,549755878564,326417653562,0,H,,Разные модель/вариант либо нет достаточного общего якоря: «цилиндр(cyl) -1.75. ось(ax) 180. сфера(sp) -2.00 / 14.5 /…» / «biofinity / контактные линзы для астигматизма biofinity t…».
Аптека,uncertain_negative,0.4444444444444444,0,618475327415,292057846294,0,H,,"Разные модель/вариант либо нет достаточного общего якоря: «acuvue астигматические линзы, -5.75, 8.6, -2.25, 90, 2 не…» / «acuvue oasys for astigmatism with hydraclear plus (6 шт),…»."
Аптека,uncertain_positive,0.5555555555555556,1,266288077847,240518231410,0,M,GENERIC_OVERMATCH,36 generic пластырей для коленей от разных продавцов без общей модели/состава.
Аптека,uncertain_positive,0.5555555555555556,1,317827617109,8589988433,0,M,GENERIC_OVERMATCH,"Общее только «Tiger», назначение и 10 шт.; производителя/модели нет."
Аптека,uncertain_positive,0.5555555555555556,1,455266620076,438086680808,1,H,,Совпадают конкретный товар/вариант и ключевые поля: «ортез» ↔ «шарнирный ортез с жёсткой фиксацией для коленного сустава…».
Аптека,uncertain_positive,0.5555555555555556,1,498216345337,25769873934,0,H,MODEL_VARIANT,Разные тапочки: EVA с магнитами против турмалиновых механических размера 37–38.
Аптека,uncertain_positive,0.6666666666666666,1,60129582012,257698040690,1,M,,"Совпадают конкретный товар/вариант и ключевые поля: «астигматические линзы acuvue 1-day moist for astigmatism,…» ↔ «астигматические линзы acuvue 1-day moist for astigmatism …»."
Аптека,uncertain_positive,0.6666666666666666,1,171798698132,60129689356,0,H,WRONG_ENTITY,"iD Pants — трусы, iD Slip — подгузники на липучках; формат товара различается."
Аптека,uncertain_positive,0.6666666666666666,1,240518265797,188978672240,1,H,,"Совпадают конкретный товар/вариант и ключевые поля: «пустырник и мята essential botanics, 30мл» ↔ «siberian wellness пустырник и мята капли 30»."
Аптека,uncertain_positive,0.6666666666666666,1,609885491015,154618961136,0,H,MODEL_VARIANT,Оправа Baolyn K9710 имеет разные цветовые варианты C2 и C3.
Аптека,uncertain_positive,0.7777777777777778,1,506806151118,257698119951,0,M,GENERIC_OVERMATCH,"Синие пальчиковые пульсоксиметры без общего бренда, модели и полного fingerprint."
Аптека,uncertain_positive,0.7777777777777778,1,807453988780,163208904025,0,H,QUANTITY_BUNDLE,"Рецепт линз одинаков, но предложение на 6/12 линз против 3 линз."
Аптека,uncertain_positive,0.8888888888888888,1,51539664523,188978580950,1,H,,Совпадают конкретный товар/вариант и ключевые поля: «контактные линзы акувью acuvue oasys 1-day однодневные ак…» ↔ «acuvue / контактные линзы oasys 1-day with hydraluxe».
Аптека,uncertain_positive,0.8888888888888888,1,68719511271,352187374520,1,H,,"Совпадают конкретный товар/вариант и ключевые поля: «мультифокальные линзы acuvue oasys multifocal 6 линз r 8.…» ↔ «acuvue мультифокальные линзы acuvue, oasys multifocal, -3…»."
Аптека,uncertain_positive,0.8888888888888888,1,68719527703,678604868789,1,M,,"Совпадают конкретный товар/вариант и ключевые поля: «концентратор кислорода, европейский стандарт/очень тихо/1…» ↔ «концентратор кислорода, европейский стандарт, 1-8 литров/…»."
Аптека,uncertain_positive,0.8888888888888888,1,180388722620,730144608251,1,H,,"Совпадают конкретный товар/вариант и ключевые поля: «линзы biotrue oneday однодневные, 90 шт -3.25 радиус крив…» ↔ «bausch+lomb контактные линзы bausch & lomb biotrue oneday…»."
Аптека,uncertain_positive,0.8888888888888888,1,266288109201,489626287897,0,M,WRONG_ENTITY,Двухсекционная таблетница с делителем и отдельный портативный резак — разные товары.
Аптека,uncertain_positive,0.8888888888888888,1,283467847252,566935822518,0,H,MODEL_VARIANT,Orgie Human Lube 150 мл: лавандовая формула против нейтральной.
Аптека,uncertain_positive,0.8888888888888888,1,343597439910,549755889578,0,M,QUANTITY_BUNDLE,Карточка коврика/неясного состава против комплекта из трёх акупунктурных предметов.
Аптека,uncertain_positive,0.8888888888888888,1,352187334035,661425020153,1,H,,"Совпадают конкретный товар/вариант и ключевые поля: «coopervision vitality toric (6 линз) bc 8,5 sph -2.00 cyl…» ↔ «астигматические линзы coopervision, avaira vitality toric…»."
Аптека,uncertain_positive,0.8888888888888888,1,352187347990,764504298008,0,H,QUANTITY_BUNDLE,"В первой карточке заявлены 2 комплекта по 5, во второй — один комплект 5 шт."
Аптека,uncertain_positive,0.8888888888888888,1,352187457676,438086779171,1,H,,"Совпадают конкретный товар/вариант и ключевые поля: «ласуна шри ганга / lasuna shri ganga , 240 таб. (2 упаков…» ↔ «shri ganga / ласуна шри ганга, lasuna shri ganga , 2х120 …»."
Аптека,uncertain_positive,0.8888888888888888,1,455266673016,816043881270,0,H,MODEL_VARIANT,Очки разных цветовых вариантов: FM синие против Fabia Monti 1066 C2 чёрных.
Аптека,uncertain_positive,0.8888888888888888,1,463856540263,523986042617,1,H,,"Совпадают конкретный товар/вариант и ключевые поля: «xiaomi youpin ирригатор для полости рта, белый» ↔ «ирригатор»."
Аптека,uncertain_positive,0.8888888888888888,1,618475366792,738734491138,0,M,GENERIC_OVERMATCH,Generic надувные ёмкости для мытья головы без модели и совпавших размеров.
Аптека,uncertain_positive,0.8888888888888888,1,807453877652,532576101454,1,H,,"Совпадают конкретный товар/вариант и ключевые поля: «shunga увлажняющий лубрикант aqua - 165 мл, shunga,» ↔ «лубрикант shunga toko aqua на водной основе, ультра-шелко…»."
Аптека,uncertain_positive,0.8888888888888888,1,807453924192,146028910557,1,H,,"Совпадают конкретный товар/вариант и ключевые поля: «концентратор кислорода» ↔ «портативный открытый кислородный концентратор, домашний к…»."
Бытовая техника,exact_negative,0.0,0,153761,120259118388,0,H,,"Разные модель/вариант либо нет достаточного общего якоря: «щипцы для завивки волос, вид: автоматические, надежный» / «без бренда 30351671_051528869 автоматическая плойка»."
Бытовая техника,exact_negative,0.0,0,128849085480,317827603441,0,H,,"Разные модель/вариант либо нет достаточного общего якоря: «аэрогриль sonifer sf-1044 черный» / «аэрогриль kb-001, серый металлик, черный»."
Бытовая техника,exact_negative,0.0,0,180388661016,395137150727,0,M,,"Разные модель/вариант либо нет достаточного общего якоря: «соковыжималка pp-kc00234-20240405mm-25, зеленый» / «соковыжималка // обычный зеленый»."
Бытовая техника,exact_negative,0.0,0,266288083205,781684058681,0,M,,"Разные модель/вариант либо нет достаточного общего якоря: «фен для волос» / «фен для волос 0420-310-077db5fc4873, кол-во насадок 1»."
Бытовая техника,exact_negative,0.0,0,274878057495,618475438796,0,H,,"Разные модель/вариант либо нет достаточного общего якоря: «вентилятор настольный с увлажнителем воздуха портативный» / «мини вентилятор с подсветкой беспроводной салатовый, порт…»."
Бытовая техника,exact_negative,0.0,0,300647807625,266288113076,0,H,,"Разные модель/вариант либо нет достаточного общего якоря: «midea пароварка электрическая объем12.1 л, чаша для риса,…» / «midea пароварка электрическая 12.5 л, 2яруса, бежевый, се…»."
Бытовая техника,exact_negative,0.0,0,300647855830,343597478680,0,H,,Разные модель/вариант либо нет достаточного общего якоря: «плойка для завивки волос pro curl 25 мм» / «harizma профессиональная плойка для завивки волос / pro c…».
Бытовая техника,exact_negative,0.0,0,309237785020,661425004640,0,H,,Разные модель/вариант либо нет достаточного общего якоря: «inkase / пылесос для автомобиля автомобильный пылесос» / «пылесос для автомобиля беспроводной мощный / автомобильны…».
Бытовая техника,exact_negative,0.0,0,352187323586,609885421022,0,H,,Разные модель/вариант либо нет достаточного общего якоря: «ультразвучный увлажнитель воздуха для комфортного климата» / «dexp увлажнитель воздуха ct653676».
Бытовая техника,exact_negative,0.0,0,352187428920,644245167099,0,H,,"Разные модель/вариант либо нет достаточного общего якоря: «утюг centek ct-2351 blue (синий) 2200вт, керамическая под…» / «утюг centek ct-3301 синий»."
Бытовая техника,exact_negative,0.0,0,369367235247,377957237425,0,H,,Разные модель/вариант либо нет достаточного общего якоря: «бытовой охлаждающий кондиционер с вентилятором увлажнения…» / «dynebear многофункциональная напольная система кондициони…».
Бытовая техника,exact_negative,0.0,0,377957187078,17179933564,0,H,,Разные модель/вариант либо нет достаточного общего якоря: «bresser / метеостанция bresser national geographic barote…» / «метеостанция bresser national geographic с прозрачным кор…».
Бытовая техника,exact_negative,0.0,0,377957258463,412316894206,0,H,,Разные модель/вариант либо нет достаточного общего якоря: «холодильник rk fnf-170 black pozis» / «двухкамерный холодильник pozis rk-139 черный».
Бытовая техника,exact_negative,0.0,0,429496791800,712964660348,0,H,,"Разные модель/вариант либо нет достаточного общего якоря: «5 наборов фильтров для пылесоса» / «5 сменных фильтров, совместимых с»."
Бытовая техника,exact_negative,0.0,0,455266626710,463856611230,0,M,,Разные модель/вариант либо нет достаточного общего якоря: «паровой утюг» / «паровой утюг с керамическим покрытием».
Бытовая техника,exact_negative,0.0,0,506806251405,165130,0,H,,Разные модель/вариант либо нет достаточного общего якоря: «без бренда кухонные весы 011 бежевый» / «бамбуковые кухонные весы scale».
Бытовая техника,exact_negative,0.0,0,549755889832,128849081289,0,H,,"Разные модель/вариант либо нет достаточного общего якоря: «климатический комплекс 5 в 1: охладитель, вентилятор, мин…» / «увлажитель воздуха»."
Бытовая техника,exact_negative,0.0,0,566935797612,841813719293,0,M,,Разные модель/вариант либо нет достаточного общего якоря: «портативный паровой утюг для одежды» / «портативный паровой утюг для одежды».
Бытовая техника,exact_negative,0.0,0,609885434034,292057821841,0,H,,Разные модель/вариант либо нет достаточного общего якоря: «электрическая зубная щетка» / «еееро / щетка для зубов».
Бытовая техника,exact_negative,0.0,0,627065376435,335007499188,0,H,,Разные модель/вариант либо нет достаточного общего якоря: «чайник электрический vitek vt-7009 1.7л. 2200вт прозрачны…» / «vitek / чайник электрический vitek vt-7039».
Бытовая техника,exact_negative,0.0,0,704374689899,352187479686,0,H,,Разные модель/вариант либо нет достаточного общего якоря: «термощетка» / «стайлер для укладки волос».
Бытовая техника,exact_negative,0.0,0,747324342115,687194908748,0,H,,Разные модель/вариант либо нет достаточного общего якоря: «обогреватель для дома напольный» / «heater / обогреватель тепловентилятор для дома электричес…».
Бытовая техника,exact_negative,0.0,0,747324380041,51539699691,0,H,,"Разные модель/вариант либо нет достаточного общего якоря: «zldrill триммер для волос series 7 bt7420, 7 насадки, 40 …» / «универсальный триммер для стильного образа»."
Бытовая техника,exact_negative,0.0,0,824633776228,8590017167,0,H,,"Разные модель/вариант либо нет достаточного общего якоря: «весы безмен для багажа электронные 50 кг lb 2426» / «электронные весы с крюком и датчиком температуры,портатив…»."
Бытовая техника,exact_negative,0.0,0,850403653287,506806158901,0,L,,Разные модель/вариант либо нет достаточного общего якоря: «электрическая зубная щетка» / «электрическая зубная щетка».
Бытовая техника,exact_positive,1.0,1,115643,704374681696,0,M,GENERIC_OVERMATCH,Generic утюг Kelli без модели не доказывает конкретный KL-1638.
Бытовая техника,exact_positive,1.0,1,8589991286,824633802649,1,H,,"Совпадают конкретный товар/вариант и ключевые поля: «машинка для стрижки волос km-2269» ↔ «mpro машинка для стрижки триммер для волос kemei km-2269,…»."
Бытовая техника,exact_positive,1.0,1,42949688537,51539614465,1,H,,Совпадают конкретный товар/вариант и ключевые поля: «eurolux тепловентилятор твк-eu-2 67/2/7» ↔ «тепловентилятор eurolux твк-eu-2 1800вт серый».
Бытовая техника,exact_positive,1.0,1,42949711865,352187343405,1,H,,"Совпадают конкретный товар/вариант и ключевые поля: «измельчитель электрический r-7031» ↔ «измельчитель блендер мясорубка raf 7031, 1000вт, прорезин…»."
Бытовая техника,exact_positive,1.0,1,51539668218,523986114322,1,H,,Совпадают конкретный товар/вариант и ключевые поля: «настенный кондиционер aux asw-h18a4/qh-r1 + as-h18a4/qh-r…» ↔ «сплит-система aux q light on-off asw-h18a4/qh-r1 / as-h18…».
Бытовая техника,exact_positive,1.0,1,51539717189,695784702844,1,H,,Совпадают конкретный товар/вариант и ключевые поля: «тепловентилятор твс-2 (2 квт)» ↔ «ресанта / тепловентилятор ресанта твс-2 67/2/2».
Бытовая техника,exact_positive,1.0,1,60129683687,180388714231,1,H,,"Совпадают конкретный товар/вариант и ключевые поля: «воздуходувка аккумуляторная мощная, турбовентилятор, ветр…» ↔ «воздуходувка аккумуляторная мощная, турбовентилятор, ветр…»."
Бытовая техника,exact_positive,1.0,1,68719580367,850403543509,1,H,,Совпадают конкретный товар/вариант и ключевые поля: «weiheng электронные кухонные весы весы электронные до 50 …» ↔ «/ весы».
Бытовая техника,exact_positive,1.0,1,77309548296,429496879016,1,M,,"Совпадают конкретный товар/вариант и ключевые поля: «электробритва panasonic es-st25-k751» ↔ «электробритва panasonic es-st25ks820, черный, белый»."
Бытовая техника,exact_positive,1.0,1,128849067981,635655260659,0,H,WRONG_ENTITY,Обычный фен Android U655912 и мультистайлер 5-в-1 — разная комплектация/назначение.
Бытовая техника,exact_positive,1.0,1,231928257821,773094117440,0,H,MODEL_VARIANT,Smeg TSF01CREU cream и TSF01CHMEU beige имеют разные SKU/цветовой вариант.
Бытовая техника,exact_positive,1.0,1,266288093962,661425032483,1,H,,Совпадают конкретный товар/вариант и ключевые поля: «подставка для фена sencicimen smart hand dryer holder for…» ↔ «sencicimen / подставка для фена smart hand dryer holder p…».
Бытовая техника,exact_positive,1.0,1,292057874322,180388636376,0,H,WRONG_ENTITY,Полный комплект сплит-системы Haier и только внутренний блок — разные предложения.
Бытовая техника,exact_positive,1.0,1,360777393813,326417546537,1,H,,Совпадают конкретный товар/вариант и ключевые поля: «тостер wilfa ct-1000 white» ↔ «тостер wilfa ct-1000 mw».
Бытовая техника,exact_positive,1.0,1,395137123500,584115636532,1,M,,"Совпадают конкретный товар/вариант и ключевые поля: «триммер с дисплеем vgr v-106, 6 в 1» ↔ «vgr триммер для волос v-106 набор парикмахера, кол-во нас…»."
Бытовая техника,exact_positive,1.0,1,481036396692,498216296359,1,H,,"Совпадают конкретный товар/вариант и ключевые поля: «мини-изготовитель пончиков мини-изготовитель пончиков ес …» ↔ «мини-пончиковая машина, мини-блинная машина для детских з…»."
Бытовая техника,exact_positive,1.0,1,584115574031,695784813767,1,H,,"Совпадают конкретный товар/вариант и ключевые поля: «steelberg / фильтр а83 steelberg, черный» ↔ «фильтр а83 steelberg, черный»."
Бытовая техника,exact_positive,1.0,1,627065301765,249108145432,1,H,,Совпадают конкретный товар/вариант и ключевые поля: «thermex / водонагреватель artflow 10500» ↔ «водонагреватель thermex artflow 10500 вт проточный напорн…».
Бытовая техника,exact_positive,1.0,1,652835098897,8589964736,1,H,,Совпадают конкретный товар/вариант и ключевые поля: «часы-голографическая метеостанция geekmagic mini wifi cry…» ↔ «часы-голографическая метеостанция geekmagic mini wifi cry…».
Бытовая техника,exact_positive,1.0,1,661425075178,721554574961,1,H,,Совпадают конкретный товар/вариант и ключевые поля: «кулер для воды ptsy1144» ↔ «кулер для воды ptsy1144».
Бытовая техника,exact_positive,1.0,1,687194832592,68719577230,1,H,,Совпадают конкретный товар/вариант и ключевые поля: «метеостанция rexant s637b» ↔ «метеостанция s637b с жк-экраном и беспроводным датчиком r…».
Бытовая техника,exact_positive,1.0,1,687194902660,575525752296,0,H,MODEL_VARIANT,Разные модели варочных панелей Electrolux: EIV634 против KIV634I.
Бытовая техника,exact_positive,1.0,1,781684143875,541165945678,1,M,,Совпадают конкретный товар/вариант и ключевые поля: «пылесос red solution c330» ↔ «пылесос контейнерный red solution 2000вт».
Бытовая техника,exact_positive,1.0,1,790274104781,231928352737,1,H,,Совпадают конкретный товар/вариант и ключевые поля: «philips / триммер philips nt1650/16 черный (насадок в ком…» ↔ «триммер для носа и ушей nt1650».
Бытовая техника,exact_positive,1.0,1,833223821961,738734458457,1,H,,"Совпадают конкретный товар/вариант и ключевые поля: «мельница электрическая windigo wgm- 02, гравитационная, 2…» ↔ «электрическая мельница windigo wgm-02, металлическая»."
Бытовая техника,uncertain_negative,0.2222222222222222,0,42949824559,489626407624,1,H,MISSED_MATCH,Полностью совпадает конкретная модель машинки VGR V-398.
Бытовая техника,uncertain_negative,0.2222222222222222,0,146028976243,807453985312,0,H,,"Разные модель/вариант либо нет достаточного общего якоря: «измельчитель» / «измельчитель кухонный электрический, с металлической чаше…»."
Бытовая техника,uncertain_negative,0.2222222222222222,0,274878034992,395137051085,0,H,,"Разные модель/вариант либо нет достаточного общего якоря: «погружной блендер, мощный измельчитель - 700вт, 3 в 1, дл…» / «sokany / блендер погружной смузи и коктейлей миксер техни…»."
Бытовая техника,uncertain_negative,0.2222222222222222,0,317827663346,240518229652,0,M,,"Разные модель/вариант либо нет достаточного общего якоря: «точные карманные электронные весы» / «электронные профессиональные ювелирные, кухонные, карманн…»."
Бытовая техника,uncertain_negative,0.2222222222222222,0,326417537145,798863965197,0,H,,"Разные модель/вариант либо нет достаточного общего якоря: «электронные портативные весы mh-300 от 0.01гр. до 300 гр.» / «othehouseholsupplielabs / весы карманные mh-668, предел 3…»."
Бытовая техника,uncertain_negative,0.2222222222222222,0,352187318871,68719484448,0,H,,"Разные модель/вариант либо нет достаточного общего якоря: «вакууматор для кондиционера, мини-портативный вакуумный н…» / «мини-вакуумный насос для кондиционеров мощностью до 2 л.с…»."
Бытовая техника,uncertain_negative,0.2222222222222222,0,420906873060,51539679003,0,M,,"Разные модель/вариант либо нет достаточного общего якоря: «автомобильный мини-пылесос, 8000 па, портативный, с европ…» / «пылесос для автомобиля мощный на аккумуляторе беспроводной»."
Бытовая техника,uncertain_negative,0.2222222222222222,0,481036433951,154618846098,0,H,,Разные модель/вариант либо нет достаточного общего якоря: «портативный ручной вентилятор hoco hx64» / «вентилятор jrzy6ahd».
Бытовая техника,uncertain_negative,0.2222222222222222,0,506806227456,77309531906,0,H,,Разные модель/вариант либо нет достаточного общего якоря: «охладитель воздуха» / «охладитель воздуха».
Бытовая техника,uncertain_negative,0.2222222222222222,0,678604878002,395137020429,0,H,,"Разные модель/вариант либо нет достаточного общего якоря: «инфракрасная настольная плита df1, черный» / «плита электрическая настольная 7000 вт»."
Бытовая техника,uncertain_negative,0.2222222222222222,0,764504245556,730144442601,0,H,,Разные модель/вариант либо нет достаточного общего якоря: «профессиональный пароочиститель пароочиститель_zyiobhumgn…» / «профессиональный пароочиститель 6631bf099f1e4cc88b0e9c44f…».
Бытовая техника,uncertain_negative,0.2222222222222222,0,798864065295,429496785812,0,H,,"Разные модель/вариант либо нет достаточного общего якоря: «счетные весы» / «высокоточные весы электронные 0,1 - 3000 г батарейная мод…»."
Бытовая техника,uncertain_negative,0.2222222222222222,0,850403622055,25769856493,0,H,,"Разные модель/вариант либо нет достаточного общего якоря: «мясорубка ротор дива эмш 35/300-3 белый» / «мясорубка ротор дива люкс 35/300-3 2000 вт, белый»."
Бытовая техника,uncertain_negative,0.3333333333333333,0,292057874075,300647763477,0,H,,"Разные модель/вариант либо нет достаточного общего якоря: «ручной мини-вентилятор (розовый, 20000 мач, 5 скоростей)» / «котовентиль настольный вентилятор мини вентилятор ручной …»."
Бытовая техника,uncertain_negative,0.3333333333333333,0,395137149151,42949766547,0,H,,"Разные модель/вариант либо нет достаточного общего якоря: «толкатель для электромясорубки cronier cr-1907» / «galaxy / толкатель для мясорубки galaxy gl2417, gl2421»."
Бытовая техника,uncertain_negative,0.3333333333333333,0,429496800352,807453933576,0,M,,"Разные модель/вариант либо нет достаточного общего якоря: «портативный вентилятор вентилятор напольный с ионизацией …» / «вентилятор напольный с пультом, ионизацией и турбо режимо…»."
Бытовая техника,uncertain_negative,0.3333333333333333,0,506806241328,730144440667,1,H,MISSED_MATCH,Одна мясорубка Redmond RMG-1223; разная max power — конфликт источников.
Бытовая техника,uncertain_negative,0.3333333333333333,0,515396107394,816043896839,0,H,,"Разные модель/вариант либо нет достаточного общего якоря: «bosch ручной миксер mfq40304, 500 вт» / «миксер bosch mfq40303»."
Бытовая техника,uncertain_negative,0.3333333333333333,0,738734452604,463856564378,1,M,BAD_SOURCE_FIELDS,"Совпадают мини-стиралка с отжимом, 52 см и 4.5 кг; тип «центрифуга» у A ошибочен."
Бытовая техника,uncertain_negative,0.3333333333333333,0,755914311594,94489333344,0,H,,Разные модель/вариант либо нет достаточного общего якоря: «холодильник бирюса b-940nf» / «холодильник m940nf бирюса».
Бытовая техника,uncertain_negative,0.3333333333333333,0,773094187525,120259222577,0,M,,"Разные модель/вариант либо нет достаточного общего якоря: «ручка люка для стиральной машины bosch (бош), siemens (си…» / «зип-м ручка люка в сборе для стиральной машины bosch (бош)»."
Бытовая техника,uncertain_negative,0.3333333333333333,0,807453933039,128849019902,1,H,MISSED_MATCH,"Совпадают Rexfaber RF-V40P, 4 предмета, 40 кг и 240 г."
Бытовая техника,uncertain_negative,0.4444444444444444,0,120259192375,180388717257,0,H,,"Разные модель/вариант либо нет достаточного общего якоря: «рамка (держатель) мешка пылесборника, подходит для пылесо…» / «рамка-держатель мешка-пылесборника для пылесоса bosch»."
Бытовая техника,uncertain_negative,0.4444444444444444,0,240518249922,584115693797,0,H,,"Разные модель/вариант либо нет достаточного общего якоря: «настольный вентилятор от usb, синий» / «babylama_home / вентилятор многофункциональный настольный…»."
Бытовая техника,uncertain_negative,0.4444444444444444,0,412316967600,670015017600,0,H,,Разные модель/вариант либо нет достаточного общего якоря: «электрический штопор circle joy mini electric wine opener…» / «электрический штопор circle joy comet electric wine opene…».
Бытовая техника,uncertain_positive,0.5555555555555556,1,274877957114,609885495702,1,M,,"Совпадают конкретный товар/вариант и ключевые поля: «патронный фильтр для пылесосов karcher (керхер) wd2, wd3,…» ↔ «патронный фильтр pro karcher wd 2, wd 3, se 4001: 1шт»."
Бытовая техника,uncertain_positive,0.5555555555555556,1,326417611388,549755847262,0,M,GENERIC_OVERMATCH,Generic настенные переносные кондиционеры без общего бренда/модели.
Бытовая техника,uncertain_positive,0.5555555555555556,1,403727048970,412316965315,1,H,,"Совпадают конкретный товар/вариант и ключевые поля: «vgr / профессиональный триммер для идеальной гигиены» ↔ «триммер для носа и ушей v-613, кол-во насадок 1»."
Бытовая техника,uncertain_positive,0.5555555555555556,1,481036489027,841813687956,1,H,,"Совпадают конкретный товар/вариант и ключевые поля: «чайник braun wk 3100 bk, 1,7 л, 2200 вт» ↔ «чайник электрический braun wk303ai-wk3100bk 1.7 л черный»."
Бытовая техника,uncertain_positive,0.5555555555555556,1,584115591443,644245104180,0,H,QUANTITY_BUNDLE,Простой прибор с одной панелью против мультипекаря с 7 панелями; бренды и размеры разные.
Бытовая техника,uncertain_positive,0.6666666666666666,1,386547187525,223338309334,0,M,GENERIC_OVERMATCH,Белые mini-USB вентиляторы без общей модели и полного набора размеров.
Бытовая техника,uncertain_positive,0.6666666666666666,1,523986112151,790274098499,1,M,,Совпадают конкретный товар/вариант и ключевые поля: «мясорубка» ↔ «мясорубка с насадками для кеббе и сосисок».
Бытовая техника,uncertain_positive,0.6666666666666666,1,704374659461,300647763760,0,M,GENERIC_OVERMATCH,Прозрачный чайник 2200 Вт без модели/объёма не доказывает вторую карточку.
Бытовая техника,uncertain_positive,0.7777777777777778,1,17180007534,695784861190,1,H,,"Совпадают конкретный товар/вариант и ключевые поля: «вакуумный насос dszh wk-1n1c (1ст., 42 л/мин)» ↔ «вакуумный насос dszh wk-1n1c (1ст, 42 л/мин, 4.2 кг)»."
Бытовая техника,uncertain_positive,0.7777777777777778,1,42949810178,429496810031,1,H,,Совпадают конкретный товар/вариант и ключевые поля: «модифицированный водный фильтр кофемашины krups evidence …» ↔ «модифицированный водный фильтр кофемашины krups one-touch…».
Бытовая техника,uncertain_positive,0.7777777777777778,1,111669243223,377957202264,1,H,,"Совпадают конкретный товар/вариант и ключевые поля: «oem мотор (двигатель) для пылесосов samsung 2400w dj31-00…» ↔ «двигатель пылесоса samsung 2400w h 119mm 135mm vcm-m30au,…»."
Бытовая техника,uncertain_positive,0.7777777777777778,1,652835032366,781684065033,1,H,,"Совпадают конкретный товар/вариант и ключевые поля: «ресанта / тепловентилятор твс-1 , 2000 вт» ↔ «тепловентилятор, обогреватель электрический твс-1 (2 квт)»."
Бытовая техника,uncertain_positive,0.7777777777777778,1,678604960760,584115678120,1,H,,"Совпадают конкретный товар/вариант и ключевые поля: «polaris робот-пылесос polaris pvcr g2 0926w wifi iq home …» ↔ «робот-пылесос polaris pvcr g2 0926w, 30вт, белый/черный»."
Бытовая техника,uncertain_positive,0.7777777777777778,1,730144501106,798863994118,1,M,,"Совпадают конкретный товар/вариант и ключевые поля: «блендер портативный шейкер» ↔ «блендер портативный owyelo, персональный миксер - usb-пер…»."
Бытовая техника,uncertain_positive,0.8888888888888888,1,146028923248,266288045369,1,H,,"Совпадают конкретный товар/вариант и ключевые поля: «аквадистиллятор» ↔ «дистиллятор чистой воды, 4l зубной фильтр дистиллированно…»."
Бытовая техника,uncertain_positive,0.8888888888888888,1,197568569705,386547135056,1,H,,Совпадают конкретный товар/вариант и ключевые поля: «сплит-система haier as-25hpl2hra coral dc inverter r32» ↔ «haier / сплит-система as25hpl2hra».
Бытовая техника,uncertain_positive,0.8888888888888888,1,326417656631,171798752332,0,H,MODEL_VARIANT,"Thermex Mera 15U — верхнее/подмоечное подключение, Mera 15O — нижнее."
Бытовая техника,uncertain_positive,0.8888888888888888,1,395137109224,515396099408,1,H,,"Совпадают конкретный товар/вариант и ключевые поля: «встраиваемая посудомоечная машина korting kdi 45488, узка…» ↔ «korting / посудомоечная машина korting kdi 45488»."
Бытовая техника,uncertain_positive,0.8888888888888888,1,438086758476,661424998776,1,M,,Совпадают конкретный товар/вариант и ключевые поля: «плойка для локонов автоматическая стайлер для завивки вол…» ↔ «плойка для завивки волос автоматическая стайлер для завив…».
Бытовая техника,uncertain_positive,0.8888888888888888,1,541165981600,566935775270,1,M,,Совпадают конкретный товар/вариант и ключевые поля: «dyson / фен hd07 prussian blue/copper 113312-01» ↔ «фен для волос dyson supersonic hair dryer hd07 с кейсом b…».
Бытовая техника,uncertain_positive,0.8888888888888888,1,635655166082,790273999737,1,H,,Совпадают конкретный товар/вариант и ключевые поля: «газовая колонка edisson e 20 gd (подсолнухи)» ↔ «газовая колонка edisson e 20 gd (подсолнухи)».
Бытовая техника,uncertain_positive,0.8888888888888888,1,644245246140,214748381685,1,H,,Совпадают конкретный товар/вариант и ключевые поля: «газовая варочная панель fs 66 b» ↔ «kuppersberg газовая варочная панель fs 66 b».
Бытовая техника,uncertain_positive,0.8888888888888888,1,695784836603,773094127513,0,H,MODEL_VARIANT,"Bosch BEL524MB0 имеет гриль, BFL524MB0 — solo; разные модели."
Бытовая техника,uncertain_positive,0.8888888888888888,1,704374648118,154618871721,1,H,,"Совпадают конкретный товар/вариант и ключевые поля: «тостер bq t1004 красный, 2 тоста, автоматическое центриро…» ↔ «bq / тостер t1004»."
Бытовая техника,uncertain_positive,0.8888888888888888,1,790274045290,412316936772,1,H,,Совпадают конкретный товар/вариант и ключевые поля: «вытяжка falmec elle isola 175 (ceqi75.e0p2#zzzh490f)» ↔ «кухонная вытяжка falmec elle isola 175 (черный)».
Бытовая химия,exact_negative,0.0,0,103079218967,188978568584,0,H,,"Разные модель/вариант либо нет достаточного общего якоря: «профхим д/стирки усил-ль от жиров,масел,пигмента luscan p…» / «luscan professional профхим д/стирки ополаск-нейтрализато…»."
Бытовая химия,exact_negative,0.0,0,120259209765,773094200961,0,H,,"Разные модель/вариант либо нет достаточного общего якоря: «svo perfume кондиционер для белья» / «yumos кондиционер для белья yumos, 1.44 литра»."
Бытовая химия,exact_negative,0.0,0,146029001859,523986076230,0,H,,"Разные модель/вариант либо нет достаточного общего якоря: «средство для мытья посуды synergetic алоэ, концентрат, с …» / «synergetic / средство для мытья посуды и детских игрушек …»."
Бытовая химия,exact_negative,0.0,0,180388719249,498216216239,0,H,,Разные модель/вариант либо нет достаточного общего якоря: «abc / кондиционер для белья» / «кондиционер ополаскиватель для белья розы страсти 4 л».
Бытовая химия,exact_negative,0.0,0,180388746581,25769822754,0,H,,Разные модель/вариант либо нет достаточного общего якоря: «lion soflan 204 ополаскиватель для белья антибактериальны…» / «lion / кондиционер для белья с натуральными арома маслами…».
Бытовая химия,exact_negative,0.0,0,188978594346,335007485282,0,H,,"Разные модель/вариант либо нет достаточного общего якоря: «универсальное средство для смягчения воды calgon и предот…» / «calgon / гель от накипи в стиральных машинах 3 в 1, 750 мл»."
Бытовая химия,exact_negative,0.0,0,223338328857,463856610810,0,H,,Разные модель/вариант либо нет достаточного общего якоря: «vanish / пятновыводитель для ковров и обивки vanish oxi a…» / «vanish oxi action пятновыводитель для ковров и обивки меб…».
Бытовая химия,exact_negative,0.0,0,240518251234,326417641256,0,H,,"Разные модель/вариант либо нет достаточного общего якоря: «glade сменный баллон ассорти, 269мл, 6шт» / «glade / сменный баллон для автоматического освежителя, 6ш…»."
Бытовая химия,exact_negative,0.0,0,317827601556,249108135735,0,H,,"Разные модель/вариант либо нет достаточного общего якоря: «комплект 12 шт, освежитель для унитаза свежинка лимон 37 г» / «свежинка / освежители воздуха»."
Бытовая химия,exact_negative,0.0,0,335007595554,798863999580,0,H,,"Разные модель/вариант либо нет достаточного общего якоря: «освежитель воздуха pro-brite unix frutella 311-05 500 мл» / «освежитель воздуха pro-brite professional unix jasmine, с…»."
Бытовая химия,exact_negative,0.0,0,395137037818,300647778213,0,H,,"Разные модель/вариант либо нет достаточного общего якоря: «lion кондиционер для белья с ароматом розы aroma silk» / «кондиционер для белья lion aroma silk, с ароматом розы, 2…»."
Бытовая химия,exact_negative,0.0,0,412316970159,335007489268,0,H,,Разные модель/вариант либо нет достаточного общего якоря: «средство для мытья поверхностей на пищевых производствах …» / «dolphin / профхим д/кухни щел моющ д/комплекс уборки-обез…».
Бытовая химия,exact_negative,0.0,0,463856486508,197568531944,0,H,,"Разные модель/вариант либо нет достаточного общего якоря: «tide / =стиральный порошок-автомат 6 кг, ""детский""» / «tide. порошок стиральный аква-пудра ""color д/чувствительн…»."
Бытовая химия,exact_negative,0.0,0,463856599351,790274091052,0,H,,Разные модель/вариант либо нет достаточного общего якоря: «lamm / кондиционер ополаскиватель для белья 5л ваниль» / «кондиционер для белья альпийская свежесть lamm 5л».
Бытовая химия,exact_negative,0.0,0,489626355780,300647851772,0,H,,Разные модель/вариант либо нет достаточного общего якоря: «ушастый нянь отбеливатель для детского белья порошковый 5…» / «ушастый нянь. / пятновыводитель порошковый для детского б…».
Бытовая химия,exact_negative,0.0,0,498216209739,352187366028,0,M,,"Разные модель/вариант либо нет достаточного общего якоря: «стиральный порошок 85 г 38 стирок для белых тканей, для д…» / «нет бренда / пластины для трудных загрязнений, 38 шт х 2 …»."
Бытовая химия,exact_negative,0.0,0,523986027808,60129708798,0,H,,"Разные модель/вариант либо нет достаточного общего якоря: «средства от насекомых и вредителей dr.klaus ""подвесная се…» / «свежесть dr.klaus / подвесная секция против моли. средств…»."
Бытовая химия,exact_negative,0.0,0,541166023250,395137114822,0,M,,"Разные модель/вариант либо нет достаточного общего якоря: «чистый дом / тесто от крыс и мышей для защиты дома, 2 шт.» / «набор 2шт.:отрава для мышей и крыс мумифицирующая тесто-б…»."
Бытовая химия,exact_negative,0.0,0,558345909962,687194829900,0,H,,Разные модель/вариант либо нет достаточного общего якоря: «clean home кондиционер-ополаскиватель для белья хлопковые…» / «clean home / отбеливатель кислородный пятновыводитель про…».
Бытовая химия,exact_negative,0.0,0,678604956098,146029033532,0,M,,Разные модель/вариант либо нет достаточного общего якоря: «гель для стирки 5литров» / «гель для стирки универсальный 5л».
Бытовая химия,exact_negative,0.0,0,695784760530,635655293304,0,H,,"Разные модель/вариант либо нет достаточного общего якоря: «средство для чистки и дезинфекции sanfor universal, 10 в …» / «средство санитарно-гигиеническое sanfor лимонная свежесть…»."
Бытовая химия,exact_negative,0.0,0,712964646392,601295546842,0,H,,"Разные модель/вариант либо нет достаточного общего якоря: «биолан / биолан, средство для мытья посуды алоэ вера, 2 ш…» / «апрель гель-концентрат для мытья посуды алоэ вера, 1000 м…»."
Бытовая химия,exact_negative,0.0,0,730144510663,206158580757,0,H,,"Разные модель/вариант либо нет достаточного общего якоря: «первый снег отбеливатель для белого, цветного белья, без …» / «первый снег отбеливатель, с активным кислородом, 550 гр, …»."
Бытовая химия,exact_negative,0.0,0,781684072445,377957124407,0,H,,"Разные модель/вариант либо нет достаточного общего якоря: «кондиционер с лавандой 1200мл» / «кондиционер ушастый нянь для детского белья с алоэ вера, …»."
Бытовая химия,exact_negative,0.0,0,781684128178,730144518769,0,H,,Разные модель/вариант либо нет достаточного общего якоря: «dr.beckmann очиститель для стиральных машин (гигиенически…» / «dr. beckmann / средство от накипи универсальное 250 мл».
Бытовая химия,exact_positive,1.0,1,25769930491,704374775587,0,M,GENERIC_OVERMATCH,«Special cleaner» aloe 200 refill и generic гелевый блок для унитаза без общей модели.
Бытовая химия,exact_positive,1.0,1,34359795252,180388720558,1,H,,"Совпадают конкретный товар/вариант и ключевые поля: «чистящее средство 500 мл effect alfa 103 для удаления изв…» ↔ «effect / чистящее средсво для удален налета-ржавчины, для…»."
Бытовая химия,exact_positive,1.0,1,42949790581,8589936083,1,H,,Совпадают конкретный товар/вариант и ключевые поля: «gektor порошок против тараканов без запаха» ↔ «rus / средство от тараканов гектор (gektor)».
Бытовая химия,exact_positive,1.0,1,68719492161,575525746387,1,H,,"Совпадают конкретный товар/вариант и ключевые поля: «кондиционер abc для белья розы 1 л» ↔ «abc / кондиционер для белья ""розы страсти"" смягчающий, 1 л»."
Бытовая химия,exact_positive,1.0,1,137438966763,438086769087,1,H,,"Совпадают конкретный товар/вариант и ключевые поля: «гель для стирки пуховиков, курток, одеял и подушек, 500 мл» ↔ «salton гель для стирки изделий из пуха, cleantech 500 мл»."
Бытовая химия,exact_positive,1.0,1,197568502232,85899487015,1,H,,Совпадают конкретный товар/вариант и ключевые поля: «средство по уходу за кожаными изделиями 400 мл bagi супер…» ↔ «bagi / средство для кожаных изделий 400 мл».
Бытовая химия,exact_positive,1.0,1,197568528289,712964722003,1,H,,Совпадают конкретный товар/вариант и ключевые поля: «рефтамид спрей от мошек антимошка 100мл» ↔ «рефтамид антимошка 100мл».
Бытовая химия,exact_positive,1.0,1,223338304148,223338361318,1,H,,"Совпадают конкретный товар/вариант и ключевые поля: «маркопул кемиклс мастер-пул - 4в1 комплексное бесхлорное …» ↔ «мастер-пул, 1л бутылка, жидкое безхлорное средство 4 в 1 …»."
Бытовая химия,exact_positive,1.0,1,223338449795,249108164645,1,H,,"Совпадают конкретный товар/вариант и ключевые поля: «bros / средство приманка от муравьев в квартире и доме» ↔ «приманка для уничтожения фараоновых муравьев bros, 2 прим…»."
Бытовая химия,exact_positive,1.0,1,249108192855,661425008913,1,M,,"Совпадают конкретный товар/вариант и ключевые поля: «bestway / комплексный дезинфектор для бассейнов» ↔ «дезинфектор комплексного действия bestway, медленный»."
Бытовая химия,exact_positive,1.0,1,266288018017,326417593719,1,H,,"Совпадают конкретный товар/вариант и ключевые поля: «универсальное чистящее средство sanfor / санфор универсал…» ↔ «sanfor / гель для уборки 10 в 1 лимонная свежесть 1,5 л»."
Бытовая химия,exact_positive,1.0,1,377957134972,240518200472,1,H,,"Совпадают конкретный товар/вариант и ключевые поля: «найт / эффективное чистящее средство для унитаза и ванной» ↔ «доместос гель для чистки сантехники ""максимальная защита""…»."
Бытовая химия,exact_positive,1.0,1,377957264024,300647842271,1,H,,"Совпадают конкретный товар/вариант и ключевые поля: «сменный баллон для glade автоматик пион-сочные ягоды, 269…» ↔ «glade / освежитель сменный баллон пион и сочные ягоды,269…»."
Бытовая химия,exact_positive,1.0,1,412316860425,481036500338,1,H,,"Совпадают конкретный товар/вариант и ключевые поля: «ушастый нянь гель для стирки для детского белья, 2 л» ↔ «ушастый нянь гель для стирки белья 2000 мл»."
Бытовая химия,exact_positive,1.0,1,446676638178,283467985434,1,H,,Совпадают конкретный товар/вариант и ключевые поля: «sanita / средство для стекол clean glass горная свежесть …» ↔ «средство для мытья стекол и зеркал sanita / санита горная…».
Бытовая химия,exact_positive,1.0,1,489626373125,309237707934,1,H,,"Совпадают конкретный товар/вариант и ключевые поля: «greenfield поглотитель запаха для холодильников, 2 шт, 2 …» ↔ «гринфилд / эффективный поглотитель запахов для холодильни…»."
Бытовая химия,exact_positive,1.0,1,515396085515,781684050471,1,H,,"Совпадают конкретный товар/вариант и ключевые поля: «свежинка / утилизатор отходов био, 70 г, 2 упаковки» ↔ «свежинка утилизатор отходов био, 70 г, 2 шт»."
Бытовая химия,exact_positive,1.0,1,566935817672,309237803538,1,H,,Совпадают конкретный товар/вариант и ключевые поля: «salton cleantech / гель для стирки спортивной одежды анти…» ↔ «salton cleantech гель д/стирки универсальный против запах…».
Бытовая химия,exact_positive,1.0,1,592705615560,627065288281,1,H,,Совпадают конкретный товар/вариант и ключевые поля: «аэрозоль от летающих насекомых и клещей gardex extreme 15…» ↔ «gardex аэрозоль от всех летающих насекомых и клещей extre…».
Бытовая химия,exact_positive,1.0,1,601295558162,25769891093,1,H,,"Совпадают конкретный товар/вариант и ключевые поля: «vilor / гель для стирки универсальный, 1 л» ↔ «средство для стирки vilor универсал»."
Бытовая химия,exact_positive,1.0,1,661425020661,60129638172,1,H,,Совпадают конкретный товар/вариант и ключевые поля: «sanfor / отбеливатель-гель 3в1 белизна 700 гр» ↔ «дезинфицирующее средство sanfor белизна 700г».
Бытовая химия,exact_positive,1.0,1,661425083560,438086701042,1,H,,Совпадают конкретный товар/вариант и ключевые поля: «блок для унитаза bref color aktiv с хлор-компонентом 50 г» ↔ «бреф чистящее средство для унитаза bref цветная вода с хл…».
Бытовая химия,exact_positive,1.0,1,730144498528,807453952216,1,H,,"Совпадают конкретный товар/вариант и ключевые поля: «средство для прочистки канализационных труб 1 л, tiret (т…» ↔ «гель для удаления засоров в канализационных трубах tiret …»."
Бытовая химия,exact_positive,1.0,1,747324451643,652835067440,1,H,,"Совпадают конкретный товар/вариант и ключевые поля: «чистящее средство для кухни grass azelit антижир, 600 мл» ↔ «средство для кухни grass азелит анти-жир 600мл»."
Бытовая химия,exact_positive,1.0,1,850403589431,223338374179,1,H,,"Совпадают конкретный товар/вариант и ключевые поля: «lion средство для мытья посуды, овощей и фруктов chamgree…» ↔ «lion / средство для мытья посуды, овощей и фруктов 800 мл»."
Бытовая химия,uncertain_negative,0.2222222222222222,0,146028943292,395137069271,0,H,,Разные модель/вариант либо нет достаточного общего якоря: «золушка / средство для чистки ковров» / «средство золушка для чистки ковров и обивки мягкой мебели…».
Бытовая химия,uncertain_negative,0.2222222222222222,0,257698153228,764504240433,0,H,,"Разные модель/вариант либо нет достаточного общего якоря: «sanfor / белизна гель отбеливатель 3в1,1000 г» / «санфор/ отбеливатель белизна гель 3 в 1, 700 г»."
Бытовая химия,uncertain_negative,0.2222222222222222,0,360777292345,790274089197,0,H,,Разные модель/вариант либо нет достаточного общего якоря: «жидкий стиральный порошок abc для чёрной одежды 3л» / «kalyon / гель для стирки темного и черного белья 3л».
Бытовая химия,uncertain_negative,0.2222222222222222,0,395137111518,309237691493,0,H,,Разные модель/вариант либо нет достаточного общего якоря: «таблетки для унитаза / туалетный блок гель для унитаза» / «туалетный блок для унитаза в бачок 2 шт».
Бытовая химия,uncertain_negative,0.2222222222222222,0,412316892195,489626307725,0,H,,"Разные модель/вариант либо нет достаточного общего якоря: «стиральный листовой порошок в пластинах» / «пластинки для стирки белья, листовой стиральный порошок, …»."
Бытовая химия,uncertain_negative,0.2222222222222222,0,523986089118,807453907713,0,H,,"Разные модель/вариант либо нет достаточного общего якоря: «lion / кондиционер для белья soflan premium deodorizer 15…» / «lion / кондиционер для белья ""soflan"" (с мощным антибакте…»."
Бытовая химия,uncertain_negative,0.2222222222222222,0,532575965301,575525635801,0,H,,"Разные модель/вариант либо нет достаточного общего якоря: «доместос чистящее средство, свежесть атлантики, 750 мл, 2…» / «доместос / универсальное чистящее средство для унитаза и …»."
Бытовая химия,uncertain_negative,0.2222222222222222,0,541165937809,670014967244,0,H,,"Разные модель/вариант либо нет достаточного общего якоря: «санокс чистящее средство для сантехники аист anticalc, 75…» / «санокс / чистящее средство anticalc (антикальк) 750мл х 1…»."
Бытовая химия,uncertain_negative,0.2222222222222222,0,584115699021,231928240063,0,H,,"Разные модель/вариант либо нет достаточного общего якоря: «рефтамид / спрей от комаров для всей семьи 145 мл» / «рефтамид средство от насекомых maximum 3 в 1, 145 мл»."
Бытовая химия,uncertain_negative,0.2222222222222222,0,678604974269,420906900519,0,H,,"Разные модель/вариант либо нет достаточного общего якоря: «химия для бассейна ""биопак"" 1л, препарат антимикробный, б…» / «средство для бассейнов»."
Бытовая химия,uncertain_negative,0.2222222222222222,0,695784817071,343597390620,0,H,,"Разные модель/вариант либо нет достаточного общего якоря: «fairy / средство для мытья посуды лаванда, розмарин 650 м…» / «средство для мытья посуды fairy pure & clean лаванда и ро…»."
Бытовая химия,uncertain_negative,0.2222222222222222,0,841813709779,764504266316,0,M,,Разные модель/вариант либо нет достаточного общего якоря: «bagfovacuucleanertech / моющее средство для roborock» / «моющее средство концентрат для роботов пылесосов roborock».
Бытовая химия,uncertain_negative,0.3333333333333333,0,8589952907,68719490909,0,M,,Разные модель/вариант либо нет достаточного общего якоря: «спирали от комаров без запаха 10 штук» / «спирали от комаров 10 шт».
Бытовая химия,uncertain_negative,0.3333333333333333,0,8589961324,309237681628,0,H,,Разные модель/вариант либо нет достаточного общего якоря: «туалетный блок для унитаза» / «сменный туалетный блок для сливного бачка погружной / сре…».
Бытовая химия,uncertain_negative,0.3333333333333333,0,68719540611,249108155033,0,H,,Разные модель/вариант либо нет достаточного общего якоря: «finish средство для посудомоечных машин ultimate all in 1…» / «finish капсулы quantum ultimate для посудомоечной машины …».
Бытовая химия,uncertain_negative,0.3333333333333333,0,257698174450,369367307529,0,H,,"Разные модель/вариант либо нет достаточного общего якоря: «средство дезинфицирующее для туалета cillit bang ""антинал…» / «cillit bang / средство для туалета антиналет-блеск,цитрус…»."
Бытовая химия,uncertain_negative,0.3333333333333333,0,274877999841,747324451139,0,H,,Разные модель/вариант либо нет достаточного общего якоря: «тайский кондиционер для белья стойкий запах fineline red …» / «fineline / ароматизированный кондиционер смягчающий».
Бытовая химия,uncertain_negative,0.3333333333333333,0,377957225598,128849115048,0,H,,Разные модель/вариант либо нет достаточного общего якоря: «pigeon corporation чистящее средство для кухни bisol clea…» / «pigeon corporation / чистящее средство для кухни с аромат…».
Бытовая химия,uncertain_negative,0.3333333333333333,0,472446430826,781684148512,1,H,MISSED_MATCH,Один Somat Extra 100 таблеток; упаковка/аромат различаются из-за шумных полей.
Бытовая химия,uncertain_negative,0.3333333333333333,0,678604933000,309237793753,0,H,,Разные модель/вариант либо нет достаточного общего якоря: «средство для туалета / очиститель для бачка унитаза табле…» / «pekasam / таблетки для унитаза в бачок».
Бытовая химия,uncertain_negative,0.3333333333333333,0,730144517624,755914350507,1,H,MISSED_MATCH,"Идентичен Mr Proper «Бережная уборка», 1 л."
Бытовая химия,uncertain_negative,0.3333333333333333,0,747324352109,773094121851,1,M,MISSED_MATCH,Один Домовой Прошка для фумигатора на 45 ночей; у A лишь расширено «Тройной удар Maxi».
Бытовая химия,uncertain_negative,0.3333333333333333,0,764504306892,386547169448,0,H,,Разные модель/вариант либо нет достаточного общего якоря: «sweet home / капсулы для стирки белья белого и цветного» / «капсулы для стирки (основное слово) эффективные концентри…».
Бытовая химия,uncertain_negative,0.4444444444444444,0,369367334424,326417630254,1,M,MISSED_MATCH,"Один Expel Max Effect для ванной/санузла, спрей 600 мл; B сокращена."
Бытовая химия,uncertain_negative,0.4444444444444444,0,730144451337,300647829773,0,L,,"Разные модель/вариант либо нет достаточного общего якоря: «flora гель для стирки белого белья white, 1,5 л» / «для белого жидкое средство для стирки белья 1500 мл 1.5 л»."
Бытовая химия,uncertain_positive,0.5555555555555556,1,188978571283,506806228129,1,H,,Совпадают конкретный товар/вариант и ключевые поля: «pure water стиральный порошок 800 г» ↔ «стиральный порошок ми&ко pure water для детского белья 80…».
Бытовая химия,uncertain_positive,0.5555555555555556,1,249108163306,730144565953,0,H,QUANTITY_BUNDLE,Sanfor для септика 40 г: 1 упаковка против 2 штук.
Бытовая химия,uncertain_positive,0.5555555555555556,1,489626395756,824633749853,1,H,,"Совпадают конкретный товар/вариант и ключевые поля: «бытовед / средство для кухни азелит антижир 600мл» ↔ «антижир для кухни ""azelit"" 600 мл, grass»."
Бытовая химия,uncertain_positive,0.5555555555555556,1,523986024880,42949775649,0,H,QUANTITY_BUNDLE,Grass Azelit 600 мл: одна бутылка против набора из двух.
Бытовая химия,uncertain_positive,0.5555555555555556,1,609885513476,51539726135,1,H,,"Совпадают конкретный товар/вариант и ключевые поля: «abc стиральный порошок 9000 г 90 стирок для белых тканей,…» ↔ «abc / стиральный порошок автомат для цветного авс 9 кг»."
Бытовая химия,uncertain_positive,0.5555555555555556,1,747324458851,472446535641,1,M,,Совпадают конкретный товар/вариант и ключевые поля: «средство от плесени и грибка/гель антиплесень для стираль…» ↔ «средство от плесени в ванной на швах и стиральной машине».
Бытовая химия,uncertain_positive,0.6666666666666666,1,163208874343,85899466775,1,H,,Совпадают конкретный товар/вариант и ключевые поля: «сменный аэрозоль airwick нежные цветы 250мл» ↔ «airwick / освежитель воздуха нежные цветы 250 мл».
Бытовая химия,uncertain_positive,0.6666666666666666,1,395137129284,523986072980,0,H,GENERIC_OVERMATCH,"10 generic клеевых ловушек без общего бренда, модели или полного fingerprint."
Бытовая химия,uncertain_positive,0.6666666666666666,1,661425037856,395137022399,0,H,QUANTITY_BUNDLE,Synergetic для труб: короб 6×1 л против одной бутылки 1 л.
Бытовая химия,uncertain_positive,0.7777777777777778,1,17179918424,154618976886,1,M,,"Совпадают конкретный товар/вариант и ключевые поля: «аэрозоль атак от муравьев, тараканов и других ползающих н…» ↔ «dr. klaus / аэрозоль от насекомых 600 мл»."
Бытовая химия,uncertain_positive,0.7777777777777778,1,103079362827,712964660912,1,H,,"Совпадают конкретный товар/вариант и ключевые поля: «тихий час / карбофос 250мл от тараканов и клопов» ↔ «тихий час карбофос 250 мл, средство от клопов и отрава от…»."
Бытовая химия,uncertain_positive,0.7777777777777778,1,472446404225,137439054828,1,H,,"Совпадают конкретный товар/вариант и ключевые поля: «чистин / средство санитарно-гигиеническое гель 750 г» ↔ «чистящее средство чистин, 750гр санитарный (601983-4027)»."
Бытовая химия,uncertain_positive,0.7777777777777778,1,721554545550,94489426667,1,M,,"Совпадают конкретный товар/вариант и ключевые поля: «средство для пола ""arena цветущий лотос""» ↔ «grass / средство для мытья пола arena 1000 мл»."
Бытовая химия,uncertain_positive,0.7777777777777778,1,773094184386,395137094586,1,H,,Совпадают конкретный товар/вариант и ключевые поля: «бос bi-oo-xi / пятновыводитель 500 г» ↔ «бос bi-o-xi био-кислородный гиперпятновыводитель (500 г п…».
Бытовая химия,uncertain_positive,0.8888888888888888,1,68719535435,704374702308,1,M,,"Совпадают конкретный товар/вариант и ключевые поля: «procter & gamble / моющий порошок для уборки ""mr. proper""…» ↔ «mr. proper моющий порошок для уборки универсал с отбелива…»."
Бытовая химия,uncertain_positive,0.8888888888888888,1,180388741834,60129568684,1,H,,"Совпадают конкретный товар/вариант и ключевые поля: «пенка grass crispi для посуды, овощей и фруктов, гипоалле…» ↔ «grass / средство для мытья посуды пенка crispi»."
Бытовая химия,uncertain_positive,0.8888888888888888,1,197568615421,154618911115,1,H,,"Совпадают конкретный товар/вариант и ключевые поля: «grass чистящее средство для пола arena, цветущий лотос, с…» ↔ «grass / средство для мытья пола ""цветущий лотос"" 1л»."
Бытовая химия,uncertain_positive,0.8888888888888888,1,231928261565,83430,1,H,,"Совпадают конкретный товар/вариант и ключевые поля: «санокс гель чистящий для сантехники, против ржавчины, 1,1…» ↔ «санокс / чистящее средство для сантехники 1100гр 2шт»."
Бытовая химия,uncertain_positive,0.8888888888888888,1,309237746422,206158436799,1,H,,"Совпадают конкретный товар/вариант и ключевые поля: «лосьон от комаров ""москилл"", 100 мл» ↔ «лосьон moskill защитный от насекомых 100 мл»."
Бытовая химия,uncertain_positive,0.8888888888888888,1,369367199774,472446490905,1,M,,"Совпадают конкретный товар/вариант и ключевые поля: «clovin / кислородный отбеливатель для белого der waschkon…» ↔ «отбеливатель кислородный der waschkonig c.g. ""bleichmitte…»."
Бытовая химия,uncertain_positive,0.8888888888888888,1,369367268090,627065251918,0,H,MODEL_VARIANT,Sanfor для пола разных формул: «Забота о доме» против «Ультра блеск».
Бытовая химия,uncertain_positive,0.8888888888888888,1,523986081412,292057899602,1,H,,"Совпадают конкретный товар/вариант и ключевые поля: «grass / профхим послестрой кисл д/удал строй.смес ,1л» ↔ «средство для очистки после ремонта grass ""cement remover""…»."
Бытовая химия,uncertain_positive,0.8888888888888888,1,523986122441,455266547254,1,M,,Совпадают конкретный товар/вариант и ключевые поля: «dr. beckmann / салфетки для обновления черного цвета и тк…» ↔ «dr.beckmann салфетки для стирки и обновления черной одежд…».
Бытовая химия,uncertain_positive,0.8888888888888888,1,635655316902,292057930717,1,H,,"Совпадают конкретный товар/вариант и ключевые поля: «средство для мытья посуды grass velly нежные ручки, 1л» ↔ «grass средство для мытья посуды velly, нежные ручки, 1 л»."
Бытовая химия,uncertain_positive,0.8888888888888888,1,704374756390,429496796062,1,H,,Совпадают конкретный товар/вариант и ключевые поля: «nadzor / эффективный спрей от комаров для детей» ↔ «спрей от комаров *nadzor* для детей 100мл».
Галантерея и аксессуары,exact_negative,0.0,0,139406,94489398173,0,H,,Разные модель/вариант либо нет достаточного общего якоря: «olevs / 2906 кварцевые деловой часы подарок» / «olevs часы наручные механические 6630».
Галантерея и аксессуары,exact_negative,0.0,0,42949822758,644245146437,0,M,,"Разные модель/вариант либо нет достаточного общего якоря: «часы наручные электронные» / «спортивные часы для мужчин - черное золото, браслет»."
Галантерея и аксессуары,exact_negative,0.0,0,94489283460,489626311164,0,M,,Разные модель/вариант либо нет достаточного общего якоря: «сумка на пояс» / «модная поясная сумка с двумя отделениями».
Галантерея и аксессуары,exact_negative,0.0,0,94489349160,798863961288,0,H,,Разные модель/вариант либо нет достаточного общего якоря: «сумка на плечо кросс-боди» / «минималистичная женская сумка через плечо черного цвета».
Галантерея и аксессуары,exact_negative,0.0,0,206158547056,240518191985,0,H,,"Разные модель/вариант либо нет достаточного общего якоря: «nazamok / рюкзак школьный текстильный» / «рюкзак молодежный, отдел на молнии, наружный карман, цвет…»."
Галантерея и аксессуары,exact_negative,0.0,0,249108237981,687194810128,0,H,,Разные модель/вариант либо нет достаточного общего якоря: «si dragon / пяткоудерживатель для кроссовок» / «вкладыш поддерживающий для обуви 2 шт».
Галантерея и аксессуары,exact_negative,0.0,0,266288076272,644245206161,0,H,,Разные модель/вариант либо нет достаточного общего якоря: «твой выбор / очки солнцезащитные maybach» / «maybach очки солнцезащитные».
Галантерея и аксессуары,exact_negative,0.0,0,274877997803,60129670514,0,H,,"Разные модель/вариант либо нет достаточного общего якоря: «брошь божья коровка большая 1165.4» / «брошь ""паук"" / латунь янтарь прессованный литье / значок»."
Галантерея и аксессуары,exact_negative,0.0,0,326417522965,42949676016,0,H,,Разные модель/вариант либо нет достаточного общего якоря: «сумка на плечо мешок женская холщовая : 35x28x12см» / «саквояж».
Галантерея и аксессуары,exact_negative,0.0,0,369367288688,747324368531,0,M,,"Разные модель/вариант либо нет достаточного общего якоря: «сумка на плечо» / «nazamok / сумка женская багет на клапане, цвет чёрный»."
Галантерея и аксессуары,exact_negative,0.0,0,403727027747,249108195893,0,H,,Разные модель/вариант либо нет достаточного общего якоря: «рюкзак» / «универсальный тактический рюкзак для активных приключений».
Галантерея и аксессуары,exact_negative,0.0,0,420906916774,584115667818,0,H,,"Разные модель/вариант либо нет достаточного общего якоря: «burberry рюкзак» / «многофункциональная сумка через плечо, кэжуал, нейлон, чё…»."
Галантерея и аксессуары,exact_negative,0.0,0,429496807317,309237681664,0,M,,Разные модель/вариант либо нет достаточного общего якоря: «солнцезащитные очки // c4-пепел» / «очки солнцезащитные».
Галантерея и аксессуары,exact_negative,0.0,0,463856541062,833223785176,0,H,,Разные модель/вариант либо нет достаточного общего якоря: «art-подарки / брелок именной 23 февраля c днем защитника …» / «брелок именной 23 февраля c днем защитника отечества орхан».
Галантерея и аксессуары,exact_negative,0.0,0,498216252723,51539737221,0,H,,"Разные модель/вариант либо нет достаточного общего якоря: «natali jewel / браслет с желтым и зеленым нефритом» / «браслет из натурального камня нефрит с подвеской, золотис…»."
Галантерея и аксессуары,exact_negative,0.0,0,498216305812,541166027669,0,H,,Разные модель/вариант либо нет достаточного общего якоря: «очки солнцезащитные» / «твой дизайн / очки солнцезащитные fendi».
Галантерея и аксессуары,exact_negative,0.0,0,498216307109,833223742041,0,H,,"Разные модель/вариант либо нет достаточного общего якоря: «brelochik / брелок сердце дота 2» / «парный брелок ""прозрачное сердце"", парный подарок»."
Галантерея и аксессуары,exact_negative,0.0,0,523986100691,58747,0,M,,Разные модель/вариант либо нет достаточного общего якоря: «estoprints / обложка на паспорт og buda сидит под лучом с…» / «estoprints обложка для паспорта».
Галантерея и аксессуары,exact_negative,0.0,0,601295554515,584115691027,0,H,,Разные модель/вариант либо нет достаточного общего якоря: «часы наручные кварцевые» / «olevs / 6667 деловой механические часы подарок».
Галантерея и аксессуары,exact_negative,0.0,0,601295559377,137439078527,0,H,,Разные модель/вариант либо нет достаточного общего якоря: «стильное многослойное ожерелье с блестящим цирконом» / «ожерелье колье».
Галантерея и аксессуары,exact_negative,0.0,0,661424968033,455266636562,0,H,,Разные модель/вариант либо нет достаточного общего якоря: «брелок с именем глеб» / «kindo / брелок с именем егор».
Галантерея и аксессуары,exact_negative,0.0,0,678604861743,730144576983,0,H,,Разные модель/вариант либо нет достаточного общего якоря: «зажим для волос 1 шт.» / «резинки для волос».
Галантерея и аксессуары,exact_negative,0.0,0,721554615956,386547196889,0,M,,Разные модель/вариант либо нет достаточного общего якоря: «glassesboutique / очки солнцезащитные» / «очки солнцезащитные».
Галантерея и аксессуары,exact_negative,0.0,0,738734403348,670014922100,0,M,,Разные модель/вариант либо нет достаточного общего якоря: «сумка на плечо мешок» / «женская сумка//черный 25см//25*12*18».
Галантерея и аксессуары,exact_negative,0.0,0,773094236920,755914337816,0,M,,Разные модель/вариант либо нет достаточного общего якоря: «брелок» / «брелок тренд 2025».
Галантерея и аксессуары,exact_positive,1.0,1,51539652153,309237717941,1,H,,"Совпадают конкретный товар/вариант и ключевые поля: «michael kors часы наручные кварцевые mk5353» ↔ «michael kors / минималистичные часы,39мм - mk5353»."
Галантерея и аксессуары,exact_positive,1.0,1,51539704823,429496775765,1,H,,Совпадают конкретный товар/вариант и ключевые поля: «защитный браслет из натурального камня лазурит / тибетски…» ↔ «x-rune / тибетский браслет будда из натурального лазурита».
Галантерея и аксессуары,exact_positive,1.0,1,60129551455,764504328566,1,M,,Совпадают конкретный товар/вариант и ключевые поля: «mufmuf / браслет бусины stray kids skzoo стрей кидс скзоо…» ↔ «браслет бусины на руку кпоп stray kids скз skzoo».
Галантерея и аксессуары,exact_positive,1.0,1,68719497652,292057859185,0,M,GENERIC_OVERMATCH,"Сумки Chanel-style: light-red 21 см против Chanel-5 red 20×15×9; нет общей модели, материал расходится."
Галантерея и аксессуары,exact_positive,1.0,1,111669219885,455266638826,1,H,,"Совпадают конкретный товар/вариант и ключевые поля: «ложка/рожок для обуви металл, 63 см» ↔ «ложка для обуви длинная металлическая, золотой рожок 63 см»."
Галантерея и аксессуары,exact_positive,1.0,1,111669278380,833223764460,1,H,,"Совпадают конкретный товар/вариант и ключевые поля: «silver средство для ухода за обувью очищающее» ↔ «silver / губка чистящая для нубука и замши, 2 шт.»."
Галантерея и аксессуары,exact_positive,1.0,1,154618940931,343597393862,0,M,GENERIC_OVERMATCH,Generic светло-голубая сумка и конкретная джинсовая сумка без общей модели/размеров.
Галантерея и аксессуары,exact_positive,1.0,1,171798761911,77309418476,1,H,,Совпадают конкретный товар/вариант и ключевые поля: «комплект сумок кросс-боди» ↔ «oriental aesthetics сумка на плечо кросс-боди».
Галантерея и аксессуары,exact_positive,1.0,1,206158523824,549755860830,0,M,GENERIC_OVERMATCH,Серый меховой брелок 1906_05 и DKTK «лапка» без общей модели/дизайна.
Галантерея и аксессуары,exact_positive,1.0,1,206158572939,704374705005,0,H,WRONG_ENTITY,Декор для сумки/рюкзака и сменный нейлоновый плечевой ремень — разные сущности.
Галантерея и аксессуары,exact_positive,1.0,1,231928265707,549755906709,1,H,,"Совпадают конкретный товар/вариант и ключевые поля: «любимый подарок / часы мужские наручные кварцевые ""кобаче…» ↔ «часы наручные ""кобаче"", хром, d-3,5см»."
Галантерея и аксессуары,exact_positive,1.0,1,257698061230,584115654903,1,M,,"Совпадают конкретный товар/вариант и ключевые поля: «повязка на голову для мамы и дочки . family look 2 шт., б…» ↔ «крошка я / комплект повязок на голову для мам и дочерей «…»."
Галантерея и аксессуары,exact_positive,1.0,1,266288039499,704374789594,0,H,QUANTITY_BUNDLE,Обложка part 238211: одна штука против явно указанного набора 2 шт.
Галантерея и аксессуары,exact_positive,1.0,1,343597461847,386547080986,0,H,MODEL_VARIANT,Серая floral faux-suede Misbhv-style сумка и plain messenger из искусственной кожи разных размеров.
Галантерея и аксессуары,exact_positive,1.0,1,369367317041,678604904097,0,M,GENERIC_OVERMATCH,5 простых чёрных зажимов против 5 зажимов с кристаллами/камнями; общей модели нет.
Галантерея и аксессуары,exact_positive,1.0,1,377957232009,25769900013,1,H,,"Совпадают конкретный товар/вариант и ключевые поля: «youine / серьги металл ""восток"" узор в капле» ↔ «queen fair, серьги металл ""восток"" узор в капле»."
Галантерея и аксессуары,exact_positive,1.0,1,386547118576,412317000245,0,H,GENERIC_OVERMATCH,Generic чёрные очки и почти пустая карточка очков без модели/размеров.
Галантерея и аксессуары,exact_positive,1.0,1,403726960392,85899383998,0,M,GENERIC_OVERMATCH,Конкретный синий кошелёк с размерами и 4 отделениями против generic синего кошелька.
Галантерея и аксессуары,exact_positive,1.0,1,429496825812,326417558514,0,H,MODEL_VARIANT,Чемоданы разных размеров/цветов: 56 см 40 л light-yellow против 24-inch tan.
Галантерея и аксессуары,exact_positive,1.0,1,541166029506,309237724213,1,H,,"Совпадают конкретный товар/вариант и ключевые поля: «брошь «ящерица» тропическая, цвет розово-зелёный в золоте» ↔ «queen fair, брошь ""ящерица"" тропическая, цвет розово-зелё…»."
Галантерея и аксессуары,exact_positive,1.0,1,566935704526,446676667256,1,H,,Совпадают конкретный товар/вариант и ключевые поля: «рюкзак» ↔ «рюкзак мужской городской дорожный большой mark ryden мног…».
Галантерея и аксессуары,exact_positive,1.0,1,584115656313,575525760717,0,H,MODEL_VARIANT,Часы Q&Q generic silver 5 bar и O_Q600-400 gold/craft 3 bar — разные варианты.
Галантерея и аксессуары,exact_positive,1.0,1,618475316934,438086814663,1,H,,"Совпадают конкретный товар/вариант и ключевые поля: «стильная брошь с клевером для удачи» ↔ «брошь ""клевер"" на удачу, цвет изумрудный в серебре / 7842…»."
Галантерея и аксессуары,exact_positive,1.0,1,627065341179,395137082714,0,M,GENERIC_OVERMATCH,Generic зелёные полиэстеровые косметички; у A нет модели/размеров для идентификации.
Галантерея и аксессуары,exact_positive,1.0,1,730144446155,377957254539,1,M,,Совпадают конкретный товар/вариант и ключевые поля: «чемодан детский для девочки китти на колесах пластиковый» ↔ «чемодан детский abs пластик 45 см 30 л».
Галантерея и аксессуары,uncertain_negative,0.2222222222222222,0,231928352849,472446447750,0,H,,Разные модель/вариант либо нет достаточного общего якоря: «partner project / брелок domokun домо-кун» / «брелок для ключей акриловый аниме домокун domo kun».
Галантерея и аксессуары,uncertain_negative,0.2222222222222222,0,257698065943,755914248548,0,H,,Разные модель/вариант либо нет достаточного общего якоря: «кольцо красная пресня 24611166смт (р.17)» / «кольцо бижутерия с квадратным синим ювелирным стеклом а24…».
Галантерея и аксессуары,uncertain_negative,0.2222222222222222,0,283467935502,704374701301,0,H,,Разные модель/вариант либо нет достаточного общего якоря: «drop / солнцезащитные очки мужские» / «fashion flow очки солнцезащитные».
Галантерея и аксессуары,uncertain_negative,0.2222222222222222,0,386547097992,51539707041,0,H,,Разные модель/вариант либо нет достаточного общего якоря: «наручные часы восток командирские 811831» / «часы наручные мужские механические восток командирские 21…».
Галантерея и аксессуары,uncertain_negative,0.2222222222222222,0,412316953286,841813704778,0,H,,Разные модель/вариант либо нет достаточного общего якоря: «2much сумка спортивная» / «сумка спортивная».
Галантерея и аксессуары,uncertain_negative,0.2222222222222222,0,455266567557,678604889069,0,H,,"Разные модель/вариант либо нет достаточного общего якоря: «kalys / металлический картхолдер,держатель для банковских…» / «картхолдер металлический, визитница, чехол для банковских…»."
Галантерея и аксессуары,uncertain_negative,0.2222222222222222,0,678604902818,395137086872,0,H,,"Разные модель/вариант либо нет достаточного общего якоря: «часы наручные кварцевые 40 мм, t137.410.17.051.00» / «часы наручные мужские tissot t137.410.11.051.00»."
Галантерея и аксессуары,uncertain_negative,0.2222222222222222,0,816043839556,481036357550,0,M,,Разные модель/вариант либо нет достаточного общего якоря: «uegrafic подвеска надписи» / «подарок на память / подвеска буква з подарок мужчине».
Галантерея и аксессуары,uncertain_negative,0.3333333333333333,0,34359774173,833223760046,0,H,,Разные модель/вариант либо нет достаточного общего якоря: «цветобантик / бантики для волос школьные розовые» / «бантики для волос 2 шт».
Галантерея и аксессуары,uncertain_negative,0.3333333333333333,0,42949778948,833223749285,0,M,,Разные модель/вариант либо нет достаточного общего якоря: «вкладыш поддерживающий для обуви» / «belekova 11 / пяткоудерживатели напяточник для обуви».
Галантерея и аксессуары,uncertain_negative,0.3333333333333333,0,180388787031,8589978377,0,H,,Разные модель/вариант либо нет достаточного общего якоря: «браслет из бусин» / «jwstone / браслет натуральный розовый кварц».
Галантерея и аксессуары,uncertain_negative,0.3333333333333333,0,240518200099,652835134565,0,M,,Разные модель/вариант либо нет достаточного общего якоря: «cartier. / очки от модного бренда классик де карьер motiv…» / «cartier очки солнцезащитные».
Галантерея и аксессуары,uncertain_negative,0.3333333333333333,0,249108115893,42949731358,0,H,,"Разные модель/вариант либо нет достаточного общего якоря: «обложка на паспорт officespace бизнес / 254218 (коричневы…» / «обложка для паспорта officespace экокожа + изолон, с подк…»."
Галантерея и аксессуары,uncertain_negative,0.3333333333333333,0,249108224613,128849136862,0,H,,Разные модель/вариант либо нет достаточного общего якоря: «очки солнцезащитные» / «baby delight / очки солнцезащитные детские микки».
Галантерея и аксессуары,uncertain_negative,0.3333333333333333,0,274877973185,266288090160,1,M,MISSED_MATCH,"Совпадает редкая конструкция: большая косметичка-сумка на молнии, с ручками и сеткой; B добавляет клетку/цвет."
Галантерея и аксессуары,uncertain_negative,0.3333333333333333,0,292057807542,807453979759,0,H,,Разные модель/вариант либо нет достаточного общего якоря: «кольцо софья с гравировкой» / «g-rings / кольцо софия лучше всех с гравировкой».
Галантерея и аксессуары,uncertain_negative,0.3333333333333333,0,309237745224,566935817679,0,M,,Разные модель/вариант либо нет достаточного общего якоря: «ремешок для часов натуральная кожа» / «ремешок для часов из натуральной кожи: orange clasp».
Галантерея и аксессуары,uncertain_negative,0.3333333333333333,0,523986116318,446676613304,1,M,MISSED_MATCH,"Совпадают чёрный несессер, влагостойкость и размер 24×19/20×9; число карманов посчитано по-разному."
Галантерея и аксессуары,uncertain_negative,0.3333333333333333,0,790274032900,197568542932,0,H,,Разные модель/вариант либо нет достаточного общего якоря: «calvin klein / сумка block sq» / «calvin klein jeans сумка на плечо кросс-боди».
Галантерея и аксессуары,uncertain_negative,0.3333333333333333,0,841813607333,609885386931,0,H,,"Разные модель/вариант либо нет достаточного общего якоря: «любимый подарок / обложка для паспорта, цвет бордовый» / «обложка (чехол) на паспорт из натуральной лакированной ко…»."
Галантерея и аксессуары,uncertain_negative,0.4444444444444444,0,395136992779,481036369330,0,H,,Разные модель/вариант либо нет достаточного общего якоря: «rega land / косметичка женская большая несессер» / «косметичка».
Галантерея и аксессуары,uncertain_negative,0.4444444444444444,0,541165893661,77309421067,0,H,,Разные модель/вариант либо нет достаточного общего якоря: «стельки для обуви» / «sport & comfort / стельки анатомические для обуви и кросс…».
Галантерея и аксессуары,uncertain_negative,0.4444444444444444,0,541165968238,85899393579,1,M,MISSED_MATCH,Один прозрачный чокер из «алмазного стекла»; материал и описание необычно совпадают.
Галантерея и аксессуары,uncertain_negative,0.4444444444444444,0,678604921466,395137103878,0,H,,Разные модель/вариант либо нет достаточного общего якоря: «рюкзак» / «городской мужской рюкзак для школьников и взрослых».
Галантерея и аксессуары,uncertain_negative,0.4444444444444444,0,695784736716,60129560771,0,H,,Разные модель/вариант либо нет достаточного общего якоря: «агат77 / браслет из камня малахит (имитация)» / «браслет».
Галантерея и аксессуары,uncertain_positive,0.5555555555555556,1,68719494972,523986085720,1,H,,Совпадают конкретный товар/вариант и ключевые поля: «helikon-tex сумка на плечо мессенджер» ↔ «helikon-tex / сумка через плечо bushcraft satchel».
Галантерея и аксессуары,uncertain_positive,0.5555555555555556,1,180388672894,472446462843,1,H,,Совпадают конкретный товар/вариант и ключевые поля: «ronda hair claw clip з-213/1» ↔ «заколка-краб для волос hair claw clip з-213/1».
Галантерея и аксессуары,uncertain_positive,0.5555555555555556,1,644245101964,841813662748,1,H,,"Совпадают конкретный товар/вариант и ключевые поля: «портмоне мужское на магните, цвет коричневый» ↔ «портмоне мужское на магните, цвет коричневый»."
Галантерея и аксессуары,uncertain_positive,0.5555555555555556,1,850403665608,360777413881,0,M,GENERIC_OVERMATCH,Tony Perotti brown leather wallet из Италии без общей модели; у бренда много таких портмоне.
Галантерея и аксессуары,uncertain_positive,0.6666666666666666,1,523986051285,670014957588,0,M,GENERIC_OVERMATCH,Generic крест со стразами и цепочкой без общей модели/размеров; 15/16 г недостаточно.
Галантерея и аксессуары,uncertain_positive,0.6666666666666666,1,627065241742,644245157510,0,H,QUANTITY_BUNDLE,Generic HD Vision против предложения из 2 пар очков; количество/комплект различаются.
Галантерея и аксессуары,uncertain_positive,0.6666666666666666,1,712964620321,816043813960,0,H,GENERIC_OVERMATCH,Generic красная заколка и красный бант без общей модели или конструкции.
Галантерея и аксессуары,uncertain_positive,0.7777777777777778,1,171798715532,833223718715,1,M,,Совпадают конкретный товар/вариант и ключевые поля: «mijia зонт механика: лавандовый» ↔ «умный зонт механика».
Галантерея и аксессуары,uncertain_positive,0.7777777777777778,1,498216211522,352187355737,0,M,GENERIC_OVERMATCH,"Оранжевые футляры для очков без общей модели, размеров и конструкции."
Галантерея и аксессуары,uncertain_positive,0.7777777777777778,1,687194888582,773094252822,0,M,GENERIC_OVERMATCH,"Generic белые сумки: совпадают тип/цвет, но нет общей модели и полного размера."
Галантерея и аксессуары,uncertain_positive,0.8888888888888888,1,25769885641,51539643148,1,H,,Совпадают конкретный товар/вариант и ключевые поля: «серьги женские пусеты бижутерия из муранского стекла» ↔ «juvecanto / серьги пусеты бижутерия из муранского стекла».
Галантерея и аксессуары,uncertain_positive,0.8888888888888888,1,60129627336,231928382632,1,H,,Совпадают конкретный товар/вариант и ключевые поля: «брелок на телефон лило и стич парные» ↔ «new! 2 плюс 1 / брелок на телефон лило и стич парные».
Галантерея и аксессуары,uncertain_positive,0.8888888888888888,1,103079232287,695784838688,1,H,,Совпадают конкретный товар/вариант и ключевые поля: «cloud / кулон пазл кот и котики» ↔ «кулон пазл котики и кот».
Галантерея и аксессуары,uncertain_positive,0.8888888888888888,1,197568599577,249108209473,1,H,,"Совпадают конкретный товар/вариант и ключевые поля: «колье ""цепь голден"" рисунок, цвет золото, 45см» ↔ «queen fair / колье 'цепь голден', цвет золото, 45см»."
Галантерея и аксессуары,uncertain_positive,0.8888888888888888,1,274878041068,755914283911,0,M,GENERIC_OVERMATCH,Три серебряные металлические заколки — generic набор без общей модели/формы.
Галантерея и аксессуары,uncertain_positive,0.8888888888888888,1,377957248353,154618961359,1,M,,Совпадают конкретный товар/вариант и ключевые поля: «брелок для ключей гитара» ↔ «remove / металлический брелок гитара синия».
Галантерея и аксессуары,uncertain_positive,0.8888888888888888,1,386547167484,704374704684,0,M,GENERIC_OVERMATCH,Generic красная сумка против Estone; общих модели и габаритов товара нет.
Галантерея и аксессуары,uncertain_positive,0.8888888888888888,1,386547194744,283467895233,0,M,GENERIC_OVERMATCH,Generic бордовые сумки-тоут без общей модели; у A только габариты упаковки.
Галантерея и аксессуары,uncertain_positive,0.8888888888888888,1,403726979083,841813654313,1,H,,"Совпадают конкретный товар/вариант и ключевые поля: «qf / брошь ""зуб"" со стразами, цвет белый в золоте» ↔ «брошь зуб со стразой, цвет белый в золоте»."
Галантерея и аксессуары,uncertain_positive,0.8888888888888888,1,420906842763,584115618730,1,H,,Совпадают конкретный товар/вариант и ключевые поля: «olevs / 2945 мода кварцевые часы подарок» ↔ «olevs часы наручные кварцевые 2945».
Галантерея и аксессуары,uncertain_positive,0.8888888888888888,1,541165897013,343597432342,1,M,,"Совпадают конкретный товар/вариант и ключевые поля: «queen fair / элегантные серьги со стразами «водопад»» ↔ «серьги висячие со стразами водопад домик, цвет чёрный в с…»."
Галантерея и аксессуары,uncertain_positive,0.8888888888888888,1,592705576089,455266568557,1,H,,Совпадают конкретный товар/вариант и ключевые поля: «elegantix / органайзер для документов» ↔ «сумка дорожная».
Галантерея и аксессуары,uncertain_positive,0.8888888888888888,1,609885521627,532576090232,1,H,,"Совпадают конкретный товар/вариант и ключевые поля: «очки солнцезащитные ""мастер к."", uv 400, 14 х 14 х 4.5 см…» ↔ «очки солнцезащитные ""onesun"", uv 400, 14 х 14 х 4.5 см, л…»."
Галантерея и аксессуары,uncertain_positive,0.8888888888888888,1,704374666535,730144525418,0,H,GENERIC_OVERMATCH,Generic чёрное средство 50 мл не доказывает крем Kiwi; тип/бренд и срок годности расходятся.
Галантерея и аксессуары,uncertain_positive,0.8888888888888888,1,704374783804,154618919091,1,H,,"Совпадают конкретный товар/вариант и ключевые поля: «disney / резинка для волос сердечки голубой 11 см холодно…» ↔ «резинка для волос ""сердечки"", голубой, 11 см, холодное се…»."
Детские товары,exact_negative,0.0,0,34359838306,635655293657,0,H,,Ручная сверка title+JSON: один SKU не подтвержден (разный вариант либо нет уникального якоря) — «робот трансформер оптимус прайм грузовик 2 в 1» ↔ «игрушка».
Детские товары,exact_negative,0.0,0,94489320196,738734413631,0,H,,Ручная сверка title+JSON: один SKU не подтвержден (разный вариант либо нет уникального якоря) — «мягкая игрушка фигурка марвел человек паук хасбро/спайдермен» ↔ «mcfarlane / фигурка dc multiverse супермен (superman movie 2025) 18 см».
Детские товары,exact_negative,0.0,0,94489433801,360777285525,0,H,,"Ручная сверка title+JSON: один SKU не подтвержден (разный вариант либо нет уникального якоря) — «санки-коляска ника детям нд7-8к/3 синий меланж» ↔ «nika санки-коляска детские ника нд7-5к (с шишкой), на колесах, складные…»."
Детские товары,exact_negative,0.0,0,120259183665,171798849213,0,H,,"Ручная сверка title+JSON: один SKU не подтвержден (разный вариант либо нет уникального якоря) — «ninjago серия, конструктор, lego 71753 атака огненного дракона, констру…» ↔ «lego / конструктор боевой дракон мастера ву, 11550»."
Детские товары,exact_negative,0.0,0,171798777211,661425048330,0,L,,"Ручная сверка title+JSON: один SKU не подтвержден (разный вариант либо нет уникального якоря) — «детский велосипед» ↔ «велосипед детский,18 дюйм,велосипеды для девочек и мальчиков, 2 колеса …»."
Детские товары,exact_negative,0.0,0,206158437206,240518305792,0,H,,Ручная сверка title+JSON: один SKU не подтвержден (разный вариант либо нет уникального якоря) — «miniso stitch eat some thing before sleep фигурки-сюрприз» ↔ «фигурка».
Детские товары,exact_negative,0.0,0,292057858913,17179876112,0,H,,"Ручная сверка title+JSON: один SKU не подтвержден (разный вариант либо нет уникального якоря) — «динозавр электромеханический junfa брахиозавр, оранжевый, движение, све…» ↔ «игровой набор masai mara брахиозавр»."
Детские товары,exact_negative,0.0,0,317827620552,575525687637,0,M,,"Ручная сверка title+JSON: один SKU не подтвержден (разный вариант либо нет уникального якоря) — «мягкая игрушка» ↔ «pop mart labubu кукла, винил, текстиль»."
Детские товары,exact_negative,0.0,0,352187418805,712964695467,0,H,,Ручная сверка title+JSON: один SKU не подтвержден (разный вариант либо нет уникального якоря) — «электромобиль детсkий» ↔ «игрушечный электромобиль // красный».
Детские товары,exact_negative,0.0,0,352187450951,695784793524,0,M,,"Ручная сверка title+JSON: один SKU не подтвержден (разный вариант либо нет уникального якоря) — «милый брелок в виде медведя с плюшевым и pvc материалами, для подарка и…» ↔ «брелок мягкий медвежонок / плюшевый мишка»."
Детские товары,exact_negative,0.0,0,472446434197,592705519194,0,H,,"Ручная сверка title+JSON: один SKU не подтвержден (разный вариант либо нет уникального якоря) — «яркая мягкая игрушка подушка для куклы подарок девушки» ↔ «игрушка 23см: лев, динозавр, свинья»."
Детские товары,exact_negative,0.0,0,489626315302,455266567191,0,M,,Ручная сверка title+JSON: один SKU не подтвержден (разный вариант либо нет уникального якоря) — «снежколеп- песколеп d -5.5 см.» ↔ «без бренда снежколеп универсальный 456».
Детские товары,exact_negative,0.0,0,506806230285,188978715319,0,M,,"Ручная сверка title+JSON: один SKU не подтвержден (разный вариант либо нет уникального якоря) — «кнр / игровой набор веселое купание для детей» ↔ «набор ""веселое купание"" в коробке»."
Детские товары,exact_negative,0.0,0,506806264192,42949715062,0,H,,Ручная сверка title+JSON: один SKU не подтвержден (разный вариант либо нет уникального якоря) — «1: 8 модель ретро - велосипеда коллекция игрушечных подарков для взросл…» ↔ «colorful dreams / металлическая горный велосипед».
Детские товары,exact_negative,0.0,0,523986087054,377957224364,1,H,MISSED_MATCH,Обе карточки — конструктор Mercedes-AMG F1 W14 на 1642 детали; формулировки совместимости совпадают.
Детские товары,exact_negative,0.0,0,575525759323,420906869678,0,H,,Ручная сверка title+JSON: один SKU не подтвержден (разный вариант либо нет уникального якоря) — «полесье / пожарный грузовик для малышей от 3 лет в ярких цветах» ↔ «детский грузовик для перевозки людей».
Детские товары,exact_negative,0.0,0,618475357724,541165914530,1,M,MISSED_MATCH,Совпадает редкий интерактивный товар «собака Умный щенок»; разные бренды выглядят как маркировка продавцов.
Детские товары,exact_negative,0.0,0,652835075448,68719573247,0,H,,"Ручная сверка title+JSON: один SKU не подтвержден (разный вариант либо нет уникального якоря) — «skzoo kpop stray kids японский концерт эксклюзивные плюшевые игрушки ka…» ↔ «без бренда мягкая игрушка человек бензопила cb30, высота 20 см, мультик…»."
Детские товары,exact_negative,0.0,0,678604971017,146029031528,0,M,,"Ручная сверка title+JSON: один SKU не подтвержден (разный вариант либо нет уникального якоря) — «детские ходунки gstore nar12, зеленые: gsm» ↔ «ходунки детские»."
Детские товары,exact_negative,0.0,0,721554558263,712964663052,0,L,,Ручная сверка title+JSON: один SKU не подтвержден (разный вариант либо нет уникального якоря) — «кукла реборн силиконовый 50 см / подарки для девочек / 4 аксессуаров.» ↔ «кукла реборн силиконовая 50 см: силиконовый корпус».
Детские товары,exact_negative,0.0,0,738734376463,128849062799,1,H,MISSED_MATCH,Точный набор «Ралли»: 30 металлических машинок в чемодане.
Детские товары,exact_negative,0.0,0,781684172038,335007456707,0,H,,"Ручная сверка title+JSON: один SKU не подтвержден (разный вариант либо нет уникального якоря) — «3d модель годзиллы, настольный аксессуар, подарок для мужчин, ремесленн…» ↔ «случайная фигурка годзиллы (подвижные руки и ноги)»."
Детские товары,exact_negative,0.0,0,798864005737,171798813038,0,H,,Ручная сверка title+JSON: один SKU не подтвержден (разный вариант либо нет уникального якоря) — «сортер» ↔ «без бренда сортер 145679918».
Детские товары,exact_negative,0.0,0,833223713303,489626362719,0,H,,Ручная сверка title+JSON: один SKU не подтвержден (разный вариант либо нет уникального якоря) — «акваковрик развивающий морские обитатели» ↔ «акваковрик развивающий подводный мир».
Детские товары,exact_negative,0.0,0,833223775561,17180002211,1,M,BAD_SOURCE_FIELDS,"Редкое точное название «летающий шар НЛО», черный; у второй карточки тип/материал ошибочно записаны как металлическая машина."
Детские товары,exact_positive,1.0,1,60129595782,592705615889,1,H,,"Ручная сверка title+JSON: совпадает конкретный товар и ключевой вариант — «zabiaka / музыкальное пианино добрые сказки,свет,звук» ↔ «пианино ""добрые сказки"", детская музыкальная игрушка со световыми и зву…»."
Детские товары,exact_positive,1.0,1,77309507817,506806232681,1,H,,"Ручная сверка title+JSON: совпадает конкретный товар и ключевой вариант — «конструктор lari майнкрафт ""набор для творчества"", 612 деталей» ↔ «игрушки / lego minecraft набор для творчества»."
Детские товары,exact_positive,1.0,1,146028972511,584115648796,1,M,,"Ручная сверка title+JSON: совпадает конкретный товар и ключевой вариант — «игрушечная кукла для девочки эля весна яркий стиль 1, 30 см» ↔ «яркая кукла для праздника 30 см»."
Детские товары,exact_positive,1.0,1,154618930732,850403571326,0,M,GENERIC_OVERMATCH,"Общее только «синие ходунки»; у A есть размеры 58×74×46, у B иной бренд и нет общего артикула/модели."
Детские товары,exact_positive,1.0,1,188978626797,764504355183,1,H,,"Ручная сверка title+JSON: совпадает конкретный товар и ключевой вариант — «автоград / радиоуправляемый джип ""граффити"", оранжевый цвет» ↔ «машинка на пульте управления ""джип. граффити"" для мальчика, гоночная св…»."
Детские товары,exact_positive,1.0,1,188978715601,240518204430,1,H,,"Ручная сверка title+JSON: совпадает конкретный товар и ключевой вариант — «конструктор jisi bricks зеленый гоночный автомобиль 3421 (technic 42072…» ↔ «brick / конструктор с инерционным механизмом «супергонка», 135 детал»."
Детские товары,exact_positive,1.0,1,197568580744,515396202082,1,H,,"Ручная сверка title+JSON: совпадает конкретный товар и ключевой вариант — «эврики конструктор электронный «скайбот» 3 в 1, работает от батареек» ↔ «конструктор электронный скайбот 3 в 1, работает от батареек»."
Детские товары,exact_positive,1.0,1,206158453042,326417515035,0,H,GENERIC_OVERMATCH,"Один зеленый толокар без света/музыки, другой JYYS Super Baby со светом и музыкой; общего SKU нет."
Детские товары,exact_positive,1.0,1,206158494885,790274033633,0,H,QUANTITY_BUNDLE,"A — набор только с ложкой, B — комплект Sanrio из вилки и ложки."
Детские товары,exact_positive,1.0,1,249108231347,429496752502,1,H,,"Ручная сверка title+JSON: совпадает конкретный товар и ключевой вариант — «babycare / пушкар каталка mercedes- amg c63 coupe с ручкой» ↔ «каталка детская mercedes-benz amg c63 coupe (кожаное сиденье, резиновые…»."
Детские товары,exact_positive,1.0,1,317827632395,206158451625,1,M,,"Ручная сверка title+JSON: совпадает конкретный товар и ключевой вариант — «веломобиль ""формула 1"", с ручной тормозом, для детей от 3 до 7 лет» ↔ «педальный картинг , педальная машина pituso g201 красный»."
Детские товары,exact_positive,1.0,1,395137005589,721554508047,1,H,,"Ручная сверка title+JSON: совпадает конкретный товар и ключевой вариант — «подводная лодка ""субмарина"", плавает, работает от батареек / 7811166» ↔ «автоград / подводная лодка субмарина плавает работает от батареек»."
Детские товары,exact_positive,1.0,1,506806224943,592705535870,1,H,,"Ручная сверка title+JSON: совпадает конкретный товар и ключевой вариант — «часы настенные детские ""ленивец"", бесшумные, аа» ↔ «соломон часы настенные детские ""ленивец"", бесшумные, аа»."
Детские товары,exact_positive,1.0,1,515396169346,386547167929,1,M,,Ручная сверка title+JSON: совпадает конкретный товар и ключевой вариант — «бластер игрушечный hasbro nerf fortnite снайперская винтовка basr e7522…» ↔ «игрушечное оружие».
Детские товары,exact_positive,1.0,1,532575973144,523986162296,1,H,,Ручная сверка title+JSON: совпадает конкретный товар и ключевой вариант — «cada / конструктор ак-47: 738 деталей для юного инженера» ↔ «конструктор cada - автомат ак47 738 элементов - када c61009w».
Детские товары,exact_positive,1.0,1,575525739846,146029013246,1,H,,Ручная сверка title+JSON: совпадает конкретный товар и ключевой вариант — «конструктор пластиковый» ↔ «конструктор ferrari 488 gte af corse 1677 деталей».
Детские товары,exact_positive,1.0,1,627065263435,747324392315,0,H,GENERIC_OVERMATCH,"Оба товара названы игрушками для купания, но состав наборов различен и общей модели нет."
Детские товары,exact_positive,1.0,1,635655196780,386547175202,1,H,,"Ручная сверка title+JSON: совпадает конкретный товар и ключевой вариант — «крошка я / набор игрушек для ванны ""море"", с пищалкой, 6 штук» ↔ «набор резиновых игрушек крошка я для ванны море с пищалкой 6 шт»."
Детские товары,exact_positive,1.0,1,635655228457,128849155222,0,H,GENERIC_OVERMATCH,"A — неопределенная перламутровая мягкая игрушка, B — конкретный ослик; точного дизайна/модели A нет."
Детские товары,exact_positive,1.0,1,730144473177,163208840862,1,H,,"Ручная сверка title+JSON: совпадает конкретный товар и ключевой вариант — «автотрек «топ турбо», 2 машинки, 2 пульта управления, звуков» ↔ «автотрек топ турбо , 2 машинки, 2 пульта управления, звуковые эффекты»."
Детские товары,exact_positive,1.0,1,730144500350,712964630293,1,H,,"Ручная сверка title+JSON: совпадает конкретный товар и ключевой вариант — «фигурки для конструктора ""пираты"", в наборе 4 шт. / 186598» ↔ «denco.store / фигурки для конструкторапираты, в наборе 4 шт.»."
Детские товары,exact_positive,1.0,1,738734449854,300647765662,0,H,MODEL_VARIANT,"Blokees Megatron 67330 (12,6 см) и Hasbro Studio Series (около 13 см) — разные линейки/модели."
Детские товары,exact_positive,1.0,1,764504201248,472446546801,1,H,,"Ручная сверка title+JSON: совпадает конкретный товар и ключевой вариант — «конструктор для мальчика ниндзяго корабль дар судьбы решающая битва, 13…» ↔ «lego / конструктор ниндзяго - корабль дар судьбы»."
Детские товары,exact_positive,1.0,1,790274000468,137439038907,0,M,GENERIC_OVERMATCH,Общее слово «пожарный» не подтверждает один игровой набор; нет общего артикула и совпадающего состава.
Детские товары,exact_positive,1.0,1,833223741390,601295562369,1,M,,Ручная сверка title+JSON: совпадает конкретный товар и ключевой вариант — «transformers botbots series 8-piece set - коллекционные куклы тайна 2 в…» ↔ «аксессуар для фигурок».
Детские товары,uncertain_negative,0.2222222222222222,0,94489382439,824633851290,0,M,,"Ручная сверка title+JSON: один SKU не подтвержден (разный вариант либо нет уникального якоря) — «цельная сумка для мамы и ребенка, портативный и универсальный рюкзак» ↔ «нет бренда / сумка на коляску для мамы，тёмно-синий»."
Детские товары,uncertain_negative,0.2222222222222222,0,94489409194,704374712474,0,H,,Ручная сверка title+JSON: один SKU не подтвержден (разный вариант либо нет уникального якоря) — «мягкая игрушка: зеркальный» ↔ «мягкая игрушка».
Детские товары,uncertain_negative,0.2222222222222222,0,180388746760,206158445910,0,H,,"Ручная сверка title+JSON: один SKU не подтвержден (разный вариант либо нет уникального якоря) — «фигурка warhammer 40k legionary with bolter & chainblade, 12» ↔ «фигурка»."
Детские товары,uncertain_negative,0.2222222222222222,0,257698093439,137439000017,1,M,MISSED_MATCH,Совпадает редкий музыкальный руль для автомобиля с креплением/присоской и одинаковой функцией.
Детские товары,uncertain_negative,0.2222222222222222,0,360777281024,816043813961,0,H,,Ручная сверка title+JSON: один SKU не подтвержден (разный вариант либо нет уникального якоря) — «maweluas / мягкая игрушка лабубу labubu» ↔ «кукла labubu 2.0».
Детские товары,uncertain_negative,0.2222222222222222,0,386547220217,489626405316,1,M,BAD_SOURCE_FIELDS,Названия точно задают Aston Martin DB5 James Bond на 1439 деталей; конфликт 1310/1295 в JSON похож на ошибку полей.
Детские товары,uncertain_negative,0.2222222222222222,0,395137051529,644245193264,1,H,MISSED_MATCH,Обе карточки описывают один серый реалистичный многофункциональный музыкальный пульт-игрушку.
Детские товары,uncertain_negative,0.2222222222222222,0,429496879408,309237742497,0,L,,"Ручная сверка title+JSON: один SKU не подтвержден (разный вариант либо нет уникального якоря) — «качалка детская, 1-4 лет mc» ↔ «каталка светло-зеленый качалка»."
Детские товары,uncertain_negative,0.2222222222222222,0,592705489347,180388739968,0,H,,Ручная сверка title+JSON: один SKU не подтвержден (разный вариант либо нет уникального якоря) — «мягкая игрушка tallula собачка корги» ↔ «корги игрушка мягкая/ мягкая игрушка собака корги».
Детские товары,uncertain_negative,0.2222222222222222,0,592705510786,704374743027,1,H,MISSED_MATCH,"Точный набор Autograd: троллейбус и электропоезд, металл, инерционный механизм."
Детские товары,uncertain_negative,0.2222222222222222,0,678604915135,670015048653,1,H,MISSED_MATCH,Точно совпадает персонаж/модель Dragons «Страж Джон».
Детские товары,uncertain_negative,0.2222222222222222,0,755914311070,386547081173,1,H,MISSED_MATCH,"Точно совпадает автомат Storm для орбизов с аккумулятором 7,4 В."
Детские товары,uncertain_negative,0.3333333333333333,0,197568559032,532576045348,0,M,,"Ручная сверка title+JSON: один SKU не подтвержден (разный вариант либо нет уникального якоря) — «интерактивная игрушка qq» ↔ «кролик abtoys счастливые друзья белый, движение, звук pt-01797»."
Детские товары,uncertain_negative,0.3333333333333333,0,343597486515,816043869905,0,M,,Ручная сверка title+JSON: один SKU не подтвержден (разный вариант либо нет уникального якоря) — «toyverse / металлическая машинка тачки молния маквин» ↔ «машинка тачки-3 молния маккуин ржавейка».
Детские товары,uncertain_negative,0.3333333333333333,0,627065303876,309237742253,0,L,,"Ручная сверка title+JSON: один SKU не подтвержден (разный вариант либо нет уникального якоря) — «удивительные цифровые цирковые клоуны джакс и помни очаровательные плюш…» ↔ «без бренда мягкая игрушка клоун, высота 27 см, мультиколор»."
Детские товары,uncertain_negative,0.3333333333333333,0,644245212226,206158524020,0,M,,Ручная сверка title+JSON: один SKU не подтвержден (разный вариант либо нет уникального якоря) — «belecoo / детская коляска-трансформер» ↔ «детская коляска трансформер 2 в 1».
Детские товары,uncertain_negative,0.3333333333333333,0,678604979584,8590045103,0,H,,"Ручная сверка title+JSON: один SKU не подтвержден (разный вариант либо нет уникального якоря) — «набор 2 пустышки с кольцом, силиконовые, анатомическая форма 0+ месяцев…» ↔ «пустышка с держателем ""слоник"", анатомическая, розовая»."
Детские товары,uncertain_negative,0.3333333333333333,0,687194767991,738734450118,0,M,,Ручная сверка title+JSON: один SKU не подтвержден (разный вариант либо нет уникального якоря) — «unicorn spirit / фигурка аниме геншин паймон» ↔ «фигурка».
Детские товары,uncertain_negative,0.3333333333333333,0,704374778021,472446526874,0,L,,"Ручная сверка title+JSON: один SKU не подтвержден (разный вариант либо нет уникального якоря) — «good toys капибара с соплей 30 см / мягкая игрушка» ↔ «игрушка капибара с мягким плюшем и наполнителем из pp хлопка, подарок д…»."
Детские товары,uncertain_negative,0.3333333333333333,0,747324414071,60129555490,0,H,,Ручная сверка title+JSON: один SKU не подтвержден (разный вариант либо нет уникального якоря) — «котовские неваляшки игрушка-неваляшка 22 см в художественной упаковке» ↔ «неваляшка».
Детские товары,uncertain_negative,0.3333333333333333,0,755914357345,730144610698,1,H,MISSED_MATCH,"Точно совпадает Bondibon Bondibot: пожарная машина, трансформируемая в робота 2-в-1."
Детские товары,uncertain_negative,0.3333333333333333,0,790274107612,42949775511,0,H,,Ручная сверка title+JSON: один SKU не подтвержден (разный вариант либо нет уникального якоря) — «машинка металлическая uni-fortune rmz city 1:32 dodge challenger srt de…» ↔ «сималенд / металлическая машина dodge challenger srt demon».
Детские товары,uncertain_negative,0.4444444444444444,0,214748500651,618475440154,0,M,,"Ручная сверка title+JSON: один SKU не подтвержден (разный вариант либо нет уникального якоря) — «сималенд / кукла пупс мягконабивной, цвет микс» ↔ «пупс мой малыш со звуком»."
Детские товары,uncertain_negative,0.4444444444444444,0,369367285480,8590086668,0,M,,Ручная сверка title+JSON: один SKU не подтвержден (разный вариант либо нет уникального якоря) — «орбизный танк интерактивный с пультом управления» ↔ «clean space / танк на радиоуправлении с пульками перевертыш».
Детские товары,uncertain_negative,0.4444444444444444,0,773094245304,266288003360,0,L,,Ручная сверка title+JSON: один SKU не подтвержден (разный вариант либо нет уникального якоря) — «мягкая игрушка буба» ↔ «мягкая игрушка мульти пульти».
Детские товары,uncertain_positive,0.5555555555555556,1,171798781040,472446420765,1,H,,"Ручная сверка title+JSON: совпадает конкретный товар и ключевой вариант — «растяжка на коляску/кроватку «русский лес», микс, аэлита» ↔ «подвеска русский лес 2с409»."
Детские товары,uncertain_positive,0.5555555555555556,1,240518204792,455266563410,1,M,,Ручная сверка title+JSON: совпадает конкретный товар и ключевой вариант — «veld-co / машинка грузовик самосвал лесовоз с аксессуарами» ↔ «машинка».
Детские товары,uncertain_positive,0.5555555555555556,1,360777422698,180388744849,1,H,,Ручная сверка title+JSON: совпадает конкретный товар и ключевой вариант — «lego / конструктор technic техник гоночный автомобиль аналог lego» ↔ «конструктор техник 10065 - суперкар машина».
Детские товары,uncertain_positive,0.5555555555555556,1,446676651804,523986129323,1,H,,"Ручная сверка title+JSON: совпадает конкретный товар и ключевой вариант — «соломон / яркий игровой набор для песочницы» ↔ «набор для игры в песке №1: ведёрко, 4 формочки для песка, грабельки, ло…»."
Детские товары,uncertain_positive,0.6666666666666666,1,146028891002,558345831114,0,H,MODEL_VARIANT,"Одна горка комплектуется баскетбольным кольцом, вторая — базовая версия без кольца."
Детские товары,uncertain_positive,0.6666666666666666,1,523986019026,816043831788,1,H,,"Ручная сверка title+JSON: совпадает конкретный товар и ключевой вариант — «сюрприз бокс капибара, 12 шт: набор игрушек» ↔ «рандом бокс,капибара,12 штук подарочной упаковки,драгоценность, украшен…»."
Детские товары,uncertain_positive,0.7777777777777778,1,266287989812,566935759260,0,H,MODEL_VARIANT,Welly DeLorean Back to the Future I и Vedyarti Back to the Future II — разные версии фильма/модели.
Детские товары,uncertain_positive,0.7777777777777778,1,283467889385,618475400434,1,H,,"Ручная сверка title+JSON: совпадает конкретный товар и ключевой вариант — «пистолет игрушечный-проектор ""подводный мир"", световые и звуковые эффек…» ↔ «пистолет-проектор «подводный мир»…»."
Детские товары,uncertain_positive,0.7777777777777778,1,300647859778,206158555297,1,H,,"Ручная сверка title+JSON: совпадает конкретный товар и ключевой вариант — «brick king / конструктор камера polaroid onestep sx-70 68901, 516 дет.» ↔ «конструктор камера полароид onestep sx-70 (для мальчиков и девочек), 51…»."
Детские товары,uncertain_positive,0.7777777777777778,1,403727042089,317827664066,1,M,,Ручная сверка title+JSON: совпадает конкретный товар и ключевой вариант — «hasanigroup / машинка со световыми и музыкальными эффектами» ↔ «прозрачная машинка с шестеренками concept racing».
Детские товары,uncertain_positive,0.7777777777777778,1,481036359932,377957175844,0,M,GENERIC_OVERMATCH,"A — Zhorya Rocky 1921RU, B — безымянная сенсорная робособака; общего номера модели нет."
Детские товары,uncertain_positive,0.7777777777777778,1,661425073381,369367262685,0,L,GENERIC_OVERMATCH,«Танцующий USB-кактус» — массовый тип товара; размер/модель второй карточки не подтверждены.
Детские товары,uncertain_positive,0.8888888888888888,1,42949771343,609885423931,1,H,,"Ручная сверка title+JSON: совпадает конкретный товар и ключевой вариант — «aineko / деревянная пирамидка ""ракета"" 7 х 7 х 17 см» ↔ «деревянная пирамидка ракета 7 х 7 х 17 см»."
Детские товары,uncertain_positive,0.8888888888888888,1,94489298794,575525679322,1,H,,"Ручная сверка title+JSON: совпадает конкретный товар и ключевой вариант — «игрушечный набор оружия кс го, автомат, нож керамбит, игрушечный пистол…» ↔ «toweaponcorp / набор кс го, автомат cs go,пистолет,нож бабочка, керамбит»."
Детские товары,uncertain_positive,0.8888888888888888,1,206158486175,206158442666,0,H,MODEL_VARIANT,"A — музыкальная игрушка для ванны с пеной, B — музыкальная лягушка Zabiaka без функции пены."
Детские товары,uncertain_positive,0.8888888888888888,1,206158546635,231928295543,1,H,,"Ручная сверка title+JSON: совпадает конкретный товар и ключевой вариант — «milo toys / мягкая игрушка мишка в розовой курточке 23 см» ↔ «мягкая игрушка little friend, мишка в розовой курточке, 23 см»."
Детские товары,uncertain_positive,0.8888888888888888,1,429496875860,661424981493,1,H,,"Ручная сверка title+JSON: совпадает конкретный товар и ключевой вариант — «конструктор супергерои, человек паук, 1005» ↔ «без бренда / конструктор марвел - робот человека паука (aнaлoг)»."
Детские товары,uncertain_positive,0.8888888888888888,1,506806160619,816043889446,1,H,,"Ручная сверка title+JSON: совпадает конкретный товар и ключевой вариант — «кукла весна герда с мишкой, озвучена (в4076/о)» ↔ «весна / герда с мишкой»."
Детские товары,uncertain_positive,0.8888888888888888,1,601295422172,601295487944,1,H,,"Ручная сверка title+JSON: совпадает конкретный товар и ключевой вариант — «конструктор звездные войны имперский истребитель сид, 496 деталей, совм…» ↔ «конструктор стар варс имперский истребитель сид 496 дет»."
Детские товары,uncertain_positive,0.8888888888888888,1,635655313863,75202,0,H,MODEL_VARIANT,Kroshka Ya: четыре желтых утенка против разноцветного набора с вариантом «мыльница».
Детские товары,uncertain_positive,0.8888888888888888,1,670015004171,77309509755,1,H,,"Ручная сверка title+JSON: совпадает конкретный товар и ключевой вариант — «набор металлической посуды «повар», 16 предметов» ↔ «набор детской металлической посуды повар , 16 предметов»."
Детские товары,uncertain_positive,0.8888888888888888,1,678604924953,755914322310,1,H,,"Ручная сверка title+JSON: совпадает конкретный товар и ключевой вариант — «нет бренда / развивающий набор для сюжетных игр «яйца»» ↔ «детский игровой набор продуктов ""яйца"", 16,2х11х5 см, магазин, повар, д…»."
Детские товары,uncertain_positive,0.8888888888888888,1,790274091115,8590011239,1,H,,"Ручная сверка title+JSON: совпадает конкретный товар и ключевой вариант — «конструктор звездные войны набор ""космический корабль истребитель"" 496 …» ↔ «lego / конструктор стар варс имперский истребитель сид 496 дет»."
Детские товары,uncertain_positive,0.8888888888888888,1,798863958356,146029013881,1,H,,Ручная сверка title+JSON: совпадает конкретный товар и ключевой вариант — «робот - трансформер динозавров. большая фигурка героя youngtoys делби в…» ↔ «робот - трансформер динозавров. большая фигурка героя youngtoys делби в…».
Детские товары,uncertain_positive,0.8888888888888888,1,833223793951,137439047765,1,H,,"Ручная сверка title+JSON: совпадает конкретный товар и ключевой вариант — «парковка пожарная , с подъёмом, машинка опускается с кнопки, звонит кол…» ↔ «нет бренда / парковка ""пожарная"", подъёмник и колокол, машинка, микс»."
Дом и сад,exact_negative,0.0,0,8590018863,601295531551,1,M,MISSED_MATCH,"Совпадает Chudodetstvo: натяжная простыня 80×200, розово-белый дизайн «мелкие сердечки»."
Дом и сад,exact_negative,0.0,0,17179895086,575525618465,0,L,,"Ручная сверка title+JSON: один SKU не подтвержден (разный вариант либо нет уникального якоря) — «плакат, постер destiny на бумаге, размер 30х42см» ↔ «и плакат и постер / постер»."
Дом и сад,exact_negative,0.0,0,34359857605,781684089878,0,H,,"Ручная сверка title+JSON: один SKU не подтвержден (разный вариант либо нет уникального якоря) — «прикроватный коврик ""котики"", 90 см x 60 см, ручной работы, противоскол…» ↔ «коврик прикроватный котики, 0.5 x 1.2 м»."
Дом и сад,exact_negative,0.0,0,42949813876,695784828132,0,H,,Ручная сверка title+JSON: один SKU не подтвержден (разный вариант либо нет уникального якоря) — «комплект аксессуаров для ванной комнаты» ↔ «набор аксессуаров для ванной комнаты».
Дом и сад,exact_negative,0.0,0,51539619866,94489434583,0,H,,Ручная сверка title+JSON: один SKU не подтвержден (разный вариант либо нет уникального якоря) — «катушка с леской для триммера» ↔ «катушка с леской для триммера».
Дом и сад,exact_negative,0.0,0,60129576003,25769847629,0,H,,Ручная сверка title+JSON: один SKU не подтвержден (разный вариант либо нет уникального якоря) — «обнял / кружка с красивым городским пейзажем» ↔ «кружка с изображением весенней птицы».
Дом и сад,exact_negative,0.0,0,163208808457,137438998035,0,H,,"Ручная сверка title+JSON: один SKU не подтвержден (разный вариант либо нет уникального якоря) — «мягкая подвеска ""олень-кругляш"" 5х10 см, розовый» ↔ «набор для праздника / праздники мягкая подвеска ""дед мороз-кругляш"" 5х1…»."
Дом и сад,exact_negative,0.0,0,266288007688,670014973664,0,H,,"Ручная сверка title+JSON: один SKU не подтвержден (разный вариант либо нет уникального якоря) — «арт постель / постельное белье евро,простынь 220х240,70x70,бязь» ↔ «постельное белье романс(520) бязь семейный 70х70»."
Дом и сад,exact_negative,0.0,0,266288067895,446676675091,0,H,,"Ручная сверка title+JSON: один SKU не подтвержден (разный вариант либо нет уникального якоря) — «и плакат и постер / постеры» ↔ «плакат, постер captain america (модульные)-3, капитан америка на холсте…»."
Дом и сад,exact_negative,0.0,0,317827705981,94489332270,1,M,MISSED_MATCH,Совпадает редкий комплект Satine Luxe Kids и его спецификация; названия продавцов отличаются.
Дом и сад,exact_negative,0.0,0,377957209336,274878010211,1,M,BAD_SOURCE_FIELDS,Точно совпадают поднос «французский бульдог» и размеры; металл/смола в одном JSON выглядит ошибкой источника.
Дом и сад,exact_negative,0.0,0,403726966839,472446425012,0,H,,"Ручная сверка title+JSON: один SKU не подтвержден (разный вариант либо нет уникального якоря) — «yyd carpet коврик прикроватный, 0.6 x 1.6 м» ↔ «японский прикроватный ковер, обновленный ковер с ворсом дорнье, хлопков…»."
Дом и сад,exact_negative,0.0,0,455266615500,283467985326,0,H,,"Ручная сверка title+JSON: один SKU не подтвержден (разный вариант либо нет уникального якоря) — «плакат, постер группа бтс bts, ким нам джун rm ким сокджин, мин юнги шу…» ↔ «о! мой постер / плакат, постер kpop, k-pop bts jin, бтс ким сок-чин, чи…»."
Дом и сад,exact_negative,0.0,0,498216311072,377957180085,0,H,,Ручная сверка title+JSON: один SKU не подтвержден (разный вариант либо нет уникального якоря) — «msklaser набор столовых приборов именной подарок msklaser - наборы стол…» ↔ «msklaser / именной набор столовых приборов тарон подарок с именем».
Дом и сад,exact_negative,0.0,0,541166032847,841813721564,0,M,,"Ручная сверка title+JSON: один SKU не подтвержден (разный вариант либо нет уникального якоря) — «тяпка, 105 см» ↔ «тяпка с ручкой из высокоуглеродистой стали, 10 : серебристый»."
Дом и сад,exact_negative,0.0,0,575525635765,188978657603,0,H,,"Ручная сверка title+JSON: один SKU не подтвержден (разный вариант либо нет уникального якоря) — «ковер на пол в гостиную в спальню 300х500 см бежевый современный ворс 1…» ↔ «ковер 1,6х2,3 м цвет бежевый»."
Дом и сад,exact_negative,0.0,0,601295499294,618475425903,0,H,,"Ручная сверка title+JSON: один SKU не подтвержден (разный вариант либо нет уникального якоря) — «унистайл / рулонные шторы 110*210 см, блэкаут серый под лён» ↔ «рулонные шторы 155х270 см блэкаут 100%, лина серый, текстура ""лён"", ком…»."
Дом и сад,exact_negative,0.0,0,609885520927,489626323500,0,H,,"Ручная сверка title+JSON: один SKU не подтвержден (разный вариант либо нет уникального якоря) — «топпер для торта, 1 шт» ↔ «топпер для торта золото/розовый: топпер торт u460»."
Дом и сад,exact_negative,0.0,0,618475372108,240518276432,1,M,MISSED_MATCH,"Оба товара — золотистый цинковый крючок на 2 крючка, нагрузка 20 кг и близкие точные размеры."
Дом и сад,exact_negative,0.0,0,738734385564,420906928125,0,H,,"Ручная сверка title+JSON: один SKU не подтвержден (разный вариант либо нет уникального якоря) — «кружка ""капибара"", 330 мл, 1 шт» ↔ «jolly prints / кружка хамелеон какашка медитация»."
Дом и сад,exact_negative,0.0,0,747324474671,283467923460,0,H,,Ручная сверка title+JSON: один SKU не подтвержден (разный вариант либо нет уникального якоря) — «удобрение» ↔ «удобрение fertika порошок leaf power для пасленовых культур л 0.015 кг».
Дом и сад,exact_negative,0.0,0,755914287646,60129677111,0,L,,"Ручная сверка title+JSON: один SKU не подтвержден (разный вариант либо нет уникального якоря) — «флоралия / гиацинт морозостойкий, луковичные многолетние цветы 5 шт» ↔ «гиацинт луковицы многолетние цветы 5 шт»."
Дом и сад,exact_negative,0.0,0,764504188113,111669188364,0,M,,"Ручная сверка title+JSON: один SKU не подтвержден (разный вариант либо нет уникального якоря) — «картина, 80 х 80 см» ↔ «интерьерные решения / картина интерьерная 80х80см»."
Дом и сад,exact_negative,0.0,0,773094124480,558345813078,0,H,,"Ручная сверка title+JSON: один SKU не подтвержден (разный вариант либо нет уникального якоря) — «mallony / держатель для бумажного полотенца tenero, 13*27 см (черн.)» ↔ «mallony держатель для бумажного полотенца tenero, хром. металл, 14*30 с…»."
Дом и сад,exact_negative,0.0,0,824633815108,180388631657,0,H,,"Ручная сверка title+JSON: один SKU не подтвержден (разный вариант либо нет уникального якоря) — «аромапорошок палосантo 11 г органический травяной» ↔ «травяной органический аромапорошок (благовония) 11 гр, frankincense 1 ш…»."
Дом и сад,exact_positive,1.0,1,8589959732,240518193024,0,M,GENERIC_OVERMATCH,"Совпадает лишь размер картин 55×70; общего сюжета, серии или артикула нет."
Дом и сад,exact_positive,1.0,1,60129640835,781684068387,1,H,,"Ручная сверка title+JSON: совпадает конкретный товар и ключевой вариант — «форма для выпечки paderno круг 200х200х25мм, съемное дно, сталь, антипр…» ↔ «paderno / форма для выпечки paderno круг 200х200х25мм, съемное дно»."
Дом и сад,exact_positive,1.0,1,94489325609,575525710586,1,H,,"Ручная сверка title+JSON: совпадает конкретный товар и ключевой вариант — «tkano / кружка freak fruit, 350мл» ↔ «чашка 350 мл фарфоровая для чая и кофе с авторским принтом из коллекции…»."
Дом и сад,exact_positive,1.0,1,146029049864,257698128025,1,H,,"Ручная сверка title+JSON: совпадает конкретный товар и ключевой вариант — «1001 uzor ковер, 0.8 x 1.5 м» ↔ «1001 uzor / коврик комнатный прикроватный 80x150см g 145 cream»."
Дом и сад,exact_positive,1.0,1,180388791449,412316893733,0,M,GENERIC_OVERMATCH,"Оба товара — подставки для зубочисток шириной около 6 см, но нет общей модели/дизайна."
Дом и сад,exact_positive,1.0,1,335007508123,541165901266,1,M,,"Ручная сверка title+JSON: совпадает конкретный товар и ключевой вариант — «сковороды» ↔ «kukmara сотейник, d - 30 см, съёмные ручки, стеклянная крышка, антиприг…»."
Дом и сад,exact_positive,1.0,1,343597412356,670014901512,1,H,,"Ручная сверка title+JSON: совпадает конкретный товар и ключевой вариант — «lenardi / чайный сервиз фарфоровый» ↔ «чайный набор, чашка с блюдцем / 12 предметов, 250 мл / фарфор, lenardi»."
Дом и сад,exact_positive,1.0,1,343597471975,661425089018,1,H,,"Ручная сверка title+JSON: совпадает конкретный товар и ключевой вариант — «миска сталь нержавеющая 8л» ↔ «paderno / миска paderno, нержавеющая сталь, 8 л»."
Дом и сад,exact_positive,1.0,1,369367245666,309237663453,1,H,,Ручная сверка title+JSON: совпадает конкретный товар и ключевой вариант — «грунт для томатов и перцев фаско малышок 25 л» ↔ «грунт для овощей фаско тп0102мал03 25 л».
Дом и сад,exact_positive,1.0,1,395137152969,300647754904,1,H,,"Ручная сверка title+JSON: совпадает конкретный товар и ключевой вариант — «фольга пищевая алюминиевая особо прочная , 44 см x 50 м, 14 мкм» ↔ «youine / фольга пищевая алюминиевая ""прочная"". 44 см х 50 м. 14 мкм»."
Дом и сад,exact_positive,1.0,1,481036386444,798864051782,1,H,,"Ручная сверка title+JSON: совпадает конкретный товар и ключевой вариант — «гирлянда «бахрома» 3 × 0.6 м, ip44, умс, тёмная нить, 160 smd-led, свеч…» ↔ «новогодняя гирлянда для улицы бахрома цвет свечения белый от сети»."
Дом и сад,exact_positive,1.0,1,541165915018,17179993854,1,H,,"Ручная сверка title+JSON: совпадает конкретный товар и ключевой вариант — «шар воздушный анна и эльза ,12 дюйм, латексный, 25 штук, холодное сердце» ↔ «disney / шар воздушный анна и эльза латексный 25 шт холодное сердце»."
Дом и сад,exact_positive,1.0,1,541165920725,77309522744,1,H,,Ручная сверка title+JSON: совпадает конкретный товар и ключевой вариант — «семена колокольчик карпатский белый» ↔ «поиск колокольчик карпатский белый».
Дом и сад,exact_positive,1.0,1,549755961289,240518240431,1,H,,"Ручная сверка title+JSON: совпадает конкретный товар и ключевой вариант — «cristal d’arques / набор бокалов 350 мл.""rendez-vous"" 6 шт.» ↔ «бокал для вина рандеву (6 шт.) хрустальное стекло 350мл»."
Дом и сад,exact_positive,1.0,1,566935699756,8590021247,1,H,,"Ручная сверка title+JSON: совпадает конкретный товар и ключевой вариант — «мастер к / термос для еды ""мастер к"", 800 мл, сохраняет тепло до 12 ч,» ↔ «термос для еды, серия: adventure, ""мастер к"", 800 мл, сохраняет тепло д…»."
Дом и сад,exact_positive,1.0,1,575525661379,773094195574,1,H,,Ручная сверка title+JSON: совпадает конкретный товар и ключевой вариант — «биотуалет» ↔ «биотуалет».
Дом и сад,exact_positive,1.0,1,609885378100,403727076581,0,H,GENERIC_OVERMATCH,"Наборы елочных шаров не имеют подтвержденного общего количества, цвета и дизайна."
Дом и сад,exact_positive,1.0,1,609885500138,369367318655,0,H,GENERIC_OVERMATCH,"Общее только чайная посуда: A указывает один предмет, B — стальной гусак 350 мл; состава одного набора нет."
Дом и сад,exact_positive,1.0,1,661424989912,738734483652,1,M,,"Ручная сверка title+JSON: совпадает конкретный товар и ключевой вариант — «гирлянда хвойная, 270 см» ↔ «гирлянда хвойная, 270 см»."
Дом и сад,exact_positive,1.0,1,678604964055,377957205214,1,H,,Ручная сверка title+JSON: совпадает конкретный товар и ключевой вариант — «универсальный чехол для унитаза» ↔ «чехол на сиденье унитаза теплый панда: синий».
Дом и сад,exact_positive,1.0,1,687194780372,51539654455,1,H,,"Ручная сверка title+JSON: совпадает конкретный товар и ключевой вариант — «блюдо сервировочное lenardi новый год, из фарфора, 20 см» ↔ «lenardi / блюдо 20см новогодний 1 шт.»."
Дом и сад,exact_positive,1.0,1,738734405073,403726989513,1,H,,"Ручная сверка title+JSON: совпадает конкретный товар и ключевой вариант — «фруктовница двухъярусная, этажерка для фруктов / новогодний, lenardi / …» ↔ «lenardi / двухъярусная этажерка 25 см(д18,26 см) новый год»."
Дом и сад,exact_positive,1.0,1,798863941489,661425029050,0,M,GENERIC_OVERMATCH,"A — горшок 100×80 мм, 0,5 л; B — набор 50 горшков без совпадающего размера."
Дом и сад,exact_positive,1.0,1,798863947303,8590043378,0,M,GENERIC_OVERMATCH,"Размер картин 44×55 совпадает, но общий сюжет/артикул отсутствует."
Дом и сад,exact_positive,1.0,1,841813600501,455266641351,1,H,,"Ручная сверка title+JSON: совпадает конкретный товар и ключевой вариант — «аксессуары для ванной индийский слон , 4 предмета, дозатор, мыльница, 2…» ↔ «мир обилия / набор аксессуаров для ванной комнаты индийский слон 4 предм»."
Дом и сад,uncertain_negative,0.2222222222222222,0,25769811799,128849135408,0,H,,"Ручная сверка title+JSON: один SKU не подтвержден (разный вариант либо нет уникального якоря) — «сетка садовая 15х15х1200мм, 9м. цвет зеленый» ↔ «сетка садовая, заборная, пластиковая, ячейка 15х15мм, ширина 1200мм, дл…»."
Дом и сад,uncertain_negative,0.2222222222222222,0,188978608747,601295435798,0,H,,"Ручная сверка title+JSON: один SKU не подтвержден (разный вариант либо нет уникального якоря) — «гирлянда штора занавес на окно 3х2 метра, цвет (холодный) белый» ↔ «золотая сказка / гирлянда штора новогодняя светодиодная занавес 3х3»."
Дом и сад,uncertain_negative,0.2222222222222222,0,188978686379,68719594407,0,H,,"Ручная сверка title+JSON: один SKU не подтвержден (разный вариант либо нет уникального якоря) — «фильтр магистральный абф-10-1 (1""), стандарт slim line 10 для холодной …» ↔ «фильтр аквабрайт дозатор полифосфата абфк-10/1, степеней очистки: 1»."
Дом и сад,uncertain_negative,0.2222222222222222,0,197568563333,618475382473,0,H,,Ручная сверка title+JSON: один SKU не подтвержден (разный вариант либо нет уникального якоря) — «unicup / кружка хамелеон женская василиса с приколом» ↔ «кружка хамелеон женская принцесса с приколом».
Дом и сад,uncertain_negative,0.2222222222222222,0,266288078373,755914257598,0,H,,"Ручная сверка title+JSON: один SKU не подтвержден (разный вариант либо нет уникального якоря) — «le gobelin / наволочка гобелен маки без люрекса 45х45 см легобелен» ↔ «наволочка декоративная 45x45 см, 1 шт.»."
Дом и сад,uncertain_negative,0.2222222222222222,0,360777323090,438086796470,0,H,,"Ручная сверка title+JSON: один SKU не подтвержден (разный вариант либо нет уникального якоря) — «тара пэт крышка пластиковая для бутылок пэт зеленая (уп. 700 шт.) 28 мм» ↔ «тара пэт крышка для бутылки, 500 шт, 2.8 см»."
Дом и сад,uncertain_negative,0.2222222222222222,0,395137014300,438086813554,0,H,,"Ручная сверка title+JSON: один SKU не подтвержден (разный вариант либо нет уникального якоря) — «gerger / тюль» ↔ «gerger тюль 550x235 см крепление лента, кремовый»."
Дом и сад,uncertain_negative,0.2222222222222222,0,489626365684,257698156074,0,H,,"Ручная сверка title+JSON: один SKU не подтвержден (разный вариант либо нет уникального якоря) — «доска разделочная с отверстием adelica, 30х20х2 см, покрыта маслом, цел…» ↔ «доска разделочная с упором adelica «мастер шеф», 30×20×1,8 см, пропитан…»."
Дом и сад,uncertain_negative,0.2222222222222222,0,549755943426,206158498444,0,H,,Ручная сверка title+JSON: один SKU не подтвержден (разный вариант либо нет уникального якоря) — «фигурка знак зодиака козерог 4.7х3х5см ly-znz-10» ↔ «статуэтка знак зодиака козерог 171».
Дом и сад,uncertain_negative,0.2222222222222222,0,584115611405,395137041955,0,H,,"Ручная сверка title+JSON: один SKU не подтвержден (разный вариант либо нет уникального якоря) — «азбука тентов / штора утепленная для гаража 300х300 трехслойная оксфорд…» ↔ «штора утепленная оксфорд 600 азбука тентов 290х340, полог водоупорный т…»."
Дом и сад,uncertain_negative,0.2222222222222222,0,601295496406,292057919197,0,H,,"Ручная сверка title+JSON: один SKU не подтвержден (разный вариант либо нет уникального якоря) — «kukmara / сковорода 360/55 мм с ручками арт.с361» ↔ «сковорода kukmara алюминиевая, с двумя ручками, 34 см»."
Дом и сад,uncertain_negative,0.2222222222222222,0,627065285424,8590098752,0,H,,"Ручная сверка title+JSON: один SKU не подтвержден (разный вариант либо нет уникального якоря) — «ооо голд баскет / зеркало круглое 60см» ↔ «зеркало в ванную настенное круглое 60 см для макияжа, toda alma»."
Дом и сад,uncertain_negative,0.2222222222222222,0,670014976930,523986031423,0,H,,"Ручная сверка title+JSON: один SKU не подтвержден (разный вариант либо нет уникального якоря) — «затеняющая сетка 10x3 м, плотность 55 г,м2, зелёная» ↔ «сетка затеняющая, 3x10 м, плотность 35 г/м , тёмно-зелёная»."
Дом и сад,uncertain_negative,0.3333333333333333,0,77309421567,532576005228,0,H,,"Ручная сверка title+JSON: один SKU не подтвержден (разный вариант либо нет уникального якоря) — «агрэкс / семена свекла ""славянка "", 2 г, 4 шт.» ↔ «семенасвеклаславянка , 2 г»."
Дом и сад,uncertain_negative,0.3333333333333333,0,146029046396,704374675576,1,M,BAD_SOURCE_FIELDS,"Совпадают система на 10 м, 10 растений и состав деталей; давление 0,4/2 в одном поле похоже на шум."
Дом и сад,uncertain_negative,0.3333333333333333,0,240518239900,850403566312,0,H,,"Ручная сверка title+JSON: один SKU не подтвержден (разный вариант либо нет уникального якоря) — «коробка складная, ""весёлого нового года"", 28 х 15 х 5 см, синий трактор» ↔ «синий трактор / коробка подарочная, ""весёлого нового года"",, 3 шт.»."
Дом и сад,uncertain_negative,0.3333333333333333,0,292057825933,335007524656,0,M,,"Ручная сверка title+JSON: один SKU не подтвержден (разный вариант либо нет уникального якоря) — «prohotel / нож для обвалки мяса, 28,5 см» ↔ «нож поварской для обвалки мяса / prohotel / нержавеющая сталь , 30 см»."
Дом и сад,uncertain_negative,0.3333333333333333,0,369367356554,214748385734,0,M,,Ручная сверка title+JSON: один SKU не подтвержден (разный вариант либо нет уникального якоря) — «кружка-хамелеон дан да дан» ↔ «goldencup / кружка-хамелеон дан да дан».
Дом и сад,uncertain_negative,0.3333333333333333,0,412316878074,266288107000,0,H,,Ручная сверка title+JSON: один SKU не подтвержден (разный вариант либо нет уникального якоря) — «lequido / тапенер для подвязывания растений садовый» ↔ «тапенер садовый для подвязки растений».
Дом и сад,uncertain_negative,0.3333333333333333,0,575525740990,790274111478,0,H,,"Ручная сверка title+JSON: один SKU не подтвержден (разный вариант либо нет уникального якоря) — «горизонтальные жалюзи эскар 6090160» ↔ «жалюзи алюминиевые, 1500х500 мм, алюминий»."
Дом и сад,uncertain_negative,0.3333333333333333,0,670015019409,824633839586,1,M,MISSED_MATCH,Обе карточки — один саженец яблони сорта Папировка из одной страны; бренды выглядят продавцами.
Дом и сад,uncertain_negative,0.3333333333333333,0,738734511792,678604880600,0,M,,"Ручная сверка title+JSON: один SKU не подтвержден (разный вариант либо нет уникального якоря) — «attache рамка пластиковая 30х40 а3 золотая глянец, 1174002» ↔ «attache фоторамка»."
Дом и сад,uncertain_negative,0.3333333333333333,0,781684183411,274877992510,0,H,,"Ручная сверка title+JSON: один SKU не подтвержден (разный вариант либо нет уникального якоря) — «виноград ведьмины пальцы - кишмиш (средний/фиолето / саженец» ↔ «виноград кишмиш ""черный палец"" саженец»."
Дом и сад,uncertain_negative,0.3333333333333333,0,850403567795,154618888059,0,H,,"Ручная сверка title+JSON: один SKU не подтвержден (разный вариант либо нет уникального якоря) — «юмарт / шторы двухцветные в спальню, плотные канвас 150х250 - 2 шт.» ↔ «комплект 2 двухцветные шторы по 150 x 240 см для гостиной и спальни из …»."
Дом и сад,uncertain_negative,0.4444444444444444,0,25769819930,523986116615,0,M,,Ручная сверка title+JSON: один SKU не подтвержден (разный вариант либо нет уникального якоря) — «гладиолус мерцающие бабочки / гладиолусы российские» ↔ «сад огород / гладиолус крупноцветковый/луковицы гладиолуса».
Дом и сад,uncertain_positive,0.5555555555555556,1,171798804973,816043801739,0,H,GENERIC_OVERMATCH,"Обе рамки коричневые деревянные 10×15, но бренды/страны разные и общей модели нет."
Дом и сад,uncertain_positive,0.5555555555555556,1,309237810531,171798824507,1,M,,"Ручная сверка title+JSON: совпадает конкретный товар и ключевой вариант — «гирлянда нить 10 м роса, ip20, медная нить, 100 led, свечение мульти, 1…» ↔ «барсоня праздник / гирлянда ""нить"" 10 м роса, ip20, комнатная»."
Дом и сад,uncertain_positive,0.5555555555555556,1,386547071158,481036454385,1,H,,"Ручная сверка title+JSON: совпадает конкретный товар и ключевой вариант — «блюдо сервировочное для рыбы bianco 46 см lenardi, для подачи блюд и се…» ↔ «lenardi collection / блюдо для рыбы bianco 46см»."
Дом и сад,uncertain_positive,0.5555555555555556,1,481036357909,377957205545,0,H,MODEL_VARIANT,"Ковровая дорожка одной серии, но длина 5,6 м против 7,5 м."
Дом и сад,uncertain_positive,0.5555555555555556,1,506806275920,463856568986,1,M,,"Ручная сверка title+JSON: совпадает конкретный товар и ключевой вариант — «альтернатива / банка для сыпучих продуктов 2л / емкости для хранения, 2…» ↔ «банка альтернатива бочонок пластик 2л (комплект из 2 шт)»."
Дом и сад,uncertain_positive,0.5555555555555556,1,558345784581,463856536083,0,H,MODEL_VARIANT,Titan: оцинкованное серое ведро 30 л против безымянного нержавеющего хромированного.
Дом и сад,uncertain_positive,0.5555555555555556,1,618475428539,266287986000,1,H,,"Ручная сверка title+JSON: совпадает конкретный товар и ключевой вариант — «агрофирма поиск / томат хурма 0,1гр среднеспелый» ↔ «семена томат ""хурма"", низкорослый, 0,1 гр / 1281921»."
Дом и сад,uncertain_positive,0.5555555555555556,1,652835062811,584115694444,0,H,MODEL_VARIANT,Фартуки Staer различаются: 78×80 Oxford против 76×54 из полиуретана.
Дом и сад,uncertain_positive,0.5555555555555556,1,661425054068,730144514461,1,M,,"Ручная сверка title+JSON: совпадает конкретный товар и ключевой вариант — «малина мираж саженец» ↔ «твой сад / саженец малины ""мираж""»."
Дом и сад,uncertain_positive,0.5555555555555556,1,730144461239,429496756125,0,H,MODEL_VARIANT,"Щетки FBK имеют разные размеры и модель: 200×70×115 против 275×70, код 10548-2."
Дом и сад,uncertain_positive,0.6666666666666666,1,738734377969,429496769840,0,M,GENERIC_OVERMATCH,Общие слова «латунный обратный клапан 1 дюйм» не дают общего артикула/модели.
Дом и сад,uncertain_positive,0.7777777777777778,1,154618868011,137439030529,1,H,,"Ручная сверка title+JSON: совпадает конкретный товар и ключевой вариант — «термос, 500 мл, детский единорог, с кружкой, два вида» ↔ «термос, 500 мл, детский, с кружкой, два вида крышек, сохраняет тепло до…»."
Дом и сад,uncertain_positive,0.7777777777777778,1,197568614959,412316923770,1,H,,"Ручная сверка title+JSON: совпадает конкретный товар и ключевой вариант — «дарите счастье / коробка подарочная складная, упаковка, «любимый учител…» ↔ «коробка подарочная складная, упаковка, любимый учитель , 30 х 20 х 9 см»."
Дом и сад,uncertain_positive,0.7777777777777778,1,249108167421,618475340066,0,M,GENERIC_OVERMATCH,"Обе карточки — тефлоновая насадка на утюг, но нет общего размера, бренда или модели."
Дом и сад,uncertain_positive,0.7777777777777778,1,429496877431,429496850910,1,H,,"Ручная сверка title+JSON: совпадает конкретный товар и ключевой вариант — «вертикальные жалюзи (ламели + карниз), венеция жёлтый, ширина - 650мм в…» ↔ «фабрика жалюзи / вертикальные жалюзи с карнизом 65 на 270 желтый (05)»."
Дом и сад,uncertain_positive,0.7777777777777778,1,798864008618,266287987004,0,H,WRONG_ENTITY,"A — столовая ложка из тика 19 см, B — десертная деревянная ложка; назначение/тип различаются."
Дом и сад,uncertain_positive,0.8888888888888888,1,154618970235,403727023051,1,M,,"Ручная сверка title+JSON: совпадает конкретный товар и ключевой вариант — «колокольчик ангел ""на счастье и удачу""» ↔ «in mother's hands / колокольчик ангел для счастья и удачи»."
Дом и сад,uncertain_positive,0.8888888888888888,1,326417635851,498216276136,1,M,,"Ручная сверка title+JSON: совпадает конкретный товар и ключевой вариант — «olympus-place ковер, 2.5 x 3 м» ↔ «olympus place / ковер комнатный на пол в гостиную 250х300 см»."
Дом и сад,uncertain_positive,0.8888888888888888,1,403726982034,833223812819,1,H,,"Ручная сверка title+JSON: совпадает конкретный товар и ключевой вариант — «bona forte жидкое минеральное удобрение для хвойных растений лето-осень…» ↔ «газоновком / удобрение жидкое bona forte для хвойных (1,5 л)»."
Дом и сад,uncertain_positive,0.8888888888888888,1,515396140296,730144469163,0,M,GENERIC_OVERMATCH,"A — встраиваемый дозатор LightToLight, B — безымянный хромированный; общей модели нет."
Дом и сад,uncertain_positive,0.8888888888888888,1,541166018621,523986123175,0,M,MODEL_VARIANT,Персонализированный текст различается: «брутальный мужик» против «настоящий мужчина».
Дом и сад,uncertain_positive,0.8888888888888888,1,635655186571,601295544063,0,M,MODEL_VARIANT,Разные варианты персонализации: Ariadne «ты самая лучшая» против безымянного Gravermag.
Дом и сад,uncertain_positive,0.8888888888888888,1,635655237231,824633767987,0,H,MODEL_VARIANT,Тюль отличается плотностью 90 против 75 г/м² и материалом/вариантом.
Дом и сад,uncertain_positive,0.8888888888888888,1,661425075436,403726938995,1,H,,"Ручная сверка title+JSON: совпадает конкретный товар и ключевой вариант — «flangerio кашпо, серый, 9 см х 10 см х 10 см, 0.4 л, 1 шт» ↔ «кашпо, для цветов, керамика, ø10 см, высота 9 см, v0.4л, серое»."
Дом и сад,uncertain_positive,0.8888888888888888,1,816043925225,558345777140,1,H,,"Ручная сверка title+JSON: совпадает конкретный товар и ключевой вариант — «термос с блокировкой крышки в виде замочка, с кнопкой, ударопрочный кор…» ↔ «сималенд / детский термос единорог 500 мл с кружкой»."
Канцелярские товары,exact_negative,0.0,0,25769882666,515396089082,0,H,,"Ручная сверка title+JSON: один SKU не подтвержден (разный вариант либо нет уникального якоря) — «комплект пластиковая рамка а4, зеленый + вставка-выделитель sport ""%"" п…» ↔ «stpos.ru / пластиковая рамка а4+вставка-выделитель ромб""%"" по 5 шт»."
Канцелярские товары,exact_negative,0.0,0,51539687115,309237705210,0,H,,"Ручная сверка title+JSON: один SKU не подтвержден (разный вариант либо нет уникального якоря) — «копибланк (2 шт.), журнал учета технического обслуживания и ремонта уст…» ↔ «комплект (2 шт.), журнал заявок (20 лист, полистовая нумерация)»."
Канцелярские товары,exact_negative,0.0,0,68719477002,154618856547,0,H,,"Ручная сверка title+JSON: один SKU не подтвержден (разный вариант либо нет уникального якоря) — «центрмаг / журнал учета кружковой, студийной и секционной работы» ↔ «книга учета ученических золотых медалей за особые успехи в учении . 40 …»."
Канцелярские товары,exact_negative,0.0,0,77309499123,352187325626,0,H,,Ручная сверка title+JSON: один SKU не подтвержден (разный вариант либо нет уникального якоря) — «pensmag / ручки шариковые для школы с надписью на память др» ↔ «набор ручек».
Канцелярские товары,exact_negative,0.0,0,146029042303,498216208019,0,M,,"Ручная сверка title+JSON: один SKU не подтвержден (разный вариант либо нет уникального якоря) — «календарь ""sailor moon"" на 2026, формат а4 с ламинацией» ↔ «календарь ""sailor moon"" на 2026, формат а4 с ламинацией»."
Канцелярские товары,exact_negative,0.0,0,188978640646,60129567989,0,H,,"Ручная сверка title+JSON: один SKU не подтвержден (разный вариант либо нет уникального якоря) — «папка с вкладышами стамм ""стандарт"", 20 вкладышей, а4, 14 мм, 600 мкм, …» ↔ «стамм / папка на 4 кольцах стамм стандарт а4, 25мм, 700мкм, пластик»."
Канцелярские товары,exact_negative,0.0,0,257698064737,309237701769,0,H,,"Ручная сверка title+JSON: один SKU не подтвержден (разный вариант либо нет уникального якоря) — «china блокнот a6 (10.5 × 14.8 см), листов: 50» ↔ «сима-ленд & artfox / блокнот на замочке а6, 50 л. в твердой обложке»."
Канцелярские товары,exact_negative,0.0,0,257698072447,292057913706,0,H,,Ручная сверка title+JSON: один SKU не подтвержден (разный вариант либо нет уникального якоря) — «набор тубусов 65см d-10см 45см d-7см» ↔ «asmar набор тубусов 77см d-10см 64см d-7см».
Канцелярские товары,exact_negative,0.0,0,309237758786,618475378024,0,M,,"Ручная сверка title+JSON: один SKU не подтвержден (разный вариант либо нет уникального якоря) — «тетрадь на кольцах brauberg а5 180х220 мм, 80 листов, клетка» ↔ «brauberg / тетрадь на кольцах а5 (180х220 мм), 80 листов,»."
Канцелярские товары,exact_negative,0.0,0,377957188495,644245227096,0,H,,"Ручная сверка title+JSON: один SKU не подтвержден (разный вариант либо нет уникального якоря) — «скетчбук ""мечтай"" а5, 40 листов» ↔ «artfox / планер-ежедневник мятный с тиснением ""мечтай. создавай."", 2»."
Канцелярские товары,exact_negative,0.0,0,472446542678,257698110574,0,H,,"Ручная сверка title+JSON: один SKU не подтвержден (разный вариант либо нет уникального якоря) — «бланк бухгалтерский, листов: 100» ↔ «учитель-канц бланк меню-требование на выдачу продуктов питания офсет, к…»."
Канцелярские товары,exact_negative,0.0,0,506806294188,738734414426,0,H,,"Ручная сверка title+JSON: один SKU не подтвержден (разный вариант либо нет уникального якоря) — «ручка шариковая автомат. attache ergohold,с манж,0,3мм,синяя, 10 штук» ↔ «schneider / 10шт ручка шариковая автомат. schneider haptify,син,0,5мм,м»."
Канцелярские товары,exact_negative,0.0,0,549755951161,798863961638,0,H,,"Ручная сверка title+JSON: один SKU не подтвержден (разный вариант либо нет уникального якоря) — «тетрадь 48 листов в клетку» ↔ «тетрадь предметная 48 листов в клетку calligrata,»."
Канцелярские товары,exact_negative,0.0,0,592705557183,850403569369,0,H,,"Ручная сверка title+JSON: один SKU не подтвержден (разный вариант либо нет уникального якоря) — «calligrata / цветная бумага а4 80 г,м2 5 цветов 50 листов» ↔ «бумага цветная а4, 100 листов calligrata mix, 10 цветов, тонированная в…»."
Канцелярские товары,exact_negative,0.0,0,601295426669,558345900309,0,M,,Ручная сверка title+JSON: один SKU не подтвержден (разный вариант либо нет уникального якоря) — «этикетка для печати» ↔ «бумага для печати этикеток».
Канцелярские товары,exact_negative,0.0,0,601295535944,309237810046,0,M,,"Ручная сверка title+JSON: один SKU не подтвержден (разный вариант либо нет уникального якоря) — «artfox study / тетрадь в клетку а5 на спирали love mint, 2 шт.» ↔ «тетрадь artfox study a5 (14.8 × 21 см), 2 шт., листов: 96»."
Канцелярские товары,exact_negative,0.0,0,618475312705,609885368759,0,H,,"Ручная сверка title+JSON: один SKU не подтвержден (разный вариант либо нет уникального якоря) — «пенал devente school» ↔ «пенал devente ""chic"", мягкий, 1 отделение, плоский, 90х210х10 мм, кожза…»."
Канцелярские товары,exact_negative,0.0,0,652835147989,206158446507,0,H,,"Ручная сверка title+JSON: один SKU не подтвержден (разный вариант либо нет уникального якоря) — «berlingo / рюкзак школьный для девочки подростка» ↔ «рюкзак berlingo ""futureal"", 41х28х16 см, 1 отделение, 3 кармана, уплотн…»."
Канцелярские товары,exact_negative,0.0,0,678604993078,687194818056,0,M,,"Ручная сверка title+JSON: один SKU не подтвержден (разный вариант либо нет уникального якоря) — «пенал школьный аниме , на молнии .» ↔ «сималенд / пенал школьный аниме»."
Канцелярские товары,exact_negative,0.0,0,704374786923,816043887481,0,H,,Ручная сверка title+JSON: один SKU не подтвержден (разный вариант либо нет уникального якоря) — «линейка для рисования дерева» ↔ «акриловая линейка для рисования/линейка для школы/товары для школы».
Канцелярские товары,exact_negative,0.0,0,712964586289,403726930303,0,H,,"Ручная сверка title+JSON: один SKU не подтвержден (разный вариант либо нет уникального якоря) — «скрепки attache никелированные 50 мм, негофрированные, 50 шт» ↔ «скрепки attache economy стальные, 50 мм, гофрированные, 50 шт. в уп»."
Канцелярские товары,exact_negative,0.0,0,712964703440,601295471653,0,H,,"Ручная сверка title+JSON: один SKU не подтвержден (разный вариант либо нет уникального якоря) — «набор 24 уп клей-карандаш brauberg ""anime"", 9 г, kids, 3 штуки на блист…» ↔ «brauberg kids / (4 набора) - клей-карандаш 3шт., арт. 271141»."
Канцелярские товары,exact_negative,0.0,0,738734449446,541165927742,0,H,,"Ручная сверка title+JSON: один SKU не подтвержден (разный вариант либо нет уникального якоря) — «attache selection разделитель листов алфавит а-я attache selection, а4,…» ↔ «разделитель листов из сер.пласт. с индексами attache, а4, цифровой 1-12»."
Канцелярские товары,exact_negative,0.0,0,824633785732,34359864166,0,H,,"Ручная сверка title+JSON: один SKU не подтвержден (разный вариант либо нет уникального якоря) — «lite бумага, неон оранжевый, а4, 70 г/м2, 50 листов, 2 шт» ↔ «kwelt / бумага неон для принтера 20 л а4 2 уп»."
Канцелярские товары,exact_negative,0.0,0,841813693175,661424981498,0,H,,"Ручная сверка title+JSON: один SKU не подтвержден (разный вариант либо нет уникального якоря) — «m&g / ручка гелевая стираемая m&amp;g ierase ii шар0,7 лин0» ↔ «роллер m&g s5, диаметр шарика 0,5 мм, цвет чернил синий, 4 штуки»."
Канцелярские товары,exact_positive,1.0,1,17179903738,429496769077,0,H,QUANTITY_BUNDLE,"A — набор из 3 кистей, B — одна кисть без общего артикула."
Канцелярские товары,exact_positive,1.0,1,42949682684,25769964166,1,H,,Ручная сверка title+JSON: совпадает конкретный товар и ключевой вариант — «ручка шариковая pilot bps-gp-f красная (толщина линии 0.22 мм)» ↔ «ручка шариковая pilot bps-gp-f красная (толщина линии 0.22 мм)».
Канцелярские товары,exact_positive,1.0,1,111669238554,51539710172,0,H,QUANTITY_BUNDLE,Одна упаковка бумаги на 40 листов против комплекта из двух упаковок.
Канцелярские товары,exact_positive,1.0,1,180388628955,34359773916,0,M,GENERIC_OVERMATCH,"Общее только белый чехол для бейджа; модель, размер и артикул не совпадают/не заданы."
Канцелярские товары,exact_positive,1.0,1,223338393066,575525647593,1,H,,"Ручная сверка title+JSON: совпадает конкретный товар и ключевой вариант — «рюкзак детский nazamok kids ""сердечко"" 27х23 см c отделом на молнии, дл…» ↔ «nazamok kids / рюкзак детский для девочки текстильный «сердечко», 27х23…»."
Канцелярские товары,exact_positive,1.0,1,231928372882,489626376050,1,H,,"Ручная сверка title+JSON: совпадает конкретный товар и ключевой вариант — «фотоальбом brauberg свадебный, 20 магнитных листов 30х32 см, обложка по…» ↔ «brauberg 390691 белый»."
Канцелярские товары,exact_positive,1.0,1,343597388661,515396096047,1,M,,"Ручная сверка title+JSON: совпадает конкретный товар и ключевой вариант — «глобус / готовальня ""technica"", 8 предметов, циркуль 125мм» ↔ «готовальня 8 предметов глобус техника, 125мм, пластиковый пенал (нч8-ш-…»."
Канцелярские товары,exact_positive,1.0,1,369367208060,609885362054,1,H,,"Ручная сверка title+JSON: совпадает конкретный товар и ключевой вариант — «краска акриловая 1 шт., 20.019 мл./ 20 г.» ↔ «акриловая краска decola металлик 4926964 медь 20 мл, цена за 1 шт.»."
Канцелярские товары,exact_positive,1.0,1,369367344777,773094149796,1,M,,Ручная сверка title+JSON: совпадает конкретный товар и ключевой вариант — «grizzly / рюкзак молодежный для подростков» ↔ «рюкзак школьный подростковый для мальчиков grizzly».
Канцелярские товары,exact_positive,1.0,1,377957255879,721554600640,1,H,,"Ручная сверка title+JSON: совпадает конкретный товар и ключевой вариант — «galant ручка подарочная шариковая etude, узел 0,7 мм, синяя, 143506» ↔ «galant / ручка шариковая, синяя, арт. 143506»."
Канцелярские товары,exact_positive,1.0,1,420906869958,283467983373,1,H,,"Ручная сверка title+JSON: совпадает конкретный товар и ключевой вариант — «фотобумага глянцевая большого формата, а3, 200 г/м2, односторонняя, 50 …» ↔ «фотобумага глянцевая большого формата, а3, 200 г/м2, односторонняя, 50 …»."
Канцелярские товары,exact_positive,1.0,1,463856619135,77309451319,1,H,,"Ручная сверка title+JSON: совпадает конкретный товар и ключевой вариант — «trodat / штамп стандартный ""копия верна, подпись""» ↔ «штамп стандартный ""копия верна, подпись"", оттиск 38х14 мм, синий, troda…»."
Канцелярские товары,exact_positive,1.0,1,489626363411,283467874583,0,M,GENERIC_OVERMATCH,Спиральная тетрадь в клетку на 60 листов — общий тип; бренда/дизайна одного SKU нет.
Канцелярские товары,exact_positive,1.0,1,498216293092,128849098259,1,H,,"Ручная сверка title+JSON: совпадает конкретный товар и ключевой вариант — «краски акриловые 12 цветов остров сокровищ 12 цветов по 25 мл, 191689 (…» ↔ «остров сокровищ / краски акриловые для рисования и хобби набор 12 цветов»."
Канцелярские товары,exact_positive,1.0,1,498216348445,412317000810,1,H,,Ручная сверка title+JSON: совпадает конкретный товар и ключевой вариант — «календарь на 2026 егорушка» ↔ «2026. егорушка. детский православный календарь».
Канцелярские товары,exact_positive,1.0,1,515396159616,94489347363,0,M,GENERIC_OVERMATCH,"A — Kores 22840, 2 мм, 4 цвета; B сообщает лишь Kores, «маркер» и число 4."
Канцелярские товары,exact_positive,1.0,1,532576001735,163208802675,1,H,,"Ручная сверка title+JSON: совпадает конкретный товар и ключевой вариант — «бумага для рисования а3, 40 листов, блок 120 г/м2» ↔ «calligrata / бумага для рисования а3, 40л, 120г,м2»."
Канцелярские товары,exact_positive,1.0,1,541165953777,283467987870,1,H,,"Ручная сверка title+JSON: совпадает конкретный товар и ключевой вариант — «brauberg скетчбук слоновая кость 140 г/м2 130х210 мм, 80 л, кожзам, рез…» ↔ «скетчбук, слоновая кость 140 г/м2 130х210 мм, 80 л, кожзам, резинка, br…»."
Канцелярские товары,exact_positive,1.0,1,549755959155,369367269531,0,M,GENERIC_OVERMATCH,"Artfox: совпадают черный цвет и 19×6 см, но у B дизайн Fantasy, а общего артикула нет."
Канцелярские товары,exact_positive,1.0,1,584115638157,283467941079,1,H,,"Ручная сверка title+JSON: совпадает конкретный товар и ключевой вариант — «блокнот а5 100 л megapolis velvet на резинке (тёмно-синий) 3-525/01 ozon» ↔ «bruno visconti / блокнот на резинке синий а5 megapolis velvet, 100 л»."
Канцелярские товары,exact_positive,1.0,1,687194820939,420906885458,1,H,,"Ручная сверка title+JSON: совпадает конкретный товар и ключевой вариант — «no name / термоэтикетки самоклеящиеся 58х40 4 рулона» ↔ «этикетка для печати 4 x 5,8 см, 700 шт.»."
Канцелярские товары,exact_positive,1.0,1,730144547671,446676715382,1,H,,"Ручная сверка title+JSON: совпадает конкретный товар и ключевой вариант — «ручки пиши стирай/ набор ручек куроми пиши стирай 12 шт, синий цвет» ↔ «набор ручек пиши стирай куроми»."
Канцелярские товары,exact_positive,1.0,1,738734399708,120259185526,1,H,,"Ручная сверка title+JSON: совпадает конкретный товар и ключевой вариант — «юнландия / картон белый а4 мелованный, 10 листов» ↔ «юнландия картон мелованный панда, а4, цвет белый, 200х290 мм, 10 листов»."
Канцелярские товары,exact_positive,1.0,1,773094132852,498216362990,1,H,,"Ручная сверка title+JSON: совпадает конкретный товар и ключевой вариант — «бумага для офтех ballet brilliant а4, 80 г/м2,168% cie пачка 500 л» ↔ «бумага ballet brilliant, а4, марка а, 80 г/м2, 500 листов»."
Канцелярские товары,exact_positive,1.0,1,850403614562,300647788805,1,H,,"Ручная сверка title+JSON: совпадает конкретный товар и ключевой вариант — «папка на молнии с ручками юнландия а4, 1 отделение, пластик, ширина 45 …» ↔ «папка на молнии с ручками юнландия а4, 1 отделение, пластик, ширина 45 …»."
Канцелярские товары,uncertain_negative,0.2222222222222222,0,34359820652,309237661947,0,H,,"Ручная сверка title+JSON: один SKU не подтвержден (разный вариант либо нет уникального якоря) — «подарочная ручка никифор / именная ручка шариковая никифор» ↔ «ручка шариковая, цвет: синий, 1 шт.»."
Канцелярские товары,uncertain_negative,0.2222222222222222,0,103079278694,738734486624,0,H,,"Ручная сверка title+JSON: один SKU не подтвержден (разный вариант либо нет уникального якоря) — «центрмаг / журнал учета показаний спидометра» ↔ «комплект (1 шт.), журнал учета показаний спидометра (60 лист, полистова…»."
Канцелярские товары,uncertain_negative,0.2222222222222222,0,128849079504,420906926713,0,M,,"Ручная сверка title+JSON: один SKU не подтвержден (разный вариант либо нет уникального якоря) — «calligrata / комплект тетрадей в клетку» ↔ «50 штук тетрадь 96 листов в клетку, calligrata, black and white»."
Канцелярские товары,uncertain_negative,0.2222222222222222,0,146029025801,472446504904,0,H,,"Ручная сверка title+JSON: один SKU не подтвержден (разный вариант либо нет уникального якоря) — «16 шт. тетрадь 48л., а5, клетка bg ""viva magenta"", soft-touch ламинация» ↔ «bg / 8 штук - тетради 48 листов в клетку а5, клетка, арт. 340999»."
Канцелярские товары,uncertain_negative,0.2222222222222222,0,180388665071,841813624332,0,H,,"Ручная сверка title+JSON: один SKU не подтвержден (разный вариант либо нет уникального якоря) — «calligrata, набор обложек пэ, 230 х 450 мм, 80 мкм calligrata, для учеб…» ↔ «calligrata набор обложек пэ 5 штук, 230 х 450 мм, 80 мкм calligrata, дл…»."
Канцелярские товары,uncertain_negative,0.2222222222222222,0,257698122934,472446480535,0,H,,"Ручная сверка title+JSON: один SKU не подтвержден (разный вариант либо нет уникального якоря) — «копибланк (10 шт.), журнал учебных занятий (60 лист, полист. нумерация)» ↔ «комплект (10 шт.), журнал учебных занятий (30 лист, полистовая нумераци…»."
Канцелярские товары,uncertain_negative,0.2222222222222222,0,300647750710,377957215437,0,H,,"Ручная сверка title+JSON: один SKU не подтвержден (разный вариант либо нет уникального якоря) — «пенал из искусственной кожи artfox study «розовый» , 19х8х3 см» ↔ «пенал-тубус на молнии, ткань, пастельно-розовый, 20х5 см»."
Канцелярские товары,uncertain_negative,0.2222222222222222,0,403726951219,609885519795,0,H,,"Ручная сверка title+JSON: один SKU не подтвержден (разный вариант либо нет уникального якоря) — «картон белый а4 мелованный (глянцевый), 8 листов, в папке, brauberg, 20…» ↔ «brauberg / набор 15 штук белый картон а4 немелованный, 8 листов»."
Канцелярские товары,uncertain_negative,0.2222222222222222,0,601295462750,609885402648,0,H,,"Ручная сверка title+JSON: один SKU не подтвержден (разный вариант либо нет уникального якоря) — «цветной картон artspace / артспейс мелованный плотность 230 г/м2, форма…» ↔ «спейс / картон белый а4, artspace, 8л., немелованный, в пакете»."
Канцелярские товары,uncertain_negative,0.2222222222222222,0,816043853843,652835029952,0,H,,Ручная сверка title+JSON: один SKU не подтвержден (разный вариант либо нет уникального якоря) — «рюкзак школьный» ↔ «zirus / рюкзак школьный c капибарой».
Канцелярские товары,uncertain_negative,0.3333333333333333,0,60129620889,609885435295,0,H,,"Ручная сверка title+JSON: один SKU не подтвержден (разный вариант либо нет уникального якоря) — «цветные карандаши, 12 шт. мини деревянные, заточенные тм наброскин» ↔ «no name / набор цветных деревянных карандашей, 12 цветов»."
Канцелярские товары,uncertain_negative,0.3333333333333333,0,60129658242,627065227621,0,H,,"Ручная сверка title+JSON: один SKU не подтвержден (разный вариант либо нет уникального якоря) — «центрмаг / книга осмотра (проверки) оружия» ↔ «комплект (1 шт.), книга осмотра (проверки) оружия (приложение № 13) (40…»."
Канцелярские товары,uncertain_negative,0.3333333333333333,0,283467946952,730144450580,0,H,,Ручная сверка title+JSON: один SKU не подтвержден (разный вариант либо нет уникального якоря) — «симпатичный мини-студенческий калькулятор» ↔ «алла29 / калькулятор карманный для школьников».
Канцелярские товары,uncertain_negative,0.3333333333333333,0,317827656444,438086691291,0,H,,"Ручная сверка title+JSON: один SKU не подтвержден (разный вариант либо нет уникального якоря) — «сималенд / набор латексных кистей для рисования» ↔ «набор кистей латекс 5 штук, большой»."
Канцелярские товары,uncertain_negative,0.3333333333333333,0,343597518621,575525761162,0,M,,Ручная сверка title+JSON: один SKU не подтвержден (разный вариант либо нет уникального якоря) — «набор маркеров» ↔ «сималенд / яркий набор маркеров для творчества».
Канцелярские товары,uncertain_negative,0.3333333333333333,0,369367342165,369367324078,0,H,,"Ручная сверка title+JSON: один SKU не подтвержден (разный вариант либо нет уникального якоря) — «ручка в футляре с гравировкой / ручка подарочная именная в футляре с на…» ↔ «ручка шариковая, толщина линии: 0.7 мм, цвет: синий, 1 шт.»."
Канцелярские товары,uncertain_negative,0.3333333333333333,0,481036431767,120259169439,0,H,,"Ручная сверка title+JSON: один SKU не подтвержден (разный вариант либо нет уникального якоря) — «тетрадь предметная 48 листов в клетку» ↔ «тетрадь предметная 48 листов в клетку, calligrata доска. биология , обл…»."
Канцелярские товары,uncertain_negative,0.3333333333333333,0,601295494752,326417611840,0,H,,"Ручная сверка title+JSON: один SKU не подтвержден (разный вариант либо нет уникального якоря) — «ручка гелевая pilot ""super gel"" черная, 0,5мм, 076990» ↔ «ручка гелевая pilot ""super gel"", черная, корпус прозрачный, узел 0,5 мм…»."
Канцелярские товары,uncertain_negative,0.3333333333333333,0,627065332441,429496800184,0,H,,"Ручная сверка title+JSON: один SKU не подтвержден (разный вариант либо нет уникального якоря) — «сималенд / цветные мелки для рисования 24 шт.» ↔ «мел школьный цветной 24 шт (6 цветов х 4), круглый беспыльный, в картон…»."
Канцелярские товары,uncertain_negative,0.3333333333333333,0,652835050388,489626366131,0,H,,"Ручная сверка title+JSON: один SKU не подтвержден (разный вариант либо нет уникального якоря) — «набор 3 шт папка для рисунков и чертежей пифагор пифагор, а3 пластик, к…» ↔ «папка для рисунков и чертежей пифагор а3, пластик, красная, 271133»."
Канцелярские товары,uncertain_negative,0.3333333333333333,0,652835099135,661425007002,0,H,,"Ручная сверка title+JSON: один SKU не подтвержден (разный вариант либо нет уникального якоря) — «краски акварельные 6 цветов комус три богатыря (без кисти) пластик (184…» ↔ «in mother's hands / акварель в мягком пластике, картон с европодвесом»."
Канцелярские товары,uncertain_negative,0.3333333333333333,0,824633764088,34359786926,0,H,,Ручная сверка title+JSON: один SKU не подтвержден (разный вариант либо нет уникального якоря) — «рюкзак школьный nylon cute and lightweight для детей с мультяшным дизай…» ↔ «рюкзак школьный ранец корейский для подростков».
Канцелярские товары,uncertain_negative,0.4444444444444444,0,51539740441,386547111852,0,H,,"Ручная сверка title+JSON: один SKU не подтвержден (разный вариант либо нет уникального якоря) — «карандаши акварельные мульти-пульти невероятные приключения, 06 цвет, з…» ↔ «мульти пульти / карандаши цветные ""чебурашка"", 6 цветов, заточенные»."
Канцелярские товары,uncertain_negative,0.4444444444444444,0,120259204733,773094139463,0,H,,Ручная сверка title+JSON: один SKU не подтвержден (разный вариант либо нет уникального якоря) — «тетрадь» ↔ «тетрадь / я люблю вячеслава тетрадь».
Канцелярские товары,uncertain_negative,0.4444444444444444,0,171798836387,609885361477,0,M,,Ручная сверка title+JSON: один SKU не подтвержден (разный вариант либо нет уникального якоря) — «набор подарочный канцелярии куроми для девочки» ↔ «канцелярский набор куроми».
Канцелярские товары,uncertain_positive,0.5555555555555556,1,335007596860,833223687733,0,H,MODEL_VARIANT,"Calligrata: «Акварель» 0,7 мм ванильная против Top Deluxe 1 мм молочной."
Канцелярские товары,uncertain_positive,0.5555555555555556,1,601295551195,395137119449,0,H,GENERIC_OVERMATCH,"A — неопределенная тетрадь, B — именная «Маиса» с совой; общий дизайн не подтвержден."
Канцелярские товары,uncertain_positive,0.6666666666666666,1,17179892176,309237730330,0,M,GENERIC_OVERMATCH,A — безымянные 60 маркеров без типа; B — акриловый комплект 60 цветов/66 предметов.
Канцелярские товары,uncertain_positive,0.7777777777777778,1,111669248527,833223817332,1,M,,Ручная сверка title+JSON: совпадает конкретный товар и ключевой вариант — «нож канцелярский узкий. 12шт» ↔ «промхозторг / канцелярский нож 12 шт».
Канцелярские товары,uncertain_positive,0.7777777777777778,1,309237720771,541165880747,0,H,MODEL_VARIANT,"A персонализирована именем «Нарантуяа», B — базовая ручка без этого варианта надписи."
Канцелярские товары,uncertain_positive,0.7777777777777778,1,395137033636,85899371695,1,H,,"Ручная сверка title+JSON: совпадает конкретный товар и ключевой вариант — «тушь жидкая гамма, разноцветная 70мл» ↔ «чернила гамма радуга, ярко-синие, 70мл»."
Канцелярские товары,uncertain_positive,0.7777777777777778,1,635655289030,188978689610,0,H,QUANTITY_BUNDLE,"A — рюкзак Grizzly с брелоком, B — только ранец RAZ-486-4/2; комплектность различается."
Канцелярские товары,uncertain_positive,0.7777777777777778,1,781684133135,60129681543,0,H,GENERIC_OVERMATCH,"Подставки для книг разных брендов Devente и Brauberg, стран и конструкций; общей модели нет."
Канцелярские товары,uncertain_positive,0.8888888888888888,1,29832,60129597004,0,H,MODEL_VARIANT,У наборов 204 маркера различаются наконечники: скошенный/пылевидный против кисти.
Канцелярские товары,uncertain_positive,0.8888888888888888,1,25769897884,747324465878,0,M,GENERIC_OVERMATCH,Hong Lou «Русская классика» 120×260×105 против безымянного B358/I581; общий SKU не найден.
Канцелярские товары,uncertain_positive,0.8888888888888888,1,292057890612,592705626801,1,H,,"Ручная сверка title+JSON: совпадает конкретный товар и ключевой вариант — «attache selection / тетрадь» ↔ «бизнес-тетрадь attache а5, 96 листов, клетка, гребень, selection fluid,…»."
Канцелярские товары,uncertain_positive,0.8888888888888888,1,352187371270,850403594809,0,M,GENERIC_OVERMATCH,A точно задает KW-Trio 0556B-WHT; B — лишь белый степлер KW-Trio без модели.
Канцелярские товары,uncertain_positive,0.8888888888888888,1,489626305907,231928295387,0,H,MODEL_VARIANT,У Brauberg разные артикулы кнопок: 221550 против 220557.
Канцелярские товары,uncertain_positive,0.8888888888888888,1,489626424229,420906921072,1,M,,Ручная сверка title+JSON: совпадает конкретный товар и ключевой вариант — «calligrata краска акриловая» ↔ «calligrata / желтая акриловая матовая краска для рисования 75мл».
Канцелярские товары,uncertain_positive,0.8888888888888888,1,532575965205,111669195251,1,M,,"Ручная сверка title+JSON: совпадает конкретный товар и ключевой вариант — «лоток для бумаг» ↔ «лоток для бумаг и документов, 4 секции / горизонтальный лоток для хране…»."
Канцелярские товары,uncertain_positive,0.8888888888888888,1,584115663277,618475329985,1,H,,"Ручная сверка title+JSON: совпадает конкретный товар и ключевой вариант — «подставка-органайзер brauberg ""germanium"", металлическая, круглое основ…» ↔ «подставка-органайзер ""germanium"", металлическая, круглое основание,100х…»."
Канцелярские товары,uncertain_positive,0.8888888888888888,1,592705505391,300647743667,0,H,GENERIC_OVERMATCH,"Безымянная кисть №36 против Komus №36: форма совпадает, но нет общего бренда/артикула."
Канцелярские товары,uncertain_positive,0.8888888888888888,1,670014967769,163208779172,1,H,,"Ручная сверка title+JSON: совпадает конкретный товар и ключевой вариант — «bigbar кисти художественные / набор кистей, нейлон, круглые, 6 шт.: №2,…» ↔ «набор кистей для рисования 6 шт calligrata, нейлон»."
Канцелярские товары,uncertain_positive,0.8888888888888888,1,721554583723,463856486465,1,H,,Ручная сверка title+JSON: совпадает конкретный товар и ключевой вариант — «обложки пп для тетради и дневника комплект 20 шт. 210х350 мм» ↔ «пифагор / обложки для тетрадей и дневника 20шт».
Канцелярские товары,uncertain_positive,0.8888888888888888,1,738734486912,240518180801,1,H,,"Ручная сверка title+JSON: совпадает конкретный товар и ключевой вариант — «ручка подарочная шариковая basel, пишущий узел 0,7 мм» ↔ «ручка подарочная шариковая galant ""basel"", корпус серебристый с черным,…»."
Канцелярские товары,uncertain_positive,0.8888888888888888,1,747324430800,335007472114,0,H,QUANTITY_BUNDLE,A — 12 блоков по 90 листов; B — один блок/поле комплектации «21 штука».
Канцелярские товары,uncertain_positive,0.8888888888888888,1,773094201956,652835153413,1,H,,"Ручная сверка title+JSON: совпадает конкретный товар и ключевой вариант — «подставка для книг ""будь лучшим""» ↔ «подставка для книг будь лучшим , 15,2 х 18 см»."
Канцелярские товары,uncertain_positive,0.8888888888888888,1,790273998993,197568613605,0,H,MODEL_VARIANT,"B — персонализированный футляр с именем «Ракиба», A — базовая карточка без этой надписи."
Канцелярские товары,uncertain_positive,0.8888888888888888,1,798864066534,687194812400,1,H,,"Ручная сверка title+JSON: совпадает конкретный товар и ключевой вариант — «пенал мягкий 2 отделения, 100 х 220 х 70 мм, объёмный, с ручкой,calligr…» ↔ «calligrata / канцтовары- пенал мягкий 2 отделения, 100 х 220 х 70 мм, о…»."
Канцелярские товары,uncertain_positive,0.8888888888888888,1,807453975166,274878034205,0,M,GENERIC_OVERMATCH,A задает черную модель H912/A689/I610 на 3 ячейки; B — безымянная подставка на 3 отделения.
Красота и гигиена,exact_negative,0.0,0,34359739285,34359850869,0,H,,"Ручная сверка title+JSON: один SKU не подтвержден (разный вариант либо нет уникального якоря) — «ola / прокладки ежедневные silksense daily ромашка 60шт» ↔ «ola! прокладки ежедневные daily deo бархатная роза, 60 шт»."
Красота и гигиена,exact_negative,0.0,0,111669176885,429496871005,0,H,,Ручная сверка title+JSON: один SKU не подтвержден (разный вариант либо нет уникального якоря) — «farmavita краска-крем для волос life color plus 10.0 платиновый блондин» ↔ «/ крем-краска для волос life color plus 10.5».
Красота и гигиена,exact_negative,0.0,0,188978613418,506806153844,0,H,,Ручная сверка title+JSON: один SKU не подтвержден (разный вариант либо нет уникального якоря) — «парфюмерная вода donna 100 мл» ↔ «trussardi / трусарди donna духи 100мл».
Красота и гигиена,exact_negative,0.0,0,223338401587,300647857286,0,H,,Ручная сверка title+JSON: один SKU не подтвержден (разный вариант либо нет уникального якоря) — «rhode / блеск для губ rhode бальзам увлажняющий» ↔ «губная помада rhode супермодель тост лента губа блэм».
Красота и гигиена,exact_negative,0.0,0,292057833365,601295466100,0,H,,"Ручная сверка title+JSON: один SKU не подтвержден (разный вариант либо нет уникального якоря) — «matrix краска для волос, 90 мл» ↔ «matrix / краска для волос socolor beauty 9g очень светлый блондин золот…»."
Красота и гигиена,exact_negative,0.0,0,292057853656,309237668387,0,H,,"Ручная сверка title+JSON: один SKU не подтвержден (разный вариант либо нет уникального якоря) — «selfielab / шампунь для волос, мицеллярный, my golova, для жирных волос,» ↔ «шампунь для блеска и силы волос selfielab my golova объем 400 мл»."
Красота и гигиена,exact_negative,0.0,0,309237776678,111669244808,0,H,,Ручная сверка title+JSON: один SKU не подтвержден (разный вариант либо нет уникального якоря) — «шампунь для волос» ↔ «no name / шампунь против выпадения волос уход мужской женский шелк».
Красота и гигиена,exact_negative,0.0,0,335007596743,463856485299,0,H,,Ручная сверка title+JSON: один SKU не подтвержден (разный вариант либо нет уникального якоря) — «шоколадно-коричневый короткий прямой парик из натуральных волос haircube» ↔ «женские парики коричневые короткие вьющиеся натуральные волосы».
Красота и гигиена,exact_negative,0.0,0,352187367302,438086726263,0,H,,Ручная сверка title+JSON: один SKU не подтвержден (разный вариант либо нет уникального якоря) — «парфюм новинка / fariis dolores – фарис долорес» ↔ «dorin dorina духи для женщин 100 ml».
Красота и гигиена,exact_negative,0.0,0,352187393994,523986160969,0,H,,Ручная сверка title+JSON: один SKU не подтвержден (разный вариант либо нет уникального якоря) — «крем солнцезащитный для лица спф 50+» ↔ «la roche-posay anthelios uvmune 400 spf 50+ невидимый солнцезащитный кр…».
Красота и гигиена,exact_negative,0.0,0,377957212895,154618834250,0,H,,"Ручная сверка title+JSON: один SKU не подтвержден (разный вариант либо нет уникального якоря) — «blugree шампунь с биотином и кератином» ↔ «blugree шампунь для волос, 350 мл»."
Красота и гигиена,exact_negative,0.0,0,377957224877,781684101441,0,H,,Ручная сверка title+JSON: один SKU не подтвержден (разный вариант либо нет уникального якоря) — «fito косметик / краска для бровей и ресниц графит стойкая» ↔ «fito косметик краска для бровей и ресниц кокетка черный 5 г».
Красота и гигиена,exact_negative,0.0,0,438086727353,807453967422,1,M,BAD_SOURCE_FIELDS,"В title совпадает Hugo Boss Bottled Unlimited EDT 100 мл; объем 8,95 у A противоречит его же title и похож на сбой поля."
Красота и гигиена,exact_negative,0.0,0,455266679828,197568620107,0,H,,"Ручная сверка title+JSON: один SKU не подтвержден (разный вариант либо нет уникального якоря) — «туалетная вода mivis, eau fraiche 100мл» ↔ «as aroma / versace man eau fraiche/100мл»."
Красота и гигиена,exact_negative,0.0,0,498216332660,523986030220,0,H,,"Ручная сверка title+JSON: один SKU не подтвержден (разный вариант либо нет уникального якоря) — «ресницы чёрные rili отд. длины 16 лент рили 16 линий изгиб d 0,07 10мм» ↔ «rili ресницы чёрные, отд. длины, 16 лент, c+ 0,10 10мм»."
Красота и гигиена,exact_negative,0.0,0,515396209787,695784748699,0,L,,Ручная сверка title+JSON: один SKU не подтвержден (разный вариант либо нет уникального якоря) — «набор кистей для макияжа» ↔ «набор кистей для макияжа».
Красота и гигиена,exact_negative,0.0,0,523986145844,162941,0,H,,"Ручная сверка title+JSON: один SKU не подтвержден (разный вариант либо нет уникального якоря) — «дорожный флакон greenea» ↔ «флакон черный 250 мл с дозатором, 4 шт.»."
Красота и гигиена,exact_negative,0.0,0,532576104871,154618952988,0,H,,"Ручная сверка title+JSON: один SKU не подтвержден (разный вариант либо нет уникального якоря) — «парфюмерная вода для мужчин, 100мл» ↔ «armaf туалетная вода 115659141 100 мл»."
Красота и гигиена,exact_negative,0.0,0,584115678647,429496856396,0,H,,Ручная сверка title+JSON: один SKU не подтвержден (разный вариант либо нет уникального якоря) — «marsique fragrance / mr burberry eau de parfum отливант» ↔ «burberry туалетная вода mr. 50 мл».
Красота и гигиена,exact_negative,0.0,0,618475303656,34359820597,0,H,,Ручная сверка title+JSON: один SKU не подтвержден (разный вариант либо нет уникального якоря) — «аромания / orientica amber пробник мини духи стойкие 3мл» ↔ «accord oud парфюмерная вода унисекс распив 3мл».
Красота и гигиена,exact_negative,0.0,0,635655194800,257698172918,0,H,,"Ручная сверка title+JSON: один SKU не подтвержден (разный вариант либо нет уникального якоря) — «ай / отбеливающий крем для интимных зон, подмышек» ↔ «отбеливающий крем для интимных зон»."
Красота и гигиена,exact_negative,0.0,0,661425095158,128849047901,0,H,,"Ручная сверка title+JSON: один SKU не подтвержден (разный вариант либо нет уникального якоря) — «rasasi, rumz al rasasi 9459 pour lui, 50 мл., парфюмерная вода мужская …» ↔ «оригинальный духи / rumz al rasasi 9325 pour lui, 50 мл»."
Красота и гигиена,exact_negative,0.0,0,833223787175,584115639385,0,H,,"Ручная сверка title+JSON: один SKU не подтвержден (разный вариант либо нет уникального якоря) — «еххе дезодорант-антиперспирант vibe men активная защита, спрей, 150 мл» ↔ «exxe / дезодорант men power»."
Красота и гигиена,exact_negative,0.0,0,841813707256,489626384099,0,M,,Ручная сверка title+JSON: один SKU не подтвержден (разный вариант либо нет уникального якоря) — «крем для ухода за кожей» ↔ «увлажняющий крем для лица корейская косметика».
Красота и гигиена,exact_negative,0.0,0,850403674151,197568514300,0,H,,Ручная сверка title+JSON: один SKU не подтвержден (разный вариант либо нет уникального якоря) — «matrix / шампунь для защиты цвета окрашенных волос color obsessed 1000 …» ↔ «matrix professional / brass off - синий оттеночный шампунь для блонд 10…».
Красота и гигиена,exact_positive,1.0,1,655,111669164582,1,H,,"Ручная сверка title+JSON: совпадает конкретный товар и ключевой вариант — «vichy / invisible шариковый дезодорант-антиперспирант 72ч, 50мл» ↔ «vichy дезодорант 50 мл»."
Красота и гигиена,exact_positive,1.0,1,17179885006,317827679638,1,H,,"Ручная сверка title+JSON: совпадает конкретный товар и ключевой вариант — «vt cosmetics бустер-сыворотка с микроиглами и витамином c vita-light re…» ↔ «vt cosmetics / витаминная сыворотка с микроиглами 100, 10 шт»."
Красота и гигиена,exact_positive,1.0,1,51539620524,644245174367,1,H,,"Ручная сверка title+JSON: совпадает конкретный товар и ключевой вариант — «водостойкий, долговечный и натуральный финиш для усов, карандаш для зап…» ↔ «eelhoe водонепр карандаш щетка для бороды черный»."
Красота и гигиена,exact_positive,1.0,1,51539714309,25769965413,1,H,,"Ручная сверка title+JSON: совпадает конкретный товар и ключевой вариант — «парфюмерная вода orlov paris red shield, объем 75 мл, аромат унисекс» ↔ «orlov paris red shield парфюмерная вода 75 мл.»."
Красота и гигиена,exact_positive,1.0,1,85899353281,429496766359,0,H,GENERIC_OVERMATCH,"A — Cmayome, 240 ресниц 10–100D; B — безымянные ресницы лишь с длиной 10 мм."
Красота и гигиена,exact_positive,1.0,1,120259201867,755914355471,0,H,GENERIC_OVERMATCH,"A — безымянная антивозрастная сыворотка 30,021 мл, B — «термальная Vichy» 30 мл; общего продукта нет."
Красота и гигиена,exact_positive,1.0,1,146028928621,841813700721,1,H,,"Ручная сверка title+JSON: совпадает конкретный товар и ключевой вариант — «белита мезокрем для век активный уход 60+, 20 мл/» ↔ «bielita / мезо-крем для век 60+ активный уход для зрелой кожи 20 мл»."
Красота и гигиена,exact_positive,1.0,1,171798744956,146029010198,1,H,,"Ручная сверка title+JSON: совпадает конкретный товар и ключевой вариант — «l'oreal paris / краска для волос тон 780 ореховый мокко, 180 мл» ↔ «l'oreal paris краска для волос, 180 мл»."
Красота и гигиена,exact_positive,1.0,1,188978633698,206158581755,1,H,,"Ручная сверка title+JSON: совпадает конкретный товар и ключевой вариант — «крем для ног увлажняющий с прополисом siberian herbs» ↔ «крем для ног увлажняющий с прополисом siberian herbs, сибирское здоровь…»."
Красота и гигиена,exact_positive,1.0,1,274877917400,300647832079,0,H,GENERIC_OVERMATCH,"A — безымянная туалетная вода 100,36 мл, B — Dior Blooming Bouquet 100 мл; аромат A не установлен."
Красота и гигиена,exact_positive,1.0,1,386547140770,506806175856,1,H,,Ручная сверка title+JSON: совпадает конкретный товар и ключевой вариант — «набор 500 мл воскоплав для гранул с сенсорным управлением и дисплеем» ↔ «набор 500 мл воскоплав для гранул с сенсорным управлением и дисплеем».
Красота и гигиена,exact_positive,1.0,1,420906915958,249108113132,0,H,GENERIC_OVERMATCH,"A — Boss Bottled Sport 100 мл, B — произвольный Hugo Boss 100 мл без точного аромата/концентрации."
Красота и гигиена,exact_positive,1.0,1,446676712268,738734526999,1,H,,"Ручная сверка title+JSON: совпадает конкретный товар и ключевой вариант — «невская косметика / крем для лица коллаген, 40 мл» ↔ «крем для лица невская косметика коллаген 40 мл»."
Красота и гигиена,exact_positive,1.0,1,463856588037,463856507019,1,H,,Ручная сверка title+JSON: совпадает конкретный товар и ключевой вариант — «духи инвиктус / paco rabanne invictus 100 мл - пако рабан инвиктус» ↔ «туалетная вода invictus eau de toilette 100 мл».
Красота и гигиена,exact_positive,1.0,1,532576085813,781684144922,1,H,,Ручная сверка title+JSON: совпадает конкретный товар и ключевой вариант — «женские духи / chanel coco mademoiselle intense.мадмуазель интэнс шанель» ↔ «вода парфюмерная coco mademoiselle intense 50 мл 100 мл».
Красота и гигиена,exact_positive,1.0,1,541165960458,103079283384,0,H,GENERIC_OVERMATCH,"A — пробиотический рисовый SPF50 50 мл, B — флюид против пигментации; совпадают лишь SPF и объем."
Красота и гигиена,exact_positive,1.0,1,635655270037,111669278053,1,H,,Ручная сверка title+JSON: совпадает конкретный товар и ключевой вариант — «tom ford вода парфюмерная fleur de portofino 50 мл» ↔ «парфюмерная вода . tom ford fleur de portofino».
Красота и гигиена,exact_positive,1.0,1,635655270107,764504235037,1,H,,Ручная сверка title+JSON: совпадает конкретный товар и ключевой вариант — «kotex / прокладки kotex котекс ежедневные нормал №56» ↔ «ежедневные прокладки kotex normal 56 шт».
Красота и гигиена,exact_positive,1.0,1,644245199244,627065300438,1,H,,"Ручная сверка title+JSON: совпадает конкретный товар и ключевой вариант — «магнит для ногтей гель-лака, маникюра ""кошачий глаз"" лапка» ↔ «odiva / магнит для гель-лака ногтей маникюра кошачий глаз лапка»."
Красота и гигиена,exact_positive,1.0,1,644245244820,549755885376,1,H,,"Ручная сверка title+JSON: совпадает конкретный товар и ключевой вариант — «deonica / дезодрант для тела, невидимый, ролик, 50мл» ↔ «антиперспирант ролик deonica, невидимый 50 мл»."
Красота и гигиена,exact_positive,1.0,1,695784789462,773094163893,0,M,GENERIC_OVERMATCH,"A — Fa «Прозрачная защита» 48 ч, B — любой роликовый Fa 50 мл без названия аромата/линии."
Красота и гигиена,exact_positive,1.0,1,764504186767,274877984255,1,H,,Ручная сверка title+JSON: совпадает конкретный товар и ключевой вариант — «invictus victory парфюмерная вода 100 мл» ↔ «мантра / invictus victory paco rabanne 100мл».
Красота и гигиена,exact_positive,1.0,1,773094225499,747324338941,0,M,GENERIC_OVERMATCH,"A — Burberry Touch 50 мл, B — Burberry 50 мл с кодом, но без подтверждения аромата Touch."
Красота и гигиена,exact_positive,1.0,1,833223731280,51539662329,1,H,,Ручная сверка title+JSON: совпадает конкретный товар и ключевой вариант — «versace eros femme blue версачи эрос фем блю парфюмерная вода 100 мл» ↔ «духи парфюм женский / парфюмерная вода versace eros pour femme blue 100…».
Красота и гигиена,exact_positive,1.0,1,833223814274,420906896004,1,H,,"Ручная сверка title+JSON: совпадает конкретный товар и ключевой вариант — «крем-гель для душа mariee la cosmetique с ароматом шоколада, 460 мл, ув…» ↔ «mariee la cosmetique / крем-гель для душа с ароматом шоколада, 460 мл, …»."
Красота и гигиена,uncertain_negative,0.2222222222222222,0,42949678789,816043868720,0,H,,"Ручная сверка title+JSON: один SKU не подтвержден (разный вариант либо нет уникального якоря) — «одноразовые женские бритвы gillette blue 2, 5 шт» ↔ «gillette одноразовая женская бритва blueii, 10 шт»."
Красота и гигиена,uncertain_negative,0.2222222222222222,0,120259243533,481036488346,0,H,,"Ручная сверка title+JSON: один SKU не подтвержден (разный вариант либо нет уникального якоря) — «микротоковый массажер для лица и тела refa carat ray, роликовый массаже…» ↔ «refa / микротоковый массажер motion carat, япония, оригинал»."
Красота и гигиена,uncertain_negative,0.2222222222222222,0,300647815891,377957151196,0,H,,Ручная сверка title+JSON: один SKU не подтвержден (разный вариант либо нет уникального якоря) — «barbara / ресницы коричневые quartz mix l 0.10 7-15mm» ↔ «ресницы коричневые барбара карамель микс l 0.07 7-15 мм/ресницы для нар…».
Красота и гигиена,uncertain_negative,0.2222222222222222,0,506806289570,721554616463,0,M,,Ручная сверка title+JSON: один SKU не подтвержден (разный вариант либо нет уникального якоря) — «устойчивый тональный крем 16 часов spf 15 lumene blur» ↔ «lumene / устойчивый тональный крем blur spf 15 / 3 fresh apricot».
Красота и гигиена,uncertain_negative,0.2222222222222222,0,541165947638,412316959694,0,H,,"Ручная сверка title+JSON: один SKU не подтвержден (разный вариант либо нет уникального якоря) — «lovely / ресницы чёрные silicone 6 линий / d / 0.07 / 5-7» ↔ «lovely silicone ресницы чёрные, отд. длины, 20 лент, d, 0,07, 06мм»."
Красота и гигиена,uncertain_negative,0.2222222222222222,0,618475412747,25769805114,0,H,,Ручная сверка title+JSON: один SKU не подтвержден (разный вариант либо нет уникального якоря) — «village 11 factory / вилладж 11 фактори will invigorate крем для рук 50…» ↔ «village 11 factory / вилладж 11 фактори will comfort hand cream крем дл…».
Красота и гигиена,uncertain_negative,0.2222222222222222,0,652835111877,704374747118,0,L,,Ручная сверка title+JSON: один SKU не подтвержден (разный вариант либо нет уникального якоря) — «миостимулятор» ↔ «миостимулятор».
Красота и гигиена,uncertain_negative,0.2222222222222222,0,841813680757,309237732418,0,H,,Ручная сверка title+JSON: один SKU не подтвержден (разный вариант либо нет уникального якоря) — «свежие ноты / versace crystal noir 90 мл» ↔ «versace вода парфюмерная crystal noir eau de parfum 50 мл».
Красота и гигиена,uncertain_negative,0.3333333333333333,0,120259200778,455266606527,1,M,MISSED_MATCH,"Аурасо: совпадают пудра, редкий полный состав и упаковка; 30 мл соответствует карточке 20 г."
Красота и гигиена,uncertain_negative,0.3333333333333333,0,163208797566,816043804893,0,M,,"Ручная сверка title+JSON: один SKU не подтвержден (разный вариант либо нет уникального якоря) — «солнцезащитный спрей, для лица и тела, spf 50c» ↔ «goldenmine / солнцезащитный спрей для лица и тела от загара spf 50+»."
Красота и гигиена,uncertain_negative,0.3333333333333333,0,257698103598,266288030138,1,H,MISSED_MATCH,"Masil/Allmasil 5 Salon No Yellow: один шампунь против желтизны для осветленных волос, 300 мл."
Красота и гигиена,uncertain_negative,0.3333333333333333,0,309237724323,704374636898,0,H,,"Ручная сверка title+JSON: один SKU не подтвержден (разный вариант либо нет уникального якоря) — «сималенд / накладные ногти с клеевыми пластинами» ↔ «накладные ногти lines , 24 шт, с клеевыми пластинами, форма мягкий квад…»."
Красота и гигиена,uncertain_negative,0.3333333333333333,0,352187420424,730144523436,1,M,MISSED_MATCH,Совпадают черный хвост на резинке около 80–85 см из термоволокна; B содержит вариант 80cm-4.
Красота и гигиена,uncertain_negative,0.3333333333333333,0,463856486283,326417670159,0,H,,"Ручная сверка title+JSON: один SKU не подтвержден (разный вариант либо нет уникального якоря) — «supmacio 3d/4d/5d w-образные накладные ресницы» ↔ «supmacio ресницы накладные пучки 4д микс 0,10 изгиб c 8-15мм ресницы дл…»."
Красота и гигиена,uncertain_negative,0.3333333333333333,0,463856524369,481036408740,1,M,MISSED_MATCH,Givenchy Gentleman 100 мл подтверждается точными нотами груша/лаванда/ирис/кожа и типом EDT.
Красота и гигиена,uncertain_negative,0.3333333333333333,0,489626318143,326417603238,0,M,,"Ручная сверка title+JSON: один SKU не подтвержден (разный вариант либо нет уникального якоря) — «без бренда спрей от геморроя – натуральный состав – быстро снимает боль…» ↔ «спрей от геморроя 30 мл для облегчения зуда и уменьшения отека, комфорт…»."
Красота и гигиена,uncertain_negative,0.3333333333333333,0,601295547985,94489303863,0,H,,Ручная сверка title+JSON: один SKU не подтвержден (разный вариант либо нет уникального якоря) — «sadoer official / пудра минеральная бесцветная» ↔ «минеральная пудра для лица no sebum mineral loose powder rorec фиксирую…».
Красота и гигиена,uncertain_negative,0.3333333333333333,0,618475385031,747324369352,0,H,,Ручная сверка title+JSON: один SKU не подтвержден (разный вариант либо нет уникального якоря) — «7days banana&amp;shea крем для тела 300 мл» ↔ «крем для тела увлажняющий banana&shea 250 мл».
Красота и гигиена,uncertain_negative,0.3333333333333333,0,635655252972,506806163935,0,M,,"Ручная сверка title+JSON: один SKU не подтвержден (разный вариант либо нет уникального якоря) — «маска для лица, лифтинг-бандаж, тканевая маска с лифтинг-эффектом, прот…» ↔ «без бренда коррекция лица бандаж на голову размер универсальный розовый»."
Красота и гигиена,uncertain_negative,0.4444444444444444,0,111669246987,420906832178,1,H,MISSED_MATCH,Точно совпадает Q+A Glycolic Acid Daily Toner 100 мл; разница страны — шум карточки.
Красота и гигиена,uncertain_negative,0.4444444444444444,0,223338331620,816043860199,1,H,MISSED_MATCH,Точно совпадает Kenzo L’Eau par Kenzo Pour Femme EDT 100 мл и профиль нот.
Красота и гигиена,uncertain_negative,0.4444444444444444,0,231928332043,335007587972,0,M,,"Ручная сверка title+JSON: один SKU не подтвержден (разный вариант либо нет уникального якоря) — «fly falcon парфюмерная вода pure touch fly falcon, dubai, 60 мл» ↔ «fly falcon вода парфюмерная pure touch limited 60 мл»."
Красота и гигиена,uncertain_negative,0.4444444444444444,0,231928382371,463856491319,1,H,MISSED_MATCH,Точно совпадает Belor Design Yummy Oasis Mint; одинаковы аромат и практически весь состав.
Красота и гигиена,uncertain_negative,0.4444444444444444,0,566935798961,377957165092,0,M,,Ручная сверка title+JSON: один SKU не подтвержден (разный вариант либо нет уникального якоря) — «духи sauvage-b67471ca3629 100 мл» ↔ «парфюм мужской / духи dior sauvage».
Красота и гигиена,uncertain_negative,0.4444444444444444,0,627065305965,386547093307,1,H,MISSED_MATCH,Обе карточки — Gucci Flora Eau de Parfum 75 мл; бренд дополнительно раскрыт в составе A.
Красота и гигиена,uncertain_positive,0.5555555555555556,1,42949802280,352187423124,0,H,GENERIC_OVERMATCH,"A — линия Garnier Color Sensation без оттенка, B — любая краска Garnier без линии/тона."
Красота и гигиена,uncertain_positive,0.5555555555555556,1,111669279115,25769943094,0,H,GENERIC_OVERMATCH,"A — Nishane Hacivat 50 мл, B — любой аромат Nishane 50 мл без названия Hacivat."
Красота и гигиена,uncertain_positive,0.5555555555555556,1,188978631874,609885421603,1,H,,Ручная сверка title+JSON: совпадает конкретный товар и ключевой вариант — «dеsignеr sнаiк / designer shaik opulent no.77 for men» ↔ «духи туалетная вода вода парфюмерная opulent shaik for men sapphire №77…».
Красота и гигиена,uncertain_positive,0.5555555555555556,1,463856590881,438086762393,1,H,,"Ручная сверка title+JSON: совпадает конкретный товар и ключевой вариант — «luxury / том форд bitter peach 50мл» ↔ «парфюмерная вода / tom ford, bitter peach / 50мл»."
Красота и гигиена,uncertain_positive,0.5555555555555556,1,721554650039,266288031014,0,M,QUANTITY_BUNDLE,"A — набор «Маленькая принцесса» из 7 предметов с ногтями, B — вариант с наклейками без того же состава."
Красота и гигиена,uncertain_positive,0.5555555555555556,1,755914248425,635655223767,0,H,MODEL_VARIANT,Bobbi Brown: оттенок Sand T053 у A против Beige у B; для тональной основы оттенок критичен.
Красота и гигиена,uncertain_positive,0.6666666666666666,1,68719576960,85899406717,1,M,,Ручная сверка title+JSON: совпадает конкретный товар и ключевой вариант — «dr.cellio солнцезащитный крем с коллагеном collagen whitening suncream …» ↔ «cellio / солнцезащитный крем».
Красота и гигиена,uncertain_positive,0.7777777777777778,1,103079360554,670014959090,0,M,GENERIC_OVERMATCH,"Оба товара — розовые силиконовые носочки, но бренда/модели и уникальной конструкции нет."
Красота и гигиена,uncertain_positive,0.7777777777777778,1,266288029480,455266677081,1,H,,Ручная сверка title+JSON: совпадает конкретный товар и ключевой вариант — «набор базальтовых камней с подогревом для массажа» ↔ «набор из 16 базальтовых камней с подогревом стоунтерапия».
Красота и гигиена,uncertain_positive,0.7777777777777778,1,335007535697,231928352324,1,H,,Ручная сверка title+JSON: совпадает конкретный товар и ключевой вариант — «relouis elixir intense тушь для ресниц 9 г. черная» ↔ «relouis / релуи тушь для ресниц elixir intense».
Красота и гигиена,uncertain_positive,0.7777777777777778,1,489626311486,60129689977,1,H,,Ручная сверка title+JSON: совпадает конкретный товар и ключевой вариант — «стойкие ароматы / духи версаче эрос флейм пряные древесные» ↔ «парфюмерная вода версаче eros flame edp (парфюм)- 100 мл».
Красота и гигиена,uncertain_positive,0.7777777777777778,1,695784804929,695784702675,0,H,MODEL_VARIANT,"A — YSL Black Opium Le Parfum 90 мл, B — Black Opium без подтверждения версии Le Parfum."
Красота и гигиена,uncertain_positive,0.8888888888888888,1,25769852423,249108137985,1,H,,"Ручная сверка title+JSON: совпадает конкретный товар и ключевой вариант — «мультифункциональная палетка для лиц divage monday to friday, 12 г» ↔ «мультифункциональная палетка для лиц divage monday to friday»."
Красота и гигиена,uncertain_positive,0.8888888888888888,1,120259218125,541166025438,1,H,,Ручная сверка title+JSON: совпадает конкретный товар и ключевой вариант — «tom ford вода парфюмерная costa azzurra (том форд коста аззура) 100 мл» ↔ «t o m f o r d / tom ford costa azzurra 100 мл том форд».
Красота и гигиена,uncertain_positive,0.8888888888888888,1,171798715228,764504222740,0,M,MODEL_VARIANT,"A точно EDT Versace Eros 100 мл, B не подтверждает концентрацию; у аромата есть несколько версий."
Красота и гигиена,uncertain_positive,0.8888888888888888,1,180388629173,833223710624,1,H,,Ручная сверка title+JSON: совпадает конкретный товар и ключевой вариант — «средство для умывания» ↔ «la roche posay effaclar / гель для умывания лица очищающий effaclar 400…».
Красота и гигиена,uncertain_positive,0.8888888888888888,1,180388686663,816043848972,1,H,,"Ручная сверка title+JSON: совпадает конкретный товар и ключевой вариант — «палетка теней flower knows swan ballet, кремовые, черный лебедь» ↔ «тени для век»."
Красота и гигиена,uncertain_positive,0.8888888888888888,1,231928364399,515396091354,1,H,,Ручная сверка title+JSON: совпадает конкретный товар и ключевой вариант — «oriflame / матирующий bb-крем c spf 10 oncolour» ↔ «матирующий bb-крем c spf 10 oncolour».
Красота и гигиена,uncertain_positive,0.8888888888888888,1,377957215580,42949718598,0,H,GENERIC_OVERMATCH,"A — набор Christian на 8 предметов, B — безымянный Style на 8; общего дизайна/артикула нет."
Красота и гигиена,uncertain_positive,0.8888888888888888,1,438086756649,833223767995,1,H,,"Ручная сверка title+JSON: совпадает конкретный товар и ключевой вариант — «skinlite отшелушивающая маска-носки для ног, размер 35-40, 2шт» ↔ «skinlite / набор носочки для педикюра отшелушивающие 2шт»."
Красота и гигиена,uncertain_positive,0.8888888888888888,1,455266686210,506806281724,0,M,MODEL_VARIANT,"A — My Way без версии, B — Giorgio Armani My Way Parfum 90 мл; концентрация/версия не подтверждена."
Красота и гигиена,uncertain_positive,0.8888888888888888,1,541165938378,541165887960,1,H,,Ручная сверка title+JSON: совпадает конкретный товар и ключевой вариант — «siberian wellness крем для лица увлажняющий косметика с комплексом экст…» ↔ «крем для лица увлажняющий косметика с комплексом экстрактов сибирских э…».
Красота и гигиена,uncertain_positive,0.8888888888888888,1,549755844669,68719589123,1,H,,"Ручная сверка title+JSON: совпадает конкретный товар и ключевой вариант — «aquafresh / детская зубная паста мои большие зубки, от 6 лет, 50 мл» ↔ «зубная паста aquafresh мои большие зубки 6-8 лет, 50 мл»."
Красота и гигиена,uncertain_positive,0.8888888888888888,1,575525632084,34359854839,1,H,,"Ручная сверка title+JSON: совпадает конкретный товар и ключевой вариант — «шампунь schauma ultra сила мужской на каждый день с хмелем 360 мл» ↔ «шампунь шаума men ultra сила для ежедневного применения, 360мл»."
Красота и гигиена,uncertain_positive,0.8888888888888888,1,618475325269,292057851858,1,H,,"Ручная сверка title+JSON: совпадает конкретный товар и ключевой вариант — «горчичный гель для растираний сибирские бальзамы, 50мл» ↔ «здоровье из сибири / горчичный гель для растираний»."
Мебель,exact_negative,0.0,0,68719479008,635655273380,0,H,,Ручная сверка title+JSON: один SKU не подтвержден (разный вариант либо нет уникального якоря) — «swiss krono деталь для мебели лдсп щит полка 16 мм 310/780 с кромкой бе…» ↔ «деталь из лдсп полка 16 мм 380/1150 с кромкой бетон белый 1шт (без креп…».
Мебель,exact_negative,0.0,0,94489397238,472446449822,0,H,,Ручная сверка title+JSON: один SKU не подтвержден (разный вариант либо нет уникального якоря) — «мебель лэнд 24 шкаф-купе мебельлэнд24 борнео - 4.6к дуб золотистый 260x…» ↔ «шкаф-купе борнео - 4.6к дуб золотистый».
Мебель,exact_negative,0.0,0,103079266009,712964610386,0,H,,"Ручная сверка title+JSON: один SKU не подтвержден (разный вариант либо нет уникального якоря) — «solarius односпальная кровать,, 90х200 см» ↔ «solarius / кровать классика, 80х190 см c мягкой обивкой»."
Мебель,exact_negative,0.0,0,137439096256,146028960343,0,H,,Ручная сверка title+JSON: один SKU не подтвержден (разный вариант либо нет уникального якоря) — «swiss krono деталь для мебели лдсп щит полка 16 мм 300/510 с кромкой гр…» ↔ «деталь из лдсп полка 16 мм 490/870 с кромкой графит 1шт (без креплений)».
Мебель,exact_negative,0.0,0,154618890477,111669162047,0,H,,Ручная сверка title+JSON: один SKU не подтвержден (разный вариант либо нет уникального якоря) — «библиотека билли-20 хит венге цаво» ↔ «мебель лэнд 24 библиотека мебельлэнд24 билли хит - 20 венге цаво 90x30x…».
Мебель,exact_negative,0.0,0,206158454584,25769891416,0,H,,Ручная сверка title+JSON: один SKU не подтвержден (разный вариант либо нет уникального якоря) — «swiss krono деталь для мебели лдсп щит полка 16 мм 540/390 с кромкой ду…» ↔ «деталь из лдсп полка 16 мм 380/1740 с кромкой дуб амберг 1шт (без крепл…».
Мебель,exact_negative,0.0,0,274878016059,51539681889,0,H,,Ручная сверка title+JSON: один SKU не подтвержден (разный вариант либо нет уникального якоря) — «мебельная деталь лдсп 16мм 220х600 цвет синий» ↔ «столешница 520х200 16мм цвет синий».
Мебель,exact_negative,0.0,0,283467927545,566935814364,0,H,,Ручная сверка title+JSON: один SKU не подтвержден (разный вариант либо нет уникального якоря) — «столешница 750х190 16мм цвет юта» ↔ «столешница 1380х180 16мм цвет юта».
Мебель,exact_negative,0.0,0,292057917316,790274042109,0,H,,Ручная сверка title+JSON: один SKU не подтвержден (разный вариант либо нет уникального якоря) — «мебель лэнд 24 шкаф распашной мебельлэнд24 лайт-2 с антресолью венге 90…» ↔ «шкаф распашной лайт-2 с антресолью венге».
Мебель,exact_negative,0.0,0,300647831878,292057841245,0,H,,Ручная сверка title+JSON: один SKU не подтвержден (разный вариант либо нет уникального якоря) — «swiss krono мебельный щит лдсп 16 мм 610/410 с кромкой графит» ↔ «полка лдсп графит 16мм 610х440 с кромкой».
Мебель,exact_negative,0.0,0,326417622176,120259199191,0,H,,"Ручная сверка title+JSON: один SKU не подтвержден (разный вариант либо нет уникального якоря) — «solarius / кровать односпальная классика компакт из массива сосны с выс» ↔ «тахта односпальная из массива сосны классика, 100х200 см, реечное основ…»."
Мебель,exact_negative,0.0,0,352187406284,498216321903,0,H,,Ручная сверка title+JSON: один SKU не подтвержден (разный вариант либо нет уникального якоря) — «мебель лэнд 24 книжный шкаф мебельлэнд24 библиограф - 2 №3 клен 90x50x2…» ↔ «книжный шкаф библиограф - 2 №3 клен».
Мебель,exact_negative,0.0,0,395137126734,395137020977,0,H,,Ручная сверка title+JSON: один SKU не подтвержден (разный вариант либо нет уникального якоря) — «egger / полка из лдсп венге 16мм 950х320» ↔ «полка из лдсп венге 16мм 300х210 кромка со всех сторон».
Мебель,exact_negative,0.0,0,429496760038,171798847144,0,H,,Ручная сверка title+JSON: один SKU не подтвержден (разный вариант либо нет уникального якоря) — «egger / полка из лдсп дуб сонома 16мм 1080х380» ↔ «столешница 16мм 1080х580 цвет дуб сонома лдсп».
Мебель,exact_negative,0.0,0,438086690369,223338369137,0,H,,"Ручная сверка title+JSON: один SKU не подтвержден (разный вариант либо нет уникального якоря) — «кухонный гарнитур престиж 3,0 м №2 (белый/браш вайт/прайм жемчуг)» ↔ «фабрика кухни рм кухонный прямой гарнитур арт.19, 3000х600 мм, белый/ве…»."
Мебель,exact_negative,0.0,0,455266559929,223338379350,0,H,,Ручная сверка title+JSON: один SKU не подтвержден (разный вариант либо нет уникального якоря) — «лдсп полка цемент 16мм 280х530 кромка со всех сторон» ↔ «egger / полка из лдсп цемент 16мм 300х780».
Мебель,exact_negative,0.0,0,541165887978,841813602897,0,H,,Ручная сверка title+JSON: один SKU не подтвержден (разный вариант либо нет уникального якоря) — «стулья для кухни/ обеденный стул milavio/агат» ↔ «/ стулья для кухни».
Мебель,exact_negative,0.0,0,566935705445,661425012725,0,H,,Ручная сверка title+JSON: один SKU не подтвержден (разный вариант либо нет уникального якоря) — «столешница 580х160 16мм цвет синий» ↔ «столешница 1600х800 16мм цвет синий».
Мебель,exact_negative,0.0,0,644245222874,146029049261,0,H,,"Ручная сверка title+JSON: один SKU не подтвержден (разный вариант либо нет уникального якоря) — «лдсп полка 36,3 х 52,5 см серая. мебельная полка в шкаф, кухню, стеллаж» ↔ «полка мебельная 563*525 мм цвет серый»."
Мебель,exact_negative,0.0,0,661425062559,816043902801,0,H,,Ручная сверка title+JSON: один SKU не подтвержден (разный вариант либо нет уникального якоря) — «столешница 1780х770 16мм цвет эльзас» ↔ «столешница 1180х610 16мм цвет эльзас».
Мебель,exact_negative,0.0,0,721554565361,472446526380,0,H,,"Ручная сверка title+JSON: один SKU не подтвержден (разный вариант либо нет уникального якоря) — «мебельный фасад выс.890 х шир.530 мм лдсп с кромкой 1мм, цвет-оникс бел…» ↔ «мебельный фасад выс.1320 х шир.300 мм лдсп с кромкой 1мм,цвет-оникс бел…»."
Мебель,exact_negative,0.0,0,747324414398,274877980323,0,H,,"Ручная сверка title+JSON: один SKU не подтвержден (разный вариант либо нет уникального якоря) — «тумба напольная для раковины 80 см. ulitka хюгге, металл, закаленное ст…» ↔ «тумба для раковины на 40 см хюгге, черная»."
Мебель,exact_negative,0.0,0,790274090663,515396119197,0,H,,Ручная сверка title+JSON: один SKU не подтвержден (разный вариант либо нет уникального якоря) — «swiss krono деталь для мебели лдсп щит полка 16 мм 490/430 с кромкой со…» ↔ «деталь для мебели лдсп щит полка 16 мм 540/320 с кромкой сосна ориноко …».
Мебель,exact_negative,0.0,0,790274091533,764504311818,0,H,,Ручная сверка title+JSON: один SKU не подтвержден (разный вариант либо нет уникального якоря) — «столешница 16мм 1120х600 цвет юта лдсп» ↔ «egger / полка из лдсп юта 16мм 1120х610».
Мебель,exact_negative,0.0,0,841813686774,377957238432,0,H,,Ручная сверка title+JSON: один SKU не подтвержден (разный вариант либо нет уникального якоря) — «столешница 780х250 16мм цвет синий» ↔ «столешница 1250х780 16мм цвет синий».
Мебель,exact_positive,1.0,1,17179940839,249108179269,0,H,MODEL_VARIANT,"У кресел-мешков разные коды A714/E280, размеры и цветовой вариант, несмотря на общую форму S."
Мебель,exact_positive,1.0,1,17180034267,738734404500,1,M,,"Ручная сверка title+JSON: совпадает конкретный товар и ключевой вариант — «шкаф-пенал для ванной,, 10х45х72 см, универсальный» ↔ «шкаф в ванную, кухню напольный узкий на колесиках , этажерка для ванной…»."
Мебель,exact_positive,1.0,1,77309462460,292057872483,1,H,,"Ручная сверка title+JSON: совпадает конкретный товар и ключевой вариант — «удобные и стильные обеденные стулья» ↔ «комплект стульев, 1 шт.»."
Мебель,exact_positive,1.0,1,128849028761,695784715492,1,H,,Ручная сверка title+JSON: совпадает конкретный товар и ключевой вариант — «деталь из лдсп полка 16 мм 440/700 с кромкой дуб амберг 1шт (без крепле…» ↔ «мебельная деталь лдсп 16мм 700х440 дуб амерг».
Мебель,exact_positive,1.0,1,180388729756,618475367201,0,H,MODEL_VARIANT,Столешницы цвета «орех донской» имеют разные размеры: 780×800 против 800×700 мм.
Мебель,exact_positive,1.0,1,206158524146,841813620042,0,H,MODEL_VARIANT,Столы Solarius различаются глубиной: 110×75×75 против 110×60×75 см.
Мебель,exact_positive,1.0,1,231928382588,481036394993,1,H,,"Ручная сверка title+JSON: совпадает конкретный товар и ключевой вариант — «solarius / стол компьютерный loft с пятью полками, 140х60х145 см» ↔ «solarius стол-стеллаж нераскладной, 140х60х148 см»."
Мебель,exact_positive,1.0,1,257698132273,644245239731,0,H,GENERIC_OVERMATCH,"«Трехслойный винный шкаф» и «бамбуковый винный шкаф» не имеют общего размера, модели или артикула."
Мебель,exact_positive,1.0,1,274877965408,781684097049,1,H,,"Ручная сверка title+JSON: совпадает конкретный товар и ключевой вариант — «cee этажерка, 4 секц., abs пластик, металл, 38х13х80 см» ↔ «этажерка 4 секции abs пластик металл 38х13х80 см: белый»."
Мебель,exact_positive,1.0,1,274878017357,627065293986,1,H,,"Ручная сверка title+JSON: совпадает конкретный товар и ключевой вариант — «ecos гамак без обивки, 100х200 см» ↔ «ecos / гамак полотняный ecos ham-08 с деревянной планкой»."
Мебель,exact_positive,1.0,1,292057777440,549755890916,1,H,,Ручная сверка title+JSON: совпадает конкретный товар и ключевой вариант — «мебель лэнд 24 шкаф угловой мебельлэнд24 мори - 10 кашемир 132x45x250 б…» ↔ «шкаф угловой мори - 10 кашемир».
Мебель,exact_positive,1.0,1,377957194082,781684058870,1,H,,"Ручная сверка title+JSON: совпадает конкретный товар и ключевой вариант — «solarius стол-стеллаж нераскладной, 100х60х148 см» ↔ «solarius / стол стеллаж loft, 100х60х148 см, с четырьмя полками»."
Мебель,exact_positive,1.0,1,386547149715,807454001701,1,H,,"Ручная сверка title+JSON: совпадает конкретный товар и ключевой вариант — «wild wood / мебельный щит ель цельноламельный 600х1000х18» ↔ «столешница для кухни / для стола, клеевая из массива дерева ель 1000х60…»."
Мебель,exact_positive,1.0,1,386547165975,575525733756,1,H,,Ручная сверка title+JSON: совпадает конкретный товар и ключевой вариант — «столешница 180х780 16мм цвет мрамор черный» ↔ «столешница 180х780 16мм цвет мрамор черный».
Мебель,exact_positive,1.0,1,386547220383,506806230090,1,M,,"Ручная сверка title+JSON: совпадает конкретный товар и ключевой вариант — «кресло-мешок груша, лён, хлопок, размер xxxl,желтый» ↔ «кресло-мешок»."
Мебель,exact_positive,1.0,1,403727033330,755914272807,1,H,,"Ручная сверка title+JSON: совпадает конкретный товар и ключевой вариант — «wood frog вешалка настенная, 30х4х16 см» ↔ «вешалка настенная деревянная. из бука. без покрытия. ширина 30см.»."
Мебель,exact_positive,1.0,1,438086763988,798864038169,0,M,GENERIC_OVERMATCH,"A — безымянный стул по общим материалам/размерам, B — конкретный «Бостон» Velutto 24; модели A нет."
Мебель,exact_positive,1.0,1,489626361989,23280,1,H,,"Ручная сверка title+JSON: совпадает конкретный товар и ключевой вариант — «solarius / кровать односпальная 90x190 темно-коричневая из массива» ↔ «solarius односпальная кровать,, 90х190 см»."
Мебель,exact_positive,1.0,1,541165918090,274878003343,1,H,,"Ручная сверка title+JSON: совпадает конкретный товар и ключевой вариант — «гамак оксфорд, 100х130 см» ↔ «гамак оксфорд, 100х130 см»."
Мебель,exact_positive,1.0,1,644245165657,730144458574,1,H,,Ручная сверка title+JSON: совпадает конкретный товар и ключевой вариант — «пк-леомебель / банкетка в прихожую с ящиком» ↔ «банкетка в прихожую с ящиком для хранения».
Мебель,exact_positive,1.0,1,687194782683,541166007372,1,H,,"Ручная сверка title+JSON: совпадает конкретный товар и ключевой вариант — «пуфик мягкий glasar 40х40х45 см, ткань» ↔ «glasar / пуфик мягкий 40х40х45 см»."
Мебель,exact_positive,1.0,1,712964627300,343597415870,1,H,,Ручная сверка title+JSON: совпадает конкретный товар и ключевой вариант — «solarius / тахта односпальная из массива сосны со сплошным основанием и» ↔ «тахта односпальная классика из массива сосны со сплошным основанием и в…».
Мебель,exact_positive,1.0,1,747324463267,558345872763,0,M,GENERIC_OVERMATCH,Общее лишь серое металлическое педикюрное кресло; у B нет размеров или модели для подтверждения.
Мебель,exact_positive,1.0,1,807453934385,146028988520,0,H,MODEL_VARIANT,Solarius «Мишка»: спальное место 140×200 против 150×200 см — разные размерные варианты.
Мебель,exact_positive,1.0,1,841813716837,635655258028,1,H,,"Ручная сверка title+JSON: совпадает конкретный товар и ключевой вариант — «тумба прикроватная, 42х42х60 см» ↔ «txcesdda тумба прикроватная, 42х42х60 см»."
Мебель,uncertain_negative,0.2222222222222222,0,34359762537,68719564446,0,H,,"Ручная сверка title+JSON: один SKU не подтвержден (разный вариант либо нет уникального якоря) — «кровать афина 160 лига диванов 113942 175x110x211 см микровельвет цвет …» ↔ «кровать интерьерная афина 160, 175x211x110см., микровельвет, хит диванов»."
Мебель,uncertain_negative,0.2222222222222222,0,94489396710,704374672240,0,H,,"Ручная сверка title+JSON: один SKU не подтвержден (разный вариант либо нет уникального якоря) — «solarius стол кухонный loft со столешницей из массива сосны 40 мм без п…» ↔ «solarius стол обеденный, 110х70х75 см»."
Мебель,uncertain_negative,0.2222222222222222,0,163208765519,438086698363,0,H,,"Ручная сверка title+JSON: один SKU не подтвержден (разный вариант либо нет уникального якоря) — «нужна мебель шкаф распашной 4-х дверный нигмат-4, антрацит» ↔ «шкаф распашной 4-х дверный нигмат-4, антрацит»."
Мебель,uncertain_negative,0.2222222222222222,0,300647792213,214748477710,0,H,,"Ручная сверка title+JSON: один SKU не подтвержден (разный вариант либо нет уникального якоря) — «шкаф распашной тренд серый, 4-х дверный, 210х60х240 мебель холдинг» ↔ «мебель лэнд 24 шкаф распашной мебельлэнд24 монтана - 4 стальной серый 2…»."
Мебель,uncertain_negative,0.2222222222222222,0,395137054829,114872,0,H,,Ручная сверка title+JSON: один SKU не подтвержден (разный вариант либо нет уникального якоря) — «деталь для мебели лдсп щит полка 16 мм 330/580 с кромкой орех 1шт (без …» ↔ «swiss krono деталь для мебели лдсп щит полка 16 мм 340/590 с кромкой ор…».
Мебель,uncertain_negative,0.2222222222222222,0,412316934870,781684144759,0,H,,"Ручная сверка title+JSON: один SKU не подтвержден (разный вариант либо нет уникального якоря) — «шкаф распашной лорена мдф с подсветкой - хольц, для офиса, белый, 190х5…» ↔ «крона мебель шкаф распашной лорена мдф с подсветкой - верона, белый, 19…»."
Мебель,uncertain_negative,0.2222222222222222,0,446676698946,120259203547,0,H,,"Ручная сверка title+JSON: один SKU не подтвержден (разный вариант либо нет уникального якоря) — «лига диванов / диван прямой лига-036 модерн лонг подлокотник справа» ↔ «диван прямой лига-036 нпб модерн лонг подлокотник справа, замша, еврокн…»."
Мебель,uncertain_negative,0.2222222222222222,0,652835174852,231928344000,0,H,,Ручная сверка title+JSON: один SKU не подтвержден (разный вариант либо нет уникального якоря) — «деталь из лдсп полка 16 мм 600/410 с кромкой цемент 1шт (без креплений)» ↔ «swiss krono деталь для мебели лдсп щит полка 16 мм 600/380 с кромкой це…».
Мебель,uncertain_negative,0.2222222222222222,0,678604981097,661424975294,0,H,,"Ручная сверка title+JSON: один SKU не подтвержден (разный вариант либо нет уникального якоря) — «столешница для компьютерного стола, 1100x1050x16 мм, чёрная с красной к…» ↔ «stalkermebel столешница для компьютерного стола, 1100x1100x16 мм, чёрна…»."
Мебель,uncertain_negative,0.2222222222222222,0,730144525755,7068,0,M,,Ручная сверка title+JSON: один SKU не подтвержден (разный вариант либо нет уникального якоря) — «столешница 620х400 16мм цвет мрамор черный» ↔ «столешница 620х400 16мм цвет мрамор неро порторо».
Мебель,uncertain_negative,0.2222222222222222,0,764504259060,687194792228,0,H,,Ручная сверка title+JSON: один SKU не подтвержден (разный вариант либо нет уникального якоря) — «swiss krono деталь для мебели лдсп щит полка 16 мм 310/610 с кромкой ду…» ↔ «деталь из лдсп полка 16 мм 330/590 с кромкой дуб амберг 1шт (без крепле…».
Мебель,uncertain_negative,0.2222222222222222,0,807453925963,223338449039,0,H,,"Ручная сверка title+JSON: один SKU не подтвержден (разный вариант либо нет уникального якоря) — «торговая витрина level №10-5п с 5-ю полками из дсп 200х900мм, дуб венге» ↔ «тоб.ру / витрина level №10-5п с 5-ю полками из дсп 200х900мм, черный»."
Мебель,uncertain_negative,0.2222222222222222,0,833223748729,120259106859,0,H,,Ручная сверка title+JSON: один SKU не подтвержден (разный вариант либо нет уникального якоря) — «шкаф распашной тейлз - 4 с выдвижными ящиками | лдсп белый шагрень с че…» ↔ «шкаф распашной тейлз - 4 белый».
Мебель,uncertain_negative,0.2222222222222222,0,850403565701,738734413676,0,H,,"Ручная сверка title+JSON: один SKU не подтвержден (разный вариант либо нет уникального якоря) — «beloved садовый зонт,250см,зеленый» ↔ «садовый зонт,270см, зеленый»."
Мебель,uncertain_negative,0.3333333333333333,0,60129616359,695784767023,0,H,,"Ручная сверка title+JSON: один SKU не подтвержден (разный вариант либо нет уникального якоря) — «solarius / тахта двуспальная из массива сосны со сплошным основанием, 1» ↔ «solarius тахта,, 160х160 см»."
Мебель,uncertain_negative,0.3333333333333333,0,60129681376,601295578254,0,H,,"Ручная сверка title+JSON: один SKU не подтвержден (разный вариант либо нет уникального якоря) — «игровой компьютерный стол аскард, лдсп, корпус орех экко/фасад серый уг…» ↔ «игровой компьютерный стол рикс, лдсп, корпус орех экко, фасад серый уго…»."
Мебель,uncertain_negative,0.3333333333333333,0,146028934667,566935729838,0,H,,"Ручная сверка title+JSON: один SKU не подтвержден (разный вариант либо нет уникального якоря) — «тахта двуспальная классика из массива сосны с реечным основанием, 180х1…» ↔ «solarius / тахта, 140х180 см (габариты 150х190)»."
Мебель,uncertain_negative,0.3333333333333333,0,360777416812,755914253936,0,H,,"Ручная сверка title+JSON: один SKU не подтвержден (разный вариант либо нет уникального якоря) — «кровать односпальная классика с двумя ящиками, 80х190 см, с реечным осн…» ↔ «solarius / кровать классика с двумя ящ., 90х190 см c мягкой обивкой»."
Мебель,uncertain_negative,0.3333333333333333,0,558345783331,841813697210,0,H,,"Ручная сверка title+JSON: один SKU не подтвержден (разный вариант либо нет уникального якоря) — «армариум / шкаф-купе атина, белый с одним зеркалом, 190х58х240» ↔ «шкаф купе 2-х дверный бавария 130х50х240 (белый + зеркало)»."
Мебель,uncertain_negative,0.3333333333333333,0,635655303202,377957145375,0,M,,Ручная сверка title+JSON: один SKU не подтвержден (разный вариант либо нет уникального якоря) — «двуспальная металлическая черная кровать alicia с мягким бежевым изголо…» ↔ «alicia home / кровать двуспальная 140х200 с мягким изголовьем».
Мебель,uncertain_negative,0.3333333333333333,0,644245185910,644245244098,0,H,,"Ручная сверка title+JSON: один SKU не подтвержден (разный вариант либо нет уникального якоря) — «комплект стульев для кухни орион/марк , каркас металл черный, фисташков…» ↔ «стул груп / мягкие стулья для кухни 4 шт одди велюровые комплект»."
Мебель,uncertain_negative,0.3333333333333333,0,687194940143,51539687781,0,H,,"Ручная сверка title+JSON: один SKU не подтвержден (разный вариант либо нет уникального якоря) — «solarius / стол руководительский классика, 140х60х75 см» ↔ «стол руководительский классика из массива сосны, без шлифовки и покраск…»."
Мебель,uncertain_negative,0.4444444444444444,0,77309518948,317827650505,1,M,BAD_SOURCE_FIELDS,"Точно совпадают Honesshop «Нард», состав, вес 196 кг и 171×62; высота 220/230 выглядит единичной ошибкой."
Мебель,uncertain_negative,0.4444444444444444,0,188978711102,841813662705,0,H,,Ручная сверка title+JSON: один SKU не подтвержден (разный вариант либо нет уникального якоря) — «шкаф распашной классика люкс-4.7 мдф для одежды четырехдверный 180*230*…» ↔ «шкаф распашной классика люкс-4.3 мдф».
Мебель,uncertain_negative,0.4444444444444444,0,755914284997,790274114938,0,H,,"Ручная сверка title+JSON: один SKU не подтвержден (разный вариант либо нет уникального якоря) — «кровать 90х200 односпальная, из массива сосны, дуб темный, 1000х2100х63…» ↔ «кровать односпальная классика из массива сосны с ортопедическим основан…»."
Мебель,uncertain_positive,0.5555555555555556,1,197568509914,481036404654,0,H,MODEL_VARIANT,"Комоды «Элла» имеют разные габариты 140×50×100 и 130×40×90, а также коды белого 45/32."
Мебель,uncertain_positive,0.5555555555555556,1,249108141610,833223692412,0,H,MODEL_VARIANT,Шкаф «Эдель» различается шириной 240 против 210 см и брендом/материалом корпуса.
Мебель,uncertain_positive,0.5555555555555556,1,283467959763,352187474370,1,M,,"Ручная сверка title+JSON: совпадает конкретный товар и ключевой вариант — «тумба с раковиной cezares eco 120 фисташковый софт» ↔ «тумба с раковиной cezares eco cer-n 120 4 ящика, фисташковый софт, рако…»."
Мебель,uncertain_positive,0.5555555555555556,1,712964670070,833223705501,0,H,MODEL_VARIANT,"Klik 40×42×55,4 и Varma 40×40,3×54,8 — разные бренды и модели тумб."
Мебель,uncertain_positive,0.5555555555555556,1,773094168845,609885489316,0,H,MODEL_VARIANT,Krona «Лорена» 4.2 высотой 230 см против версии 4.4 высотой 220 см.
Мебель,uncertain_positive,0.6666666666666666,1,292057808804,635655296122,0,M,GENERIC_OVERMATCH,"A — неопределенное кресло Бюрократ, B — CH-480LT; размеры близки, но модель A не подтверждена."
Мебель,uncertain_positive,0.6666666666666666,1,738734474946,266288124557,1,M,,"Ручная сверка title+JSON: совпадает конкретный товар и ключевой вариант — «садовая кухня,76х43х78см» ↔ «садовая кухня»."
Мебель,uncertain_positive,0.7777777777777778,1,17179908411,609885478046,0,H,MODEL_VARIANT,"Шкафы имеют разные модели: «Лоренсе-6» против «Солфорд-6», хотя габариты совпали."
Мебель,uncertain_positive,0.7777777777777778,1,60129657175,584115700344,1,M,,"Ручная сверка title+JSON: совпадает конкретный товар и ключевой вариант — «ако мебель шкаф-купе, 143.1х77х240 см» ↔ «олимпия шкаф-купе классик 2-дверный (1430х2400х770) глухое с рамкой овал»."
Мебель,uncertain_positive,0.7777777777777778,1,438086758423,369367255922,0,H,MODEL_VARIANT,Столешница 1220×670×25 против 720×670×25 мм — разная длина.
Мебель,uncertain_positive,0.7777777777777778,1,532576035770,472446495693,0,H,MODEL_VARIANT,Шкаф «Нигмат-3» против «Вилета-3»: разные модели при одинаковых базовых габаритах.
Мебель,uncertain_positive,0.7777777777777778,1,807453945460,781684124584,0,M,GENERIC_OVERMATCH,A — белый комплект из стола и двух стульев; B — вариант с рисунком без подтвержденной комплектности.
Мебель,uncertain_positive,0.8888888888888888,1,8589996134,798863925672,0,H,MODEL_VARIANT,Столешницы различаются шириной: 450 против 420 мм.
Мебель,uncertain_positive,0.8888888888888888,1,42949765576,429496782628,1,H,,"Ручная сверка title+JSON: совпадает конкретный товар и ключевой вариант — «solarius односпальная кровать,, 80х200 см» ↔ «кровать solarius мишка орто основание mkr-obiv-rs15-plat80-200-orto 90 …»."
Мебель,uncertain_positive,0.8888888888888888,1,68719623148,257698043599,1,H,,"Ручная сверка title+JSON: совпадает конкретный товар и ключевой вариант — «комплект стульев для кухни со спинкой мягкие 3 шт.» ↔ «современник стул мягкий для кухни чили, комплект из 3 стульев, велюр, ж…»."
Мебель,uncertain_positive,0.8888888888888888,1,154618831731,34359838991,1,H,,"Ручная сверка title+JSON: совпадает конкретный товар и ключевой вариант — «мебельный щит 16мм 320х360 с кромкой 1 мм, цвет сосна санторина» ↔ «деталь для мебели лдсп щит полка 16 мм 360/320 с кромкой сосна санторин…»."
Мебель,uncertain_positive,0.8888888888888888,1,163208863666,549755857669,1,H,,Ручная сверка title+JSON: совпадает конкретный товар и ключевой вариант — «полка лдсп синий 16мм 500х350 с кромкой» ↔ «мебельная деталь лдсп 16мм 500х350 цвет синий».
Мебель,uncertain_positive,0.8888888888888888,1,197568591770,128849069154,0,H,MODEL_VARIANT,Borneo 3.1K имеет глубину 70 см у A и 50 см у B — разные размерные варианты заказа.
Мебель,uncertain_positive,0.8888888888888888,1,335007463827,730144448305,1,M,,"Ручная сверка title+JSON: совпадает конкретный товар и ключевой вариант — «столешница ultradecor 120x60x3.8 см лдсп цвет мрамор марквина белый» ↔ «столешница лдсп 1200х600х38. цвет ""мрамор марквина белый""»."
Мебель,uncertain_positive,0.8888888888888888,1,369367353884,429496787898,1,H,,Ручная сверка title+JSON: совпадает конкретный товар и ключевой вариант — «столешница для стола лдсп 1150х750 25мм цемент» ↔ «столешница лдсп 1150х750 25мм цемент».
Мебель,uncertain_positive,0.8888888888888888,1,395137131772,360777305157,0,H,MODEL_VARIANT,Размеры отличаются: столешница 1700×380 против щита 1780×380 мм.
Мебель,uncertain_positive,0.8888888888888888,1,403727001928,455266591986,0,H,MODEL_VARIANT,Тахты Solarius различаются длиной спального места: 200 против 190 см.
Мебель,uncertain_positive,0.8888888888888888,1,584115688171,816043839075,1,M,,"Ручная сверка title+JSON: совпадает конкретный товар и ключевой вариант — «полка для обуви разборная, 2 яруса, 68х28х44 см, цвет медный антик» ↔ «nika / разборная полка для обуви, 2 яруса»."
Мебель,uncertain_positive,0.8888888888888888,1,764504231815,300647850836,1,H,,"Ручная сверка title+JSON: совпадает конкретный товар и ключевой вариант — «кровать односпальная мишка из массива сосны, 80х200 см, с ортопедически…» ↔ «solarius / кровать мишка, 80х200 см c мягкой обивкой»."
Мебель,uncertain_positive,0.8888888888888888,1,833223658082,180388769117,0,H,MODEL_VARIANT,«Барон 4» 75×200 и «Барон» 70×194 имеют разные модель/размер спального места.
Музыкальные инструменты,exact_negative,0.0,0,8590094720,618475332811,0,H,,Разные модель/товар или hard-вариант: «tc electronic flashback 2 mini delay эффект делэй» ↔ «педаль эффектов реверберация tc electronic hall of fame 2 mini reverb».
Музыкальные инструменты,exact_negative,0.0,0,25769944812,721554647847,0,H,,Разные модель/товар или hard-вариант: «трансакустическая гитара kepma f1e ga wa с чехлом» ↔ «kepma b1-ga ретро акустическая гитара».
Музыкальные инструменты,exact_negative,0.0,0,77309436997,206158483890,1,M,MISSED_MATCH,Обе карточки — Dubreq Stylophone S1; разный цвет/бренд в JSON похож на ошибку источника.
Музыкальные инструменты,exact_negative,0.0,0,77309534189,214748496366,0,H,,Разные модель/товар или hard-вариант: «цифровое фортепиано» ↔ «цифровое фортепиано».
Музыкальные инструменты,exact_negative,0.0,0,137439076931,730144563886,0,H,,Разные модель/товар или hard-вариант: «народный духовой инструмент» ↔ «народный духовой инструмент».
Музыкальные инструменты,exact_negative,0.0,0,163208793413,335007506001,0,H,,"Разные модель/товар или hard-вариант: «d'addario nyxl1046 струны для электрогитары» ↔ «струны для бас-гитары, никелированные, long scale, 55-110, d'addario nyxl5511…»."
Музыкальные инструменты,exact_negative,0.0,0,231928312614,695784741843,0,H,,Разные модель/товар или hard-вариант: «электроакустическая гитара d'angelico premier gramercy ls svs» ↔ «d'angelico guitars of america акустическая гитара электроакустическая premier…».
Музыкальные инструменты,exact_negative,0.0,0,231928323463,515396111060,0,H,,Разные модель/товар или hard-вариант: «одиночная струна для акустической и электрогитары d'addario pl019 без обмотки…» ↔ «струна для акустической и электрогитары d'addario pl018 1 шт».
Музыкальные инструменты,exact_negative,0.0,0,292057799226,489626370508,0,H,,"Разные модель/товар или hard-вариант: «набор медиаторов dunlop 488p1.14 tortex pitch black standard 12шт, толщина 1,…» ↔ «медиаторы dunlop tortex pitch black jazz iii 482p.60»."
Музыкальные инструменты,exact_negative,0.0,0,309237806651,309237755224,0,H,,"Разные модель/товар или hard-вариант: «1 шт., вешалка для гитары, настенное крепление, нескользящий держатель» ↔ «настенный держатель для гитары (крюк)»."
Музыкальные инструменты,exact_negative,0.0,0,326417596241,455266562604,0,H,,"Разные модель/товар или hard-вариант: «11-тональный 6-дюймовый эфирный барабан для детей, начинающих, стальной язычк…» ↔ «глюкофон huashu ethereal drum, для начинающих, 15 тонов, 30см, стальной язычок»."
Музыкальные инструменты,exact_negative,0.0,0,360777275131,111669215541,0,H,,Разные модель/товар или hard-вариант: «педаль сустейна для пианино music life» ↔ «педаль сустейна для цифрового пианино».
Музыкальные инструменты,exact_negative,0.0,0,386547173642,420906830178,0,H,,Разные модель/товар или hard-вариант: «mooer gtrs s801 white клен накладка на гриф интеллектуальная гитара электроги…» ↔ «rocket / rocket st-01 wh электрогитара».
Музыкальные инструменты,exact_negative,0.0,0,420906854909,807453867761,0,H,,Разные модель/товар или hard-вариант: «электрогитара nakfbfqt 6-струнная» ↔ «электроакустическая гитара yifenli 6 струн: жёлтый».
Музыкальные инструменты,exact_negative,0.0,0,420906944344,575525724416,0,H,,"Разные модель/товар или hard-вариант: «kepma a1c natural matt акустическая гитара, цвет натуральный» ↔ «takamine акустическая гитара классическая g-series classical gc1ce-nat 6-стру…»."
Музыкальные инструменты,exact_negative,0.0,0,481036354131,249108202018,0,H,,"Разные модель/товар или hard-вариант: «d'addario ria1020 rico трости для саксофона сопрано, размер 2.0, 10шт, rico» ↔ «rka1020 rico трости для саксофона тенор, размер 2.0, 10шт, rico»."
Музыкальные инструменты,exact_negative,0.0,0,489626393976,523986073107,0,H,,"Разные модель/товар или hard-вариант: «flight укулеле pathfinder tenor tbk 4-струнная, корпус клен» ↔ «укулеле тенор flight pathfinder tenor tbl»."
Музыкальные инструменты,exact_negative,0.0,0,506806247006,274877965852,0,H,,"Разные модель/товар или hard-вариант: «медиаторы 12шт dunlop 418p.88 tortex standard» ↔ «медиаторы для гитары dunlop pvp118 shred, набор 12 шт»."
Музыкальные инструменты,exact_negative,0.0,0,523986134940,309237669628,0,H,,Разные модель/товар или hard-вариант: «классическая гитара» ↔ «lag акустическая гитара he339777 6-струнная».
Музыкальные инструменты,exact_negative,0.0,0,558345828640,137439084131,0,H,,"Разные модель/товар или hard-вариант: «kepma акустическая гитара edc black matt» ↔ «kepma акустическая гитара eac edc 6-струнная, корпус е: 3tsm»."
Музыкальные инструменты,exact_negative,0.0,0,575525709980,274878024573,0,H,,"Разные модель/товар или hard-вариант: «шаманский бубен ""черепаха"" с колотушкой 5х25х25 см» ↔ «paraplan / шаманский бубен ""тигр-бабочка"" с колотушкой 25 см»."
Музыкальные инструменты,exact_negative,0.0,0,575525722449,85899365673,0,H,,"Разные модель/товар или hard-вариант: «бас-гитара» ↔ «бас-гитара 7kdlhh-0b7165b576c2 4-струнная, корпус махагони»."
Музыкальные инструменты,exact_negative,0.0,0,635655273047,635655240787,0,H,,"Разные модель/товар или hard-вариант: «flight укулеле nub310 4-струнная,» ↔ «flight / flight dus460 amara - укулеле сопрано»."
Музыкальные инструменты,exact_negative,0.0,0,721554513002,532576072706,0,H,,"Разные модель/товар или hard-вариант: «rico трости для саксофона сопрано, размер 2.0, 10шт, rico ria1020» ↔ «d'addario трости для саксофона сопрано daddario rico ria1040»."
Музыкальные инструменты,exact_negative,0.0,0,807453874010,738734464972,0,H,,Разные модель/товар или hard-вариант: «зафиксировщик веса с пузырьковым уровнем 50hz для определения скорости винило…» ↔ «проигрыватель винила с зажимом и уровнем».
Музыкальные инструменты,exact_positive,1.0,1,25769882434,738734388836,1,H,,Совпадают модель/рецептура и hard-поля: «roland aerophone mini ae-01 цифровой духовой инструмент компактный ц» ↔ «roland aerophone mini ae-01 цифровой духовой инструмент компактный ц».
Музыкальные инструменты,exact_positive,1.0,1,77309461708,403726932196,1,H,,Совпадают модель/рецептура и hard-поля: «педаль электрогитарная blackstar lt boost» ↔ «педаль эффектов гитарная blackstar lt boost».
Музыкальные инструменты,exact_positive,1.0,1,85899498438,764504271631,0,H,MODEL_VARIANT,"Easttop T008K, но тональность D против C — hard-вариант гармошки."
Музыкальные инструменты,exact_positive,1.0,1,94489404679,412316955869,1,H,,Совпадают модель/рецептура и hard-поля: «струны для классической гитары savarez 500cj corum new cristal blue high tens…» ↔ «струны для классической гитары 500cj corum new cristal blue high tension».
Музыкальные инструменты,exact_positive,1.0,1,111669204986,85899394465,1,H,,Совпадают модель/рецептура и hard-поля: «стойка для синтезатора или под цифровое пианино. универсальная клавишная» ↔ «стойка для синтезатора или под цифровое пианино. универсальная клавишная».
Музыкальные инструменты,exact_positive,1.0,1,146028988833,60129614780,1,H,,"Совпадают модель/рецептура и hard-поля: «струны для мандолины господин музыкант m26fx» ↔ «комплект струн для мандолины господин музыкант m-26 fx, 4 шт»."
Музыкальные инструменты,exact_positive,1.0,1,171798775183,77309427793,U,L,,"Обе карточки про 10 серебристых ручек потенциометра, но у второй нет диаметра 6 мм/модели."
Музыкальные инструменты,exact_positive,1.0,1,197568586922,841813702179,1,H,,"Совпадают модель/рецептура и hard-поля: «music life / музыкальный инструмент гонг, 22см колотушка в комплекте» ↔ «музыкальный инструмент гонг music life 22 см»."
Музыкальные инструменты,exact_positive,1.0,1,257698098664,335007495092,1,H,,"Совпадают модель/рецептура и hard-поля: «yamaha синтезатор pss-f30 / просвещение детей, детские подарки / китайское па…» ↔ «синтезатор pss-f30 / просвещение детей, детские подарки / китайское панно»."
Музыкальные инструменты,exact_positive,1.0,1,266288014579,601295509363,U,L,,"Generic kazoo: у первой явно набор с диафрагмами/футляром, у второй комплект не описан."
Музыкальные инструменты,exact_positive,1.0,1,343597420745,618475437933,1,H,,"Совпадают модель/рецептура и hard-поля: «каподастр music life, черный, пластиковый» ↔ «каподастр для гитары, зажим для трун music life»."
Музыкальные инструменты,exact_positive,1.0,1,395137077793,773094221473,0,H,MODEL_VARIANT,Paiste 000015USET 201 Bronze против артикула 000068USET — разные серии набора тарелок.
Музыкальные инструменты,exact_positive,1.0,1,438086796590,231928368434,1,H,,"Совпадают модель/рецептура и hard-поля: «супер стабильная u-образная подставка для фортепиано, подставка для синтезато…» ↔ «супер стабильная u-образная подставка для фортепиано, подставка для синтезато…»."
Музыкальные инструменты,exact_positive,1.0,1,575525618794,68719616479,1,H,,"Совпадают модель/рецептура и hard-поля: «колки для гитары 3+3, хром, paxphil j-03-3+3-cr» ↔ «paxphil / колки для гитары 3+3, хром»."
Музыкальные инструменты,exact_positive,1.0,1,618475362219,377957283338,1,H,,Совпадают модель/рецептура и hard-поля: «ernie ball 11-48 paradigm slinky 2020» ↔ «ernie ball 2020 paradigm slinky power 11-48 струны для электрогитары».
Музыкальные инструменты,exact_positive,1.0,1,670015001308,541165942279,U,L,,У второй стойки нет модели и размеров; подтвердить изделие 900×460×930 мм невозможно.
Музыкальные инструменты,exact_positive,1.0,1,704374745886,377957281747,1,H,,"Совпадают модель/рецептура и hard-поля: «метроном,миниатюрный и портативный, высотой 11 см» ↔ «метроном, миниатюрный и портативный, высотой 11 см»."
Музыкальные инструменты,exact_positive,1.0,1,721554609526,223338420274,1,H,,Совпадают модель/рецептура и hard-поля: «электрогитара jet js-400 mbk r» ↔ «электрогитара jet js-400 mbk r».
Музыкальные инструменты,exact_positive,1.0,1,730144454330,223338360275,1,H,,"Совпадают модель/рецептура и hard-поля: «d'addario d addario ej88 c струны для укулеле концерт» ↔ «струны для концертного укулеле, d'addario ej88c»."
Музыкальные инструменты,exact_positive,1.0,1,730144522455,68719529176,1,H,,"Совпадают модель/рецептура и hard-поля: «метроном для настройки музыкальных инструментов, универсальный, с аккумулятор…» ↔ «music life / универсальный метроном-тюнер с акб»."
Музыкальные инструменты,exact_positive,1.0,1,738734517029,395137109994,1,H,,"Совпадают модель/рецептура и hard-поля: «флейта music life 52 см, с узорами, тональность g, бамбук, разборная» ↔ «флейта music life 52 см, с узорами, тональность g, бамбук, разборная»."
Музыкальные инструменты,exact_positive,1.0,1,764504299531,94489284921,0,H,MODEL_VARIANT,Redhill TLX100 CS против TLX100/VS и TLX100/BK: конфликт суффикса/цветового SKU.
Музыкальные инструменты,exact_positive,1.0,1,773094158618,352187358523,1,H,,"Совпадают модель/рецептура и hard-поля: «бас-гитара cort cap-810-op trailblazer» ↔ «cap-810-op trailblazer акустическая гитара + аксессуары, cort»."
Музыкальные инструменты,exact_positive,1.0,1,781684130064,68719584624,U,L,,Два generic-набора из двух humbucker; у второй карточки нет модели и геометрии.
Музыкальные инструменты,exact_positive,1.0,1,781684172132,790274032705,1,H,,"Совпадают модель/рецептура и hard-поля: «f630-rds акустическая гитара, красный санберст,» ↔ «f630-rds акустическая гитара, красный санберст, caraya»."
Музыкальные инструменты,uncertain_negative,0.2222222222222222,0,85899386497,17179957827,0,M,,Нет общего model/design ID либо конфликтуют hard-поля: «укулеле пчёлка bumblebee hive soprano lb с самоучителем» ↔ «belucci / укулеле сопрано 21 дюйм new blue».
Музыкальные инструменты,uncertain_negative,0.2222222222222222,0,206158568453,17179904536,0,M,,"Нет общего model/design ID либо конфликтуют hard-поля: «музыка ветра металл, пластик ""мандала от сглаза"" 5 колокольчиков, кисточка h …» ↔ «охота на скидки / музыка ветра металл, пластик от сглаза 5 колокольчиков 42х1»."
Музыкальные инструменты,uncertain_negative,0.2222222222222222,0,249108161414,171798780688,0,M,,"Нет общего model/design ID либо конфликтуют hard-поля: «nova go sp1 ai white акустическая электрогитара из углеродного волокна гитара…» ↔ «акустическая гитара трансакустическая трансакустическая enya nova go/sp1.bk,3…»."
Музыкальные инструменты,uncertain_negative,0.2222222222222222,0,575525744934,163208867183,0,M,,Нет общего model/design ID либо конфликтуют hard-поля: «поющие чаши тибетская чаша звук медитации» ↔ «тибетские поющие чаши».
Музыкальные инструменты,uncertain_negative,0.2222222222222222,0,584115580629,34359746886,0,M,,Нет общего model/design ID либо конфликтуют hard-поля: «kangnice для аксессуаров для электронной гитары выход овального разъема cat e…» ↔ «входной разъем для гитары».
Музыкальные инструменты,uncertain_negative,0.2222222222222222,0,592705584939,240518172075,0,M,,"Нет общего model/design ID либо конфликтуют hard-поля: «подставка пюпитр оркестровый для нот, складной регулируемый черный.» ↔ «подставка-пюпитр для нот оркестровый (комплект), foix p-05b»."
Музыкальные инструменты,uncertain_negative,0.2222222222222222,0,764504190337,558345912044,0,M,,Нет общего model/design ID либо конфликтуют hard-поля: «бас-гитара fabio jb-10 wh» ↔ «fabio / бас-гитара fabio jb-10 bls».
Музыкальные инструменты,uncertain_negative,0.2222222222222222,0,781684111026,661425091014,0,M,,"Нет общего model/design ID либо конфликтуют hard-поля: «пианино, электронное пианино, bluetooth 5.0» ↔ «складная электронная пианино с модным дизайном, подходящая для легкого обучен…»."
Музыкальные инструменты,uncertain_negative,0.2222222222222222,0,807453920596,807453889648,0,M,,Нет общего model/design ID либо конфликтуют hard-поля: «метроном механический черный для музыканта со звонком» ↔ «метроном».
Музыкальные инструменты,uncertain_negative,0.2222222222222222,0,833223815293,833223790124,0,M,,Нет общего model/design ID либо конфликтуют hard-поля: «angel sound / палочки для глокеншпиля» ↔ «палочки для глокеншпиля angel aml-10p».
Музыкальные инструменты,uncertain_negative,0.3333333333333333,0,77309508873,472446439122,0,M,,Нет общего model/design ID либо конфликтуют hard-поля: «pianocase / чехол накидка для пианино 88 клавиш c вырезом для пюпитра» ↔ «pianocase - чехол накидка для цифрового пианино 88 клавиш».
Музыкальные инструменты,uncertain_negative,0.3333333333333333,0,111669164577,584115717503,0,M,,"Нет общего model/design ID либо конфликтуют hard-поля: «c4-deluxe-bk artisan series бас-гитара, черная, cort» ↔ «cort бас-гитара njs4-bk 4-струнная»."
Музыкальные инструменты,uncertain_negative,0.3333333333333333,0,206158562419,687194776028,0,M,,"Нет общего model/design ID либо конфликтуют hard-поля: «гибкая ударная установка электронный барабан с педалями и динамиками» ↔ «портативная складная ударная установка, с педалями и записью, для музыкантов …»."
Музыкальные инструменты,uncertain_negative,0.3333333333333333,0,214748464306,807453901416,0,M,,"Нет общего model/design ID либо конфликтуют hard-поля: «набор альт-саксофонов eb, латунный материал, саксофон, духовой инструмент для…» ↔ «саксофон альт для начинающих»."
Музыкальные инструменты,uncertain_negative,0.3333333333333333,0,231928239963,85899493533,0,M,,Нет общего model/design ID либо конфликтуют hard-поля: «народный духовой инструмент» ↔ «окарина керамическая флейта альто c».
Музыкальные инструменты,uncertain_negative,0.3333333333333333,0,420906894030,446676688173,1,M,MISSED_MATCH,"Music Life, губная гармошка на 4 отверстия; цвет/цепочка лишь подробнее во второй карточке."
Музыкальные инструменты,uncertain_negative,0.3333333333333333,0,420906906939,790273986575,0,M,,"Нет общего model/design ID либо конфликтуют hard-поля: «струнодержатель для скрипки 4,4 универсальный» ↔ «аксессуар для струнного инструмента antonio lavazza atp1 размер 3/4»."
Музыкальные инструменты,uncertain_negative,0.3333333333333333,0,429496847787,266288056808,0,M,,Нет общего model/design ID либо конфликтуют hard-поля: «yhl / marsbucker 8 fc b-bk звукосниматель для электрогитары» ↔ «звукосниматель yhl marsbucker 17 fc b-bk».
Музыкальные инструменты,uncertain_negative,0.3333333333333333,0,455266547985,300647870042,0,M,,"Нет общего model/design ID либо конфликтуют hard-поля: «держатель для гитары на стену, кронштейн, вешалка, крюк» ↔ «настенная вешалка для акустической электрогитары»."
Музыкальные инструменты,uncertain_negative,0.3333333333333333,0,481036352500,635655212007,0,M,,Нет общего model/design ID либо конфликтуют hard-поля: «kremona акустическая гитара классическая s56c» ↔ «гитара terris tc-3901a natural».
Музыкальные инструменты,uncertain_negative,0.3333333333333333,0,687194822648,532576048190,0,M,,"Нет общего model/design ID либо конфликтуют hard-поля: «jordani гитара акустическая 38"" белая (инструмент начинающего музыканта, belu…» ↔ «гитара акустическая 38"" белая (инструмент начинающего гитариста, belucci bc38…»."
Музыкальные инструменты,uncertain_negative,0.3333333333333333,0,695784769698,77309562362,0,M,,Нет общего model/design ID либо конфликтуют hard-поля: «чехол для аккордеона lutner лакн1-4/4-57-50-25» ↔ «чехол для аккордеона lutner лакн1-4/4-53-49-25».
Музыкальные инструменты,uncertain_negative,0.3333333333333333,0,824633793482,85899478241,0,M,,Нет общего model/design ID либо конфликтуют hard-поля: «струнный инструмент» ↔ «sg 6-струнная электрогитара h-h и гриф из черного дерева».
Музыкальные инструменты,uncertain_negative,0.4444444444444444,0,438086713583,566935735469,1,M,MISSED_MATCH,Редкий точный объект: деревянная 16-струнная лира в C; различается только полнота карточки.
Музыкальные инструменты,uncertain_negative,0.4444444444444444,0,687194856077,584115598761,0,M,,"Нет общего model/design ID либо конфликтуют hard-поля: «a m music / колки для гитары 6 струн» ↔ «набор колков для гитары, изготовленных из цинкового сплава, с трехв-тремя пол…»."
Музыкальные инструменты,uncertain_positive,0.5555555555555556,1,412316957931,670014967773,1,M,,"Специфичная модель/рецептура совпадает; пропуски не являются конфликтом: «механический метроном tunyin портативный метроном регулируемая скорость удара…» ↔ «механический метроном tunyin, портативный метроном с регулируемой скоростью у…»."
Музыкальные инструменты,uncertain_positive,0.5555555555555556,1,515396199436,146028962865,0,H,GENERIC_OVERMATCH,Generic MIDI-клавиатура на 25 клавиш не доказывает модель M-Vave i9102; цвет тоже расходится.
Музыкальные инструменты,uncertain_positive,0.5555555555555556,1,558345878940,266288105149,0,H,GENERIC_OVERMATCH,"Общее назначение «ремень для саксофона» без общей модели, конструкции и размера."
Музыкальные инструменты,uncertain_positive,0.5555555555555556,1,841813702378,592705553681,1,M,,"Специфичная модель/рецептура совпадает; пропуски не являются конфликтом: «каподастр для гитары в виде акулы, металлический, черный, 13х8,5х1,8 см» ↔ «каподастр для гитары music life акула»."
Музыкальные инструменты,uncertain_positive,0.6666666666666666,1,17179900136,317827688509,0,H,GENERIC_OVERMATCH,"Только generic красные барабанные палочки; нет размера/материала/model ID, масса различается."
Музыкальные инструменты,uncertain_positive,0.6666666666666666,1,481036344884,549755949015,0,M,GENERIC_OVERMATCH,"Коричневых калимб на 21 язычок много; отличаются резьба, комплект и масса, модели нет."
Музыкальные инструменты,uncertain_positive,0.7777777777777778,1,77309541253,635655165907,1,M,,"Специфичная модель/рецептура совпадает; пропуски не являются конфликтом: «система беспроводной передачи для гитары a8» ↔ «устройство для беспроводной передачи сигнала a8, универсальное для струнных и…»."
Музыкальные инструменты,uncertain_positive,0.7777777777777778,1,85899474295,403726992702,0,H,MODEL_VARIANT,"Струна Мозеръ SB20 против SP20, бронза против фосфорной бронзы — разные варианты."
Музыкальные инструменты,uncertain_positive,0.7777777777777778,1,94489296201,68719510359,0,H,QUANTITY_BUNDLE,"Jet JT-300 SB отдельно против Stagg JT-300 SB Pack с усилителем, чехлом, кабелем и медиаторами."
Музыкальные инструменты,uncertain_positive,0.7777777777777778,1,146028931802,206158513958,1,M,,Специфичная модель/рецептура совпадает; пропуски не являются конфликтом: «стул для барабанщика винтовой усиленный asanasi cd-03» ↔ «стул барабанщика винтовой усиленный asanasi cd-03: черный».
Музыкальные инструменты,uncertain_positive,0.7777777777777778,1,343597527770,111669220830,0,H,WRONG_ENTITY,Разные бренды Aiseely/Ticco и разные описания/цвета колотушек; общего изделия нет.
Музыкальные инструменты,uncertain_positive,0.7777777777777778,1,481036433686,94489401797,1,M,,Специфичная модель/рецептура совпадает; пропуски не являются конфликтом: «микшерный пульт аналоговый behringer xenyx x1204usb» ↔ «микшерный пульт аналоговый behringer xenyx x1204usb».
Музыкальные инструменты,uncertain_positive,0.7777777777777778,1,738734523897,352187373958,0,H,QUANTITY_BUNDLE,"Ernie Ball P02722 — одиночный комплект, 3721 Cobalt Slinky — 3-pack."
Музыкальные инструменты,uncertain_positive,0.8888888888888888,1,58443,85899397408,1,M,,Специфичная модель/рецептура совпадает; пропуски не являются конфликтом: «mooer gwu4 беспроводная гитарная система: белый» ↔ «mooer gwu4 усовершенствованная беспроводная гитарная система для еще большей …».
Музыкальные инструменты,uncertain_positive,0.8888888888888888,1,17179894570,721554631224,0,H,GENERIC_OVERMATCH,"Два generic чёрных каподастра без общей модели, размера или конструкции."
Музыкальные инструменты,uncertain_positive,0.8888888888888888,1,77309426564,214748489693,1,M,,Специфичная модель/рецептура совпадает; пропуски не являются конфликтом: «чехол для синтезатора proel bag910pn» ↔ «чехол для синтезатора 61 клавиша proel bag910pn размеры 1050х420х170 мм».
Музыкальные инструменты,uncertain_positive,0.8888888888888888,1,137439087315,360777355048,0,M,GENERIC_OVERMATCH,"U-образные стойки generic; у одной конфликт «белая»/чёрная, у второй нет размеров/model ID."
Музыкальные инструменты,uncertain_positive,0.8888888888888888,1,154618918180,188978620559,1,M,,Специфичная модель/рецептура совпадает; пропуски не являются конфликтом: «каподастр гитарный alice a007c/bk для классической гитары» ↔ «alice a007c/bk каподастр для классической гитары / каподастр для гитары».
Музыкальные инструменты,uncertain_positive,0.8888888888888888,1,214748387871,438086768333,1,M,,"Специфичная модель/рецептура совпадает; пропуски не являются конфликтом: «tevdi / ключ для настройки пианино и фортепиано четырехгранный 6 мм» ↔ «ключ для настройки пианино, фортепиано, четырехгранный 6 мм / клавишный ключ …»."
Музыкальные инструменты,uncertain_positive,0.8888888888888888,1,266288075839,420906804409,1,M,,"Специфичная модель/рецептура совпадает; пропуски не являются конфликтом: «фольклорная гитара f310 natural» ↔ «yamaha акустическая гитара f310 6-струнная, корпус ель 41""»."
Музыкальные инструменты,uncertain_positive,0.8888888888888888,1,283467956158,163208825968,1,M,,"Специфичная модель/рецептура совпадает; пропуски не являются конфликтом: «пюпитр, dadi ms-01b» ↔ «пюпитр складной с чехлом dadi ms-01b»."
Музыкальные инструменты,uncertain_positive,0.8888888888888888,1,300647761497,283467940327,1,M,,"Специфичная модель/рецептура совпадает; пропуски не являются конфликтом: «midi-клавиатура, akai mpk mini mk3» ↔ «akai pro mpk mini mk3 миди клавиатура, 25 уменьшенных клавиш»."
Музыкальные инструменты,uncertain_positive,0.8888888888888888,1,343597426145,309237812970,1,M,,Специфичная модель/рецептура совпадает; пропуски не являются конфликтом: «gewa / колотушка для маримбафона gewa concert mallet marimbaphone» ↔ «gewa concert mallet marimbaphone колотушка для маримбафона средней жесткости».
Музыкальные инструменты,uncertain_positive,0.8888888888888888,1,489626310930,730144569606,1,M,,"Специфичная модель/рецептура совпадает; пропуски не являются конфликтом: «медиаторы ""три в одном"" разной для гитары 40*35 мм» ↔ «медиаторы для гитары 40*35 мм, пластик, черный: шт 1»."
Музыкальные инструменты,uncertain_positive,0.8888888888888888,1,781684148592,326417596689,U,L,,"Lutner-чехлы: у первой упаковка 106×43 см, у второй лишь партномер 88; размер изделия неясен."
Обувь,exact_negative,0.0,0,60129707983,377957171376,0,H,,Разные модель/товар или hard-вариант: «кроссовки» ↔ «кроссовки кроссовки».
Обувь,exact_negative,0.0,0,68719503620,103079255413,0,H,,Разные модель/товар или hard-вариант: «босоножки caterpillar» ↔ «босоножки moocie».
Обувь,exact_negative,0.0,0,85899502636,764504288026,0,H,,Разные модель/товар или hard-вариант: «кроссовки» ↔ «кроссовки new balance».
Обувь,exact_negative,0.0,0,128849047696,249108169959,0,H,,Разные модель/товар или hard-вариант: «кроссовки moocie детские весенне-летние кроссовки» ↔ «кроссовки».
Обувь,exact_negative,0.0,0,154618841860,609885392526,0,H,,Разные модель/товар или hard-вариант: «галоши» ↔ «галоши».
Обувь,exact_negative,0.0,0,171798844724,644245157392,0,H,,Разные модель/товар или hard-вариант: «босоножки tamaris» ↔ «tamaris сандалии».
Обувь,exact_negative,0.0,0,188978658318,438086809974,0,H,,Разные модель/товар или hard-вариант: «кроссовки asics asics gel-flux 4 cn yss555» ↔ «asics / кроссовки».
Обувь,exact_negative,0.0,0,188978717224,85899347894,0,H,,"Разные модель/товар или hard-вариант: «ботинки сапоги на очень высоком каблуке, дышащие, полые» ↔ «сапоги»."
Обувь,exact_negative,0.0,0,257698142148,523986097283,0,H,,Разные модель/товар или hard-вариант: «сапоги moocie» ↔ «дутики feabrate дутики женские».
Обувь,exact_negative,0.0,0,266287975954,558345906111,0,H,,Разные модель/товар или hard-вариант: «кроссовки new balance new balance 574» ↔ «nike / кроссовки sb dunk».
Обувь,exact_negative,0.0,0,283467923539,549755818437,0,H,,Разные модель/товар или hard-вариант: «эспадрильи» ↔ «эспадрильи».
Обувь,exact_negative,0.0,0,395137003630,180388717350,0,H,,Разные модель/товар или hard-вариант: «кроссовки moocie» ↔ «кроссовки».
Обувь,exact_negative,0.0,0,429496859135,309237668396,0,H,,Разные модель/товар или hard-вариант: «кроссовки» ↔ «кроссовки moocie».
Обувь,exact_negative,0.0,0,446676730531,704374651547,0,H,,Разные модель/товар или hard-вариант: «тапочки» ↔ «пантолеты».
Обувь,exact_negative,0.0,0,455266604757,309237672930,0,H,,Разные модель/товар или hard-вариант: «полусапоги moocie» ↔ «сапоги резиновые».
Обувь,exact_negative,0.0,0,481036422126,515396106762,0,H,,Разные модель/товар или hard-вариант: «кроссовки moocie» ↔ «кроссовки».
Обувь,exact_negative,0.0,0,481036479655,833223750990,0,H,,Разные модель/товар или hard-вариант: «кроссовки moocie» ↔ «кроссовки».
Обувь,exact_negative,0.0,0,489626318067,824633725898,0,H,,Разные модель/товар или hard-вариант: «угги ugg mini classic ii» ↔ «угги moocie».
Обувь,exact_negative,0.0,0,592705491215,541165907824,0,H,,Разные модель/товар или hard-вариант: «полусапоги tendance» ↔ «казаки tendance».
Обувь,exact_negative,0.0,0,678604931805,764504338686,0,H,,Разные модель/товар или hard-вариант: «akcaha moda / кроссовки демисезонные для спорта» ↔ «кроссовки спортивные лето-осень».
Обувь,exact_negative,0.0,0,781684129983,532576091516,0,H,,Разные модель/товар или hard-вариант: «brands / кроссовки мужские зимние nike air s 2» ↔ «кроссовки outdoor».
Обувь,exact_negative,0.0,0,781684145891,42949712899,0,H,,Разные модель/товар или hard-вариант: «кроссовки feabrate» ↔ «кроссовки moocie».
Обувь,exact_negative,0.0,0,781684151024,154618942294,0,H,,Разные модель/товар или hard-вариант: «тапочки» ↔ «тапочки moocie».
Обувь,exact_negative,0.0,0,807453999817,798863954363,0,H,,Разные модель/товар или hard-вариант: «кроссовки l.riding pulo кроссовки» ↔ «кроссовки moocie кроссовки».
Обувь,exact_negative,0.0,0,850403616442,231928307334,0,H,,Разные модель/товар или hard-вариант: «берцы» ↔ «ботинки moocie».
Обувь,exact_positive,1.0,1,120819,747324334293,0,H,GENERIC_OVERMATCH,"Разные бренды JYL и Zinbee; совпадают лишь тип, чёрный цвет и размер."
Обувь,exact_positive,1.0,1,128719,584115600718,1,H,,Совпадают модель/рецептура и hard-поля: «кроссовки» ↔ «nike / кроссовки air jordan 4».
Обувь,exact_positive,1.0,1,25769881736,558345805505,0,H,GENERIC_OVERMATCH,On без названия модели против generic On Running; один бренд/беговое назначение недостаточны.
Обувь,exact_positive,1.0,1,85899403372,584115628170,0,H,WRONG_ENTITY,"Мотоботы Boneless против женских высоких сапог: разные застёжки, пол и конструкция."
Обувь,exact_positive,1.0,1,154618867656,292057920270,0,M,GENERIC_OVERMATCH,Generic Nike светло-зелёные не привязаны к модели SB Dunk Low SE.
Обувь,exact_positive,1.0,1,197568510163,292057821205,0,H,WRONG_ENTITY,Сабо Lism 20251 на танкетке 6 см против плоских текстильных босоножек ZM0304.
Обувь,exact_positive,1.0,1,206158449514,695784705766,0,H,GENERIC_OVERMATCH,Adidas Response CTL7 против безымянных спортивных кроссовок без модельного якоря.
Обувь,exact_positive,1.0,1,206158593407,85899380666,0,M,GENERIC_OVERMATCH,Generic серые EVA-сабо не доказывают конкретную модель Crocs; общего артикула нет.
Обувь,exact_positive,1.0,1,283467961934,223338335241,1,H,,Совпадают модель/рецептура и hard-поля: «nike / кроссовки nike cdg supreme air force 1» ↔ «кроссовки nike nike».
Обувь,exact_positive,1.0,1,300647803193,317827670665,1,H,,Совпадают модель/рецептура и hard-поля: «new balance / кроссовки nb 9060 спортивная обувь» ↔ «кроссовки new balance 9060».
Обувь,exact_positive,1.0,1,326417644887,412316883319,0,H,WRONG_ENTITY,Moocie-сандалии со шнуровкой-фиксаторами против generic шлёпанцев.
Обувь,exact_positive,1.0,1,343597490295,360777353385,1,H,,Совпадают модель/рецептура и hard-поля: «кроссовки hoka one one restore tc» ↔ «hoka one one / спортивные тапки hoka restore tc».
Обувь,exact_positive,1.0,1,369367284263,420906921659,1,H,,"Совпадают модель/рецептура и hard-поля: «кроссовки nike air force 1 low» ↔ «nike / кроссовки air force 1 07 low x,голубые джинсы»."
Обувь,exact_positive,1.0,1,515396085163,274878043456,1,H,,Совпадают модель/рецептура и hard-поля: «кроссовки nike air zoom pegasus 40» ↔ «nike / nike air zoom pegasus 40 wildflowers».
Обувь,exact_positive,1.0,1,644245098618,566935784430,1,H,,Совпадают модель/рецептура и hard-поля: «passegiata ботинки» ↔ «дутики passegiata».
Обувь,exact_positive,1.0,1,670014908705,188978649261,1,H,,Совпадают модель/рецептура и hard-поля: «кроссовки jordan» ↔ «jordan / air jordan 13 retro».
Обувь,exact_positive,1.0,1,678604984315,377957221609,1,H,,Совпадают модель/рецептура и hard-поля: «milores / босоножки с закрытым мысом бордовые слингбэки» ↔ «босоножки».
Обувь,exact_positive,1.0,1,687194827087,137439042430,0,H,MODEL_VARIANT,Обычный Nike Air Force 1 Low против Air Force 1 Anniversary Edition Tiffany — иная версия.
Обувь,exact_positive,1.0,1,695784865604,180388687411,0,H,GENERIC_OVERMATCH,"Первая карточка кодирует Hoka Carbon X2, вторая лишь generic Hoka One One."
Обувь,exact_positive,1.0,1,712964588660,781684139824,1,H,,Совпадают модель/рецептура и hard-поля: «мистраль (обувь) ботинки мистраль ultra пу/тпу с пп и ас р.39 (119852)...» ↔ «ботинки рабочие мистраль».
Обувь,exact_positive,1.0,1,712964659795,575525627844,1,H,,Совпадают модель/рецептура и hard-поля: «ботинки thomas munz» ↔ «thomas munz / ботинки зимние замшевые».
Обувь,exact_positive,1.0,1,738734527358,481036485356,0,H,GENERIC_OVERMATCH,Только бренд Balenciaga и серый цвет; конкретная модель отсутствует в обеих карточках.
Обувь,exact_positive,1.0,1,755914356326,618475426520,1,H,,Совпадают модель/рецептура и hard-поля: «кроссовки nike air max 97» ↔ «nike / кроссовки nike air max 97».
Обувь,exact_positive,1.0,1,764504200144,395137109053,1,H,,Совпадают модель/рецептура и hard-поля: «кроссовки adidas galaxy 7» ↔ «adidas / кроссовки galaxy 7 m».
Обувь,exact_positive,1.0,1,841813619269,429496778466,1,H,,Совпадают модель/рецептура и hard-поля: «шлепанцы moocie» ↔ «шлёпанцы moocie».
Обувь,uncertain_negative,0.2222222222222222,0,94489401410,566935713650,1,M,MISSED_MATCH,Обе карточки — New Balance 2002R серого варианта; M2002RFL уточняет parent/model.
Обувь,uncertain_negative,0.2222222222222222,0,128849097831,120259099823,0,M,,Нет общего model/design ID либо конфликтуют hard-поля: «pierre cardin мокасины» ↔ «мокасины pierre cardin мужские натуральные летние».
Обувь,uncertain_negative,0.2222222222222222,0,292057819507,592705538737,0,M,,Нет общего model/design ID либо конфликтуют hard-поля: «угги princess gold теплая и комфортная обувь» ↔ «trien / угги зимние из экокожи на меху».
Обувь,uncertain_negative,0.2222222222222222,0,309237694046,335007555519,0,M,,"Нет общего model/design ID либо конфликтуют hard-поля: «кроссовки повседневные женские ""белая сетка""» ↔ «кроссовки летние»."
Обувь,uncertain_negative,0.2222222222222222,0,317827700066,94489372552,U,L,,"Очень похожие зимние Gustav Gutmann 40, но нет общего артикула и расходятся каблук/подошва."
Обувь,uncertain_negative,0.2222222222222222,0,317827727705,60129669133,0,M,,Нет общего model/design ID либо конфликтуют hard-поля: «ботинки» ↔ «ботинки moocie».
Обувь,uncertain_negative,0.2222222222222222,0,352187357603,309237663184,1,H,MISSED_MATCH,"Обе карточки прямо называют Nike Air Force 1 Low; размер/пол soft, белая гамма согласована."
Обувь,uncertain_negative,0.2222222222222222,0,498216233451,850403532005,0,M,,"Нет общего model/design ID либо конфликтуют hard-поля: «ботинки лыжные spine viper pro 251(nnn), 41р.» ↔ «ботинки лыжные spine»."
Обувь,uncertain_negative,0.2222222222222222,0,523986017841,223338416261,0,M,,Нет общего model/design ID либо конфликтуют hard-поля: «nike / кроссовки nike w cortez txt» ↔ «кроссовки nike nike cortez zn30».
Обувь,uncertain_negative,0.2222222222222222,0,575525744469,25769837799,0,M,,Нет общего model/design ID либо конфликтуют hard-поля: «угги moocie» ↔ «угги moocie осень-зима 2024».
Обувь,uncertain_negative,0.2222222222222222,0,609885453442,292057895589,0,M,,Нет общего model/design ID либо конфликтуют hard-поля: «босоножки» ↔ «босоножки».
Обувь,uncertain_negative,0.2222222222222222,0,695784872980,695784824677,1,H,MISSED_MATCH,Обе карточки — New Balance 530 бело-серебристого исполнения; пол/размер soft.
Обувь,uncertain_negative,0.2222222222222222,0,712964618228,163208772841,0,M,,Нет общего model/design ID либо конфликтуют hard-поля: «salamander / лоферы натуральная кожа» ↔ «слипоны salamander».
Обувь,uncertain_negative,0.3333333333333333,0,42949803027,833223770372,0,M,,Нет общего model/design ID либо конфликтуют hard-поля: «слипоны maribell shoes» ↔ «mister chen / слипоны текстильные без шнурков».
Обувь,uncertain_negative,0.3333333333333333,0,352187355832,635655208857,0,M,,Нет общего model/design ID либо конфликтуют hard-поля: «сапоги» ↔ «сапоги moocie».
Обувь,uncertain_negative,0.3333333333333333,0,403727006999,103079235494,0,M,,Нет общего model/design ID либо конфликтуют hard-поля: «nike / кроссовки nike sb dunk low» ↔ «кроссовки nike dunk low retro».
Обувь,uncertain_negative,0.3333333333333333,0,438086801272,790274119221,0,M,,"Нет общего model/design ID либо конфликтуют hard-поля: «кроссовки nike» ↔ «nike / кроссовки air force 1 low 07 x ambush,зеленый»."
Обувь,uncertain_negative,0.3333333333333333,0,566935841506,498216241652,0,M,,Нет общего model/design ID либо конфликтуют hard-поля: «on-running / высокие кроссовки спортивные сникеры для подростка» ↔ «кроссовки on».
Обувь,uncertain_negative,0.3333333333333333,0,730144480118,266288079792,0,M,,Нет общего model/design ID либо конфликтуют hard-поля: «respect / кроссовки женские» ↔ «кроссовки respect».
Обувь,uncertain_negative,0.3333333333333333,0,738734423024,644245209634,0,M,,Нет общего model/design ID либо конфликтуют hard-поля: «балетки tendance» ↔ «балетки tendance».
Обувь,uncertain_negative,0.4444444444444444,0,120259208563,721554588107,0,M,,Нет общего model/design ID либо конфликтуют hard-поля: «лоферы lolli|polli» ↔ «olypoly / лоферы женские натуральная кожа на платформе».
Обувь,uncertain_negative,0.4444444444444444,0,163208898100,738734472929,1,M,MISSED_MATCH,"Bugatti: чёрные мужские замшевые ботинки, Турция, подошва 2,5 см и одинаковые материалы."
Обувь,uncertain_negative,0.4444444444444444,0,309237697151,584115648154,0,M,,Нет общего model/design ID либо конфликтуют hard-поля: «сандалии moocie» ↔ «сандалии».
Обувь,uncertain_negative,0.4444444444444444,0,326417593500,171798784975,1,H,MISSED_MATCH,Точное совпадение New Balance 530 Black; размер в одной карточке не разделяет модель.
Обувь,uncertain_negative,0.4444444444444444,0,420906858453,721554566691,1,M,MISSED_MATCH,"Tendance: чёрная натуральная замша, женская пара, подошва около 3 см; лоферы/слипоны — синонимы."
Обувь,uncertain_positive,0.5555555555555556,1,17179874757,25769881825,0,H,GENERIC_OVERMATCH,Разные бренды Qingda и Kerna; общие признаки защитного ботинка не задают одну модель.
Обувь,uncertain_positive,0.5555555555555556,1,274877960706,249108127148,1,M,,Специфичная модель/рецептура совпадает; пропуски не являются конфликтом: «кроссовки lacoste elite active» ↔ «cross.com / кроссовки мужские lacoste elite active спортивные легкие».
Обувь,uncertain_positive,0.5555555555555556,1,532576095893,687194772617,1,M,,Специфичная модель/рецептура совпадает; пропуски не являются конфликтом: «nike / кроссовки zoom kobe 6» ↔ «кроссовки nike zoom kobe 6».
Обувь,uncertain_positive,0.5555555555555556,1,618475356396,50632,1,M,,Специфичная модель/рецептура совпадает; пропуски не являются конфликтом: «best shoes / резиновые сапоги ботинки утепленные эва» ↔ «сапоги резиновые best резиновые сапоги».
Обувь,uncertain_positive,0.5555555555555556,1,773094174402,652835090936,0,H,MODEL_VARIANT,Adidas Samba Vegan OG против обычной Samba с замшевым верхом — разная материал/версия.
Обувь,uncertain_positive,0.6666666666666666,1,541165986382,231928310810,0,H,MODEL_VARIANT,Обычный Air Jordan 1 Low против коллаборации Scott x Air Jordan 1 Low.
Обувь,uncertain_positive,0.7777777777777778,1,8590027180,335007467520,1,M,,Специфичная модель/рецептура совпадает; пропуски не являются конфликтом: «туфли pinkote» ↔ «pinkote / туфли лодочки из натуральной кожи».
Обувь,uncertain_positive,0.7777777777777778,1,34359750439,850403610875,1,M,,Специфичная модель/рецептура совпадает; пропуски не являются конфликтом: «бутсы для футзала nike lunar gato ii» ↔ «nike / бутсы lunar gato ii ic md low».
Обувь,uncertain_positive,0.7777777777777778,1,60129543828,609885469447,0,M,MODEL_VARIANT,Nike Dunk SB и обычный Dunk Low — разные линейки; общего артикула цветового SKU нет.
Обувь,uncertain_positive,0.7777777777777778,1,249108124938,154618870573,1,M,,Специфичная модель/рецептура совпадает; пропуски не являются конфликтом: «кроссовки леопард 674421» ↔ «леопард / летние детские кроссовки текстильные».
Обувь,uncertain_positive,0.7777777777777778,1,309237712581,309237802801,1,M,,Специфичная модель/рецептура совпадает; пропуски не являются конфликтом: «туфли obba» ↔ «obba / классические туфли на высоком каблуке с острым носом».
Обувь,uncertain_positive,0.7777777777777778,1,377957129783,420906903912,1,M,,Специфичная модель/рецептура совпадает; пропуски не являются конфликтом: «полуботинки kari» ↔ «полуботинки мужские kari 208241 черные 43 ru».
Обувь,uncertain_positive,0.7777777777777778,1,549755870208,146029028463,1,M,,Специфичная модель/рецептура совпадает; пропуски не являются конфликтом: «кроссовки nike nike pegasus plus» ↔ «nike / nike air zoom pegasus plus».
Обувь,uncertain_positive,0.7777777777777778,1,558345758133,755914337414,1,M,,Специфичная модель/рецептура совпадает; пропуски не являются конфликтом: «maison кеды» ↔ «кеды maison david paris».
Обувь,uncertain_positive,0.7777777777777778,1,670014906180,695784777487,1,M,,Специфичная модель/рецептура совпадает; пропуски не являются конфликтом: «bona / кроссовки демисезонные бона» ↔ «кроссовки bona демисезонные black-a».
Обувь,uncertain_positive,0.7777777777777778,1,721554545248,25769897111,1,M,,Специфичная модель/рецептура совпадает; пропуски не являются конфликтом: «кроссовки nike motiva» ↔ «кроссовки nike motiva».
Обувь,uncertain_positive,0.7777777777777778,1,747324370078,850403619240,1,M,,Специфичная модель/рецептура совпадает; пропуски не являются конфликтом: «adidas / кроссовки ozweego» ↔ «кроссовки adidas originals adidas originals ozweego».
Обувь,uncertain_positive,0.8888888888888888,1,223338340642,661425042808,1,M,,"Специфичная модель/рецептура совпадает; пропуски не являются конфликтом: «ботинки рабочие scenda» ↔ «scenda ботинки рабочие ""редгрей"" пу/тпу, натуральная кожа, 41 размер»."
Обувь,uncertain_positive,0.8888888888888888,1,309237747402,627065246476,1,M,,Специфичная модель/рецептура совпадает; пропуски не являются конфликтом: «кроссовки» ↔ «step to success / кроссовки в урбан стиле».
Обувь,uncertain_positive,0.8888888888888888,1,352187422362,403727044523,1,M,,Специфичная модель/рецептура совпадает; пропуски не являются конфликтом: «кроссовки altra timp 5 goretex» ↔ «altra / кроссовки женские altra timp 5 gtx».
Обувь,uncertain_positive,0.8888888888888888,1,386547164362,25769809152,1,M,,Специфичная модель/рецептура совпадает; пропуски не являются конфликтом: «adidas кроссовки everyset trainer» ↔ «кроссовки adidas everyset trainer w».
Обувь,uncertain_positive,0.8888888888888888,1,670015058257,738734502142,1,M,,"Специфичная модель/рецептура совпадает; пропуски не являются конфликтом: «мотоботы sidi adventure 2 gore military, 46» ↔ «мотоботы sidi adventure 2 gore military»."
Обувь,uncertain_positive,0.8888888888888888,1,721554511783,317827721322,1,M,,Специфичная модель/рецептура совпадает; пропуски не являются конфликтом: «кроссовки adidas originals adimatic» ↔ «кроссовки adidas originals adimatic».
Обувь,uncertain_positive,0.8888888888888888,1,730144526269,790274052140,1,M,,Специфичная модель/рецептура совпадает; пропуски не являются конфликтом: «nike / кроссовки nike wmns nike field general» ↔ «кроссовки nike field general 82».
Обувь,uncertain_positive,0.8888888888888888,1,738734406022,369367361482,1,M,,"Специфичная модель/рецептура совпадает; пропуски не являются конфликтом: «полуботинки рабочие союзспецодежда» ↔ «союзспецодежда / ботинки ""союз"" с металлическим подноском»."
Одежда,exact_negative,0.0,0,91068,489626400159,0,H,,Разные модель/товар или hard-вариант: «тренчкот moocie весна-лето 2025» ↔ «ветровка».
Одежда,exact_negative,0.0,0,8590023622,103079319449,0,H,,Разные модель/товар или hard-вариант: «куртка moocie» ↔ «куртка кожаная».
Одежда,exact_negative,0.0,0,42949810683,687194907922,0,H,,Разные модель/товар или hard-вариант: «платье весна-лето 2023» ↔ «платье италия одевалки».
Одежда,exact_negative,0.0,0,77309537435,292057878717,0,H,,Разные модель/товар или hard-вариант: «куртка демисезонная с капюшоном утепленная» ↔ «куртка весна».
Одежда,exact_negative,0.0,0,111669223195,515396144804,0,H,,Разные модель/товар или hard-вариант: «сарафан» ↔ «костюм классический moocie».
Одежда,exact_negative,0.0,0,120259225850,5292,0,H,,Разные модель/товар или hard-вариант: «свитер moocie» ↔ «футболка для дома».
Одежда,exact_negative,0.0,0,146028891710,652835099279,0,H,,Разные модель/товар или hard-вариант: «юбка» ↔ «юбка».
Одежда,exact_negative,0.0,0,163208899877,747324396234,0,H,,Разные модель/товар или hard-вариант: «платье базовая коллекция» ↔ «платье блестящее платье».
Одежда,exact_negative,0.0,0,206158555909,438086787488,0,H,,Разные модель/товар или hard-вариант: «present perfect / топ шелковый под пиджак вечерний» ↔ «кроп-топ».
Одежда,exact_negative,0.0,0,223338300531,206158536850,0,H,,Разные модель/товар или hard-вариант: «кардиган» ↔ «свитер».
Одежда,exact_negative,0.0,0,309237724432,111669258468,0,H,,"Разные модель/товар или hard-вариант: «боди doness, 1 шт» ↔ «doness / сорочка ночная»."
Одежда,exact_negative,0.0,0,352187387324,670014942238,0,H,,Разные модель/товар или hard-вариант: «комплект одежды moocie» ↔ «комплект одежды».
Одежда,exact_negative,0.0,0,412316922604,128849077726,0,H,,Разные модель/товар или hard-вариант: «рубашка базовая коллекция» ↔ «рубашка».
Одежда,exact_negative,0.0,0,412317001129,652835142262,0,H,,Разные модель/товар или hard-вариант: «куртка джинсовая» ↔ «куртка moocie».
Одежда,exact_negative,0.0,0,472446498488,652835072691,0,H,,Разные модель/товар или hard-вариант: «платье» ↔ «платье базовая коллекция».
Одежда,exact_negative,0.0,0,489626398622,231928253985,0,H,,Разные модель/товар или hard-вариант: «пижама zara» ↔ «пижама moocie».
Одежда,exact_negative,0.0,0,549755825841,94489292207,0,H,,Разные модель/товар или hard-вариант: «пуловер» ↔ «свитер king billion».
Одежда,exact_negative,0.0,0,549755859445,764504333067,0,H,,Разные модель/товар или hard-вариант: «мотоджерси» ↔ «джерси».
Одежда,exact_negative,0.0,0,670014920603,257698144929,0,H,,Разные модель/товар или hard-вариант: «куртка сноубордическая» ↔ «толстовка спортивная».
Одежда,exact_negative,0.0,0,704374683710,824633761623,0,H,,Разные модель/товар или hard-вариант: «плащ gagn» ↔ «ht store / плащ стеганый короткий».
Одежда,exact_negative,0.0,0,738734392423,635655322184,0,H,,Разные модель/товар или hard-вариант: «брюки спортивные moocie» ↔ «брюки спортивные moocie».
Одежда,exact_negative,0.0,0,747324318205,77309553308,0,H,,Разные модель/товар или hard-вариант: «колготки kaftan» ↔ «колготки kaftan».
Одежда,exact_negative,0.0,0,773094220188,721554615501,0,H,,Разные модель/товар или hard-вариант: «шуба moocie» ↔ «шуба moocie».
Одежда,exact_negative,0.0,0,790273993711,146028973916,0,H,,Разные модель/товар или hard-вариант: «футболка» ↔ «союз принт футболка с принтом».
Одежда,exact_negative,0.0,0,850403532700,566935684231,0,H,,Разные модель/товар или hard-вариант: «пальто moocie» ↔ «парка».
Одежда,exact_positive,1.0,1,25769942693,206158546446,0,M,GENERIC_OVERMATCH,Zolla Henley с планкой против generic жёлтой футболки Zolla без model/style ID.
Одежда,exact_positive,1.0,1,34359864755,274877908785,1,H,,"Совпадают модель/рецептура и hard-поля: «плавки adidas 3s bld boxer, 1 шт» ↔ «adidas / плавки 3s bld boxer»."
Одежда,exact_positive,1.0,1,68719477271,34359781335,0,H,MODEL_VARIANT,ORTO 223 norm против 4223 long: разные артикул и длина компрессионных чулок.
Одежда,exact_positive,1.0,1,77309439723,292057869957,1,H,,"Совпадают модель/рецептура и hard-поля: «эвантюэль / носки для детей шерсть мериноса ажур-1» ↔ «носки эвантюэль шерсть ажур-1, 1 пара»."
Одежда,exact_positive,1.0,1,111669192740,249108161609,1,H,,Совпадают модель/рецептура и hard-поля: «футболка hbk company хит» ↔ «hbk / футболка черная летняя и принт медвежонок».
Одежда,exact_positive,1.0,1,223338356685,17179932540,1,H,,Совпадают модель/рецептура и hard-поля: «smail-print / футболка бигль в колпаке» ↔ «футболка smail-p».
Одежда,exact_positive,1.0,1,231928361295,386547122746,1,H,,Совпадают модель/рецептура и hard-поля: «шуба moocie» ↔ «шуба moocie».
Одежда,exact_positive,1.0,1,249108129710,712964577975,1,H,,Совпадают модель/рецептура и hard-поля: «платье» ↔ «платье moocie базовая коллекция».
Одежда,exact_positive,1.0,1,249108208580,188978619724,0,H,WRONG_ENTITY,Безбрендовая футболка с волком против Nike tie-dye: бренд и рисунок конфликтуют.
Одежда,exact_positive,1.0,1,386547143775,747324383567,0,H,MODEL_VARIANT,Tushangge DP тёмно-пурпурная футболка против LP лиловой блузки — иной цветовой/фасонный вариант.
Одежда,exact_positive,1.0,1,438086795471,798863918692,0,H,MODEL_VARIANT,"Mark Formelle: одна карточка «на косточках», другая прямо «косточки: нет»; модели нет."
Одежда,exact_positive,1.0,1,481036479937,94489352983,1,H,,Совпадают модель/рецептура и hard-поля: «куртка sterntaler» ↔ «sterntaler / куртка демисезонная детская sterntaler».
Одежда,exact_positive,1.0,1,489626330534,292057789387,1,H,,Совпадают модель/рецептура и hard-поля: «куртка urban fashion for men» ↔ «urban fashion for men / демисезонная стеганая куртка».
Одежда,exact_positive,1.0,1,498216317293,816043830160,0,M,GENERIC_OVERMATCH,Generic синее кружевное боди без общего бренда/design ID; состав и тип слишком общие.
Одежда,exact_positive,1.0,1,549755898337,523986076587,1,H,,"Совпадают модель/рецептура и hard-поля: «minaku варежки» ↔ «официальный представитель ""minaku"" / варежки детские на иск.меху minaku с опу…»."
Одежда,exact_positive,1.0,1,566935749306,566935700229,U,L,,"Похожие светло-розовые блузки 42, но нет артикула; декор «воротник» против вышивки."
Одежда,exact_positive,1.0,1,635655309201,841813735509,0,H,GENERIC_OVERMATCH,«Футболка аниме» не доказывает конкретный принт Hellsing; дизайн одежды hard.
Одежда,exact_positive,1.0,1,652835050723,498216275139,0,M,MODEL_VARIANT,Real Madrid «дракон» против общей футбольной формы; конкретный дизайн/состав комплекта не совпал.
Одежда,exact_positive,1.0,1,652835112543,292057928117,0,H,WRONG_ENTITY,"Liketeks туника с капюшоном против Svetext футболки; бренды, крой и параметры модели различаются."
Одежда,exact_positive,1.0,1,661425045160,377957150570,1,H,,Совпадают модель/рецептура и hard-поля: «брюки oodji» ↔ «oodji / брюки свободного силуэта из футера с начесом».
Одежда,exact_positive,1.0,1,730144566873,721554622352,0,H,GENERIC_OVERMATCH,Футболка с принтом Stitch против generic чёрной футболки без описания рисунка.
Одежда,exact_positive,1.0,1,747324406367,412316997206,0,H,WRONG_ENTITY,Слитный женский купальник против детского пляжного комплекта Moocie.
Одежда,exact_positive,1.0,1,773094153939,369367192562,0,H,WRONG_ENTITY,Сиреневый хлопковый комплект с шортами против чёрной полиэстеровой кружевной пижамы.
Одежда,exact_positive,1.0,1,816043796346,687194911680,U,L,,"Kerry серый зимний комплект 116, но во второй карточке нет Ruby/рисунка и состава комплекта."
Одежда,exact_positive,1.0,1,850403652258,472446409111,1,H,,Совпадают модель/рецептура и hard-поля: «брюки кюлоты moocie весна-лето 2023» ↔ «брюки moocie».
Одежда,uncertain_negative,0.2222222222222222,0,103079284891,395137133292,0,M,,Нет общего model/design ID либо конфликтуют hard-поля: «брюки женский стиль» ↔ «bt store / штаны спортивные с начесом джоггеры для женщин».
Одежда,uncertain_negative,0.2222222222222222,0,231928344249,154618958085,0,M,,Нет общего model/design ID либо конфликтуют hard-поля: «комплект термобелья esdy термобелье» ↔ «термобелье зимнее военное мультикам 5.11».
Одежда,uncertain_negative,0.2222222222222222,0,292057783372,523986045163,0,M,,Нет общего model/design ID либо конфликтуют hard-поля: «blend / брюки (джерси)» ↔ «брюки спортивные levi's».
Одежда,uncertain_negative,0.2222222222222222,0,335007498297,257698042847,0,M,,Нет общего model/design ID либо конфликтуют hard-поля: «комплект футболок» ↔ «футболка однотонная базовая набор 3 шт».
Одежда,uncertain_negative,0.2222222222222222,0,429496784528,627065380218,0,M,,Нет общего model/design ID либо конфликтуют hard-поля: «бриджи nina f» ↔ «bao style / бриджи женские/джинсовые большие размеры».
Одежда,uncertain_negative,0.2222222222222222,0,455266678913,317827658634,0,M,,"Нет общего model/design ID либо конфликтуют hard-поля: «льняные летние мужские носки оптом купить / льняные муские тонкие носки оптом…» ↔ «носки белорусские носки лето, 20 пар»."
Одежда,uncertain_negative,0.2222222222222222,0,549755854941,635655262926,0,M,,"Нет общего model/design ID либо конфликтуют hard-поля: «носки короткие набор 10 пар» ↔ «носки, 10 пар»."
Одежда,uncertain_negative,0.2222222222222222,0,575525731756,773094227610,0,M,,Нет общего model/design ID либо конфликтуют hard-поля: «свитер moocie» ↔ «джемпер».
Одежда,uncertain_negative,0.2222222222222222,0,670015040175,438086697073,0,M,,"Нет общего model/design ID либо конфликтуют hard-поля: «колготки illen колготки и чулки, 20 ден, 1 шт» ↔ «illen / колготки капроновые школьные 20 den»."
Одежда,uncertain_negative,0.2222222222222222,0,687194927947,412316931148,0,M,,Нет общего model/design ID либо конфликтуют hard-поля: «шорты zarina» ↔ «zarina шорты джинсовые».
Одежда,uncertain_negative,0.2222222222222222,0,841813640215,773094218218,0,M,,Нет общего model/design ID либо конфликтуют hard-поля: «куртка moocie базовая коллекция» ↔ «куртка джинсовая свободная длинная хлопковой рубашка».
Одежда,uncertain_negative,0.3333333333333333,0,34359786182,309237687879,1,M,MISSED_MATCH,"Обе карточки — женские чёрные softshell-брюки Nordski размера L, производство Россия."
Одежда,uncertain_negative,0.3333333333333333,0,85899411964,214748506611,0,M,,Нет общего model/design ID либо конфликтуют hard-поля: «nike / acg пуховик» ↔ «куртка nike».
Одежда,uncertain_negative,0.3333333333333333,0,163208821570,438086667038,0,M,,Нет общего model/design ID либо конфликтуют hard-поля: «футболка d» ↔ «сима-ленд & minaku / футболка базовая однотонная оверсайз».
Одежда,uncertain_negative,0.3333333333333333,0,188978575177,412316993101,0,M,,Нет общего model/design ID либо конфликтуют hard-поля: «шуба» ↔ «шуба искусственная moocie».
Одежда,uncertain_negative,0.3333333333333333,0,249108184176,712964637194,1,H,MISSED_MATCH,"Big Bang Socks: высокие голубые, 98/2 хлопок-эластан, 1 пара, Россия — точный вариант."
Одежда,uncertain_negative,0.3333333333333333,0,257698039596,42949806689,0,M,,Нет общего model/design ID либо конфликтуют hard-поля: «шуба moocie» ↔ «шуба искусственная».
Одежда,uncertain_negative,0.3333333333333333,0,498216222520,74393,0,M,,Нет общего model/design ID либо конфликтуют hard-поля: «рубашка» ↔ «рубашка moocie базовая коллекция».
Одежда,uncertain_negative,0.3333333333333333,0,498216347063,377957235029,0,M,,"Нет общего model/design ID либо конфликтуют hard-поля: «allberi / трусы семейные набор» ↔ «трусы боксеры, шорты damaska, 3 шт»."
Одежда,uncertain_negative,0.3333333333333333,0,627065315526,223338365446,0,M,,Нет общего model/design ID либо конфликтуют hard-поля: «kolibri / рубашка в клетку с капюшоном оверсайз» ↔ «рубашка».
Одежда,uncertain_negative,0.3333333333333333,0,695784728395,274877972253,1,H,MISSED_MATCH,"Один принт «Сплин» на красной футболке; Philprint/Smail-P — продавцы, фото-параметры и уход совпали."
Одежда,uncertain_negative,0.3333333333333333,0,747324370170,515396152714,0,M,,Нет общего model/design ID либо конфликтуют hard-поля: «джинсы» ↔ «без бренда джинсы клеш синий».
Одежда,uncertain_negative,0.3333333333333333,0,781684123036,833223805947,0,M,,Нет общего model/design ID либо конфликтуют hard-поля: «jlab / футболка базовая с усиленным плечом» ↔ «футболка футболка».
Одежда,uncertain_negative,0.4444444444444444,0,386547091904,730144563867,0,M,,Нет общего model/design ID либо конфликтуют hard-поля: «1st multibrand / худи без начеса» ↔ «худи iksel».
Одежда,uncertain_negative,0.4444444444444444,0,773094198095,197568502896,0,M,,Нет общего model/design ID либо конфликтуют hard-поля: «костюм спортивный ксения» ↔ «private page / костюм спортивный без начеса».
Одежда,uncertain_positive,0.5555555555555556,1,146363,386547067722,0,H,GENERIC_OVERMATCH,Incanto Nero без модели не доказывает вариант в классическую сетку; рисунок колготок hard.
Одежда,uncertain_positive,0.5555555555555556,1,8590061082,472446480154,1,M,,Специфичная модель/рецептура совпадает; пропуски не являются конфликтом: «ginger-cat / футболка с принтом со смайлом» ↔ «футболка smail-p смайл».
Одежда,uncertain_positive,0.5555555555555556,1,34359821434,566935840276,0,H,MODEL_VARIANT,Generic серая майка против Fanzi в рубчик со встроенными чашками — иная конструкция.
Одежда,uncertain_positive,0.5555555555555556,1,163208827859,386547182299,1,M,,Специфичная модель/рецептура совпадает; пропуски не являются конфликтом: «футболка smail-p знак зодиака овен» ↔ «gingercate / футболка овен знак зодиака».
Одежда,uncertain_positive,0.5555555555555556,1,335007599424,120259169287,0,H,GENERIC_OVERMATCH,Разные бренды Смайлтекс/T-SOD; серое хлопковое поло — слишком общий тип.
Одежда,uncertain_positive,0.5555555555555556,1,386547207684,541165901676,0,M,GENERIC_OVERMATCH,CK Jeans 3-piece из Египта против generic Calvin Klein 3-piece из Турции; model ID отсутствует.
Одежда,uncertain_positive,0.5555555555555556,1,661424988116,17179874298,0,H,MODEL_VARIANT,Обычные Vigoss jeans против явно утеплённых флисом — hard-вариант конструкции.
Одежда,uncertain_positive,0.5555555555555556,1,721554517684,747324416655,0,H,GENERIC_OVERMATCH,"Два generic набора по 10 носков; нет бренда/design ID, состав и рисунок описаны лишь у одного."
Одежда,uncertain_positive,0.5555555555555556,1,841813706759,249108204492,1,M,,Специфичная модель/рецептура совпадает; пропуски не являются конфликтом: «baykar / майка топ для девочки бельевая набор 3 шт хлопок» ↔ «топ baykar для девочек».
Одежда,uncertain_positive,0.6666666666666666,1,309237695862,51539698872,1,M,,"Специфичная модель/рецептура совпадает; пропуски не являются конфликтом: «бюстгальтер lanny mode нижнее белье» ↔ «lanny mode / бюстгальтер - мягкая чашка, на каркасах.»."
Одежда,uncertain_positive,0.6666666666666666,1,489626348319,652835034937,0,H,GENERIC_OVERMATCH,"Generic хаки-футболка против Primestore oversize; общего style ID нет, покрой расходится."
Одежда,uncertain_positive,0.7777777777777778,1,352187464995,420906854257,1,M,,Специфичная модель/рецептура совпадает; пропуски не являются конфликтом: «rusland / куртка демисезонная для подростка» ↔ «ветровка rusland».
Одежда,uncertain_positive,0.7777777777777778,1,360777285493,687194855135,1,M,,Специфичная модель/рецептура совпадает; пропуски не являются конфликтом: «balaloum / бюстгальтер гладкий» ↔ «бюстгальтер balaloum 9423».
Одежда,uncertain_positive,0.7777777777777778,1,446676686558,266288002516,0,H,GENERIC_OVERMATCH,Bungly школьная рубашка против generic каталожной голубой рубашки без состава/фасона.
Одежда,uncertain_positive,0.7777777777777778,1,506806193858,695784803038,1,M,,"Специфичная модель/рецептура совпадает; пропуски не являются конфликтом: «трусы слипы dondon нижнее белье, 1 шт» ↔ «dondon / трусы-слипы с низкой посадкой»."
Одежда,uncertain_positive,0.7777777777777778,1,549755919532,678604906798,1,M,,Специфичная модель/рецептура совпадает; пропуски не являются конфликтом: «sela / широкие брюки из коллекции sela archive» ↔ «брюки sela».
Одежда,uncertain_positive,0.7777777777777778,1,807453890696,721554519435,0,H,GENERIC_OVERMATCH,Generic камуфляжная футболка не доказывает конкретный рисунок Multicam и модель.
Одежда,uncertain_positive,0.8888888888888888,1,163208805512,498216352804,1,M,,Специфичная модель/рецептура совпадает; пропуски не являются конфликтом: «брюки lassie» ↔ «lassie / детские брюки демисезонные на лямках».
Одежда,uncertain_positive,0.8888888888888888,1,481036361112,687194862263,0,H,GENERIC_OVERMATCH,Generic чёрные трусы против Face ID стрингов; модель первой карточки неизвестна.
Одежда,uncertain_positive,0.8888888888888888,1,515396185457,773094172204,1,M,,Специфичная модель/рецептура совпадает; пропуски не являются конфликтом: «рубашка» ↔ «office woman / рубашка приталенная с коротким рукавом в офис».
Одежда,uncertain_positive,0.8888888888888888,1,541165927880,180388757188,1,M,,Специфичная модель/рецептура совпадает; пропуски не являются конфликтом: «толстовка аско» ↔ «аско / толстовка на молнии трикотажная флис».
Одежда,uncertain_positive,0.8888888888888888,1,575525718607,180388668737,1,M,,"Специфичная модель/рецептура совпадает; пропуски не являются конфликтом: «trives / компрессионные чулки 2 класс от отеков на роды и операции» ↔ «чулки компрессионные trives белый, 2 класс компрессии, 1 пара»."
Одежда,uncertain_positive,0.8888888888888888,1,635655310785,154618933316,0,H,GENERIC_OVERMATCH,"Koton экрю 100% хлопок, но без артикула; страна Индия против Турции, моделей брюк много."
Одежда,uncertain_positive,0.8888888888888888,1,652835056777,163208842552,0,M,GENERIC_OVERMATCH,"Conte 15 den одного оттенка, но у первой явно верх с шортиками; у второй модель не указана."
Одежда,uncertain_positive,0.8888888888888888,1,704374668341,644245118208,1,M,,Специфичная модель/рецептура совпадает; пропуски не являются конфликтом: «юбка green light» ↔ «green light / юбка».
Продукты питания,exact_negative,0.0,0,60129577879,549755953927,0,H,,"Разные модель/товар или hard-вариант: «ротфронт / конфеты вечерний звон и осенний вальс, ассорти купола 1 кг» ↔ «конфеты осенний вальс»."
Продукты питания,exact_negative,0.0,0,60129598035,592705506660,0,H,,"Разные модель/товар или hard-вариант: «зефир ударница шармэль со вкусом пломбира в шоколаде 250 г, набор: 5 штук» ↔ «зефир шармэль классический в шоколаде 120 г»."
Продукты питания,exact_negative,0.0,0,188978592977,17179978445,0,H,,"Разные модель/товар или hard-вариант: «чай травяной ahmad tea с ароматом персика и малины, 36 г, 1 шт» ↔ «чай черный ahmad tea ""персик""»."
Продукты питания,exact_negative,0.0,0,188978604955,395137068895,0,H,,"Разные модель/товар или hard-вариант: «кофе молотый жокей кафе итальяно, 250 г (от0499-12)» ↔ «жокей / кофе молотый jockey caffe italiano, 100 г»."
Продукты питания,exact_negative,0.0,0,188978689069,137438978412,0,H,,"Разные модель/товар или hard-вариант: «3 glocken / макаронные изделия лапша 3 glocken, 500 г, германия» ↔ «макароны 3 glocken genuss pur клёцки, 500г»."
Продукты питания,exact_negative,0.0,0,197568511230,51539672521,0,H,,"Разные модель/товар или hard-вариант: «кофе растворимый черная карта сублимированный,/стеклянная банка 2шт по 190гр.» ↔ «carte noire / кофе растворимый carte noire натуральный, 2шт»."
Продукты питания,exact_negative,0.0,0,326417572675,506806192014,0,H,,"Разные модель/товар или hard-вариант: «сопьо крима / сухие сливки сопьо крима хи чанг 500 гр 1шт» ↔ «заменитель молочного продукта сопьо крима 0,5кг (сливки) 3 упаковки»."
Продукты питания,exact_negative,0.0,0,360777264252,558345794382,0,H,,"Разные модель/товар или hard-вариант: «бизнес меню с тушеной говядиной в пряном соусе с овощами, 110г, россия, 110 г» ↔ «лапша бизнес меню с куриным филе с приправами и овощами быстрого приготовлени…»."
Продукты питания,exact_negative,0.0,0,360777338907,94489328276,0,H,,"Разные модель/товар или hard-вариант: «килька mr. fish & chips в соусе сальса балтийская обжаренная, 240г» ↔ «килька mr. fish & chips в соусе барбекю 240 г»."
Продукты питания,exact_negative,0.0,0,412316924193,223338429644,0,H,,"Разные модель/товар или hard-вариант: «данила травник фиточай ""горный алтай""» ↔ «данила травник / травяной грудной сбор фиточай алтая 150г»."
Продукты питания,exact_negative,0.0,0,412317001123,670015017387,0,H,,"Разные модель/товар или hard-вариант: «milford / подсластитель milford suss на основе цикламата и, 4шт» ↔ «подсластитель milford 1200 таблеток заменитель сахара»."
Продукты питания,exact_negative,0.0,0,420906797591,360777422664,0,H,,"Разные модель/товар или hard-вариант: «кофе молотый жокей традиционный 100г, 7шт» ↔ «кофе жокей по-восточному молотый 250 г, набор: 7 штук»."
Продукты питания,exact_negative,0.0,0,446676724448,206158550089,0,H,,"Разные модель/товар или hard-вариант: «гарам масала кармешу 100 гр. garam masala karmeshu 100 gm.» ↔ «karmeshu / sambhar masala (смесь специй для супа), 100 г.»."
Продукты питания,exact_negative,0.0,0,446676729054,601295570998,0,H,,"Разные модель/товар или hard-вариант: «сладкая картинка / сахарная картинка украшение на торт день рождение женщине» ↔ «сахарная картинка для бенто торта на день рождения девушке, женщине. украшени…»."
Продукты питания,exact_negative,0.0,0,463856492030,807453934418,0,H,,Разные модель/товар или hard-вариант: «сахарная картинка для торта халк. украшение для торта мальчику на день рожден…» ↔ «printort / вафельная картинка для капкейков халк мальчику сыну».
Продукты питания,exact_negative,0.0,0,541165925389,266288087684,0,H,,Разные модель/товар или hard-вариант: «нескафé кофе растворимый сублимированный 220г. 1шт.» ↔ «кофе растворимый нескафе голд крема 170г».
Продукты питания,exact_negative,0.0,0,566935730214,412316963359,0,H,,Разные модель/товар или hard-вариант: «сахарная картинка для торта девушке 35 на 35 лет. украшение для торта девушке…» ↔ «printort / вафельная картинка для леденцов девушке 35 день рождения».
Продукты питания,exact_negative,0.0,0,575525737206,249108147637,0,H,,"Разные модель/товар или hard-вариант: «увелка крупа перловая в пакетах для варки (5пак.х80гр.) 400гр.*3шт.» ↔ «увелка / крупа перловая увелка, 800г, 9шт»."
Продукты питания,exact_negative,0.0,0,695784812257,721554614022,0,H,,"Разные модель/товар или hard-вариант: «abazzilla / 1шт чай ahmad earl grey черный с ароматом бергамота,100 пак» ↔ «чай черный ahmad tea earl grey с ароматом бергамота листовой 200 г»."
Продукты питания,exact_negative,0.0,0,704374665178,386547179291,0,H,,"Разные модель/товар или hard-вариант: «akbar чай зеленый gold, 90 г, 2 уп» ↔ «akbar чай зеленый крупнолистовой китайский gold, 200 г , 2 шт.»."
Продукты питания,exact_negative,0.0,0,764504329092,283467980606,0,H,,"Разные модель/товар или hard-вариант: «tess чай зеленый flirt, листовой, 100 г, 2 уп» ↔ «tess / чай зеленый»."
Продукты питания,exact_negative,0.0,0,790274095163,807453907576,0,H,,Разные модель/товар или hard-вариант: «смузи без сахара тонус набор 5 шт.» ↔ «сава / смузи без сахара баланс набор 5 шт.».
Продукты питания,exact_negative,0.0,0,824633747500,360777309533,0,H,,"Разные модель/товар или hard-вариант: «принцесса нури 100 / чай черный высокогорный пакетированный 100г 50шт., 10 шт» ↔ «чай ""принцесса нури"" высокогорный 100пак.*2гр. 5шт.»."
Продукты питания,exact_negative,0.0,0,824633763727,446676610890,0,H,,"Разные модель/товар или hard-вариант: «масло оливковое extra virgin, filippo berio, 500 мл, италия» ↔ «filippo berio / оливковое масло для жарки рафинированное filippo berio»."
Продукты питания,exact_negative,0.0,0,850403639867,807453894486,0,H,,"Разные модель/товар или hard-вариант: «чай черный выбор семьи с мятой, среднелистовой, 100г» ↔ «выбор семьи / чай черный выбор семьи с мятой, среднелистовой, 100г, 8шт»."
Продукты питания,exact_positive,1.0,1,8589965266,25769807809,1,H,,"Совпадают модель/рецептура и hard-поля: «суп maggi звездочки 54г, 5 шт» ↔ «maggi / суп звездочки - 5 пачек по 54г !»."
Продукты питания,exact_positive,1.0,1,17179879579,721554583046,1,H,,"Совпадают модель/рецептура и hard-поля: «кофе молотый poetti ""mokka"" 250 г, 18102» ↔ «кофе молотый poetti ""mokka"" 250 г 622729-4027»."
Продукты питания,exact_positive,1.0,1,94489380603,94489351009,1,H,,"Совпадают модель/рецептура и hard-поля: «кофе растворимый жокей фаворит 150 грамм пакет 2 штуки» ↔ «кофе растворимый гранулированный жокей фаворит, пакет, 2 шт по 150 г»."
Продукты питания,exact_positive,1.0,1,146029032197,34359766261,1,H,,Совпадают модель/рецептура и hard-поля: «макароны federici вермишель 500г» ↔ «макароны federici вермишель №96 d».
Продукты питания,exact_positive,1.0,1,257698081360,661424983539,1,H,,"Совпадают модель/рецептура и hard-поля: «суп тосканский yelli с полбой и томатами 200 г, набор: 4 штуки» ↔ «yelli смесь для супа тосканский с полбой и томатами, 200 г, 4 уп»."
Продукты питания,exact_positive,1.0,1,274877931162,137439093865,1,H,,Совпадают модель/рецептура и hard-поля: «оливковое масло filippo berio pure рафинированное c добавлением нерафинирован…» ↔ «масло оливковое filippo berio pure рафинированное c добавлением нерафинирован…».
Продукты питания,exact_positive,1.0,1,335007605736,695784832011,1,H,,Совпадают модель/рецептура и hard-поля: «лапша роллтон с говядиной по-домашнему 85г» ↔ «лапша роллтон по-домашнему с говядиной 85 г».
Продукты питания,exact_positive,1.0,1,369367291984,549755876525,1,H,,"Совпадают модель/рецептура и hard-поля: «конфеты коркунов ассорти из темного и молоч шоколада» ↔ «mars, конфеты, а.коркунов, ассорти темный, молочный шоколад, 165 грамм»."
Продукты питания,exact_positive,1.0,1,420906890382,481036421744,1,H,,"Совпадают модель/рецептура и hard-поля: «кофе в зернах carte noire 0,8 кг, 8052333. комплект - 1шт.» ↔ «кофе в зернах carte noire original, 800 г»."
Продукты питания,exact_positive,1.0,1,429496864040,120259111906,1,H,,Совпадают модель/рецептура и hard-поля: «паста nutella ореховая с какао 350 г» ↔ «комплект одежды».
Продукты питания,exact_positive,1.0,1,438086783571,670014907858,1,H,,"Совпадают модель/рецептура и hard-поля: «молоко parmalat ультрапастеризованное 3.5% бзмж 1л» ↔ «молоко 3,5% ультрапастеризованное 1 л parmalat бзмж»."
Продукты питания,exact_positive,1.0,1,446676693077,231928289470,1,H,,"Совпадают модель/рецептура и hard-поля: «мама карелия, соль ""карельская"" с солью белого моря, морошкой и можжевельником» ↔ «мама карелия / соль ""карельская"" с солью белого моря, морошкой и можжевельн»."
Продукты питания,exact_positive,1.0,1,481036385727,687194832109,1,H,,"Совпадают модель/рецептура и hard-поля: «kovis сдоба колечки со сгущенкой,240 г» ↔ «колечки сдобные kovis с кремом вареная сгущенка 240г»."
Продукты питания,exact_positive,1.0,1,506806280712,601295503991,1,H,,Совпадают модель/рецептура и hard-поля: «кофейное ассорти (в зёрнах): лесной орех / пралине / вишня в шоколаде (3*100г…» ↔ «монтана кофе / кофе сет (3*100г): орех / пралине / вишня в шоколаде».
Продукты питания,exact_positive,1.0,1,541166031027,42949743529,1,H,,"Совпадают модель/рецептура и hard-поля: «дядя ваня / перец дядя ваня халапеньо, 350 г, 2 шт» ↔ «дядя ваня перец халапеньо, 350 г, 2 шт»."
Продукты питания,exact_positive,1.0,1,558345883743,798863990455,1,H,,"Совпадают модель/рецептура и hard-поля: «семечки подсолнечные от мартина отборные жареные 200 г» ↔ «семечки от мартина отборные жареные, 200г»."
Продукты питания,exact_positive,1.0,1,601295579372,652835097792,0,H,QUANTITY_BUNDLE,"Первая карточка — 6×150 г Chupa Chups Rolls, вторая — одна упаковка 150 г."
Продукты питания,exact_positive,1.0,1,652835149508,481036410294,1,H,,"Совпадают модель/рецептура и hard-поля: «зерновой кофе paulig(паулинг)""president"",натуральный, 1000 г, . зерновой кофе…» ↔ «paulig / кофе в зернах presidentti, 1кг»."
Продукты питания,exact_positive,1.0,1,661425093766,403727045823,1,H,,"Совпадают модель/рецептура и hard-поля: «кофе в зёрнах poetti leggenda oro 1 кг» ↔ «кофе poetti leggenda oro в зернах, 1кг, 1 шт»."
Продукты питания,exact_positive,1.0,1,687194936040,94489344581,1,H,,"Совпадают модель/рецептура и hard-поля: «коломенское / печенье сахарное коломенское классическое, 240г, 6шт» ↔ «печенье коломенское классическое сахарное 240 г, набор: 6 штук»."
Продукты питания,exact_positive,1.0,1,695784793265,807453909097,1,H,,Совпадают модель/рецептура и hard-поля: «кукурузное масло затея рафинированное дезодорированное 1 л» ↔ «масло затея кукурузное рафинированное 1л».
Продукты питания,exact_positive,1.0,1,712964716090,197568629254,1,H,,"Совпадают модель/рецептура и hard-поля: «кофе жареный в зернах ароматизированный 750 г клюква, миндаль, клубника (набо…» ↔ «пейте дома кофе жареный в зернах ароматизированный 750 г клюква, клубника, ми…»."
Продукты питания,exact_positive,1.0,1,747324356517,283467980456,1,H,,Совпадают модель/рецептура и hard-поля: «сайра тихоокеанская натуральная доброфлот 245г» ↔ «доброфлот сайра тихоокеанская натуральная 245 г».
Продукты питания,exact_positive,1.0,1,833223725569,25769955784,1,H,,"Совпадают модель/рецептура и hard-поля: «кекс kuchenmeister мраморный 400 г» ↔ «kuchenmeister кекс мраморный, в фольге, 400г»."
Продукты питания,exact_positive,1.0,1,833223781681,231928370351,1,H,,Совпадают модель/рецептура и hard-поля: «зефир конфил фарфалле грушевый 330 г» ↔ «конфил / зефир фарфалле грушевый (330 грамм)».
Продукты питания,uncertain_negative,0.2222222222222222,0,206158523756,506806163654,0,M,,"Нет общего model/design ID либо конфликтуют hard-поля: «консервы мясные знаток свинина тушеная гост, 3 банки по 325 г» ↔ «свинина тушеная в желе особая ""кунгурский мк"", 325 г, 3 шт.»."
Продукты питания,uncertain_negative,0.2222222222222222,0,214748474776,678604990794,0,M,,"Нет общего model/design ID либо конфликтуют hard-поля: «шоколад alpen gold max fun молочный кола-попкорн-карамель 140 г» ↔ «шоколад alpen gold max fun молочный кола-попкорн-карамель 140 г, набор: 9 штук»."
Продукты питания,uncertain_negative,0.2222222222222222,0,240518270048,292057850339,1,M,MISSED_MATCH,"Dr. Korner «Злаковый микс/коктейль», одинаковый набор 5 упаковок — одно название продукта."
Продукты питания,uncertain_negative,0.2222222222222222,0,283467913074,369367356889,U,L,,"Орех Сити, имбирь в сахаре 500 г, но страна сырья Таиланд против Вьетнама; SKU отсутствует."
Продукты питания,uncertain_negative,0.2222222222222222,0,377957280312,695784708863,0,M,,"Нет общего model/design ID либо конфликтуют hard-поля: «семушка / курага сушеная без косточки 150 г» ↔ «курага сушеная семушка без косточки 150 г, набор: 24 штуки»."
Продукты питания,uncertain_negative,0.2222222222222222,0,386547201525,274878030308,1,H,MISSED_MATCH,"Обе карточки точно называют Maitre de The «Наполеон», молочный улун, 100 г."
Продукты питания,uncertain_negative,0.2222222222222222,0,481036424101,292057871017,0,M,,"Нет общего model/design ID либо конфликтуют hard-поля: «кофе жареный в зернах ароматизированный 750 г тыква, забаглионе, черная сморо…» ↔ «пейте дома кофе жареный в зернах ароматизированный 750 г бейлис, тыква, черна…»."
Продукты питания,uncertain_negative,0.2222222222222222,0,498216211729,558345806464,0,M,,"Нет общего model/design ID либо конфликтуют hard-поля: «шоколад ritter sport цельный лесной орех и хлопья белый 100 г» ↔ «шоколад белый ritter sport цельный лесной орех и хлопья, 12 шт по 100 грамм»."
Продукты питания,uncertain_negative,0.2222222222222222,0,549755892658,489626420560,0,M,,"Нет общего model/design ID либо конфликтуют hard-поля: «the spice kitchen / кунжут черный семена, натуральная приправа 500 грамм» ↔ «кунжут черный, семена 650 грамм. натуральная приправа (специя) для приготовле…»."
Продукты питания,uncertain_negative,0.2222222222222222,0,618475427555,360777334059,1,H,MISSED_MATCH,Обе карточки — Azercay/Азерчай «Букет» листовой 200 г; размер листа в JSON шумный.
Продукты питания,uncertain_negative,0.2222222222222222,0,670014977299,755914332836,0,M,,Нет общего model/design ID либо конфликтуют hard-поля: «original altay / абрикосовое масло 250 мл» ↔ «масло абрикосовой косточки сыродавленное 250 мл».
Продукты питания,uncertain_negative,0.2222222222222222,0,678604833448,249108148748,0,M,,Нет общего model/design ID либо конфликтуют hard-поля: «клюква вяленая сушеная 1 кг» ↔ «клюква вяленая натуральная с сахаром 1 кг».
Продукты питания,uncertain_negative,0.3333333333333333,0,34359749070,798863929347,0,M,,"Нет общего model/design ID либо конфликтуют hard-поля: «оливки bonduelle без косточки, комплект: 2 упаковки по 300 г» ↔ «бондюэль / оливки без косточки, 300г х 3 шт.»."
Продукты питания,uncertain_negative,0.3333333333333333,0,266288021268,816043808877,1,M,MISSED_MATCH,"Д&А Shop, пищевой природный мел 1 кг; составные поля расходятся как ошибки описания."
Продукты питания,uncertain_negative,0.3333333333333333,0,283467968873,231928251668,0,M,,"Нет общего model/design ID либо конфликтуют hard-поля: «кондимир / фруктоза 1000 г, сахарозаменитель без калорий» ↔ «фруктоза ""мой выбор"", 1000 гр.»."
Продукты питания,uncertain_negative,0.3333333333333333,0,300647774801,386547070583,0,M,,Нет общего model/design ID либо конфликтуют hard-поля: «tortokoshka / сахарная картинка на торт майнкрафт» ↔ «сахарная картинка для торта майнкрафт».
Продукты питания,uncertain_negative,0.3333333333333333,0,317827651955,395137110279,0,M,,"Нет общего model/design ID либо конфликтуют hard-поля: «печенье любятово постное затяжное 300 г» ↔ «любятово, печенье затяжное ""постное"", 3 шт х 300 г, россия»."
Продукты питания,uncertain_negative,0.3333333333333333,0,317827687961,601295467274,0,M,,"Нет общего model/design ID либо конфликтуют hard-поля: «красный октябрь / красный мак 1000 гр» ↔ «конфеты ""красный мак"", красный октябрь, 500 гр»."
Продукты питания,uncertain_negative,0.3333333333333333,0,360777303458,549755932802,0,M,,"Нет общего model/design ID либо конфликтуют hard-поля: «чай черный ahmad tea ceylon tea в пакетиках 2 г х 25 шт, набор: 10 штук» ↔ «чай черный ahmad tea ceylon tea в пакетиках 2 г х 25 шт»."
Продукты питания,uncertain_negative,0.3333333333333333,0,395137140169,481036440250,0,M,,Нет общего model/design ID либо конфликтуют hard-поля: «каркаде 500 г» ↔ «чай листовой».
Продукты питания,uncertain_negative,0.3333333333333333,0,523986117907,549755886593,0,M,,"Нет общего model/design ID либо конфликтуют hard-поля: «printort / украшения торта вафельная картинка бравл старс brawl stars» ↔ «сахарные картинки для торта на день рождения мальчика, ребенка ""бравл старс, …»."
Продукты питания,uncertain_negative,0.3333333333333333,0,773094238055,704374697646,0,M,,"Нет общего model/design ID либо конфликтуют hard-поля: «uno momento / капучино с шоколадной крошкой 25,5г х 20 шт.» ↔ «кофе uno momento cappuccino растворимый с шоколадной крошкой (25,5 гр.*20шт.)…»."
Продукты питания,uncertain_negative,0.3333333333333333,0,816043921892,764504317649,0,M,,"Нет общего model/design ID либо конфликтуют hard-поля: «мясокомбинат велес / говядина тушеная высший сорт гост 338 г, 2 шт» ↔ «говядина тушеная кусковая белорусская 2шт по 338 гр. высший сорт гост березов…»."
Продукты питания,uncertain_negative,0.4444444444444444,0,60129676170,532576089200,0,M,,"Нет общего model/design ID либо конфликтуют hard-поля: «коллагеновая оболочка для колбас натуральная 5 метров, 45 мм» ↔ «свой продукт / оболочка коллагеновая 45 мм, 5 м»."
Продукты питания,uncertain_negative,0.4444444444444444,0,317827664464,816043795381,0,M,,Нет общего model/design ID либо конфликтуют hard-поля: «клюква вяленая 1000г» ↔ «doclen наука вкуса / клюква вяленая 1кг».
Продукты питания,uncertain_positive,0.5555555555555556,1,206158491331,8590042902,0,H,WRONG_ENTITY,Разные бренды масла: Слобода против Благо; одинаковый тип смеси не означает один товар.
Продукты питания,uncertain_positive,0.5555555555555556,1,223338402470,850403524998,0,H,QUANTITY_BUNDLE,Вафли Коровка 9×150 г против 6×150 г.
Продукты питания,uncertain_positive,0.5555555555555556,1,558345901823,481036463721,0,H,GENERIC_OVERMATCH,Семена чиа разных брендов Prodotto Delicatezza/The Spice Kitchen и разной упаковки.
Продукты питания,uncertain_positive,0.5555555555555556,1,661425070833,403726926326,1,M,,"Специфичная модель/рецептура совпадает; пропуски не являются конфликтом: «горчица maille дижонская 200 г» ↔ «горчица дижонская maille 200 мл, франция»."
Продукты питания,uncertain_positive,0.5555555555555556,1,738734491064,309237697789,0,H,QUANTITY_BUNDLE,Пуэр «7 звёзд» одна пачка 100 г против набора из двух пачек.
Продукты питания,uncertain_positive,0.5555555555555556,1,773094169993,42949699492,0,H,GENERIC_OVERMATCH,Generic шу пуэр 250 г без года/бренда не доказывает Джекичай 2015.
Продукты питания,uncertain_positive,0.5555555555555556,1,833223700458,128849082106,1,M,,"Специфичная модель/рецептура совпадает; пропуски не являются конфликтом: «яшкино, трубочки вафельные сгущённое молоко, 3 упаковки по 190 грамм» ↔ «яшкино / трубочки вафельные вкус сгущённого молока, 3 шт по 190 г»."
Продукты питания,uncertain_positive,0.6666666666666666,1,386547117930,300647771130,1,M,,"Специфичная модель/рецептура совпадает; пропуски не являются конфликтом: «кофе nespresso vertuo stormio в капсулах, 10 шт. (объём 230 мл.)» ↔ «nespresso / кофе в капсулах nespresso vertuo stormio 10 шт»."
Продукты питания,uncertain_positive,0.6666666666666666,1,584115600380,171798718492,0,H,QUANTITY_BUNDLE,Пастилки «Малиновая лента»: 10×15 г против 8×15 г.
Продукты питания,uncertain_positive,0.7777777777777778,1,283467861618,670014978658,1,M,,"Специфичная модель/рецептура совпадает; пропуски не являются конфликтом: «соус барилла арраббьята 400г» ↔ «соус томатный ""barilla"" арраббьята с перцем чили, 400г, италия»."
Продукты питания,uncertain_positive,0.7777777777777778,1,326417564762,515396144691,0,H,MODEL_VARIANT,Generic подарочный шу пуэр 357 г против конкретного Иу урожая 2004; бренд/винтаж различаются.
Продукты питания,uncertain_positive,0.7777777777777778,1,498216325445,455266666052,0,H,QUANTITY_BUNDLE,Shennun манго 20 пирамидок: одна упаковка против 3 упаковок.
Продукты питания,uncertain_positive,0.8888888888888888,1,111669286261,764504297382,1,M,,"Специфичная модель/рецептура совпадает; пропуски не являются конфликтом: «bushido кофе в зернах sensei, 227 г» ↔ «bushido / sensei кофе в зернах, 227 г»."
Продукты питания,uncertain_positive,0.8888888888888888,1,137438986202,472446545799,1,M,,"Специфичная модель/рецептура совпадает; пропуски не являются конфликтом: «оливки maestro de oliva с анчоусом, 300г x 1 шт» ↔ «оливки maestro de oliva с анчоусом, 300г»."
Продукты питания,uncertain_positive,0.8888888888888888,1,146028946793,137439010176,1,M,,"Специфичная модель/рецептура совпадает; пропуски не являются конфликтом: «кофе в капсулах gimoka dolce gusto espresso cremoso, 16шт» ↔ «gimoka / кофе в капсулах gimoka dolce gusto espresso cremosso (dg)»."
Продукты питания,uncertain_positive,0.8888888888888888,1,154618847413,103079361809,1,M,,"Специфичная модель/рецептура совпадает; пропуски не являются конфликтом: «чай черный майский корона российской империи 200г * 1шт.» ↔ «майский / чай листовой корона российской империи, черный, 200 г»."
Продукты питания,uncertain_positive,0.8888888888888888,1,154618856119,481036361111,1,M,,"Специфичная модель/рецептура совпадает; пропуски не являются конфликтом: «нектар банан santal 1 л» ↔ «нектар santal банановый, 1 л»."
Продукты питания,uncertain_positive,0.8888888888888888,1,360777368115,446676749224,0,H,QUANTITY_BUNDLE,"Tess Ginger Mojito: в JSON первой карточки 6 единиц, во второй одна пачка 20 пирамидок."
Продукты питания,uncertain_positive,0.8888888888888888,1,386547100293,704374679178,0,H,QUANTITY_BUNDLE,Роллтон говяжий бульон: короб 24×90 г против одной пачки 90 г.
Продукты питания,uncertain_positive,0.8888888888888888,1,438086783031,601295425335,1,M,,Специфичная модель/рецептура совпадает; пропуски не являются конфликтом: «миндаль в шоколаде almond choco ball» ↔ «lotte / миндаль в шоколаде lotte almond choco balls 46 г».
Продукты питания,uncertain_positive,0.8888888888888888,1,489626292227,163208891075,1,M,,"Специфичная модель/рецептура совпадает; пропуски не являются конфликтом: «чай зеленый ahmad tea chinese green tea 100пак» ↔ «ahmad tea чай зеленый tea китайский, 100 пакетиков»."
Продукты питания,uncertain_positive,0.8888888888888888,1,549755933116,120259156611,1,M,,"Специфичная модель/рецептура совпадает; пропуски не являются конфликтом: «весёлый колбасник / черева говяжья для колбасы 40-43 кат. аb, 30 метров» ↔ «оболочка говяжья черева 40-43 мм 30 метров (натуральные черева для домашних к…»."
Продукты питания,uncertain_positive,0.8888888888888888,1,773094234460,369367305601,1,M,,"Специфичная модель/рецептура совпадает; пропуски не являются конфликтом: «greenfield. / коллекция превосходного чая, в пакетиках, 24 вида, 167,2 г» ↔ «набор коллекция чая и чайных напитков гринфилд в пакетиках 24 вида (167,2г.) …»."
Продукты питания,uncertain_positive,0.8888888888888888,1,816043857611,455266645677,0,H,QUANTITY_BUNDLE,Greenfield Summer Bouquet: одна пачка 25×2 г против набора из двух пачек.
Продукты питания,uncertain_positive,0.8888888888888888,1,850403650248,644245246765,1,M,,"Специфичная модель/рецептура совпадает; пропуски не являются конфликтом: «свинина главпродукт тушеная высший сорт 250г» ↔ «свинина главпродукт тушёная высший сорт, 252г»."
Спорт и отдых,exact_negative,0.0,0,17180033481,618475434551,0,H,,Разные модель/товар или hard-вариант: «premier fishing / удилище проводочное bolo 3 м с/к теле. premier fishing» ↔ «удилище проводочное bolo 5 м с/к телескопическое (pr-500k-p) premier».
Спорт и отдых,exact_negative,0.0,0,51539684739,343597404480,0,H,,Разные модель/товар или hard-вариант: «палатка 2-местная» ↔ «палатка туристическая / для кемпинга 2-х местная».
Спорт и отдых,exact_negative,0.0,0,94489403534,292057896211,0,H,,"Разные модель/товар или hard-вариант: «багорик телескопический 110 см, алюминиевый, защита жала силикон, ручка неопр…» ↔ «багорик, телескопический 90 см, алюминиевый»."
Спорт и отдых,exact_negative,0.0,0,120259150258,670014909110,0,H,,"Разные модель/товар или hard-вариант: «приватная сетка для балконов для ограждений крыльца безопасность коричневый 5…» ↔ «сетка для балкона и ограждений, коричневая 2x3м :300x200»."
Спорт и отдых,exact_negative,0.0,0,154618878733,558345807877,0,H,,"Разные модель/товар или hard-вариант: «сималенд / фляжка с воронкой для напитков 240 мл» ↔ «фляжка, 240 мл, 8 oz»."
Спорт и отдых,exact_negative,0.0,0,163208812066,687194849820,0,H,,Разные модель/товар или hard-вариант: «waterboutique / бутылка для воды спортивная металлическая 500 мл» ↔ «бутылка для воды для школы и спорта 500 мл.».
Спорт и отдых,exact_negative,0.0,0,163208839642,283467939631,0,H,,"Разные модель/товар или hard-вариант: «покрышка chao yang 20"" x 4.0 h-5176» ↔ «/ велосипедная покрышка 47-406 (20x1,75), h-538»."
Спорт и отдых,exact_negative,0.0,0,223338395297,584115701322,0,H,,Разные модель/товар или hard-вариант: «детские боксерские перчатки для тренировок» ↔ «боксерские перчатки».
Спорт и отдых,exact_negative,0.0,0,283467841646,807454002658,0,H,,"Разные модель/товар или hard-вариант: «кресло раскладное, 52х41х66 см, сталь, максимальная нагрузка 150 кг» ↔ «кресло раскладное»."
Спорт и отдых,exact_negative,0.0,0,403726940103,687194942076,0,H,,"Разные модель/товар или hard-вариант: «палатка 2-местная» ↔ «палатка 2-местная (200 135 с сеткой кемпинга, и на»."
Спорт и отдых,exact_negative,0.0,0,403726997929,781684123729,0,H,,Разные модель/товар или hard-вариант: «сумка для хранения небесно-голубой 3l» ↔ «водонепроницаемая сумка-мешок/объем 5 литров».
Спорт и отдых,exact_negative,0.0,0,429496748558,721554631341,0,H,,Разные модель/товар или hard-вариант: «складной стул» ↔ «кресло раскладное39x33x71 см».
Спорт и отдых,exact_negative,0.0,0,455266598157,764504308996,0,H,,"Разные модель/товар или hard-вариант: «раскладушка туристическая ультралегкая портативная складная кемпинговая крова…» ↔ «кровать раскладная туристическая, раскладушка складная кемпинговая походная n…»."
Спорт и отдых,exact_negative,0.0,0,489626315107,420906932691,0,H,,"Разные модель/товар или hard-вариант: «denco мяч волейбольный, 5 размер, желтый» ↔ «minsa / волейбольный мяч для активного отдыха»."
Спорт и отдых,exact_negative,0.0,0,489626402600,309237675183,0,H,,Разные модель/товар или hard-вариант: «упор для отжиманий goodstorage 65x19 см» ↔ «упор для отжиманий xu16867».
Спорт и отдых,exact_negative,0.0,0,498216260507,807453854616,0,H,,Разные модель/товар или hard-вариант: «ракетка для настольного тенниса 3 звезды для соревнований» ↔ «ракетка для настольного тенниса».
Спорт и отдых,exact_negative,0.0,0,532576070542,206158514750,0,H,,"Разные модель/товар или hard-вариант: «фляжка настоящему мужчине , 210 мл, серебристая» ↔ «фляжка ""сила внутри тебя"" для напитков»."
Спорт и отдых,exact_negative,0.0,0,541165985545,549755817544,0,H,,"Разные модель/товар или hard-вариант: «ddk / седло велосипедное комфортное с эластомерами» ↔ «седло для велосипеда мягкое ddk комфорт, для города с эластомером, с гелевыми…»."
Спорт и отдых,exact_negative,0.0,0,687194851032,249108115884,0,H,,Разные модель/товар или hard-вариант: «ракетка для бадминтона» ↔ «ракетка для бадминтона».
Спорт и отдых,exact_negative,0.0,0,695784795294,558345873145,0,H,,"Разные модель/товар или hard-вариант: «джиг-головки для ловли форели» ↔ «мягкая приманка для рыбалки, 50 мм»."
Спорт и отдых,exact_negative,0.0,0,704374683046,412316895462,0,H,,Разные модель/товар или hard-вариант: «superfire / фонарик тактический для охоты и кемпинга a20» ↔ «superfire ручной фонарь».
Спорт и отдых,exact_negative,0.0,0,721554623858,231928349423,0,H,,Разные модель/товар или hard-вариант: «набор воланов 6 шт» ↔ «komeure / набор воланов для бадминтона 6 шт.. цвет белый».
Спорт и отдых,exact_negative,0.0,0,798863982935,137439050839,0,H,,"Разные модель/товар или hard-вариант: «велосипед горный 27.5 richiesto алюминиевая рама 21"", красный» ↔ «richiesto / велосипед richiesto тт421 10 ск 27.5 д. кол 17 р.рама»."
Спорт и отдых,exact_negative,0.0,0,798863987659,403727015390,0,H,,Разные модель/товар или hard-вариант: «frapp / воблер (vib) whiphead 70 12g #32» ↔ «воблер виб frapp whiphead 95 #32».
Спорт и отдых,exact_negative,0.0,0,807454006368,549755869030,0,H,,Разные модель/товар или hard-вариант: «очки для плавания» ↔ «aid187 / очки для плавания мальчиковые».
Спорт и отдых,exact_positive,1.0,1,8590018718,8590035174,1,H,,Совпадают модель/рецептура и hard-поля: «скиммер + форсунка для бассейна универсальный настенный» ↔ «скиммер + форсунка для бассейна универсальный настенный».
Спорт и отдых,exact_positive,1.0,1,17179972513,231928247303,1,H,,"Совпадают модель/рецептура и hard-поля: «сималенд / элегантный подарочный набор для мужчин» ↔ «подарочный набор real man : фляжка 240 мл, стопки 30 мл х 2 шт, воронка»."
Спорт и отдых,exact_positive,1.0,1,163208876864,652835171686,1,H,,"Совпадают модель/рецептура и hard-поля: «рыболовные грузила ""catcher"" грузило для карповой ловли гриппа с ушком и верт…» ↔ «рыболовные грузила ""catcher"" грузило для карповой ловли гриппа 2 полная ушко …»."
Спорт и отдых,exact_positive,1.0,1,188978649729,463856511257,1,H,,Совпадают модель/рецептура и hard-поля: «раттлин tsuyoki strateg 70s 805s» ↔ «tsuyoki / раттлин tsuyoki strateg 70s 805s».
Спорт и отдых,exact_positive,1.0,1,214748465630,163208818340,0,H,MODEL_VARIANT,Pontoon21 Awaruna 3.5 против Attira 3.5-430 — разные модели виброхвоста.
Спорт и отдых,exact_positive,1.0,1,223338363184,687194842299,1,H,,"Совпадают модель/рецептура и hard-поля: «спасательный жилет, размер: xxl» ↔ «спасательный жилет для взрослых и детей, плавучий костюм выживания, регулируе…»."
Спорт и отдых,exact_positive,1.0,1,249108177729,463856552935,1,H,,"Совпадают модель/рецептура и hard-поля: «подсак kame треугольный капроновая нить, длина ручки 160 см (общая 220 см), d…» ↔ «подсак kame треугольный капроновая нить, длина ручки 160 см (общая 220 см), d…»."
Спорт и отдых,exact_positive,1.0,1,274877928902,601295579226,0,H,GENERIC_OVERMATCH,"Generic фиолетовый эспандер без конструкции не доказывает Sportex latex 6,5 кг."
Спорт и отдых,exact_positive,1.0,1,292057931451,292057883986,1,H,,Совпадают модель/рецептура и hard-поля: «кемпинговая палатка norfin trout 5 nf» ↔ «norfin палатка».
Спорт и отдых,exact_positive,1.0,1,326417600253,515396155917,1,H,,"Совпадают модель/рецептура и hard-поля: «балансир rapala jigging rap, 90 мм, 25 гр, #gtu» ↔ «rapala ® / балансир rapala w9 9см 25гр цвет gtu uv bright»."
Спорт и отдых,exact_positive,1.0,1,360777341081,532575967503,1,H,,"Совпадают модель/рецептура и hard-поля: «прочие аксессуары и комплектующие для судов» ↔ «топливный бак подвесного мотора подходит для: parsun, hidea, hangkai, aiqidi»."
Спорт и отдых,exact_positive,1.0,1,386547128867,34359746657,1,H,,Совпадают модель/рецептура и hard-поля: «фитнес-браслет xiaomi smart band 9 серебристый ледник» ↔ «фитнес-браслет xiaomi smart band 9 glacier silver (bhr8340gl)».
Спорт и отдых,exact_positive,1.0,1,489626298366,412316906042,1,H,,"Совпадают модель/рецептура и hard-поля: «intex игровой центр с бассейном» ↔ «intex / бассейн надувной детский ""гриб мухомор"" 102х89 см, 57114»."
Спорт и отдых,exact_positive,1.0,1,549755842876,120259176541,1,H,,Совпадают модель/рецептура и hard-поля: «синтетическая английская уздечка для лошадей в стиле вестерн с поводьями муль…» ↔ «синтетическая английская уздечка для лошадей в стиле вестерн с поводьями муль…».
Спорт и отдых,exact_positive,1.0,1,566935693209,420906882317,1,H,,"Совпадают модель/рецептура и hard-поля: «maximus / cпиннинг pointer-x microjig 22ul 2,2m 0,8-6,5g» ↔ «спиннинг для микроджига maximus pointer x microjig 22ul 2,2m 0,8-6,5g. ультра…»."
Спорт и отдых,exact_positive,1.0,1,566935831509,575525708513,1,H,,"Совпадают модель/рецептура и hard-поля: «бутылка для воды спортивная, 650 мл, ""бараолт"", с поильником, 24 х 7 см, зеле…» ↔ «бутылка для воды спортивная «бараолт», 650 мл, с поильником,»."
Спорт и отдых,exact_positive,1.0,1,601295526957,309237771157,1,H,,"Совпадают модель/рецептура и hard-поля: «new wave скейтборд 56 х 16см» ↔ «нет бренда / пенниборд falls, 56х16 см, колёса свет. pu 60х45 мм»."
Спорт и отдых,exact_positive,1.0,1,627065379931,34297,1,H,,"Совпадают модель/рецептура и hard-поля: «ролик массажный sangh, 30х10 см, цвет розовый» ↔ «ролик массажный sangh, 30х10 см, цвет розовый»."
Спорт и отдых,exact_positive,1.0,1,635655318121,506806165261,1,H,,"Совпадают модель/рецептура и hard-поля: «жмых - макуха для рыбалки / кубик подсолнечный ""клубника"" - 8 кубиков / 1шт» ↔ «family joys / жмых - макуха для рыбалки ""клубника"" - 8 кубиков / 1шт»."
Спорт и отдых,exact_positive,1.0,1,670015056031,833223682533,1,H,,Совпадают модель/рецептура и hard-поля: «блесна mepps aglia hot (furia / №4 / 9 г)» ↔ «блесна mepps aglia furia №4 9гр.».
Спорт и отдых,exact_positive,1.0,1,704374761429,77309500783,1,H,,"Совпадают модель/рецептура и hard-поля: «бинокль veber classic бпц 8x30 vr серый с увеличением 8х, мощный профессионал…» ↔ «бинокль veber classic бпц 8x30 vr, серый»."
Спорт и отдых,exact_positive,1.0,1,747324368196,197568608374,U,L,,Первая карточка — надувная подставка для напитков 50×70; вторая «плита для бассейна» без полей.
Спорт и отдых,exact_positive,1.0,1,824633826117,429496805890,0,H,QUANTITY_BUNDLE,Intex-маска отдельно против комплекта маска+трубка; у комплекта также нет общего model ID.
Спорт и отдых,exact_positive,1.0,1,833223658859,463856484631,1,H,,"Совпадают модель/рецептура и hard-поля: «велосипед richiesto 269, рама 13 дюйм, колёса 26 дюйм, shimano шифтеры, двойн…» ↔ «richiesto / велосипед горный подростковый 7 мальчика 269»."
Спорт и отдых,exact_positive,1.0,1,850403543832,764504350790,1,H,,Совпадают модель/рецептура и hard-поля: «тормозные колодки для электросамоката kugoo kirin m4 m4pro» ↔ «kugookirin / колодки тормозные для самоката kugoo m4/m4pro».
Спорт и отдых,uncertain_negative,0.2222222222222222,0,60129679720,42949762889,0,M,,"Нет общего model/design ID либо конфликтуют hard-поля: «спиннинг для рыбалки maximus bankai jig 27h, 2,7 м, 20-60 г» ↔ «спиннинг для рыбалки maximus advisor jig 270h 2.70м 20-60гр, штекерный»."
Спорт и отдых,uncertain_negative,0.2222222222222222,0,137438957001,249108184329,0,M,,Нет общего model/design ID либо конфликтуют hard-поля: «dfc футбольные ворота» ↔ «ворота игровые dfc 8ft пластик goal244b».
Спорт и отдых,uncertain_negative,0.2222222222222222,0,188978711526,420906832282,0,M,,"Нет общего model/design ID либо конфликтуют hard-поля: «тейл-спиннер uf studio hurricane 7,5гр цвет gria fuji» ↔ «uf studio / тейлспиннер hurricane 7.5гр fire tiger»."
Спорт и отдых,uncertain_negative,0.2222222222222222,0,309237755341,781684068400,0,M,,Нет общего model/design ID либо конфликтуют hard-поля: «воблер stinger gansta deep 120f-sr #097 uv» ↔ «воблер для троллинга типа бандит stinger gansta deep 120f-sr #073».
Спорт и отдых,uncertain_negative,0.2222222222222222,0,360777416849,274877992934,0,M,,Нет общего model/design ID либо конфликтуют hard-поля: «катушка» ↔ «eastshark / катушка eastshark pro 5000 9+1 п.».
Спорт и отдых,uncertain_negative,0.2222222222222222,0,438086710123,652835099031,0,M,,"Нет общего model/design ID либо конфликтуют hard-поля: «othehouseholsupplielabs / кронштейн для велосипеда» ↔ «кронштейн для велосипеда, держатель для велосипеда на стену (крюк зафиксирова…»."
Спорт и отдых,uncertain_negative,0.2222222222222222,0,523986084236,446676689663,0,M,,"Нет общего model/design ID либо конфликтуют hard-поля: «горнолыжные очки маска для сноуборда, квадроцикла, мотоцикла, беговых, горных…» ↔ «torso / очки-маска для езды на мототехнике, стекло хром, ом-11»."
Спорт и отдых,uncertain_negative,0.2222222222222222,0,601295492928,369367356619,0,M,,Нет общего model/design ID либо конфликтуют hard-поля: «бассейн надувной детский 15л 61x15см 3 штуки» ↔ «intex бассейн надувной детский 15л 61x15см».
Спорт и отдых,uncertain_negative,0.2222222222222222,0,618475342585,240518207732,0,M,,"Нет общего model/design ID либо конфликтуют hard-поля: «bestway мяч для детей» ↔ «plogaminsetcorp / надувной пляжный мяч для игр в воде и на суше, 61 см»."
Спорт и отдых,uncertain_negative,0.2222222222222222,0,644245151671,670015006476,0,M,,"Нет общего model/design ID либо конфликтуют hard-поля: «велосипед 29 richiestо алюминиевая рама 21"" горный взрослый подростковый, кор…» ↔ «richiesto / велосипед скоростной мужской с 21 скоростью»."
Спорт и отдых,uncertain_negative,0.2222222222222222,0,712964679755,575525744837,0,M,,Нет общего model/design ID либо конфликтуют hard-поля: «bat / виброхвост рыболовная приманка imba swim ism120 цвет 383» ↔ «виброхвост bat imba swim ism120 (120 mm.) # 36 уп.5».
Спорт и отдых,uncertain_negative,0.2222222222222222,0,747324310711,773094251912,0,M,,Нет общего model/design ID либо конфликтуют hard-поля: «kaida / катушка рыболовная» ↔ «катушка рыболовная kaida kd.gtf 4000 4+1подшипников».
Спорт и отдых,uncertain_negative,0.2222222222222222,0,773094265941,592705627819,1,M,MISSED_MATCH,Intex-тент точного размера 389×184 см; белый цвет второй карточки похож на ошибку поля.
Спорт и отдых,uncertain_negative,0.2222222222222222,0,790274069850,292057876351,0,M,,"Нет общего model/design ID либо конфликтуют hard-поля: «copozz профессиональные лыжные очки, розовый, мужской» ↔ «комплект магнитные гoрнoлыжные очки марки copozz (цвет розовый зеркальные) со…»."
Спорт и отдых,uncertain_negative,0.2222222222222222,0,816043860321,214748412874,0,M,,"Нет общего model/design ID либо конфликтуют hard-поля: «балансировочная платформа (полусфера) с эспандерами, массажная подушка для за…» ↔ «полусфера для фитнеса»."
Спорт и отдых,uncertain_negative,0.3333333333333333,0,18096,171798754395,0,M,,"Нет общего model/design ID либо конфликтуют hard-поля: «аккумуляторный налобный фонарь 3в1» ↔ «фонарь налобный аккумуляторный светодиодный usb headlight, фонарик налобный»."
Спорт и отдых,uncertain_negative,0.3333333333333333,0,171798807236,472446452398,0,M,,"Нет общего model/design ID либо конфликтуют hard-поля: «водонепронецаемый коврик для пляжа и пикника 200*200 см.» ↔ «пляжное покрывало, ширма»."
Спорт и отдых,uncertain_negative,0.3333333333333333,0,300647736846,455266672287,0,M,,"Нет общего model/design ID либо конфликтуют hard-поля: «mesan, лодочный мотор» ↔ «altmart / мотор лодочный mesan 2-х тактный 9.8 лс»."
Спорт и отдых,uncertain_negative,0.3333333333333333,0,317827697976,850403622061,0,M,,"Нет общего model/design ID либо конфликтуют hard-поля: «sx scooter / самокат двухколесный 200 мм, детский взрослый, от 4 лет» ↔ «самокат двухколесный ""scooter городской"" колеса 200 мм, до 70 кг (синий) 2024»."
Спорт и отдых,uncertain_negative,0.3333333333333333,0,335007526993,463856518401,0,M,,"Нет общего model/design ID либо конфликтуют hard-поля: «спасательный жилет, размер: 0» ↔ «спасательный жилет»."
Спорт и отдых,uncertain_negative,0.3333333333333333,0,455266656403,94489368188,0,M,,"Нет общего model/design ID либо конфликтуют hard-поля: «run&fun / беговое полотно для беговой дорожки vision t60» ↔ «беговое полотно для беговой дорожки torneo linia t-203 / толщина 1,8мм»."
Спорт и отдых,uncertain_negative,0.3333333333333333,0,807453882800,738734517414,0,M,,"Нет общего model/design ID либо конфликтуют hard-поля: «крылья пластиковые для велосипеда 26"",широкие, чёрные, c металлическими крепл…» ↔ «speenpro / крылья для велосипеда с креплением 26, 27.5, 29»."
Спорт и отдых,uncertain_negative,0.4444444444444444,0,609885477886,223338361357,0,M,,Нет общего model/design ID либо конфликтуют hard-поля: «воблер jackall diving chubby 38 # ul tamamushi» ↔ «jackall / воблер jackall chubby 38 sr».
Спорт и отдых,uncertain_negative,0.4444444444444444,0,635655267474,678604964344,1,M,MISSED_MATCH,"Дословно один набор-кормушка для толстолобика, масса 14 г и количество 1 совпадают."
Спорт и отдых,uncertain_negative,0.4444444444444444,0,833223699179,109920,0,M,,Нет общего model/design ID либо конфликтуют hard-поля: «спортивный рюкзак//красный//56-75l» ↔ «рюкзак тактический».
Спорт и отдых,uncertain_positive,0.5555555555555556,1,120259131573,523986023465,0,H,GENERIC_OVERMATCH,Название Nitecore конфликтует с брендом Xunlin; вторая карточка — generic фонарь без модели.
Спорт и отдых,uncertain_positive,0.5555555555555556,1,584115679067,343597462225,0,H,GENERIC_OVERMATCH,"Generic волейбольные мячи: у второй нет размера, массы, материала и model ID."
Спорт и отдых,uncertain_positive,0.6666666666666666,1,146029020841,395137089364,1,M,,"Специфичная модель/рецептура совпадает; пропуски не являются конфликтом: «перчатки для тхэквондо, размер: xs» ↔ «перчатки для тхэквондо, обрезанный вверх белые р-р xs . перчатки для единобор…»."
Спорт и отдых,uncertain_positive,0.6666666666666666,1,506806199865,51539608209,1,M,,"Специфичная модель/рецептура совпадает; пропуски не являются конфликтом: «ecopro / блесна для рыбалки вертикальная, 70мм, 11г, s/c, двойник» ↔ «блесна для рыбалки ecopro joker, 70мм, 11г, s, двойной, вертикальная»."
Спорт и отдых,uncertain_positive,0.6666666666666666,1,833223709299,824633727327,0,H,MODEL_VARIANT,Lucky John Viking 6 против Nordic №6 — разные серии балансиров.
Спорт и отдых,uncertain_positive,0.7777777777777778,1,223338435184,266288093756,1,M,,"Специфичная модель/рецептура совпадает; пропуски не являются конфликтом: «intex / легкий пляжный матрас с подушкой и ярким дизайном» ↔ «матрас надувной пляжный ""фешен"" 183х69см, intex 59720 черепаха»."
Спорт и отдых,uncertain_positive,0.7777777777777778,1,343597513315,343597498969,1,M,,Специфичная модель/рецептура совпадает; пропуски не являются конфликтом: «swimmincirclezone / 36025 надувной круг 91см неоновый зеленый» ↔ «круг для плавания надувной».
Спорт и отдых,uncertain_positive,0.7777777777777778,1,403727002160,755914262544,1,M,,"Специфичная модель/рецептура совпадает; пропуски не являются конфликтом: «ния / шарики для чистки сумок и рюкзаков» ↔ «мяч для чистки рюкзака от пыли, грязи, мусора, липкий шарик-белый»."
Спорт и отдых,uncertain_positive,0.7777777777777778,1,489626341668,206158584426,1,M,,"Специфичная модель/рецептура совпадает; пропуски не являются конфликтом: «opinel / нож серии tradition trekking №07, клинок 8см, сине-зелёный» ↔ «нож opinel серии tradition colored №07, цвет - голубой, темляк»."
Спорт и отдых,uncertain_positive,0.7777777777777778,1,601295513387,635655177502,1,M,,"Специфичная модель/рецептура совпадает; пропуски не являются конфликтом: «сумка для бега» ↔ «сумка на пояс для бега, серая»."
Спорт и отдых,uncertain_positive,0.7777777777777778,1,670015055599,335007449094,0,H,MODEL_VARIANT,Массажные ролики 33×14 см против 30 см; физический размер в спорте hard.
Спорт и отдых,uncertain_positive,0.7777777777777778,1,755914270918,352187477124,0,H,QUANTITY_BUNDLE,Первая карточка: 3 воблера и кейс; во второй JSON явно 5 приманок и кейс.
Спорт и отдых,uncertain_positive,0.8888888888888888,1,85899375048,343597389013,1,M,,"Специфичная модель/рецептура совпадает; пропуски не являются конфликтом: «космос фонарь-прожектор» ↔ «фонарь светодиодный акк. космос kocac2005w-ex 5w led, бок. пан.10вт,3 реж, з/у»."
Спорт и отдых,uncertain_positive,0.8888888888888888,1,94489410438,721554650907,0,H,MODEL_VARIANT,Чехол для Yamaha 9.9–15 против чехла Hidea/Seanovo; совместимость и ширина различаются.
Спорт и отдых,uncertain_positive,0.8888888888888888,1,137438971564,446676646578,1,M,,"Специфичная модель/рецептура совпадает; пропуски не являются конфликтом: «кожух рулевого редуктора t71/t85 multiflex, 90, черный» ↔ «multiflex / кожух рулевого редуктора t71/t85 multiflex, 90, черный»."
Спорт и отдых,uncertain_positive,0.8888888888888888,1,146028929443,25769923634,1,M,,"Специфичная модель/рецептура совпадает; пропуски не являются конфликтом: «набор для чистки бассейна, сачок, щётка,» ↔ «набор для чистки бассейна, сачок, щетка, держатель, bestway 58013»."
Спорт и отдых,uncertain_positive,0.8888888888888888,1,146028942092,283467960649,1,M,,Специфичная модель/рецептура совпадает; пропуски не являются конфликтом: «бортовой компьютер (дисплей для электросамоката) с курком газа tf-100 электро…» ↔ «дисплей tf 100 5pin для электросамоката kugoo».
Спорт и отдых,uncertain_positive,0.8888888888888888,1,188978714270,816043897206,0,H,MODEL_VARIANT,"Одинаковая бита-основа, но надпись Dodge против Peugeot — разный дизайн товара."
Спорт и отдых,uncertain_positive,0.8888888888888888,1,335007592329,592705591790,1,M,,"Специфичная модель/рецептура совпадает; пропуски не являются конфликтом: «пмдк / мультитул рыболовный, синий, 13см» ↔ «мультитул рыболовный, синий, 13см»."
Спорт и отдых,uncertain_positive,0.8888888888888888,1,455266607812,523986139690,1,M,,"Специфичная модель/рецептура совпадает; пропуски не являются конфликтом: «бассейн каркасный bestway steel pro 366 смх76 см с фильтр-насосом» ↔ «бассейн каркасный steel pro, 366 см, x 76 см, 56706 bestway»."
Спорт и отдых,uncertain_positive,0.8888888888888888,1,481036444458,429496788156,1,M,,"Специфичная модель/рецептура совпадает; пропуски не являются конфликтом: «helios / ящик рыболовный (fishbox 19л) [50х39х25см, 2,75кг]» ↔ «ящик зимний helios fishbox, 19 л, оранжевый»."
Спорт и отдых,uncertain_positive,0.8888888888888888,1,670015017572,652835034790,1,M,,Специфичная модель/рецептура совпадает; пропуски не являются конфликтом: «pegfotentlabs / ввертыш для крепления палаток на льду 4 шт» ↔ «ввертыш для крепления палаток на льду 4 шт».
Спорт и отдых,uncertain_positive,0.8888888888888888,1,764504305418,171798693726,1,M,,"Специфичная модель/рецептура совпадает; пропуски не являются конфликтом: «мат спортивный гимнастический складной 180*60*5 см, 3 секции» ↔ «мат спортивный»."
Спорт и отдых,uncertain_positive,0.8888888888888888,1,807453926283,292057804261,1,M,,"Специфичная модель/рецептура совпадает; пропуски не являются конфликтом: «надувной матрас-кровать intex со встроенным ножным насосом, downy 137х191х25 …» ↔ «intex / полуторный надувной матрас prestige downy airbed»."
Спорт и отдых,uncertain_positive,0.8888888888888888,1,816043812682,798864041790,1,M,,"Специфичная модель/рецептура совпадает; пропуски не являются конфликтом: «бутылка для воды 550 мл, 20.5 х7 х4.8 см, розовая 1 шт.» ↔ «мастер к / стильная розовая спортивная бутылка 550 мл»."
Строительство и ремонт,exact_negative,0.0,0,42949758072,42949819546,0,H,,
Строительство и ремонт,exact_negative,0.0,0,51539728588,541165897746,0,H,,
Строительство и ремонт,exact_negative,0.0,0,120259101390,352187408877,0,H,,
Строительство и ремонт,exact_negative,0.0,0,120259121840,171798813786,0,H,,
Строительство и ремонт,exact_negative,0.0,0,128849061417,584115603798,0,H,,
Строительство и ремонт,exact_negative,0.0,0,163208781690,214748484456,0,H,,
Строительство и ремонт,exact_negative,0.0,0,309237701536,446676668988,0,H,,
Строительство и ремонт,exact_negative,0.0,0,317827587474,515396201851,0,H,,
Строительство и ремонт,exact_negative,0.0,0,360777275480,128849100998,0,H,,
Строительство и ремонт,exact_negative,0.0,0,386547202815,60129714255,0,M,,
Строительство и ремонт,exact_negative,0.0,0,386547221734,395137131696,0,H,,
Строительство и ремонт,exact_negative,0.0,0,403727047935,206158551241,0,M,,
Строительство и ремонт,exact_negative,0.0,0,412316902952,644245200121,0,H,,
Строительство и ремонт,exact_negative,0.0,0,429496863244,240518271981,0,M,,
Строительство и ремонт,exact_negative,0.0,0,463856548962,584115553315,0,H,,
Строительство и ремонт,exact_negative,0.0,0,489626340060,180388730235,0,H,,
Строительство и ремонт,exact_negative,0.0,0,558345919931,652835163941,0,H,,
Строительство и ремонт,exact_negative,0.0,0,584115553720,704374669736,0,H,,
Строительство и ремонт,exact_negative,0.0,0,584115650741,274877946857,0,H,,
Строительство и ремонт,exact_negative,0.0,0,618475378095,352187406766,U,L,,"Совпадают тип, цвет, форма и габариты 485×960 с полкой, но нет общего model/parent ID и непонятна комплектация таймером/термостатом."
Строительство и ремонт,exact_negative,0.0,0,627065253782,798864050981,0,H,,
Строительство и ремонт,exact_negative,0.0,0,695784798119,163208805855,0,H,,
Строительство и ремонт,exact_negative,0.0,0,730144531170,532575980973,1,M,MISSED_MATCH,"Обе карточки описывают двойную Schneider Glossa RJ45 Cat5e графит/антрацит; ZR-код похож на код продавца, GSL001385KK — manufacturer code."
Строительство и ремонт,exact_negative,0.0,0,747324421058,154618919048,0,H,,
Строительство и ремонт,exact_negative,0.0,0,755914282489,807453893408,0,H,,
Строительство и ремонт,exact_positive,1.0,1,25769898403,240518220116,1,H,,
Строительство и ремонт,exact_positive,1.0,1,60129594833,8590042544,1,H,,
Строительство и ремонт,exact_positive,1.0,1,68719533141,532576026492,0,H,MODEL_VARIANT,"У Arnezi совпадают посадка 1/4, размер 6 мм и длина 48 мм, но явно различается профиль: 12-гранный против 6-гранного; общего артикула первой карточки нет."
Строительство и ремонт,exact_positive,1.0,1,68719621306,773094128625,1,H,,
Строительство и ремонт,exact_positive,1.0,1,94489318300,17179914742,1,H,,
Строительство и ремонт,exact_positive,1.0,1,111669211115,420906928970,1,H,,
Строительство и ремонт,exact_positive,1.0,1,180388727729,670014924511,1,H,,
Строительство и ремонт,exact_positive,1.0,1,386547163886,120259167269,1,H,,
Строительство и ремонт,exact_positive,1.0,1,429496758958,206158552142,1,H,,
Строительство и ремонт,exact_positive,1.0,1,481036371528,670015014597,1,H,,
Строительство и ремонт,exact_positive,1.0,1,506806257929,498216339399,0,M,GENERIC_OVERMATCH,Свечи указаны для разных моделей снегоуборщиков Sturm STG5656 и Ставмаш СН-6; собственного общего артикула/типоразмера свечи нет.
Строительство и ремонт,exact_positive,1.0,1,506806274290,498216211424,1,H,,
Строительство и ремонт,exact_positive,1.0,1,515396104445,446676737335,1,H,,
Строительство и ремонт,exact_positive,1.0,1,515396210511,532576025365,U,L,,"Похоже на один OEM-ночник-маяк с аудио/проектором, но первая карточка почти не описана и опирается на недоступное изображение; по text+JSON решение неустойчиво."
Строительство и ремонт,exact_positive,1.0,1,515396212574,463856545224,0,H,MODEL_VARIANT,Первая карточка — обычный PP-R тройник 20 мм; вторая — комбинированный тройник 20×3/4 с внутренней металлической резьбой.
Строительство и ремонт,exact_positive,1.0,1,549755867744,188978603861,1,H,,
Строительство и ремонт,exact_positive,1.0,1,558345751548,790274094342,1,H,,
Строительство и ремонт,exact_positive,1.0,1,558345809080,506806144207,1,H,,
Строительство и ремонт,exact_positive,1.0,1,592705556437,627065276157,1,H,,
Строительство и ремонт,exact_positive,1.0,1,704374723516,721554534665,1,M,,
Строительство и ремонт,exact_positive,1.0,1,721554641559,541165914388,1,H,,
Строительство и ремонт,exact_positive,1.0,1,747324349089,498216213732,0,H,MODEL_VARIANT,"Обе розетки IEK тройные накладные кремовые, но указаны разные серии: Октава и Glory; общего manufacturer article нет."
Строительство и ремонт,exact_positive,1.0,1,747324391573,541166025280,1,M,,
Строительство и ремонт,exact_positive,1.0,1,781684079667,798864037666,1,H,,
Строительство и ремонт,exact_positive,1.0,1,790274073164,231928283584,1,H,,
Строительство и ремонт,uncertain_negative,0.2222222222222222,0,25769964545,635655215814,0,H,,
Строительство и ремонт,uncertain_negative,0.2222222222222222,0,60129667367,575525693864,0,H,,
Строительство и ремонт,uncertain_negative,0.2222222222222222,0,60129691142,609885405132,0,H,,
Строительство и ремонт,uncertain_negative,0.2222222222222222,0,85899487315,292057863775,U,L,,"Названия указывают один тип пистолета Karcher K2–K7, но нет общего кода/размеров; первая карточка явно включает насадку, полнота комплекта второй неизвестна."
Строительство и ремонт,uncertain_negative,0.2222222222222222,0,420906859531,335007525105,0,H,,
Строительство и ремонт,uncertain_negative,0.2222222222222222,0,532576043609,816043794748,0,H,,
Строительство и ремонт,uncertain_negative,0.2222222222222222,0,549755824293,60129605625,1,H,MISSED_MATCH,"Совпадают бренд Европартнер, чёрные заглушки PZ2 и 50 шт.; бежевый цвет в одном JSON противоречит собственному title и выглядит ошибкой поля."
Строительство и ремонт,uncertain_negative,0.2222222222222222,0,635655227691,25769882677,0,H,,
Строительство и ремонт,uncertain_negative,0.2222222222222222,0,747324463593,790274053946,0,H,,
Строительство и ремонт,uncertain_negative,0.2222222222222222,0,764504335074,549755879978,0,H,,
Строительство и ремонт,uncertain_negative,0.2222222222222222,0,781684133287,755914289008,0,H,,
Строительство и ремонт,uncertain_negative,0.2222222222222222,0,824633727687,446676641772,0,H,,
Строительство и ремонт,uncertain_negative,0.3333333333333333,0,171798696060,60129589984,0,H,,
Строительство и ремонт,uncertain_negative,0.3333333333333333,0,231928313404,8589984380,0,H,,
Строительство и ремонт,uncertain_negative,0.3333333333333333,0,266287975367,137439037897,0,M,,
Строительство и ремонт,uncertain_negative,0.3333333333333333,0,309237707606,146028890344,0,M,,
Строительство и ремонт,uncertain_negative,0.3333333333333333,0,541165976492,609885451471,0,M,,
Строительство и ремонт,uncertain_negative,0.3333333333333333,0,584115574009,618475382438,0,H,,
Строительство и ремонт,uncertain_negative,0.3333333333333333,0,635655190331,661425095462,0,H,,
Строительство и ремонт,uncertain_negative,0.3333333333333333,0,644245133985,120259171040,1,H,MISSED_MATCH,"Обе карточки — двойная Schneider/Systeme AtlasDesign TV+RJ45 Cat5e карбон; код ATN001089 указан в первой, во второй название точно его описывает."
Строительство и ремонт,uncertain_negative,0.3333333333333333,0,704374788338,309237799565,0,H,,
Строительство и ремонт,uncertain_negative,0.4444444444444444,0,541165992328,489626409820,U,L,,"Совпадает Ceresit CT17, но первая карточка не содержит фасовку, а вторая явно 5 л/концентрат; CT17 продаётся в разных объёмах, точный вариант неразрешим."
Строительство и ремонт,uncertain_negative,0.4444444444444444,0,575525631625,704374704159,0,H,,
Строительство и ремонт,uncertain_negative,0.4444444444444444,0,601295481021,446676684178,0,M,,
Строительство и ремонт,uncertain_negative,0.4444444444444444,0,773094228607,670014918349,0,H,,
Строительство и ремонт,uncertain_positive,0.5555555555555556,1,103079335322,309237798512,0,M,GENERIC_OVERMATCH,"Совпадают электрические параметры и 10 шт., но у первой клеммы бренд Proconnect и ABS, у второй нет модели/бренда и указан PVC; конкретная конструкция не доказана."
Строительство и ремонт,uncertain_positive,0.5555555555555556,1,103079352616,240518266064,1,M,,
Строительство и ремонт,uncertain_positive,0.5555555555555556,1,146028890171,111669270780,0,H,MODEL_VARIANT,Подоконники разных брендов Danke и Moller; различается профиль/толщина (40 мм против 22 мм и капиноса 30 мм).
Строительство и ремонт,uncertain_positive,0.5555555555555556,1,627065313263,747324335050,0,H,MODEL_VARIANT,Блокираторы предназначены для разных УШМ Metabo: WE 15-150 Quick (00464000) против W9-100.
Строительство и ремонт,uncertain_positive,0.6666666666666666,1,523986051818,51539628255,1,H,,
Строительство и ремонт,uncertain_positive,0.6666666666666666,1,730144590820,266288111994,U,L,,"Обе карточки называют набор-съёмник подшипников и имеют упаковку длиной 27 см, но нет модели, состава набора и достаточного физического отпечатка."
Строительство и ремонт,uncertain_positive,0.7777777777777778,1,60129677473,146028952586,0,H,GENERIC_OVERMATCH,"Диски одинакового размера и назначения, но разных брендов Вихрь и Тундра; это взаимозаменяемые, а не одинаковые изделия."
Строительство и ремонт,uncertain_positive,0.7777777777777778,1,395137056340,618475375302,0,H,QUANTITY_BUNDLE,"Blanca совпадает по цвету и подсветке, но первая карточка указывает внутренний монтаж и 2 шт., вторая — открытый монтаж и 1 шт."
Строительство и ремонт,uncertain_positive,0.7777777777777778,1,601295476406,111669280401,1,H,,
Строительство и ремонт,uncertain_positive,0.7777777777777778,1,601295527878,34359800668,1,M,,
Строительство и ремонт,uncertain_positive,0.7777777777777778,1,652835071134,558345762385,0,H,MODEL_VARIANT,"Разные серии бит Wera: 855/1 TZ против 856/1 TZ ACR, хотя обе PZ2×25 мм."
Строительство и ремонт,uncertain_positive,0.7777777777777778,1,824633736030,309237814514,0,M,GENERIC_OVERMATCH,"Только общий тип/цвет/межосевое 128 мм и 4 шт.; различается материал (алюминий против цинка), модель и точный дизайн не установлены."
Строительство и ремонт,uncertain_positive,0.7777777777777778,1,841813597332,755914369562,0,H,MODEL_VARIANT,Разные бренды MPF/Profit и покрытие: никелированная латунь против явно указанного отсутствия покрытия.
Строительство и ремонт,uncertain_positive,0.8888888888888888,1,25769886075,463856547751,1,H,,
Строительство и ремонт,uncertain_positive,0.8888888888888888,1,34359834756,704374688116,1,H,,
Строительство и ремонт,uncertain_positive,0.8888888888888888,1,34359866285,523986029576,1,H,,
Строительство и ремонт,uncertain_positive,0.8888888888888888,1,137439095287,429496738791,0,H,MODEL_VARIANT,"Похожий размер JTC, но артикулы 443813 и 43813 различаются; первая головка явно ударная, во второй это не подтверждено."
Строительство и ремонт,uncertain_positive,0.8888888888888888,1,154618932485,309237649903,0,H,QUANTITY_BUNDLE,"Один и тот же Ecola HP6D50ELC, но продаётся 1 лампа против упаковки 50 штук."
Строительство и ремонт,uncertain_positive,0.8888888888888888,1,214748393180,137439028642,0,M,GENERIC_OVERMATCH,"Одинаковая геометрия ниппеля, но первая деталь TIM SM054, вторая без бренда/артикула; взаимозаменяемость не доказывает одну позицию."
Строительство и ремонт,uncertain_positive,0.8888888888888888,1,292057821026,481036384436,0,H,MODEL_VARIANT,"У первой кровельной саморезы цвета 5009 (небесно-голубые), у второй — обычные оцинкованные серые; цветовой вариант hard."
Строительство и ремонт,uncertain_positive,0.8888888888888888,1,317827716764,566935695292,0,H,MODEL_VARIANT,"Первая карточка — Odeon Light Bolli 4089/1 до 15 Вт, вторая без этой модели и с заявленными 40 Вт/другой геометрией."
Строительство и ремонт,uncertain_positive,0.8888888888888888,1,352187445051,214748422970,1,H,,
Строительство и ремонт,uncertain_positive,0.8888888888888888,1,455266683790,77309432002,1,H,,
Строительство и ремонт,uncertain_positive,0.8888888888888888,1,489626440632,60129700335,0,H,MODEL_VARIANT,Разные производители и модели: Aployt Gabi APL.0123.01.20 против Odeon Light 4335/18WL; также 20 против 18 Вт и разная ширина.
Строительство и ремонт,uncertain_positive,0.8888888888888888,1,798863959077,335007588204,0,M,MODEL_VARIANT,Разные бренды и потенциально разные сюжеты фотообоев: обычная «Карта мира» против «Карта мира 3D»; общих размеров и материала недостаточно.
Товары для животных,exact_negative,0.0,0,25769901858,764504229897,0,H,,
Товары для животных,exact_negative,0.0,0,34359874071,523986099262,0,H,,
Товары для животных,exact_negative,0.0,0,77309464674,137439026289,0,H,,
Товары для животных,exact_negative,0.0,0,128849110648,712964688627,0,H,,
Товары для животных,exact_negative,0.0,0,137439041670,618475323730,0,M,,
Товары для животных,exact_negative,0.0,0,146029002325,773094204223,0,H,,
Товары для животных,exact_negative,0.0,0,206158512555,223338303780,0,H,,
Товары для животных,exact_negative,0.0,0,214748399483,197568528944,0,H,,
Товары для животных,exact_negative,0.0,0,223338416581,609885416895,0,H,,
Товары для животных,exact_negative,0.0,0,249108147920,850403570896,0,H,,
Товары для животных,exact_negative,0.0,0,335007466611,369367297867,0,H,,
Товары для животных,exact_negative,0.0,0,335007516350,429496817458,0,H,,
Товары для животных,exact_negative,0.0,0,343597509577,558345864668,0,H,,
Товары для животных,exact_negative,0.0,0,446676642219,223338387613,0,L,,
Товары для животных,exact_negative,0.0,0,455266588501,670014948898,0,H,,
Товары для животных,exact_negative,0.0,0,489626396479,103079311293,0,H,,
Товары для животных,exact_negative,0.0,0,498216238344,549755839738,0,H,,
Товары для животных,exact_negative,0.0,0,506806221157,781684180237,0,H,,
Товары для животных,exact_negative,0.0,0,506806263176,781684148867,0,H,,
Товары для животных,exact_negative,0.0,0,515396102743,68719624714,0,H,,
Товары для животных,exact_negative,0.0,0,523986058521,223338371137,0,H,,
Товары для животных,exact_negative,0.0,0,532575983835,283467911447,0,H,,
Товары для животных,exact_negative,0.0,0,635655273719,154618918050,0,H,,
Товары для животных,exact_negative,0.0,0,712964645006,335007473293,U,L,,"Первая карточка почти пустая и может описывать тот же красный ошейник с бантом, но без изображения, размера, материала или общего кода это неразрешимо."
Товары для животных,exact_negative,0.0,0,841813592846,481036386875,0,M,,
Товары для животных,exact_positive,1.0,1,25769940090,146028943414,1,H,,
Товары для животных,exact_positive,1.0,1,103079354150,395137124298,1,H,,
Товары для животных,exact_positive,1.0,1,128849133504,549755826430,1,H,,
Товары для животных,exact_positive,1.0,1,137439095381,472446461471,1,H,,
Товары для животных,exact_positive,1.0,1,146029036509,369367261117,1,H,,
Товары для животных,exact_positive,1.0,1,171798730111,335007518227,U,L,,"Совпадает редкий объём 1,5 л, но Aquatop со звуковыми эффектами сопоставлен почти пустой generic-карточке без бренда и функций; без изображения неразрешимо."
Товары для животных,exact_positive,1.0,1,214748493637,326417586092,1,H,,
Товары для животных,exact_positive,1.0,1,223338300495,146029013110,1,H,,
Товары для животных,exact_positive,1.0,1,223338385104,412316954775,1,H,,
Товары для животных,exact_positive,1.0,1,231928350448,773094208229,1,H,,
Товары для животных,exact_positive,1.0,1,326417668563,51539618255,1,H,,
Товары для животных,exact_positive,1.0,1,352187470753,532576058983,1,H,,
Товары для животных,exact_positive,1.0,1,403727064495,506806265233,U,L,,"Обе карточки могут быть одним серым smart-ball, но нет модели/размера в первой; совпадение зависит от изображения."
Товары для животных,exact_positive,1.0,1,446676640966,532576048317,1,H,,
Товары для животных,exact_positive,1.0,1,446676713457,575525656362,U,L,,"Обе карточки описывают жёлтую вращающуюся игрушку для птиц, но в первой конфликтуют комплект 1 и единиц 6, вторая почти пуста."
Товары для животных,exact_positive,1.0,1,515396185916,472446499293,1,H,,
Товары для животных,exact_positive,1.0,1,558345855612,420906879692,U,L,,"Первая карточка generic красной силиконовой игрушки; вторая уточняет светящийся мячик с верёвкой, но общего кода/размера нет."
Товары для животных,exact_positive,1.0,1,644245187218,764504236374,1,H,,
Товары для животных,exact_positive,1.0,1,661425027582,721554511672,1,H,,
Товары для животных,exact_positive,1.0,1,764504254465,807453962099,1,M,,
Товары для животных,exact_positive,1.0,1,798863940026,472446489869,1,H,,
Товары для животных,exact_positive,1.0,1,798863942816,326417534489,0,M,GENERIC_OVERMATCH,"Первая карточка содержит только generic «диван-лежанка, размер M»; во второй конкретный розовый диван 55×38×18, общей модели/дизайна нет."
Товары для животных,exact_positive,1.0,1,816043850260,274878025096,1,H,,
Товары для животных,exact_positive,1.0,1,841813647148,438086737965,0,M,GENERIC_OVERMATCH,"Pi-Pi-Bent выпускает несколько наполнителей по 5 кг; первая карточка — Deluxe Fresh Grass, вторая не содержит линии/аромата, одного бренда и массы недостаточно."
Товары для животных,exact_positive,1.0,1,850403650461,240518313432,1,H,,
Товары для животных,uncertain_negative,0.2222222222222222,0,51539709286,292057923966,0,H,,
Товары для животных,uncertain_negative,0.2222222222222222,0,68719516837,128849077638,0,H,,
Товары для животных,uncertain_negative,0.2222222222222222,0,154618937527,137439050695,0,H,,
Товары для животных,uncertain_negative,0.2222222222222222,0,171798755442,309237678545,0,H,,
Товары для животных,uncertain_negative,0.2222222222222222,0,180388737868,283467902402,0,H,,
Товары для животных,uncertain_negative,0.2222222222222222,0,438086793748,180388689433,0,H,,
Товары для животных,uncertain_negative,0.2222222222222222,0,532576024047,558345796041,0,H,,
Товары для животных,uncertain_negative,0.2222222222222222,0,618475290827,377957143688,0,H,,
Товары для животных,uncertain_negative,0.2222222222222222,0,618475366957,566935710556,0,M,,
Товары для животных,uncertain_negative,0.2222222222222222,0,652835076997,395136993514,0,H,,
Товары для животных,uncertain_negative,0.2222222222222222,0,695784802086,214748507485,1,H,MISSED_MATCH,Редкое полное описание совпадает: рюкзак-переноска для попугаев со стоячим шестом и маленьким стаканом; вторая карточка просто плохо категоризирована.
Товары для животных,uncertain_negative,0.2222222222222222,0,824633847993,644245125810,0,M,,
Товары для животных,uncertain_negative,0.3333333333333333,0,51539673821,266288015082,0,H,,
Товары для животных,uncertain_negative,0.3333333333333333,0,111669171615,566935689723,1,H,MISSED_MATCH,Обе карточки — умная автокормушка 4 л с видеокамерой; сочетание объёма и функции достаточно специфично.
Товары для животных,uncertain_negative,0.3333333333333333,0,154618978395,180388714520,U,L,,"Обе карточки могут описывать одну распространённую паровую щётку-расчёску, но первая предлагает три дизайна, вторая только зелёную; модели и размеров нет."
Товары для животных,uncertain_negative,0.3333333333333333,0,283467841677,51539657818,0,H,,
Товары для животных,uncertain_negative,0.3333333333333333,0,326417640935,94489321614,0,H,,
Товары для животных,uncertain_negative,0.3333333333333333,0,352187421879,687194829863,U,L,,"Обе карточки называют погружной насос 12 В для автодома, но вторая не содержит производительности/модели и имеет сильно другие габариты упаковки."
Товары для животных,uncertain_negative,0.3333333333333333,0,575525696899,670015038342,1,M,MISSED_MATCH,"Обе карточки описывают коврик-лежанку с подогревом 85 см; title второй дополняет специфичную комплектацию первой, явного hard-конфликта нет."
Товары для животных,uncertain_negative,0.3333333333333333,0,627065378969,790273992806,1,H,MISSED_MATCH,"Совпадают Деревенские лакомства, сушёное куриное филе, 90 г и упаковочные габариты; «дольки/грудки» — разные описания одного продукта."
Товары для животных,uncertain_negative,0.3333333333333333,0,635655259301,197568506317,0,H,,
Товары для животных,uncertain_negative,0.3333333333333333,0,816043851392,704374797180,0,H,,
Товары для животных,uncertain_negative,0.4444444444444444,0,472446467779,77309553800,0,H,,
Товары для животных,uncertain_negative,0.4444444444444444,0,618475348364,292057849633,U,L,,"Обе лампы аквариумные раздвижные RGB с парой креплений, но только вторая указывает 48–60 см/20 Вт; общей модели нет."
Товары для животных,uncertain_negative,0.4444444444444444,0,695784732262,352187326060,0,M,,
Товары для животных,uncertain_positive,0.5555555555555556,1,68719614577,489626340045,0,M,GENERIC_OVERMATCH,Первая карточка — generic канатная игрушка микс без формы/размера; вторая — конкретная восьмёрка с мячом до 28 см.
Товары для животных,uncertain_positive,0.5555555555555556,1,171798731482,16746,0,H,MODEL_VARIANT,"Пижон «Зарница» рассчитана до 11,5 кг и чёрно-красная; вторая generic-рулетка до 15 кг красная."
Товары для животных,uncertain_positive,0.5555555555555556,1,266288062917,652835090512,0,H,MODEL_VARIANT,"Оба поводка 3 м из брезента, но ширина 25 против 35 мм и различается конкретная фурнитура; общего артикула нет."
Товары для животных,uncertain_positive,0.5555555555555556,1,764504252991,60129605387,0,M,GENERIC_OVERMATCH,"Только общий жёлтый коврик/подушка; размеров, модели и дизайна нет."
Товары для животных,uncertain_positive,0.6666666666666666,1,180388662121,798863939006,0,H,MODEL_VARIANT,Forza10 Dermo Active и Ultra Dermo — разные формулы: рыба+картофель против гидролизованного белка+горохового крахмала.
Товары для животных,uncertain_positive,0.6666666666666666,1,180388787895,446676647476,0,H,MODEL_VARIANT,"Первая игрушка — C-port smart ball 55 г без хвоста, вторая — Aiionp 2025 с хвостом; точная конструкция различается."
Товары для животных,uncertain_positive,0.6666666666666666,1,360777330679,292057822817,1,H,,
Товары для животных,uncertain_positive,0.6666666666666666,1,369367353571,386547069890,1,H,,
Товары для животных,uncertain_positive,0.6666666666666666,1,652835115005,94489406365,1,H,,
Товары для животных,uncertain_positive,0.6666666666666666,1,781684062601,274878046288,0,H,QUANTITY_BUNDLE,"Один и тот же Lucky Bits 400 г, но первая карточка продаёт 1 банку, вторая — 2."
Товары для животных,uncertain_positive,0.7777777777777778,1,515396213126,154618935302,U,L,,"Цвет и назначение близки, но первая карточка KMPets без размера и с комплектом «комбинезон+шлейка», вторая generic XL; общий дизайн не доказан."
Товары для животных,uncertain_positive,0.8888888888888888,1,25769897097,171798811987,1,H,,
Товары для животных,uncertain_positive,0.8888888888888888,1,42949724740,721554655560,1,M,,
Товары для животных,uncertain_positive,0.8888888888888888,1,180388666619,206158469544,1,H,,
Товары для животных,uncertain_positive,0.8888888888888888,1,197568645762,798864040610,1,H,,
Товары для животных,uncertain_positive,0.8888888888888888,1,249108119146,558345836801,1,H,,
Товары для животных,uncertain_positive,0.8888888888888888,1,249108231523,592705583517,1,H,,
Товары для животных,uncertain_positive,0.8888888888888888,1,343597505275,180388652613,0,M,GENERIC_OVERMATCH,"В первой подтверждены синяя поилка 550 мл, во второй только generic синяя поилка без объёма/модели."
Товары для животных,uncertain_positive,0.8888888888888888,1,360777288358,420906937050,0,M,GENERIC_OVERMATCH,"Два полностью generic «аквариумных биохимических фильтра» без модели, размера, мощности или конструкции."
Товары для животных,uncertain_positive,0.8888888888888888,1,395137005009,558345859340,1,H,,
Товары для животных,uncertain_positive,0.8888888888888888,1,481036401692,352187414075,1,H,,
Товары для животных,uncertain_positive,0.8888888888888888,1,541165932445,816043788388,1,H,,
Товары для животных,uncertain_positive,0.8888888888888888,1,618475380852,111669166492,1,H,,
Товары для животных,uncertain_positive,0.8888888888888888,1,652835108482,77309539700,1,H,,
Товары для животных,uncertain_positive,0.8888888888888888,1,798864034907,386547084211,1,M,,
Хобби и творчество,exact_negative,0.0,0,94489391566,695784727728,0,H,,
Хобби и творчество,exact_negative,0.0,0,146028903154,747324335884,0,H,,
Хобби и творчество,exact_negative,0.0,0,171798810509,317827694111,0,H,,
Хобби и творчество,exact_negative,0.0,0,197568501614,171798804020,0,H,,
Хобби и творчество,exact_negative,0.0,0,197568624887,403726979783,0,H,,
Хобби и творчество,exact_negative,0.0,0,206158529063,532576035230,0,H,,
Хобби и творчество,exact_negative,0.0,0,206158564188,481036360807,0,H,,
Хобби и творчество,exact_negative,0.0,0,231928315739,137439078691,0,H,,
Хобби и творчество,exact_negative,0.0,0,266288064680,403727044571,0,M,,
Хобби и творчество,exact_negative,0.0,0,360777393305,738734511949,U,L,,"Обе Elispaint 40×50/22 цвета могут быть одним морским сюжетом, но «пляж» и «закат в океане» без изображения/артикула недостаточно различимы."
Хобби и творчество,exact_negative,0.0,0,403726927268,446676622267,0,H,,
Хобби и творчество,exact_negative,0.0,0,523986103080,618475414657,0,H,,
Хобби и творчество,exact_negative,0.0,0,532576062869,128849157503,0,H,,
Хобби и творчество,exact_negative,0.0,0,549755939006,266288115535,0,H,,
Хобби и творчество,exact_negative,0.0,0,558345919158,25769946791,1,M,MISSED_MATCH,"Формулировки почти дословно совпадают: одна детская DTF-термонаклейка «Ленивец», производство Россия; явного варианта нет."
Хобби и творчество,exact_negative,0.0,0,575525639070,747324423289,1,H,MISSED_MATCH,"Обе карточки — Elispaint «Сова», 40×50, 22 цвета, одинаковая сложность и комплект; это достаточно специфичный дизайн."
Хобби и творчество,exact_negative,0.0,0,601295544562,146029027558,0,H,,
Хобби и творчество,exact_negative,0.0,0,609885505682,481036430608,0,H,,
Хобби и творчество,exact_negative,0.0,0,661425073988,386547123393,0,H,,
Хобби и творчество,exact_negative,0.0,0,704374724205,180388786600,U,L,,"Обе Elispaint 40×50/22 цвета про девушку, но вторая уточняет «девушка в цветах»; без изображения или кода нельзя доказать один сюжет."
Хобби и творчество,exact_negative,0.0,0,712964664698,111669223495,0,H,,
Хобби и творчество,exact_negative,0.0,0,738734391639,824633847900,0,H,,
Хобби и творчество,exact_negative,0.0,0,764504221924,618475393060,0,H,,
Хобби и творчество,exact_negative,0.0,0,824633750214,403726939087,0,H,,
Хобби и творчество,exact_negative,0.0,0,850403557123,584115629336,0,H,,
Хобби и творчество,exact_positive,1.0,1,42949809102,438086744285,U,M,,"Обе карточки могут быть одной автоматической машинкой для нанизывания бисера, но нет модели, размеров или комплектации второй."
Хобби и творчество,exact_positive,1.0,1,94489375976,481036364114,1,H,,
Хобби и творчество,exact_positive,1.0,1,103079335408,575525767823,1,H,,
Хобби и творчество,exact_positive,1.0,1,163208759532,558345772478,1,H,,
Хобби и творчество,exact_positive,1.0,1,223338334859,77309505771,1,H,,
Хобби и творчество,exact_positive,1.0,1,231928341833,833223772660,1,H,,
Хобби и творчество,exact_positive,1.0,1,352187343550,438086729758,1,H,,
Хобби и творчество,exact_positive,1.0,1,395137108762,240518172672,1,M,,
Хобби и творчество,exact_positive,1.0,1,403726938932,747324447868,1,H,,
Хобби и творчество,exact_positive,1.0,1,412316934446,25769961962,1,H,,
Хобби и творчество,exact_positive,1.0,1,412316979357,824633826630,0,M,GENERIC_OVERMATCH,"Первая карточка не называет икону/бренд, вторая — конкретная «Богородица Корсунская» Светлица; размер и тайваньский бисер общие для множества наборов."
Хобби и творчество,exact_positive,1.0,1,446676672509,412316966129,1,H,,
Хобби и творчество,exact_positive,1.0,1,498216335410,549755951387,1,M,,
Хобби и творчество,exact_positive,1.0,1,515396189295,747324330650,1,H,,
Хобби и творчество,exact_positive,1.0,1,558345765083,17179973196,U,L,,"Обе карточки про карманный цифровой детский микроскоп, но у первой только сиреневый цвет и SEO-описание, без модели/увеличения/комплекта."
Хобби и творчество,exact_positive,1.0,1,566935705371,25769951189,1,H,,
Хобби и творчество,exact_positive,1.0,1,584115592768,111669201055,1,H,,
Хобби и творчество,exact_positive,1.0,1,592705602245,377957150830,1,H,,
Хобби и творчество,exact_positive,1.0,1,601295507297,352187408080,1,H,,
Хобби и творчество,exact_positive,1.0,1,618475309417,730144514678,1,H,,
Хобби и творчество,exact_positive,1.0,1,627065294182,128849066814,1,H,,
Хобби и творчество,exact_positive,1.0,1,644245203300,472446481721,U,L,,"Названия дословно совпадают, но карточка B одновременно указывает белый цвет, а A почти пуста; конкретная модель игры не названа."
Хобби и творчество,exact_positive,1.0,1,755914247755,618475331299,0,M,GENERIC_OVERMATCH,"Первая карточка не содержит сюжета/бренда, вторая — конкретный набор Школа талантов «Котик с клубочками» 20×30; упаковочных габаритов недостаточно."
Хобби и творчество,exact_positive,1.0,1,755914270873,51539680142,1,M,,
Хобби и творчество,exact_positive,1.0,1,764504300087,197568607928,0,M,GENERIC_OVERMATCH,"Одинаковые 50 чёрных прищепок 3,5 см, но бренды Школа талантов и Grandrecord различаются; общий производственный код/дизайн не доказан."
Хобби и творчество,uncertain_negative,0.2222222222222222,0,17179869911,274877919834,0,H,,
Хобби и творчество,uncertain_negative,0.2222222222222222,0,25769885110,146029024048,0,H,,
Хобби и творчество,uncertain_negative,0.2222222222222222,0,25769933211,549755905108,0,H,,
Хобби и творчество,uncertain_negative,0.2222222222222222,0,34359824059,773094151066,0,H,,
Хобби и творчество,uncertain_negative,0.2222222222222222,0,249108189313,34359865641,0,H,,
Хобби и творчество,uncertain_negative,0.2222222222222222,0,429496732099,687194888500,0,M,,
Хобби и творчество,uncertain_negative,0.2222222222222222,0,506806271365,498216317532,0,H,,
Хобби и творчество,uncertain_negative,0.2222222222222222,0,558345774454,377957196413,0,H,,
Хобби и творчество,uncertain_negative,0.2222222222222222,0,678604922882,326417620611,0,H,,
Хобби и творчество,uncertain_negative,0.2222222222222222,0,747324457107,627065269587,0,H,,
Хобби и творчество,uncertain_negative,0.2222222222222222,0,764504183848,618475358336,0,H,,
Хобби и творчество,uncertain_negative,0.2222222222222222,0,781684068731,171798810933,0,H,,
Хобби и творчество,uncertain_negative,0.2222222222222222,0,781684170218,721554604815,0,H,,
Хобби и творчество,uncertain_negative,0.2222222222222222,0,841813618073,609885415373,0,H,,
Хобби и творчество,uncertain_negative,0.3333333333333333,0,60129676155,171798832949,0,H,,
Хобби и творчество,uncertain_negative,0.3333333333333333,0,94489294649,386547166522,0,H,,
Хобби и творчество,uncertain_negative,0.3333333333333333,0,103079225792,377957277231,0,H,,
Хобби и творчество,uncertain_negative,0.3333333333333333,0,730144460733,274877931736,1,M,MISSED_MATCH,"Обе карточки называют одну игру Triggle — треугольные шахматы с резинками; 2/4 игрока похоже на различие описания правил, а не модели."
Хобби и творчество,uncertain_negative,0.3333333333333333,0,773094153911,154618917583,0,H,,
Хобби и творчество,uncertain_negative,0.4444444444444444,0,60129600700,17180021197,0,H,,
Хобби и творчество,uncertain_negative,0.4444444444444444,0,128849048628,541165925681,0,H,,
Хобби и творчество,uncertain_negative,0.4444444444444444,0,326417529963,575525727063,0,H,,
Хобби и творчество,uncertain_negative,0.4444444444444444,0,438086674315,51539666759,0,M,,
Хобби и творчество,uncertain_negative,0.4444444444444444,0,515396105880,8590028072,0,H,,
Хобби и творчество,uncertain_negative,0.4444444444444444,0,738734466060,558345857452,1,M,MISSED_MATCH,"Совпадают красная новогодняя декоративная ветка, количество 1 и фактические габариты 32×8 см; title B — расширенное описание A."
Хобби и творчество,uncertain_positive,0.5555555555555556,1,257698148425,180388774703,0,H,QUANTITY_BUNDLE,"Шнур совпадает по материалу, цвету, диаметру и длине, но продаётся 1 катушка против 2."
Хобби и творчество,uncertain_positive,0.5555555555555556,1,403727033361,309237777723,1,H,,
Хобби и творчество,uncertain_positive,0.5555555555555556,1,807453931768,395136995208,1,H,,
Хобби и творчество,uncertain_positive,0.6666666666666666,1,549755927871,687194817488,1,M,,
Хобби и творчество,uncertain_positive,0.7777777777777778,1,326417632147,532576026214,0,H,QUANTITY_BUNDLE,"Один цвет Alize Puffy Fine 263, но 10 мотков против 20."
Хобби и творчество,uncertain_positive,0.7777777777777778,1,592705626831,584115647495,0,H,MODEL_VARIANT,Разные бренды бусин и длина нити 40 против 38 см; природный материал и диаметр 6 мм не задают одну позицию.
Хобби и творчество,uncertain_positive,0.7777777777777778,1,730144505707,661425016801,1,H,,
Хобби и творчество,uncertain_positive,0.8888888888888888,1,12481,438086717532,0,M,GENERIC_OVERMATCH,"Первая карточка — конкретный SimaLand-квест с 12 подсказками, письмом и инструкцией; вторая лишь generic новогодний квест без состава/бренда."
Хобби и творчество,uncertain_positive,0.8888888888888888,1,83288,627065290953,1,H,,
Хобби и творчество,uncertain_positive,0.8888888888888888,1,8589974641,51320,0,H,MODEL_VARIANT,"Gutermann Sew-All 100/200 м, но разные точные оттенки: код 013 синий против 078 синяя лазурь."
Хобби и творчество,uncertain_positive,0.8888888888888888,1,8590086360,652835093341,1,M,,
Хобби и творчество,uncertain_positive,0.8888888888888888,1,60129665932,652835055083,1,H,,
Хобби и творчество,uncertain_positive,0.8888888888888888,1,111669210238,781684062947,1,H,,
Хобби и творчество,uncertain_positive,0.8888888888888888,1,154618885558,420906796271,1,M,,
Хобби и творчество,uncertain_positive,0.8888888888888888,1,154618941692,498216343416,0,H,MODEL_VARIANT,YarnArt Imperial Merino: цветовые коды 3331 «липа» и 3330 различаются.
Хобби и творчество,uncertain_positive,0.8888888888888888,1,163208770122,472446461774,0,M,MODEL_VARIANT,"В материалах для шитья оттенок hard: красная атласная лента сопоставлена с томатно-красной, общего кода цвета нет."
Хобби и творчество,uncertain_positive,0.8888888888888888,1,206158548789,69647,1,H,,
Хобби и творчество,uncertain_positive,0.8888888888888888,1,223338374877,558345794003,0,H,QUANTITY_BUNDLE,"Один Alize Alpaca Royal New 692, но 5 мотков против 6."
Хобби и творчество,uncertain_positive,0.8888888888888888,1,266288080673,438086699832,1,M,,
Хобби и творчество,uncertain_positive,0.8888888888888888,1,300647763233,137438974524,1,H,,
Хобби и творчество,uncertain_positive,0.8888888888888888,1,446676678338,472446531634,1,H,,
Хобби и творчество,uncertain_positive,0.8888888888888888,1,523986058782,266288066664,1,M,,
Хобби и творчество,uncertain_positive,0.8888888888888888,1,627065273976,712964583562,1,H,,
Хобби и творчество,uncertain_positive,0.8888888888888888,1,721554549161,575525661694,0,H,MODEL_VARIANT,"Первая молния спиральная, вторая тракторная; размер, цвет и количество совпадают, но конструкция зубьев различается."
Хобби и творчество,uncertain_positive,0.8888888888888888,1,781684070255,781684159157,1,H,,
Электроника,exact_negative,0.0,0,188978612817,206158505907,0,H,,
Электроника,exact_negative,0.0,0,197568645694,850403646852,0,M,,
Электроника,exact_negative,0.0,0,223338333262,790274095506,0,H,,
Электроника,exact_negative,0.0,0,249108228646,42949753654,0,H,,
Электроника,exact_negative,0.0,0,343597518530,773094170020,0,M,,
Электроника,exact_negative,0.0,0,395137015541,146029018588,0,H,,
Электроника,exact_negative,0.0,0,429496847193,360777329076,0,H,,
Электроника,exact_negative,0.0,0,429496872153,94489409889,0,H,,
Электроника,exact_negative,0.0,0,446676745445,369367241966,1,H,MISSED_MATCH,"Названия дословно совпадают: один коврик «Созданный в бездне», 22×18 см, тот же бренд, резиновая основа и текстильное покрытие."
Электроника,exact_negative,0.0,0,463856581868,687194936675,0,H,,
Электроника,exact_negative,0.0,0,472446442068,575525768329,0,H,,
Электроника,exact_negative,0.0,0,481036386530,764504270172,0,H,,
Электроника,exact_negative,0.0,0,489626341451,455266662675,0,M,,
Электроника,exact_negative,0.0,0,489626366239,618475437680,1,H,MISSED_MATCH,"Полностью совпадают iPhone 16 Pro Max 8/512 GB Desert Titanium, Global SIM+eSIM; странные поля Lightning/iOS17 в первой — ошибки источника."
Электроника,exact_negative,0.0,0,523986023773,360777407332,0,H,,
Электроника,exact_negative,0.0,0,549755896380,721554625888,0,H,,
Электроника,exact_negative,0.0,0,592705639617,670014952527,0,H,,
Электроника,exact_negative,0.0,0,618475399417,231928326083,0,H,,
Электроника,exact_negative,0.0,0,644245151855,51539711365,0,H,,
Электроника,exact_negative,0.0,0,730144544126,111669183683,0,H,,
Электроника,exact_negative,0.0,0,790273991376,214748481755,0,H,,
Электроника,exact_negative,0.0,0,790274005704,644245209213,0,H,,
Электроника,exact_negative,0.0,0,790274046380,274877940151,0,H,,
Электроника,exact_negative,0.0,0,790274142657,816043823767,0,H,,
Электроника,exact_negative,0.0,0,824633847202,309237705536,0,H,,
Электроника,exact_positive,1.0,1,8590024998,575525767523,1,H,,
Электроника,exact_positive,1.0,1,17179921226,575525703096,1,H,,
Электроника,exact_positive,1.0,1,60129692946,154618978691,1,H,,
Электроника,exact_positive,1.0,1,60129711512,661425112144,1,H,,
Электроника,exact_positive,1.0,1,94489383503,240518204091,U,L,BAD_SOURCE_FIELDS,Первая карточка повреждена/неинформативна: модель Kindle и цвет не читаются; подтвердить тот же чехол нельзя.
Электроника,exact_positive,1.0,1,103079301660,807453948901,1,H,,
Электроника,exact_positive,1.0,1,154618854348,128849062052,1,M,,
Электроника,exact_positive,1.0,1,197568620848,154618863197,1,H,,
Электроника,exact_positive,1.0,1,274878006712,833223817357,1,H,,
Электроника,exact_positive,1.0,1,283467953340,652835099579,1,H,,
Электроника,exact_positive,1.0,1,283467953486,498216274703,0,H,QUANTITY_BUNDLE,"Вторая карточка явно включает кабель 1 м, первая описывает только адаптер; комплектность — существенное различие."
Электроника,exact_positive,1.0,1,369367269762,506806240063,1,M,,
Электроника,exact_positive,1.0,1,369367271714,816043843740,0,M,GENERIC_OVERMATCH,Два безымянных прозрачных силиконовых чехла для iPhone 16 без общего артикула/дизайна недостаточны для same-SKU.
Электроника,exact_positive,1.0,1,463856551676,541165901959,1,H,,
Электроника,exact_positive,1.0,1,472446465484,403726977101,1,H,,
Электроника,exact_positive,1.0,1,506806185023,42949779027,1,H,,
Электроника,exact_positive,1.0,1,541165967550,223338385907,1,H,,
Электроника,exact_positive,1.0,1,695784835112,781684178260,1,H,,
Электроника,exact_positive,1.0,1,704374750048,575525715358,U,M,BAD_SOURCE_FIELDS,"Attack Shark X11 совпадает по модели, но цвет конфликтует: белый против «зеркальный», при этом partnumber второй снова white."
Электроника,exact_positive,1.0,1,730144569010,60129613475,1,H,,
Электроника,exact_positive,1.0,1,738734469483,523986011522,0,H,GENERIC_OVERMATCH,"Безымянный патч-корд и DEXP совпадают лишь по типу Cat5e/U-UTP, длине и цвету; общей модели/артикула нет."
Электроника,exact_positive,1.0,1,755914266334,738734408300,1,M,,
Электроника,exact_positive,1.0,1,755914345224,266288023331,1,H,,
Электроника,exact_positive,1.0,1,790274039633,111669206662,1,H,,
Электроника,exact_positive,1.0,1,841813703927,635655293711,1,H,,
Электроника,uncertain_negative,0.2222222222222222,0,25769868492,266288009712,0,H,,
Электроника,uncertain_negative,0.2222222222222222,0,51539703887,764504187692,0,H,,
Электроника,uncertain_negative,0.2222222222222222,0,231928280708,231928317499,0,H,,
Электроника,uncertain_negative,0.2222222222222222,0,240518171053,601295481688,1,H,MISSED_MATCH,Обе карточки имеют тот же ExeGate ULB-600 и одинаковый партномер EP212515RUS; различия формулировок/шум атрибутов не меняют SKU.
Электроника,uncertain_negative,0.2222222222222222,0,240518312978,412316878897,0,H,,
Электроника,uncertain_negative,0.2222222222222222,0,455266566081,687194870101,0,H,,
Электроника,uncertain_negative,0.2222222222222222,0,523986084314,721554536557,0,M,,
Электроника,uncertain_negative,0.2222222222222222,0,670015058119,515396198757,0,M,,
Электроника,uncertain_negative,0.2222222222222222,0,687194768156,850403566758,0,H,,
Электроника,uncertain_negative,0.2222222222222222,0,841813650096,592705556888,0,M,,
Электроника,uncertain_negative,0.3333333333333333,0,112285,506806202040,0,H,,
Электроника,uncertain_negative,0.3333333333333333,0,17179934345,635655243382,0,M,,
Электроника,uncertain_negative,0.3333333333333333,0,25769842384,257698158762,0,M,,
Электроника,uncertain_negative,0.3333333333333333,0,249108117324,292057910619,0,M,,
Электроника,uncertain_negative,0.3333333333333333,0,300647804823,94489336158,1,M,MISSED_MATCH,"Редкая конфигурация KWIK полностью совпадает в заголовках: i5-14600KF, GTX 1660 Super, 16/512, Windows 11 Pro; внутренние атрибуты местами шумные."
Электроника,uncertain_negative,0.3333333333333333,0,317827660196,635655318979,0,M,,
Электроника,uncertain_negative,0.3333333333333333,0,395137048548,764504233884,0,M,,
Электроника,uncertain_negative,0.3333333333333333,0,429496828094,420906802575,0,H,,
Электроника,uncertain_negative,0.3333333333333333,0,584115556497,188978621463,0,H,,
Электроника,uncertain_negative,0.3333333333333333,0,652835056352,17179889022,1,M,MISSED_MATCH,"Совпадают бренд MyPads, форм-фактор книжки и точная совместимость Samsung Galaxy Z Fold 3; обрезанный второй заголовок подтверждается атрибутами."
Электроника,uncertain_negative,0.3333333333333333,0,670014996817,558345879002,0,M,,
Электроника,uncertain_negative,0.3333333333333333,0,738734447897,68719537127,0,H,,
Электроника,uncertain_negative,0.3333333333333333,0,738734461582,154618898387,0,M,,
Электроника,uncertain_negative,0.4444444444444444,0,126962,326417549991,0,M,,
Электроника,uncertain_negative,0.4444444444444444,0,489626291641,140713,0,H,,
Электроника,uncertain_positive,0.5555555555555556,1,206158543992,335007593510,1,H,,
Электроника,uncertain_positive,0.5555555555555556,1,386547164680,257698165502,0,H,MODEL_VARIANT,Чехлы рассчитаны на разные модели: Honor X6 и Honor X6a.
Электроника,uncertain_positive,0.5555555555555556,1,446676684637,352187482525,1,M,,
Электроника,uncertain_positive,0.5555555555555556,1,498216233405,841813736770,1,M,,
Электроника,uncertain_positive,0.5555555555555556,1,687194832848,128849154095,1,H,,
Электроника,uncertain_positive,0.5555555555555556,1,747324476108,489626329930,0,H,GENERIC_OVERMATCH,Безымянные белые MagSafe powerbank 5000 мА·ч имеют разные входы/выходы и массу; общей модели нет.
Электроника,uncertain_positive,0.5555555555555556,1,841813680456,60129661526,0,M,GENERIC_OVERMATCH,"Защитные плёнки для одной модели телефона, но разных продавцов/брендов без общего артикула; общий тип не доказывает тот же SKU."
Электроника,uncertain_positive,0.6666666666666666,1,300647741655,541166003941,U,M,BAD_SOURCE_FIELDS,"Обе карточки говорят о чёрной книжке с принтом, но только вторая раскрывает вариант «глаза», art2272; дизайн первой не идентифицируется."
Электроника,uncertain_positive,0.6666666666666666,1,549755885535,678604990212,0,H,MODEL_VARIANT,Чехлы для разных устройств: Realme 13 Pro/Pro+ и Realme 13+ 5G.
Электроника,uncertain_positive,0.6666666666666666,1,592705563822,721554600802,0,H,MODEL_VARIANT,Клавиатуры предназначены для разных ноутбуков MSI Raider GE77 и GE76.
Электроника,uncertain_positive,0.6666666666666666,1,601295569120,601295517179,1,M,,
Электроника,uncertain_positive,0.7777777777777778,1,214748367476,627065284040,0,M,GENERIC_OVERMATCH,"Два комплекта по 2 матовые плёнки для S25 Ultra имеют разные бренды и не имеют общего артикула; это типовой расходник, а не подтверждённый один SKU."
Электроника,uncertain_positive,0.7777777777777778,1,807453974678,549755849032,1,H,,
Электроника,uncertain_positive,0.8888888888888888,1,77309562511,326417580514,U,M,BAD_SOURCE_FIELDS,"В первой карточке не указан конкретный вариант рисунка Minecraft; во второй — Minecraft 4, поэтому exact design проверить нельзя."
Электроника,uncertain_positive,0.8888888888888888,1,274877991497,8590002148,0,H,MODEL_VARIANT,В заголовках указаны DEXP Ursus N470 и NS470; дополнительно различаются химия/список совместимости.
Электроника,uncertain_positive,0.8888888888888888,1,292057867111,618475385332,1,H,,
Электроника,uncertain_positive,0.8888888888888888,1,300647866550,8589940051,0,H,MODEL_VARIANT,"Смартфоны одной конфигурации, но разных цветов: белый и голубой/mint; цвет — жёсткий вариант SKU."
Электроника,uncertain_positive,0.8888888888888888,1,506806174495,352187328888,0,H,MODEL_VARIANT,Разная схема антенных коннекторов: M–F против явно «штекер–штекер».
Электроника,uncertain_positive,0.8888888888888888,1,506806287837,712964612859,1,H,,
Электроника,uncertain_positive,0.8888888888888888,1,541165939964,137438978403,1,H,,
Электроника,uncertain_positive,0.8888888888888888,1,601295500378,360777328402,1,M,,
Электроника,uncertain_positive,0.8888888888888888,1,704374781260,790274100793,1,H,,
Электроника,uncertain_positive,0.8888888888888888,1,773094140647,103079298981,1,H,,
Электроника,uncertain_positive,0.8888888888888888,1,807453852829,360777310999,1,H,,
Электроника,uncertain_positive,0.8888888888888888,1,841813642001,773094184265,1,M,,
Ювелирные изделия,exact_negative,0.0,0,104590,798863945459,0,H,,
Ювелирные изделия,exact_negative,0.0,0,94489315071,420906885071,0,H,,
Ювелирные изделия,exact_negative,0.0,0,111669152416,678604856885,0,H,,
Ювелирные изделия,exact_negative,0.0,0,128849094470,515396116701,0,H,,
Ювелирные изделия,exact_negative,0.0,0,137438978709,721554545339,0,H,,
Ювелирные изделия,exact_negative,0.0,0,154618897634,644245108563,0,H,,
Ювелирные изделия,exact_negative,0.0,0,188978672749,764504276587,0,H,,
Ювелирные изделия,exact_negative,0.0,0,197568649382,17179937100,0,M,,
Ювелирные изделия,exact_negative,0.0,0,214748421720,721554648737,0,M,,
Ювелирные изделия,exact_negative,0.0,0,326417590244,68719611945,0,H,,
Ювелирные изделия,exact_negative,0.0,0,395137048358,309237695808,0,H,,
Ювелирные изделия,exact_negative,0.0,0,420906953620,274878048922,1,M,MISSED_MATCH,"Talant: полностью совпадают металл/проба, родирование, россыпь фианитов, средний вес 1,18 г и упаковка; различается только размер кольца (soft), а артикул первой содержит размерный суффикс _19."
Ювелирные изделия,exact_negative,0.0,0,549755867776,695784808916,0,H,,
Ювелирные изделия,exact_negative,0.0,0,566935843680,841813596531,0,M,,
Ювелирные изделия,exact_negative,0.0,0,575525681848,171798725574,0,H,,
Ювелирные изделия,exact_negative,0.0,0,609885430777,206158493663,0,H,,
Ювелирные изделия,exact_negative,0.0,0,627065229734,292057932539,0,H,,
Ювелирные изделия,exact_negative,0.0,0,661425023850,171798706079,0,H,,
Ювелирные изделия,exact_negative,0.0,0,712964693725,704374652568,0,H,,
Ювелирные изделия,exact_negative,0.0,0,721554568180,532576032754,0,H,,
Ювелирные изделия,exact_negative,0.0,0,764504198875,206158562067,0,M,,
Ювелирные изделия,exact_negative,0.0,0,764504314390,214748474764,0,H,,
Ювелирные изделия,exact_negative,0.0,0,807453879282,51539653183,0,H,,
Ювелирные изделия,exact_negative,0.0,0,824633819979,85899386541,0,H,,
Ювелирные изделия,exact_negative,0.0,0,850403524893,146028989155,0,H,,
Ювелирные изделия,exact_positive,1.0,1,25769824522,635655199917,1,M,,
Ювелирные изделия,exact_positive,1.0,1,60129623332,730144536815,1,H,,
Ювелирные изделия,exact_positive,1.0,1,103079305994,712964657329,1,H,,
Ювелирные изделия,exact_positive,1.0,1,120259243526,712964648038,1,M,,
Ювелирные изделия,exact_positive,1.0,1,171798764913,231928362572,U,M,BAD_SOURCE_FIELDS,"У второй карточки Красной Пресни нет артикула, веса и дизайна, а цвет указан как красный; связь с моделью 23815045-18 проверить нельзя."
Ювелирные изделия,exact_positive,1.0,1,206158531025,824633775059,0,M,GENERIC_OVERMATCH,"Обе карточки — золотые браслеты Platina, но общий parent article/дизайн отсутствует; у второй отдельный артикул с суффиксом 17, у первой длина 18,5 и плетение Singapore."
Ювелирные изделия,exact_positive,1.0,1,231928326567,644245167847,0,H,MODEL_VARIANT,"Talant: одинаковы общий тип и размер, но средний вес 2,06 против 2,56 г; у второй есть отдельный артикул 20-72-0001-15787, общего parent-кода нет."
Ювелирные изделия,exact_positive,1.0,1,240518312768,68719576191,1,H,,
Ювелирные изделия,exact_positive,1.0,1,249108188891,326417528642,1,H,,
Ювелирные изделия,exact_positive,1.0,1,300647852434,798863951324,1,H,,
Ювелирные изделия,exact_positive,1.0,1,317827659144,403726939396,1,H,,
Ювелирные изделия,exact_positive,1.0,1,343597435420,206158524876,1,H,,
Ювелирные изделия,exact_positive,1.0,1,360777309369,730144613417,0,H,GENERIC_OVERMATCH,"Первая подвеска — «Династия», Овен с 19 фианитами и артикулом 101098-1102; вторая — generic «Золото Дисконт» без вставки и другого веса."
Ювелирные изделия,exact_positive,1.0,1,455266575598,8590062161,1,H,,
Ювелирные изделия,exact_positive,1.0,1,481036357248,678604885568,1,H,,
Ювелирные изделия,exact_positive,1.0,1,481036382200,412316962301,1,H,,
Ювелирные изделия,exact_positive,1.0,1,541165927802,51539645855,1,M,,
Ювелирные изделия,exact_positive,1.0,1,558345798219,137438999541,U,M,BAD_SOURCE_FIELDS,"Сходятся серебро, перламутр, винтовой замок и близкий вес, но бренды различаются, общего артикула нет, а точный дизайн второй карточки не описан."
Ювелирные изделия,exact_positive,1.0,1,575525698336,180388794927,1,H,,
Ювелирные изделия,exact_positive,1.0,1,644245151729,781684151252,1,H,,
Ювелирные изделия,exact_positive,1.0,1,670014930949,781684059116,1,H,,
Ювелирные изделия,exact_positive,1.0,1,781684047886,807453964699,1,M,,
Ювелирные изделия,exact_positive,1.0,1,798863928254,257698169928,0,H,MODEL_VARIANT,"У колец Яхонт явно разные артикулы: 145812 и 125546, а также различается средний вес."
Ювелирные изделия,exact_positive,1.0,1,807453973534,687194775827,1,H,,
Ювелирные изделия,exact_positive,1.0,1,841813674436,34359852269,1,H,,
Ювелирные изделия,uncertain_negative,0.2222222222222222,0,34803,403726949807,0,H,,
Ювелирные изделия,uncertain_negative,0.2222222222222222,0,128849064651,609885473074,0,M,,
Ювелирные изделия,uncertain_negative,0.2222222222222222,0,146028955879,575525743435,1,M,MISSED_MATCH,"Diamant: совпадают тип, замок, проба и редкая суммарная масса 12 фианитов 0,786 карат; разные коды выглядят как торговый и производственный артикулы одной модели."
Ювелирные изделия,uncertain_negative,0.2222222222222222,0,171798768031,292057821001,1,M,MISSED_MATCH,"Diamant: один топаз 5 мм плюс 16 фианитов, близкий вес; размер 17 против 17,5 является soft-вариантом кольца."
Ювелирные изделия,uncertain_negative,0.2222222222222222,0,206158454002,386547206738,0,H,,
Ювелирные изделия,uncertain_negative,0.2222222222222222,0,274877960416,326417539039,0,H,,
Ювелирные изделия,uncertain_negative,0.2222222222222222,0,300647814978,412316896435,0,H,,
Ювелирные изделия,uncertain_negative,0.2222222222222222,0,317827640995,171798749875,0,H,,
Ювелирные изделия,uncertain_negative,0.2222222222222222,0,360777423132,712964600241,0,H,,
Ювелирные изделия,uncertain_negative,0.2222222222222222,0,377957178314,42949699225,0,M,,
Ювелирные изделия,uncertain_negative,0.2222222222222222,0,412316863657,807453970212,0,H,,
Ювелирные изделия,uncertain_negative,0.2222222222222222,0,429496792366,695784742611,0,H,,
Ювелирные изделия,uncertain_negative,0.2222222222222222,0,532576001501,721554525928,0,M,,
Ювелирные изделия,uncertain_negative,0.2222222222222222,0,592705527847,120259181218,0,H,,
Ювелирные изделия,uncertain_negative,0.2222222222222222,0,601295556016,627065332755,0,M,,
Ювелирные изделия,uncertain_negative,0.2222222222222222,0,635655202958,644245177842,0,H,,
Ювелирные изделия,uncertain_negative,0.2222222222222222,0,644245108563,231928269646,0,H,,
Ювелирные изделия,uncertain_negative,0.2222222222222222,0,833223725204,111669260421,1,H,MISSED_MATCH,"Alkor: совпадают Sky Blue топаз, металл/покрытие и вес около 2,0 г; размер 18,5 против 19 — soft-вариант одной модели 01-1280/00ТБ-00."
Ювелирные изделия,uncertain_negative,0.3333333333333333,0,395137093573,188978626613,1,H,MISSED_MATCH,"Полностью совпадает артикул Sokolov 94013298; различается только размер 16/16,5."
Ювелирные изделия,uncertain_negative,0.3333333333333333,0,738734480045,592705584132,0,H,,
Ювелирные изделия,uncertain_negative,0.3333333333333333,0,764504179256,618475326428,0,H,,
Ювелирные изделия,uncertain_negative,0.3333333333333333,0,798863979980,412316950629,0,H,,
Ювелирные изделия,uncertain_negative,0.3333333333333333,0,824633839820,8589949944,1,M,MISSED_MATCH,Talant: жёсткий родированный серебряный браслет с фианитами и практически одинаковым весом/комплектом; «винтовой» и «защёлка» выглядят как разное описание одного замка.
Ювелирные изделия,uncertain_negative,0.4444444444444444,0,326417542967,652835160213,0,M,,
Ювелирные изделия,uncertain_negative,0.4444444444444444,0,635655252236,94489309312,0,M,,
Ювелирные изделия,uncertain_positive,0.5555555555555556,1,163208895429,463856486429,0,H,GENERIC_OVERMATCH,"Разные бренды и вес: «Вознесенский ЮЗ» модель 10-1817 (1,76 г) против generic Jewelry дорожки (1,60 г); общей модели нет."
Ювелирные изделия,uncertain_positive,0.5555555555555556,1,206158538284,60129679036,0,H,GENERIC_OVERMATCH,"Красная Пресня 7,25 г и Zlatberry 3,6 г — разные кольца, несмотря на общий металл/покрытие/фианит."
Ювелирные изделия,uncertain_positive,0.5555555555555556,1,266287988765,687194925777,0,H,MODEL_VARIANT,Sokolov: жёлтое золото в первой карточке против красного золота во второй; цвет металла — hard-вариант.
Ювелирные изделия,uncertain_positive,0.5555555555555556,1,549755862295,412316935990,1,H,,
Ювелирные изделия,uncertain_positive,0.5555555555555556,1,558345838479,627065298568,1,M,,
Ювелирные изделия,uncertain_positive,0.5555555555555556,1,609885467759,377957267364,U,M,BAD_SOURCE_FIELDS,"Обе карточки Bronnitsky описывают тонкое помолвочное кольцо с фианитом, но нет общего артикула, а первая не даёт веса/дизайна."
Ювелирные изделия,uncertain_positive,0.6666666666666666,1,369367222386,609885384774,0,H,MODEL_VARIANT,Эстет: разные производственные артикулы 01О010165S и 01О010011S и различный вес.
Ювелирные изделия,uncertain_positive,0.6666666666666666,1,841813590271,584115653160,1,M,,
Ювелирные изделия,uncertain_positive,0.7777777777777778,1,360777263094,773094139211,0,H,MODEL_VARIANT,"Aurora Siberica: бриллиант 0,010 против 0,019 ct; это разные каменные конфигурации."
Ювелирные изделия,uncertain_positive,0.7777777777777778,1,661425004687,532575992315,1,M,,
Ювелирные изделия,uncertain_positive,0.7777777777777778,1,747324468640,644245159357,1,M,,
Ювелирные изделия,uncertain_positive,0.7777777777777778,1,764504268575,463856590884,0,H,MODEL_VARIANT,Красная Пресня: бижутерный сплав и артикул А14015348 против серебра 925 и Б13015348.
Ювелирные изделия,uncertain_positive,0.7777777777777778,1,816043804988,738734488481,0,H,WRONG_ENTITY,Разные бренды и камни: Valtera с нано-сапфиром против Platina с натуральным сапфиром/другой конфигурацией бриллиантов.
Ювелирные изделия,uncertain_positive,0.8888888888888888,1,111669207395,670015054732,0,M,GENERIC_OVERMATCH,"Серьги-кольца Sokolov и Diamant-online близки по весу, но бренды/артикулы не совпадают и точная геометрия второй карточки отсутствует."
Ювелирные изделия,uncertain_positive,0.8888888888888888,1,111669238789,635655182325,1,H,,
Ювелирные изделия,uncertain_positive,0.8888888888888888,1,154618919953,352187330896,1,M,,
Ювелирные изделия,uncertain_positive,0.8888888888888888,1,197568519145,163208813751,1,M,,
Ювелирные изделия,uncertain_positive,0.8888888888888888,1,240518219618,206158496682,0,H,GENERIC_OVERMATCH,"Jewelry 1,94 г и Diamant 1,19 г (артикул 35948) — разные позолоченные кольца с фианитом."
Ювелирные изделия,uncertain_positive,0.8888888888888888,1,266288078534,283467938673,1,M,,
Ювелирные изделия,uncertain_positive,0.8888888888888888,1,438086692369,249108221520,0,M,GENERIC_OVERMATCH,Два безымянных обручальных кольца из белого золота с бриллиантами имеют заметно разный вес и не имеют общего артикула/описания камней.
Ювелирные изделия,uncertain_positive,0.8888888888888888,1,481036434752,146028921272,U,M,BAD_SOURCE_FIELDS,"У Lair совпадают материал и муассанит, но только вторая карточка указывает дизайн «цветок»; первая не позволяет проверить точную модель."
Ювелирные изделия,uncertain_positive,0.8888888888888888,1,523986061267,438086677975,1,M,,
Ювелирные изделия,uncertain_positive,0.8888888888888888,1,523986084354,695784821762,1,M,,
Ювелирные изделия,uncertain_positive,0.8888888888888888,1,541166001041,584115635970,1,M,,
Ювелирные изделия,uncertain_positive,0.8888888888888888,1,764504210473,472446433566,U,M,BAD_SOURCE_FIELDS,"Близкий вес и общий тип серёг-протяжек, но бренды различаются, а карточка Aquamarine не сообщает длину/дизайн; общей модели нет."
