category,attribute,conflict_0,conflict_1,equal_0,equal_1,conflicts,equals,negative_rate_given_conflict,category_negative_rate,smoothed_negative_rate,negative_lift,candidate
Детские товары,кол-во колес,20,0,0,0,20,0,1.0,0.43993731541197034,0.8879874630823941,0.4480501476704237,True
Детские товары,система амортизации,51,4,6,5,55,11,0.9272727272727272,0.43993731541197034,0.8866614429509975,0.4467241275390271,True
Детские товары,количество скоростей велосипеда,43,3,0,0,46,0,0.9347826086956522,0.43993731541197034,0.8862683642560755,0.4463310488441051,True
Детские товары,материал обода,32,2,16,3,34,19,0.9411764705882353,0.43993731541197034,0.8769150404374321,0.4369777250254617,True
Детские товары,материал рамы,49,5,72,10,54,82,0.9074074074074074,0.43993731541197034,0.8677912979162686,0.4278539825042983,True
Детские товары,марка автомобиля,42,5,41,9,47,50,0.8936170212765957,0.43993731541197034,0.8499939726357664,0.41005665722379603,True
Хобби и творчество,"длина, см",52,1,23,11,53,34,0.9811320754716981,0.5357526560821296,0.9427372979381147,0.40698464185598504,True
Детские товары,конструкция рулевой колонки,18,2,1,0,20,1,0.9,0.43993731541197034,0.807987463082394,0.36805014767042366,True
Хобби и творчество,цвет товара,836,109,387,201,945,588,0.8846560846560847,0.5357526560821296,0.8828197508214849,0.34706709473935526,True
Хобби и творчество,материал холста,26,2,25,2,28,27,0.9285714285714286,0.5357526560821296,0.8690534327397167,0.33330077665758706,True
Красота и гигиена,изгиб ресниц,622,18,127,23,640,150,0.971875,0.6360183767228178,0.9692714602846729,0.3332530835618551,True
Хобби и творчество,размер бисера,111,15,0,0,126,0,0.8809523809523809,0.5357526560821296,0.8677768189344325,0.33202416285230285,True
Хобби и творчество,тип холста,24,2,15,0,26,15,0.9230769230769231,0.5357526560821296,0.8606052671100209,0.3248526110278913,True
Канцелярские товары,особенности,23,0,4,0,23,4,1.0,0.6597844514410269,0.9392472234716119,0.279462772030585,True
Канцелярские товары,форма наконечника,83,6,0,0,89,0,0.9325842696629213,0.6597844514410269,0.9180736410340972,0.25828918959307023,True
Канцелярские товары,форма клапана,25,1,0,0,26,0,0.9615384615384616,0.6597844514410269,0.912868459909843,0.25308400846881607,True
Канцелярские товары,специальные отделения,47,4,3,0,51,3,0.9215686274509803,0.6597844514410269,0.8981950403072345,0.23841058886620758,True
Дом и сад,монтаж без сверления,104,2,18,1,106,19,0.9811320754716981,0.7369750932499097,0.9701340132094554,0.23315891995954563,True
Дом и сад,форма зеркала,35,0,2,0,35,2,1.0,0.7369750932499097,0.9671218866562388,0.23014679340632904,True
Красота и гигиена,цвет товара,457,72,128,59,529,187,0.8638941398865785,0.6360183767228178,0.8617604716921612,0.2257420949693434,True
Красота и гигиена,особенность оттенка,96,15,35,7,111,42,0.8648648648648649,0.6360183767228178,0.8550007921001214,0.21898241537730356,True
Спорт и отдых,"разрывная нагрузка, кг",46,1,6,3,47,9,0.9787234042553191,0.7404275591020069,0.9558103422213468,0.2153827831193399,True
Товары для животных,сезон,166,26,64,14,192,78,0.8645833333333334,0.6447764651378272,0.8590044788106048,0.21422801367277766,True
Дом и сад,артикул,66,3,0,1,69,1,0.9565217391304348,0.7369750932499097,0.9416875063006696,0.20471241305075982,True
Продукты питания,кухни мира,29,1,24,1,30,25,0.9666666666666667,0.7300237227333217,0.9328605318190459,0.2028368090857242,True
Товары для животных,пол животного,67,11,21,9,78,30,0.8589743589743589,0.6447764651378272,0.846070871393845,0.2012944062560178,True
Канцелярские товары,вид ручки,43,6,211,47,49,258,0.8775510204081632,0.6597844514410269,0.8573874492075025,0.1976029977664756,True
Дом и сад,застежка пододеяльника,167,11,0,0,178,0,0.9382022471910112,0.7369750932499097,0.9327042375204893,0.19572914427057952,True
Дом и сад,режим стирки,194,13,1,0,207,1,0.9371980676328503,0.7369750932499097,0.9324758276709884,0.19550073442107863,True
Музыкальные инструменты,количество струн,147,3,1450,248,150,1698,0.98,0.7780700705488461,0.9734861313080273,0.19541606075918116,True
Спорт и отдых,"ход вилки, мм",29,1,36,8,30,44,0.9666666666666667,0.7404275591020069,0.9343467941574295,0.19391923505542263,True
Товары для животных,цвет товара,439,85,548,160,524,708,0.8377862595419847,0.6447764651378272,0.8359619703699228,0.19118550523209565,True
Товары для животных,вид шлейки,31,5,45,10,36,55,0.8611111111111112,0.6447764651378272,0.83472883721193,0.18995237207410287,True
Дом и сад,фактура материала,38,2,2,0,40,2,0.95,0.7369750932499097,0.9263305659166566,0.1893554726667469,True
Красота и гигиена,текстура,235,51,91,26,286,117,0.8216783216783217,0.6360183767228178,0.8184882882598422,0.1824699115370244,True
Продукты питания,вид декора для выпечки,311,29,1,1,340,2,0.9147058823529411,0.7300237227333217,0.9120293293149757,0.182005606581654,True
Спорт и отдых,количество нитей,118,9,0,0,127,0,0.9291338582677166,0.7404275591020069,0.9219858923902275,0.18155833328822069,True
Строительство и ремонт,подключение полотенцесушителя,26,0,1,1,26,2,1.0,0.7837222870478413,0.9651164979109421,0.1813942108631008,True
Спорт и отдых,"вес, г",135,11,169,31,146,200,0.9246575342465754,0.7404275591020069,0.918557203943775,0.1781296448417682,True
Строительство и ремонт,головка,22,0,82,7,22,89,1.0,0.7837222870478413,0.9599485716755262,0.17622628462768486,True
Канцелярские товары,механизм подачи стержня,127,24,44,8,151,52,0.8410596026490066,0.6597844514410269,0.8352495016487509,0.17546505020772396,True
Дом и сад,состав комплекта,40,3,0,0,43,0,0.9302325581395349,0.7369750932499097,0.9101015722135323,0.17312647896362254,True
Строительство и ремонт,"длина, м",20,0,12,2,20,14,1.0,0.7837222870478413,0.9567444574095683,0.17302217036172696,True
Электроника,чипсет,1277,0,418,7,1277,425,1.0,0.8267152121970645,0.9993241622940604,0.17260895009699595,True
Канцелярские товары,цвет товара,1118,227,536,300,1345,836,0.8312267657992565,0.6597844514410269,0.8305917942645963,0.17080734282356935,True
Электроника,оперативная память,204,0,210,30,204,240,1.0,0.8267152121970645,0.9958544309138053,0.16913921871674087,True
Товары для животных,материал,585,133,190,109,718,299,0.8147632311977716,0.6447764651378272,0.8135876657340099,0.1688112005961827,True
Канцелярские товары,бумага,87,17,8,7,104,15,0.8365384615384616,0.6597844514410269,0.8284304794239004,0.16864602798287343,True
Спорт и отдых,конструкция вилки,159,15,75,16,174,91,0.9137931034482759,0.7404275591020069,0.9089504904777096,0.16852293137570273,True
Товары для животных,вид ошейника,35,7,15,7,42,22,0.8333333333333334,0.6447764651378272,0.813274092035939,0.16849762689811187,True
Строительство и ремонт,тип помещения,37,1,0,0,38,0,0.9736842105263158,0.7837222870478413,0.9515956147730048,0.1678733277251635,True
Спорт и отдых,материал рамы,342,34,253,41,376,294,0.9095744680851063,0.7404275591020069,0.9073546923766668,0.1669271332746599,True
Электроника,тип памяти,600,3,1468,23,603,1491,0.9950248756218906,0.8267152121970645,0.9936407501003048,0.16692553790324038,True
Строительство и ремонт,марка стали,36,1,65,4,37,69,0.972972972972973,0.7837222870478413,0.9504431294104573,0.16672084236261597,True
Электроника,видеокарта,1828,12,145,3,1840,148,0.9934782608695653,0.8267152121970645,0.9930263284883389,0.16631111629127449,True
Строительство и ремонт,цвет товара,1340,72,713,106,1412,819,0.9490084985835694,0.7837222870478413,0.948425272713648,0.16470298566580666,True
Дом и сад,размер простыни,613,67,25,3,680,28,0.9014705882352941,0.7369750932499097,0.9002698911916052,0.16329479794169544,True
Дом и сад,размер пододеяльника,665,73,27,5,738,32,0.9010840108401084,0.7369750932499097,0.8999796439653426,0.16300455071543285,True
Спорт и отдых,плавучесть,1009,107,81,19,1116,100,0.9041218637992832,0.7404275591020069,0.9033917375517484,0.16296417844974154,True
Дом и сад,оформление,35,3,116,4,38,120,0.9210526315789473,0.7369750932499097,0.8996482666569663,0.16267317340705656,True
Галантерея и аксессуары,артикул,149,0,0,0,149,0,1.0,0.8319352378717663,0.9945433518789535,0.16260811400718722,True
Спорт и отдых,"длина, мм",27,2,16,8,29,24,0.9310344827586207,0.7404275591020069,0.9030040528091187,0.1625764937071118,True
Строительство и ремонт,материал сверла,32,1,8,0,33,8,0.9696969696969697,0.7837222870478413,0.9452266167168212,0.16150432966897987,True
Спорт и отдых,модельный год,161,17,69,14,178,83,0.9044943820224719,0.7404275591020069,0.9000116819426778,0.15958412284067092,True
Товары для животных,основной ингредиент,217,52,251,75,269,326,0.8066914498141264,0.6447764651378272,0.8037367968090845,0.15896033167125734,True
Строительство и ремонт,материал поддона,30,1,32,4,31,36,0.967741935483871,0.7837222870478413,0.9421836509788668,0.1584613639310255,True
Строительство и ремонт,высота поддона,30,1,5,0,31,5,0.967741935483871,0.7837222870478413,0.9421836509788668,0.1584613639310255,True
Продукты питания,вид муки,23,2,37,24,25,61,0.92,0.7300237227333217,0.8883372871222204,0.15831356438889865,True
Строительство и ремонт,структура жилы,62,3,0,0,65,0,0.9538461538461539,0.7837222870478413,0.9416944490748457,0.15797216202700437,True
Галантерея и аксессуары,материал линзы,631,6,110,4,637,114,0.9905808477237049,0.8319352378717663,0.9893452900145776,0.15741005214281134,True
Автотовары,"высота профиля, %",96,1,41,24,97,65,0.9896907216494846,0.8248735197642743,0.9816114470472683,0.15673792728299407,True
Спорт и отдых,количество порций,25,2,16,4,27,20,0.9259259259259259,0.7404275591020069,0.8969418061096885,0.15651424700768168,True
Электроника,тип видеокарты,331,5,2325,25,336,2350,0.9851190476190477,0.8267152121970645,0.9827964107360273,0.15608119853896285,True
Строительство и ремонт,диаметр резьбы,28,1,6,1,29,7,0.9655172413793104,0.7837222870478413,0.9387826892717414,0.15506040222390005,True
Автотовары,"ширина профиля, мм",69,1,32,12,70,44,0.9857142857142858,0.8248735197642743,0.9749915679842849,0.15011804822001062,True
Дом и сад,размер наволочки,648,82,14,2,730,16,0.8876712328767123,0.7369750932499097,0.8866460890697273,0.14967099581981758,True
Строительство и ремонт,"ширина, см",50,3,23,9,53,32,0.9433962264150944,0.7837222870478413,0.9296312316420553,0.145908944594214,True
Мебель,"ширина спального места, см",126,0,83,23,126,106,1.0,0.8491264607196576,0.9942414679663991,0.14511500724674153,True
Электроника,модель процессора,747,21,21,5,768,26,0.97265625,0.8267152121970645,0.9717122588111065,0.144997046614042,True
Строительство и ремонт,количество фаз,36,2,10,0,38,10,0.9473684210526315,0.7837222870478413,0.9283398008195164,0.1446175137716751,True
Спорт и отдых,количество колес,29,3,195,34,32,229,0.90625,0.7404275591020069,0.8838415620408118,0.1434140029388049,True
Электроника,встроенная память,24,0,45,15,24,60,1.0,0.8267152121970645,0.9701233124477697,0.14340810025070527,True
Строительство и ремонт,количество компонентов,48,3,3,1,51,4,0.9411764705882353,0.7837222870478413,0.9271180613435572,0.14339577429571593,True
Электроника,артикул,23,0,0,0,23,0,1.0,0.8267152121970645,0.969056287892333,0.14234107569526855,True
Строительство и ремонт,способ нанесения,47,3,5,0,50,5,0.94,0.7837222870478413,0.9257929351861673,0.14207064813832604,True
Канцелярские товары,цвет чернил,52,12,175,47,64,222,0.8125,0.6597844514410269,0.8014336559015237,0.14164920446049678,True
Галантерея и аксессуары,"ширина линзы, мм",24,0,10,1,24,11,1.0,0.8319352378717663,0.9710233168744424,0.13908807900267617,True
Электроника,оптический привод,133,4,643,12,137,655,0.9708029197080292,0.8267152121970645,0.9657294088801783,0.13901419668311388,True
Спорт и отдых,материал обода,129,17,98,15,146,113,0.8835616438356164,0.7404275591020069,0.8788221046060266,0.13839454550401975,True
Спорт и отдых,вид крючка,55,7,134,19,62,153,0.8870967741935484,0.7404275591020069,0.8761513103807468,0.13572375127873992,True
Строительство и ремонт,вид обоев,87,7,12,0,94,12,0.925531914893617,0.7837222870478413,0.9183698124771636,0.13464752542932235,True
Галантерея и аксессуары,материал оправы,534,18,379,5,552,384,0.967391304347826,0.8319352378717663,0.9661753612017214,0.13424012332995516,True
Строительство и ремонт,вид кабеля,75,6,8,0,81,8,0.9259259259259259,0.7837222870478413,0.9176582725027814,0.13393598545494012,True
Дом и сад,место для выращивания,59,8,0,1,67,1,0.8805970149253731,0.7369750932499097,0.8706232703645771,0.13364817711466737,True
Строительство и ремонт,особенности обоев,96,8,7,0,104,7,0.9230769230769231,0.7837222870478413,0.9166845085801761,0.13296222153233483,True
Дом и сад,"длина, см",58,8,11,12,66,23,0.8787878787878788,0.7369750932499097,0.8688010629049232,0.13182596965501348,True
Дом и сад,форма,38,5,0,0,43,0,0.8837209302325582,0.7369750932499097,0.8684349055468656,0.1314598122969559,True
Спорт и отдых,количество скоростей велосипеда,153,22,0,0,175,0,0.8742857142857143,0.7404275591020069,0.870567432197278,0.13013987309527109,True
Строительство и ремонт,материал оболочки,49,4,48,4,53,52,0.9245283018867925,0.7837222870478413,0.9123898523317104,0.12866756528386913,True
Спорт и отдых,цвет товара,1425,215,438,215,1640,653,0.8689024390243902,0.7404275591020069,0.8685119378696109,0.12808437876760403,True
Музыкальные инструменты,тональность,55,5,9,10,60,19,0.9166666666666666,0.7780700705488461,0.9060053900422189,0.12793531949337278,True
Мебель,"длина спального места, см",70,1,114,16,71,130,0.9859154929577465,0.8491264607196576,0.9769162145210301,0.12778975380137247,True
Автотовары,индекс нагрузки,982,50,118,122,1032,240,0.9515503875968992,0.8248735197642743,0.9509396023132317,0.12606608254895746,True
Строительство и ремонт,тип расцепления,37,3,58,8,40,66,0.925,0.7837222870478413,0.909302476338649,0.12558018929080772,True
Дом и сад,"ширина, см",23,3,12,14,26,26,0.8846153846153846,0.7369750932499097,0.8608024343951467,0.12382734114523697,True
Строительство и ремонт,количество полюсов,65,6,145,21,71,166,0.9154929577464789,0.7837222870478413,0.9068238346742,0.12310154762635872,True
Электроника,цвет товара,1467,77,1119,139,1544,1258,0.9501295336787565,0.8267152121970645,0.9497311659528634,0.12301595375579899,True
Электроника,материал,160,8,108,9,168,117,0.9523809523809523,0.8267152121970645,0.9487489945721694,0.12203378237510498,True
Продукты питания,не содержит,1091,190,5,0,1281,5,0.8516783762685401,0.7300237227333217,0.8512053799484188,0.1211816572150971,True
Музыкальные инструменты,материал нижней деки,247,28,229,53,275,282,0.8981818181818182,0.7780700705488461,0.8960369655455152,0.11796689499666901,True
Строительство и ремонт,количество клавиш,70,7,27,11,77,38,0.9090909090909091,0.7837222870478413,0.9014464809175512,0.11772419386970989,True
Продукты питания,упаковка,1059,192,640,128,1251,768,0.8465227817745803,0.7300237227333217,0.8460590116350848,0.11603528890176307,True
Галантерея и аксессуары,вид замка,696,39,684,39,735,723,0.9469387755102041,0.8319352378717663,0.9461617245802146,0.11422648670844837,True
Спорт и отдых,вид ловли,39,6,4,2,45,6,0.8666666666666667,0.7404275591020069,0.8540427559102006,0.11361519680819376,True
Спорт и отдых,пол,396,68,112,18,464,130,0.853448275862069,0.7404275591020069,0.8522433641695311,0.1118158050675242,True
Строительство и ремонт,тип фитинга,31,3,0,0,34,0,0.9117647058823529,0.7837222870478413,0.8953490111599797,0.11162672411213836,True
Электроника,подсветка клавиатуры,115,7,47,2,122,49,0.9426229508196722,0.8267152121970645,0.9380596540235064,0.11134444182644199,True
Продукты питания,вид лапши,35,6,60,10,41,70,0.8536585365853658,0.7300237227333217,0.8402199698623175,0.11019624712899578,True
Спорт и отдых,конструкция рулевой колонки,100,17,18,2,117,20,0.8547008547008547,0.7404275591020069,0.8500175229140168,0.10958996381200992,True
Строительство и ремонт,соединение,38,4,18,0,42,18,0.9047619047619048,0.7837222870478413,0.8918853496859406,0.10816306263809927,True
Мебель,размер кресла-мешка,35,1,20,1,36,21,0.9722222222222222,0.8491264607196576,0.9572105439902021,0.10808408327054453,True
Музыкальные инструменты,"ширина грифа, мм",67,8,45,9,75,54,0.8933333333333333,0.7780700705488461,0.8861293794093029,0.10805930886045678,True
Дом и сад,жизненный цикл,172,31,168,31,203,199,0.8472906403940886,0.7369750932499097,0.8446388243569689,0.10766373110705918,True
Продукты питания,вид чая,701,136,606,169,837,775,0.8375149342891278,0.7300237227333217,0.836876625431908,0.10685290269858627,True
Галантерея и аксессуары,форма,131,8,541,32,139,573,0.9424460431654677,0.8319352378717663,0.938608862426103,0.10667362455433671,True
Галантерея и аксессуары,стекло,1304,85,152,10,1389,162,0.9388048956083513,0.8319352378717663,0.9384215754586506,0.1064863375868843,True
Музыкальные инструменты,материал обечайки,119,15,115,35,134,150,0.8880597014925373,0.7780700705488461,0.8841032399478003,0.10603316939895413,True
Строительство и ремонт,шлиц,29,3,69,3,32,72,0.90625,0.7837222870478413,0.889692200952411,0.10596991390456967,True
Мебель,количество дверей,1721,81,0,0,1802,0,0.9550499445061044,0.8491264607196576,0.9547568524092962,0.10563039168963861,True
Строительство и ремонт,материал,310,38,534,66,348,600,0.8908045977011494,0.7837222870478413,0.8892878510913291,0.10556556404348783,True
Автотовары,название цвета,221,16,2,1,237,3,0.9324894514767933,0.8248735197642743,0.9302659818133114,0.10539246204903718,True
Галантерея и аксессуары,цвет линзы,23,1,22,0,24,22,0.9583333333333334,0.8319352378717663,0.9365405582537527,0.10460532038198644,True
Галантерея и аксессуары,материал корпуса,1211,82,202,17,1293,219,0.9365815931941222,0.8319352378717663,0.9361784870488127,0.10424324917704642,True
Продукты питания,вид пюре,23,4,13,3,27,16,0.8518518518518519,0.7300237227333217,0.8328162066770816,0.10279248394375984,True
Строительство и ремонт,лейка,20,2,12,4,22,16,0.9090909090909091,0.7837222870478413,0.8858744976014521,0.10215221055361079,True
Дом и сад,совместимые плиты,24,4,0,0,28,0,0.8571428571428571,0.7369750932499097,0.8389356201893802,0.10196052693947044,True
Строительство и ремонт,помещение,74,9,2,0,83,2,0.891566265060241,0.7837222870478413,0.8854387663095363,0.10171647926169503,True
Спорт и отдых,конструкция удилища,88,16,45,12,104,57,0.8461538461538461,0.7404275591020069,0.8413040164725691,0.10087645737056228,True
Мебель,"длина, см",105,5,79,12,110,91,0.9545454545454546,0.8491264607196576,0.9499620200312894,0.1008355593116318,True
Музыкальные инструменты,тип бриджа,84,11,115,28,95,143,0.8842105263157894,0.7780700705488461,0.8789035035274424,0.10083343297859626,True
Мебель,подъемный механизм,67,3,189,25,70,214,0.9571428571428572,0.8491264607196576,0.9499417640479771,0.10081530332831956,True
Дом и сад,цвет товара,1250,243,788,375,1493,1163,0.8372404554588078,0.7369750932499097,0.8369057913659878,0.09993069811607802,True
Галантерея и аксессуары,степень затемнения,62,4,0,0,66,0,0.9393939393939394,0.8319352378717663,0.9318264252022371,0.09989118733047087,True
Электроника,раскладка клавиатуры,181,14,10,0,195,10,0.9282051282051282,0.8267152121970645,0.9256678803049266,0.09895266810786219,True
Галантерея и аксессуары,цвет оправы,34,2,17,2,36,19,0.9444444444444444,0.8319352378717663,0.9307238094965569,0.0987885716247906,True
Музыкальные инструменты,бренд,637,89,1104,336,726,1440,0.8774104683195593,0.7780700705488461,0.8767309854346707,0.09866091488582451,True
Электроника,процессор,2525,204,101,5,2729,106,0.9252473433492122,0.8267152121970645,0.9250671455965565,0.098351933399492,True
Строительство и ремонт,назначение,287,38,85,17,325,102,0.8830769230769231,0.7837222870478413,0.8815715498037552,0.09784926275591388,True
Музыкальные инструменты,материал накладки грифа,184,26,200,61,210,261,0.8761904761904762,0.7780700705488461,0.8739086062918336,0.09583853574298751,True
Электроника,назначение,1211,102,66,9,1313,75,0.9223153084539223,0.8267152121970645,0.921952637375558,0.09523742517849354,True
Мебель,форма столешницы,924,54,2,0,978,2,0.9447852760736196,0.8491264607196576,0.9442987103800593,0.09517224966040172,True
Галантерея и аксессуары,материал ручки,19,1,10,3,20,13,0.95,0.8319352378717663,0.9263870475743532,0.09445180970258693,True
Галантерея и аксессуары,тип застежки,19,1,2,1,20,3,0.95,0.8319352378717663,0.9263870475743532,0.09445180970258693,True
Галантерея и аксессуары,"вес, кг",19,1,0,0,20,0,0.95,0.8319352378717663,0.9263870475743532,0.09445180970258693,True
Строительство и ремонт,форма,227,31,56,6,258,62,0.8798449612403101,0.7837222870478413,0.8780175339742935,0.09429524692645219,True
Мебель,"глубина сиденья, см",191,11,174,71,202,245,0.9455445544554455,0.8491264607196576,0.9432156149932285,0.0940891542735709,True
Спорт и отдых,особенности самоката,38,7,3,0,45,3,0.8444444444444444,0.7404275591020069,0.8340427559102007,0.09361519680819386,True
Спорт и отдых,сезон,118,23,2,1,141,3,0.8368794326241135,0.7404275591020069,0.8335762862706168,0.09314872716860989,True
Музыкальные инструменты,материал грифа,930,137,549,116,1067,665,0.8716026241799437,0.7780700705488461,0.8711663715977092,0.09309630104886302,True
Строительство и ремонт,покрытие,116,16,14,1,132,15,0.8787878787878788,0.7837222870478413,0.8753183316440818,0.09159604459624049,True
Мебель,"высота сиденья, см",165,10,212,73,175,285,0.9428571428571428,0.8491264607196576,0.9402535127977683,0.09112705207811067,True
Галантерея и аксессуары,материал подкладки,473,39,255,25,512,280,0.923828125,0.8319352378717663,0.9229394123585277,0.09100417448676146,True
Строительство и ремонт,управление,94,13,172,35,107,207,0.8785046728971962,0.7837222870478413,0.8742733163860643,0.09055102933822301,True
Электроника,ресурс,326,30,2,3,356,5,0.9157303370786517,0.8267152121970645,0.9144974406121477,0.08778222841508321,True
Продукты питания,вид меда,38,8,1,1,46,2,0.8260869565217391,0.7300237227333217,0.8166689924248354,0.08664526969151365,True
Галантерея и аксессуары,коллекция,715,63,235,59,778,294,0.9190231362467867,0.8319352378717663,0.9184670193989257,0.08653178152715946,True
Электроника,"вес, кг",47,4,20,5,51,25,0.9215686274509803,0.8267152121970645,0.913099572517595,0.08638436032053054,True
Мебель,"ширина, см",629,43,347,131,672,478,0.9360119047619048,0.8491264607196576,0.9353702101973387,0.0862437494776811,True
Мебель,конструкция,1392,96,259,16,1488,275,0.9354838709677419,0.8491264607196576,0.9351946632977886,0.08606820257813097,True
Электроника,особенности,266,25,19,3,291,22,0.9140893470790378,0.8267152121970645,0.912613432638464,0.0858982204413995,True
Дом и сад,комплектация,4127,888,570,90,5015,660,0.8229312063808575,0.7369750932499097,0.8228455927223605,0.08587049947245073,True
Продукты питания,форма чая,20,4,5,0,24,5,0.8333333333333334,0.7300237227333217,0.8155213315057451,0.0854976087724234,True
Мебель,форма раковины,488,34,60,17,522,77,0.9348659003831418,0.8491264607196576,0.934052433213659,0.08492597249400147,True
Спорт и отдых,"длина в сложенном виде, см",26,5,4,3,31,7,0.8387096774193549,0.7404275591020069,0.825059383208612,0.08463182410660519,True
Строительство и ремонт,"вес, кг",36,5,35,1,41,36,0.8780487804878049,0.7837222870478413,0.8677959007660697,0.08407361371822841,True
Музыкальные инструменты,наличие звукоснимателя,203,32,0,0,235,0,0.8638297872340426,0.7780700705488461,0.8620431264697677,0.08397305592092152,True
Электроника,покрытие,25,2,13,2,27,15,0.9259259259259259,0.8267152121970645,0.9104242519057913,0.0837090397087269,True
Мебель,пол ребенка,20,1,0,0,21,0,0.9523809523809523,0.8491264607196576,0.9325243193691649,0.08339785864950733,True
Мебель,"высота, см",452,33,383,102,485,485,0.931958762886598,0.8491264607196576,0.931113535313466,0.08198707459380838,True
Мебель,количество ножек,517,38,11,1,555,12,0.9315315315315316,0.8491264607196576,0.9307957719707113,0.0816693112510537,True
Галантерея и аксессуары,размер чемодана,109,10,8,2,119,10,0.9159663865546218,0.8319352378717663,0.9125780337851519,0.08064279591338563,True
Автотовары,бренд,1239,129,2308,554,1368,2862,0.9057017543859649,0.8248735197642743,0.9054074053887993,0.08053388562452501,True
Электроника,операционная система,600,61,559,205,661,764,0.9077155824508321,0.8267152121970645,0.9071074715630411,0.0803922593659766,True
Дом и сад,аромат,38,8,1,5,46,6,0.8260869565217391,0.7369750932499097,0.8173504993382265,0.08037540608831673,True
Продукты питания,вид шоколада,108,25,165,78,133,243,0.8120300751879699,0.7300237227333217,0.809058830533816,0.07903510780049428,True
Продукты питания,степень обжарки,95,22,194,72,117,266,0.811965811965812,0.7300237227333217,0.8086075296202181,0.07858380688689637,True
Спорт и отдых,рулевая колонка,38,8,9,2,46,11,0.8260869565217391,0.7404275591020069,0.8176889763825497,0.07726141728054281,True
Ювелирные изделия,вид замка,828,42,712,80,870,792,0.9517241379310345,0.8759460536049621,0.951291120306314,0.07534506670135188,True
Музыкальные инструменты,форма гитары,49,8,40,10,57,50,0.8596491228070176,0.7780700705488461,0.8530701669797456,0.07500009643089944,True
Спорт и отдых,материал колес,24,5,27,6,29,33,0.8275862068965517,0.7404275591020069,0.8147687586914716,0.07434119958946472,True
Спорт и отдых,"вес, кг",32,7,2,1,39,3,0.8205128205128205,0.7404275591020069,0.811412222625228,0.07098466352322119,True
Строительство и ремонт,особенности,108,18,15,2,126,17,0.8571428571428571,0.7837222870478413,0.8543405453071694,0.0706182582593281,True
Галантерея и аксессуары,циферблат,22,2,21,5,24,26,0.9166666666666666,0.8319352378717663,0.9020577996330631,0.07012256176129683,True
Обувь,"высота голенища, см",46,1,0,8,47,8,0.9787234042553191,0.901695110701107,0.9713168375674142,0.06962172686630719,True
Автотовары,форма выпуска,495,58,36,2,553,38,0.895117540687161,0.8248735197642743,0.8944881139763824,0.06961459421210814,True
Аптека,форма оправы,5815,18,2880,33,5833,2913,0.9969141093776788,0.9272748227972109,0.9968544662750918,0.06957964347788093,True
Галантерея и аксессуары,особенности часов,467,51,0,0,518,0,0.9015444015444015,0.8319352378717663,0.9008789219681813,0.06894368409641505,True
Аптека,покрытие линз,8129,32,129,1,8161,130,0.9960789118980518,0.9272748227972109,0.9960367835064886,0.06876196070927776,True
Спорт и отдых,шаг винта,23,5,0,0,28,0,0.8214285714285714,0.7404275591020069,0.8091556907730313,0.06872813167102443,True
Аптека,количество в упаковке,75,0,590,18,75,608,1.0,0.9272748227972109,0.9954546764248257,0.0681798536276148,True
Обувь,"высота каблука, см",167,5,23,43,172,66,0.9709302325581395,0.901695110701107,0.9689744381553985,0.06727932745429155,True
Аптека,материал линз,426,2,8388,36,428,8424,0.9953271028037384,0.9272748227972109,0.9945412797089748,0.06726645691176392,True
Аптека,пол,9385,54,695,7,9439,702,0.9942790549846382,0.9272748227972109,0.994243580486445,0.06696875768923416,True
Строительство и ремонт,зернистость,25,4,2,0,29,2,0.8620689655172413,0.7837222870478413,0.8505473951540943,0.06682510810625297,True
Музыкальные инструменты,цвет товара,830,152,512,226,982,738,0.845213849287169,0.7780700705488461,0.8448737085640773,0.06680363801523115,True
Аптека,аддидация,53,0,0,0,53,0,1.0,0.9272748227972109,0.9937305881721733,0.06645576537496245,True
Мебель,материал столешницы,462,43,715,104,505,819,0.9148514851485149,0.8491264607196576,0.9142071221639183,0.06508066144426072,True
Мебель,цвет товара,6012,569,1291,328,6581,1619,0.913538975839538,0.8491264607196576,0.913490074750015,0.0643636140303574,True
Обувь,коллекция,1261,44,130,11,1305,141,0.9662835249042145,0.901695110701107,0.9660370042393173,0.06434189353821029,True
Галантерея и аксессуары,гарантийный срок,1861,217,329,44,2078,373,0.8955726660250241,0.8319352378717663,0.8954199117567734,0.06348467388500711,True
Мебель,количество полок,449,43,640,59,492,699,0.9126016260162602,0.8491264607196576,0.9119630428643829,0.06283658214472532,True
Музыкальные инструменты,"количество в упаковке, шт",23,4,41,7,27,48,0.8518518518518519,0.7780700705488461,0.8403234485232572,0.062253377974411106,True
Мебель,"глубина, см",442,43,314,111,485,425,0.911340206185567,0.8491264607196576,0.9107053720481598,0.06157891132850224,True
Обувь,внутренний материал,836,33,454,78,869,532,0.9620253164556962,0.901695110701107,0.9616801779788392,0.05998506727773223,True
Мебель,особенности,1820,182,85,15,2002,100,0.9090909090909091,0.8491264607196576,0.908941520828898,0.059815060109240425,True
Автотовары,типоразмер,100,13,15,3,113,18,0.8849557522123894,0.8248735197642743,0.8824098949052658,0.057536375140991525,True
Галантерея и аксессуары,вставка,418,52,135,33,470,168,0.8893617021276595,0.8319352378717663,0.8887572130302291,0.05682197515846288,True
Обувь,материал подкладки обуви,1428,62,404,27,1490,431,0.9583892617449664,0.901695110701107,0.9581996491996693,0.056504538498562296,True
Ювелирные изделия,состав ювелирного изделия,2304,168,1398,101,2472,1499,0.9320388349514563,0.8759460536049621,0.9319256076980319,0.05597955409306976,True
Музыкальные инструменты,крепление грифа,117,23,207,28,140,235,0.8357142857142857,0.7780700705488461,0.8337265541568568,0.055656483608010676,True
Автотовары,цвет товара,1047,142,743,207,1189,950,0.8805719091673675,0.8248735197642743,0.8803386663306713,0.055465146566397006,True
Строительство и ремонт,количество аккумуляторов в комплекте,33,6,10,10,39,20,0.8461538461538461,0.7837222870478413,0.8390593508008911,0.05533706375304981,True
Электроника,материал корпуса,356,48,96,19,404,115,0.8811881188118812,0.8267152121970645,0.8805221908581549,0.05380697866109041,True
Аптека,оптическая сила,4722,99,90,40,4821,130,0.9794648413192284,0.9272748227972109,0.979410769605053,0.05213594680784217,True
Галантерея и аксессуары,размер рюкзака,131,17,0,0,148,0,0.8851351351351351,0.8319352378717663,0.8833965764010381,0.051461338529271816,True
Обувь,российский размер,2405,118,224,24,2523,248,0.9532302814110186,0.901695110701107,0.9531283526714815,0.05143324197037458,True
Галантерея и аксессуары,комплектация,4917,649,328,42,5566,370,0.883399209486166,0.8319352378717663,0.8833530203176017,0.05141778244583539,True
Галантерея и аксессуары,цвет товара,1455,193,568,243,1648,811,0.8828883495145631,0.8319352378717663,0.8827342263698481,0.05079898849808184,True
Спорт и отдых,размер шпули,20,5,23,9,25,32,0.8,0.7404275591020069,0.7900712598503344,0.04964370074832758,True
Спорт и отдых,условия хранения,20,5,2,0,25,2,0.8,0.7404275591020069,0.7900712598503344,0.04964370074832758,True
Автотовары,bluetooth,106,15,0,0,121,0,0.8760330578512396,0.8248735197642743,0.8740029174509633,0.049129397686689,True
Автотовары,сезонность,1045,152,114,40,1197,154,0.873015873015873,0.8248735197642743,0.8728156136429462,0.04794209387867199,True
Спорт и отдых,возрастная группа,16,4,13,5,20,18,0.8,0.7404275591020069,0.7880855118204013,0.04765795271839446,True
Мебель,материал фасада,713,82,1605,191,795,1796,0.8968553459119497,0.8491264607196576,0.8965570403794979,0.04743057965984032,True
Обувь,материал подошвы обуви,1767,97,323,20,1864,343,0.947961373390558,0.901695110701107,0.9478376006171779,0.04614248991607095,True
Мебель,зеркало,70,8,264,24,78,288,0.8974358974358975,0.8491264607196576,0.8945256904047986,0.045399229685140985,True
Ювелирные изделия,вид плетения цепочки,213,18,50,19,231,69,0.922077922077922,0.8759460536049621,0.921100551983156,0.04515449837819385,True
Ювелирные изделия,комплектация,6232,536,652,177,6768,829,0.9208037825059102,0.8759460536049621,0.9207706673952495,0.04482461379028735,True
Электроника,стандарт крепления vesa,22,3,5,2,25,7,0.88,0.8267152121970645,0.8711192020328441,0.044403989835779645,True
Автотовары,материал,865,130,940,234,995,1174,0.8693467336683417,0.8248735197642743,0.8691243675988213,0.044250847834547025,True
Музыкальные инструменты,гарантийный срок,135,29,36,15,164,51,0.823170731707317,0.7780700705488461,0.8218363926197884,0.04376632207094222,True
Автотовары,гарантийный срок,371,56,7,1,427,8,0.8688524590163934,0.8248735197642743,0.8683434435157902,0.043469923751515926,True
Аптека,цвет товара,601,18,150,27,619,177,0.9709208400646203,0.9272748227972109,0.9705711123621572,0.043296289564946355,True
Строительство и ремонт,ориентация монтажа,25,5,20,6,30,26,0.8333333333333334,0.7837222870478413,0.8262460410068345,0.042523753958993216,True
Электроника,мониторинг,28,4,0,0,32,0,0.875,0.8267152121970645,0.8684750286752789,0.04175981647821447,True
Аптека,радиус кривизны,1310,42,1990,92,1352,2082,0.9689349112426036,0.9272748227972109,0.968781410548258,0.0415065877510471,True
Электроника,функции зарядки,47,7,1,0,54,1,0.8703703703703703,0.8267152121970645,0.8666707806946664,0.039955568497601957,True
Автотовары,расположение сиденья,363,57,335,90,420,425,0.8642857142857143,0.8248735197642743,0.8638220414089914,0.03894852164471718,True
Автотовары,индекс скорости,493,78,43,23,571,66,0.8633975481611208,0.8248735197642743,0.8630631381923982,0.03818961842812396,True
Музыкальные инструменты,тип,3050,690,1757,414,3740,2171,0.8155080213903744,0.7780700705488461,0.8154580374773682,0.03738796692852209,True
Аптека,режим ношения,1069,39,2595,83,1108,2678,0.9648014440433214,0.9272748227972109,0.9646328608391608,0.037358038041949926,True
Электроника,комплектация,3965,629,882,25,4594,907,0.8630822812363953,0.8267152121970645,0.8630427432183052,0.036327531021240755,True
Строительство и ремонт,"длина, мм",253,56,53,35,309,88,0.8187702265372169,0.7837222870478413,0.8182121383287873,0.03448985128094595,True
Строительство и ремонт,тип,3314,744,1636,282,4058,1918,0.8166584524396254,0.7837222870478413,0.8166179206092147,0.03289563356137337,True
Ювелирные изделия,покрытие,149,15,31,11,164,42,0.9085365853658537,0.8759460536049621,0.907572368449851,0.03162631484488887,True
Строительство и ремонт,монтаж,80,18,112,20,98,132,0.8163265306122449,0.7837222870478413,0.8147438003421281,0.031021513294286818,True
Электроника,количество модулей в комплекте,37,6,38,4,43,42,0.8604651162790697,0.8267152121970645,0.8569495012705275,0.03023428907346304,True
Строительство и ремонт,"ширина, мм",239,55,59,47,294,106,0.8129251700680272,0.7837222870478413,0.812436827542606,0.02871454049476474,True
Мебель,бренд,1990,277,1335,318,2267,1653,0.8778120864578739,0.8491264607196576,0.8777489578801049,0.02862249716044729,True
Музыкальные инструменты,материал струн,80,19,148,40,99,188,0.8080808080808081,0.7780700705488461,0.8066379841610023,0.02856791361215616,True
Ювелирные изделия,вставка,6027,638,4736,934,6665,5670,0.9042760690172543,0.8759460536049621,0.9042548321241417,0.028308778519179567,True
Автотовары,место установки,82,14,12,2,96,14,0.8541666666666666,0.8248735197642743,0.8527165108794195,0.02784299111514521,True
Ювелирные изделия,проба,1132,121,13167,1935,1253,15102,0.9034317637669593,0.8759460536049621,0.9033225200858702,0.02737646648090808,True
Обувь,материал стельки,5039,392,960,213,5431,1173,0.9278217639477077,0.901695110701107,0.9277977328096956,0.026102622108588602,True
Автотовары,тип рисунка протектора,18,3,8,1,21,9,0.8571428571428571,0.8248735197642743,0.8509372153392836,0.026063695575009316,True
Строительство и ремонт,форма мойки,39,9,6,0,48,6,0.8125,0.7837222870478413,0.8097851214196077,0.026062834371766375,True
Строительство и ремонт,количество модулей,26,6,19,1,32,20,0.8125,0.7837222870478413,0.8086111198713299,0.024888832823488638,True
Строительство и ремонт,"высота, см",34,8,35,10,42,45,0.8095238095238095,0.7837222870478413,0.8067789667072172,0.023056679659375856,True
Мебель,гарантийный срок,1781,261,91,20,2042,111,0.8721841332027425,0.8491264607196576,0.8721278125567163,0.02300135183705876,True
Строительство и ремонт,бренд,533,130,1043,291,663,1334,0.803921568627451,0.7837222870478413,0.8037703764000587,0.020048089352217358,True
Мебель,комплектация,1592,240,364,25,1832,389,0.868995633187773,0.8491264607196576,0.8689415526965696,0.019815091976912003,True
Обувь,вид застежки,812,70,641,139,882,780,0.9206349206349206,0.901695110701107,0.9205281573320242,0.018833046630917227,True
Обувь,сезон,8831,768,3387,488,9599,3875,0.9199916657985207,0.901695110701107,0.9199821403116937,0.018287029610586703,True
Мебель,тип,5697,871,1748,284,6568,2032,0.8673873325213155,0.8491264607196576,0.867373441701445,0.018246980981787453,True
Мебель,состав комплекта,20,3,70,5,23,75,0.8695652173913043,0.8491264607196576,0.8659154394142246,0.01678897869456697,True
Электроника,форм-фактор,22,4,37,13,26,50,0.8461538461538461,0.8267152121970645,0.8430185826124298,0.016303370415365337,True
Электроника,совместимость,27,5,0,1,32,1,0.84375,0.8267152121970645,0.841448001648252,0.0147327894511875,True
Мебель,стиль дизайна,627,99,56,20,726,76,0.8636363636363636,0.8491264607196576,0.8635371166943889,0.014410655974731346,True
Обувь,материал подошвы,2348,220,692,205,2568,897,0.9143302180685359,0.901695110701107,0.9143056648089799,0.012610554107872929,True
Электроника,бренд,542,104,1297,235,646,1532,0.8390092879256966,0.8267152121970645,0.8389148633809298,0.012199651183865345,True
Автотовары,тип,2713,528,1859,384,3241,2243,0.8370873187287874,0.8248735197642743,0.8370685051136233,0.012194985349349041,True
Ювелирные изделия,цвет товара,103,13,36,1,116,37,0.8879310344827587,0.8759460536049621,0.887435787339048,0.011489733734085905,True
Электроника,контрастность,21,4,17,11,25,28,0.84,0.8267152121970645,0.8377858686995108,0.011070656502446319,True
Электроника,аутентификация,62,12,0,1,74,1,0.8378378378378378,0.8267152121970645,0.8371338741896875,0.01041866199262309,True
Автотовары,комплектация,2080,412,195,99,2492,294,0.8346709470304976,0.8248735197642743,0.8346513286338891,0.009777808869614879,True
Обувь,особенности модели,1280,126,4,2,1406,6,0.9103840682788051,0.901695110701107,0.9103532782094299,0.008658167508322934,True
Обувь,вид каблука,51,5,43,11,56,54,0.9107142857142857,0.901695110701107,0.9099750090738612,0.008279898372754224,True
Галантерея и аксессуары,пол,1728,332,2024,234,2060,2258,0.8388349514563107,0.8319352378717663,0.8388182451280188,0.006883007256252571,True
Обувь,материал верха,4801,493,2246,446,5294,2692,0.9068757083490744,0.901695110701107,0.906870820070486,0.005175709369379056,True
Галантерея и аксессуары,вид принта,41,8,0,0,49,0,0.8367346938775511,0.8319352378717663,0.8362902998029413,0.004355061931175075,True
Мебель,покрытие фасада,338,58,3,3,396,6,0.8535353535353535,0.8491264607196576,0.8534803798094721,0.004353919089814529,True
Обувь,цвет товара,2289,238,1186,317,2527,1503,0.9058171745152355,0.901695110701107,0.9058090345787936,0.004113923877686609,True
Галантерея и аксессуары,стиль,107,21,37,6,128,43,0.8359375,0.8319352378717663,0.8357870390177355,0.0038518011459692802,True
Электроника,функции камеры,39,8,0,0,47,0,0.8297872340425532,0.8267152121970645,0.8294918473266407,0.002776635129576266,True
Электроника,материал браслета,73,15,27,9,88,36,0.8295454545454546,0.8267152121970645,0.8293932909783368,0.0026780787812723528,True
Автотовары,особенности,646,135,21,11,781,32,0.8271446862996159,0.8248735197642743,0.8271302386753452,0.002256718911070932,True
Электроника,разрешение экрана,657,138,457,116,795,573,0.8264150943396227,0.8267152121970645,0.8264169700762316,-0.00029824212083284785,True
Электроника,тип,2490,529,535,162,3019,697,0.8247764160317986,0.8267152121970645,0.8247796217132888,-0.0019355904837756732,True
Электроника,тип корпуса,50,11,41,7,61,48,0.819672131147541,0.8267152121970645,0.820205697893717,-0.006509514303347452,True
Электроника,технология экрана,18,4,3,0,22,3,0.8181818181818182,0.8267152121970645,0.8197620763327897,-0.0069531358642747065,True
Электроника,тв-тюнер,36,8,0,0,44,0,0.8181818181818182,0.8267152121970645,0.8190525726731698,-0.0076626395238946765,True
Мебель,материал корпуса,594,114,2262,241,708,2503,0.8389830508474576,0.8491264607196576,0.8390541827539948,-0.01007227796566279,True
Ювелирные изделия,тип,4691,727,3515,860,5418,4375,0.8658176448874123,0.8759460536049621,0.8658269832690438,-0.010119070335918301,True
Ювелирные изделия,артикул,1338,209,0,20,1547,20,0.8648998060762767,0.8759460536049621,0.8649353932139335,-0.011010660391028604,True
Мебель,покрытие корпуса,390,77,21,5,467,26,0.8351177730192719,0.8491264607196576,0.8352661701347421,-0.013860290584915447,True
Электроника,тип клавиатуры,17,4,9,15,21,24,0.8095238095238095,0.8267152121970645,0.8128298484994355,-0.013885363697628939,True
Автотовары,"диаметр, дюймы",55,13,15,10,68,25,0.8088235294117647,0.8248735197642743,0.8099228438194709,-0.014950675944803371,True
Обувь,тип пронации,140,18,449,23,158,472,0.8860759493670886,0.901695110701107,0.8865550647454328,-0.015140045955674197,True
Электроника,питание,149,35,2,5,184,7,0.8097826086956522,0.8267152121970645,0.8102305611692345,-0.016484651027829922,True
Обувь,вид спорта,122,16,16,11,138,27,0.8840579710144928,0.901695110701107,0.8846746542203184,-0.017020456480788537,True
Галантерея и аксессуары,материал купола,17,4,13,2,21,15,0.8095238095238095,0.8319352378717663,0.8138336995907243,-0.018101538281041996,True
Электроника,вид стекла,20,5,6,0,25,6,0.8,0.8267152121970645,0.8044525353661774,-0.022262676830887007,True
Мебель,материал обивки,2769,590,758,234,3359,992,0.8243524858588865,0.8491264607196576,0.8243893080569554,-0.024737152662702155,True
Обувь,полнота,196,29,118,25,225,143,0.8711111111111111,0.901695110701107,0.8717759806674155,-0.02991913003369151,True
Обувь,гарантийный срок,104,16,0,0,120,0,0.8666666666666667,0.901695110701107,0.8680678044280443,-0.03362730627306265,True
Ювелирные изделия,бренд,1300,246,1505,530,1546,2035,0.8408796895213454,0.8759460536049621,0.8409927338929882,-0.03495331971197391,True
Мебель,раковина в комплекте,206,48,163,43,254,206,0.8110236220472441,0.8491264607196576,0.811759198083391,-0.03736726263626655,True
Мебель,с подлокотниками,16,4,69,32,20,101,0.8,0.8491264607196576,0.8098252921439315,-0.039301168575726075,True
Мебель,тип направляющих,50,12,0,1,62,1,0.8064516129032258,0.8491264607196576,0.8096363030387804,-0.03949015768087716,True
Обувь,"длина стопы, см",111,18,36,3,129,39,0.8604651162790697,0.901695110701107,0.8620035489067577,-0.039691561794349295,True
Аптека,тип,930,126,84,64,1056,148,0.8806818181818182,0.9272748227972109,0.8809013893628521,-0.046373433434358735,True
Ювелирные изделия,пол,2117,447,5252,1059,2564,6311,0.8256630265210608,0.8759460536049621,0.8257608915017614,-0.05018516210320079,True
Аптека,бренд,368,55,901,78,423,979,0.8699763593380615,0.9272748227972109,0.8706457339111824,-0.05662908888602847,True
Аптека,комплектация,945,148,84,6,1093,90,0.8645928636779506,0.9272748227972109,0.8648783006502606,-0.06239652214695024,True
Обувь,пол,831,196,1324,385,1027,1709,0.8091528724440117,0.901695110701107,0.8096012360014588,-0.09209387469964814,True
Аптека,размер,49,11,5,7,60,12,0.8166666666666667,0.9272748227972109,0.8251749863690162,-0.10209983642819465,True
Детские товары,конструкция вилки,18,0,54,6,18,60,1.0,0.43993731541197034,0.878247242480863,0.4383099270688927,False
Детские товары,количество колес,12,0,28,4,12,32,1.0,0.43993731541197034,0.8352756810035207,0.39533836559155033,False
Детские товары,материал седла,12,0,29,2,12,31,1.0,0.43993731541197034,0.8352756810035207,0.39533836559155033,False
Детские товары,модель коляски,12,0,0,0,12,0,1.0,0.43993731541197034,0.8352756810035207,0.39533836559155033,False
Детские товары,передние колеса,15,1,7,0,16,7,0.9375,0.43993731541197034,0.8190326941457071,0.3790953787337368,False
Детские товары,конструкция руля,10,0,31,5,10,36,1.0,0.43993731541197034,0.8133124384706568,0.3733751230586865,False
Детские товары,передний тормоз,8,0,2,0,8,2,1.0,0.43993731541197034,0.7845912751584502,0.34465395974647983,False
Детские товары,материал рамы седла,8,0,11,0,8,11,1.0,0.43993731541197034,0.7845912751584502,0.34465395974647983,False
Детские товары,модельный год,7,0,4,1,7,5,1.0,0.43993731541197034,0.766640548088321,0.3267032326763507,False
Детские товары,"диаметр колес, дюймы",10,1,18,0,11,18,0.9090909090909091,0.43993731541197034,0.7624804110662408,0.3225430956542704,False
Детские товары,механизм складывания,13,2,83,9,15,92,0.8666666666666667,0.43993731541197034,0.7599843288529926,0.32004701344102227,False
Хобби и творчество,аромат,8,0,0,0,8,0,1.0,0.5357526560821296,0.8214433292623575,0.2856906731802279,False
Хобби и творчество,тип подрамника,8,0,0,0,8,0,1.0,0.5357526560821296,0.8214433292623575,0.2856906731802279,False
Детские товары,"диаметр передних колес, см",5,0,4,2,5,6,1.0,0.43993731541197034,0.7199686577059852,0.28003134229401483,False
Детские товары,установка,10,2,3,1,12,4,0.8333333333333334,0.43993731541197034,0.7176286221799913,0.277691306768021,False
Детские товары,группа,16,5,0,0,21,0,0.7619047619047619,0.43993731541197034,0.6999879452715327,0.2600506298595624,False
Хобби и творчество,возрастные ограничения,368,94,4,38,462,42,0.7965367965367965,0.5357526560821296,0.7937446751186523,0.2579920190365227,False
Детские товары,цвет товара,480,207,203,302,687,505,0.6986899563318777,0.43993731541197034,0.6968203563252311,0.25688304091326075,False
Детские товары,задний тормоз,4,0,7,0,4,7,1.0,0.43993731541197034,0.6888540641177614,0.24891674870579106,False
Детские товары,гарантийный срок,61,26,6,2,87,8,0.7011494252873564,0.43993731541197034,0.6869531149680419,0.24701579955607156,False
Хобби и творчество,вид спиц,8,1,41,7,9,48,0.8888888888888888,0.5357526560821296,0.7627688057436177,0.2270161496614881,False
Детские товары,размер пеленки,5,1,0,0,6,0,0.8333333333333334,0.43993731541197034,0.6545169615508957,0.21457964613892533,False
Хобби и творчество,основа картины,558,187,2,1,745,3,0.748993288590604,0.5357526560821296,0.7475716843738809,0.21181902829175125,False
Детские товары,материал колес,3,0,1,0,3,1,1.0,0.43993731541197034,0.6499608221324815,0.21002350672051118,False
Детские товары,"вес автокресла, кг",3,0,0,0,3,0,1.0,0.43993731541197034,0.6499608221324815,0.21002350672051118,False
Детские товары,тип крепления автокресла,3,0,0,0,3,0,1.0,0.43993731541197034,0.6499608221324815,0.21002350672051118,False
Дом и сад,святые,19,0,4,0,19,4,1.0,0.7369750932499097,0.9452031444270644,0.2082280511771547,False
Канцелярские товары,"объем, мл",7,0,2,1,7,3,1.0,0.6597844514410269,0.8582435214337613,0.19845906999273433,False
Спорт и отдых,вилка,14,0,2,3,14,5,1.0,0.7404275591020069,0.9316914629215807,0.1912639038195738,False
Спорт и отдых,количество колец,12,0,14,3,12,17,1.0,0.7404275591020069,0.9236551644417667,0.1832276053397598,False
Детские товары,ремни безопасности,4,1,1,0,5,1,0.8,0.43993731541197034,0.6199686577059852,0.18003134229401485,False
Товары для животных,вид декорации,5,0,3,3,5,6,1.0,0.6447764651378272,0.8223882325689136,0.17761176743108642,False
Бытовая химия,цвет товара,12,4,7,3,16,10,0.75,0.530485955226597,0.6977347512444279,0.16724879601783083,False
Спорт и отдых,количество уровней нагрузки,9,0,5,9,9,14,1.0,0.7404275591020069,0.9072955568221452,0.16686799772013838,False
Дом и сад,тип индикации,18,1,21,5,19,26,0.9473684210526315,0.7369750932499097,0.9035364777603978,0.16656138451048808,False
Хобби и творчество,комплектация,1145,487,49,10,1632,59,0.7015931372549019,0.5357526560821296,0.7010865994382472,0.16533394335611762,False
Строительство и ремонт,конструкция дверей,16,0,1,1,16,2,1.0,0.7837222870478413,0.9485053064399622,0.16478301939212092,False
Строительство и ремонт,"мощность, вт",15,0,7,3,15,10,1.0,0.7837222870478413,0.9459305717619604,0.16220828471411908,False
Бытовая химия,"объем, мл",16,6,47,37,22,84,0.7272727272727273,0.530485955226597,0.6908307324493698,0.16034477722277274,False
Канцелярские товары,вид карандаша,9,1,0,0,10,0,0.9,0.6597844514410269,0.8199281504803423,0.16014369903931536,False
Детские товары,вес ребенка,5,2,0,4,7,4,0.7142857142857143,0.43993731541197034,0.5999738814216543,0.16003656600968397,False
Детские товары,количество мест,2,0,10,1,2,11,1.0,0.43993731541197034,0.5999552252942646,0.16001790988229425,False
Детские товары,материал чехла,2,0,0,0,2,0,1.0,0.43993731541197034,0.5999552252942646,0.16001790988229425,False
Детские товары,"диаметр задних колес, см",2,0,7,2,2,9,1.0,0.43993731541197034,0.5999552252942646,0.16001790988229425,False
Строительство и ремонт,число секций,13,0,11,3,13,14,1.0,0.7837222870478413,0.9399228575132893,0.156200570465448,False
Детские товары,особенности куклы,49,32,4,9,81,13,0.6049382716049383,0.43993731541197034,0.5953451927565099,0.15540787734453954,False
Дом и сад,особенности елки,7,0,1,0,7,1,1.0,0.7369750932499097,0.8904062888541291,0.15343119560421936,False
Дом и сад,"диаметр дна, см",7,0,1,1,7,2,1.0,0.7369750932499097,0.8904062888541291,0.15343119560421936,False
Строительство и ремонт,возможность колеровки,12,0,31,2,12,33,1.0,0.7837222870478413,0.9363889079552474,0.15266662090740613,False
Бытовая химия,с дозатором,13,5,1,2,18,3,0.7222222222222222,0.530485955226597,0.6805404250492603,0.15005446982266324,False
Продукты питания,вид паштета,6,0,1,0,6,1,1.0,0.7300237227333217,0.877283510333328,0.14725978760000624,False
Продукты питания,вид рыбы,6,0,8,1,6,9,1.0,0.7300237227333217,0.877283510333328,0.14725978760000624,False
Строительство и ремонт,количество рулонов,10,0,27,5,10,32,1.0,0.7837222870478413,0.9279074290159471,0.14418514196810583,False
Строительство и ремонт,подключение,10,0,9,2,10,11,1.0,0.7837222870478413,0.9279074290159471,0.14418514196810583,False
Строительство и ремонт,"объем, л",10,0,22,2,10,24,1.0,0.7837222870478413,0.9279074290159471,0.14418514196810583,False
Дом и сад,"длина, м",6,0,1,2,6,3,1.0,0.7369750932499097,0.8804432242045045,0.14346813095459476,False
Дом и сад,"производительность, л/мин",6,0,0,0,6,0,1.0,0.7369750932499097,0.8804432242045045,0.14346813095459476,False
Дом и сад,тип горловины,6,0,7,7,6,14,1.0,0.7369750932499097,0.8804432242045045,0.14346813095459476,False
Спорт и отдых,коллекция,6,0,0,0,6,0,1.0,0.7404275591020069,0.8820125268645485,0.1415849677625416,False
Строительство и ремонт,форма полотенцесушителя,9,0,9,0,9,9,1.0,0.7837222870478413,0.9227579596599433,0.13903567261210203,False
Спорт и отдых,количество входов,13,1,12,8,14,20,0.9285714285714286,0.7404275591020069,0.8790598839742123,0.13863232487220545,False
Музыкальные инструменты,"диаметр, см",8,0,1,0,8,1,1.0,0.7780700705488461,0.9146423348264794,0.13657226427763325,False
Красота и гигиена,особенности,3,0,1,0,3,1,1.0,0.6360183767228178,0.7725114854517612,0.13649310872894338,False
Электроника,картридер,18,0,0,0,18,0,1.0,0.8267152121970645,0.9623293939558836,0.13561418175881912,False
Хобби и творчество,материал,349,170,759,418,519,1177,0.6724470134874759,0.5357526560821296,0.6711426780160509,0.13539002193392125,False
Товары для животных,вид намордника,3,0,2,2,3,4,1.0,0.6447764651378272,0.777985290711142,0.13320882557331482,False
Строительство и ремонт,материал полотна,8,0,2,0,8,2,1.0,0.7837222870478413,0.9168162642491697,0.13309397720132843,False
Канцелярские товары,"плотность, г/м2",7,1,8,6,8,14,0.875,0.6597844514410269,0.7922247890157796,0.1324403375747527,False
Спорт и отдых,стиль катания,12,1,12,2,13,14,0.9230769230769231,0.7404275591020069,0.8723409886394463,0.13191342953743945,False
Спорт и отдых,"диаметр, см",12,1,3,2,13,5,0.9230769230769231,0.7404275591020069,0.8723409886394463,0.13191342953743945,False
Хобби и творчество,"ширина, см",6,2,2,1,8,3,0.75,0.5357526560821296,0.6675971754162037,0.13184451933407404,False
Дом и сад,конструкция елки,5,0,7,0,5,7,1.0,0.7369750932499097,0.8684875466249549,0.13151245337504514,False
Товары для животных,гарантийный срок,27,7,0,0,34,0,0.7941176470588235,0.6447764651378272,0.7749713416843368,0.13019487654650963,False
Канцелярские товары,материал,285,75,340,132,360,472,0.7916666666666666,0.6597844514410269,0.7898600609786443,0.13007560953761732,False
Галантерея и аксессуары,покрытие,17,0,1,1,17,2,1.0,0.8319352378717663,0.9618034631526741,0.1298682252809078,False
Спорт и отдых,погодные условия,5,0,0,0,5,0,1.0,0.7404275591020069,0.8702137795510033,0.12978622044899646,False
Спорт и отдых,шатуны,5,0,1,2,5,3,1.0,0.7404275591020069,0.8702137795510033,0.12978622044899646,False
Канцелярские товары,"толщина, мкм",3,0,0,0,3,0,1.0,0.6597844514410269,0.7873652821506418,0.1275808307096149,False
Канцелярские товары,вид пастели,3,0,2,3,3,5,1.0,0.6597844514410269,0.7873652821506418,0.1275808307096149,False
Канцелярские товары,вид карты,3,0,0,0,3,0,1.0,0.6597844514410269,0.7873652821506418,0.1275808307096149,False
Канцелярские товары,вид клейкой ленты,3,0,0,0,3,0,1.0,0.6597844514410269,0.7873652821506418,0.1275808307096149,False
Строительство и ремонт,заземление,7,0,0,0,7,0,1.0,0.7837222870478413,0.9098842862699339,0.1261619992220926,False
Строительство и ремонт,количество контактов,7,0,2,1,7,3,1.0,0.7837222870478413,0.9098842862699339,0.1261619992220926,False
Строительство и ремонт,тип резьбы,7,0,2,0,7,2,1.0,0.7837222870478413,0.9098842862699339,0.1261619992220926,False
Строительство и ремонт,подвод воды,7,0,1,0,7,1,1.0,0.7837222870478413,0.9098842862699339,0.1261619992220926,False
Галантерея и аксессуары,формат а4,15,0,0,0,15,0,1.0,0.8319352378717663,0.9579838094679415,0.12604857159617522,False
Строительство и ремонт,размер ключа,17,1,1,1,18,2,0.9444444444444444,0.7837222870478413,0.9095048450104003,0.125782557962559,False
Дом и сад,количество персон,17,2,42,23,19,65,0.8947368421052632,0.7369750932499097,0.8618698110937312,0.12489471784382145,False
Дом и сад,рядность карниза,17,2,0,0,19,0,0.8947368421052632,0.7369750932499097,0.8618698110937312,0.12489471784382145,False
Продукты питания,назначение закваски,4,0,1,0,4,1,1.0,0.7300237227333217,0.8500131792962898,0.11998945656296811,False
Продукты питания,сорт винограда,4,0,0,2,4,2,1.0,0.7300237227333217,0.8500131792962898,0.11998945656296811,False
Электроника,количество ядер,11,0,5,3,11,8,1.0,0.8267152121970645,0.9458485038115827,0.11913329161451824,False
Электроника,сенсорный экран,11,0,56,4,11,60,1.0,0.8267152121970645,0.9458485038115827,0.11913329161451824,False
Дом и сад,название аромата,10,1,0,1,11,1,0.9090909090909091,0.7369750932499097,0.8553047166405968,0.11832962339068709,False
Строительство и ремонт,напряжение аккумулятора,6,0,17,3,6,20,1.0,0.7837222870478413,0.9016919486581098,0.11796966161026845,False
Строительство и ремонт,"номинальный ток, а",6,0,3,0,6,3,1.0,0.7837222870478413,0.9016919486581098,0.11796966161026845,False
Строительство и ремонт,"толщина стекла, мм",6,0,22,4,6,26,1.0,0.7837222870478413,0.9016919486581098,0.11796966161026845,False
Строительство и ремонт,"межосевое расстояние, мм",6,0,6,2,6,8,1.0,0.7837222870478413,0.9016919486581098,0.11796966161026845,False
Дом и сад,"мощность, вт",4,0,1,2,4,3,1.0,0.7369750932499097,0.8538750518055055,0.11689995855559576,False
Автотовары,название аромата,10,0,0,0,10,0,1.0,0.8248735197642743,0.9416245065880915,0.11675098682381724,False
Электроника,материал проводника,10,0,32,6,10,38,1.0,0.8267152121970645,0.9422384040656883,0.11552319186862381,False
Электроника,объем,10,0,5,5,10,10,1.0,0.8267152121970645,0.9422384040656883,0.11552319186862381,False
Спорт и отдых,материал ручки,4,0,3,0,4,3,1.0,0.7404275591020069,0.8557930883900038,0.11536552928799693,False
Спорт и отдых,материал крюка,4,0,0,0,4,0,1.0,0.7404275591020069,0.8557930883900038,0.11536552928799693,False
Спорт и отдых,передний переключатель,4,0,2,1,4,3,1.0,0.7404275591020069,0.8557930883900038,0.11536552928799693,False
Спорт и отдых,цвет линзы,4,0,0,0,4,0,1.0,0.7404275591020069,0.8557930883900038,0.11536552928799693,False
Товары для животных,состав наполнителя,18,5,12,9,23,21,0.782608695652174,0.6447764651378272,0.7579957973460406,0.11321933220821345,False
Красота и гигиена,особенности состава,47,15,9,4,62,13,0.7580645161290323,0.6360183767228178,0.7489565952778222,0.11293821855500441,False
Товары для животных,минеральные вещества,102,32,12,2,134,14,0.7611940298507462,0.6447764651378272,0.7570063476668283,0.11222988252900112,False
Строительство и ремонт,тип открывания,14,1,48,1,15,49,0.9333333333333333,0.7837222870478413,0.8959305717619603,0.11220828471411903,False
Электроника,количество потоков,9,0,4,3,9,7,1.0,0.8267152121970645,0.9381125757846659,0.11139736358760144,False
Красота и гигиена,аромат,76,25,14,17,101,31,0.7524752475247525,0.6360183767228178,0.7469819989020197,0.11096362217920186,False
Хобби и творчество,форма страз,18,9,70,39,27,109,0.6666666666666666,0.5357526560821296,0.6462113525128328,0.11045869643070316,False
Продукты питания,степень остроты,14,2,14,7,16,21,0.875,0.7300237227333217,0.840481838746029,0.11045811601270727,False
Товары для животных,особые потребности,178,57,21,1,235,22,0.7574468085106383,0.6447764651378272,0.7550995096903714,0.11032304455254427,False
Строительство и ремонт,размер шлица,5,0,8,0,5,8,1.0,0.7837222870478413,0.8918611435239207,0.10813885647607935,False
Строительство и ремонт,морозостойкость,5,0,0,0,5,0,1.0,0.7837222870478413,0.8918611435239207,0.10813885647607935,False
Красота и гигиена,вид массажа,5,1,0,1,6,1,0.8333333333333334,0.6360183767228178,0.7436447166921899,0.1076263399693721,False
Спорт и отдых,материал покрышки,9,1,1,1,10,2,0.9,0.7404275591020069,0.8468091863673356,0.10638162726532874,False
Дом и сад,материал лезвия,14,2,5,6,16,11,0.875,0.7369750932499097,0.8421369269642641,0.10516183371435439,False
Товары для животных,ветеринарная диета,44,14,7,2,58,9,0.7586206896551724,0.6447764651378272,0.7495854337410973,0.10480896860327016,False
Хобби и творчество,тип,2847,1601,988,996,4448,1984,0.6400629496402878,0.5357526560821296,0.6399458260229981,0.10419316994086847,False
Красота и гигиена,"ширина, см",2,0,0,2,2,2,1.0,0.6360183767228178,0.7400131262305842,0.10399474950776644,False
Красота и гигиена,вид мочалки,2,0,0,0,2,0,1.0,0.6360183767228178,0.7400131262305842,0.10399474950776644,False
Товары для животных,тип наполнителя,2,0,3,4,2,7,1.0,0.6447764651378272,0.7462689036698765,0.10149243853204937,False
Продукты питания,вид грибов,3,0,0,3,3,3,1.0,0.7300237227333217,0.831264826708326,0.1012411039750043,False
Продукты питания,"крепость, %",3,0,0,0,3,0,1.0,0.7300237227333217,0.831264826708326,0.1012411039750043,False
Продукты питания,содержание сахара,3,0,1,1,3,2,1.0,0.7300237227333217,0.831264826708326,0.1012411039750043,False
Дом и сад,"ширина, м",3,0,3,1,3,4,1.0,0.7369750932499097,0.8356094332811936,0.0986343400312839,False
Дом и сад,качество воды,3,0,6,1,3,7,1.0,0.7369750932499097,0.8356094332811936,0.0986343400312839,False
Дом и сад,механизм насоса,3,0,7,2,3,9,1.0,0.7369750932499097,0.8356094332811936,0.0986343400312839,False
Дом и сад,количество пар в упаковке,3,0,1,0,3,1,1.0,0.7369750932499097,0.8356094332811936,0.0986343400312839,False
Дом и сад,"высота ворса, мм",3,0,11,0,3,11,1.0,0.7369750932499097,0.8356094332811936,0.0986343400312839,False
Спорт и отдых,седло,3,0,4,2,3,6,1.0,0.7404275591020069,0.8377672244387543,0.09733966533674743,False
Спорт и отдых,хват,3,0,4,0,3,4,1.0,0.7404275591020069,0.8377672244387543,0.09733966533674743,False
Спорт и отдых,не содержит,3,0,0,0,3,0,1.0,0.7404275591020069,0.8377672244387543,0.09733966533674743,False
Спорт и отдых,гарантия,3,0,0,0,3,0,1.0,0.7404275591020069,0.8377672244387543,0.09733966533674743,False
Спорт и отдых,покрытие грифа,3,0,0,0,3,0,1.0,0.7404275591020069,0.8377672244387543,0.09733966533674743,False
Спорт и отдых,целевая аудитория,3,0,0,0,3,0,1.0,0.7404275591020069,0.8377672244387543,0.09733966533674743,False
Дом и сад,гарантия,13,2,0,3,15,3,0.8666666666666667,0.7369750932499097,0.8342437733124773,0.09726868006256761,False
Канцелярские товары,количество пробиваемых отверстий,2,0,6,2,2,8,1.0,0.6597844514410269,0.7569888938864479,0.09720444244542092,False
Канцелярские товары,"ширина корешка, мм",2,0,4,1,2,5,1.0,0.6597844514410269,0.7569888938864479,0.09720444244542092,False
Канцелярские товары,количество внешних карманов,2,0,0,0,2,0,1.0,0.6597844514410269,0.7569888938864479,0.09720444244542092,False
Канцелярские товары,окно,2,0,0,0,2,0,1.0,0.6597844514410269,0.7569888938864479,0.09720444244542092,False
Строительство и ремонт,стекло,4,0,5,1,4,6,1.0,0.7837222870478413,0.8798457150265785,0.09612342797873719,False
Строительство и ремонт,материал корпуса,4,0,1,1,4,2,1.0,0.7837222870478413,0.8798457150265785,0.09612342797873719,False
Строительство и ремонт,форма лампочки,4,0,2,2,4,4,1.0,0.7837222870478413,0.8798457150265785,0.09612342797873719,False
Строительство и ремонт,количество скоростей,4,0,2,1,4,3,1.0,0.7837222870478413,0.8798457150265785,0.09612342797873719,False
Строительство и ремонт,тип молотка,4,0,1,0,4,1,1.0,0.7837222870478413,0.8798457150265785,0.09612342797873719,False
Автотовары,"объем, мл",6,0,9,4,6,13,1.0,0.8248735197642743,0.9203970544383065,0.0955235346740323,False
Автотовары,допуски oem,6,0,0,0,6,0,1.0,0.8248735197642743,0.9203970544383065,0.0955235346740323,False
Электроника,тип накопителя,18,1,108,8,19,116,0.9473684210526315,0.8267152121970645,0.9222323358743885,0.09551712367732401,False
Спорт и отдых,задний переключатель,8,1,2,2,9,4,0.8888888888888888,0.7404275591020069,0.8358669853935738,0.09543942629156699,False
Товары для животных,особенности наполнителя,16,5,0,0,21,0,0.7619047619047619,0.6447764651378272,0.7393800894495821,0.09460362431175495,False
Электроника,видоискатель,6,0,3,4,6,7,1.0,0.8267152121970645,0.9212341873623021,0.09451897516523766,False
Электроника,упаковка,6,0,2,4,6,6,1.0,0.8267152121970645,0.9212341873623021,0.09451897516523766,False
Электроника,сетевая карта,6,0,0,0,6,0,1.0,0.8267152121970645,0.9212341873623021,0.09451897516523766,False
Строительство и ремонт,тип реза,11,1,6,1,12,7,0.9166666666666666,0.7837222870478413,0.8775653785434827,0.0938430914956414,False
Детские товары,"длина, см",1,0,0,1,1,1,1.0,0.43993731541197034,0.533281096176642,0.09334378076467165,False
Детские товары,сезон,1,0,0,0,1,0,1.0,0.43993731541197034,0.533281096176642,0.09334378076467165,False
Детские товары,количество предметов,1,0,0,1,1,1,1.0,0.43993731541197034,0.533281096176642,0.09334378076467165,False
Детские товары,способ ношения,1,0,0,0,1,0,1.0,0.43993731541197034,0.533281096176642,0.09334378076467165,False
Детские товары,мелодии,1,0,0,1,1,1,1.0,0.43993731541197034,0.533281096176642,0.09334378076467165,False
Детские товары,пол,1,0,0,0,1,0,1.0,0.43993731541197034,0.533281096176642,0.09334378076467165,False
Товары для животных,вид когтеточки,13,4,8,2,17,10,0.7647058823529411,0.6447764651378272,0.7374491966222334,0.09267273148440625,False
Бытовая химия,аромат,509,309,169,125,818,294,0.6222493887530562,0.530485955226597,0.6216918952322393,0.0912059400056423,False
Красота и гигиена,жесткость щетины,15,5,20,8,20,28,0.75,0.6360183767228178,0.7272036753445635,0.09118529862174574,False
Бытовая химия,упаковка,269,164,23,18,433,41,0.6212471131639723,0.530485955226597,0.6202110268861484,0.08972507165955135,False
Продукты питания,сорт чая,7,1,5,0,8,5,0.875,0.7300237227333217,0.8192398933589699,0.08921617062564813,False
Продукты питания,вид овощей,7,1,2,0,8,2,0.875,0.7300237227333217,0.8192398933589699,0.08921617062564813,False
Автотовары,омологация,5,0,0,0,5,0,1.0,0.8248735197642743,0.9124367598821372,0.08756324011786298,False
Электроника,"количество внутренних отсеков 3.5""",5,0,1,1,5,2,1.0,0.8267152121970645,0.9133576060985323,0.08664239390146788,False
Электроника,число универсальных процессоров,5,0,4,1,5,5,1.0,0.8267152121970645,0.9133576060985323,0.08664239390146788,False
Электроника,цвет ремешка,5,0,5,1,5,6,1.0,0.8267152121970645,0.9133576060985323,0.08664239390146788,False
Электроника,форма выходного сигнала,5,0,3,2,5,5,1.0,0.8267152121970645,0.9133576060985323,0.08664239390146788,False
Детские товары,комплектация,243,218,4,5,461,9,0.527114967462039,0.43993731541197034,0.5261795849293129,0.0862422695173426,False
Канцелярские товары,обложка,101,34,20,6,135,26,0.7481481481481481,0.6597844514410269,0.7449923018371796,0.08520785039615264,False
Дом и сад,форма ковра,7,1,3,0,8,3,0.875,0.7369750932499097,0.8219134974038115,0.08493840415390175,False
Канцелярские товары,материал обложки,92,31,74,41,123,115,0.7479674796747967,0.6597844514410269,0.7445228301344151,0.08473837869338818,False
Бытовая химия,вид стирки,33,20,14,9,53,23,0.6226415094339622,0.530485955226597,0.6146970651057411,0.08421110987914404,False
Товары для животных,размер гранул,15,5,0,0,20,0,0.75,0.6447764651378272,0.7289552930275655,0.0841788278897383,False
Хобби и творчество,тип канвы,6,3,0,0,9,0,0.6666666666666666,0.5357526560821296,0.6199116628864748,0.08415900680434518,False
Галантерея и аксессуары,российский размер,5,0,0,0,5,0,1.0,0.8319352378717663,0.915967618935883,0.0840323810641167,False
Продукты питания,вид супа,11,2,1,1,13,2,0.8461538461538461,0.7300237227333217,0.8138954785370338,0.08387175580371209,False
Спорт и отдых,количество тамбуров,7,1,10,2,8,12,0.875,0.7404275591020069,0.8232413688853872,0.08281380978338038,False
Спорт и отдых,наполнитель,7,1,3,2,8,5,0.875,0.7404275591020069,0.8232413688853872,0.08281380978338038,False
Спорт и отдых,"разрывная нагрузка, lb",7,1,0,0,8,0,0.875,0.7404275591020069,0.8232413688853872,0.08281380978338038,False
Бытовая химия,бренд,993,629,1201,882,1622,2083,0.6122071516646116,0.530485955226597,0.6119560109257117,0.0814700556991147,False
Строительство и ремонт,стиль,3,0,20,5,3,25,1.0,0.7837222870478413,0.8648264294049008,0.08110414235705954,False
Строительство и ремонт,выходное напряжение,3,0,0,0,3,0,1.0,0.7837222870478413,0.8648264294049008,0.08110414235705954,False
Строительство и ремонт,количество режимов струи,3,0,2,2,3,4,1.0,0.7837222870478413,0.8648264294049008,0.08110414235705954,False
Строительство и ремонт,наконечник,3,0,9,0,3,9,1.0,0.7837222870478413,0.8648264294049008,0.08110414235705954,False
Строительство и ремонт,проецирование лучей,3,0,0,0,3,0,1.0,0.7837222870478413,0.8648264294049008,0.08110414235705954,False
Строительство и ремонт,шаг зубьев,3,0,0,0,3,0,1.0,0.7837222870478413,0.8648264294049008,0.08110414235705954,False
Строительство и ремонт,внутренняя отделка,3,0,0,1,3,1,1.0,0.7837222870478413,0.8648264294049008,0.08110414235705954,False
Строительство и ремонт,фаска,3,0,0,0,3,0,1.0,0.7837222870478413,0.8648264294049008,0.08110414235705954,False
Строительство и ремонт,"диаметр, мм",3,0,3,1,3,4,1.0,0.7837222870478413,0.8648264294049008,0.08110414235705954,False
Строительство и ремонт,материал изоляции,3,0,1,0,3,1,1.0,0.7837222870478413,0.8648264294049008,0.08110414235705954,False
Строительство и ремонт,размещение люка,3,0,1,0,3,1,1.0,0.7837222870478413,0.8648264294049008,0.08110414235705954,False
Строительство и ремонт,крепление,3,0,0,0,3,0,1.0,0.7837222870478413,0.8648264294049008,0.08110414235705954,False
Строительство и ремонт,вид розетки,3,0,0,0,3,0,1.0,0.7837222870478413,0.8648264294049008,0.08110414235705954,False
Строительство и ремонт,размер,3,0,1,0,3,1,1.0,0.7837222870478413,0.8648264294049008,0.08110414235705954,False
Строительство и ремонт,количество пар в упаковке,3,0,0,0,3,0,1.0,0.7837222870478413,0.8648264294049008,0.08110414235705954,False
Товары для животных,аромат,12,4,6,3,16,9,0.75,0.6447764651378272,0.7249467774137683,0.08017031227594118,False
Бытовая химия,артикул,1,0,0,0,1,0,1.0,0.530485955226597,0.6087382960221642,0.0782523407955672,False
Автотовары,"длина резьбы, мм",4,0,6,1,4,7,1.0,0.8248735197642743,0.9027075109801524,0.0778339912158782,False
Товары для животных,вид переноски,4,1,0,3,5,3,0.8,0.6447764651378272,0.7223882325689136,0.07761176743108644,False
Хобби и творчество,вид булавки,1,0,3,0,1,3,1.0,0.5357526560821296,0.6131272134017747,0.07737455731964504,False
Хобби и творчество,тип мольберта,1,0,0,0,1,0,1.0,0.5357526560821296,0.6131272134017747,0.07737455731964504,False
Хобби и творчество,гарантийный срок,1,0,0,0,1,0,1.0,0.5357526560821296,0.6131272134017747,0.07737455731964504,False
Хобби и творчество,возраст ребенка,1,0,0,0,1,0,1.0,0.5357526560821296,0.6131272134017747,0.07737455731964504,False
Хобби и творчество,упаковка,1,0,0,0,1,0,1.0,0.5357526560821296,0.6131272134017747,0.07737455731964504,False
Хобби и творчество,"ширина, мм",1,0,0,0,1,0,1.0,0.5357526560821296,0.6131272134017747,0.07737455731964504,False
Продукты питания,форма сухого завтрака,2,0,3,3,2,6,1.0,0.7300237227333217,0.8071598019523726,0.07713607921905086,False
Электроника,"потребляемая мощность, вт",4,0,0,1,4,1,1.0,0.8267152121970645,0.9037306734428137,0.0770154612457492,False
Электроника,количество вентиляторов,4,0,16,6,4,22,1.0,0.8267152121970645,0.9037306734428137,0.0770154612457492,False
Дом и сад,материал подставки,2,0,6,3,2,9,1.0,0.7369750932499097,0.8121250666070784,0.07514997335716866,False
Дом и сад,"диаметр нижнего яруса, см",2,0,0,0,2,0,1.0,0.7369750932499097,0.8121250666070784,0.07514997335716866,False
Спорт и отдых,количество панелей,2,0,19,5,2,24,1.0,0.7404275591020069,0.8145911136442906,0.07416355454228374,False
Спорт и отдых,режим стрельбы,2,0,3,1,2,4,1.0,0.7404275591020069,0.8145911136442906,0.07416355454228374,False
Спорт и отдых,позиция игрока,2,0,0,0,2,0,1.0,0.7404275591020069,0.8145911136442906,0.07416355454228374,False
Спорт и отдых,трансдьюсер,2,0,1,2,2,3,1.0,0.7404275591020069,0.8145911136442906,0.07416355454228374,False
Спорт и отдых,"посадочный диаметр, мм",2,0,0,1,2,1,1.0,0.7404275591020069,0.8145911136442906,0.07416355454228374,False
Спорт и отдых,вид струны,2,0,0,0,2,0,1.0,0.7404275591020069,0.8145911136442906,0.07416355454228374,False
Спорт и отдых,"диаметр грифа, мм",2,0,0,0,2,0,1.0,0.7404275591020069,0.8145911136442906,0.07416355454228374,False
Спорт и отдых,форма дисков,2,0,0,0,2,0,1.0,0.7404275591020069,0.8145911136442906,0.07416355454228374,False
Спорт и отдых,диагональ экрана,2,0,1,0,2,1,1.0,0.7404275591020069,0.8145911136442906,0.07416355454228374,False
Спорт и отдых,тип крепления,2,0,0,0,2,0,1.0,0.7404275591020069,0.8145911136442906,0.07416355454228374,False
Канцелярские товары,застежка,4,1,54,4,5,58,0.8,0.6597844514410269,0.7298922257205135,0.07010777427948656,False
Дом и сад,"толщина стенок, мм",6,1,9,0,7,9,0.8571428571428571,0.7369750932499097,0.8070729555207957,0.07009786227088599,False
Спорт и отдых,подседельный штырь,6,1,2,2,7,4,0.8571428571428571,0.7404275591020069,0.8085114829591694,0.06808392385716255,False
Дом и сад,размерность,10,2,0,0,12,0,0.8333333333333334,0.7369750932499097,0.8049926744852676,0.06801758123535784,False
Строительство и ремонт,форма розетки,8,1,0,0,9,0,0.8888888888888888,0.7837222870478413,0.8513293882313719,0.06760710118353064,False
Товары для животных,бренд,880,355,1593,510,1235,2103,0.7125506072874493,0.6447764651378272,0.712277324456201,0.0675008593183738,False
Продукты питания,бренд,2416,614,2186,692,3030,2878,0.7973597359735973,0.7300237227333217,0.7972488034970895,0.06722508076376776,False
Дом и сад,форма часов,14,3,0,0,17,0,0.8235294117647058,0.7369750932499097,0.8038579757386158,0.06688288248870611,False
Дом и сад,для кого,14,3,10,0,17,10,0.8235294117647058,0.7369750932499097,0.8038579757386158,0.06688288248870611,False
Автотовары,назначение,3,0,0,0,3,0,1.0,0.8248735197642743,0.8905459498526714,0.06567243008839718,False
Автотовары,полярность,3,0,1,0,3,1,1.0,0.8248735197642743,0.8905459498526714,0.06567243008839718,False
Красота и гигиена,"объем, мл",34,14,77,57,48,134,0.7083333333333334,0.6360183767228178,0.7015111676153601,0.06549279089254234,False
Электроника,минимальная диафрагма,3,0,0,0,3,0,1.0,0.8267152121970645,0.8916970076231653,0.06498179542610083,False
Электроника,максимальная диафрагма,3,0,0,0,3,0,1.0,0.8267152121970645,0.8916970076231653,0.06498179542610083,False
Электроника,конструкция мыши,3,0,0,0,3,0,1.0,0.8267152121970645,0.8916970076231653,0.06498179542610083,False
Электроника,техпроцесс,3,0,10,0,3,10,1.0,0.8267152121970645,0.8916970076231653,0.06498179542610083,False
Электроника,искатель,3,0,0,0,3,0,1.0,0.8267152121970645,0.8916970076231653,0.06498179542610083,False
Канцелярские товары,твердость грифеля,38,14,0,0,52,0,0.7307692307692307,0.6597844514410269,0.7245424957404409,0.06475804429941401,False
Канцелярские товары,формат,743,283,74,11,1026,85,0.7241715399610137,0.6597844514410269,0.7238592844395783,0.06407483299855132,False
Галантерея и аксессуары,ручная кладь,3,0,12,0,3,12,1.0,0.8319352378717663,0.8949595236698539,0.06302428579808761,False
Галантерея и аксессуары,"высота ручек, см",3,0,0,0,3,0,1.0,0.8319352378717663,0.8949595236698539,0.06302428579808761,False
Строительство и ремонт,количество отводов,2,0,2,1,2,3,1.0,0.7837222870478413,0.8455159193198867,0.06179363227204537,False
Строительство и ремонт,рисунок,2,0,0,0,2,0,1.0,0.7837222870478413,0.8455159193198867,0.06179363227204537,False
Строительство и ремонт,вид фрезы,2,0,4,0,2,4,1.0,0.7837222870478413,0.8455159193198867,0.06179363227204537,False
Строительство и ремонт,"толщина, мм",2,0,4,0,2,4,1.0,0.7837222870478413,0.8455159193198867,0.06179363227204537,False
Строительство и ремонт,базис,2,0,0,0,2,0,1.0,0.7837222870478413,0.8455159193198867,0.06179363227204537,False
Строительство и ремонт,"мощность, л.с.",2,0,0,0,2,0,1.0,0.7837222870478413,0.8455159193198867,0.06179363227204537,False
Строительство и ремонт,материал рукояти,2,0,0,1,2,1,1.0,0.7837222870478413,0.8455159193198867,0.06179363227204537,False
Строительство и ремонт,количество вводов,2,0,1,0,2,1,1.0,0.7837222870478413,0.8455159193198867,0.06179363227204537,False
Строительство и ремонт,тип гвоздя,2,0,1,0,2,1,1.0,0.7837222870478413,0.8455159193198867,0.06179363227204537,False
Строительство и ремонт,"диаметр слива, мм",2,0,4,2,2,6,1.0,0.7837222870478413,0.8455159193198867,0.06179363227204537,False
Строительство и ремонт,рекомендуемое количество слоев,2,0,1,1,2,2,1.0,0.7837222870478413,0.8455159193198867,0.06179363227204537,False
Строительство и ремонт,количество мелодий,2,0,0,0,2,0,1.0,0.7837222870478413,0.8455159193198867,0.06179363227204537,False
Строительство и ремонт,группа горючести,2,0,0,0,2,0,1.0,0.7837222870478413,0.8455159193198867,0.06179363227204537,False
Строительство и ремонт,"объем топливного бака, л",2,0,1,2,2,3,1.0,0.7837222870478413,0.8455159193198867,0.06179363227204537,False
Строительство и ремонт,марка электрода,2,0,0,0,2,0,1.0,0.7837222870478413,0.8455159193198867,0.06179363227204537,False
Строительство и ремонт,тип коллектора,2,0,0,0,2,0,1.0,0.7837222870478413,0.8455159193198867,0.06179363227204537,False
Детские товары,материал,408,405,314,413,813,727,0.5018450184501845,0.43993731541197034,0.5014666095074082,0.061529294095437836,False
Красота и гигиена,основной материал,1,0,0,1,1,1,1.0,0.6360183767228178,0.6966819806023482,0.0606636038795304,False
Красота и гигиена,возрастной диапазон,1,0,0,0,1,0,1.0,0.6360183767228178,0.6966819806023482,0.0606636038795304,False
Продукты питания,добавки,107,28,12,8,135,20,0.7925925925925926,0.7300237227333217,0.7903579900976186,0.06033426736429692,False
Товары для животных,тип,2056,863,408,195,2919,603,0.7043508050702295,0.6447764651378272,0.7042489337639155,0.05947246862608835,False
Товары для животных,количество насадок,1,0,0,2,1,2,1.0,0.6447764651378272,0.7039803876148559,0.05920392247702877,False
Товары для животных,вид растения,1,0,3,3,1,6,1.0,0.6447764651378272,0.7039803876148559,0.05920392247702877,False
Товары для животных,цвет свечения,1,0,0,1,1,1,1.0,0.6447764651378272,0.7039803876148559,0.05920392247702877,False
Товары для животных,"энергетическая ценность, ккал/100 г",1,0,0,0,1,0,1.0,0.6447764651378272,0.7039803876148559,0.05920392247702877,False
Товары для животных,жесткость,1,0,0,0,1,0,1.0,0.6447764651378272,0.7039803876148559,0.05920392247702877,False
Товары для животных,количество слоев,1,0,0,0,1,0,1.0,0.6447764651378272,0.7039803876148559,0.05920392247702877,False
Товары для животных,"высота, см",1,0,0,1,1,1,1.0,0.6447764651378272,0.7039803876148559,0.05920392247702877,False
Товары для животных,"длина, см",1,0,0,0,1,0,1.0,0.6447764651378272,0.7039803876148559,0.05920392247702877,False
Товары для животных,"ширина, см",1,0,0,0,1,0,1.0,0.6447764651378272,0.7039803876148559,0.05920392247702877,False
Продукты питания,содержит,46,12,25,6,58,31,0.7931034482758621,0.7300237227333217,0.7880971208518509,0.058073398118529185,False
Продукты питания,вид дрожжей,31,8,2,0,39,2,0.7948717948717948,0.7300237227333217,0.7875026957651502,0.05747897303182847,False
Канцелярские товары,цвет листов,1,0,3,0,1,3,1.0,0.6597844514410269,0.7164870428675224,0.056702591426495474,False
Канцелярские товары,"длина, см",1,0,0,0,1,0,1.0,0.6597844514410269,0.7164870428675224,0.056702591426495474,False
Канцелярские товары,назначение обложки,1,0,1,0,1,1,1.0,0.6597844514410269,0.7164870428675224,0.056702591426495474,False
Канцелярские товары,форма кисти,1,0,0,0,1,0,1.0,0.6597844514410269,0.7164870428675224,0.056702591426495474,False
Канцелярские товары,"вес, г",1,0,0,1,1,1,1.0,0.6597844514410269,0.7164870428675224,0.056702591426495474,False
Канцелярские товары,"длина оттиска, мм",1,0,0,0,1,0,1.0,0.6597844514410269,0.7164870428675224,0.056702591426495474,False
Мебель,матрас в комплекте,3,0,35,10,3,45,1.0,0.8491264607196576,0.905704037949786,0.05657757723012846,False
Мебель,регулировка наклона столешницы,3,0,0,0,3,0,1.0,0.8491264607196576,0.905704037949786,0.05657757723012846,False
Продукты питания,тип,1666,452,872,274,2118,1146,0.7865911237016053,0.7300237227333217,0.7864578985462396,0.056434175812917875,False
Продукты питания,сорт риса,5,1,10,7,6,17,0.8333333333333334,0.7300237227333217,0.7863744194242371,0.056350696690915414,False
Строительство и ремонт,тип фрезы,7,1,5,1,8,6,0.875,0.7837222870478413,0.8398931873260929,0.056170900278251557,False
Строительство и ремонт,напряжение сети,7,1,0,0,8,0,0.875,0.7837222870478413,0.8398931873260929,0.056170900278251557,False
Товары для животных,вид поводка,99,42,79,36,141,115,0.7021276595744681,0.6447764651378272,0.7001635775732132,0.05538711243538608,False
Канцелярские товары,"толщина линии, мм",11,4,8,7,15,15,0.7333333333333333,0.6597844514410269,0.7149461128602568,0.055161661419229846,False
Спорт и отдых,размер,114,29,30,16,143,46,0.7972027972027972,0.7404275591020069,0.7952847148345273,0.05485715573252048,False
Спорт и отдых,количество секций,67,17,74,17,84,91,0.7976190476190477,0.7404275591020069,0.7944060426461802,0.05397848354417334,False
Спорт и отдых,материал дна,9,2,2,0,11,2,0.8181818181818182,0.7404275591020069,0.7938836122193771,0.05345605311737023,False
Дом и сад,степень защиты,5,1,0,0,6,0,0.8333333333333334,0.7369750932499097,0.7895341332954136,0.052559040045503824,False
Бытовая химия,целевая аудитория,2,1,0,0,3,0,0.6666666666666666,0.530485955226597,0.5815537220166231,0.051067766790026115,False
Спорт и отдых,"ширина, см",5,1,7,2,6,9,0.8333333333333334,0.7404275591020069,0.7911034359554576,0.05067587685345076,False
Спорт и отдых,тип каркаса,5,1,28,6,6,34,0.8333333333333334,0.7404275591020069,0.7911034359554576,0.05067587685345076,False
Красота и гигиена,степень фиксации,3,1,2,3,4,5,0.75,0.6360183767228178,0.686676875957121,0.05065849923430321,False
Автотовары,серия,2,0,1,2,2,3,1.0,0.8248735197642743,0.8749096569744816,0.05003613721020739,False
Автотовары,упаковка,2,0,2,0,2,2,1.0,0.8248735197642743,0.8749096569744816,0.05003613721020739,False
Автотовары,разрешение экрана,2,0,0,0,2,0,1.0,0.8248735197642743,0.8749096569744816,0.05003613721020739,False
Электроника,изогнутый экран,2,0,8,4,2,12,1.0,0.8267152121970645,0.8762251515693318,0.04950993937226733,False
Электроника,домашний регион,2,0,0,0,2,0,1.0,0.8267152121970645,0.8762251515693318,0.04950993937226733,False
Электроника,твердость стекла,2,0,5,2,2,7,1.0,0.8267152121970645,0.8762251515693318,0.04950993937226733,False
Электроника,соотношение сторон,2,0,17,5,2,22,1.0,0.8267152121970645,0.8762251515693318,0.04950993937226733,False
Электроника,количество поддерживаемых мониторов,2,0,8,0,2,8,1.0,0.8267152121970645,0.8762251515693318,0.04950993937226733,False
Электроника,"длина кабеля, м",2,0,0,1,2,1,1.0,0.8267152121970645,0.8762251515693318,0.04950993937226733,False
Электроника,окно на боковой панели,2,0,0,0,2,0,1.0,0.8267152121970645,0.8762251515693318,0.04950993937226733,False
Электроника,разрешение web-камеры,2,0,0,0,2,0,1.0,0.8267152121970645,0.8762251515693318,0.04950993937226733,False
Электроника,количество внутренних отделений,2,0,0,1,2,1,1.0,0.8267152121970645,0.8762251515693318,0.04950993937226733,False
Электроника,спортивные,2,0,0,2,2,2,1.0,0.8267152121970645,0.8762251515693318,0.04950993937226733,False
Электроника,скорость копирования,2,0,1,0,2,1,1.0,0.8267152121970645,0.8762251515693318,0.04950993937226733,False
Электроника,число текстурных блоков,2,0,3,0,2,3,1.0,0.8267152121970645,0.8762251515693318,0.04950993937226733,False
Электроника,число блоков растеризации,2,0,3,0,2,3,1.0,0.8267152121970645,0.8762251515693318,0.04950993937226733,False
Электроника,версия шейдеров,2,0,1,0,2,1,1.0,0.8267152121970645,0.8762251515693318,0.04950993937226733,False
Электроника,контроллер,2,0,0,0,2,0,1.0,0.8267152121970645,0.8762251515693318,0.04950993937226733,False
Электроника,цветность,2,0,0,0,2,0,1.0,0.8267152121970645,0.8762251515693318,0.04950993937226733,False
Хобби и творчество,вид основы,2,1,0,0,3,0,0.6666666666666666,0.5357526560821296,0.584845410051331,0.04909275396920132,False
Канцелярские товары,тип печати,13,5,8,4,18,12,0.7222222222222222,0.6597844514410269,0.7086487937915276,0.048864342350500634,False
Электроника,динамическая контрастность,9,1,1,0,10,1,0.9,0.8267152121970645,0.8755717373990215,0.048856525201957046,False
Электроника,тип светофильтра,16,2,0,0,18,0,0.8888888888888888,0.8267152121970645,0.8753728722167532,0.04865766001968874,False
Галантерея и аксессуары,количество внутренних отделений,2,0,0,0,2,0,1.0,0.8319352378717663,0.8799537413369759,0.04801850346520964,False
Галантерея и аксессуары,декоративные элементы,2,0,1,0,2,1,1.0,0.8319352378717663,0.8799537413369759,0.04801850346520964,False
Галантерея и аксессуары,количество спиц,2,0,1,0,2,1,1.0,0.8319352378717663,0.8799537413369759,0.04801850346520964,False
Галантерея и аксессуары,"диаметр купола, см",2,0,0,0,2,0,1.0,0.8319352378717663,0.8799537413369759,0.04801850346520964,False
Галантерея и аксессуары,сезон,2,0,1,0,2,1,1.0,0.8319352378717663,0.8799537413369759,0.04801850346520964,False
Галантерея и аксессуары,материал фурнитуры,2,0,0,0,2,0,1.0,0.8319352378717663,0.8799537413369759,0.04801850346520964,False
Галантерея и аксессуары,оптическая сила,2,0,0,0,2,0,1.0,0.8319352378717663,0.8799537413369759,0.04801850346520964,False
Галантерея и аксессуары,форма очков,2,0,0,0,2,0,1.0,0.8319352378717663,0.8799537413369759,0.04801850346520964,False
Аптека,"ширина линзы, мм",9,0,3,0,9,3,1.0,0.9272748227972109,0.9740267224275753,0.04675189963036441,False
Ювелирные изделия,гарантийный срок,3,0,0,0,3,0,1.0,0.8759460536049621,0.9224662835031013,0.0465202298981392,False
Строительство и ремонт,количество светодиодов на метр,11,2,0,0,13,0,0.8461538461538461,0.7837222870478413,0.8288117464021781,0.045089459354336836,False
Продукты питания,без кофеина,1,0,25,4,1,29,1.0,0.7300237227333217,0.7750197689444347,0.04499604621111297,False
Продукты питания,вид отрубей,1,0,2,2,1,4,1.0,0.7300237227333217,0.7750197689444347,0.04499604621111297,False
Продукты питания,вид солода,1,0,0,1,1,1,1.0,0.7300237227333217,0.7750197689444347,0.04499604621111297,False
Продукты питания,вид растворимого напитка,1,0,0,0,1,0,1.0,0.7300237227333217,0.7750197689444347,0.04499604621111297,False
Продукты питания,"объем, мл",1,0,0,0,1,0,1.0,0.7300237227333217,0.7750197689444347,0.04499604621111297,False
Продукты питания,форма выпуска крупы,1,0,0,0,1,0,1.0,0.7300237227333217,0.7750197689444347,0.04499604621111297,False
Продукты питания,вид крупы,1,0,0,0,1,0,1.0,0.7300237227333217,0.7750197689444347,0.04499604621111297,False
Продукты питания,вид сухофруктов,32,9,32,23,41,55,0.7804878048780488,0.7300237227333217,0.7750025785579697,0.044978855824648,False
Спорт и отдых,расположение защитной сетки,12,3,0,0,15,0,0.8,0.7404275591020069,0.7851068897755017,0.04467933067349483,False
Дом и сад,"количество в упаковке, шт.",1,0,3,9,1,12,1.0,0.7369750932499097,0.7808125777082582,0.04383748445834845,False
Дом и сад,вид застежки,1,0,0,1,1,1,1.0,0.7369750932499097,0.7808125777082582,0.04383748445834845,False
Дом и сад,с подхватом,1,0,1,0,1,1,1.0,0.7369750932499097,0.7808125777082582,0.04383748445834845,False
Дом и сад,температурный режим,1,0,0,1,1,1,1.0,0.7369750932499097,0.7808125777082582,0.04383748445834845,False
Дом и сад,количество режимов струи,1,0,0,0,1,0,1.0,0.7369750932499097,0.7808125777082582,0.04383748445834845,False
Дом и сад,форм-фактор,1,0,0,0,1,0,1.0,0.7369750932499097,0.7808125777082582,0.04383748445834845,False
Дом и сад,"высота, м",1,0,1,0,1,1,1.0,0.7369750932499097,0.7808125777082582,0.04383748445834845,False
Дом и сад,совместимость,1,0,0,1,1,1,1.0,0.7369750932499097,0.7808125777082582,0.04383748445834845,False
Дом и сад,валюта,1,0,0,0,1,0,1.0,0.7369750932499097,0.7808125777082582,0.04383748445834845,False
Дом и сад,хвоя,1,0,0,0,1,0,1.0,0.7369750932499097,0.7808125777082582,0.04383748445834845,False
Дом и сад,материал подсвечника,1,0,0,0,1,0,1.0,0.7369750932499097,0.7808125777082582,0.04383748445834845,False
Дом и сад,стекло,1,0,0,0,1,0,1.0,0.7369750932499097,0.7808125777082582,0.04383748445834845,False
Дом и сад,"объем травосборника, л",1,0,1,0,1,1,1.0,0.7369750932499097,0.7808125777082582,0.04383748445834845,False
Спорт и отдых,вид спорта,41,11,16,5,52,21,0.7884615384615384,0.7404275591020069,0.7842480315001761,0.04382047239816922,False
Спорт и отдых,вид катушки,30,8,38,16,38,54,0.7894736842105263,0.7404275591020069,0.7837706464072101,0.0433430873052032,False
Спорт и отдых,"ширина в плечах, см",1,0,2,2,1,4,1.0,0.7404275591020069,0.7836896325850057,0.04326207348299882,False
Спорт и отдых,"ширина в ногах, см",1,0,2,2,1,4,1.0,0.7404275591020069,0.7836896325850057,0.04326207348299882,False
Спорт и отдых,материал линз,1,0,3,5,1,8,1.0,0.7404275591020069,0.7836896325850057,0.04326207348299882,False
Спорт и отдых,вид защиты,1,0,7,2,1,9,1.0,0.7404275591020069,0.7836896325850057,0.04326207348299882,False
Спорт и отдых,тип элементов питания,1,0,1,0,1,1,1.0,0.7404275591020069,0.7836896325850057,0.04326207348299882,False
Спорт и отдых,каретка,1,0,7,3,1,10,1.0,0.7404275591020069,0.7836896325850057,0.04326207348299882,False
Спорт и отдых,"длина, м",1,0,0,0,1,0,1.0,0.7404275591020069,0.7836896325850057,0.04326207348299882,False
Спорт и отдых,"максимальный рост пользователя, см",1,0,1,1,1,2,1.0,0.7404275591020069,0.7836896325850057,0.04326207348299882,False
Спорт и отдых,струнная формула,1,0,1,0,1,1,1.0,0.7404275591020069,0.7836896325850057,0.04326207348299882,False
Спорт и отдых,вид прицела,1,0,0,0,1,0,1.0,0.7404275591020069,0.7836896325850057,0.04326207348299882,False
Спорт и отдых,"объем, мл",1,0,1,0,1,1,1.0,0.7404275591020069,0.7836896325850057,0.04326207348299882,False
Спорт и отдых,количество частот обнаружения,1,0,0,0,1,0,1.0,0.7404275591020069,0.7836896325850057,0.04326207348299882,False
Спорт и отдых,подсветка,1,0,2,0,1,2,1.0,0.7404275591020069,0.7836896325850057,0.04326207348299882,False
Спорт и отдых,вид эспандера,1,0,0,0,1,0,1.0,0.7404275591020069,0.7836896325850057,0.04326207348299882,False
Спорт и отдых,размер производителя,1,0,0,1,1,1,1.0,0.7404275591020069,0.7836896325850057,0.04326207348299882,False
Спорт и отдых,"скорость выстрела, м/с",1,0,0,0,1,0,1.0,0.7404275591020069,0.7836896325850057,0.04326207348299882,False
Спорт и отдых,"общая длина, мм",1,0,0,0,1,0,1.0,0.7404275591020069,0.7836896325850057,0.04326207348299882,False
Спорт и отдых,материал лодки,1,0,0,0,1,0,1.0,0.7404275591020069,0.7836896325850057,0.04326207348299882,False
Спорт и отдых,"диаметр заднего колеса, мм",1,0,0,0,1,0,1.0,0.7404275591020069,0.7836896325850057,0.04326207348299882,False
Спорт и отдых,"диаметр переднего колеса, мм",1,0,0,0,1,0,1.0,0.7404275591020069,0.7836896325850057,0.04326207348299882,False
Спорт и отдых,"максимальная скорость, км/ч",1,0,0,0,1,0,1.0,0.7404275591020069,0.7836896325850057,0.04326207348299882,False
Спорт и отдых,материал древка,1,0,2,0,1,2,1.0,0.7404275591020069,0.7836896325850057,0.04326207348299882,False
Спорт и отдых,количество цилиндров,1,0,0,0,1,0,1.0,0.7404275591020069,0.7836896325850057,0.04326207348299882,False
Спорт и отдых,материал кия,1,0,1,0,1,1,1.0,0.7404275591020069,0.7836896325850057,0.04326207348299882,False
Спорт и отдых,скорость,1,0,0,1,1,1,1.0,0.7404275591020069,0.7836896325850057,0.04326207348299882,False
Спорт и отдых,контроль,1,0,0,1,1,1,1.0,0.7404275591020069,0.7836896325850057,0.04326207348299882,False
Спорт и отдых,"диаметр колес, мм",1,0,0,1,1,1,1.0,0.7404275591020069,0.7836896325850057,0.04326207348299882,False
Спорт и отдых,"высота защитной сетки, см",1,0,0,0,1,0,1.0,0.7404275591020069,0.7836896325850057,0.04326207348299882,False
Спорт и отдых,материал игрового поля,1,0,0,0,1,0,1.0,0.7404275591020069,0.7836896325850057,0.04326207348299882,False
Спорт и отдых,"объем бассейна, л",1,0,0,0,1,0,1.0,0.7404275591020069,0.7836896325850057,0.04326207348299882,False
Спорт и отдых,"частота излучения, кгц",1,0,0,0,1,0,1.0,0.7404275591020069,0.7836896325850057,0.04326207348299882,False
Спорт и отдых,разрешение экрана,1,0,0,0,1,0,1.0,0.7404275591020069,0.7836896325850057,0.04326207348299882,False
Спорт и отдых,вид продукта,1,0,0,0,1,0,1.0,0.7404275591020069,0.7836896325850057,0.04326207348299882,False
Спорт и отдых,"диаметр диска, см",1,0,0,0,1,0,1.0,0.7404275591020069,0.7836896325850057,0.04326207348299882,False
Продукты питания,вкус,151,44,32,25,195,57,0.7743589743589744,0.7300237227333217,0.7732505930683331,0.04322687033501138,False
Мебель,количество мест,2,0,7,8,2,15,1.0,0.8491264607196576,0.8922331862283269,0.04310672550866934,False
Мебель,регулировка по высоте,2,0,0,1,2,1,1.0,0.8491264607196576,0.8922331862283269,0.04310672550866934,False
Мебель,количество спиц,2,0,0,0,2,0,1.0,0.8491264607196576,0.8922331862283269,0.04310672550866934,False
Канцелярские товары,датированность,22,9,43,18,31,61,0.7096774193548387,0.6597844514410269,0.7027478404779204,0.04296338903689345,False
Строительство и ремонт,артикул,6,1,0,0,7,0,0.8571428571428571,0.7837222870478413,0.8265509529366005,0.04282866588875922,False
Строительство и ремонт,вид ключа,6,1,4,1,7,5,0.8571428571428571,0.7837222870478413,0.8265509529366005,0.04282866588875922,False
Строительство и ремонт,цвет свечения,6,1,1,1,7,2,0.8571428571428571,0.7837222870478413,0.8265509529366005,0.04282866588875922,False
Красота и гигиена,вид маски,7,3,7,3,10,10,0.7,0.6360183767228178,0.6786727922409393,0.04265441551812155,False
Канцелярские товары,вид папки,165,70,0,2,235,2,0.7021276595744681,0.6597844514410269,0.7012455094050214,0.04146105796399446,False
Спорт и отдых,вид удилища,33,9,38,7,42,45,0.7857142857142857,0.7404275591020069,0.780896548840639,0.04046898973863211,False
Продукты питания,степень помола,21,6,6,4,27,10,0.7777777777777778,0.7300237227333217,0.7703162066770816,0.04029248394375984,False
Канцелярские товары,способ установки сейфа,3,1,0,0,4,0,0.75,0.6597844514410269,0.6998802508005705,0.04009579935954355,False
Канцелярские товары,тип,3181,1368,1664,743,4549,2407,0.6992745658386459,0.6597844514410269,0.6992312082251219,0.03944675678409493,False
Бытовая химия,тип,671,508,420,262,1179,682,0.5691263782866837,0.530485955226597,0.5689632008244366,0.038477245597839604,False
Дом и сад,"вес, кг",18,5,1,2,23,3,0.782608695652174,0.7369750932499097,0.774459838080341,0.037484744830431294,False
Музыкальные инструменты,размер инструмента,1,0,0,1,1,1,1.0,0.7780700705488461,0.8150583921240385,0.036988321575192384,False
Музыкальные инструменты,особенности,1,0,0,0,1,0,1.0,0.7780700705488461,0.8150583921240385,0.036988321575192384,False
Музыкальные инструменты,разъемы,1,0,0,0,1,0,1.0,0.7780700705488461,0.8150583921240385,0.036988321575192384,False
Музыкальные инструменты,тип тарелок,1,0,0,0,1,0,1.0,0.7780700705488461,0.8150583921240385,0.036988321575192384,False
Обувь,модельный год,3,0,2,2,3,4,1.0,0.901695110701107,0.9385594441881918,0.036864333487084844,False
Строительство и ремонт,класс пожарной безопасности,1,0,1,0,1,1,1.0,0.7837222870478413,0.8197685725398678,0.036046285492026486,False
Строительство и ремонт,тип питания,1,0,10,5,1,15,1.0,0.7837222870478413,0.8197685725398678,0.036046285492026486,False
Строительство и ремонт,петли,1,0,0,0,1,0,1.0,0.7837222870478413,0.8197685725398678,0.036046285492026486,False
Строительство и ремонт,материал дверей,1,0,1,0,1,1,1.0,0.7837222870478413,0.8197685725398678,0.036046285492026486,False
Строительство и ремонт,управление сливом,1,0,1,0,1,1,1.0,0.7837222870478413,0.8197685725398678,0.036046285492026486,False
Строительство и ремонт,количество рядов,1,0,1,0,1,1,1.0,0.7837222870478413,0.8197685725398678,0.036046285492026486,False
Строительство и ремонт,материал ворса,1,0,1,2,1,3,1.0,0.7837222870478413,0.8197685725398678,0.036046285492026486,False
Строительство и ремонт,тип механизма,1,0,6,4,1,10,1.0,0.7837222870478413,0.8197685725398678,0.036046285492026486,False
Строительство и ремонт,материал ключа,1,0,1,0,1,1,1.0,0.7837222870478413,0.8197685725398678,0.036046285492026486,False
Строительство и ремонт,особенности унитаза,1,0,1,0,1,1,1.0,0.7837222870478413,0.8197685725398678,0.036046285492026486,False
Строительство и ремонт,способ распыления,1,0,0,0,1,0,1.0,0.7837222870478413,0.8197685725398678,0.036046285492026486,False
Строительство и ремонт,количество розеток,1,0,1,1,1,2,1.0,0.7837222870478413,0.8197685725398678,0.036046285492026486,False
Строительство и ремонт,фрезеровка под замок,1,0,1,0,1,1,1.0,0.7837222870478413,0.8197685725398678,0.036046285492026486,False
Строительство и ремонт,"глубина, мм",1,0,2,2,1,4,1.0,0.7837222870478413,0.8197685725398678,0.036046285492026486,False
Строительство и ремонт,"напряжение, в",1,0,2,0,1,2,1.0,0.7837222870478413,0.8197685725398678,0.036046285492026486,False
Строительство и ремонт,насадки,1,0,0,0,1,0,1.0,0.7837222870478413,0.8197685725398678,0.036046285492026486,False
Строительство и ремонт,количество слоев,1,0,0,0,1,0,1.0,0.7837222870478413,0.8197685725398678,0.036046285492026486,False
Строительство и ремонт,закаленный,1,0,0,0,1,0,1.0,0.7837222870478413,0.8197685725398678,0.036046285492026486,False
Строительство и ремонт,номинальное давление (pn),1,0,0,0,1,0,1.0,0.7837222870478413,0.8197685725398678,0.036046285492026486,False
Строительство и ремонт,диаметр,1,0,0,0,1,0,1.0,0.7837222870478413,0.8197685725398678,0.036046285492026486,False
Строительство и ремонт,вид сифона,1,0,0,0,1,0,1.0,0.7837222870478413,0.8197685725398678,0.036046285492026486,False
Строительство и ремонт,тип затвора,1,0,1,0,1,1,1.0,0.7837222870478413,0.8197685725398678,0.036046285492026486,False
Строительство и ремонт,способ монтажа,1,0,0,0,1,0,1.0,0.7837222870478413,0.8197685725398678,0.036046285492026486,False
Строительство и ремонт,класс пыли,1,0,0,1,1,1,1.0,0.7837222870478413,0.8197685725398678,0.036046285492026486,False
Строительство и ремонт,назначение лампы,1,0,0,0,1,0,1.0,0.7837222870478413,0.8197685725398678,0.036046285492026486,False
Строительство и ремонт,"межцентровое расстояние, мм",1,0,0,0,1,0,1.0,0.7837222870478413,0.8197685725398678,0.036046285492026486,False
Строительство и ремонт,назначение сифона,1,0,0,1,1,1,1.0,0.7837222870478413,0.8197685725398678,0.036046285492026486,False
Строительство и ремонт,вид ковролина,1,0,0,0,1,0,1.0,0.7837222870478413,0.8197685725398678,0.036046285492026486,False
Строительство и ремонт,стандарт подводки,1,0,0,0,1,0,1.0,0.7837222870478413,0.8197685725398678,0.036046285492026486,False
Строительство и ремонт,размещение,1,0,1,1,1,2,1.0,0.7837222870478413,0.8197685725398678,0.036046285492026486,False
Строительство и ремонт,тип профиля,1,0,0,0,1,0,1.0,0.7837222870478413,0.8197685725398678,0.036046285492026486,False
Строительство и ремонт,"плотность, г/м2",1,0,0,0,1,0,1.0,0.7837222870478413,0.8197685725398678,0.036046285492026486,False
Строительство и ремонт,оснастка в комплекте,1,0,0,0,1,0,1.0,0.7837222870478413,0.8197685725398678,0.036046285492026486,False
Строительство и ремонт,аксессуары в комплекте,1,0,0,0,1,0,1.0,0.7837222870478413,0.8197685725398678,0.036046285492026486,False
Строительство и ремонт,расход,1,0,0,0,1,0,1.0,0.7837222870478413,0.8197685725398678,0.036046285492026486,False
Спорт и отдых,вид велосипеда,25,7,4,1,32,5,0.78125,0.7404275591020069,0.7757334539327037,0.03530589483069679,False
Продукты питания,вид ягод,4,1,4,1,5,5,0.8,0.7300237227333217,0.7650118613666608,0.03498813863333905,False
Продукты питания,содержание молока,4,1,7,6,5,13,0.8,0.7300237227333217,0.7650118613666608,0.03498813863333905,False
Товары для животных,особенности,26,12,12,3,38,15,0.6842105263157895,0.6447764651378272,0.6796251703648636,0.034848705227036425,False
Продукты питания,вид орехов,49,15,21,10,64,31,0.765625,0.7300237227333217,0.763045197299516,0.03302147456619431,False
Красота и гигиена,тип,847,419,497,209,1266,706,0.6690363349131122,0.6360183767228178,0.6689064452270763,0.032888068504258516,False
Продукты питания,форма выпуска консервов,39,12,4,2,51,6,0.7647058823529411,0.7300237227333217,0.7616092609583323,0.031585538225010534,False
Дом и сад,материал крышки,4,1,1,3,5,4,0.8,0.7369750932499097,0.7684875466249549,0.03151245337504516,False
Дом и сад,количество ярусов,4,1,1,0,5,1,0.8,0.7369750932499097,0.7684875466249549,0.03151245337504516,False
Электроника,фокусное расстояние,13,2,1,1,15,2,0.8666666666666667,0.8267152121970645,0.8566788030492661,0.029963590852201683,False
Электроника,защищенность,13,2,0,0,15,0,0.8666666666666667,0.8267152121970645,0.8566788030492661,0.029963590852201683,False
Спорт и отдых,цепь,4,1,2,2,5,4,0.8,0.7404275591020069,0.7702137795510035,0.029786220448996592,False
Спорт и отдых,материал защитной сетки,4,1,5,1,5,6,0.8,0.7404275591020069,0.7702137795510035,0.029786220448996592,False
Спорт и отдых,"высота, см",4,1,3,2,5,5,0.8,0.7404275591020069,0.7702137795510035,0.029786220448996592,False
Детские товары,пол ребенка,10,11,17,14,21,31,0.47619047619047616,0.43993731541197034,0.469218714502302,0.029281399090331672,False
Автотовары,крепление,1,0,0,0,1,0,1.0,0.8248735197642743,0.8540612664702286,0.029187746705954365,False
Автотовары,типоразмер динамиков,1,0,0,0,1,0,1.0,0.8248735197642743,0.8540612664702286,0.029187746705954365,False
Автотовары,шумоизоляция,1,0,1,0,1,1,1.0,0.8248735197642743,0.8540612664702286,0.029187746705954365,False
Автотовары,профиль ремня,1,0,1,0,1,1,1.0,0.8248735197642743,0.8540612664702286,0.029187746705954365,False
Автотовары,артикул,1,0,0,0,1,0,1.0,0.8248735197642743,0.8540612664702286,0.029187746705954365,False
Автотовары,"вес, кг",1,0,0,0,1,0,1.0,0.8248735197642743,0.8540612664702286,0.029187746705954365,False
Автотовары,вид техники,1,0,0,0,1,0,1.0,0.8248735197642743,0.8540612664702286,0.029187746705954365,False
Автотовары,питание,1,0,0,0,1,0,1.0,0.8248735197642743,0.8540612664702286,0.029187746705954365,False
Автотовары,индекс допуска vag,1,0,0,0,1,0,1.0,0.8248735197642743,0.8540612664702286,0.029187746705954365,False
Автотовары,тип матрицы,1,0,0,0,1,0,1.0,0.8248735197642743,0.8540612664702286,0.029187746705954365,False
Автотовары,встроенные датчики,1,0,0,0,1,0,1.0,0.8248735197642743,0.8540612664702286,0.029187746705954365,False
Автотовары,вид обогрева,1,0,0,0,1,0,1.0,0.8248735197642743,0.8540612664702286,0.029187746705954365,False
Автотовары,количество станций,1,0,0,0,1,0,1.0,0.8248735197642743,0.8540612664702286,0.029187746705954365,False
Автотовары,"длина, см",1,0,0,0,1,0,1.0,0.8248735197642743,0.8540612664702286,0.029187746705954365,False
Электроника,ик-подсветка,1,0,0,0,1,0,1.0,0.8267152121970645,0.8555960101642204,0.028880797967155925,False
Электроника,револьверное устройство,1,0,0,2,1,2,1.0,0.8267152121970645,0.8555960101642204,0.028880797967155925,False
Электроника,"высота, см",1,0,4,1,1,5,1.0,0.8267152121970645,0.8555960101642204,0.028880797967155925,False
Электроника,тип охлаждения,1,0,0,0,1,0,1.0,0.8267152121970645,0.8555960101642204,0.028880797967155925,False
Электроника,схемотехника,1,0,0,0,1,0,1.0,0.8267152121970645,0.8555960101642204,0.028880797967155925,False
Электроника,пол,1,0,1,0,1,1,1.0,0.8267152121970645,0.8555960101642204,0.028880797967155925,False
Электроника,фотоэлементы в комплекте,1,0,0,0,1,0,1.0,0.8267152121970645,0.8555960101642204,0.028880797967155925,False
Электроника,акустическое оформление,1,0,7,7,1,14,1.0,0.8267152121970645,0.8555960101642204,0.028880797967155925,False
Электроника,низкопрофильная (low profile),1,0,6,1,1,7,1.0,0.8267152121970645,0.8555960101642204,0.028880797967155925,False
Электроника,тип фокусного расстояния,1,0,1,0,1,1,1.0,0.8267152121970645,0.8555960101642204,0.028880797967155925,False
Электроника,тип поставки,1,0,0,0,1,0,1.0,0.8267152121970645,0.8555960101642204,0.028880797967155925,False
Электроника,шторка для веб-камеры,1,0,0,0,1,0,1.0,0.8267152121970645,0.8555960101642204,0.028880797967155925,False
Электроника,толщина пленки,1,0,0,0,1,0,1.0,0.8267152121970645,0.8555960101642204,0.028880797967155925,False
Электроника,антистатический эффект,1,0,0,0,1,0,1.0,0.8267152121970645,0.8555960101642204,0.028880797967155925,False
Электроника,тип телескопа,1,0,2,0,1,2,1.0,0.8267152121970645,0.8555960101642204,0.028880797967155925,False
Электроника,ударопрочный корпус,1,0,1,2,1,3,1.0,0.8267152121970645,0.8555960101642204,0.028880797967155925,False
Электроника,стекло,1,0,0,0,1,0,1.0,0.8267152121970645,0.8555960101642204,0.028880797967155925,False
Электроника,загрузка диска,1,0,0,0,1,0,1.0,0.8267152121970645,0.8555960101642204,0.028880797967155925,False
Электроника,скорость ethernet,1,0,0,0,1,0,1.0,0.8267152121970645,0.8555960101642204,0.028880797967155925,False
Электроника,циферблат,1,0,0,0,1,0,1.0,0.8267152121970645,0.8555960101642204,0.028880797967155925,False
Электроника,lhr,1,0,0,0,1,0,1.0,0.8267152121970645,0.8555960101642204,0.028880797967155925,False
Электроника,встроенные датчики,1,0,0,0,1,0,1.0,0.8267152121970645,0.8555960101642204,0.028880797967155925,False
Электроника,автоматическая двусторонняя печать,1,0,0,2,1,2,1.0,0.8267152121970645,0.8555960101642204,0.028880797967155925,False
Электроника,монтировка,1,0,3,1,1,4,1.0,0.8267152121970645,0.8555960101642204,0.028880797967155925,False
Электроника,тип цоколя,1,0,0,0,1,0,1.0,0.8267152121970645,0.8555960101642204,0.028880797967155925,False
Электроника,застежка,1,0,0,0,1,0,1.0,0.8267152121970645,0.8555960101642204,0.028880797967155925,False
Электроника,вид ламп,1,0,0,0,1,0,1.0,0.8267152121970645,0.8555960101642204,0.028880797967155925,False
Электроника,камера,1,0,0,0,1,0,1.0,0.8267152121970645,0.8555960101642204,0.028880797967155925,False
Электроника,поддержка vpn,1,0,0,0,1,0,1.0,0.8267152121970645,0.8555960101642204,0.028880797967155925,False
Электроника,функции,1,0,0,0,1,0,1.0,0.8267152121970645,0.8555960101642204,0.028880797967155925,False
Электроника,тип механизма,1,0,0,0,1,0,1.0,0.8267152121970645,0.8555960101642204,0.028880797967155925,False
Электроника,вид модема,1,0,0,0,1,0,1.0,0.8267152121970645,0.8555960101642204,0.028880797967155925,False
Электроника,страна-изготовитель,1,0,0,0,1,0,1.0,0.8267152121970645,0.8555960101642204,0.028880797967155925,False
Электроника,навигационные системы,1,0,0,0,1,0,1.0,0.8267152121970645,0.8555960101642204,0.028880797967155925,False
Электроника,тип дисплея,1,0,0,0,1,0,1.0,0.8267152121970645,0.8555960101642204,0.028880797967155925,False
Электроника,тип датчика,1,0,0,0,1,0,1.0,0.8267152121970645,0.8555960101642204,0.028880797967155925,False
Галантерея и аксессуары,водонепроницаемость,1,0,0,0,1,0,1.0,0.8319352378717663,0.8599460315598052,0.028010793688038937,False
Галантерея и аксессуары,вид спорта,1,0,0,0,1,0,1.0,0.8319352378717663,0.8599460315598052,0.028010793688038937,False
Галантерея и аксессуары,отделения,1,0,0,0,1,0,1.0,0.8319352378717663,0.8599460315598052,0.028010793688038937,False
Спорт и отдых,материал тента,47,14,11,3,61,14,0.7704918032786885,0.7404275591020069,0.7682142090228793,0.02778664992087243,False
Аптека,рост,3,0,0,0,3,0,1.0,0.9272748227972109,0.9545467642482568,0.027271941451045945,False
Строительство и ремонт,шаг цепи,5,1,1,0,6,1,0.8333333333333334,0.7837222870478413,0.8107828577490188,0.02706057070117751,False
Канцелярские товары,комплектация,941,429,121,21,1370,142,0.6868613138686132,0.6597844514410269,0.6867628525506947,0.02697840110966776,False
Мебель,подставка для ног,1,0,32,21,1,53,1.0,0.8491264607196576,0.8742720505997147,0.025145589880057106,False
Мебель,целевая аудитория,1,0,0,0,1,0,1.0,0.8491264607196576,0.8742720505997147,0.025145589880057106,False
Мебель,"ширина зеркала, см",1,0,0,1,1,1,1.0,0.8491264607196576,0.8742720505997147,0.025145589880057106,False
Мебель,установка,1,0,0,0,1,0,1.0,0.8491264607196576,0.8742720505997147,0.025145589880057106,False
Мебель,с подголовником,1,0,1,0,1,1,1.0,0.8491264607196576,0.8742720505997147,0.025145589880057106,False
Мебель,материал купола,1,0,1,0,1,1,1.0,0.8491264607196576,0.8742720505997147,0.025145589880057106,False
Мебель,конструктивные особенности,1,0,0,0,1,0,1.0,0.8491264607196576,0.8742720505997147,0.025145589880057106,False
Мебель,тип матраса,1,0,0,0,1,0,1.0,0.8491264607196576,0.8742720505997147,0.025145589880057106,False
Продукты питания,вид мяса,19,6,20,10,25,30,0.76,0.7300237227333217,0.755003953788887,0.02498023105556524,False
Спорт и отдых,материал внутренней палатки,7,2,2,2,9,4,0.7777777777777778,0.7404275591020069,0.7644384139650023,0.02401085486299548,False
Красота и гигиена,действие,10,5,0,0,15,0,0.6666666666666666,0.6360183767228178,0.6590045941807045,0.02298621745788665,False
Электроника,поддержка esim,12,2,0,0,14,0,0.8571428571428571,0.8267152121970645,0.8491355821571223,0.022420369960057807,False
Дом и сад,бренд,930,295,635,132,1225,767,0.7591836734693878,0.7369750932499097,0.7590933946880077,0.02211830143809801,False
Спорт и отдых,строй,26,8,0,0,34,0,0.7647058823529411,0.7404275591020069,0.7615932768079495,0.021165717705942666,False
Аптека,"количество в упаковке, шт",2,0,11,4,2,15,1.0,0.9272748227972109,0.9480534448551506,0.02077862205793979,False
Аптека,тип колес,2,0,0,0,2,0,1.0,0.9272748227972109,0.9480534448551506,0.02077862205793979,False
Аптека,российский размер,2,0,0,0,2,0,1.0,0.9272748227972109,0.9480534448551506,0.02077862205793979,False
Аптека,количество ребер жесткости,2,0,0,1,2,1,1.0,0.9272748227972109,0.9480534448551506,0.02077862205793979,False
Ювелирные изделия,вид кольца,1,0,0,0,1,0,1.0,0.8759460536049621,0.8966217113374685,0.020675657732506347,False
Детские товары,тип,1331,1566,841,778,2897,1619,0.45944080082844324,0.43993731541197034,0.4594071973042935,0.019469881892323182,False
Бытовая химия,комплектация,2077,1702,45,70,3779,115,0.5496163006086267,0.530485955226597,0.5495910226681112,0.01910506744151419,False
Автотовары,"длина, мм",6,1,0,0,7,0,0.8571428571428571,0.8248735197642743,0.843697299901781,0.01882378013750674,False
Электроника,встроенные динамики,6,1,6,4,7,10,0.8571428571428571,0.8267152121970645,0.8444646717487769,0.017749459551712476,False
Продукты питания,заливка,24,8,15,2,32,17,0.75,0.7300237227333217,0.7473005030720705,0.0172767803387488,False
Детские товары,вид мобиля,1,1,1,0,2,1,0.5,0.43993731541197034,0.4570980824371217,0.017160767025151347,False
Продукты питания,вид риса,21,7,1,2,28,3,0.75,0.7300237227333217,0.7469732913232306,0.016949568589908925,False
Обувь,возрастная группа,1,0,0,0,1,0,1.0,0.901695110701107,0.9180792589175891,0.016384148216482153,False
Обувь,целевая аудитория,1,0,0,0,1,0,1.0,0.901695110701107,0.9180792589175891,0.016384148216482153,False
Дом и сад,антипригарное покрытие,52,17,0,0,69,0,0.7536231884057971,0.7369750932499097,0.7524983171114804,0.015523223861570679,False
Продукты питания,состав,7637,2608,609,262,10245,871,0.7454367984382626,0.7300237227333217,0.7454292798647479,0.015405557131426217,False
Продукты питания,вид пряников,12,4,3,3,16,6,0.75,0.7300237227333217,0.7452437435079338,0.015220020774612042,False
Галантерея и аксессуары,эффект от использования,6,1,0,1,7,1,0.8571428571428571,0.8319352378717663,0.8466396824465692,0.01470444457480291,False
Спорт и отдых,состав,339,110,2,2,449,4,0.755011135857461,0.7404275591020069,0.7548505237786565,0.014422964676649608,False
Спорт и отдых,бренд,502,163,899,303,665,1202,0.7548872180451128,0.7404275591020069,0.7547793101425523,0.014351751040545424,False
Продукты питания,способ обработки масла,55,19,3,2,74,5,0.7432432432432432,0.7300237227333217,0.742406564729957,0.012382841996635308,False
Электроника,число ядер процессора,16,3,0,0,19,0,0.8421052631578947,0.8267152121970645,0.8388990025410551,0.012183790343990641,False
Аптека,коллекция,1,0,2,1,1,3,1.0,0.9272748227972109,0.9393956856643424,0.012120862867131543,False
Аптека,количество пар в упаковке,1,0,1,0,1,1,1.0,0.9272748227972109,0.9393956856643424,0.012120862867131543,False
Аптека,класс компрессии,1,0,0,0,1,0,1.0,0.9272748227972109,0.9393956856643424,0.012120862867131543,False
Аптека,количество опор,1,0,0,0,1,0,1.0,0.9272748227972109,0.9393956856643424,0.012120862867131543,False
Аптека,регулировка высоты,1,0,0,0,1,0,1.0,0.9272748227972109,0.9393956856643424,0.012120862867131543,False
Аптека,"высота линзы, мм",1,0,0,0,1,0,1.0,0.9272748227972109,0.9393956856643424,0.012120862867131543,False
Аптека,количество каналов,1,0,0,0,1,0,1.0,0.9272748227972109,0.9393956856643424,0.012120862867131543,False
Товары для животных,возраст животного,4484,2346,355,176,6830,531,0.656515373352855,0.6447764651378272,0.6565067860022954,0.011730320864468236,False
Красота и гигиена,"высота, см",2,1,0,1,3,1,0.6666666666666666,0.6360183767228178,0.6475114854517612,0.01149310872894338,False
Красота и гигиена,материал обивки,2,1,17,3,3,20,0.6666666666666666,0.6360183767228178,0.6475114854517612,0.01149310872894338,False
Красота и гигиена,количество капель,2,1,3,3,3,6,0.6666666666666666,0.6360183767228178,0.6475114854517612,0.01149310872894338,False
Дом и сад,"объем, л",15,5,3,8,20,11,0.75,0.7369750932499097,0.7473950186499819,0.010419925400072194,False
Детские товары,бренд,274,335,154,121,609,275,0.44991789819376027,0.43993731541197034,0.4498366230896741,0.00989930767770375,False
Продукты питания,вид водорослей,3,1,1,0,4,1,0.75,0.7300237227333217,0.7389020681851787,0.00887834545185695,False
Продукты питания,ступень кормления,3,1,0,0,4,0,0.75,0.7300237227333217,0.7389020681851787,0.00887834545185695,False
Продукты питания,вид каши,3,1,0,3,4,3,0.75,0.7300237227333217,0.7389020681851787,0.00887834545185695,False
Товары для животных,количество секций,2,1,0,0,3,0,0.6666666666666666,0.6447764651378272,0.652985290711142,0.008208825573314815,False
Строительство и ремонт,посадочный размер,4,1,0,0,5,0,0.8,0.7837222870478413,0.7918611435239207,0.00813885647607937,False
Строительство и ремонт,форма бойка,4,1,5,1,5,6,0.8,0.7837222870478413,0.7918611435239207,0.00813885647607937,False
Строительство и ремонт,тип анкера,4,1,9,0,5,9,0.8,0.7837222870478413,0.7918611435239207,0.00813885647607937,False
Дом и сад,"толщина дна, мм",6,2,10,1,8,11,0.75,0.7369750932499097,0.7449904204807345,0.008015327230824765,False
Дом и сад,вид альбома,6,2,0,0,8,0,0.75,0.7369750932499097,0.7449904204807345,0.008015327230824765,False
Спорт и отдых,вид ниппеля,18,6,0,0,24,0,0.75,0.7404275591020069,0.7483495791555184,0.007922020053511503,False
Строительство и ремонт,"высота, мм",266,70,64,48,336,112,0.7916666666666666,0.7837222870478413,0.7915501801619917,0.007827893114150442,False
Красота и гигиена,пол,200,111,241,142,311,383,0.6430868167202572,0.6360183767228178,0.6429749743152345,0.006956597592416736,False
Автотовары,"объем, л",10,2,15,5,12,20,0.8333333333333334,0.8248735197642743,0.8308451528718455,0.005971633107571206,False
Дом и сад,тип передвижения,3,1,0,0,4,0,0.75,0.7369750932499097,0.7427639406943943,0.005788847444484602,False
Дом и сад,забор воды,3,1,0,0,4,0,0.75,0.7369750932499097,0.7427639406943943,0.005788847444484602,False
Канцелярские товары,размер скоб,14,7,1,0,21,1,0.6666666666666666,0.6597844514410269,0.665343163738659,0.005558712297632051,False
Дом и сад,материал,760,264,836,425,1024,1261,0.7421875,0.7369750932499097,0.7421621724647711,0.00518707921486139,False
Электроника,байонет,15,3,6,1,18,7,0.8333333333333334,0.8267152121970645,0.831894611347188,0.005179399150123554,False
Дом и сад,"высота, см",26,9,9,12,35,21,0.7428571428571429,0.7369750932499097,0.7421218866562387,0.005146793406328953,False
Музыкальные инструменты,полифония,29,8,41,21,37,62,0.7837837837837838,0.7780700705488461,0.7831035798272435,0.005033509278397408,False
Автотовары,размер,5,1,5,2,6,7,0.8333333333333334,0.8248735197642743,0.8294879635292157,0.004614443764941467,False
Спорт и отдых,материал оправы,3,1,3,1,4,4,0.75,0.7404275591020069,0.7446819772788927,0.004254418176885877,False
Спорт и отдых,относительная яркость,3,1,1,7,4,8,0.75,0.7404275591020069,0.7446819772788927,0.004254418176885877,False
Электроника,оптическая схема,5,1,0,0,6,0,0.8333333333333334,0.8267152121970645,0.8303250964532112,0.0036098842561467226,False
Электроника,сетевые протоколы,5,1,1,1,6,2,0.8333333333333334,0.8267152121970645,0.8303250964532112,0.0036098842561467226,False
Электроника,количество разъемов m.2,5,1,0,1,6,1,0.8333333333333334,0.8267152121970645,0.8303250964532112,0.0036098842561467226,False
Товары для животных,размер животного,2810,1525,131,117,4335,248,0.6482122260668973,0.6447764651378272,0.648208267816979,0.003431802679151885,False
Канцелярские товары,разметка,2,1,0,0,3,0,0.6666666666666666,0.6597844514410269,0.6623652821506418,0.002580830709614901,False
Канцелярские товары,"плотность бумаги, г/м2",2,1,10,5,3,15,0.6666666666666666,0.6597844514410269,0.6623652821506418,0.002580830709614901,False
Спорт и отдых,упаковка,26,9,7,1,35,8,0.7428571428571429,0.7404275591020069,0.7425534448877509,0.0021258857857440194,False
Дом и сад,назначение,17,6,6,5,23,11,0.7391304347826086,0.7369750932499097,0.7387455523660552,0.0017704591161454841,False
Детские товары,количество фигурок,19,24,3,5,43,8,0.4418604651162791,0.43993731541197034,0.44166013702208023,0.0017228216101098925,False
Продукты питания,вид соуса,90,33,50,39,123,89,0.7317073170731707,0.7300237227333217,0.7316415516692704,0.0016178289359486397,False
Товары для животных,артикул,42,23,0,0,65,0,0.6461538461538462,0.6447764651378272,0.6460554617955591,0.0012789966577319012,False
Бытовая химия,название аромата,9,8,3,7,17,10,0.5294117647058824,0.530485955226597,0.5296558989151356,-0.0008300563114613801,False
Товары для животных,упаковка,168,93,45,41,261,86,0.6436781609195402,0.6447764651378272,0.6436988057356735,-0.0010776594021536523,False
Спорт и отдых,тип,3439,1217,1938,449,4656,2387,0.7386168384879725,0.7404275591020069,0.7386187809044219,-0.0018087781975849593,False
Спорт и отдых,комплектация,657,234,60,8,891,68,0.7373737373737373,0.7404275591020069,0.7373907787896317,-0.003036780312375198,False
Канцелярские товары,количество отделений,57,30,74,71,87,145,0.6551724137931034,0.6597844514410269,0.6554230680130992,-0.00436138342792769,False
Строительство и ремонт,тип наконечника,14,4,2,0,18,2,0.7777777777777778,0.7837222870478413,0.7790700624017046,-0.004652224646136682,False
Спорт и отдых,дульная энергия,11,4,0,0,15,0,0.7333333333333333,0.7404275591020069,0.7351068897755016,-0.005320669326505212,False
Бытовая химия,состав,1833,1661,85,75,3494,160,0.5246136233543217,0.530485955226597,0.5246220147974087,-0.0058639404291883634,False
Электроника,форм-фактор материнской платы,9,2,8,3,11,11,0.8181818181818182,0.8267152121970645,0.8208485038115827,-0.005866708385481756,False
Музыкальные инструменты,звукосниматели,37,11,5,2,48,7,0.7708333333333334,0.7780700705488461,0.7715160443914005,-0.006554026157445603,False
Красота и гигиена,питание,5,3,0,0,8,0,0.625,0.6360183767228178,0.6292378372010838,-0.006780539521733964,False
Ювелирные изделия,стекло,13,2,11,2,15,13,0.8666666666666667,0.8759460536049621,0.8689865134012406,-0.0069595402037215814,False
Хобби и творчество,бренд,590,527,288,147,1117,435,0.5282005371530887,0.5357526560821296,0.5282341918720237,-0.007518464210105935,False
Красота и гигиена,состав,3972,2350,276,113,6322,389,0.628282189180639,0.6360183767228178,0.6282883028107499,-0.007730073912067925,False
Обувь,"высота подошвы, см",8,1,0,2,9,2,0.8888888888888888,0.901695110701107,0.8934625395361095,-0.008232571164997426,False
Продукты питания,вид смеси для выпечки,5,2,4,1,7,5,0.7142857142857143,0.7300237227333217,0.7208432178055507,-0.009180504927771005,False
Продукты питания,сорт кофе,5,2,0,0,7,0,0.7142857142857143,0.7300237227333217,0.7208432178055507,-0.009180504927771005,False
Продукты питания,вид сахара,5,2,1,0,7,1,0.7142857142857143,0.7300237227333217,0.7208432178055507,-0.009180504927771005,False
Хобби и творчество,номер иглы,1,1,0,3,2,3,0.5,0.5357526560821296,0.5255376114872354,-0.010215044594894196,False
Хобби и творчество,исторический период,1,1,0,3,2,3,0.5,0.5357526560821296,0.5255376114872354,-0.010215044594894196,False
Хобби и творчество,целевая аудитория,1,1,0,0,2,0,0.5,0.5357526560821296,0.5255376114872354,-0.010215044594894196,False
Спорт и отдых,материал,129,48,170,52,177,222,0.7288135593220338,0.7404275591020069,0.7291326252500551,-0.011294933851951794,False
Товары для животных,"объем, л",5,3,0,0,8,0,0.625,0.6447764651378272,0.6326063327453182,-0.01217013239250897,False
Дом и сад,материал рукояти,5,2,2,2,7,4,0.7142857142857143,0.7369750932499097,0.7237396221874625,-0.013235471062447268,False
Электроника,"длина, см",4,1,1,0,5,1,0.8,0.8267152121970645,0.8133576060985324,-0.013357606098532093,False
Электроника,тип сканера,4,1,4,10,5,14,0.8,0.8267152121970645,0.8133576060985324,-0.013357606098532093,False
Электроника,видеопроцессор,4,1,7,1,5,8,0.8,0.8267152121970645,0.8133576060985324,-0.013357606098532093,False
Галантерея и аксессуары,вид сумки,13,3,6,2,16,8,0.8125,0.8319352378717663,0.8171274375885157,-0.014807800283250572,False
Строительство и ремонт,совместимость,3,1,2,3,4,5,0.75,0.7837222870478413,0.7687346039154674,-0.014987683132373864,False
Строительство и ремонт,количество монтажных отверстий,3,1,28,6,4,34,0.75,0.7837222870478413,0.7687346039154674,-0.014987683132373864,False
Строительство и ремонт,внешняя отделка,3,1,2,0,4,2,0.75,0.7837222870478413,0.7687346039154674,-0.014987683132373864,False
Строительство и ремонт,функции,3,1,0,0,4,0,0.75,0.7837222870478413,0.7687346039154674,-0.014987683132373864,False
Галантерея и аксессуары,упаковка,4,1,1,0,5,1,0.8,0.8319352378717663,0.815967618935883,-0.015967618935883277,False
Электроника,дополнительные функции,8,2,0,0,10,0,0.8,0.8267152121970645,0.8089050707323548,-0.017810141464709606,False
Строительство и ремонт,цвет плафона,81,25,70,67,106,137,0.7641509433962265,0.7837222870478413,0.7650325354526054,-0.018689751595235893,False
Строительство и ремонт,тип цоколя,506,156,1232,727,662,1959,0.7643504531722054,0.7837222870478413,0.7644956693181997,-0.019226617729641626,False
Строительство и ремонт,"высота чаши, см",6,2,4,1,8,5,0.75,0.7837222870478413,0.7629701104030159,-0.020752176644825426,False
Канцелярские товары,гарантийный срок,5,3,0,0,8,0,0.625,0.6597844514410269,0.6383786351696258,-0.021405816271401146,False
Строительство и ремонт,крыло,22,7,1,0,29,1,0.7586206896551724,0.7837222870478413,0.7623121010364473,-0.021410186011393995,False
Товары для животных,вид миски,3,2,0,0,5,0,0.6,0.6447764651378272,0.6223882325689136,-0.022388232568913535,False
Дом и сад,гарантийный срок,57,23,17,19,80,36,0.7125,0.7369750932499097,0.7139397113676418,-0.023035381882267947,False
Продукты питания,вид горчицы,2,1,2,3,3,5,0.6666666666666666,0.7300237227333217,0.706264826708326,-0.0237588960249957,False
Мебель,"ширина, мм",4,1,4,1,5,5,0.8,0.8491264607196576,0.8245632303598288,-0.02456323035982877,False
Мебель,"длина, мм",4,1,4,1,5,5,0.8,0.8491264607196576,0.8245632303598288,-0.02456323035982877,False
Дом и сад,"объем, мл",7,3,7,6,10,13,0.7,0.7369750932499097,0.7123250310833033,-0.02465006216660648,False
Дом и сад,тип редуктора,2,1,5,0,3,5,0.6666666666666666,0.7369750932499097,0.7106094332811936,-0.026365659968716093,False
Дом и сад,вид диспенсера,2,1,1,0,3,1,0.6666666666666666,0.7369750932499097,0.7106094332811936,-0.026365659968716093,False
Дом и сад,количество модулей,2,1,9,0,3,9,0.6666666666666666,0.7369750932499097,0.7106094332811936,-0.026365659968716093,False
Дом и сад,защита от сухого хода,2,1,4,4,3,8,0.6666666666666666,0.7369750932499097,0.7106094332811936,-0.026365659968716093,False
Дом и сад,крепление карниза,2,1,20,2,3,22,0.6666666666666666,0.7369750932499097,0.7106094332811936,-0.026365659968716093,False
Спорт и отдых,материал корпуса,7,3,8,10,10,18,0.7,0.7404275591020069,0.7134758530340022,-0.026951706068004677,False
Товары для животных,комплектация,2552,1579,77,29,4131,106,0.6177680948922779,0.6447764651378272,0.617800745243155,-0.02697571989467218,False
Канцелярские товары,бренд,556,323,424,208,879,632,0.6325369738339022,0.6597844514410269,0.6326910885262502,-0.02709336291477671,False
Спорт и отдых,регулировка нагрузки,2,1,1,1,3,2,0.6666666666666666,0.7404275591020069,0.7127672244387543,-0.027660334663252573,False
Спорт и отдых,тип катушки,2,1,1,1,3,2,0.6666666666666666,0.7404275591020069,0.7127672244387543,-0.027660334663252573,False
Спорт и отдых,поверхность накладки,2,1,2,1,3,3,0.6666666666666666,0.7404275591020069,0.7127672244387543,-0.027660334663252573,False
Электроника,гарантийный срок,2952,745,596,215,3697,811,0.7984852583175548,0.8267152121970645,0.7985233862941614,-0.028191825902903034,False
Музыкальные инструменты,калибр струн,197,66,0,0,263,0,0.7490494296577946,0.7780700705488461,0.749590859525165,-0.028479211023681117,False
Электроника,тип аккумулятора,23,6,166,43,29,209,0.7931034482758621,0.8267152121970645,0.7980463547348624,-0.028668857462202046,False
Красота и гигиена,применение,12,8,0,0,20,0,0.6,0.6360183767228178,0.6072036753445635,-0.02881470137825426,False
Красота и гигиена,эффект,172,112,10,6,284,16,0.6056338028169014,0.6360183767228178,0.606159487486554,-0.029858889236263786,False
Электроника,тип объектива,7,2,5,1,9,6,0.7777777777777778,0.8267152121970645,0.7952554329275231,-0.031459779269541355,False
Электроника,"длина, мм",7,2,2,1,9,3,0.7777777777777778,0.8267152121970645,0.7952554329275231,-0.031459779269541355,False
Товары для животных,состав,2061,1300,59,39,3361,98,0.6132103540612913,0.6447764651378272,0.613257243709355,-0.03151922142847219,False
Продукты питания,вкус/добавки,18,8,2,11,26,13,0.6923076923076923,0.7300237227333217,0.6983909230215035,-0.031632799711818205,False
Электроника,навигация,57,15,2,0,72,2,0.7916666666666666,0.8267152121970645,0.7939425462465626,-0.03277266595050188,False
Автотовары,вязкость по sae,22,6,0,0,28,0,0.7857142857142857,0.8248735197642743,0.7916475029945871,-0.03322601676968717,False
Электроника,"ширина, см",3,1,2,0,4,2,0.75,0.8267152121970645,0.7926195623317025,-0.034095649865361954,False
Электроника,технология hdr,3,1,3,4,4,7,0.75,0.8267152121970645,0.7926195623317025,-0.034095649865361954,False
Электроника,число жил,3,1,5,1,4,6,0.75,0.8267152121970645,0.7926195623317025,-0.034095649865361954,False
Электроника,тип выходных разъемов питания,3,1,0,0,4,0,0.75,0.8267152121970645,0.7926195623317025,-0.034095649865361954,False
Электроника,стандарты связи,3,1,0,0,4,0,0.75,0.8267152121970645,0.7926195623317025,-0.034095649865361954,False
Продукты питания,вид вафли,4,2,2,0,6,2,0.6666666666666666,0.7300237227333217,0.6954653285151462,-0.034558394218175525,False
Красота и гигиена,бренд,343,228,459,257,571,716,0.6007005253940455,0.6360183767228178,0.6010071039646078,-0.03501127275821003,False
Строительство и ремонт,материал плафона,109,37,187,90,146,277,0.7465753424657534,0.7837222870478413,0.7478053737433059,-0.03591691330453539,False
Строительство и ремонт,"световой поток, лм",20,7,6,9,27,15,0.7407407407407407,0.7837222870478413,0.7474566073512252,-0.03626567969661609,False
Галантерея и аксессуары,форма оправы,3,1,1,1,4,2,0.75,0.8319352378717663,0.7955195765954257,-0.03641566127634055,False
Красота и гигиена,форма,7,5,0,0,12,0,0.5833333333333334,0.6360183767228178,0.5988289343302405,-0.037189442392577265,False
Спорт и отдых,количество подшипников,42,18,5,4,60,9,0.7,0.7404275591020069,0.7031098122386159,-0.037317746863390955,False
Товары для животных,вид лакомства,18,12,0,0,30,0,0.6,0.6447764651378272,0.6063966378768324,-0.03837982726099476,False
Красота и гигиена,вид зеркала,1,1,4,4,2,8,0.5,0.6360183767228178,0.5971559833734413,-0.03886239334937647,False
Галантерея и аксессуары,бренд,573,150,524,90,723,614,0.7925311203319502,0.8319352378717663,0.792801753007361,-0.039133484864405266,False
Канцелярские товары,форма корпуса,24,15,0,0,39,0,0.6153846153846154,0.6597844514410269,0.6204300513001167,-0.039354400140910184,False
Ювелирные изделия,материал корпуса,9,2,16,3,11,19,0.8181818181818182,0.8759460536049621,0.8362331417515507,-0.039712911853411414,False
Детские товары,вид мягкой игрушки,5,8,0,0,13,0,0.38461538461538464,0.43993731541197034,0.3999825876144362,-0.03995472779753412,False
Спорт и отдых,жесткость,4,2,3,0,6,3,0.6666666666666666,0.7404275591020069,0.7001943450463668,-0.040233214055640065,False
Спорт и отдых,назначение,4,2,0,0,6,0,0.6666666666666666,0.7404275591020069,0.7001943450463668,-0.040233214055640065,False
Спорт и отдых,количество комнат палатки,4,2,0,0,6,0,0.6666666666666666,0.7404275591020069,0.7001943450463668,-0.040233214055640065,False
Спорт и отдых,измерительные датчики,4,2,0,1,6,1,0.6666666666666666,0.7404275591020069,0.7001943450463668,-0.040233214055640065,False
Спорт и отдых,особенности,11,5,1,0,16,1,0.6875,0.7404275591020069,0.700101799786192,-0.040325759315814835,False
Строительство и ремонт,технология,5,2,4,1,7,5,0.7142857142857143,0.7837222870478413,0.7432176196032673,-0.04050466744457404,False
Продукты питания,форма выпуска,6,3,0,0,9,0,0.6666666666666666,0.7300237227333217,0.689294186690472,-0.04072953604284968,False
Дом и сад,тип,2289,1001,1853,578,3290,2431,0.6957446808510638,0.7369750932499097,0.6958072459685128,-0.041167847281396885,False
Товары для животных,источник питания,1,1,0,0,2,0,0.5,0.6447764651378272,0.6034117608127337,-0.04136470432509343,False
Электроника,покрытие экрана,10,3,22,3,13,25,0.7692307692307693,0.8267152121970645,0.7851986700547402,-0.04151654214232425,False
Строительство и ремонт,"длина, см",2,1,3,1,3,4,0.6666666666666666,0.7837222870478413,0.7398264294049008,-0.04389585764294046,False
Строительство и ремонт,тип элемента,2,1,0,0,3,0,0.6666666666666666,0.7837222870478413,0.7398264294049008,-0.04389585764294046,False
Строительство и ремонт,тип струбцины,2,1,1,1,3,2,0.6666666666666666,0.7837222870478413,0.7398264294049008,-0.04389585764294046,False
Строительство и ремонт,"глубина, см",2,1,0,0,3,0,0.6666666666666666,0.7837222870478413,0.7398264294049008,-0.04389585764294046,False
Строительство и ремонт,вид топлива,2,1,2,2,3,4,0.6666666666666666,0.7837222870478413,0.7398264294049008,-0.04389585764294046,False
Строительство и ремонт,применение,2,1,0,0,3,0,0.6666666666666666,0.7837222870478413,0.7398264294049008,-0.04389585764294046,False
Мебель,"высота, мм",3,1,1,0,4,1,0.75,0.8491264607196576,0.8050702559553654,-0.04405620476429217,False
Дом и сад,особенности посуды,116,52,3,1,168,4,0.6904761904761905,0.7369750932499097,0.6918200894002864,-0.04515500384962334,False
Электроника,разрешение,49,14,0,0,63,0,0.7777777777777778,0.8267152121970645,0.7813761185439018,-0.04533909365316269,False
Галантерея и аксессуары,материал,999,272,638,184,1271,822,0.7859952793076318,0.8319352378717663,0.7861752948192468,-0.045759943052519514,False
Товары для животных,класс корма,564,378,597,466,942,1063,0.5987261146496815,0.6447764651378272,0.5989692527198407,-0.045807212417986465,False
Автотовары,область применения,6,2,2,2,8,4,0.75,0.8248735197642743,0.778797507601644,-0.04607601216263024,False
Автотовары,"ширина, мм",6,2,0,0,8,0,0.75,0.8248735197642743,0.778797507601644,-0.04607601216263024,False
Электроника,макс. выходной ток,6,2,0,0,8,0,0.75,0.8267152121970645,0.7795058508450249,-0.04720936135203957,False
Электроника,степень защиты,13,4,61,13,17,74,0.7647058823529411,0.8267152121970645,0.7787989118629692,-0.04791630033409522,False
Электроника,количество основных камер,55,16,4,0,71,4,0.7746478873239436,0.8267152121970645,0.778073369223491,-0.048641842973573435,False
Дом и сад,материал чехла,8,4,4,1,12,5,0.6666666666666666,0.7369750932499097,0.6873456156617381,-0.0496294775881716,False
Товары для животных,порода кошки,400,273,58,47,673,105,0.5943536404160475,0.6447764651378272,0.5947254901558837,-0.05005097498194344,False
Строительство и ремонт,свет,95,35,34,11,130,45,0.7307692307692307,0.7837222870478413,0.7327304550758459,-0.050991831971995416,False
Хобби и творчество,тематика,23,25,8,2,48,10,0.4791666666666667,0.5357526560821296,0.4845049675549179,-0.05124768852721173,False
Дом и сад,отделка,10,5,8,0,15,8,0.6666666666666666,0.7369750932499097,0.6842437733124774,-0.0527313199374323,False
Канцелярские товары,тип покрытия,7,5,3,0,12,3,0.5833333333333334,0.6597844514410269,0.6058189563061844,-0.0539654951348425,False
Строительство и ремонт,установка,26,10,32,3,36,35,0.7222222222222222,0.7837222870478413,0.7297222301277855,-0.05400005692005583,False
Электроника,класс скорости,9,3,5,1,12,6,0.75,0.8267152121970645,0.772563297705019,-0.05415191449204548,False
Канцелярские товары,пол,65,43,8,4,108,12,0.6018518518518519,0.6597844514410269,0.6044152412142048,-0.055369210226822174,False
Галантерея и аксессуары,тип,1704,492,798,267,2196,1065,0.7759562841530054,0.8319352378717663,0.7760834512445974,-0.05585178662716883,False
Товары для животных,порода собаки,260,182,55,35,442,90,0.5882352941176471,0.6447764651378272,0.5888677456950541,-0.05590871944277309,False
Музыкальные инструменты,комплектация,1111,428,56,23,1539,79,0.7218973359324237,0.7780700705488461,0.7220792424564406,-0.05599082809240552,False
Продукты питания,вид воды,26,13,6,8,39,14,0.6666666666666666,0.7300237227333217,0.6738663321287865,-0.05615739060453517,False
Строительство и ремонт,комплектация,2371,894,141,34,3265,175,0.7261868300153139,0.7837222870478413,0.7262748047202566,-0.057447482327584676,False
Канцелярские товары,назначение маркера,25,17,4,0,42,4,0.5952380952380952,0.6597844514410269,0.602104728876705,-0.05767972256432197,False
Красота и гигиена,упаковка,50,37,11,6,87,17,0.5747126436781609,0.6360183767228178,0.5780444769958053,-0.0579738997270125,False
Электроника,тип подсветки,12,4,17,2,16,19,0.75,0.8267152121970645,0.7682655267135868,-0.05844968548347762,False
Автотовары,"высота, мм",2,1,1,0,3,1,0.6666666666666666,0.8248735197642743,0.7655459498526714,-0.05932756991160282,False
Мебель,количество ящиков,141,38,47,14,179,61,0.7877094972067039,0.8491264607196576,0.7893784364325994,-0.059748024287058166,False
Электроника,количество кнопок,2,1,4,1,3,5,0.6666666666666666,0.8267152121970645,0.7666970076231653,-0.06001820457389917,False
Электроника,версия hdmi,2,1,0,0,3,0,0.6666666666666666,0.8267152121970645,0.7666970076231653,-0.06001820457389917,False
Электроника,"количество отсеков 2.5""",2,1,0,0,3,0,0.6666666666666666,0.8267152121970645,0.7666970076231653,-0.06001820457389917,False
Мебель,материал крестовины,143,39,164,76,182,240,0.7857142857142857,0.8491264607196576,0.7874097984149641,-0.061716662304693526,False
Галантерея и аксессуары,размер обуви,2,1,0,0,3,0,0.6666666666666666,0.8319352378717663,0.7699595236698539,-0.06197571420191239,False
Красота и гигиена,тип волос,434,324,86,76,758,162,0.5725593667546174,0.6360183767228178,0.572975218720333,-0.06304315800248483,False
Строительство и ремонт,клапан-автомат,4,2,10,1,6,11,0.6666666666666666,0.7837222870478413,0.7198737668399279,-0.06384852020791343,False
Товары для животных,особенности ошейника,2,2,0,0,4,0,0.5,0.6447764651378272,0.580431369521015,-0.06434509561681212,False
Спорт и отдых,гарантийный срок,120,58,18,14,178,32,0.6741573033707865,0.7404275591020069,0.6759679660956833,-0.06445959300632353,False
Продукты питания,вид бобовых,5,3,1,0,8,1,0.625,0.7300237227333217,0.665393739512816,-0.06462998322050573,False
Электроника,"высота, мм",5,2,1,0,7,1,0.7142857142857143,0.8267152121970645,0.7611313384154436,-0.0655838737816209,False
Продукты питания,вид уксуса,1,1,10,4,2,14,0.5,0.7300237227333217,0.6643026590952298,-0.06572106363809194,False
Продукты питания,газирование,1,1,3,8,2,11,0.5,0.7300237227333217,0.6643026590952298,-0.06572106363809194,False
Продукты питания,вид семечек,1,1,0,0,2,0,0.5,0.7300237227333217,0.6643026590952298,-0.06572106363809194,False
Обувь,температурный режим,3,1,0,0,4,0,0.75,0.901695110701107,0.8342750615006149,-0.06742004920049205,False
Дом и сад,крышка,1,1,0,0,2,0,0.5,0.7369750932499097,0.6692679237499356,-0.06770716949997413,False
Дом и сад,размер фотографии,1,1,0,0,2,0,0.5,0.7369750932499097,0.6692679237499356,-0.06770716949997413,False
Дом и сад,материал черенка,1,1,1,1,2,2,0.5,0.7369750932499097,0.6692679237499356,-0.06770716949997413,False
Дом и сад,материал шнека,1,1,2,0,2,2,0.5,0.7369750932499097,0.6692679237499356,-0.06770716949997413,False
Электроника,партномер,8,3,0,0,11,0,0.7272727272727273,0.8267152121970645,0.7583485038115827,-0.06836670838548176,False
Мебель,"толщина столешницы, мм",2,1,51,8,3,59,0.6666666666666666,0.8491264607196576,0.780704037949786,-0.06842242276987154,False
Дом и сад,можно мыть в посудомоечной машине,3,2,8,3,5,11,0.6,0.7369750932499097,0.6684875466249549,-0.06848754662495482,False
Спорт и отдых,тип призмы,1,1,11,8,2,19,0.5,0.7404275591020069,0.6717339707871478,-0.06869358831485906,False
Спорт и отдых,защищенность,1,1,0,0,2,0,0.5,0.7404275591020069,0.6717339707871478,-0.06869358831485906,False
Спорт и отдых,упражнения,1,1,0,1,2,1,0.5,0.7404275591020069,0.6717339707871478,-0.06869358831485906,False
Спорт и отдых,крепление трансдьюсера,1,1,1,0,2,1,0.5,0.7404275591020069,0.6717339707871478,-0.06869358831485906,False
Спорт и отдых,"диапазон частот, мгц",1,1,0,0,2,0,0.5,0.7404275591020069,0.6717339707871478,-0.06869358831485906,False
Спорт и отдых,метод обнаружения,1,1,2,2,2,4,0.5,0.7404275591020069,0.6717339707871478,-0.06869358831485906,False
Спорт и отдых,стиль игры,1,1,1,1,2,2,0.5,0.7404275591020069,0.6717339707871478,-0.06869358831485906,False
Спорт и отдых,вращение,1,1,0,0,2,0,0.5,0.7404275591020069,0.6717339707871478,-0.06869358831485906,False
Дом и сад,тип часов,5,3,0,0,8,0,0.625,0.7369750932499097,0.6680673435576576,-0.06890774969225211,False
Канцелярские товары,максимальное разрешение печати,2,2,1,0,4,1,0.5,0.6597844514410269,0.5887691396894594,-0.0710153117515675,False
Спорт и отдых,источник энергии,5,3,1,0,8,1,0.625,0.7404275591020069,0.6693952150392334,-0.07103234406277348,False
Спорт и отдых,марка стали,5,3,0,1,8,1,0.625,0.7404275591020069,0.6693952150392334,-0.07103234406277348,False
Спорт и отдых,расположение молнии,5,3,2,3,8,5,0.625,0.7404275591020069,0.6693952150392334,-0.07103234406277348,False
Спорт и отдых,материал дуг,11,6,5,2,17,7,0.6470588235294118,0.7404275591020069,0.6682789907050015,-0.07214856839700534,False
Детские товары,насос,0,1,0,0,1,0,0.0,0.43993731541197034,0.3666144295099753,-0.07332288590199504,False
Детские товары,камера,0,1,0,0,1,0,0.0,0.43993731541197034,0.3666144295099753,-0.07332288590199504,False
Детские товары,разрешение камеры,0,1,0,0,1,0,0.0,0.43993731541197034,0.3666144295099753,-0.07332288590199504,False
Товары для животных,вид грызуна,15,12,4,2,27,6,0.5555555555555556,0.6447764651378272,0.5694963226777855,-0.07528014246004167,False
Хобби и творчество,пол ребенка,1,2,0,0,3,0,0.3333333333333333,0.5357526560821296,0.459845410051331,-0.07590724603079863,False
Продукты питания,степень газирования,14,8,5,11,22,16,0.6363636363636364,0.7300237227333217,0.653708096802467,-0.07631562593085472,False
Продукты питания,консистенция соуса,46,25,16,7,71,23,0.647887323943662,0.7300237227333217,0.6532910343903501,-0.07673268834297164,False
Товары для животных,особенности переноски,3,3,0,0,6,0,0.5,0.6447764651378272,0.5658074841535577,-0.07896898098426941,False
Электроника,выходное напряжение,22,8,8,2,30,10,0.7333333333333333,0.8267152121970645,0.7466736017424378,-0.08004161045462665,False
Строительство и ремонт,вид тары,1,1,1,0,2,1,0.5,0.7837222870478413,0.7026587764627438,-0.08106351058509753,False
Строительство и ремонт,класс износостойкости,1,1,2,1,2,3,0.5,0.7837222870478413,0.7026587764627438,-0.08106351058509753,False
Строительство и ремонт,форма напильника,1,1,0,0,2,0,0.5,0.7837222870478413,0.7026587764627438,-0.08106351058509753,False
Строительство и ремонт,тип заклепок,1,1,5,4,2,9,0.5,0.7837222870478413,0.7026587764627438,-0.08106351058509753,False
Строительство и ремонт,класс изоляции,1,1,0,0,2,0,0.5,0.7837222870478413,0.7026587764627438,-0.08106351058509753,False
Строительство и ремонт,тип охлаждения,1,1,2,1,2,3,0.5,0.7837222870478413,0.7026587764627438,-0.08106351058509753,False
Строительство и ремонт,направление выпуска,1,1,0,1,2,1,0.5,0.7837222870478413,0.7026587764627438,-0.08106351058509753,False
Строительство и ремонт,тип антисептика,1,1,0,0,2,0,0.5,0.7837222870478413,0.7026587764627438,-0.08106351058509753,False
Строительство и ремонт,количество тарифов,1,1,0,0,2,0,0.5,0.7837222870478413,0.7026587764627438,-0.08106351058509753,False
Строительство и ремонт,вид крепления,1,1,0,0,2,0,0.5,0.7837222870478413,0.7026587764627438,-0.08106351058509753,False
Строительство и ремонт,вид решетки,1,1,0,1,2,1,0.5,0.7837222870478413,0.7026587764627438,-0.08106351058509753,False
Строительство и ремонт,инструменты в комплекте,1,1,0,0,2,0,0.5,0.7837222870478413,0.7026587764627438,-0.08106351058509753,False
Красота и гигиена,форма выпуска,9,8,2,1,17,3,0.5294117647058824,0.6360183767228178,0.5536405401642768,-0.08237783655854103,False
Строительство и ремонт,тип сварочного аппарата,15,7,3,1,22,4,0.6818181818181818,0.7837222870478413,0.7006893124162669,-0.08303297463157444,False
Мебель,материал сиденья,8,3,0,1,11,1,0.7272727272727273,0.8491264607196576,0.765352018974893,-0.08377444174476456,False
Детские товары,вид профессии,1,3,3,0,4,3,0.25,0.43993731541197034,0.355520730784428,-0.08441658462754237,False
Автотовары,классификация по api,21,8,3,4,29,7,0.7241379310344828,0.8248735197642743,0.7389519882006286,-0.08592153156364568,False
Спорт и отдых,материал деки,12,7,12,13,19,25,0.631578947368421,0.7404275591020069,0.6542557414795848,-0.0861718176224221,False
Автотовары,пол,4,2,1,0,6,1,0.6666666666666666,0.8248735197642743,0.7385788726201248,-0.08629464714414947,False
Бытовая химия,назначение средства для стирки,8,11,2,1,19,3,0.42105263157894735,0.530485955226597,0.4438512406722077,-0.08663471455438931,False
Электроника,подключение,4,2,13,10,6,23,0.6666666666666666,0.8267152121970645,0.7394160055441202,-0.08729920665294422,False
Электроника,режим записи,4,2,1,1,6,2,0.6666666666666666,0.8267152121970645,0.7394160055441202,-0.08729920665294422,False
Электроника,тип карты памяти,100,36,112,57,136,169,0.7352941176470589,0.8267152121970645,0.73853600043252,-0.08817921176454446,False
Хобби и творчество,"количество в упаковке, шт",0,1,1,0,1,1,0.0,0.5357526560821296,0.446460546735108,-0.08929210934702164,False
Хобби и творчество,назначение иглы,0,1,0,0,1,0,0.0,0.5357526560821296,0.446460546735108,-0.08929210934702164,False
Хобби и творчество,формат,0,1,0,0,1,0,0.0,0.5357526560821296,0.446460546735108,-0.08929210934702164,False
Мебель,тип механизма качания,61,20,78,17,81,95,0.7530864197530864,0.8491264607196576,0.7586701430650963,-0.0904563176545613,False
Строительство и ремонт,тип аккумулятора,12,6,57,21,18,78,0.6666666666666666,0.7837222870478413,0.6921135406625742,-0.09160874638526706,False
Мебель,регулировка,151,49,71,35,200,106,0.755,0.8491264607196576,0.7572957673346258,-0.0918306933850318,False
Строительство и ремонт,название цвета,3,2,0,1,5,1,0.6,0.7837222870478413,0.6918611435239207,-0.09186114352392061,False
Строительство и ремонт,материал рукоятки,3,2,2,0,5,2,0.6,0.7837222870478413,0.6918611435239207,-0.09186114352392061,False
Строительство и ремонт,назначение инсталляции,3,2,0,0,5,0,0.6,0.7837222870478413,0.6918611435239207,-0.09186114352392061,False
Строительство и ремонт,тип запуска,3,2,3,2,5,5,0.6,0.7837222870478413,0.6918611435239207,-0.09186114352392061,False
Продукты питания,форма макарон,4,3,5,0,7,5,0.5714285714285714,0.7300237227333217,0.6375098844722173,-0.09251383826110438,False
Электроника,расположение подсветки,1,1,0,1,2,1,0.5,0.8267152121970645,0.7333680087121889,-0.09334720348487557,False
Электроника,количество динамиков,1,1,2,2,2,4,0.5,0.8267152121970645,0.7333680087121889,-0.09334720348487557,False
Электроника,сертификат 80 plus,1,1,3,0,2,3,0.5,0.8267152121970645,0.7333680087121889,-0.09334720348487557,False
Электроника,тип лампы,1,1,0,1,2,1,0.5,0.8267152121970645,0.7333680087121889,-0.09334720348487557,False
Электроника,датчики,1,1,3,0,2,3,0.5,0.8267152121970645,0.7333680087121889,-0.09334720348487557,False
Электроника,форма тонарма,1,1,0,1,2,1,0.5,0.8267152121970645,0.7333680087121889,-0.09334720348487557,False
Электроника,шумоподавление,1,1,0,0,2,0,0.5,0.8267152121970645,0.7333680087121889,-0.09334720348487557,False
Электроника,входное напряжение,1,1,0,0,2,0,0.5,0.8267152121970645,0.7333680087121889,-0.09334720348487557,False
Электроника,способ крепления,1,1,0,0,2,0,0.5,0.8267152121970645,0.7333680087121889,-0.09334720348487557,False
Электроника,количество внешних карманов,1,1,0,0,2,0,0.5,0.8267152121970645,0.7333680087121889,-0.09334720348487557,False
Спорт и отдых,уровень подготовки,6,4,5,0,10,5,0.6,0.7404275591020069,0.6468091863673355,-0.09361837273467133,False
Продукты питания,условия хранения,1281,734,71,31,2015,102,0.6357320099255583,0.7300237227333217,0.6359654052542904,-0.09405831747903137,False
Галантерея и аксессуары,тематика,1,1,1,0,2,1,0.5,0.8319352378717663,0.737096598479833,-0.09483863939193327,False
Продукты питания,вид конфет,197,115,84,55,312,139,0.6314102564102564,0.7300237227333217,0.632965673860147,-0.09705804887317471,False
Строительство и ремонт,вид ламп,399,183,132,48,582,180,0.6855670103092784,0.7837222870478413,0.6864030859203394,-0.09731920112750192,False
Продукты питания,вид урбеча,9,6,0,1,15,1,0.6,0.7300237227333217,0.6325059306833304,-0.09751779204999134,False
Дом и сад,количество предметов,64,37,14,17,101,31,0.6336633663366337,0.7369750932499097,0.6385365610023542,-0.0984385322475555,False
Спорт и отдых,беспроводные интерфейсы,4,3,2,2,7,4,0.5714285714285714,0.7404275591020069,0.6418448162925029,-0.09858274280950396,False
Спорт и отдых,толщина губки,4,3,1,2,7,3,0.5714285714285714,0.7404275591020069,0.6418448162925029,-0.09858274280950396,False
Товары для животных,условия хранения,48,41,3,2,89,5,0.5393258426966292,0.6447764651378272,0.544934918358395,-0.09984154677943213,False
Строительство и ремонт,гарантия,104,49,25,8,153,33,0.6797385620915033,0.7837222870478413,0.6830291862989822,-0.10069310074885907,False
Электроника,тип связи,14,6,2,2,20,4,0.7,0.8267152121970645,0.7253430424394129,-0.10137216975765151,False
Электроника,совместимые модели,14,6,2,3,20,5,0.7,0.8267152121970645,0.7253430424394129,-0.10137216975765151,False
Обувь,размер производителя,1145,287,9,1,1432,10,0.7995810055865922,0.901695110701107,0.7999363086663226,-0.10175880203478438,False
Галантерея и аксессуары,специальные отделения,17,7,2,0,24,2,0.7083333333333334,0.8319352378717663,0.7296440065296148,-0.10229123134215146,False
Электроника,"ширина, мм",6,3,1,0,9,1,0.6666666666666666,0.8267152121970645,0.7238268614989517,-0.10288835069811275,False
Дом и сад,форма сечения лески,2,2,3,0,4,3,0.5,0.7369750932499097,0.6316528295832833,-0.10532226366662645,False
Дом и сад,цвет свечения,2,2,2,3,4,5,0.5,0.7369750932499097,0.6316528295832833,-0.10532226366662645,False
Строительство и ремонт,тип выключателя,11,6,15,2,17,17,0.6470588235294118,0.7837222870478413,0.6781187016017821,-0.10560358544605919,False
Красота и гигиена,вид пилинга,0,1,0,0,1,0,0.0,0.6360183767228178,0.5300153139356815,-0.10600306278713634,False
Красота и гигиена,перфорация,0,1,0,0,1,0,0.0,0.6360183767228178,0.5300153139356815,-0.10600306278713634,False
Электроника,тип матрицы,60,24,40,20,84,60,0.7142857142857143,0.8267152121970645,0.7206019782133182,-0.10611323398374628,False
Галантерея и аксессуары,"ширина, см",6,3,0,1,9,1,0.6666666666666666,0.8319352378717663,0.7256911563827736,-0.10624408148899267,False
Спорт и отдых,количество воздушных отсеков,2,2,0,0,4,0,0.5,0.7404275591020069,0.6335708661677816,-0.10685669293422528,False
Спорт и отдых,тип дна,2,2,0,0,4,0,0.5,0.7404275591020069,0.6335708661677816,-0.10685669293422528,False
Спорт и отдых,материал камеры,2,2,4,1,4,5,0.5,0.7404275591020069,0.6335708661677816,-0.10685669293422528,False
Спорт и отдых,материал клинка,2,2,3,5,4,8,0.5,0.7404275591020069,0.6335708661677816,-0.10685669293422528,False
Детские товары,особенности конструктора,54,110,0,2,164,2,0.32926829268292684,0.43993731541197034,0.3325425241246145,-0.10739479128735585,False
Товары для животных,дозировка,0,1,0,0,1,0,0.0,0.6447764651378272,0.5373137209481893,-0.10746274418963786,False
Продукты питания,вид печенья,20,13,1,6,33,7,0.6060606060606061,0.7300237227333217,0.6223715424649108,-0.10765218026841095,False
Красота и гигиена,способ применения,141,127,50,19,268,69,0.5261194029850746,0.6360183767228178,0.5281322047018832,-0.10788617202093465,False
Электроника,беспроводные интерфейсы,708,279,42,22,987,64,0.7173252279635258,0.8267152121970645,0.7178765887711546,-0.10883862342590989,False
Канцелярские товары,класс взломостойкости двери (гост-р),0,1,0,0,1,0,0.0,0.6597844514410269,0.5498203762008558,-0.10996407524017116,False
Канцелярские товары,"вес, кг",0,1,0,0,1,0,0.0,0.6597844514410269,0.5498203762008558,-0.10996407524017116,False
Канцелярские товары,количество строк дисплея,0,1,3,0,1,3,0.0,0.6597844514410269,0.5498203762008558,-0.10996407524017116,False
Канцелярские товары,дизайн обложки,0,1,1,1,1,2,0.0,0.6597844514410269,0.5498203762008558,-0.10996407524017116,False
Дом и сад,дизайн,17,11,2,0,28,2,0.6071428571428571,0.7369750932499097,0.6268144080681681,-0.1101606851817416,False
Спорт и отдых,конструкция,7,5,3,3,12,6,0.5833333333333334,0.7404275591020069,0.6295375173829432,-0.11089004171906369,False
Детские товары,персонаж,6,14,1,0,20,1,0.3,0.43993731541197034,0.32798746308239407,-0.11194985232957627,False
Электроника,разъем питания процессора,13,6,2,2,19,4,0.6842105263157895,0.8267152121970645,0.7138990025410551,-0.11281620965600936,False
Электроника,тип принтера,3,2,3,3,5,6,0.6,0.8267152121970645,0.7133576060985323,-0.11335760609853218,False
Обувь,размер,1,1,0,0,2,0,0.5,0.901695110701107,0.7869250790722192,-0.11477003162888777,False
Дом и сад,особенности,10,7,0,0,17,0,0.5882352941176471,0.7369750932499097,0.6220397939204341,-0.11493529932947566,False
Галантерея и аксессуары,покрытие линз,3,2,1,0,5,1,0.6,0.8319352378717663,0.7159676189358831,-0.11596761893588314,False
Мебель,материал,17,7,26,5,24,31,0.7083333333333334,0.8491264607196576,0.7326080104689064,-0.11651845025075114,False
Галантерея и аксессуары,особенности шнурков,8,4,3,0,12,3,0.6666666666666666,0.8319352378717663,0.7152750699622841,-0.11666016790948219,False
Товары для животных,материал лезвий,1,2,1,0,3,1,0.3333333333333333,0.6447764651378272,0.527985290711142,-0.11679117442668518,False
Строительство и ремонт,тип крепления,66,34,56,41,100,97,0.66,0.7837222870478413,0.6658915374784685,-0.11783074956937278,False
Мебель,покрытие,14,6,6,2,20,8,0.7,0.8491264607196576,0.7298252921439315,-0.11930116857572604,False
Спорт и отдых,материал рукояти,26,17,4,4,43,8,0.6046511627906976,0.7404275591020069,0.6187945374064591,-0.1216330216955478,False
Продукты питания,"жирность, %",0,1,2,0,1,2,0.0,0.7300237227333217,0.6083531022777681,-0.12167062045555366,False
Продукты питания,вид пирожного,0,1,1,0,1,1,0.0,0.7300237227333217,0.6083531022777681,-0.12167062045555366,False
Продукты питания,вид пива,0,1,0,0,1,0,0.0,0.7300237227333217,0.6083531022777681,-0.12167062045555366,False
Продукты питания,год урожая,0,1,0,0,1,0,0.0,0.7300237227333217,0.6083531022777681,-0.12167062045555366,False
Продукты питания,минерализация,0,1,0,0,1,0,0.0,0.7300237227333217,0.6083531022777681,-0.12167062045555366,False
Аптека,для детей,1,1,3,2,2,5,0.5,0.9272748227972109,0.8051963019980077,-0.12207852079920312,False
Аптека,"объем, мл",1,1,9,3,2,12,0.5,0.9272748227972109,0.8051963019980077,-0.12207852079920312,False
Аптека,режимы работы,1,1,0,0,2,0,0.5,0.9272748227972109,0.8051963019980077,-0.12207852079920312,False
Товары для животных,особенности игрушки,2,3,0,0,5,0,0.4,0.6447764651378272,0.5223882325689135,-0.12238823256891362,False
Канцелярские товары,"ширина, мм",1,2,0,0,3,0,0.3333333333333333,0.6597844514410269,0.5373652821506418,-0.1224191692903851,False
Дом и сад,режущий элемент триммера,0,1,1,2,1,3,0.0,0.7369750932499097,0.6141459110415914,-0.12282918220831829,False
Дом и сад,тип антипригарного покрытия,0,1,0,1,1,1,0.0,0.7369750932499097,0.6141459110415914,-0.12282918220831829,False
Дом и сад,количество наволочек в комплекте,0,1,0,0,1,0,0.0,0.7369750932499097,0.6141459110415914,-0.12282918220831829,False
Дом и сад,количество свечей,0,1,5,10,1,15,0.0,0.7369750932499097,0.6141459110415914,-0.12282918220831829,False
Дом и сад,"мощность, л.с.",0,1,0,1,1,1,0.0,0.7369750932499097,0.6141459110415914,-0.12282918220831829,False
Дом и сад,количество эффектов,0,1,0,0,1,0,0.0,0.7369750932499097,0.6141459110415914,-0.12282918220831829,False
Дом и сад,вид блюда,0,1,0,0,1,0,0.0,0.7369750932499097,0.6141459110415914,-0.12282918220831829,False
Дом и сад,тип питания,0,1,0,0,1,0,0.0,0.7369750932499097,0.6141459110415914,-0.12282918220831829,False
Автотовары,тип двигателя,5,3,0,0,8,0,0.625,0.8248735197642743,0.7018744306785671,-0.12299908908570711,False
Спорт и отдых,тип застежки,0,1,23,5,1,28,0.0,0.7404275591020069,0.617022965918339,-0.12340459318366781,False
Спорт и отдых,материал браслета/ремешка,0,1,1,0,1,1,0.0,0.7404275591020069,0.617022965918339,-0.12340459318366781,False
Спорт и отдых,пол ребенка,0,1,0,0,1,0,0.0,0.7404275591020069,0.617022965918339,-0.12340459318366781,False
Спорт и отдых,количество персон,0,1,0,1,1,1,0.0,0.7404275591020069,0.617022965918339,-0.12340459318366781,False
Спорт и отдых,материал сердечника,0,1,0,1,1,1,0.0,0.7404275591020069,0.617022965918339,-0.12340459318366781,False
Спорт и отдых,вид бильярда,0,1,4,1,1,5,0.0,0.7404275591020069,0.617022965918339,-0.12340459318366781,False
Спорт и отдых,"диаметр батута, см",0,1,0,0,1,0,0.0,0.7404275591020069,0.617022965918339,-0.12340459318366781,False
Спорт и отдых,циферблат,0,1,0,0,1,0,0.0,0.7404275591020069,0.617022965918339,-0.12340459318366781,False
Спорт и отдых,количество слоев дерева,0,1,0,1,1,1,0.0,0.7404275591020069,0.617022965918339,-0.12340459318366781,False
Спорт и отдых,фиксаторы дисков,0,1,0,0,1,0,0.0,0.7404275591020069,0.617022965918339,-0.12340459318366781,False
Спорт и отдых,направление вращения,0,1,0,0,1,0,0.0,0.7404275591020069,0.617022965918339,-0.12340459318366781,False
Спорт и отдых,количество звезд,0,1,0,1,1,1,0.0,0.7404275591020069,0.617022965918339,-0.12340459318366781,False
Спорт и отдых,бесконтактная оплата,0,1,0,0,1,0,0.0,0.7404275591020069,0.617022965918339,-0.12340459318366781,False
Спорт и отдых,степень защиты,0,1,0,0,1,0,0.0,0.7404275591020069,0.617022965918339,-0.12340459318366781,False
Спорт и отдых,функции,0,1,0,0,1,0,0.0,0.7404275591020069,0.617022965918339,-0.12340459318366781,False
Электроника,количество портов,5,3,0,0,8,0,0.625,0.8267152121970645,0.7025827739219479,-0.12413243827511655,False
Канцелярские товары,форма карандаша,24,22,0,0,46,0,0.5217391304347826,0.6597844514410269,0.5352729854353948,-0.12451146600563212,False
Электроника,слот для карты памяти,12,6,21,2,18,23,0.6666666666666666,0.8267152121970645,0.7014598287384923,-0.12525538345857212,False
Детские товары,количество батареек,0,2,0,0,2,0,0.0,0.43993731541197034,0.31424093957997884,-0.1256963758319915,False
Строительство и ремонт,степень защиты,2,2,24,27,4,51,0.5,0.7837222870478413,0.6576234928043563,-0.12609879424348502,False
Хобби и творчество,вид исследований,1,3,1,4,4,5,0.25,0.5357526560821296,0.40875147560118313,-0.1270011804809465,False
Галантерея и аксессуары,механизм зонта,5,3,5,7,8,12,0.625,0.8319352378717663,0.7045904761045254,-0.12734476176724085,False
Канцелярские товары,вид маркера,2,3,0,1,5,1,0.4,0.6597844514410269,0.5298922257205134,-0.1298922257205135,False
Строительство и ремонт,регулировка температуры,0,1,0,0,1,0,0.0,0.7837222870478413,0.6531019058732012,-0.13062038117464014,False
Строительство и ремонт,вид газа,0,1,2,0,1,2,0.0,0.7837222870478413,0.6531019058732012,-0.13062038117464014,False
Строительство и ремонт,форма жала,0,1,0,2,1,2,0.0,0.7837222870478413,0.6531019058732012,-0.13062038117464014,False
Строительство и ремонт,форма губок,0,1,0,0,1,0,0.0,0.7837222870478413,0.6531019058732012,-0.13062038117464014,False
Строительство и ремонт,вид топора,0,1,0,0,1,0,0.0,0.7837222870478413,0.6531019058732012,-0.13062038117464014,False
Строительство и ремонт,диаметр заклепок,0,1,0,0,1,0,0.0,0.7837222870478413,0.6531019058732012,-0.13062038117464014,False
Строительство и ремонт,метиз в комплекте,0,1,1,0,1,1,0.0,0.7837222870478413,0.6531019058732012,-0.13062038117464014,False
Строительство и ремонт,класс инструмента,0,1,1,0,1,1,0.0,0.7837222870478413,0.6531019058732012,-0.13062038117464014,False
Строительство и ремонт,форма выпуска,0,1,2,0,1,2,0.0,0.7837222870478413,0.6531019058732012,-0.13062038117464014,False
Строительство и ремонт,"уровень шума, дб",0,1,0,0,1,0,0.0,0.7837222870478413,0.6531019058732012,-0.13062038117464014,False
Строительство и ремонт,система очистки фильтра,0,1,0,1,1,1,0.0,0.7837222870478413,0.6531019058732012,-0.13062038117464014,False
Строительство и ремонт,диаметр воздушного штуцера,0,1,0,0,1,0,0.0,0.7837222870478413,0.6531019058732012,-0.13062038117464014,False
Строительство и ремонт,тип генератора,0,1,0,0,1,0,0.0,0.7837222870478413,0.6531019058732012,-0.13062038117464014,False
Электроника,количество антенн,7,4,7,9,11,16,0.6363636363636364,0.8267152121970645,0.6958485038115827,-0.13086670838548176,False
Ювелирные изделия,коллекция,997,345,493,131,1342,624,0.7429210134128167,0.8759460536049621,0.7434147960415922,-0.13253125756336992,False
Галантерея и аксессуары,количество в упаковке,14,7,0,0,21,0,0.6666666666666666,0.8319352378717663,0.6984490842061089,-0.13348615366565741,False
Автотовары,способ крепления,0,1,7,2,1,9,0.0,0.8248735197642743,0.6873945998035619,-0.13747891996071238,False
Автотовары,встроенная батарея,0,1,0,0,1,0,0.0,0.8248735197642743,0.6873945998035619,-0.13747891996071238,False
Электроника,разрешение камеры,0,1,0,0,1,0,0.0,0.8267152121970645,0.6889293434975537,-0.1377858686995107,False
Электроника,органайзер,0,1,0,0,1,0,0.0,0.8267152121970645,0.6889293434975537,-0.1377858686995107,False
Электроника,обратная связь,0,1,0,0,1,0,0.0,0.8267152121970645,0.6889293434975537,-0.1377858686995107,False
Электроника,особенности наушников,0,1,0,0,1,0,0.0,0.8267152121970645,0.6889293434975537,-0.1377858686995107,False
Электроника,конструктивные особенности,0,1,0,0,1,0,0.0,0.8267152121970645,0.6889293434975537,-0.1377858686995107,False
Электроника,технология печати,0,1,3,4,1,7,0.0,0.8267152121970645,0.6889293434975537,-0.1377858686995107,False
Электроника,сокет процессора,0,1,0,0,1,0,0.0,0.8267152121970645,0.6889293434975537,-0.1377858686995107,False
Электроника,тип фотопленки,0,1,0,0,1,0,0.0,0.8267152121970645,0.6889293434975537,-0.1377858686995107,False
Электроника,индикация,0,1,0,0,1,0,0.0,0.8267152121970645,0.6889293434975537,-0.1377858686995107,False
Электроника,цвет подсветки,0,1,0,0,1,0,0.0,0.8267152121970645,0.6889293434975537,-0.1377858686995107,False
Электроника,совместимые ос,0,1,0,0,1,0,0.0,0.8267152121970645,0.6889293434975537,-0.1377858686995107,False
Строительство и ремонт,тип двигателя,9,6,1,0,15,1,0.6,0.7837222870478413,0.6459305717619603,-0.13779171528588097,False
Дом и сад,праздник,40,28,35,16,68,51,0.5882352941176471,0.7369750932499097,0.5984229515924596,-0.1385521416574501,False
Детские товары,развитие навыков,2,7,0,0,9,0,0.2222222222222222,0.43993731541197034,0.2999776126471323,-0.13995970276483805,False
Электроника,модуль сотовой связи,2,2,0,0,4,0,0.5,0.8267152121970645,0.6815084512205913,-0.14520676097647311,False
Электроника,замер экспозиции,2,2,0,0,4,0,0.5,0.8267152121970645,0.6815084512205913,-0.14520676097647311,False
Электроника,шумоподавление микрофона,2,2,0,0,4,0,0.5,0.8267152121970645,0.6815084512205913,-0.14520676097647311,False
Электроника,скорость сканирования,2,2,0,0,4,0,0.5,0.8267152121970645,0.6815084512205913,-0.14520676097647311,False
Электроника,отстегивающиеся кабели,2,2,2,0,4,2,0.5,0.8267152121970645,0.6815084512205913,-0.14520676097647311,False
Ювелирные изделия,вид пирсинга,0,1,0,0,1,0,0.0,0.8759460536049621,0.7299550446708017,-0.1459910089341604,False
Обувь,"длина стельки, см",80,27,3,1,107,4,0.7476635514018691,0.901695110701107,0.7545399602991566,-0.14715515040195037,False
Аптека,материал,32,10,22,13,42,35,0.7619047619047619,0.9272748227972109,0.7794973215741713,-0.14777750122303956,False
Спорт и отдых,"длина, см",4,4,6,7,8,13,0.5,0.7404275591020069,0.5924721381161565,-0.14795542098585035,False
Продукты питания,сорт муки,1,2,0,0,3,0,0.3333333333333333,0.7300237227333217,0.581264826708326,-0.1487588960249957,False
Электроника,система охлаждения,4,3,1,0,7,1,0.5714285714285714,0.8267152121970645,0.6777980050821103,-0.14891720711495415,False
Электроника,smart tv,4,3,0,0,7,0,0.5714285714285714,0.8267152121970645,0.6777980050821103,-0.14891720711495415,False
Электроника,блок питания,4,3,3,2,7,5,0.5714285714285714,0.8267152121970645,0.6777980050821103,-0.14891720711495415,False
Обувь,жесткость колес,0,1,1,1,1,2,0.0,0.901695110701107,0.7514125922509224,-0.1502825184501846,False
Мебель,артикул,9,5,0,3,14,3,0.6428571428571429,0.8491264607196576,0.6971385422946468,-0.1519879184250108,False
Спорт и отдых,насос,1,2,0,0,3,0,0.3333333333333333,0.7404275591020069,0.5877672244387543,-0.15266033466325257,False
Спорт и отдых,пьезоподжиг,1,2,0,2,3,2,0.3333333333333333,0.7404275591020069,0.5877672244387543,-0.15266033466325257,False
Спорт и отдых,регулятор пламени,1,2,0,1,3,1,0.3333333333333333,0.7404275591020069,0.5877672244387543,-0.15266033466325257,False
Красота и гигиена,"вес, г",6,8,3,2,14,5,0.42857142857142855,0.6360183767228178,0.48316273071653104,-0.15285564600628676,False
Хобби и творчество,минимальное число игроков,0,2,1,5,2,6,0.0,0.5357526560821296,0.3826804686300926,-0.15307218745203705,False
Хобби и творчество,максимальное число игроков,0,2,1,5,2,6,0.0,0.5357526560821296,0.3826804686300926,-0.15307218745203705,False
Электроника,интерфейсы,10,6,0,0,16,0,0.625,0.8267152121970645,0.6730274314754916,-0.15368778072157285,False
Аптека,сторона,0,1,0,0,1,0,0.0,0.9272748227972109,0.7727290189976758,-0.1545458037995351,False
Аптека,тип теста,0,1,0,0,1,0,0.0,0.9272748227972109,0.7727290189976758,-0.1545458037995351,False
Аптека,условия отпуска,0,1,0,3,1,3,0.0,0.9272748227972109,0.7727290189976758,-0.1545458037995351,False
Аптека,вид ингалятора,0,1,0,1,1,1,0.0,0.9272748227972109,0.7727290189976758,-0.1545458037995351,False
Аптека,вкус,0,1,1,0,1,1,0.0,0.9272748227972109,0.7727290189976758,-0.1545458037995351,False
Аптека,размер пеленки,0,1,0,0,1,0,0.0,0.9272748227972109,0.7727290189976758,-0.1545458037995351,False
Аптека,вид трости,0,1,0,0,1,0,0.0,0.9272748227972109,0.7727290189976758,-0.1545458037995351,False
Аптека,тип тату машинки,0,1,0,0,1,0,0.0,0.9272748227972109,0.7727290189976758,-0.1545458037995351,False
Строительство и ремонт,количество лучей,3,3,3,1,6,4,0.5,0.7837222870478413,0.6289646759308369,-0.15475761111700437,False
Строительство и ремонт,режимы работы,3,3,0,0,6,0,0.5,0.7837222870478413,0.6289646759308369,-0.15475761111700437,False
Ювелирные изделия,упаковка,10,5,1,0,15,1,0.6666666666666666,0.8759460536049621,0.7189865134012405,-0.1569595402037216,False
Красота и гигиена,тип кожи,394,432,170,174,826,344,0.47699757869249393,0.6360183767228178,0.47795438253142486,-0.15806399419139294,False
Детские товары,эффекты,4,13,1,0,17,1,0.23529411764705882,0.43993731541197034,0.28180393532090237,-0.15813338009106798,False
Музыкальные инструменты,функции,6,5,0,0,11,0,0.5454545454545454,0.7780700705488461,0.6181468970465145,-0.15992317350233165,False
Спорт и отдых,количество каналов,5,5,1,1,10,2,0.5,0.7404275591020069,0.5801425197006689,-0.16028503940133798,False
Красота и гигиена,spf,26,31,7,9,57,16,0.45614035087719296,0.6360183767228178,0.4706466432840982,-0.16537173343871958,False
Хобби и творчество,наука,1,4,10,27,5,37,0.2,0.5357526560821296,0.3678763280410648,-0.16787632804106484,False
Строительство и ремонт,тип патрона,17,12,59,28,29,87,0.5862068965517241,0.7837222870478413,0.6152532775070355,-0.1684690095408058,False
Канцелярские товары,вид калькулятора,8,10,0,0,18,0,0.4444444444444444,0.6597844514410269,0.4912574894437015,-0.16852696199732542,False
Строительство и ремонт,тип рукоятки,1,2,2,4,3,6,0.3333333333333333,0.7837222870478413,0.6148264294049008,-0.16889585764294046,False
Строительство и ремонт,количество насадок,1,2,0,0,3,0,0.3333333333333333,0.7837222870478413,0.6148264294049008,-0.16889585764294046,False
Строительство и ремонт,тип уборки,1,2,0,0,3,0,0.3333333333333333,0.7837222870478413,0.6148264294049008,-0.16889585764294046,False
Строительство и ремонт,тип соединения,1,2,0,0,3,0,0.3333333333333333,0.7837222870478413,0.6148264294049008,-0.16889585764294046,False
Электроника,тип подшипника,9,6,0,1,15,1,0.6,0.8267152121970645,0.6566788030492662,-0.17003640914779827,False
Спорт и отдых,тип переносицы,2,3,0,0,5,0,0.4,0.7404275591020069,0.5702137795510034,-0.17021377955100347,False
Спорт и отдых,мониторинг,2,3,0,0,5,0,0.4,0.7404275591020069,0.5702137795510034,-0.17021377955100347,False
Дом и сад,материал корпуса,28,23,26,18,51,44,0.5490196078431373,0.7369750932499097,0.5658013476115991,-0.17117374563831067,False
Красота и гигиена,вид бритвенного станка,1,3,3,3,4,6,0.25,0.6360183767228178,0.4644546537348988,-0.171563722987919,False
Красота и гигиена,количество слоев,14,18,0,1,32,1,0.4375,0.6360183767228178,0.46432680766524564,-0.17169156905757216,False
Музыкальные инструменты,жесткость клавиатуры,10,8,49,25,18,74,0.5555555555555556,0.7780700705488461,0.603928276206271,-0.17414179434257515,False
Мебель,материал наполнителя,18,10,20,12,28,32,0.6428571428571429,0.8491264607196576,0.6741100698060087,-0.17501639091364884,False
Дом и сад,тип двигателя,36,30,0,0,66,0,0.5454545454545454,0.7369750932499097,0.5589419079753458,-0.1780331852745639,False
Обувь,стиль катания,2,2,2,8,4,10,0.5,0.901695110701107,0.7231639503895039,-0.1785311603116031,False
Строительство и ремонт,количество звеньев,13,10,0,1,23,1,0.5652173913043478,0.7837222870478413,0.6042361226871146,-0.17948616436072673,False
Красота и гигиена,количество пинцетов,0,2,0,0,2,0,0.0,0.6360183767228178,0.45429884051629843,-0.18171953620651937,False
Аптека,взаимодействие с другими препаратами,11,5,1,1,16,2,0.6875,0.9272748227972109,0.7445892435231455,-0.18268557927406537,False
Электроника,количество цветов,1,2,33,10,3,43,0.3333333333333333,0.8267152121970645,0.6416970076231653,-0.18501820457389917,False
Электроника,"емкость аккумулятора, мач",1,2,3,2,3,5,0.3333333333333333,0.8267152121970645,0.6416970076231653,-0.18501820457389917,False
Электроника,разъем,1,2,0,0,3,0,0.3333333333333333,0.8267152121970645,0.6416970076231653,-0.18501820457389917,False
Электроника,установка,1,2,0,0,3,0,0.3333333333333333,0.8267152121970645,0.6416970076231653,-0.18501820457389917,False
Электроника,маршрутизация,1,2,0,1,3,1,0.3333333333333333,0.8267152121970645,0.6416970076231653,-0.18501820457389917,False
Электроника,переключение скоростей,1,2,0,0,3,0,0.3333333333333333,0.8267152121970645,0.6416970076231653,-0.18501820457389917,False
Электроника,тип флеш-памяти,1,2,0,0,3,0,0.3333333333333333,0.8267152121970645,0.6416970076231653,-0.18501820457389917,False
Электроника,разъем питания материнской платы,1,2,0,0,3,0,0.3333333333333333,0.8267152121970645,0.6416970076231653,-0.18501820457389917,False
Электроника,максимальный формат печати,1,2,0,0,3,0,0.3333333333333333,0.8267152121970645,0.6416970076231653,-0.18501820457389917,False
Электроника,колесо прокрутки,1,2,0,0,3,0,0.3333333333333333,0.8267152121970645,0.6416970076231653,-0.18501820457389917,False
Галантерея и аксессуары,"высота, см",1,2,0,1,3,1,0.3333333333333333,0.8319352378717663,0.6449595236698539,-0.1869757142019124,False
Электроника,баланс белого,8,6,0,0,14,0,0.5714285714285714,0.8267152121970645,0.6386092663676486,-0.18810594582941587,False
Строительство и ремонт,назначение генератора,2,3,1,0,5,1,0.4,0.7837222870478413,0.5918611435239207,-0.19186114352392059,False
Электроника,стандарт быстрой зарядки,6,5,0,0,11,0,0.5454545454545454,0.8267152121970645,0.6333485038115827,-0.19336670838548176,False
Мебель,механизм качания,117,63,50,33,180,83,0.65,0.8491264607196576,0.6553817962356664,-0.1937446644839912,False
Электроника,частота обновления,11,8,28,15,19,43,0.5789473684210527,0.8267152121970645,0.6305656692077218,-0.19614954298934262,False
Красота и гигиена,комплектация,21,29,1,1,50,2,0.42,0.6360183767228178,0.4396380342475289,-0.1963803424752889,False
Спорт и отдых,датчики,5,6,0,0,11,0,0.45454545454545453,0.7404275591020069,0.5438836122193771,-0.19654394688262977,False
Дом и сад,вид крепления,6,7,1,1,13,2,0.46153846153846156,0.7369750932499097,0.5380486370138639,-0.19892645623604588,False
Обувь,материал,6,4,1,2,10,3,0.6,0.901695110701107,0.7005650369003689,-0.2011300738007381,False
Электроника,подсветка,24,16,29,8,40,37,0.6,0.8267152121970645,0.6251905791330071,-0.20152463306405732,False
Красота и гигиена,материал,5,9,8,7,14,15,0.35714285714285715,0.6360183767228178,0.4305311517691626,-0.20548722495365518,False
Продукты питания,природный источник воды,0,2,0,2,2,2,0.0,0.7300237227333217,0.521445516238087,-0.20857820649523473,False
Красота и гигиена,гарантийный срок,13,20,2,4,33,6,0.3939393939393939,0.6360183767228178,0.425791891674055,-0.2102264850487628,False
Дом и сад,время посадки на рассаду,0,2,0,0,2,0,0.0,0.7369750932499097,0.5264107808927927,-0.21056431235711703,False
Спорт и отдых,"толщина, см",0,2,0,0,2,0,0.0,0.7404275591020069,0.5288768279300049,-0.21155073117200196,False
Спорт и отдых,материал клюшки,0,2,0,1,2,1,0.0,0.7404275591020069,0.5288768279300049,-0.21155073117200196,False
Спорт и отдых,назначение клюшки,0,2,0,0,2,0,0.0,0.7404275591020069,0.5288768279300049,-0.21155073117200196,False
Спорт и отдых,"ширина деки, см",0,2,1,2,2,3,0.0,0.7404275591020069,0.5288768279300049,-0.21155073117200196,False
Спорт и отдых,количество предметов,0,2,0,0,2,0,0.0,0.7404275591020069,0.5288768279300049,-0.21155073117200196,False
Спорт и отдых,материал лезвия,0,2,1,0,2,1,0.0,0.7404275591020069,0.5288768279300049,-0.21155073117200196,False
Электроника,размещение,2,3,2,1,5,3,0.4,0.8267152121970645,0.6133576060985322,-0.21335760609853227,False
Мебель,форма поставки,35,22,910,151,57,1061,0.6140350877192983,0.8491264607196576,0.6329940694128756,-0.21613239130678197,False
Продукты питания,вид мясных консервов,2,4,0,0,6,0,0.3333333333333333,0.7300237227333217,0.5136471466969644,-0.2163765760363573,False
Дом и сад,материал рабочей части,1,3,0,0,4,0,0.25,0.7369750932499097,0.5205417184721721,-0.2164333747777376,False
Аптека,степень фиксации,11,6,0,0,17,0,0.6470588235294118,0.9272748227972109,0.7107442779084571,-0.21653054488875378,False
Спорт и отдых,жесткость колес,1,3,2,2,4,4,0.25,0.7404275591020069,0.5224597550566705,-0.21796780404533633,False
Спорт и отдых,"длина деки, см",1,3,1,1,4,2,0.25,0.7404275591020069,0.5224597550566705,-0.21796780404533633,False
Канцелярские товары,подсветка,2,5,4,2,7,6,0.2857142857142857,0.6597844514410269,0.4415768547670946,-0.21820759667393236,False
Спорт и отдых,материал призмы,2,4,2,3,6,5,0.3333333333333333,0.7404275591020069,0.5183761632281849,-0.22205139587382194,False
Хобби и творчество,форма пазла,2,8,0,0,10,0,0.2,0.5357526560821296,0.31191755202737653,-0.2238351040547531,False
Строительство и ремонт,материал рамы,0,2,1,0,2,1,0.0,0.7837222870478413,0.559801633605601,-0.22392065344224032,False
Строительство и ремонт,материал рабочей части,0,2,0,0,2,0,0.0,0.7837222870478413,0.559801633605601,-0.22392065344224032,False
Строительство и ремонт,вид пистолета,0,2,0,0,2,0,0.0,0.7837222870478413,0.559801633605601,-0.22392065344224032,False
Дом и сад,материал колбы,5,7,6,4,12,10,0.4166666666666667,0.7369750932499097,0.5108750274264441,-0.22610006582346565,False
Аптека,дозировка,10,6,4,4,16,8,0.625,0.9272748227972109,0.6969701959040978,-0.23030462689311304,False
Электроника,количество клавиш клавиатуры,6,6,0,0,12,0,0.5,0.8267152121970645,0.5960927094697249,-0.23062250272733953,False
Электроника,режимы съемки,3,4,0,0,7,0,0.42857142857142855,0.8267152121970645,0.5944646717487768,-0.23225054044828763,False
Спорт и отдых,дисплей,9,11,0,0,20,0,0.45,0.7404275591020069,0.5080855118204013,-0.23234204728160557,False
Электроника,ночной режим,0,2,1,0,2,1,0.0,0.8267152121970645,0.5905108658550461,-0.23620434634201837,False
Электроника,графический процессор,0,2,0,0,2,0,0.0,0.8267152121970645,0.5905108658550461,-0.23620434634201837,False
Электроника,количество wan портов,0,2,0,0,2,0,0.0,0.8267152121970645,0.5905108658550461,-0.23620434634201837,False
Электроника,физический размер матрицы,0,2,0,0,2,0,0.0,0.8267152121970645,0.5905108658550461,-0.23620434634201837,False
Строительство и ремонт,материал заклепок,1,3,0,1,4,1,0.25,0.7837222870478413,0.5465123816932452,-0.23720990535459607,False
Строительство и ремонт,расположение бачка,1,3,0,2,4,2,0.25,0.7837222870478413,0.5465123816932452,-0.23720990535459607,False
Галантерея и аксессуары,"глубина, см",0,2,0,0,2,0,0.0,0.8319352378717663,0.5942394556226901,-0.23769578224907617,False
Электроника,стандарт wi-fi,10,9,0,4,19,4,0.5263157894736842,0.8267152121970645,0.5888990025410551,-0.23781620965600936,False
Красота и гигиена,материал корпуса,0,3,1,1,3,2,0.0,0.6360183767228178,0.3975114854517611,-0.23850689127105668,False
Товары для животных,вид игрушки для животных,26,43,5,4,69,9,0.37681159420289856,0.6447764651378272,0.39491732872552887,-0.2498591364122983,False
Обувь,материал лезвия,2,3,3,4,5,7,0.4,0.901695110701107,0.6508475553505535,-0.2508475553505535,False
Автотовары,сезон,1,3,0,0,4,0,0.25,0.8248735197642743,0.5693741776468191,-0.2554993421174552,False
Электроника,запись,1,3,0,0,4,0,0.25,0.8267152121970645,0.5703973401094803,-0.25631787208758416,False
Электроника,максимальный формат оригинала,1,3,0,0,4,0,0.25,0.8267152121970645,0.5703973401094803,-0.25631787208758416,False
Спорт и отдых,форма бассейна,27,32,2,3,59,5,0.4576271186440678,0.7404275591020069,0.47972090305484427,-0.2607066560471626,False
Электроника,цветность печати,20,18,3,5,38,8,0.5263157894736842,0.8267152121970645,0.5612459549066354,-0.26546925729042903,False
Спорт и отдых,наличие дисплея,0,3,0,0,3,0,0.0,0.7404275591020069,0.4627672244387543,-0.2776603346632526,False
Аптека,питание,14,10,6,14,24,20,0.5833333333333334,0.9272748227972109,0.6426335901374501,-0.2846412326597607,False
Красота и гигиена,целевая аудитория,15,32,0,0,47,0,0.3191489361702128,0.6360183767228178,0.34961715160796325,-0.28640122511485455,False
Обувь,уровень подготовки,1,3,5,5,4,10,0.25,0.901695110701107,0.6120528392783927,-0.28964227142271426,False
Аптека,упаковка,3,4,2,0,7,2,0.42857142857142855,0.9272748227972109,0.6363645094988378,-0.290910313298373,False
Спорт и отдых,питание,3,7,1,0,10,1,0.3,0.7404275591020069,0.44680918636733563,-0.29361837273467123,False
Строительство и ремонт,плавный пуск,0,3,4,5,3,9,0.0,0.7837222870478413,0.48982642940490084,-0.29389585764294046,False
Аптека,срок годности,1,3,0,0,4,0,0.25,0.9272748227972109,0.6262637904428949,-0.3010110323543159,False
Аптека,область применения,1,3,0,0,4,0,0.25,0.9272748227972109,0.6262637904428949,-0.3010110323543159,False
Автотовары,тип протектора,0,3,18,3,3,21,0.0,0.8248735197642743,0.5155459498526714,-0.3093275699116028,False
Электроника,поддержка ipv6,0,3,0,0,3,0,0.0,0.8267152121970645,0.5166970076231653,-0.31001820457389917,False
Электроника,количество lan портов,0,3,0,1,3,1,0.0,0.8267152121970645,0.5166970076231653,-0.31001820457389917,False
Мебель,исполнение,2,5,0,0,7,0,0.2857142857142857,0.8491264607196576,0.5204693586331907,-0.3286571020864669,False
Обувь,тип,85,69,45,36,154,81,0.551948051948052,0.901695110701107,0.5629463871289656,-0.33874872357214136,False
Музыкальные инструменты,размер клавиш,4,9,54,23,13,77,0.3076923076923077,0.7780700705488461,0.43835279737467947,-0.33971727317416667,False
Аптека,способ применения,3,5,0,1,8,1,0.375,0.9272748227972109,0.5874133933835426,-0.33986142941366826,False
Строительство и ремонт,количество контуров,2,7,3,0,9,3,0.2222222222222222,0.7837222870478413,0.42275795965994334,-0.36096432738789797,False
Аптека,мнн/действующее вещество,1,4,1,2,5,3,0.2,0.9272748227972109,0.5636374113986055,-0.3636374113986054,False
Аптека,противопоказания,34,30,1,2,64,3,0.53125,0.9272748227972109,0.5599474509273341,-0.36732737186987674,False
Спорт и отдых,вид велозамка,3,10,0,0,13,0,0.23076923076923078,0.7404275591020069,0.37234098863944637,-0.3680865704625605,False
Аптека,вид массажа,2,5,0,0,7,0,0.2857142857142857,0.9272748227972109,0.5530311761655046,-0.3742436466317063,False
Аптека,показания,4,7,1,0,11,1,0.36363636363636365,0.9272748227972109,0.5397733821241284,-0.38750144067308245,False
Аптека,особые указания,12,14,0,0,26,0,0.46153846153846156,0.9272748227972109,0.5366572294834211,-0.39061759331378976,False
Аптека,передозировка,5,8,0,3,13,3,0.38461538461538464,0.9272748227972109,0.5353541174436697,-0.3919207053535412,False
Аптека,лекарственная форма,1,6,1,1,7,2,0.14285714285714285,0.9272748227972109,0.4696978428321712,-0.45757697996503965,False
Аптека,фармакологическое действие,2,8,0,0,10,0,0.2,0.9272748227972109,0.44242494093240364,-0.4848498818648072,False
Аптека,состав,171,232,7,12,403,19,0.42431761786600497,0.9272748227972109,0.430481309102907,-0.49679351369430386,False
Аптека,гарантийный срок,3,10,1,5,13,6,0.23076923076923078,0.9272748227972109,0.42424300633255857,-0.5030318164646523,False
Аптека,текстура,9,33,5,10,42,15,0.21428571428571427,0.9272748227972109,0.2901356194465118,-0.6371392033506991,False
